task,seed,subset_id,protocol,sample_size,repeat,model,fit_success,fit_error,fit_seconds,alpha_pre,alpha_post,e_alpha,delta_others_max,m4_correct,switch_detected,switch_status,switch_location,alpha_pre_du,alpha_pre_dv,alpha_pre_dw,alpha_pre_roll,alpha_pre_pitch,alpha_pre_yaw,delta_du,delta_dv,delta_dw,delta_roll,delta_pitch,delta_yaw
keyed,20260818,4,qualified,8,1,Frame-weighted (SE(3)),True,,0.00665248600034829,0.7931936995536886,0.7510551690169919,0.16153951606114922,0.042138530536696805,False,False,right_censored,,0.7931936995536885,0.7931936995536885,0.7931936995536885,0.7931936995536885,0.7931936995536885,0.7931936995536885,0.042138530536696805,0.042138530536696805,0.042138530536696805,0.042138530536696805,0.042138530536696805,0.042138530536696805
keyed,20260818,4,qualified,8,1,Full operator (SE(3)),True,,0.0006865529999231512,0.8253620612886431,0.1953799931497534,0.09312602220109086,-0.17742610896439737,True,True,detected,0.5972889138503339,0.7928173169799689,0.7964342122095072,0.7430979547678305,0.8224995161669935,0.8237714606427626,0.825362061288643,-0.20578888846642096,-0.21484498168753552,-0.2600262868001295,-0.17925224314158394,-0.17742610896439737,0.6299820681388895
keyed,20260818,4,qualified,8,1,Pdiag pointwise (SE(3)),True,,0.01659870299999966,0.8162850328051537,0.20183993671081402,0.1963785222574837,-0.13935072235191814,True,True,detected,0.6004331045901043,0.2773631476684988,1.2418889770631498,0.5292501850758621,0.8366656729714999,0.8128310882570169,0.8162850328051537,-0.21438119315791265,-0.13935072235191814,-0.4056917664216726,-0.1661795090178404,-0.18859797575605275,0.6144450960943397
keyed,20260818,4,qualified,8,1,Pdiag finite (SE(3)),True,,9.559251996000057,0.7217310893007628,0.2968038045346672,0.11014017202863059,-0.015435983945087384,False,True,detected,0.6080269750253811,0.8637273525506722,0.7293178919987744,0.7418842935738624,0.8043170853461494,0.8215569748161644,0.7217310893007628,-0.015435983945087384,-0.21256380684332887,-0.26287686043752234,-0.21747816840607803,-0.19656292376320872,0.4249272847660956
keyed,20260818,2,random,8,2,Frame-weighted (SE(3)),True,,0.0027076589999524003,0.4109127200274767,0.38880322065647754,0.3661508079267895,0.022109499370999264,False,True,detected,0.6030700169223342,0.41091272002747664,0.41091272002747664,0.41091272002747664,0.41091272002747664,0.41091272002747664,0.41091272002747664,0.022109499370999264,0.022109499370999264,0.022109499370999264,0.022109499370999264,0.022109499370999264,0.022109499370999264
keyed,20260818,2,random,8,2,Full operator (SE(3)),True,,0.0003587650003282761,0.8441400176680502,0.22988407686140605,0.11056727545488494,-0.11501094459987338,True,True,detected,0.6142435498078234,0.7967669139291751,0.8854108488534688,0.4680428373698642,0.8404898105663521,0.8278091443184,0.8441400176680501,-0.20524336185967496,-0.11501094459987338,-0.38302902021613605,-0.1546176585112814,-0.17324140964789592,0.6142559408066439
keyed,20260818,2,random,8,2,Pdiag pointwise (SE(3)),True,,0.0059237350001239975,0.8269881406635795,0.22235800830816976,0.5902143683092934,-0.11107744069338588,True,True,detected,0.6099031289834549,-0.630633754277485,-0.16698522959604684,0.6823473729233673,0.81680408889698,0.8190306585493176,0.8269881406635797,-0.42625848498159025,-0.3823478145016277,-0.11107744069338588,-0.18322591710677794,-0.1813686503030275,0.6046301323554099
keyed,20260818,2,random,8,2,Pdiag finite (SE(3)),True,,18.685875269999997,0.7872049678462407,0.2786795087988522,0.09783695529272715,-0.10261793114953921,True,True,detected,0.6152309627287254,0.7950882478811226,0.7185675371681823,0.9096908093254392,0.8262847832422756,0.806185020555651,0.7872049678462409,-0.17704865195340336,-0.24410178155073314,-0.10261793114953921,-0.13855543569544304,-0.23906384414026205,0.5085254590473887
keyed,20260818,10,qualified,15,1,Frame-weighted (SE(3)),True,,0.002689332000045397,0.6366882980245725,0.6539299860942361,0.20491895153493908,-0.01724168806966353,False,False,right_censored,,0.6366882980245725,0.6366882980245725,0.6366882980245725,0.6366882980245725,0.6366882980245725,0.6366882980245725,-0.01724168806966353,-0.01724168806966353,-0.01724168806966353,-0.01724168806966353,-0.01724168806966353,-0.01724168806966353
keyed,20260818,10,qualified,15,1,Full operator (SE(3)),True,,0.0003259099999013415,0.824634046392091,0.20580924001512538,0.0854588972088185,-0.1675156588012281,True,True,detected,0.6036584542244624,0.8180725611174405,0.7747391025576421,0.8551899894943211,0.8363278007429513,0.8169126982119889,0.824634046392091,-0.18554886596899067,-0.23037240569994777,-0.18664983251418632,-0.1675156588012281,-0.18064721199265688,0.6188248063769656
keyed,20260818,10,qualified,15,1,Pdiag pointwise (SE(3)),True,,0.005853951999597484,0.8212453575476364,0.20702813081587554,0.15442999501672444,-0.1779855172433764,True,True,detected,0.603817859412705,0.5660954999575885,0.3569571862373969,0.650381803465338,0.8188813965347602,0.8203944231322055,0.8212453575476366,-0.2814054213260403,-0.28813354356392995,-0.35130492245086165,-0.18353958828861006,-0.1779855172433764,0.6142172267317612
keyed,20260818,10,qualified,15,1,Pdiag finite (SE(3)),True,,25.068255922999924,0.7551655880468567,0.29558158179891914,0.1099673927188986,-0.16913947793331985,False,True,detected,0.6111099448333213,0.7534520812006659,0.7321880757624247,0.7268326335751526,0.7987157043471433,0.7599401690256361,0.7551655880468564,-0.16913947793331985,-0.29232184283892904,-0.2813009679316615,-0.1957204931538563,-0.17804230189751657,0.4595840062479372
keyed,20260818,3,qualified,8,0,Frame-weighted (SE(3)),True,,0.006484103000275354,0.7333279721010456,0.7608163516402855,0.1911453412887834,-0.02748837953923977,False,False,right_censored,,0.7333279721010456,0.7333279721010456,0.7333279721010456,0.7333279721010456,0.7333279721010456,0.7333279721010456,-0.02748837953923977,-0.02748837953923977,-0.02748837953923977,-0.02748837953923977,-0.02748837953923977,-0.02748837953923977
keyed,20260818,3,qualified,8,0,Full operator (SE(3)),True,,0.0006875019998915377,0.8227321184723928,0.19859490514420955,0.5547653160922955,-0.05990300356802902,True,True,detected,0.6048927770238811,0.5207506255302298,0.994520705615364,-0.19819133453737725,0.8121181612187212,0.837699835094736,0.8227321184723927,-0.4581812259419714,-0.05990300356802902,-1.0755151184820875,-0.18769744816867584,-0.17369717577166832,0.6241372133281831
keyed,20260818,3,qualified,8,0,Pdiag pointwise (SE(3)),True,,0.01641483799994603,0.8354680547409474,0.2085075642344055,0.4094010221400747,0.019329405155660062,True,True,detected,0.6024155780821806,-0.45920735394358053,1.2893109596478072,0.5740213422492844,0.8248829033903385,0.8222125681501123,0.8354680547409477,-0.6585535924603366,0.019329405155660062,-0.4695658767399786,-0.17560319632613475,-0.17969347136644387,0.6269604905065421
keyed,20260818,3,qualified,8,0,Pdiag finite (SE(3)),True,,25.26277236299984,0.8420201894751426,0.2888280812547594,0.10298387419859893,0.06989887846654552,True,True,detected,0.6091055736449277,0.6548197373973262,1.0276296084526266,0.7614241676193171,0.7912069994509153,0.8057739498606525,0.8420201894751425,-0.44310608880010227,0.06989887846654552,-0.23603217874455018,-0.19440393712611492,-0.2410031868674819,0.553192108220383
keyed,20260818,11,qualified,15,2,Frame-weighted (SE(3)),True,,0.006783472000279289,0.5581956829400396,0.6205520620894509,0.22773333912136973,-0.062356379149411056,False,False,right_censored,,0.5581956829400396,0.5581956829400396,0.5581956829400396,0.5581956829400396,0.5581956829400396,0.5581956829400396,-0.062356379149411056,-0.062356379149411056,-0.062356379149411056,-0.062356379149411056,-0.062356379149411056,-0.062356379149411056
keyed,20260818,11,qualified,15,2,Full operator (SE(3)),True,,0.0006774469998163113,0.8156237334954182,0.21521446830647137,0.08788745078131946,-0.12849871225436216,True,True,detected,0.6037289547256721,0.8119904031555627,0.7364419665474317,0.9490606076829127,0.7979379762400677,0.8322862216667319,0.8156237334954182,-0.18593641680289885,-0.2618829441771411,-0.12849871225436216,-0.2012047630647269,-0.16820075046843286,0.6004092651889468
keyed,20260818,11,qualified,15,2,Pdiag pointwise (SE(3)),True,,0.01684580700020888,0.8169512436734294,0.2115501461910461,0.23068973583547078,-0.15127113852019503,True,True,detected,0.6027087904892873,-0.07176809970424483,0.5064943817201297,0.9366888646049203,0.7959900928389171,0.8233636019906431,0.8169512436734295,-0.3849646806459891,-0.2728270182272525,-0.15127113852019503,-0.2022453225041403,-0.17743525440760044,0.6054010974823834
keyed,20260818,11,qualified,15,2,Pdiag finite (SE(3)),True,,29.40924885300001,0.7996127030354009,0.28390660171940235,0.10070661305659975,-0.15807308357391692,True,True,detected,0.6094187732575899,0.7772167338035075,0.6858001700621112,0.8338044511914374,0.7798759391590913,0.8138823399112398,0.7996127030354009,-0.20206678257720623,-0.26175361857996704,-0.15807308357391692,-0.18324252720987966,-0.20080907892859678,0.5157061013159985
keyed,20260818,8,random,15,2,Frame-weighted (SE(3)),True,,0.0027191310000489466,0.8708258765570797,0.8285932997837879,0.1372756017890175,0.04223257677329206,False,False,right_censored,,0.8708258765570798,0.8708258765570798,0.8708258765570798,0.8708258765570798,0.8708258765570798,0.8708258765570798,0.04223257677329206,0.04223257677329206,0.04223257677329206,0.04223257677329206,0.04223257677329206,0.04223257677329206
keyed,20260818,8,random,15,2,Full operator (SE(3)),True,,0.00034454299975550384,0.8126507289285059,0.2047316907490394,0.14656829861460752,-0.19885837780029514,True,True,detected,0.6004714254370552,0.714826772530415,0.6370673994009898,0.6350964681610742,0.8007773476002246,0.7720072935274348,0.8126507289285059,-0.28193680423596246,-0.3598198183601722,-0.41462042945314637,-0.19885837780029514,-0.226168294146037,0.6079190381794665
keyed,20260818,8,random,15,2,Pdiag pointwise (SE(3)),True,,0.005816072000015993,0.8164502106644806,0.20819768525743967,0.1340451608088355,-0.024123168287591645,True,True,detected,0.6018214233965699,1.2823168465375492,0.6538683469860155,0.993964230326532,0.7975470313951313,0.7687035277593516,0.8164502106644808,-0.14073099032212566,-0.2025324286731236,-0.024123168287591645,-0.20127350613074624,-0.22927337427693228,0.6082525254070412
keyed,20260818,8,random,15,2,Pdiag finite (SE(3)),True,,29.579549511000096,0.7663648849305987,0.27332294170062094,0.10074669033594483,-0.025248089960246523,False,True,detected,0.6061908690071265,0.7186976852966231,0.8364672238379116,0.9752241123748315,0.8678711505098231,0.7897699375090821,0.7663648849305988,-0.3399486750628089,-0.16977294162221201,-0.025248089960246523,-0.12438343349640513,-0.19828848004742128,0.49304194322997785
keyed,20270818,0,random,8,0,Frame-weighted (SE(3)),True,,0.006888742999763053,0.47379086881069477,0.48711241077937584,0.2919544330172962,-0.013321541968680961,False,True,detected,0.6275104484967845,0.4737908688106948,0.4737908688106948,0.4737908688106948,0.4737908688106948,0.4737908688106948,0.4737908688106948,-0.013321541968680961,-0.013321541968680961,-0.013321541968680961,-0.013321541968680961,-0.013321541968680961,-0.013321541968680961
keyed,20270818,0,random,8,0,Full operator (SE(3)),True,,0.0006581450002158817,0.8160881173693758,0.20465995209533452,0.08789490162181961,0.02405639934858006,True,True,detected,0.6029200808267726,0.8651238496004247,0.8624241922997649,1.2253012397780116,0.8118644443990002,0.8144589638094624,0.8160881173693759,-0.13407234677429092,-0.12419990121016322,0.02405639934858006,-0.1703972855204321,-0.18720017028145297,0.6114281652740414
keyed,20270818,0,random,8,0,Pdiag pointwise (SE(3)),True,,0.017697279999993043,0.8214919532886578,0.21029477734878121,0.264424199397947,-0.03508214766945372,True,True,detected,0.6020465384816133,0.12040377717634598,0.06411531024494001,0.8050598574521254,0.7961143459555028,0.8224241491417575,0.8214919532886575,-0.3047640942060086,-0.31157203486448504,-0.03508214766945372,-0.17150871121103461,-0.17703931647071047,0.6111971759398763
keyed,20270818,0,random,8,0,Pdiag finite (SE(3)),True,,9.878127506000055,0.710922154303587,0.2830128045904067,0.10474342938946668,-0.04535327401449041,False,True,detected,0.6067561990367275,0.8606645719342682,0.6171799755831741,0.8405041531842055,0.6614642089413998,0.8314271741566209,0.7109221543035867,-0.15382781186593342,-0.22598490796342097,-0.04535327401449041,-0.1347425383811891,-0.17646728632130804,0.42790934971318006
keyed,20260818,0,random,8,0,Frame-weighted (SE(3)),True,,0.0066560989998833975,0.466573913264751,0.4911647795664686,0.2935294043484265,-0.024590866301717584,False,True,detected,0.6288928631217245,0.466573913264751,0.466573913264751,0.466573913264751,0.466573913264751,0.466573913264751,0.466573913264751,-0.024590866301717584,-0.024590866301717584,-0.024590866301717584,-0.024590866301717584,-0.024590866301717584,-0.024590866301717584
keyed,20260818,0,random,8,0,Full operator (SE(3)),True,,0.0006890419999763253,0.8227289896675123,0.2147067239286872,0.09397599160994635,0.0011955876436131607,True,True,detected,0.6041452329534583,0.8279857518681399,0.7703367955296615,1.2074937022619896,0.7992704856509968,0.8169608283033554,0.8227289896675123,-0.17620131719655818,-0.21826603548892376,0.0011955876436131607,-0.20006256282039658,-0.18329667863983956,0.608022265738825
keyed,20260818,0,random,8,0,Pdiag pointwise (SE(3)),True,,0.016677676000199426,0.8177998364703424,0.2039290631209318,0.26948649008693576,-0.038863606766136316,True,True,detected,0.6007940206780552,0.08776445081161757,0.05650969305234915,0.8156602249334246,0.8161524355330105,0.8311233521859083,0.8177998364703426,-0.3380713685018061,-0.3262612802298543,-0.038863606766136316,-0.1827648657794294,-0.16901697336572075,0.6138707733494109
keyed,20260818,0,random,8,0,Pdiag finite (SE(3)),True,,37.333877412999755,0.7053499145810557,0.2794571506845323,0.10749008191623555,-0.05503863031579137,False,True,detected,0.605761970202979,0.8297318787545396,0.598244966998262,0.8435663550791689,0.6579977220180698,0.8319236830318889,0.7053499145810557,-0.18707461463871544,-0.2508091437211658,-0.05503863031579137,-0.13630341207894836,-0.17842800837351136,0.42589276389652336
keyed,20260818,5,qualified,8,2,Frame-weighted (SE(3)),True,,0.006614390999857278,0.9483322108015321,0.9219032135759777,0.16459961056859054,0.02642899722555414,False,False,right_censored,,0.9483322108015318,0.9483322108015318,0.9483322108015318,0.9483322108015318,0.9483322108015318,0.9483322108015318,0.02642899722555414,0.02642899722555414,0.02642899722555414,0.02642899722555414,0.02642899722555414,0.02642899722555414
keyed,20260818,5,qualified,8,2,Full operator (SE(3)),True,,0.0007440809999934572,0.8040448071548286,0.18822169585247928,1.9949121204397746,-0.09777318658969036,True,True,detected,0.5954478576794381,0.8608202898193728,-1.3383756738991548,0.7966318561034889,0.8181973784250672,0.8331136979044558,0.8040448071548286,-0.14333371751147783,-2.201934987812935,-0.09777318658969036,-0.18699806872968494,-0.1616053326578919,0.6158231113023495
keyed,20260818,5,qualified,8,2,Pdiag pointwise (SE(3)),True,,0.016507451000052242,0.8178885774208989,0.2061559538120288,0.14556174510341793,-0.1328942066449048,True,True,detected,0.6020270485666516,1.3342794875041033,0.6640426054280657,0.8168438228478349,0.8139623567712939,0.8205192741823886,0.817888577420899,-0.1328942066449048,-0.32097508679838926,-0.22063841144488394,-0.18693355929685507,-0.1795797286653078,0.6117326236088703
keyed,20260818,5,qualified,8,2,Pdiag finite (SE(3)),True,,37.57918466399997,0.7913219899574928,0.2772885446203096,0.10990191509958804,-0.15218424508902006,True,True,detected,0.6079801689129215,0.7803984282984046,0.6941019662358517,0.8415642920398256,0.8293387231424163,0.828264500858731,0.7913219899574926,-0.2662003539147161,-0.21905857123926142,-0.16776747738630293,-0.22236535270810553,-0.15218424508902006,0.514033445337183
keyed,20270818,3,qualified,8,0,Frame-weighted (SE(3)),True,,0.002832171000136441,0.7760596772630408,0.7607210326079215,0.15858964348599694,0.015338644655119804,False,False,right_censored,,0.7760596772630408,0.7760596772630408,0.7760596772630408,0.7760596772630408,0.7760596772630408,0.7760596772630408,0.015338644655119804,0.015338644655119804,0.015338644655119804,0.015338644655119804,0.015338644655119804,0.015338644655119804
keyed,20270818,3,qualified,8,0,Full operator (SE(3)),True,,0.00031818600018596044,0.8266990912758436,0.2125527693306905,0.11728201135446616,-0.0769277525889932,True,True,detected,0.6029677586664551,0.9231490459472259,0.816895928049513,0.6773335063337029,0.8221724859695868,0.820905544298207,0.8266990912758435,-0.0769277525889932,-0.22826361184859445,-0.1812984396265318,-0.17678091409141705,-0.1764398975432535,0.6141463219451528
keyed,20270818,3,qualified,8,0,Pdiag pointwise (SE(3)),True,,0.006741420999787806,0.8205267295848363,0.20204809640765833,0.2850409131497455,-0.11621333468641826,True,True,detected,0.6007941379860817,-0.27288985519515957,1.1581566640199785,0.854542447019407,0.829576112250739,0.813656164705124,0.8205267295848361,-0.4814164535153329,-0.11621333468641826,-0.18855759447306175,-0.1685720427845152,-0.1872219101941256,0.6184786331771779
keyed,20270818,3,qualified,8,0,Pdiag finite (SE(3)),True,,12.841103179999664,0.8009230811103214,0.28214905122319434,0.09599185545432283,-0.0538530009497018,True,True,detected,0.6071231176579643,0.7029346571537122,0.9077076847154951,0.8831215849631293,0.8374075270537485,0.793413913674131,0.8009230811103215,-0.4075420646067348,-0.0538530009497018,-0.1136319924806547,-0.1495442715173062,-0.2548030965510836,0.5187740298871272
keyed,20270818,4,qualified,8,1,Frame-weighted (SE(3)),True,,0.0026447619998180016,0.7939302493467965,0.7494771792351337,0.16264279218825636,0.044453070111662885,False,False,right_censored,,0.7939302493467965,0.7939302493467965,0.7939302493467965,0.7939302493467965,0.7939302493467965,0.7939302493467965,0.044453070111662885,0.044453070111662885,0.044453070111662885,0.044453070111662885,0.044453070111662885,0.044453070111662885
keyed,20270818,4,qualified,8,1,Full operator (SE(3)),True,,0.00029006500017203507,0.8115313874819292,0.19733539868977068,0.09788407620390444,-0.17964485274583797,True,True,detected,0.5966687892417439,0.7968681218856857,0.7425986501994353,0.787686230470124,0.8167101977582715,0.817750526942985,0.8115313874819293,-0.2027794195650794,-0.2634414254216628,-0.22080892318308276,-0.17964485274583797,-0.18087112721190812,0.6141959887921586
keyed,20270818,4,qualified,8,1,Pdiag pointwise (SE(3)),True,,0.006347891000132222,0.8102612950523438,0.20330591424559086,0.19042799845700606,-0.14298505436729259,True,True,detected,0.5994232445739482,0.25696697715488126,1.2333197387277757,0.6009835370890099,0.816787226403571,0.8102495148866489,0.8102612950523436,-0.2363561619499827,-0.14298505436729259,-0.3299129455773625,-0.18137531533809892,-0.18768962535130151,0.6069553808067527
keyed,20270818,4,qualified,8,1,Pdiag finite (SE(3)),True,,8.689979812000274,0.7311452035123568,0.29817610127949423,0.10832544370747366,-0.03795930461234087,False,True,detected,0.6067826873646442,0.842065442631452,0.7029323906336421,0.8181617026517551,0.8224615023077798,0.8150016542592209,0.7311452035123568,-0.03795930461234087,-0.23400707318446867,-0.1829830403797179,-0.19906486059238848,-0.20161568727524082,0.43296910223286256
keyed,20260818,14,random,30,2,Frame-weighted (SE(3)),True,,0.007308501999887085,0.6769403838088468,0.65674017336438,0.1890528781074534,0.02020021044446685,False,False,right_censored,,0.6769403838088468,0.6769403838088468,0.6769403838088468,0.6769403838088468,0.6769403838088468,0.6769403838088468,0.02020021044446685,0.02020021044446685,0.02020021044446685,0.02020021044446685,0.02020021044446685,0.02020021044446685
keyed,20260818,14,random,30,2,Full operator (SE(3)),True,,0.0007045309998829907,0.8281538783676747,0.21109190373906575,0.0949717628143828,-0.05850928614903084,True,True,detected,0.6042581360402198,0.789227612888909,0.9418626119625071,0.6958067337635964,0.8238325879677489,0.8248673882241369,0.8281538783676748,-0.20909268258456037,-0.05850928614903084,-0.28333847824074965,-0.1768608217692994,-0.174334732360226,0.6170619746286092
keyed,20260818,14,random,30,2,Pdiag pointwise (SE(3)),True,,0.011132416999771522,0.8250080409409989,0.21300896422474136,0.16653007614512352,-0.17652508465717143,True,True,detected,0.6054891228780344,0.6225489349152687,0.2929190648124424,0.6746687762039218,0.815347668158805,0.8230426141825679,0.8250080409409988,-0.23294158671594467,-0.2179939134775301,-0.3248241809840491,-0.18513089736639454,-0.17652508465717143,0.6119990767162574
keyed,20260818,14,random,30,2,Pdiag finite (SE(3)),True,,59.718475080999724,0.7864914940866149,0.28910125710416135,0.0921468780415744,-0.15347720225320094,False,True,detected,0.6120684715502906,0.7912334890577823,0.8508649973235382,0.8058202291936793,0.8277111064469497,0.8241361901625005,0.7864914940866147,-0.15347720225320094,-0.18457465009114082,-0.20276623371115243,-0.1580014409363747,-0.18210990290656015,0.4973902369824533
keyed,20260818,9,qualified,15,0,Frame-weighted (SE(3)),True,,0.006672645999969973,0.6962230078747402,0.6746184902142494,0.18670596954883442,0.021604517660490652,False,False,right_censored,,0.69622300787474,0.69622300787474,0.69622300787474,0.69622300787474,0.69622300787474,0.69622300787474,0.021604517660490652,0.021604517660490652,0.021604517660490652,0.021604517660490652,0.021604517660490652,0.021604517660490652
keyed,20260818,9,qualified,15,0,Full operator (SE(3)),True,,0.0006806440001128067,0.8227529075210035,0.2144963108599352,0.13217547078467315,-0.011750901118189994,True,True,detected,0.6048615850174855,0.5654832986045425,0.8255325950767055,0.92608554944915,0.824700915218317,0.7748536028320393,0.8227529075210035,-0.4334806316386022,-0.16907961693808138,-0.011750901118189994,-0.17566189207939054,-0.2224167432704357,0.6082565966610683
keyed,20260818,9,qualified,15,0,Pdiag pointwise (SE(3)),True,,0.01660247600011644,0.8190657325701346,0.21059225128293751,0.17013877203055666,-0.18201911816059235,True,True,detected,0.6038691081249113,0.85589521030887,0.36802548559933324,0.7048980928141027,0.817557134368341,0.7713902281382728,0.8190657325701345,-0.2672442539666873,-0.19780015567731024,-0.2982433982301569,-0.18201911816059235,-0.22528750214471727,0.608473481287197
keyed,20260818,9,qualified,15,0,Pdiag finite (SE(3)),True,,65.90367425500017,0.7714994181959289,0.2801112718590701,0.10635777334218717,0.001092281155985253,False,True,detected,0.6094971435180484,0.6833901633696604,0.9621878000311568,0.8677184704354407,0.8419044324190698,0.8009374098837341,0.7714994181959289,-0.2512170080439208,0.001092281155985253,-0.13541229956311163,-0.11406329516884162,-0.2606990978762167,0.4913881463368588
keyed,20270818,2,random,8,2,Frame-weighted (SE(3)),True,,0.0066691340002762445,0.3993678572069582,0.382924073545467,0.3766008927194852,0.01644378366149135,False,True,detected,0.5977046566791837,0.3993678572069582,0.3993678572069582,0.3993678572069582,0.3993678572069582,0.3993678572069582,0.3993678572069582,0.01644378366149135,0.01644378366149135,0.01644378366149135,0.01644378366149135,0.01644378366149135,0.01644378366149135
keyed,20270818,2,random,8,2,Full operator (SE(3)),True,,0.0006170399997245113,0.8218811640551905,0.19307140347962912,0.13240863243162823,-0.1494874093897638,True,True,detected,0.5986019342640001,0.780856914518171,0.8060812120048985,0.39939402310333016,0.8048015700995527,0.8078501764764323,0.8218811640551906,-0.2171394636038092,-0.16318234833568313,-0.44107124193580993,-0.1494874093897638,-0.19129933392455678,0.6288097605755615
keyed,20270818,2,random,8,2,Pdiag pointwise (SE(3)),True,,0.017056125000181055,0.8294248066027669,0.2162976122630435,0.634195302459846,-0.05385159810446205,True,True,detected,0.6062192342503774,-0.6734889268222888,-0.27483738163678223,0.7254687679279441,0.8126556050526811,0.8183808447049401,0.8294248066027669,-0.46966369702019295,-0.4789345425408389,-0.05385159810446205,-0.1796792344831305,-0.18128603979754976,0.6131271943397235
keyed,20270818,2,random,8,2,Pdiag finite (SE(3)),True,,41.054412838999724,0.8095935918098961,0.2732999750230129,0.1111091644710478,-0.08001542708928266,True,True,detected,0.6118201979487793,0.7255626283213809,0.6505670455466269,0.9169894744810313,0.8389546400403489,0.7990793334188429,0.8095935918098961,-0.24005428922601912,-0.30390528244933046,-0.08001542708928266,-0.1267904632778546,-0.24084285307347142,0.5362936167868831
keyed,20270818,5,qualified,8,2,Frame-weighted (SE(3)),True,,0.007418520000101125,0.9736875211478977,0.9187580947275871,0.1568853297152051,0.05492942642031029,False,False,right_censored,,0.9736875211478978,0.9736875211478978,0.9736875211478978,0.9736875211478978,0.9736875211478978,0.9736875211478978,0.05492942642031029,0.05492942642031029,0.05492942642031029,0.05492942642031029,0.05492942642031029,0.05492942642031029
keyed,20270818,5,qualified,8,2,Full operator (SE(3)),True,,0.0006904759998178633,0.8098906159803926,0.2163284964257991,0.9944668849175217,0.02444249383212338,True,True,detected,0.6063673945152275,0.8562455098840281,-0.4273502910403329,0.9137655921647679,0.8232890208695102,0.8537926971572919,0.8098906159803928,-0.1422531662477654,-1.2597641084735522,0.02444249383212338,-0.17519576431428463,-0.1496971760220126,0.5935621195545938
keyed,20270818,5,qualified,8,2,Pdiag pointwise (SE(3)),True,,0.019099834999906307,0.8216174442933544,0.1984067857951367,0.1345344109677517,-0.10854374957961577,True,True,detected,0.5987586318852729,1.3354570151210579,0.716874552864587,0.9206108280952052,0.8116359559867418,0.8190359966046965,0.8216174442933546,-0.12960523804121227,-0.2839495748033285,-0.10854374957961577,-0.18836736860631687,-0.17939493309810306,0.6232106584982179
keyed,20270818,5,qualified,8,2,Pdiag finite (SE(3)),True,,42.111763260000316,0.7792025111189438,0.27113039860934623,0.10579041240930996,-0.0816500399867558,True,True,detected,0.6045870080030818,0.7858750330845407,0.7099827797879367,0.9200170365288284,0.812501291225648,0.8268036049989367,0.7792025111189438,-0.26041830039409464,-0.21706738095263645,-0.0816500399867558,-0.23090619246443933,-0.15118353042933663,0.5080721125095975
keyed,20270818,10,qualified,15,1,Frame-weighted (SE(3)),True,,0.003036033000171301,0.6480268242241067,0.65478774587624,0.19750058564519535,-0.006760921652133378,False,False,right_censored,,0.6480268242241067,0.6480268242241067,0.6480268242241067,0.6480268242241067,0.6480268242241067,0.6480268242241067,-0.006760921652133378,-0.006760921652133378,-0.006760921652133378,-0.006760921652133378,-0.006760921652133378,-0.006760921652133378
keyed,20270818,10,qualified,15,1,Full operator (SE(3)),True,,0.0003453469998930814,0.8121359185147994,0.20782657863495976,0.08413893960274302,-0.1253683211518256,True,True,detected,0.6032736895187986,0.830436857874411,0.7845476044295713,0.9343092225723987,0.8128649014142049,0.8112933481922819,0.8121359185147995,-0.17023772452657515,-0.22068747303613245,-0.1253683211518256,-0.18690312080933535,-0.18997828684353602,0.6043093398798396
keyed,20270818,10,qualified,15,1,Pdiag pointwise (SE(3)),True,,0.007280011000148079,0.8108505539605774,0.2077180090846837,0.14171779151409333,-0.187403171386331,True,True,detected,0.6030735804275569,0.5767206336656695,0.3522112422786421,0.7547932702383862,0.8075207446533846,0.8122926419977883,0.8108505539605774,-0.27143970892737135,-0.2908680213419188,-0.2549335203029681,-0.19280261852682934,-0.187403171386331,0.6031325448758939
keyed,20270818,10,qualified,15,1,Pdiag finite (SE(3)),True,,18.63407772399978,0.7561706193580359,0.29525257232435237,0.10062495953487204,-0.15916119555740416,False,True,detected,0.6099825421466051,0.7643270025411466,0.7287091569362464,0.839468658174698,0.8044625455314752,0.7603048486914021,0.7561706193580359,-0.15916119555740416,-0.2951028285093332,-0.1764194911412862,-0.19243400862657367,-0.17727270108435478,0.4609180470336834
keyed,20270818,9,qualified,15,0,Frame-weighted (SE(3)),True,,0.0031189110000013898,0.7313705978862036,0.6754456543246684,0.1646897546978802,0.0559249435615351,False,False,right_censored,,0.7313705978862035,0.7313705978862035,0.7313705978862035,0.7313705978862035,0.7313705978862035,0.7313705978862035,0.0559249435615351,0.0559249435615351,0.0559249435615351,0.0559249435615351,0.0559249435615351,0.0559249435615351
keyed,20270818,9,qualified,15,0,Full operator (SE(3)),True,,0.00035189199979868135,0.8193792635594517,0.21070328610616873,0.12539280610539932,0.1292391382607384,True,True,detected,0.604186238794909,0.6589538794236921,0.8294767322796663,1.0607796503743419,0.8195621312355402,0.7722080840373187,0.8193792635594518,-0.34613193055633185,-0.16385941323317776,0.1292391382607384,-0.17866882914138182,-0.22745425867851976,0.6086759774532831
keyed,20270818,9,qualified,15,0,Pdiag pointwise (SE(3)),True,,0.007122532999801479,0.8173846923639662,0.21003076411843605,0.14675384828049806,-0.017727422488785227,True,True,detected,0.6035253801189958,0.939683272256191,0.2742256368374385,0.9864872024808641,0.8093680246359967,0.7654056538031423,0.8173846923639659,-0.1902828940531247,-0.29051805603984604,-0.017727422488785227,-0.18959517695561312,-0.2335606712473538,0.6073539282455299
keyed,20270818,9,qualified,15,0,Pdiag finite (SE(3)),True,,26.2030687030001,0.7797474876474315,0.28027563434156383,0.10144910881946406,-0.037266348141721584,False,True,detected,0.6093137688202318,0.7038221688328682,0.8731073491480789,0.9659916967721413,0.8540361261556112,0.7961411923925487,0.7797474876474314,-0.23890447604678322,-0.08505364293228646,-0.037266348141721584,-0.09847504033146393,-0.2685235199521937,0.4994718533058677
keyed,20260818,15,qualified,30,0,Frame-weighted (SE(3)),True,,0.0072708170000623795,0.5666615976503114,0.7657388220403897,0.22393308103720774,-0.19907722439007824,False,False,right_censored,,0.5666615976503114,0.5666615976503114,0.5666615976503114,0.5666615976503114,0.5666615976503114,0.5666615976503114,-0.19907722439007824,-0.19907722439007824,-0.19907722439007824,-0.19907722439007824,-0.19907722439007824,-0.19907722439007824
keyed,20260818,15,qualified,30,0,Full operator (SE(3)),True,,0.0007035050002741627,0.2937310926976506,0.7271999285846605,0.24374843542420432,0.028207151302168443,False,True,detected,0.75,0.8055457717408006,0.753019316678539,0.9826749361195576,0.8092203089474811,0.8217704179491955,0.2937310926976506,-0.18416050090375136,-0.24601228189643143,0.028207151302168443,-0.19307392237616272,-0.1780597560921885,-0.43346883588700974
keyed,20260818,15,qualified,30,0,Pdiag pointwise (SE(3)),True,,0.011918427999717096,0.43871657181759893,0.5847300673685389,0.2372123119096895,-0.1253512133685325,False,True,detected,0.75,0.5006178551990235,0.2947576326050086,0.9136266672721299,0.8016078479948981,0.8206017218026596,0.43871657181759893,-0.23504886556326354,-0.3116816742603728,-0.1253512133685325,-0.2009682983018629,-0.17942199608724407,-0.14601349555094
keyed,20260818,15,qualified,30,0,Pdiag finite (SE(3)),True,,86.16000617500004,0.819581869045338,0.2789561779546507,0.0991348088896596,-0.0795124234769059,True,True,detected,0.6192647626543979,0.8168843350167062,0.7626264741189153,0.9219336838165927,0.8345477969233063,0.816210069907373,0.8195818690453379,-0.16454808642330587,-0.23610322507931936,-0.0795124234769059,-0.16812014768768735,-0.17126891363761776,0.540625691090687
keyed,20260818,17,qualified,30,2,Frame-weighted (SE(3)),True,,0.00696936900021683,0.8697210562912846,0.8074640858294561,0.1512226084197072,0.062256970461828876,False,False,right_censored,,0.8697210562912848,0.8697210562912848,0.8697210562912848,0.8697210562912848,0.8697210562912848,0.8697210562912848,0.062256970461828876,0.062256970461828876,0.062256970461828876,0.062256970461828876,0.062256970461828876,0.062256970461828876
keyed,20260818,17,qualified,30,2,Full operator (SE(3)),True,,0.0006392199998117576,0.8132954581782117,0.2099023804219805,0.09779267888465935,-0.07501362583431881,True,True,detected,0.6042547292798062,0.7268153764659515,0.7542409634493614,0.9404635307116134,0.8101464012313407,0.8052061487952542,0.8132954581782117,-0.26804845867710747,-0.24470415955503322,-0.07501362583431881,-0.19115199806927252,-0.19465600483821976,0.6033930777562313
keyed,20260818,17,qualified,30,2,Pdiag pointwise (SE(3)),True,,0.016889776999960304,0.8152202296745078,0.21076159878419756,0.10058174989954848,-0.11734010126691152,True,True,detected,0.6043146189473201,0.9258775143936275,0.917775986433529,0.9195287778093568,0.8052035847413141,0.8005970535118268,0.8152202296745081,-0.2513561602771148,-0.16843372919950184,-0.11734010126691152,-0.19557404820281565,-0.1986602856581826,0.6044586308903106
keyed,20260818,17,qualified,30,2,Pdiag finite (SE(3)),True,,68.07281771099997,0.75046309325967,0.2996994430407575,0.10422359954373789,-0.06588660034838256,False,True,detected,0.6117714434516266,0.7100690347590338,0.7754307702055157,0.9357100701322348,0.8374537319214107,0.8131635099831367,0.7504630932596699,-0.2740093685347299,-0.19626223686921773,-0.06588660034838256,-0.12913493189162983,-0.21369474900213192,0.45076365021891235
keyed,20270818,11,qualified,15,2,Frame-weighted (SE(3)),True,,0.007510831000217877,0.5747253770435683,0.6203689015897244,0.2188534797834744,-0.045643524546156056,False,False,right_censored,,0.5747253770435683,0.5747253770435683,0.5747253770435683,0.5747253770435683,0.5747253770435683,0.5747253770435683,-0.045643524546156056,-0.045643524546156056,-0.045643524546156056,-0.045643524546156056,-0.045643524546156056,-0.045643524546156056
keyed,20270818,11,qualified,15,2,Full operator (SE(3)),True,,0.0007407429998238513,0.8175131913154264,0.21233812545817835,0.08966590199151772,-0.16748012828356007,True,True,detected,0.6029550152061612,0.7765942794655675,0.7986588146868714,0.9062861316649864,0.7977374405439369,0.8297775533572904,0.8175131913154263,-0.22149540536261336,-0.20005348210037976,-0.16748012828356007,-0.20273266917691946,-0.17100881033388116,0.6051750658572481
keyed,20270818,11,qualified,15,2,Pdiag pointwise (SE(3)),True,,0.019244115999754285,0.819052868851424,0.21013535672578088,0.22561670021420524,-0.14443910608863475,True,True,detected,0.6024123426415523,-0.08237370822163127,0.5988919947486236,0.9402571289101096,0.7826518949732281,0.8254269702132676,0.8190528688514241,-0.39754050736168106,-0.18103099417139024,-0.14443910608863475,-0.2174541580762971,-0.17554715384113206,0.6089175121256433
keyed,20270818,11,qualified,15,2,Pdiag finite (SE(3)),True,,21.49469290700017,0.8157573744956653,0.28201724249880417,0.09187399879010824,-0.14654102159166404,True,True,detected,0.6091538983850068,0.763668845228918,0.7910608977738081,0.8427750416471943,0.7954137093268021,0.8124303491381282,0.8157573744956654,-0.2171655787028488,-0.1571631905207942,-0.14654102159166404,-0.16734842811016115,-0.2019472844207062,0.5337401319968612
keyed,20270818,7,random,15,1,Frame-weighted (SE(3)),True,,0.0031292130001929763,0.40524119747864334,0.6052299451355073,0.34525596210338694,-0.19998874765686386,False,False,right_censored,,0.40524119747864346,0.40524119747864346,0.40524119747864346,0.40524119747864346,0.40524119747864346,0.40524119747864346,-0.19998874765686386,-0.19998874765686386,-0.19998874765686386,-0.19998874765686386,-0.19998874765686386,-0.19998874765686386
keyed,20270818,7,random,15,1,Full operator (SE(3)),True,,0.0003380279999873892,0.14443512804618305,0.215488752310238,0.22837376859898104,0.06004256901247085,False,True,detected,0.606642079605543,0.7543387715331719,0.8580990617809282,0.7368057657467739,1.0625683707201972,0.8157736208673544,0.1444351280461831,-0.25588778332980444,-0.1468895371256661,-0.22966522021724345,0.06004256901247085,-0.18277544162768344,-0.07105362426405493
keyed,20270818,7,random,15,1,Pdiag pointwise (SE(3)),True,,0.007447951999893121,0.022444177420246503,0.21325528149974138,0.5154805751074354,0.1558330083561721,False,True,detected,0.6055522074176778,0.7577858976877172,-0.32245920869489814,0.7486509246542933,1.1580423629374499,0.8198535535575544,0.022444177420246608,-0.22823287838977024,-0.27734153020063995,-0.24808574402263162,0.1558330083561721,-0.1797022756383826,-0.19081110407949473
keyed,20270818,7,random,15,1,Pdiag finite (SE(3)),True,,49.65123939099976,0.7533306374250793,0.26023038167837653,0.0962741694414277,0.09075899688249378,False,True,detected,0.60844075691924,0.7708106535810891,1.0042425259091188,0.8752554722609915,0.8486678265516556,0.8431872327533345,0.753330637425079,-0.2655999292343426,0.09075899688249378,-0.12440953053217307,-0.1127751729560178,-0.15731650268378372,0.49310025574670263
keyed,20260818,13,random,30,1,Frame-weighted (SE(3)),True,,0.0028519270003926067,0.45590792559730225,0.6594945219287254,0.2926280980224694,-0.20358659633142312,False,True,detected,0.75,0.45590792559730225,0.45590792559730225,0.45590792559730225,0.45590792559730225,0.45590792559730225,0.45590792559730225,-0.20358659633142312,-0.20358659633142312,-0.20358659633142312,-0.20358659633142312,-0.20358659633142312,-0.20358659633142312
keyed,20260818,13,random,30,1,Full operator (SE(3)),True,,0.00036427799977900577,0.42812286879629574,0.5994458017816058,0.17819636252160617,-0.14405400728567985,False,True,detected,0.75,0.8480099040602161,0.7649388872303216,0.8515552961374345,0.8170580103152351,0.8175852582517054,0.4281228687962957,-0.14405400728567985,-0.22976517393298723,-0.14940185248325333,-0.18584599903152899,-0.18311490023866295,-0.17132293298530998
keyed,20260818,13,random,30,1,Pdiag pointwise (SE(3)),True,,0.00614538799982256,0.4861314834194272,0.5406575909503561,0.33083673218275994,-0.18045499501780993,False,True,detected,0.75,0.282365676490819,-0.012079007514472929,0.7817004215335117,0.8116076109917908,0.8196412196960207,0.4861314834194272,-0.3148395895735905,-0.327627300413162,-0.22768668512817514,-0.19145001003108508,-0.18045499501780993,-0.05452610753092907
keyed,20260818,13,random,30,1,Pdiag finite (SE(3)),True,,99.45490802799986,0.7984453631031211,0.3083584043319719,0.10410275687800431,-0.16184623672443266,False,True,detected,0.6286481461517931,0.7999522052033696,0.7862776363090345,0.8410917657277066,0.8097602520783517,0.8099426175432517,0.7984453631031212,-0.20445937164726447,-0.1891524181224582,-0.16184623672443266,-0.16614080313033563,-0.19651901349432233,0.4900869587711493
keyed,20270818,13,random,30,1,Frame-weighted (SE(3)),True,,0.0031767230002515134,0.4657044007302135,0.5611425417746774,0.2991458132136854,-0.09543814104446363,False,True,detected,0.6844485891205083,0.46570440073021374,0.46570440073021374,0.46570440073021374,0.46570440073021374,0.46570440073021374,0.46570440073021374,-0.09543814104446363,-0.09543814104446363,-0.09543814104446363,-0.09543814104446363,-0.09543814104446363,-0.09543814104446363
keyed,20270818,13,random,30,1,Full operator (SE(3)),True,,0.0003335740002512466,0.3555472413143114,0.21128516287970128,0.1409196422368613,-0.09176084150746888,False,True,detected,0.6044022534580861,0.7978615092682914,0.9095725861472814,0.88840268849718,0.9017802327568692,0.8192897046391602,0.35554724131431137,-0.2079216534880025,-0.09176084150746888,-0.11156207245805128,-0.09627535411727806,-0.17966758240899794,0.1442620784346099
keyed,20270818,13,random,30,1,Pdiag pointwise (SE(3)),True,,0.007144053000047279,0.4256565668049547,0.2113234406537425,0.285800781018593,-0.06978123943298131,False,True,detected,0.6043995125958634,0.2693622337918978,0.0705938525039647,0.8149044338794786,0.9286671074651994,0.8217144075157694,0.42565656680495456,-0.3384631544997196,-0.2496207358364027,-0.1964990596185412,-0.06978123943298131,-0.17753091666429655,0.21433312615121208
keyed,20270818,13,random,30,1,Pdiag finite (SE(3)),True,,38.90113263600006,0.748997305053485,0.2797250381708361,0.09616360091341705,-0.09561786726323163,False,True,detected,0.6089846445700347,0.760351063876377,0.8815138351060072,0.8801395678112516,0.8291257286248797,0.8138525608277902,0.7489973050534848,-0.258389293897353,-0.09561786726323163,-0.12321353694084491,-0.14380927432138402,-0.1902405498477735,0.46927226688264867
keyed,20280818,1,random,8,1,Frame-weighted (SE(3)),True,,0.0029244679999465006,0.8562061406809073,0.8253440811003152,0.13108488080898767,0.030862059580592405,False,False,right_censored,,0.8562061406809073,0.8562061406809073,0.8562061406809073,0.8562061406809073,0.8562061406809073,0.8562061406809073,0.030862059580592405,0.030862059580592405,0.030862059580592405,0.030862059580592405,0.030862059580592405,0.030862059580592405
keyed,20280818,1,random,8,1,Full operator (SE(3)),True,,0.0003074009996453242,0.8334549546947447,0.21063390944482438,0.12805490696328284,0.18763718558999387,True,True,detected,0.6047744738963219,0.8072648753479303,0.7113302458794496,1.11564252681175,0.7945029684405612,0.8222579925613342,0.833454954694745,-0.19037288949958753,-0.29515940765116244,0.18763718558999387,-0.2068739184846401,-0.17917470143053804,0.6228210452499205
keyed,20280818,1,random,8,1,Pdiag pointwise (SE(3)),True,,0.0068573120001929055,0.8298994528343835,0.20711584817099962,0.11286245707715717,0.14710898263554328,True,True,detected,0.6037566958620049,0.743809673309682,0.9804037098502382,0.931800930224233,0.7892942841612846,0.8130492779244597,0.8298994528343832,-0.14798515264303758,-0.124297941851648,0.14710898263554328,-0.2104205223414778,-0.1861293476936714,0.6227836046633834
keyed,20280818,1,random,8,1,Pdiag finite (SE(3)),True,,28.74562551000008,0.7954597989740932,0.34522398439775015,0.1025749178912974,0.027005059147694466,False,True,detected,0.6144111317480525,0.6162865720690314,0.8597131621229895,0.9892077690658874,0.8201011757329906,0.7561832798820437,0.7954597989740934,-0.232266249917488,-0.148765252564803,0.027005059147694466,-0.15093971635124603,-0.1767664802031612,0.4502358145763433
keyed,20280818,0,random,8,0,Frame-weighted (SE(3)),True,,0.0030152140002428496,0.4589901324953628,0.49095911595855396,0.29968772794298076,-0.031968983463190936,False,True,detected,0.630000934924634,0.4589901324953629,0.4589901324953629,0.4589901324953629,0.4589901324953629,0.4589901324953629,0.4589901324953629,-0.031968983463190936,-0.031968983463190936,-0.031968983463190936,-0.031968983463190936,-0.031968983463190936,-0.031968983463190936
keyed,20280818,0,random,8,0,Full operator (SE(3)),True,,0.0003455870000834693,0.8193078309510194,0.19455079116679538,0.11973141113771936,0.22325572550832962,True,True,detected,0.6022738741409224,0.7695684370994086,0.8330540422351508,1.4150865422136463,0.8362741484120249,0.8094127341660206,0.8193078309510193,-0.2322020558808241,-0.16458071249245232,0.22325572550832962,-0.163481799317707,-0.19374057237267717,0.6247570397842239
keyed,20280818,0,random,8,0,Pdiag pointwise (SE(3)),True,,0.007349781999892002,0.8242737407725201,0.2021390874544116,0.2811390877458903,-0.003920153081440558,True,True,detected,0.6012353130877128,0.09269842213281204,0.006042985134478916,0.8411514919357199,0.8071870589820995,0.8199510894791731,0.8242737407725198,-0.3324953270305171,-0.38350052711598565,-0.003920153081440558,-0.19050474268788886,-0.17997526555523946,0.6221346533181081
keyed,20280818,0,random,8,0,Pdiag finite (SE(3)),True,,39.099224119000155,0.7210417910992628,0.2766520208675145,0.10850558183339262,-0.03957536276431051,False,True,detected,0.6060208939733581,0.8373533402829431,0.5714826058457468,0.8521662805927456,0.6786347102456725,0.8360726872123168,0.7210417910992629,-0.17796541480624828,-0.28414976477092657,-0.03957536276431051,-0.11712047225175881,-0.17283426538310187,0.4443897702317484
keyed,20270818,15,qualified,30,0,Frame-weighted (SE(3)),True,,0.008044100999995862,0.561951069497753,0.6663229208404441,0.23694331467823754,-0.104371851342691,False,False,right_censored,,0.561951069497753,0.561951069497753,0.561951069497753,0.561951069497753,0.561951069497753,0.561951069497753,-0.104371851342691,-0.104371851342691,-0.104371851342691,-0.104371851342691,-0.104371851342691,-0.104371851342691
keyed,20270818,15,qualified,30,0,Full operator (SE(3)),True,,0.0007490210000469233,0.19485699183206648,0.21033972543234772,0.19771669865597577,-0.03956452125537979,False,True,detected,0.604153791974471,0.7715661900936267,0.9729442697285332,0.7231702911502397,0.9129841975063582,0.8235074948116224,0.19485699183206642,-0.23117470329722922,-0.03956452125537979,-0.23963417045120927,-0.07950451946978632,-0.17653687196623713,-0.015482733600281323
keyed,20270818,15,qualified,30,0,Pdiag pointwise (SE(3)),True,,0.019688003999817738,0.36825169685139714,0.20900391856692535,0.20743637142663984,-0.05178784362437894,False,True,detected,0.6035418382205984,0.4736967803308337,0.4552990689534306,0.7730410079102085,0.9470056525752446,0.8254980558102549,0.3682516968513971,-0.27146442027658974,-0.15933448024984392,-0.2711020514333896,-0.05178784362437894,-0.1743087385169132,0.15924777828447165
keyed,20270818,15,qualified,30,0,Pdiag finite (SE(3)),True,,46.409609456,0.7631409232398737,0.2737108665244666,0.09464435142566312,-0.09549770938563196,False,True,detected,0.607068014716585,0.7882883364887029,0.9085787905772773,0.8376626343240338,0.839702683464226,0.8278170445840538,0.7631409232398738,-0.20558849779655597,-0.09549770938563196,-0.16666640687252177,-0.15971995714081366,-0.15445694278025535,0.48943005671540724
keyed,20270818,8,random,15,2,Frame-weighted (SE(3)),True,,0.0032605260003037984,0.9003934331030183,0.8301366525274826,0.13152437779072854,0.07025678057553608,False,False,right_censored,,0.9003934331030184,0.9003934331030184,0.9003934331030184,0.9003934331030184,0.9003934331030184,0.9003934331030184,0.07025678057553608,0.07025678057553608,0.07025678057553608,0.07025678057553608,0.07025678057553608,0.07025678057553608
keyed,20270818,8,random,15,2,Full operator (SE(3)),True,,0.000355189999936556,0.8186394172362583,0.20263445850980524,0.10728545939091141,-0.1935957735465179,True,True,detected,0.600409376621714,0.7955234492943114,0.6714586122100198,0.8690131352901013,0.8061994580338859,0.7720520512156384,0.8186394172362583,-0.20437471243058358,-0.3309872278523477,-0.1953051466890242,-0.1935957735465179,-0.22765042410267033,0.6160049587264531
keyed,20270818,8,random,15,2,Pdiag pointwise (SE(3)),True,,0.007390961999590218,0.8188182987190348,0.20256984642099948,0.1524486814014808,0.12429835719808113,True,True,detected,0.5989435027246655,1.3438198235912637,0.6030723753671475,1.1487896645039615,0.7963075425974915,0.7681946831849147,0.8188182987190349,-0.08465558968492748,-0.2556091467913454,0.12429835719808113,-0.20460399989805467,-0.23124038147028325,0.6162484522980354
keyed,20270818,8,random,15,2,Pdiag finite (SE(3)),True,,94.8440778600002,0.7752362071398576,0.2706030967850449,0.10017890548983435,-0.007324912818821749,True,True,detected,0.6035553987985735,0.7362013358234024,0.7877805486038831,0.998757606034089,0.864217586827608,0.7910970623085588,0.7752362071398576,-0.3291561195767384,-0.21888176246107371,-0.007324912818821749,-0.12358883869861648,-0.1995757901628442,0.5046331103548127
keyed,20280818,2,random,8,2,Frame-weighted (SE(3)),True,,0.007518918999721791,0.4106289127404959,0.37634431800367346,0.37145182539592453,0.034284594736822604,False,True,detected,0.5990034228138492,0.4106289127404959,0.4106289127404959,0.4106289127404959,0.4106289127404959,0.4106289127404959,0.4106289127404959,0.034284594736822604,0.034284594736822604,0.034284594736822604,0.034284594736822604,0.034284594736822604,0.034284594736822604
keyed,20280818,2,random,8,2,Full operator (SE(3)),True,,0.000705713000115793,0.8314711310895724,0.15337566757776178,0.18536965728294916,-0.10899186254317095,True,True,detected,0.6003434832759212,0.8930526651130195,0.830932414365051,0.2028510946898146,0.7407033266006642,0.795370448472008,0.8314711310895722,-0.10899186254317095,-0.1669363851693333,-0.605042392909376,-0.2551374724856019,-0.20271668258927733,0.6780954635118103
keyed,20280818,2,random,8,2,Pdiag pointwise (SE(3)),True,,0.019872142000167514,0.8337299999066198,0.21811365152338769,0.579553269932724,-0.1689047138981995,True,True,detected,0.6068296237219873,-0.5885994342622826,-0.09028307628465165,0.5495169512555358,0.8147968433044295,0.829739880125438,0.8337299999066197,-0.35958803432817366,-0.2958426533547846,-0.2126971458185004,-0.18198076838713317,-0.1689047138981995,0.615616348383232
keyed,20280818,2,random,8,2,Pdiag finite (SE(3)),True,,18.198241664000307,0.8070555468588659,0.27223233704496186,0.0872280013238926,-0.11439617240860855,True,True,detected,0.6124112571844141,0.8367081174098208,0.8070164548714516,0.8542000809713154,0.829410556053568,0.8193025150556709,0.8070555468588658,-0.11439617240860855,-0.14687864434581543,-0.1351383794133627,-0.1389747460854036,-0.23415478049741012,0.534823209813904
keyed,20270818,14,random,30,2,Frame-weighted (SE(3)),True,,0.0032614519996059244,0.7047734780175667,0.6560545473015482,0.17164101631481718,0.048718930716018516,False,False,right_censored,,0.7047734780175667,0.7047734780175667,0.7047734780175667,0.7047734780175667,0.7047734780175667,0.7047734780175667,0.048718930716018516,0.048718930716018516,0.048718930716018516,0.048718930716018516,0.048718930716018516,0.048718930716018516
keyed,20270818,14,random,30,2,Full operator (SE(3)),True,,0.0003571249999367865,0.8198313790364853,0.21037630458993234,0.08076421701645962,-0.08147979788605753,True,True,detected,0.6040806067871205,0.8062956207277872,0.823477822210785,0.9034111953165407,0.8100354595075474,0.8227622504076041,0.8198313790364855,-0.18997509161718718,-0.17363987950975235,-0.08147979788605753,-0.18421484522012,-0.17659322969655078,0.6094550744465531
keyed,20270818,14,random,30,2,Pdiag pointwise (SE(3)),True,,0.007449468000231718,0.8232650763747231,0.21371782936785053,0.15253925520621,-0.08383291413324023,True,True,detected,0.6055551840021562,0.6320735116380075,0.20870178335840897,0.9181007233361987,0.8047244596881071,0.8215461297429074,0.8232650763747231,-0.22204837859922621,-0.2975431071577709,-0.08383291413324023,-0.19306774645202784,-0.17724895478034952,0.6095472470068725
keyed,20270818,14,random,30,2,Pdiag finite (SE(3)),True,,57.5708308520002,0.7823346625433395,0.289108397622561,0.09077472287843853,-0.05874924765451561,False,True,detected,0.6120308437556967,0.7882614826348773,0.780169593513179,0.9517845800462915,0.8388256235847988,0.8231321095705857,0.7823346625433396,-0.1549822278323526,-0.25223263383710937,-0.05874924765451561,-0.14878079235234343,-0.18091511444529562,0.4932262649207786
keyed,20280818,5,qualified,8,2,Frame-weighted (SE(3)),True,,0.0028771810002581333,0.9672870618689321,0.920861919354906,0.16224433363652208,0.046425142514026185,False,False,right_censored,,0.9672870618689323,0.9672870618689323,0.9672870618689323,0.9672870618689323,0.9672870618689323,0.9672870618689323,0.046425142514026185,0.046425142514026185,0.046425142514026185,0.046425142514026185,0.046425142514026185,0.046425142514026185
keyed,20280818,5,qualified,8,2,Full operator (SE(3)),True,,0.00031404299988935236,0.8106163389834244,0.21907811836920335,0.9170006496002513,-0.10975496101310223,True,True,detected,0.6094969754287862,0.7934167908063611,-0.507557053195425,0.605848797598068,0.8390781773754524,0.8795397689937926,0.8106163389834243,-0.21722467917386357,-1.3672852424017068,-0.28109715495392473,-0.15849761559181874,-0.10975496101310223,0.591538220614221
keyed,20280818,5,qualified,8,2,Pdiag pointwise (SE(3)),True,,0.007195365999905334,0.8217389181659241,0.20308346743052122,0.13623987841313437,-0.10067330940528252,True,True,detected,0.599885771442098,1.3671059293421102,0.8029056133475692,0.7876383501189129,0.8509735233575326,0.8247526032259297,0.8217389181659243,-0.10067330940528252,-0.1906631364310395,-0.24589571812746025,-0.145756362501975,-0.1739566179525298,0.618655450735403
keyed,20280818,5,qualified,8,2,Pdiag finite (SE(3)),True,,13.035813833999782,0.8180658238826947,0.27637975373348356,0.10202281835789064,-0.14552199885662453,True,True,detected,0.6062116129261259,0.8090919526610314,0.7670366532275095,0.8227395534610257,0.8245562937067059,0.8333822349099297,0.8180658238826943,-0.2387506476502741,-0.1548711959399688,-0.1827689760910517,-0.23079294391569216,-0.14552199885662453,0.5416860701492109
keyed,20280818,4,qualified,8,1,Frame-weighted (SE(3)),True,,0.002813735000017914,0.793910718986356,0.7426999995111924,0.16237385071939897,0.051210719475163535,False,False,right_censored,,0.7939107189863559,0.7939107189863559,0.7939107189863559,0.7939107189863559,0.7939107189863559,0.7939107189863559,0.051210719475163535,0.051210719475163535,0.051210719475163535,0.051210719475163535,0.051210719475163535,0.051210719475163535
keyed,20280818,4,qualified,8,1,Full operator (SE(3)),True,,0.00030053199998292257,0.8118841166070766,0.1818506289287293,0.10478262552225943,-0.10152168834715214,True,True,detected,0.5985830839679026,0.7681187432162504,0.9052067528682319,0.6494488343204096,0.793172371605062,0.8510643524650603,0.8118841166070768,-0.23069827354061967,-0.10152168834715214,-0.359901081597113,-0.2035470150410803,-0.14732521051886582,0.6300334876783475
keyed,20280818,4,qualified,8,1,Pdiag pointwise (SE(3)),True,,0.006790543000079197,0.8056468019510377,0.20032847852276897,0.21873526204325477,-0.08326888756825168,True,True,detected,0.6021970884602432,0.28620221327012435,1.2979438787667983,0.45710019139335745,0.7883229218582436,0.8327751173011404,0.8056468019510377,-0.18199978557440705,-0.08326888756825168,-0.45543281581404516,-0.20823696267157732,-0.16354498487616198,0.6053183234282687
keyed,20280818,4,qualified,8,1,Pdiag finite (SE(3)),True,,17.87130385499995,0.7289619184279823,0.2935446297373101,0.10893560394488756,-0.006868170861330403,False,True,detected,0.6096169069502364,0.8592897512528702,0.800383458154364,0.7102157036162079,0.79273609475369,0.8130329612597949,0.7289619184279822,-0.006868170861330403,-0.13681766142982654,-0.28188990279329773,-0.23270994588405125,-0.22491793614930478,0.435417288690672
keyed,20260818,6,random,15,0,Frame-weighted (SE(3)),True,,0.00675937599999088,0.6139140639029259,0.9494622882142114,0.2797135413610771,-0.3355482243112854,False,False,right_censored,,0.6139140639029259,0.6139140639029259,0.6139140639029259,0.6139140639029259,0.6139140639029259,0.6139140639029259,-0.3355482243112854,-0.3355482243112854,-0.3355482243112854,-0.3355482243112854,-0.3355482243112854,-0.3355482243112854
keyed,20260818,6,random,15,0,Full operator (SE(3)),True,,0.0006871959999443789,0.2381697454414865,0.7801064914417686,0.28464936688154135,-0.12416810902341835,False,True,detected,0.75,0.877529833261768,0.6100547265834093,0.8738323388074427,0.8000268242113309,0.8237982137151774,0.23816974544148653,-0.12416810902341835,-0.3838113919209939,-0.15251977552527896,-0.2089088772286889,-0.17064152140916466,-0.5419367460002821
keyed,20260818,6,random,15,0,Pdiag pointwise (SE(3)),True,,0.01652186499995878,0.192408553308807,0.8272349389095855,0.6147059664154597,-0.09146669086656756,False,True,detected,0.75,-0.19931076470510498,1.749334715938497,0.9211093471523024,0.7962187051142642,0.8199241862236961,0.19240855330880696,-0.31246895543376907,-0.09146669086656756,-0.10477649242250564,-0.20878518264503665,-0.1786310851374614,-0.6348263856007788
keyed,20260818,6,random,15,0,Pdiag finite (SE(3)),True,,149.63892561199964,0.7968111662217158,0.34754811465891416,0.12344830958137384,-0.06121722205839408,False,True,detected,0.6310495750058407,0.817925982955941,0.7041696599951819,0.9263210617835311,0.8326484728634916,0.7914105893116852,0.7968111662217155,-0.06121722205839408,-0.32302717031825146,-0.0812504644476073,-0.17072615209749353,-0.07801281625403544,0.4492630515628016
keyed,20270818,16,qualified,30,1,Frame-weighted (SE(3)),True,,0.008262737000222842,0.7607849046328845,0.7151255214818726,0.15214576452786732,0.04565938315101159,False,False,right_censored,,0.7607849046328843,0.7607849046328843,0.7607849046328843,0.7607849046328843,0.7607849046328843,0.7607849046328843,0.04565938315101159,0.04565938315101159,0.04565938315101159,0.04565938315101159,0.04565938315101159,0.04565938315101159
keyed,20270818,16,qualified,30,1,Full operator (SE(3)),True,,0.0008147529997586389,0.8184442454273575,0.20956340709044688,0.09677875673011915,0.08806587111332198,True,True,detected,0.6032233411133091,0.7796129782340324,0.8326546470525767,1.0621955079648893,0.814118254559625,0.7923498275229813,0.8184442454273576,-0.21969454456026793,-0.16633735018260676,0.08806587111332198,-0.18652424881464014,-0.20808266506880624,0.6088808383369105
keyed,20270818,16,qualified,30,1,Pdiag pointwise (SE(3)),True,,0.02035069699968517,0.8211980731724811,0.21049872350734652,0.1703531577967166,-0.03389802093129557,True,True,detected,0.6035186766740953,1.135538488857054,0.18121443025476236,0.9524585725364547,0.8104213706992195,0.7924759019253148,0.8211980731724807,-0.13390757307630685,-0.2777777811735006,-0.03389802093129557,-0.18906147521389982,-0.20778050972751017,0.6106993496651343
keyed,20270818,16,qualified,30,1,Pdiag finite (SE(3)),True,,72.46493890600004,0.7706317217676046,0.28342879491693324,0.09067162745841037,-0.03756549739500936,False,True,detected,0.6094276107869934,0.7765694733711987,0.8686656834840752,0.9646385172109614,0.8484330578828049,0.8049219044573291,0.7706317217676046,-0.22498326671256375,-0.08916650116395386,-0.03756549739500936,-0.11343506600634867,-0.22265549548352748,0.48720292685067146
keyed,20280818,9,qualified,15,0,Frame-weighted (SE(3)),True,,0.002979741000217473,0.6809335586346359,0.674915328166762,0.19252304217424349,0.006018230467873864,False,False,right_censored,,0.680933558634636,0.680933558634636,0.680933558634636,0.680933558634636,0.680933558634636,0.680933558634636,0.006018230467873864,0.006018230467873864,0.006018230467873864,0.006018230467873864,0.006018230467873864,0.006018230467873864
keyed,20280818,9,qualified,15,0,Full operator (SE(3)),True,,0.0003172969995830499,0.819343422763003,0.21337442042622576,0.10057147041919823,-0.1488358605065302,True,True,detected,0.6069125839796738,0.7579506780554204,0.8508717329341076,0.675047355233584,0.8206797362902798,0.8086757217608742,0.819343422763003,-0.2397219583846455,-0.1488358605065302,-0.24588422647391195,-0.17813795487625894,-0.19095107636914255,0.6059690023367772
keyed,20280818,9,qualified,15,0,Pdiag pointwise (SE(3)),True,,0.0070379310000134865,0.8185262179447607,0.21325672551783315,0.18973840984954168,-0.10512345394274747,True,True,detected,0.6059104535929226,1.0160873968051178,0.3302491418980293,0.5187491663467646,0.8106774558474025,0.8117812746482287,0.8185262179447607,-0.10512345394274747,-0.2385056361109858,-0.47802625045469915,-0.1881912337105922,-0.1873616633498656,0.6052694924269275
keyed,20280818,9,qualified,15,0,Pdiag finite (SE(3)),True,,21.203673244999663,0.7929556369487707,0.2833884386578433,0.10222800774300592,-0.07271059167703053,True,True,detected,0.611575959648164,0.7760236168178946,0.8893835003352176,0.7424163976297838,0.8336321353920916,0.8426906043295068,0.7929556369487709,-0.1597016546194715,-0.07271059167703053,-0.2537782937958435,-0.12019319880223078,-0.22420425510392183,0.5095671982909277
keyed,20270818,17,qualified,30,2,Frame-weighted (SE(3)),True,,0.003190288000041619,0.8880524996689586,0.8080096137075949,0.14560750114843482,0.08004288596136366,False,False,right_censored,,0.8880524996689586,0.8880524996689586,0.8880524996689586,0.8880524996689586,0.8880524996689586,0.8880524996689586,0.08004288596136366,0.08004288596136366,0.08004288596136366,0.08004288596136366,0.08004288596136366,0.08004288596136366
keyed,20270818,17,qualified,30,2,Full operator (SE(3)),True,,0.00034260099982930114,0.8143798051886446,0.21045934733680294,0.09290170053684062,-0.06310973635222483,True,True,detected,0.604131422002274,0.753024235984083,0.7854103568812977,0.9491579986394325,0.8105027929148589,0.8073776537594815,0.8143798051886448,-0.24419949273008712,-0.2168036640154668,-0.06310973635222483,-0.19063927495839583,-0.19171915934008366,0.6039204578518419
keyed,20270818,17,qualified,30,2,Pdiag pointwise (SE(3)),True,,0.00724843999978475,0.816327985570492,0.2107894230472361,0.09701063533665792,-0.0773705075499993,True,True,detected,0.6043012019295468,0.952758737678227,0.9514399430777118,0.9586093788228169,0.8058910667676438,0.8016666634559436,0.8163279855704921,-0.22656305634502572,-0.13679776793604148,-0.0773705075499993,-0.19406366457309498,-0.1973603391715043,0.6055385625232559
keyed,20270818,17,qualified,30,2,Pdiag finite (SE(3)),True,,79.72990601599986,0.7539812751743916,0.2997507833893917,0.09975444380837488,-0.050388863147988405,False,True,detected,0.6116206639031251,0.7256849686025889,0.8105462527610525,0.9503263352952743,0.8414401965332735,0.8152392136216153,0.7539812751743917,-0.2613486238663969,-0.16355360453509393,-0.050388863147988405,-0.12380009764548539,-0.21182694423241766,0.454230491785
keyed,20280818,10,qualified,15,1,Frame-weighted (SE(3)),True,,0.0030434450000029756,0.6500299260636893,0.648802486502034,0.19823504285453872,0.0012274395616552747,False,False,right_censored,,0.6500299260636894,0.6500299260636894,0.6500299260636894,0.6500299260636894,0.6500299260636894,0.6500299260636894,0.0012274395616552747,0.0012274395616552747,0.0012274395616552747,0.0012274395616552747,0.0012274395616552747,0.0012274395616552747
keyed,20280818,10,qualified,15,1,Full operator (SE(3)),True,,0.000320648000069923,0.807001075977946,0.1980824983779542,0.08466657627870523,-0.11049446489905324,True,True,detected,0.6013554167412821,0.8727056603606137,0.840963088673798,0.808057655513827,0.8060841114835986,0.8216728805462217,0.8070010759779458,-0.11049446489905324,-0.16669194510767116,-0.2291534624124194,-0.18998727230622026,-0.1739122520163614,0.6089185775999917
keyed,20280818,10,qualified,15,1,Pdiag pointwise (SE(3)),True,,0.0071339910000460804,0.8093987036426337,0.20511624851015622,0.14730571341593832,-0.17579110414597343,True,True,detected,0.6017495438529438,0.6009560759591864,0.40566152370399455,0.6555763047802432,0.7958090130679433,0.8214410512948327,0.8093987036426336,-0.22996783893922468,-0.23927693740259337,-0.33803632617260837,-0.2013565423080793,-0.17579110414597343,0.6042824551324774
keyed,20280818,10,qualified,15,1,Pdiag finite (SE(3)),True,,23.720164506999936,0.7561082484307302,0.29277988742932487,0.10285300271575971,-0.1289255838680523,False,True,detected,0.6083064918707454,0.7786275169921555,0.7873510314247603,0.7516177492284932,0.7954097100506415,0.7580697664821864,0.7561082484307302,-0.1289255838680523,-0.23778360614043148,-0.25306258127267145,-0.20154993163698565,-0.18827147034209235,0.46332836100140534
keyed,20280818,7,random,15,1,Frame-weighted (SE(3)),True,,0.003061699999761913,0.43724211219999165,0.6068871922215469,0.3335443790250836,-0.16964508002155543,False,False,right_censored,,0.43724211219999154,0.43724211219999154,0.43724211219999154,0.43724211219999154,0.43724211219999154,0.43724211219999154,-0.16964508002155543,-0.16964508002155543,-0.16964508002155543,-0.16964508002155543,-0.16964508002155543,-0.16964508002155543
keyed,20280818,7,random,15,1,Full operator (SE(3)),True,,0.00038176899988684454,0.3387596563055335,0.219868911550722,0.2726641906851104,-0.09699893707770268,False,True,detected,0.609066400122529,0.8326182274839163,0.6374545095639252,0.5798353880602821,0.9040636760564014,0.8043800407029221,0.33875965630553345,-0.18507307278305307,-0.3734535347034915,-0.38572158428602943,-0.09699893707770268,-0.19584850486511385,0.1188907447548114
keyed,20280818,7,random,15,1,Pdiag pointwise (SE(3)),True,,0.007072149000123318,0.24940927543595603,0.21713526617630483,0.5003862632432763,-0.09154700233511348,False,True,detected,0.6075103372114159,0.792701540746119,-0.20518001882044765,0.5810632194903722,0.9097594629628525,0.7983340913177538,0.24940927543595592,-0.19808176925808396,-0.1564122928890516,-0.4172240877570771,-0.09154700233511348,-0.19972828923311703,0.03227400925965099
keyed,20280818,7,random,15,1,Pdiag finite (SE(3)),True,,34.113454886,0.7546033495385626,0.2676779744641425,0.09229885771982692,0.0817233469143811,False,True,detected,0.6127538657930685,0.8266852743724341,0.9990645810231495,0.8010940314042071,0.8376030417683786,0.8458304975727056,0.7546033495385628,-0.21546022340158089,0.0817233469143811,-0.2017409442809469,-0.13185559230925448,-0.1516264001830432,0.48692537507442024
keyed,20280818,8,random,15,2,Frame-weighted (SE(3)),True,,0.0029935610000393353,0.8612368077561544,0.8275137309040502,0.13676204187607632,0.033723076852104183,False,False,right_censored,,0.8612368077561543,0.8612368077561543,0.8612368077561543,0.8612368077561543,0.8612368077561543,0.8612368077561543,0.033723076852104183,0.033723076852104183,0.033723076852104183,0.033723076852104183,0.033723076852104183,0.033723076852104183
keyed,20280818,8,random,15,2,Full operator (SE(3)),True,,0.00032614700012345565,0.8190805900629938,0.20644720088412974,0.0979340993137889,-0.1484374978539852,True,True,detected,0.6010509877325958,0.8486468280272419,0.7933449468393958,0.7394361159857148,0.8118058611351432,0.8099107843407921,0.8190805900629938,-0.1484374978539852,-0.21306111459402222,-0.3005873515548927,-0.18474506471456953,-0.1922812085632456,0.6126333891788641
keyed,20280818,8,random,15,2,Pdiag pointwise (SE(3)),True,,0.007005259999914415,0.8207790065534617,0.19935124967897014,0.14233709744514103,0.07960600431997289,True,True,detected,0.5991321433673137,1.5073101577542507,0.6411053231919006,0.8059395937470771,0.7961687126912881,0.8106224117389066,0.8207790065534616,0.07960600431997289,-0.22181018608351233,-0.20591998454882565,-0.20214622246761382,-0.190826498161348,0.6214277568744914
keyed,20280818,8,random,15,2,Pdiag finite (SE(3)),True,,32.3856203360001,0.7874082148198904,0.2687336620277589,0.08969919036519747,-0.12924941147605762,True,True,detected,0.6043271415393531,0.8639006971340941,0.7831564769370648,0.8643746139232599,0.8256198023325347,0.8231009093482463,0.7874082148198904,-0.19995930495988734,-0.22820123301402806,-0.12924941147605762,-0.16031670948134358,-0.16974648497940203,0.5186745527921315
keyed,20270818,12,random,30,0,Frame-weighted (SE(3)),True,,0.0077852529998381215,0.7698216764076748,0.7222474574790735,0.15875200363225261,0.04757421892860125,False,False,right_censored,,0.7698216764076748,0.7698216764076748,0.7698216764076748,0.7698216764076748,0.7698216764076748,0.7698216764076748,0.04757421892860125,0.04757421892860125,0.04757421892860125,0.04757421892860125,0.04757421892860125,0.04757421892860125
keyed,20270818,12,random,30,0,Full operator (SE(3)),True,,0.0007389590000457247,0.8192050728955563,0.206259883895862,0.09830496577926937,-0.03582555507516372,True,True,detected,0.6019198694499844,0.7457300259097442,0.7482805537047894,0.9204440539267478,0.8047744354090349,0.7868325798395973,0.8192050728955564,-0.2531147478048955,-0.24925782009846653,-0.03582555507516372,-0.19069884179544527,-0.2125443720138802,0.6129451889996944
keyed,20270818,12,random,30,0,Pdiag pointwise (SE(3)),True,,0.01910902999998143,0.8187694044395435,0.20654880824840194,0.12135913221069496,-0.13562730291241631,True,True,detected,0.6020345567250139,0.867704531045323,0.3870386636407388,0.8391204906418297,0.8088579968134735,0.7858372768669529,0.8187694044395435,-0.20499235416441997,-0.2783086088072829,-0.13562730291241631,-0.1872953505015984,-0.21318866537376313,0.6122205961911417
keyed,20270818,12,random,30,0,Pdiag finite (SE(3)),True,,100.85108369700038,0.7549305051018333,0.3011239348596652,0.09912735696387869,-0.0696058559496836,False,True,detected,0.6098531735681256,0.7606299346856322,0.7914911755031355,0.9297158833405419,0.8322048423511823,0.7978955546464783,0.7549305051018331,-0.22479896321671844,-0.1805291751555046,-0.0696058559496836,-0.14292427708757283,-0.2147810146087905,0.4538065702421678
keyed,20270818,1,random,8,1,Frame-weighted (SE(3)),True,,0.006656900000052701,1.0075032588150137,0.8265770197510247,0.16500052592670172,0.1809262390639893,False,False,right_censored,,1.007503258815014,1.007503258815014,1.007503258815014,1.007503258815014,1.007503258815014,1.007503258815014,0.1809262390639893,0.1809262390639893,0.1809262390639893,0.1809262390639893,0.1809262390639893,0.1809262390639893
keyed,20270818,1,random,8,1,Full operator (SE(3)),True,,0.0006192040000314591,0.8105341289894389,0.21438280231868095,0.22601305166628918,0.5148689167905375,False,True,detected,0.604797258348406,0.9318264351940385,0.5589394461631002,1.450877815705602,0.7957915247972064,0.7290824297142242,0.810534128989439,-0.06434929480194107,-0.4285928126215568,0.5148689167905375,-0.20456810985260765,-0.2707701123048444,0.5961513266707581
keyed,20270818,1,random,8,1,Pdiag pointwise (SE(3)),True,,0.01736632800020743,0.8124807666009302,0.21419287902805734,0.3787036743226484,0.7858076163772,False,True,detected,0.6042564338394624,0.6173672865418474,1.327306597155197,1.5795321257774675,0.804231954832165,0.7317426402144439,0.8124807666009302,-0.2719913092524512,0.22782775786130194,0.7858076163772,-0.19548615423255367,-0.2692946900095118,0.5982878875728729
keyed,20270818,1,random,8,1,Pdiag finite (SE(3)),True,,158.4807247839999,0.7126549791868737,0.3484855579540402,0.11074252819898232,0.07081434691745625,False,True,detected,0.6147159460895337,0.5556279805302758,0.9845209078109306,1.0438390891722376,0.8616728361993496,0.7089856515201268,0.7126549791868739,-0.28961716410437366,-0.019040101295100365,0.07081434691745625,-0.11179457635822587,-0.22350933393248962,0.3641694212328337
keyed,20280818,12,random,30,0,Frame-weighted (SE(3)),True,,0.0031872279996605357,0.7529003603080952,0.7236821526182328,0.16946753211883755,0.029218207689862385,False,False,right_censored,,0.7529003603080955,0.7529003603080955,0.7529003603080955,0.7529003603080955,0.7529003603080955,0.7529003603080955,0.029218207689862385,0.029218207689862385,0.029218207689862385,0.029218207689862385,0.029218207689862385,0.029218207689862385
keyed,20280818,12,random,30,0,Full operator (SE(3)),True,,0.0003365379998285789,0.8206558977751703,0.21060574535909382,0.09097024908349596,-0.18179868802315713,True,True,detected,0.6037265448484749,0.8013923410671719,0.8144355660582803,0.7605270529220011,0.8029972706794886,0.817170636696893,0.8206558977751702,-0.19831459177712218,-0.18619687324826772,-0.19282388278447404,-0.195983839004083,-0.18179868802315713,0.6100501524160764
keyed,20280818,12,random,30,0,Pdiag pointwise (SE(3)),True,,0.00704084300014074,0.8207895011052538,0.2101970579765399,0.13177521791719712,-0.17755608812104762,True,True,detected,0.6034805115458194,0.8945521509802004,0.4210162446412891,0.6867918295746808,0.7970762335446914,0.8165437938060109,0.8207895011052538,-0.17755608812104762,-0.24872149847208797,-0.28600379728020564,-0.201603493944999,-0.1824784484750157,0.610592443128714
keyed,20280818,12,random,30,0,Pdiag finite (SE(3)),True,,31.788155405999987,0.7716769854542059,0.3041242178298786,0.09569956189702779,-0.14832022510165388,False,True,detected,0.6113640223860767,0.7989981883743331,0.8116591565667608,0.8265028530163895,0.8257789956006715,0.824769048652741,0.7716769854542062,-0.18590940586993743,-0.16351589419634815,-0.17154003373976479,-0.14832022510165388,-0.1892376803488207,0.4675527676243276
keyed,20280818,6,random,15,0,Frame-weighted (SE(3)),True,,0.0029822629999216588,0.6470934940784319,0.7427420355325934,0.25234552515256065,-0.09564854145416168,False,False,right_censored,,0.6470934940784319,0.6470934940784319,0.6470934940784319,0.6470934940784319,0.6470934940784319,0.6470934940784319,-0.09564854145416168,-0.09564854145416168,-0.09564854145416168,-0.09564854145416168,-0.09564854145416168,-0.09564854145416168
keyed,20280818,6,random,15,0,Full operator (SE(3)),True,,0.0003241150002395443,0.3303251215213171,0.21319888773693807,0.18396026313679717,0.20952251394762889,False,True,detected,0.6039910591276867,0.8545509466908691,1.2184124088231194,0.8376806705798452,0.8976667100870404,0.8313903223157851,0.3303251215213172,-0.14637908375294872,0.20952251394762889,-0.17191389697806936,-0.10202678814500654,-0.16703159453228344,0.11712623378437914
keyed,20280818,6,random,15,0,Pdiag pointwise (SE(3)),True,,0.0069142770003054466,0.29223319250028595,0.21371421860560197,0.6222324717223287,0.24822906661725552,False,True,detected,0.6038633963554819,-0.17574465658331345,2.1000924519608457,0.4360440340135571,0.8612322981457788,0.7875229823552261,0.2922331925002859,-0.3183231836529151,0.24822906661725552,-0.5904238433097111,-0.139032945495689,-0.20877321567892526,0.0785189738946839
keyed,20280818,6,random,15,0,Pdiag finite (SE(3)),True,,57.789304750000156,0.7412655953641024,0.2741481762204071,0.09669993759492775,0.043777851525164335,False,True,detected,0.6100264625663742,0.9398473935876609,1.0308017623487817,0.6991487624176566,0.7779697801861225,0.8210957423820713,0.7412655953641024,0.043777851525164335,-0.012433898697916224,-0.3056590801526834,-0.22059260523476865,-0.02083994959187707,0.4671174191436953
keyed,20280818,3,qualified,8,0,Frame-weighted (SE(3)),True,,0.0028349340000204393,0.7194837016293409,0.7556304915145411,0.19113738012616652,-0.03614678988520015,False,False,right_censored,,0.7194837016293409,0.7194837016293409,0.7194837016293409,0.7194837016293409,0.7194837016293409,0.7194837016293409,-0.03614678988520015,-0.03614678988520015,-0.03614678988520015,-0.03614678988520015,-0.03614678988520015,-0.03614678988520015
keyed,20280818,3,qualified,8,0,Full operator (SE(3)),True,,0.0002974570002152177,0.8602711534238209,0.2668156982128231,1.0880852951924622,0.4851353833678056,True,True,detected,0.6053446944829797,0.12007086452798867,1.511688527059762,-0.6363102969444072,0.8110185422513083,0.8674869034358649,0.860271153423821,-0.9343132095118389,0.4851353833678056,-1.481462306239931,-0.18947603600024143,-0.12811529531208532,0.5934554552109979
keyed,20280818,3,qualified,8,0,Pdiag pointwise (SE(3)),True,,0.006602471000405785,0.8291700642109202,0.20335133485375625,0.4143091690299471,-0.02709870947170323,True,True,detected,0.6032164212355396,-0.4878528081350089,1.2399626743086447,0.5794848076210567,0.8267075165764343,0.8422389864880614,0.82917006421092,-0.6602883811638514,-0.02709870947170323,-0.46483194778683734,-0.17391201277199342,-0.15843502794373399,0.6258187293571637
keyed,20280818,3,qualified,8,0,Pdiag finite (SE(3)),True,,71.0950263650002,0.8549553893862755,0.2843697228387753,0.09983848672331681,0.012874792807816116,True,True,detected,0.6097846095877701,0.6678808982883554,0.9657023831355975,0.7698598198121789,0.8285891600473546,0.8218679359603146,0.854955389386275,-0.41922841008796874,0.012874792807816116,-0.23063580767441483,-0.16292892883517185,-0.24625941538191942,0.5705856665474998
circular_honest,20260818,0,random,8,0,Frame-weighted (SE(3)),True,,0.002837330000147631,0.21457297813988668,0.43890432545906605,0.41928721685444825,-0.22433134731917934,False,False,left_censored,,0.2145729781398867,0.2145729781398867,0.2145729781398867,0.2145729781398867,0.2145729781398867,0.2145729781398867,-0.22433134731917934,-0.22433134731917934,-0.22433134731917934,-0.22433134731917934,-0.22433134731917934,-0.22433134731917934
circular_honest,20260818,0,random,8,0,Full operator (SE(3)),True,,0.00031636199992135516,-0.0087502911865015,0.002470738123706498,0.2874823139546125,-0.18220042765803723,False,False,left_censored,,0.7703169955458747,0.5428191204627992,0.481384519485419,0.8027820930875907,0.8206572583436121,-0.008750291186501499,-0.20579200038955237,-0.48686483218186805,-0.7156053468417962,-0.1953270473373656,-0.18220042765803723,-0.011221029310207997
circular_honest,20260818,0,random,8,0,Pdiag pointwise (SE(3)),True,,0.006655079000211117,-0.0004471288249216353,0.00015872670280974867,0.26384116058211593,-0.18393949646769325,False,False,left_censored,,0.07205414288112387,-0.0008167298263708688,0.6783592218294315,0.7987282784519644,0.8190948990604516,-0.0004471288249216353,-0.33125794377270046,-0.40960494500156647,-0.18775248291490954,-0.19495409077103099,-0.18393949646769325,-0.000605855527731384
circular_honest,20260818,0,random,8,0,Pdiag finite (SE(3)),True,,19.095887610000318,0.12783656611477273,0.10658389085805559,0.0908466326961402,-0.14993184279876337,False,False,left_censored,,0.8112075204684431,0.546636361472283,0.7326537727698252,0.6312586338997115,0.8134238925326962,0.12783656611477276,-0.17984072470028767,-0.31971398204980117,-0.1733854522566768,-0.14993184279876337,-0.1888695935744522,0.021252675256717174
keyed,20280818,17,qualified,30,2,Frame-weighted (SE(3)),True,,0.0031708470000921807,0.8885383179560727,0.8091028249911423,0.14288171563370694,0.07943549296493024,False,False,right_censored,,0.8885383179560727,0.8885383179560727,0.8885383179560727,0.8885383179560727,0.8885383179560727,0.8885383179560727,0.07943549296493024,0.07943549296493024,0.07943549296493024,0.07943549296493024,0.07943549296493024,0.07943549296493024
keyed,20280818,17,qualified,30,2,Full operator (SE(3)),True,,0.00033489199995528907,0.8164093388925495,0.21432846693820207,0.08292382532872497,-0.12417505566377807,True,True,detected,0.6051593198222125,0.8079951193784555,0.8277597135730003,0.8884419627125887,0.7999717096965024,0.8169311546879159,0.8164093388925496,-0.19134190971273246,-0.1742954017563435,-0.12417505566377807,-0.19953838361221876,-0.18147522950952832,0.6020808719543476
keyed,20280818,17,qualified,30,2,Pdiag pointwise (SE(3)),True,,0.007247828999879857,0.8188225313916702,0.21415610217554498,0.0912532429147556,-0.11962689949567107,True,True,detected,0.6050942798904139,1.0280679889080397,0.9676409347133483,0.8611063481668011,0.7944966640938675,0.8171097083930919,0.81882253139167,-0.15303255801613735,-0.11962689949567107,-0.17546149215177653,-0.20435256584816763,-0.18139888294391504,0.604666429216125
keyed,20280818,17,qualified,30,2,Pdiag finite (SE(3)),True,,24.834687465000115,0.7642841448982384,0.3031870483862936,0.09134919176032102,-0.11294926839039943,False,True,detected,0.6125907539267215,0.8021241380334021,0.8157969849421051,0.8889242669817945,0.8198971593809028,0.8320805161948773,0.7642841448982385,-0.18683901111958634,-0.1567566839364446,-0.11294926839039943,-0.1466046047706252,-0.19577095114819476,0.4610970965119448
keyed,20260818,16,qualified,30,1,Frame-weighted (SE(3)),True,,0.002808707999975013,0.733851002428307,0.7159099456434448,0.16792289147842782,0.017941056784862353,False,False,right_censored,,0.7338510024283071,0.7338510024283071,0.7338510024283071,0.7338510024283071,0.7338510024283071,0.7338510024283071,0.017941056784862353,0.017941056784862353,0.017941056784862353,0.017941056784862353,0.017941056784862353,0.017941056784862353
keyed,20260818,16,qualified,30,1,Full operator (SE(3)),True,,0.000300196999887703,0.8236417230133811,0.21150434313659583,0.09621236320582784,-0.08389191494852577,True,True,detected,0.6047186949261746,0.7515861761797987,0.8861685638806049,0.8921708849636372,0.8209492763130952,0.7961401843328936,0.8236417230133813,-0.24825618294307716,-0.11237106517545004,-0.08389191494852577,-0.18076441129048648,-0.20386159927299052,0.6121373798767855
keyed,20260818,16,qualified,30,1,Pdiag pointwise (SE(3)),True,,0.006118957000126102,0.8233686253532039,0.21133208274864926,0.1814990521018478,-0.17748287954402153,True,True,detected,0.6047028265298862,1.0922147656255496,0.22949048301204183,0.7638491099465324,0.8187270969403272,0.7955964656845707,0.8233686253532039,-0.17748287954402153,-0.22961571536964864,-0.2251813593695451,-0.18162587278793574,-0.20431978877291157,0.6120365426045545
keyed,20260818,16,qualified,30,1,Pdiag finite (SE(3)),True,,192.6593848059997,0.7664070431046874,0.28368910194459795,0.09801399917568647,-0.047172562579744115,False,True,detected,0.6104484398980845,0.7414772796496929,0.9111512946177089,0.882278097639619,0.844517659922691,0.8080207687363508,0.7664070431046873,-0.2594245831308688,-0.047172562579744115,-0.12278846309874725,-0.11744576794874761,-0.2188539713686548,0.48271794116008937
keyed,20280818,14,random,30,2,Frame-weighted (SE(3)),True,,0.0033106869996117894,0.6871679986139497,0.6559071445254432,0.18271706748929992,0.03126085408850654,False,False,right_censored,,0.6871679986139497,0.6871679986139497,0.6871679986139497,0.6871679986139497,0.6871679986139497,0.6871679986139497,0.03126085408850654,0.03126085408850654,0.03126085408850654,0.03126085408850654,0.03126085408850654,0.03126085408850654
keyed,20280818,14,random,30,2,Full operator (SE(3)),True,,0.0003719770002135192,0.8258526760171392,0.2138860952456008,0.10796703750247083,-0.035208242313635174,True,True,detected,0.6049472972404468,0.8461128826953392,0.9613626576053009,0.6001091594511897,0.8145525855008053,0.8230183743550069,0.8258526760171391,-0.15159275145559425,-0.035208242313635174,-0.3722875973529034,-0.18400671403815239,-0.17608676352124675,0.6119665807715383
keyed,20280818,14,random,30,2,Pdiag pointwise (SE(3)),True,,0.007010923000052571,0.8279470165240198,0.2161764097228869,0.16374459095286673,-0.17735047855376074,True,True,detected,0.6059949892916944,0.6677818943284595,0.2915940930487437,0.6754138821452804,0.8153951359208983,0.8215736577483033,0.8279470165240198,-0.18683270150689857,-0.2153228601663551,-0.31933402706395664,-0.1831638823941738,-0.17735047855376074,0.611770606801133
keyed,20280818,14,random,30,2,Pdiag finite (SE(3)),True,,39.555010427999605,0.7913655348603467,0.29161340486425535,0.0880386822353804,-0.11384634488068812,False,True,detected,0.6126185376221208,0.8305829572795845,0.8627671051906358,0.8252163184600719,0.8388376701856086,0.8307814273572334,0.7913655348603467,-0.11384634488068812,-0.17058034827672075,-0.17828439599046086,-0.1491867755551738,-0.174436647923347,0.4997521299960913
circular_honest,20260818,3,qualified,8,0,Frame-weighted (SE(3)),True,,0.002976379999836354,0.5406922841221076,0.6952867228495059,0.22471330080763646,-0.1545944387273983,False,False,right_censored,,0.5406922841221076,0.5406922841221076,0.5406922841221076,0.5406922841221076,0.5406922841221076,0.5406922841221076,-0.1545944387273983,-0.1545944387273983,-0.1545944387273983,-0.1545944387273983,-0.1545944387273983,-0.1545944387273983
circular_honest,20260818,3,qualified,8,0,Full operator (SE(3)),True,,0.00030841399984637974,0.05586762114573163,-0.006543892372152509,0.1035713748944473,-0.07251421724755158,False,False,left_censored,,0.8234680468674604,0.6617216465811719,0.8303820479278844,0.8012571066317297,0.8777339040826394,0.05586762114573163,-0.1955631122370305,-0.37095525186607814,-0.07251421724755158,-0.19872825058240184,-0.14190066482652763,0.06241151351788414
circular_honest,20260818,3,qualified,8,0,Pdiag pointwise (SE(3)),True,,0.006728572000156419,-0.002501918525343499,-0.0009831969691729446,0.25026606063751067,-0.09814219990544704,False,False,left_censored,,-0.2073056910487423,1.157806618132817,0.766853988086185,0.8015583798865332,0.832107758116605,-0.0025019185253434993,-0.4167937010977047,-0.09814219990544704,-0.2420261227023387,-0.1988415426582758,-0.1741232887496671,-0.0015187215561705547
circular_honest,20260818,3,qualified,8,0,Pdiag finite (SE(3)),True,,16.900336548999803,0.1295490506379033,0.09830248805950449,0.07670800376472411,-0.14302516891054617,False,False,left_censored,,0.8694689254913308,0.7827170137479544,0.7926568204909659,0.8066222598386651,0.850617295083106,0.1295490506379033,-0.29200738849412455,-0.14302516891054617,-0.1610440573944325,-0.20052513827608476,-0.22989143094181397,0.031246562578398848
keyed,20260818,1,random,8,1,Frame-weighted (SE(3)),True,,0.006642266000199015,1.0087063951996356,0.8330267253309781,0.1678997081564768,0.17567966986865735,False,False,right_censored,,1.0087063951996356,1.0087063951996356,1.0087063951996356,1.0087063951996356,1.0087063951996356,1.0087063951996356,0.17567966986865735,0.17567966986865735,0.17567966986865735,0.17567966986865735,0.17567966986865735,0.17567966986865735
keyed,20260818,1,random,8,1,Full operator (SE(3)),True,,0.0006939529998817306,0.8072290745208734,0.21289424920120797,0.21511383304844633,0.3537138123653065,True,True,detected,0.6054016374080774,0.7888747743012243,0.39159642974163533,1.2775558712685515,0.8181958151168263,0.7246787679410701,0.8072290745208731,-0.20091001146348586,-0.6040475819372512,0.3537138123653065,-0.1857022464832907,-0.27182555529296415,0.5943348253196651
keyed,20260818,1,random,8,1,Pdiag pointwise (SE(3)),True,,0.016791451000244706,0.8038133353614181,0.21126059937896302,0.45807774129460377,0.8728834567943061,False,True,detected,0.6048643945982328,0.5191709410081418,1.3424264210432266,1.6892049994988247,0.8085111337021186,0.7316891394038778,0.803813335361418,-0.36336265501411025,0.22385241940195333,0.8728834567943061,-0.1946341090537428,-0.2668365975683311,0.592552735982455
keyed,20260818,1,random,8,1,Pdiag finite (SE(3)),True,,216.25415338999983,0.6837556229926656,0.33765470651680213,0.11521420876776224,0.046360913307885165,False,True,detected,0.6136509327201072,0.5351944462319866,0.9873712984254064,1.0430561683625832,0.8649205459941226,0.6992336250669993,0.6837556229926658,-0.3032834319060528,-0.031142914664178845,0.046360913307885165,-0.11176544048561221,-0.22832044389175898,0.3461009164758636
circular_honest,20260818,4,qualified,8,1,Frame-weighted (SE(3)),True,,0.002976857999783533,0.6284973863506763,0.6992898772965404,0.19241192892956985,-0.07079249094586415,False,False,right_censored,,0.6284973863506762,0.6284973863506762,0.6284973863506762,0.6284973863506762,0.6284973863506762,0.6284973863506762,-0.07079249094586415,-0.07079249094586415,-0.07079249094586415,-0.07079249094586415,-0.07079249094586415,-0.07079249094586415
circular_honest,20260818,4,qualified,8,1,Full operator (SE(3)),True,,0.0003330619997541362,0.009688598106860333,0.0023452343137183754,0.09723057150945479,0.27758091976110855,False,False,left_censored,,0.9023239779464559,0.8365086902441305,1.2570009553559391,0.8667255360894444,0.8386601780807753,0.009688598106860331,-0.05151451212845015,-0.2535880515754103,0.27758091976110855,-0.13254087171888018,-0.1709052301722015,0.007343363793141955
circular_honest,20260818,4,qualified,8,1,Pdiag pointwise (SE(3)),True,,0.00705562600023768,0.006660406747454283,0.0008195387214173445,0.15499036648738068,0.0010601099093417998,False,False,left_censored,,0.27834189121213093,1.372102741130839,0.9303325067457817,0.8109425228418498,0.8361533938573131,0.006660406747454283,-0.17567086694818324,-0.07978229134313564,0.0010601099093417998,-0.19188029786859484,-0.1696347555310045,0.005840868026036939
circular_honest,20260818,4,qualified,8,1,Pdiag finite (SE(3)),True,,17.75947027600023,0.14697623881094046,0.10994843823371094,0.058965075360856926,-0.022955968087807976,False,False,left_censored,,0.7549070862082301,0.7871231717311395,0.9716783714148653,0.8474601547605731,0.851141934634266,0.14697623881094046,-0.058692958577534426,-0.21071358840010324,-0.022955968087807976,-0.18364412912756367,-0.17146791822063923,0.03702780057722953
circular_honest,20260818,7,random,15,1,Frame-weighted (SE(3)),True,,0.0030257859998528147,0.3529567817868901,0.5425541473516627,0.3125861073064485,-0.18959736556477286,False,False,right_censored,,0.35295678178689,0.35295678178689,0.35295678178689,0.35295678178689,0.35295678178689,0.35295678178689,-0.18959736556477286,-0.18959736556477286,-0.18959736556477286,-0.18959736556477286,-0.18959736556477286,-0.18959736556477286
circular_honest,20260818,7,random,15,1,Full operator (SE(3)),True,,0.0003286289997959102,0.003606604009247275,-0.0001895070437603069,0.0652991617051999,-0.09260975089437073,False,False,left_censored,,0.8040003133720627,0.8008494546652538,0.819347464409173,0.7870396957979888,0.8191795612976588,0.0036066040092472733,-0.20258392690012295,-0.3136696297056325,-0.09260975089437073,-0.2167955448729415,-0.18077128420520283,0.00379611105300758
circular_honest,20260818,7,random,15,1,Pdiag pointwise (SE(3)),True,,0.007166346999838424,-0.0026540157992812337,-6.412256708662224e-05,0.3388404361357634,-0.15012752863052503,False,False,left_censored,,0.7690569042857165,-0.5399553236974511,0.8061167693131912,0.8035537924658231,0.8197969882756081,-0.002654015799281233,-0.20947656655274138,-0.548644897173709,-0.15012752863052503,-0.1938627114543623,-0.1796176298974136,-0.0025898932321946106
circular_honest,20260818,7,random,15,1,Pdiag finite (SE(3)),True,,15.975924066000061,0.09235779001305594,0.058259980683058085,0.06126160896475126,-0.08274972491026922,False,False,left_censored,,0.8375410508484902,0.7308147148349741,0.884028347733127,0.8253911092167572,0.817055853260871,0.09235779001305594,-0.1929912471471018,-0.24484638291423322,-0.08274972491026922,-0.16942722996943316,-0.19247560608037795,0.034097809329997876
circular_honest,20260818,5,qualified,8,2,Frame-weighted (SE(3)),True,,0.002889187000164384,0.7045961625314147,0.8470327707700654,0.2044832750633527,-0.14243660823865067,False,False,right_censored,,0.7045961625314148,0.7045961625314148,0.7045961625314148,0.7045961625314148,0.7045961625314148,0.7045961625314148,-0.14243660823865067,-0.14243660823865067,-0.14243660823865067,-0.14243660823865067,-0.14243660823865067,-0.14243660823865067
circular_honest,20260818,5,qualified,8,2,Full operator (SE(3)),True,,0.000314776000323036,2.9190562622887817e-05,-0.000868404516095705,0.2751125452785848,0.12340137474630242,False,False,left_censored,,0.6712410676130303,0.6774209761991081,0.5233564856624835,0.824553733951344,0.7800076400098446,2.9190562622888162e-05,-0.32829240157963224,0.12340137474630242,-0.4146853174112748,-0.18051327144640195,-0.20095021972946958,0.0008975950787185932
circular_honest,20260818,5,qualified,8,2,Pdiag pointwise (SE(3)),True,,0.006687226999929408,0.0007951415326854039,0.0012331141883361464,0.13304760191698028,-0.08762391726628427,False,False,left_censored,,1.347436293698436,0.666134821213725,0.6706374126960558,0.8145754579545904,0.8250339976431128,0.0007951415326854041,-0.08762391726628427,-0.25290795486259365,-0.34555169562774923,-0.1838520549990098,-0.16911046400071983,-0.00043797265565074226
circular_honest,20260818,5,qualified,8,2,Pdiag finite (SE(3)),True,,20.76041567900029,0.10869143166979293,0.0874269751319836,0.09214800912034281,-0.141976862114225,False,False,left_censored,,0.8211040978900058,0.6072814774147075,0.7173207375926991,0.9015096204736628,0.8034074078972274,0.10869143166979298,-0.21162419073219219,-0.20677328133891515,-0.2638707324563013,-0.141976862114225,-0.16303875100709453,0.021264456537809395
circular_honest,20260818,6,random,15,0,Frame-weighted (SE(3)),True,,0.003022015000169631,0.5063471311533548,0.6602380794446444,0.24175358960742438,-0.1538909482912897,False,False,right_censored,,0.5063471311533547,0.5063471311533547,0.5063471311533547,0.5063471311533547,0.5063471311533547,0.5063471311533547,-0.1538909482912897,-0.1538909482912897,-0.1538909482912897,-0.1538909482912897,-0.1538909482912897,-0.1538909482912897
circular_honest,20260818,6,random,15,0,Full operator (SE(3)),True,,0.00032678599973223754,-0.0028566435736804446,0.0007319947366181415,0.07327671587698407,-0.18011144079460317,False,False,left_censored,,0.8020100514129993,0.7650431624465172,0.7618980769721456,0.8086929128284919,0.8154114168074438,-0.0028566435736804446,-0.18319121950065398,-0.24180459716831415,-0.25503472799613836,-0.1909697569550507,-0.18011144079460317,-0.0035886383102985858
circular_honest,20260818,6,random,15,0,Pdiag pointwise (SE(3)),True,,0.006959718999951292,-0.0022873789079850644,0.0001794232812100602,0.42960673684928585,-0.007436793404888897,False,False,left_censored,,-0.2970108832596152,1.8282457484842698,0.6734985870022422,0.7975535971567693,0.8221204999137192,-0.002287378907985065,-0.42025772310911197,-0.007436793404888897,-0.3380381848420889,-0.2025431902824104,-0.17632595522794114,-0.002466802189195125
circular_honest,20260818,6,random,15,0,Pdiag finite (SE(3)),True,,19.866516514000068,0.09660702260559027,0.07024149496353978,0.09094056128368479,-0.14057385960778745,False,False,left_censored,,0.6236949960611956,0.8345079452922949,0.7311003262548164,0.8296320470822157,0.6718475176664621,0.09660702260559029,-0.21626069046991403,-0.20610811790009997,-0.2632323228191463,-0.1724006836457853,-0.14057385960778745,0.026365527642050496
circular_honest,20260818,2,random,8,2,Frame-weighted (SE(3)),True,,0.003093248999903153,0.11343328560404535,0.31811968758039155,0.5365513395429439,-0.20468640197634624,False,False,left_censored,,0.11343328560404538,0.11343328560404538,0.11343328560404538,0.11343328560404538,0.11343328560404538,0.11343328560404538,-0.20468640197634624,-0.20468640197634624,-0.20468640197634624,-0.20468640197634624,-0.20468640197634624,-0.20468640197634624
circular_honest,20260818,2,random,8,2,Full operator (SE(3)),True,,0.00032404800003860146,-0.005283756428106243,0.003917694591162789,0.07798323762799196,-0.10390821914179937,False,False,left_censored,,0.844638591403476,0.7404393971669927,0.8438245919740192,0.776755317478967,0.8247553808707494,-0.005283756428106245,-0.15570908338019973,-0.27042154952985187,-0.10390821914179937,-0.22612105729875842,-0.1611435500229731,-0.009201451019269034
circular_honest,20260818,2,random,8,2,Pdiag pointwise (SE(3)),True,,0.006872651000321639,0.009527695347786193,0.0006771043239901992,0.5916355826297829,-0.1767815515267609,False,False,left_censored,,-0.6621313440194259,-0.22966594344087038,0.5999861584360928,0.8042561734542154,0.8271442919711908,0.009527695347786193,-0.44443244151538674,-0.44062771582023974,-0.23937408204436195,-0.19612389673274377,-0.1767815515267609,0.008850591023795994
circular_honest,20260818,2,random,8,2,Pdiag finite (SE(3)),True,,31.467277521000142,0.07988368917582894,0.07250368054888562,0.0669260894667182,-0.1523319768729291,False,False,left_censored,,0.7637258960930428,0.7905859862219679,0.8821171186923632,0.7990786372615075,0.8403915944051056,0.07988368917582891,-0.1764639140846206,-0.15915790775700778,-0.1740374630092586,-0.1523319768729291,-0.21444721275527934,0.0073800086269432685
circular_honest,20260818,10,qualified,15,1,Frame-weighted (SE(3)),True,,0.00280617299995356,0.40927822100752903,0.5968560422984961,0.2767057243340924,-0.18757782129096712,False,False,right_censored,,0.40927822100752886,0.40927822100752886,0.40927822100752886,0.40927822100752886,0.40927822100752886,0.40927822100752886,-0.18757782129096712,-0.18757782129096712,-0.18757782129096712,-0.18757782129096712,-0.18757782129096712,-0.18757782129096712
circular_honest,20260818,10,qualified,15,1,Full operator (SE(3)),True,,0.0003186810004081053,-0.004844860854351359,0.0009713132973449605,0.056168692169710044,-0.14922675091180648,False,False,left_censored,,0.8345926140789303,0.7922869793781807,0.878112857044799,0.8079004382821489,0.8299683387623064,-0.004844860854351357,-0.1499925037901917,-0.2621825783789028,-0.14922675091180648,-0.19033725786800082,-0.1710585228148057,-0.005816174151696317
circular_honest,20260818,10,qualified,15,1,Pdiag pointwise (SE(3)),True,,0.0067284849997122365,-0.0006338171299464421,0.0003882382414976608,0.11337153116524248,-0.17085300261465353,False,False,left_censored,,0.6360550415100499,0.31372047226697186,0.7369676109377553,0.803548173925392,0.8316202974505902,-0.0006338171299464417,-0.2030312661419602,-0.3770713967135747,-0.22202631279040297,-0.19177252406306,-0.17085300261465353,-0.0010220553714441027
circular_honest,20260818,10,qualified,15,1,Pdiag finite (SE(3)),True,,14.337393420999888,0.12728928017751256,0.10393912224120035,0.07142127325842403,-0.16179241364663777,False,False,left_censored,,0.7476505911792912,0.765565700398013,0.793993052234493,0.8140832046814697,0.7605640685749409,0.12728928017751256,-0.16179241364663777,-0.3141770043891723,-0.17187248757990936,-0.1743393744290378,-0.18013488715978154,0.023350157936312177
circular_honest,20260818,9,qualified,15,0,Frame-weighted (SE(3)),True,,0.0030760570002712484,0.464195634747024,0.6146367624884805,0.24981137656288743,-0.15044112774145663,False,False,right_censored,,0.464195634747024,0.464195634747024,0.464195634747024,0.464195634747024,0.464195634747024,0.464195634747024,-0.15044112774145663,-0.15044112774145663,-0.15044112774145663,-0.15044112774145663,-0.15044112774145663,-0.15044112774145663
circular_honest,20260818,9,qualified,15,0,Full operator (SE(3)),True,,0.0003223119997528556,-0.003535948342797161,3.3088553976271044e-05,0.054170916035539717,-0.132740755222712,False,False,left_censored,,0.8030996025558172,0.8993362570734977,0.8054685888409985,0.8114638347688706,0.8182214571151412,-0.0035359483427971606,-0.21245756069961175,-0.13275911633159798,-0.132740755222712,-0.18259625577492977,-0.18156976071574638,-0.0035690368967734314
circular_honest,20260818,9,qualified,15,0,Pdiag pointwise (SE(3)),True,,0.0070125629999893135,0.0024962249557124697,-0.00018676319113475817,0.10891640333134563,-0.16574852753774716,False,False,left_censored,,0.9620313513003037,0.3041827730722891,0.7996559038447277,0.7987278372941321,0.8189293685416931,0.0024962249557124684,-0.16574852753774716,-0.28833538820337495,-0.19087359332715625,-0.19483053366454195,-0.18050785731560437,0.0026829881468472265
circular_honest,20260818,9,qualified,15,0,Pdiag finite (SE(3)),True,,17.416511808999985,0.11122900860268825,0.08730460329999962,0.06374578590868649,-0.12295308823750761,False,False,left_censored,,0.727449622454246,0.8106642796132287,0.8704211700193312,0.7865218689793384,0.8768719108853709,0.11122900860268825,-0.19683472932924062,-0.16396607112598405,-0.12295308823750761,-0.1664407673300643,-0.2039319544867746,0.023924405302688634
circular_honest,20260818,11,qualified,15,2,Frame-weighted (SE(3)),True,,0.009211559000050329,0.4011225938814436,0.5749091857112747,0.2794183151072417,-0.1737865918298312,False,False,right_censored,,0.4011225938814436,0.4011225938814436,0.4011225938814436,0.4011225938814436,0.4011225938814436,0.4011225938814436,-0.1737865918298312,-0.1737865918298312,-0.1737865918298312,-0.1737865918298312,-0.1737865918298312,-0.1737865918298312
circular_honest,20260818,11,qualified,15,2,Full operator (SE(3)),True,,0.0009247399998457695,-0.002553934846171325,-0.0004894210716366804,0.054848344756599055,-0.022221324905684847,False,False,left_censored,,0.8530877480657101,0.7789000415963712,1.0136583414901665,0.8093227225242303,0.8220602423891391,-0.0025539348461713247,-0.12177497351010103,-0.25417832527082984,-0.022221324905684847,-0.18601108365081065,-0.1691800240223844,-0.0020645137745346443
circular_honest,20260818,11,qualified,15,2,Pdiag pointwise (SE(3)),True,,0.019109222999759368,0.0008931719875093291,-0.001171036739145189,0.18879466515171428,-0.05613593620722779,False,False,left_censored,,-0.024409069813431508,0.5305844724765063,1.0244783666221726,0.8037487797071258,0.8233418315225793,0.0008931719875093288,-0.3317356041387568,-0.2843465134117523,-0.05613593620722779,-0.18895886003432516,-0.17309340731046607,0.0020642087266545175
circular_honest,20260818,11,qualified,15,2,Pdiag finite (SE(3)),True,,15.044387684999947,0.12227996029029803,0.0900387864083417,0.05746922524379403,-0.0721423606661118,False,False,left_censored,,0.8160761774322718,0.7424490015915234,0.9160635178625983,0.8123515570613984,0.8370482736928447,0.12227996029029801,-0.14527808190821245,-0.2316322183134344,-0.0721423606661118,-0.15199248571666069,-0.17678287815985627,0.03224117388195631
keyed,20280818,15,qualified,30,0,Frame-weighted (SE(3)),True,,0.007860616000016307,0.5914012360472537,0.667205644528108,0.22310765267147806,-0.07580440848085435,False,False,right_censored,,0.5914012360472538,0.5914012360472538,0.5914012360472538,0.5914012360472538,0.5914012360472538,0.5914012360472538,-0.07580440848085435,-0.07580440848085435,-0.07580440848085435,-0.07580440848085435,-0.07580440848085435,-0.07580440848085435
keyed,20280818,15,qualified,30,0,Full operator (SE(3)),True,,0.0007613610000589688,0.36973217079714354,0.21116112939349546,0.1761136232483291,0.03231563189542874,False,True,detected,0.6031691457988012,0.8692820845424033,1.04032585312839,0.5894868255902,0.8283168753443335,0.8184378739742348,0.36973217079714343,-0.14272059848783913,0.03231563189542874,-0.36830202638368803,-0.17070690196654492,-0.18010722783246247,0.15857104140364806
keyed,20280818,15,qualified,30,0,Pdiag pointwise (SE(3)),True,,0.0192022710002675,0.49449304282813855,0.21027300862148757,0.19123187768788755,-0.11602416260879561,False,True,detected,0.6026387275558369,0.5330621223928965,0.4957426474643673,0.6913277580979323,0.8353356817846866,0.8094408057459905,0.4944930428281385,-0.21943396654527358,-0.11602416260879561,-0.3501364956281475,-0.16423517932847953,-0.18888029181779786,0.284220034206651
keyed,20280818,15,qualified,30,0,Pdiag finite (SE(3)),True,,59.35959458799971,0.7599347864020203,0.277836115844345,0.08547020649597623,-0.07550036433260088,False,True,detected,0.6088468677289082,0.8654856681715273,0.9271092398550507,0.7790643499642126,0.8255699390837485,0.8307582052047253,0.7599347864020203,-0.13652167568729845,-0.07550036433260088,-0.223186588261996,-0.17733400353488027,-0.14924993289068156,0.4820986705576753
keyed,20280818,11,qualified,15,2,Frame-weighted (SE(3)),True,,0.007577126999876782,0.5513385960570873,0.6216613625476414,0.23240944587467646,-0.07032276649055402,False,False,right_censored,,0.5513385960570875,0.5513385960570875,0.5513385960570875,0.5513385960570875,0.5513385960570875,0.5513385960570875,-0.07032276649055402,-0.07032276649055402,-0.07032276649055402,-0.07032276649055402,-0.07032276649055402,-0.07032276649055402
keyed,20280818,11,qualified,15,2,Full operator (SE(3)),True,,0.0007036130000415142,0.8210791377926863,0.20764936950147408,0.08691454708183985,-0.09029108709652767,True,True,detected,0.6030806899235533,0.8333203706985602,0.7251673713018153,0.991950167895782,0.8079248025636369,0.8218570892199862,0.8210791377926864,-0.1648430832572103,-0.2775459735849456,-0.09029108709652767,-0.19229004559992713,-0.1769715462075968,0.6134297682912123
keyed,20280818,11,qualified,15,2,Pdiag pointwise (SE(3)),True,,0.019364139000117575,0.8249921732963155,0.20540195135871867,0.2383344710308114,-0.1433955167257126,True,True,detected,0.6021695802563778,-0.0912462803919552,0.4757682417013167,0.9506819887052416,0.7952750718685023,0.8209272903435579,0.8249921732963156,-0.40568653906002955,-0.310000901720183,-0.1433955167257126,-0.2040338096283577,-0.17776389868805675,0.6195902219375972
keyed,20280818,11,qualified,15,2,Pdiag finite (SE(3)),True,,82.77060966699992,0.8010145075420618,0.2784504975896149,0.10032727510512246,-0.14672620645218282,True,True,detected,0.608535735009531,0.7804776614876289,0.6708277879526995,0.8525513222395326,0.7979723477705164,0.8289885409863963,0.8010145075420617,-0.19941810016109374,-0.2820571068326925,-0.14672620645218282,-0.1643016345199858,-0.18559546766952562,0.5225640099524469
keyed,20280818,13,random,30,1,Frame-weighted (SE(3)),True,,0.003787062000355945,0.4871523996195605,0.5602768346408122,0.29313967556259185,-0.07312443502125165,False,True,detected,0.6896693675124796,0.4871523996195606,0.4871523996195606,0.4871523996195606,0.4871523996195606,0.4871523996195606,0.4871523996195606,-0.07312443502125165,-0.07312443502125165,-0.07312443502125165,-0.07312443502125165,-0.07312443502125165,-0.07312443502125165
keyed,20280818,13,random,30,1,Full operator (SE(3)),True,,0.0004974440003024938,0.48415843019463284,0.21214309644654006,0.12709064151935565,-0.03202436907041628,False,True,detected,0.6050111843682134,0.8871611176774548,0.9700001383937535,0.743814911800716,0.8415583233391155,0.8200305244625764,0.4841584301946327,-0.121832929372232,-0.03202436907041628,-0.25562152351810596,-0.15690895102304026,-0.17705950964465833,0.27201533374809267
keyed,20280818,13,random,30,1,Pdiag pointwise (SE(3)),True,,0.007864787000016804,0.5351263118719685,0.21207604693260532,0.2881574286227793,-0.13073894036251807,False,True,detected,0.6046605942536035,0.3022243483729609,0.1869664918535108,0.6359387277215116,0.8404526652916193,0.8200157438269478,0.5351263118719684,-0.30569086718165667,-0.13073894036251807,-0.3722251196339583,-0.15848927504766108,-0.1772360433951079,0.32305026493936306
keyed,20280818,13,random,30,1,Pdiag finite (SE(3)),True,,73.56399500599991,0.757833598793047,0.2824269526733031,0.08827510568904202,-0.010441293828601372,False,True,detected,0.6114311501514355,0.8340699947458801,0.9661980417921733,0.7806457027380727,0.8212854212020183,0.8243466256235799,0.7578335987930468,-0.18572868036749335,-0.010441293828601372,-0.22207149511463453,-0.15642320025700296,-0.1819256762291266,0.47540664611974376
circular_honest,20260818,8,random,15,2,Frame-weighted (SE(3)),True,,0.0029072460001771105,0.6613313208337965,0.7774474498934671,0.18468135987016965,-0.11611612905967061,False,False,right_censored,,0.6613313208337962,0.6613313208337962,0.6613313208337962,0.6613313208337962,0.6613313208337962,0.6613313208337962,-0.11611612905967061,-0.11611612905967061,-0.11611612905967061,-0.11611612905967061,-0.11611612905967061,-0.11611612905967061
circular_honest,20260818,8,random,15,2,Full operator (SE(3)),True,,0.00030325399984576507,-0.003829788368040161,-0.00032958301080672817,0.05171311284876687,-0.15301101778564496,False,False,left_censored,,0.852019227250024,0.8447240744618796,0.8834953167515475,0.8106898421610677,0.8264001985549291,-0.0038297883680401606,-0.15301101778564496,-0.16047778533445078,-0.18383581201753174,-0.18328202219826428,-0.17300594087052124,-0.0035002053572334322
circular_honest,20260818,8,random,15,2,Pdiag pointwise (SE(3)),True,,0.006774855999992724,0.008796509729825722,-0.00012048351699232295,0.09877153038240839,-0.031758657735046825,False,False,left_censored,,1.3838909796208125,0.6498801800452049,0.8646466007290762,0.8033749448455104,0.8293460553879851,0.008796509729825723,-0.031758657735046825,-0.21584880697680742,-0.14972387107695917,-0.19170802499323547,-0.17019502767135308,0.008916993246818047
circular_honest,20260818,8,random,15,2,Pdiag finite (SE(3)),True,,33.26621389999991,0.1215155840749641,0.07843529019915504,0.06488884797177713,-0.1080610902563851,False,False,left_censored,,0.9829073903132428,0.8507528382557084,0.8879449635861199,0.8375218688752267,0.8155566104762723,0.12151558407496417,-0.2614532181704641,-0.16425965483033544,-0.1080610902563851,-0.13667895514841855,-0.1606833963092026,0.0430802938758091
circular_honest,20260818,1,random,8,1,Frame-weighted (SE(3)),True,,0.007753467999918939,0.6426001883838031,0.7839447350076812,0.19044897900736105,-0.1413445466238783,False,False,right_censored,,0.642600188383803,0.642600188383803,0.642600188383803,0.642600188383803,0.642600188383803,0.642600188383803,-0.1413445466238783,-0.1413445466238783,-0.1413445466238783,-0.1413445466238783,-0.1413445466238783,-0.1413445466238783
circular_honest,20260818,1,random,8,1,Full operator (SE(3)),True,,0.0007498500003748632,0.022812453105381655,0.0014708717711242672,0.07025853773418173,-0.15856663871924837,False,False,left_censored,,0.8019868376776457,0.7694787499997949,0.6919738269955331,0.7840249839917351,0.8423978405602994,0.02281245310538166,-0.17974630735848574,-0.24444775596041313,-0.1877064316637186,-0.21225312785142691,-0.15856663871924837,0.021341581334257394
circular_honest,20260818,1,random,8,1,Pdiag pointwise (SE(3)),True,,0.019992986000033852,0.03637296153219529,0.00046295681989184305,0.0867472848703324,-0.11107427781174972,False,False,left_censored,,0.6008070196035418,1.0019853668242975,0.6064668909103786,0.8030939617559067,0.8411892173194307,0.03637296153219529,-0.27233771493551184,-0.11107427781174972,-0.16770914020704686,-0.1928438787536617,-0.15476442320329153,0.03591000471230345
circular_honest,20260818,1,random,8,1,Pdiag finite (SE(3)),True,,62.201008856000044,0.19209127845111854,0.1789241659024865,0.07867726122779704,-0.03458529176223146,False,False,left_censored,,0.5678490583552157,0.8597836081597268,0.9209048112141316,0.82201116323907,0.7735428049805441,0.19209127845111854,-0.26473040872139675,-0.14395790889696114,-0.03458529176223146,-0.13531261282747742,-0.16011654858933877,0.013167112548631982
circular_honest,20270818,1,random,8,1,Frame-weighted (SE(3)),True,,0.0030935310001041216,0.6291608761726383,0.790977176228992,0.19711617275068347,-0.1618163000563534,False,False,right_censored,,0.6291608761726384,0.6291608761726384,0.6291608761726384,0.6291608761726384,0.6291608761726384,0.6291608761726384,-0.1618163000563534,-0.1618163000563534,-0.1618163000563534,-0.1618163000563534,-0.1618163000563534,-0.1618163000563534
circular_honest,20270818,1,random,8,1,Full operator (SE(3)),True,,0.0003799619998972048,0.01462170957305899,0.00042909653077866707,0.08879422841440364,-0.15430065155638906,False,False,left_censored,,0.8074236994861537,0.6055593995991478,0.8222087713013891,0.7869368071049121,0.8008427826247602,0.014621709573058996,-0.15430065155638906,-0.36072561596214126,-0.1708987792696569,-0.2133137971336716,-0.17228515169782077,0.01419261304228033
circular_honest,20270818,1,random,8,1,Pdiag pointwise (SE(3)),True,,0.006808034000187035,0.008002650121667015,-0.0006876806830717054,0.08014893103149459,-0.17542380738448593,False,False,left_censored,,0.6718406630357566,0.9193903760330886,0.6003809483995697,0.8016301952556801,0.81533541280182,0.008002650121667015,-0.20465393321159775,-0.19027793748315758,-0.21845944340004808,-0.19802183700937592,-0.17542380738448593,0.008690330804738721
circular_honest,20270818,1,random,8,1,Pdiag finite (SE(3)),True,,19.305010662000313,0.17355906977285301,0.179794420634018,0.07683262184440938,-0.09099101760487904,False,False,left_censored,,0.6203629815018669,0.7869719837273945,0.9087188726817562,0.8232780276800411,0.7760413101658675,0.17355906977285301,-0.21825685211909795,-0.21083550788316252,-0.09099101760487904,-0.15742927479293378,-0.13989978897629507,-0.006235350861164973
circular_honest,20260818,13,random,30,1,Frame-weighted (SE(3)),True,,0.0031287360002352216,0.2952134700830213,0.49815198504932917,0.35643009576196855,-0.20293851496630783,False,False,left_censored,,0.29521347008302123,0.29521347008302123,0.29521347008302123,0.29521347008302123,0.29521347008302123,0.29521347008302123,-0.20293851496630783,-0.20293851496630783,-0.20293851496630783,-0.20293851496630783,-0.20293851496630783,-0.20293851496630783
circular_honest,20260818,13,random,30,1,Full operator (SE(3)),True,,0.00033946500025194837,4.776554540130866e-05,-0.0001000745983236404,0.06286951909509723,-0.17612952664380732,False,False,left_censored,,0.8169854118088788,0.8114105115433681,0.786857994469965,0.7955916784376861,0.8241757092620621,4.7765545401308684e-05,-0.17612952664380732,-0.2308869359550869,-0.20324165858863008,-0.20406343903397195,-0.17668051513803884,0.0001478401437249491
circular_honest,20260818,13,random,30,1,Pdiag pointwise (SE(3)),True,,0.007032570999854215,9.882524876438897e-05,-0.0003053918227104157,0.23301914424293177,-0.17902915275561926,False,False,left_censored,,0.3017466374640066,-0.04909426238086305,0.7406090073088041,0.7973461932961601,0.8235589503124322,9.882524876438885e-05,-0.2940347482691938,-0.40918047525764156,-0.25381717185392283,-0.20000723796262987,-0.17902915275561926,0.00040421707147480455
circular_honest,20260818,13,random,30,1,Pdiag finite (SE(3)),True,,34.556344528999944,0.11075813622453574,0.08304326324402474,0.06896176879553509,-0.1686841874872722,False,False,left_censored,,0.8361069779289909,0.7825183235253879,0.7759271106769837,0.8064738307479021,0.8166802757961559,0.11075813622453573,-0.17823098461836318,-0.22785838918038026,-0.21258642516610549,-0.1686841874872722,-0.20082088877394966,0.027714872980510993
circular_honest,20270818,4,qualified,8,1,Frame-weighted (SE(3)),True,,0.0028873599999315047,0.564338669677589,0.6873673851442412,0.21491000459986878,-0.12302871546665228,False,False,right_censored,,0.5643386696775889,0.5643386696775889,0.5643386696775889,0.5643386696775889,0.5643386696775889,0.5643386696775889,-0.12302871546665228,-0.12302871546665228,-0.12302871546665228,-0.12302871546665228,-0.12302871546665228,-0.12302871546665228
circular_honest,20270818,4,qualified,8,1,Full operator (SE(3)),True,,0.0003062299997509399,0.0015367926713088773,0.002551550189426232,0.06350600705991824,-0.13256459466382087,False,False,left_censored,,0.8044777381671055,0.8880697575803097,0.7933070410997312,0.7754690844476309,0.8268855063960807,0.001536792671308876,-0.19953426508215122,-0.13256459466382087,-0.1725129805296992,-0.21026996688953492,-0.1806465493726661,-0.0010147575181173561
circular_honest,20270818,4,qualified,8,1,Pdiag pointwise (SE(3)),True,,0.00692605399990498,-0.0028677055083279972,0.001328615417566534,0.1771148936745315,-0.045547422340713295,False,False,left_censored,,0.20268214093927855,1.3586321080864545,0.6163881596450195,0.7970832062726636,0.8258596879670412,-0.0028677055083279977,-0.2876106940656077,-0.045547422340713295,-0.2801715687126376,-0.18382426286128395,-0.1750023797154212,-0.004196320925894532
circular_honest,20270818,4,qualified,8,1,Pdiag finite (SE(3)),True,,12.569232125000326,0.12089494341037019,0.11365679567279338,0.07560040591652863,-0.155172307704189,False,False,left_censored,,0.6509175719456644,0.7792442333146455,0.8027913775876252,0.8407540365326445,0.8100308739741731,0.12089494341037016,-0.1992005274540638,-0.17222487935403974,-0.155172307704189,-0.18331775337410194,-0.2146940725933537,0.007238147737576833
circular_honest,20260818,14,random,30,2,Frame-weighted (SE(3)),True,,0.007679248999920674,0.4138780124197655,0.5936462669786513,0.2766577443076931,-0.17976825455888568,False,False,right_censored,,0.41387801241976563,0.41387801241976563,0.41387801241976563,0.41387801241976563,0.41387801241976563,0.41387801241976563,-0.17976825455888568,-0.17976825455888568,-0.17976825455888568,-0.17976825455888568,-0.17976825455888568,-0.17976825455888568
circular_honest,20260818,14,random,30,2,Full operator (SE(3)),True,,0.0007203520003713493,-0.006352872067622662,0.0007502366561912995,0.061302606793519024,-0.16872141825734188,False,False,left_censored,,0.8207960399107347,0.7380157100188424,0.8078545175018971,0.8036694708439136,0.8260696960108939,-0.006352872067622664,-0.1749343001637701,-0.2539325742620986,-0.20343264690378826,-0.19437586103521887,-0.16872141825734188,-0.007103108723813963
circular_honest,20260818,14,random,30,2,Pdiag pointwise (SE(3)),True,,0.01878365800030224,-0.0007221693202203784,0.0006051323403621526,0.15432528384776603,-0.1732600153048105,False,False,left_censored,,0.647640882453311,0.10078581967672694,0.7547040617370131,0.7998245585776443,0.8246801426761036,-0.0007221693202203784,-0.20991874530323318,-0.4115834294757421,-0.252384176302308,-0.1984523644812819,-0.1732600153048105,-0.0013273016605825309
circular_honest,20260818,14,random,30,2,Pdiag finite (SE(3)),True,,38.79678822699998,0.1218413715919209,0.09536191864368485,0.06978840751698798,-0.1768252448706843,False,False,left_censored,,0.7540926218704473,0.7819529565304564,0.8227619416466091,0.8059094204624784,0.8256230055421113,0.12184137159192086,-0.1768252448706843,-0.2613370417811627,-0.19312291308102292,-0.17763439850717844,-0.1815134042878498,0.02647945294823599
circular_honest,20270818,0,random,8,0,Frame-weighted (SE(3)),True,,0.0030066510003052827,0.23924546195246993,0.4506090892342554,0.39778587335504495,-0.21136362728178545,False,False,left_censored,,0.23924546195246996,0.23924546195246996,0.23924546195246996,0.23924546195246996,0.23924546195246996,0.23924546195246996,-0.21136362728178545,-0.21136362728178545,-0.21136362728178545,-0.21136362728178545,-0.21136362728178545,-0.21136362728178545
circular_honest,20270818,0,random,8,0,Full operator (SE(3)),True,,0.00032637399999657646,-0.00011325083705033859,-0.0021584068009810535,0.07780588868305176,-0.04962751466400839,False,False,left_censored,,0.8173464036751342,0.8544830743033122,1.279332956727137,0.8375377091905609,0.8231958657799102,-0.00011325083705033878,-0.1652920952694219,-0.10196481843777305,-0.04962751466400839,-0.16425424741060612,-0.1647033848079844,0.0020451559639307142
circular_honest,20270818,0,random,8,0,Pdiag pointwise (SE(3)),True,,0.006991872000071453,-0.0021673906687870123,-0.0013075274157274073,0.25532978217525715,-0.09362242080167416,False,False,left_censored,,0.12745822262351444,-0.024177880194052356,0.831915264452829,0.7902718466701589,0.8301220395661892,-0.002167390668787012,-0.2929507548348599,-0.4412806850856514,-0.09362242080167416,-0.204953794056412,-0.16435193736096632,-0.0008598632530596045
circular_honest,20270818,0,random,8,0,Pdiag finite (SE(3)),True,,28.39416980399983,0.14692672948802163,0.10706004119727164,0.08353087081625207,-0.11211206285240016,False,False,left_censored,,0.8751500775341897,0.5590594809210733,0.8459919682250984,0.642556689990755,0.8172675779199251,0.14692672948802163,-0.12699535341154233,-0.3004047329400211,-0.11998556388658077,-0.11211206285240016,-0.17769189540049046,0.03986668829075002
circular_honest,20260818,12,random,30,0,Frame-weighted (SE(3)),True,,0.00309102300025188,0.5198711242981388,0.6626490448799077,0.22575963069623195,-0.14277792058176886,False,False,right_censored,,0.5198711242981388,0.5198711242981388,0.5198711242981388,0.5198711242981388,0.5198711242981388,0.5198711242981388,-0.14277792058176886,-0.14277792058176886,-0.14277792058176886,-0.14277792058176886,-0.14277792058176886,-0.14277792058176886
circular_honest,20260818,12,random,30,0,Full operator (SE(3)),True,,0.0003365259999554837,0.00041768368581257044,0.00045965561687918315,0.05925695883480143,-0.1374209538920671,False,False,left_censored,,0.7985335127272201,0.8119152454565338,0.7972506931444262,0.7978994995389592,0.8267584438325354,0.0004176836858125705,-0.20205986956805455,-0.24637093142987998,-0.1374209538920671,-0.2011394602310893,-0.172512309054489,-4.19719310666125e-05
circular_honest,20260818,12,random,30,0,Pdiag pointwise (SE(3)),True,,0.006876876000205812,-2.432208505934796e-05,0.00020551851007607723,0.08843353465178944,-0.16288656202941765,False,False,left_censored,,0.893251538418799,0.40171507752984,0.7858450045519819,0.7990260808565769,0.8257836383936394,-2.4322085059347944e-05,-0.17643389373384932,-0.3251635700220145,-0.16288656202941765,-0.19892623100324003,-0.1737794202296662,-0.0002298405951354252
circular_honest,20260818,12,random,30,0,Pdiag finite (SE(3)),True,,48.835182756999984,0.13839580314851233,0.11596243507887363,0.06258835726484718,-0.11082458361848124,False,False,left_censored,,0.7880609055015568,0.8031367131352156,0.8664583910055553,0.8054627395668027,0.833046966383496,0.13839580314851235,-0.18893152811987113,-0.21795649748366963,-0.11082458361848124,-0.1629816303743109,-0.18752121885492146,0.022433368069638665
circular_honest,20270818,3,qualified,8,0,Frame-weighted (SE(3)),True,,0.0074498310000308265,0.5625017353604,0.7013583875421553,0.21382078042546865,-0.13885665218175525,False,False,right_censored,,0.5625017353603999,0.5625017353603999,0.5625017353603999,0.5625017353603999,0.5625017353603999,0.5625017353603999,-0.13885665218175525,-0.13885665218175525,-0.13885665218175525,-0.13885665218175525,-0.13885665218175525,-0.13885665218175525
circular_honest,20270818,3,qualified,8,0,Full operator (SE(3)),True,,0.000676186999953643,-0.004363907657278073,-0.006647093745153471,0.0957050489930639,0.15507349416049943,False,False,left_censored,,0.7317759236651424,1.1003802044098223,0.5300817192365428,0.8237067511174999,0.8246534443885118,-0.004363907657278074,-0.3283877053742863,0.15507349416049943,-0.4512754891490257,-0.16585331735966946,-0.191509449699808,0.0022831860878753966
circular_honest,20270818,3,qualified,8,0,Pdiag pointwise (SE(3)),True,,0.01934289600012562,0.001993404085159185,0.0009527984444435661,0.24009719842328509,-0.02323294871453796,False,False,left_censored,,-0.14887027300553624,1.2265488067704247,0.7396353935898524,0.8299376160048542,0.8301520283784659,0.001993404085159185,-0.3449538558111883,-0.02323294871453796,-0.3197998459696191,-0.1610874034828247,-0.17215729184530393,0.001040605640715619
circular_honest,20270818,3,qualified,8,0,Pdiag finite (SE(3)),True,,27.78591935500026,0.13792871872667162,0.0969095790206992,0.06892910698411497,-0.07371728354823359,False,False,left_censored,,0.9514869486724088,0.8606319833358892,0.7618761200237836,0.8045381519035161,0.8543735265694222,0.1379287187266716,-0.18097637782849285,-0.07371728354823359,-0.24766183558112886,-0.1729359469440015,-0.20576393985243657,0.0410191397059724
keyed,20260818,12,random,30,0,Frame-weighted (SE(3)),True,,0.007212694999907399,0.758132593167648,0.7230088299970819,0.16905046996005643,0.03512376317056576,False,False,right_censored,,0.7581325931676478,0.7581325931676478,0.7581325931676478,0.7581325931676478,0.7581325931676478,0.7581325931676478,0.03512376317056576,0.03512376317056576,0.03512376317056576,0.03512376317056576,0.03512376317056576,0.03512376317056576
keyed,20260818,12,random,30,0,Full operator (SE(3)),True,,0.0007247070002449618,0.8190662470273855,0.20743240015592196,0.09593827142036329,-0.06760086551343114,True,True,detected,0.602519816785889,0.734298282493716,0.828752718486712,0.8913990175012977,0.8143512399048085,0.7870699028645415,0.8190662470273857,-0.2628347840326192,-0.16652275928018723,-0.06760086551343114,-0.18617329445564068,-0.21248450819436693,0.6116338468714638
keyed,20260818,12,random,30,0,Pdiag pointwise (SE(3)),True,,0.01650227400023141,0.8185358041538038,0.20761426922260473,0.12598220747302813,-0.18074399991971524,True,True,detected,0.6026072516131004,0.8295553692582041,0.48659622730290886,0.7460453404100451,0.8135272395797276,0.7873990075737037,0.8185358041538037,-0.24140740560196483,-0.18074399991971524,-0.22961057440687527,-0.18707526018267495,-0.2114663816006448,0.6109215349311989
keyed,20260818,12,random,30,0,Pdiag finite (SE(3)),True,,268.33923612100034,0.7531058441430196,0.3015281092867992,0.10007613835700618,-0.08445723876041722,False,True,detected,0.610270550021183,0.7396236054658908,0.8891712517975988,0.871975363100038,0.824556849276311,0.7948139402173281,0.7531058441430196,-0.24350407860194112,-0.08445723876041722,-0.1289763547284628,-0.15027748104698457,-0.21643901660130316,0.4515777348562205
circular_honest,20260818,15,qualified,30,0,Frame-weighted (SE(3)),True,,0.0032423170000583923,0.41279029422152425,0.6059312641864281,0.2770496717527553,-0.19314096996490387,False,False,right_censored,,0.4127902942215242,0.4127902942215242,0.4127902942215242,0.4127902942215242,0.4127902942215242,0.4127902942215242,-0.19314096996490387,-0.19314096996490387,-0.19314096996490387,-0.19314096996490387,-0.19314096996490387,-0.19314096996490387
circular_honest,20260818,15,qualified,30,0,Full operator (SE(3)),True,,0.00035594199971455964,-0.0030145648660870805,0.00015946901483615886,0.06316042758023306,-0.15104297951809031,False,False,left_censored,,0.8226577566210034,0.7319062672207761,0.8131541419572835,0.7971943175101915,0.8235003148004516,-0.0030145648660870805,-0.16967685844119118,-0.2881096712167637,-0.15104297951809031,-0.19932979921124006,-0.17549177093566304,-0.0031740338809232395
circular_honest,20260818,15,qualified,30,0,Pdiag pointwise (SE(3)),True,,0.007524369999828195,0.0005753677982370306,6.971069328152153e-05,0.14236548002706667,-0.17628405691858984,False,False,left_censored,,0.5030037344307532,0.25143528603932075,0.7508109247979745,0.8045602917883344,0.8230776211345828,0.0005753677982370309,-0.23462204841334766,-0.3818404672851251,-0.2654419045198867,-0.192543382821866,-0.17628405691858984,0.0005056571049555093
circular_honest,20260818,15,qualified,30,0,Pdiag finite (SE(3)),True,,49.51219185700029,0.11467930280028614,0.08090300898542653,0.0707956604879891,-0.15939644194406155,False,False,left_censored,,0.8190323463393565,0.7413700073977004,0.7725193192287244,0.8256040885323359,0.8007442165996285,0.11467930280028614,-0.15939644194406155,-0.27953766877344843,-0.20804449848742024,-0.1728730777972829,-0.17863977142025123,0.03377629381485961
circular_honest,20270818,6,random,15,0,Frame-weighted (SE(3)),True,,0.0030176209997989645,0.5334158217390531,0.6590088344938659,0.2273371685162902,-0.12559301275481305,False,False,right_censored,,0.5334158217390531,0.5334158217390531,0.5334158217390531,0.5334158217390531,0.5334158217390531,0.5334158217390531,-0.12559301275481305,-0.12559301275481305,-0.12559301275481305,-0.12559301275481305,-0.12559301275481305,-0.12559301275481305
circular_honest,20270818,6,random,15,0,Full operator (SE(3)),True,,0.0003453760000411421,-7.538236714365008e-05,-0.00042984226051173165,0.05681286948591062,-0.11564800617494486,False,False,left_censored,,0.8722937733080323,0.8780841206089844,0.8283492244515622,0.803678833730975,0.8132413373533144,-7.538236714365064e-05,-0.11850628612908942,-0.11564800617494486,-0.21991877023221074,-0.19563731906860538,-0.18191664169525812,0.0003544598933680809
circular_honest,20270818,6,random,15,0,Pdiag pointwise (SE(3)),True,,0.006926164000105928,-8.830352030348314e-05,-0.0008769594038531539,0.4296225363207852,0.1095383362646567,False,False,left_censored,,-0.27101278723231437,1.9303614167583616,0.6862639543796759,0.8134736739296531,0.8161632570713426,-8.83035203034826e-05,-0.3923768799746765,0.1095383362646567,-0.3397676636322108,-0.18513811743202613,-0.1838964003621948,0.0007886558835496713
circular_honest,20270818,6,random,15,0,Pdiag finite (SE(3)),True,,22.358457191999605,0.10222076337453322,0.07184614547123258,0.07976894955807418,-0.10810515457810677,False,False,left_censored,,0.6703312039973328,0.9292760399663816,0.7489702905878672,0.819281288728722,0.6822550294696463,0.1022207633745332,-0.16831912341877908,-0.10810515457810677,-0.2592820139296317,-0.17162755640811023,-0.13020825439171801,0.03037461790330062
circular_honest,20260818,17,qualified,30,2,Frame-weighted (SE(3)),True,,0.003144238000004407,0.6104827537385334,0.7445508346174633,0.20224592878938413,-0.13406808087892996,False,False,right_censored,,0.6104827537385333,0.6104827537385333,0.6104827537385333,0.6104827537385333,0.6104827537385333,0.6104827537385333,-0.13406808087892996,-0.13406808087892996,-0.13406808087892996,-0.13406808087892996,-0.13406808087892996,-0.13406808087892996
circular_honest,20260818,17,qualified,30,2,Full operator (SE(3)),True,,0.00034797699981936603,0.004052288403514113,0.00021476005519786184,0.06116306290980542,-0.1737355823989747,False,False,left_censored,,0.7906242765546723,0.8270649994217721,0.8154541533681258,0.813180389593237,0.8246662920481327,0.004052288403514113,-0.20158024588678503,-0.20643275268213268,-0.1956036047960482,-0.1873117363004162,-0.1737355823989747,0.003837528348316251
circular_honest,20260818,17,qualified,30,2,Pdiag pointwise (SE(3)),True,,0.006899794999753794,0.004168795488254552,0.0004098145966450818,0.07545373074380618,-0.1495853581714437,False,False,left_censored,,1.0258815584994747,0.922639907604344,0.7569944232070918,0.8076627605605471,0.8269561625353592,0.004168795488254552,-0.1495853581714437,-0.1889762692262008,-0.2637081043557825,-0.19125932392788025,-0.1721300833518341,0.0037589808916094697
circular_honest,20260818,17,qualified,30,2,Pdiag finite (SE(3)),True,,43.2421949110003,0.12469170056055363,0.11102662069687477,0.07273278254215976,-0.16443476905737497,False,False,left_censored,,0.7940145841198455,0.7712832179532759,0.7545127772319965,0.7865246546708637,0.840909145452357,0.12469170056055363,-0.18759340901330812,-0.21690799596282606,-0.2326255590314924,-0.16443476905737497,-0.19232294927726956,0.01366507986367882
circular_honest,20270818,7,random,15,1,Frame-weighted (SE(3)),True,,0.0028379780001159816,0.36217121241421807,0.5430432779974437,0.3075820654540311,-0.18087206558322588,False,False,right_censored,,0.362171212414218,0.362171212414218,0.362171212414218,0.362171212414218,0.362171212414218,0.362171212414218,-0.18087206558322588,-0.18087206558322588,-0.18087206558322588,-0.18087206558322588,-0.18087206558322588,-0.18087206558322588
circular_honest,20270818,7,random,15,1,Full operator (SE(3)),True,,0.00035537599978852086,0.0005230585570166781,-0.00011068183683972748,0.0664341471814783,-0.15569979756692587,False,False,left_censored,,0.819006197384995,0.8642297344733285,0.7267429015017289,0.8089190430296453,0.8213993755568386,0.0005230585570166781,-0.17435388740833813,-0.15569979756692587,-0.2688405733977788,-0.19370536362716995,-0.17222966035001575,0.0006337403938564055
circular_honest,20270818,7,random,15,1,Pdiag pointwise (SE(3)),True,,0.006645063000178197,-0.00038757565361471365,8.254640902463793e-06,0.3228695226625649,-0.17290788202477825,False,False,left_censored,,0.7788976356029216,-0.4508428804895579,0.7650228714212226,0.8260127199385221,0.8217496018900313,-0.0003875756536147138,-0.1909079339266072,-0.41084296717257784,-0.2352104852741994,-0.17290788202477825,-0.17338305695290468,-0.0003958302945171776
circular_honest,20270818,7,random,15,1,Pdiag finite (SE(3)),True,,22.00154221699995,0.10181243218781172,0.05793145083203602,0.06122675025511523,-0.09355069937655458,False,False,left_censored,,0.851531595543769,0.8085541195584903,0.8490212612293649,0.8267720948067536,0.8195695029384024,0.10181243218781173,-0.1713661033589009,-0.09355069937655458,-0.15400132200254746,-0.13646810521701225,-0.17996231241118144,0.04388098135577572
circular_honest,20270818,9,qualified,15,0,Frame-weighted (SE(3)),True,,0.007182885000020178,0.44399493645956056,0.6158524881066754,0.2608035040649204,-0.17185755164711497,False,False,right_censored,,0.4439949364595605,0.4439949364595605,0.4439949364595605,0.4439949364595605,0.4439949364595605,0.4439949364595605,-0.17185755164711497,-0.17185755164711497,-0.17185755164711497,-0.17185755164711497,-0.17185755164711497,-0.17185755164711497
circular_honest,20270818,9,qualified,15,0,Full operator (SE(3)),True,,0.000685903999965376,0.0006483682698603144,-1.3673219602425028e-05,0.06422995538428947,-0.1683258480904326,False,False,left_censored,,0.7751530174096106,0.8059348786313388,0.736294591863067,0.8298693063427636,0.8121448536670651,0.0006483682698603146,-0.23080323327788,-0.2071948037546053,-0.22486536078382835,-0.1683258480904326,-0.18124029694115673,0.0006620414894627396
circular_honest,20270818,9,qualified,15,0,Pdiag pointwise (SE(3)),True,,0.01893273899986525,-0.0012047640920887397,0.00010020853280321854,0.12019208580801369,-0.18038025513061118,False,False,left_censored,,0.9467921088086381,0.25754191715358815,0.7585171069570278,0.8136098694600367,0.8137109617798691,-0.0012047640920887393,-0.18038025513061118,-0.32884535446560964,-0.24805892423562037,-0.18422580448951253,-0.18071966553738794,-0.001304972624891958
circular_honest,20270818,9,qualified,15,0,Pdiag finite (SE(3)),True,,18.271526019999783,0.1113019323521623,0.08526311887131519,0.07078076209205554,-0.1546781655544116,False,False,left_censored,,0.7204771468014404,0.742040861793416,0.8300509125558152,0.7737612315488466,0.8775761059274813,0.1113019323521623,-0.20095559271078234,-0.22191589377087606,-0.1750849775677531,-0.1546781655544116,-0.19478479530343995,0.02603881348084712
circular_honest,20270818,5,qualified,8,2,Frame-weighted (SE(3)),True,,0.007689580999794998,0.752883487701173,0.8715184242568483,0.1887326438579878,-0.11863493655567525,False,False,right_censored,,0.7528834877011731,0.7528834877011731,0.7528834877011731,0.7528834877011731,0.7528834877011731,0.7528834877011731,-0.11863493655567525,-0.11863493655567525,-0.11863493655567525,-0.11863493655567525,-0.11863493655567525,-0.11863493655567525
circular_honest,20270818,5,qualified,8,2,Full operator (SE(3)),True,,0.0007253939998008718,0.03048377113058392,-0.0030334182220896145,1.0095939250599089,-0.13295322062657822,False,False,left_censored,,0.8415339769538768,-0.7192092314174507,0.7101703594283865,0.8193353345889889,0.879323910387189,0.03048377113058392,-0.13295322062657822,-1.5924294805497399,-0.21664216890106758,-0.1829152100752931,-0.13919793596474062,0.03351718935267353
circular_honest,20270818,5,qualified,8,2,Pdiag pointwise (SE(3)),True,,0.020980456999950547,-0.0025871980652719417,-0.00026758465846043295,0.11176283590107969,-0.0687189235747716,False,False,left_censored,,1.3885159815143602,0.6846637899358293,0.8689920700206776,0.8176980161706991,0.8115913631485818,-0.0025871980652719417,-0.0687189235747716,-0.31199253638025115,-0.2056873558278144,-0.18171534707806447,-0.18885623674944352,-0.002319613406811509
circular_honest,20270818,5,qualified,8,2,Pdiag finite (SE(3)),True,,32.64440282999976,0.12883144576219022,0.08770765996341373,0.07889826125633073,-0.1637226964438384,False,False,left_censored,,0.864233762269981,0.5983611212611399,0.87858503017763,0.8831453952411036,0.7996164756952833,0.12883144576219024,-0.18466162806608855,-0.2859109511805593,-0.1637226964438384,-0.17668933581475377,-0.17021162863199357,0.041123785798776485
circular_honest,20260818,16,qualified,30,1,Frame-weighted (SE(3)),True,,0.0031306930000027933,0.5069978065387692,0.6593446429877844,0.2294800702826268,-0.15234683644901514,False,False,right_censored,,0.5069978065387694,0.5069978065387694,0.5069978065387694,0.5069978065387694,0.5069978065387694,0.5069978065387694,-0.15234683644901514,-0.15234683644901514,-0.15234683644901514,-0.15234683644901514,-0.15234683644901514,-0.15234683644901514
circular_honest,20260818,16,qualified,30,1,Full operator (SE(3)),True,,0.00034771800028465805,0.0022473965126614884,-0.00011571148879497318,0.05686913880270165,-0.14866639936888926,False,False,left_censored,,0.810074081065839,0.8181678804152976,0.8391459696051078,0.7949040932741203,0.8306781056850626,0.0022473965126614897,-0.17488671611834627,-0.20700245835155995,-0.14866639936888926,-0.20161122490948802,-0.169178605343823,0.002363108001456463
circular_honest,20260818,16,qualified,30,1,Pdiag pointwise (SE(3)),True,,0.007170857999881264,0.005570192544864161,-0.00027526165871768327,0.1490691411358259,-0.09574402141582117,False,False,left_censored,,1.159989853028636,0.12607368488227616,0.800991806887333,0.8011659166381516,0.8306621364134169,0.005570192544864158,-0.09574402141582117,-0.36136031221846754,-0.17796568607904706,-0.1950936643051262,-0.17006171947187443,0.005845454203581841
circular_honest,20260818,16,qualified,30,1,Pdiag finite (SE(3)),True,,54.525318507000065,0.1158307553637563,0.09054191132595638,0.06106109584598875,-0.10472071179665154,False,False,left_censored,,0.8270171244242285,0.7645801225460396,0.8931904159913671,0.801552368949212,0.8477964070134837,0.1158307553637563,-0.161043141488858,-0.20538062287019043,-0.10472071179665154,-0.151119535785875,-0.19088787845969357,0.02528884403779992
circular_honest,20270818,10,qualified,15,1,Frame-weighted (SE(3)),True,,0.0029502570000659034,0.420205642815809,0.5776611830624812,0.2781441966270906,-0.1574555402466723,False,False,right_censored,,0.42020564281580897,0.42020564281580897,0.42020564281580897,0.42020564281580897,0.42020564281580897,0.42020564281580897,-0.1574555402466723,-0.1574555402466723,-0.1574555402466723,-0.1574555402466723,-0.1574555402466723,-0.1574555402466723
circular_honest,20270818,10,qualified,15,1,Full operator (SE(3)),True,,0.00031474300021727686,-0.0018973124316533974,0.0020490140343872574,0.05598499611981572,-0.11781740410090769,False,False,left_censored,,0.8486701588720118,0.8300804758484109,0.891374588072311,0.8050722595788193,0.8213196249632211,-0.0018973124316533977,-0.14037937078292584,-0.13995389696603644,-0.11781740410090769,-0.19008606218946944,-0.17997688952516144,-0.003946326466040655
circular_honest,20270818,10,qualified,15,1,Pdiag pointwise (SE(3)),True,,0.006831894000242755,0.0004572065851373473,0.0016189381679893719,0.11521856229382262,-0.17956302565897475,False,False,left_censored,,0.6453040155431609,0.3508004181349093,0.736085406127634,0.8075337014875952,0.8224622577300061,0.00045720658513734714,-0.18865814387235258,-0.2700881092468151,-0.21736773258123077,-0.18360819103192605,-0.17956302565897475,-0.0011617315828520245
circular_honest,20270818,10,qualified,15,1,Pdiag finite (SE(3)),True,,25.03096800000003,0.12380792014525484,0.11253356540208578,0.0680516923628045,-0.13879265222124693,False,False,left_censored,,0.7531721783351102,0.8234665674109123,0.8187309560230088,0.8172035089911468,0.7574634597639409,0.12380792014525481,-0.15105905782828233,-0.18028442989802662,-0.13879265222124693,-0.17416149306616713,-0.1862087602345085,0.011274354743168985
circular_honest,20270818,11,qualified,15,2,Frame-weighted (SE(3)),True,,0.0030334100001709885,0.3531998367867095,0.5761832589836654,0.3106690473380507,-0.22298342219695588,False,False,right_censored,,0.3531998367867095,0.3531998367867095,0.3531998367867095,0.3531998367867095,0.3531998367867095,0.3531998367867095,-0.22298342219695588,-0.22298342219695588,-0.22298342219695588,-0.22298342219695588,-0.22298342219695588,-0.22298342219695588
circular_honest,20270818,11,qualified,15,2,Full operator (SE(3)),True,,0.00031242700015354785,0.0009208166982821021,-0.0013196317361054669,0.06297750559592044,-0.16186955796768365,False,False,left_censored,,0.8294400248336007,0.7502399492604792,0.9149634627598578,0.8146926978838045,0.8213851790872083,0.000920816698282102,-0.16186955796768365,-0.23911157858726462,-0.17161142361850945,-0.18717222364397257,-0.1726163367221213,0.002240448434387569
circular_honest,20270818,11,qualified,15,2,Pdiag pointwise (SE(3)),True,,0.0069112400001358765,-0.0005340572886155906,-0.0010775423599980291,0.21347401790490456,-0.17401925323124778,False,False,left_censored,,-0.06983855236021172,0.4797973565401707,0.874038386184681,0.8103068036668383,0.8212851961700945,-0.0005340572886155899,-0.3862133848903283,-0.30102977035727546,-0.2378573685781049,-0.19133713960453524,-0.17401925323124778,0.0005434850713824393
circular_honest,20270818,11,qualified,15,2,Pdiag finite (SE(3)),True,,20.89976849100003,0.12110226875131394,0.09128676532202404,0.07806877543556594,-0.1651955980530717,False,False,left_censored,,0.7792050382337118,0.6719542665138468,0.7687924021223874,0.7800746335779627,0.8402707331519267,0.12110226875131394,-0.19025827476311907,-0.26125136179865815,-0.2519745261129501,-0.1651955980530717,-0.1672653590587715,0.029815503429289902
circular_honest,20270818,8,random,15,2,Frame-weighted (SE(3)),True,,0.0028137149997746747,0.6308625883728624,0.7817626418564025,0.19813066533855767,-0.15090005348353996,False,False,right_censored,,0.6308625883728621,0.6308625883728621,0.6308625883728621,0.6308625883728621,0.6308625883728621,0.6308625883728621,-0.15090005348353996,-0.15090005348353996,-0.15090005348353996,-0.15090005348353996,-0.15090005348353996,-0.15090005348353996
circular_honest,20270818,8,random,15,2,Full operator (SE(3)),True,,0.0002974500002892455,0.0034356436185763515,0.0005468036965950892,0.06323909152738512,-0.1680367922140118,False,False,left_censored,,0.8269706037669229,0.799153356667639,0.8532538966523184,0.8299070012335973,0.8135251334156243,0.0034356436185763502,-0.18435839658722353,-0.21816822157694715,-0.21737954514310664,-0.1680367922140118,-0.1811944757036147,0.002888839921981261
circular_honest,20270818,8,random,15,2,Pdiag pointwise (SE(3)),True,,0.006651531999978033,0.005105161910271263,0.00022148416560377422,0.11038072442675811,-0.06681758994582698,False,False,left_censored,,1.3525160277536172,0.5785742919639869,0.8303135686925668,0.8122582483383866,0.8127734982250869,0.005105161910271263,-0.06681758994582698,-0.295849665100806,-0.19225721583535604,-0.1850192313607889,-0.1832134006232271,0.0048836777446674895
circular_honest,20270818,8,random,15,2,Pdiag finite (SE(3)),True,,35.220871934000115,0.09793573148752348,0.07923802299601408,0.06621359732265582,-0.13514877576189743,False,False,left_censored,,0.9060218255476241,0.7683366923095868,0.870582979171332,0.8241151271480343,0.8075418168523377,0.09793573148752346,-0.16797008598243413,-0.25420503443240927,-0.13514877576189743,-0.15575237720939694,-0.1755543310346558,0.018697708491509382
circular_honest,20280818,4,qualified,8,1,Frame-weighted (SE(3)),True,,0.0028714519999084587,0.5586369161665875,0.6824381689288646,0.21664810062666287,-0.12380125276227716,False,False,right_censored,,0.5586369161665874,0.5586369161665874,0.5586369161665874,0.5586369161665874,0.5586369161665874,0.5586369161665874,-0.12380125276227716,-0.12380125276227716,-0.12380125276227716,-0.12380125276227716,-0.12380125276227716,-0.12380125276227716
circular_honest,20280818,4,qualified,8,1,Full operator (SE(3)),True,,0.0003286799997113121,-0.007744087201911004,-0.01575930819533076,0.06885168235706653,-0.05444114506129849,False,False,left_censored,,0.7785661624368261,0.9481002497696778,0.7521913854530666,0.7622505593300852,0.8383921355382931,-0.007744087201911001,-0.23650213153687116,-0.05444114506129849,-0.21057709801578772,-0.2444820013921274,-0.1731329101987582,0.008015220993419763
circular_honest,20280818,4,qualified,8,1,Pdiag pointwise (SE(3)),True,,0.0068991560001450125,-0.01106481763216492,-0.0071653931301605515,0.17302023975035255,-0.021699989615700188,False,False,left_censored,,0.222250298858213,1.3463897722641456,0.5954514715931566,0.7848688383514089,0.8303203456537864,-0.011064817632164926,-0.2580240534442972,-0.021699989615700188,-0.34799210307022277,-0.22285419864260403,-0.1822873497199322,-0.0038994245020043767
circular_honest,20280818,4,qualified,8,1,Pdiag finite (SE(3)),True,,16.70517919299982,0.1188166937920582,0.11562208745308634,0.07366868603778,-0.13848954851902173,False,False,left_censored,,0.663922117103353,0.7674163254930135,0.8074087352821954,0.8243807495260136,0.8012878522223731,0.1188166937920582,-0.18149186200454626,-0.13848954851902173,-0.1989542322869483,-0.21786658509862256,-0.23892475696804694,0.0031946063389718393
circular_honest,20270818,13,random,30,1,Frame-weighted (SE(3)),True,,0.0034892460002993175,0.30776783656104895,0.4959867352921621,0.3485223564126802,-0.1882188987311133,False,True,detected,0.5136855183881983,0.3077678365610489,0.3077678365610489,0.3077678365610489,0.3077678365610489,0.3077678365610489,0.3077678365610489,-0.1882188987311133,-0.1882188987311133,-0.1882188987311133,-0.1882188987311133,-0.1882188987311133,-0.1882188987311133
circular_honest,20270818,13,random,30,1,Full operator (SE(3)),True,,0.00036150999994788435,0.002503687491975186,0.0002462979173930308,0.061728851490785115,-0.13191166733834325,False,False,left_censored,,0.8518597394187428,0.8546777919766932,0.7545289641325218,0.8074697254060226,0.823579258839818,0.002503687491975186,-0.1321543061876942,-0.13191166733834325,-0.2809727062497368,-0.18792451721471504,-0.1732575068160328,0.002257389574582155
circular_honest,20270818,13,random,30,1,Pdiag pointwise (SE(3)),True,,0.0072462620000806055,0.002504065637716158,0.00032244517142941356,0.2258339615126388,-0.17308069291978045,False,False,left_censored,,0.3315612855213754,-0.013968592608895332,0.7331794973732498,0.8087258817909313,0.8259319793351263,0.0025040656377161587,-0.2624170386139537,-0.3332657964640265,-0.2933954150764254,-0.18657688133047012,-0.17308069291978045,0.0021816204662867453
circular_honest,20270818,13,random,30,1,Pdiag finite (SE(3)),True,,37.91089129000011,0.11339229225447772,0.0861440869074946,0.06511734696716699,-0.142824441351724,False,False,left_censored,,0.8614799364124718,0.8121962510072823,0.7833327896143298,0.8087123465532051,0.8156989467206401,0.11339229225447772,-0.142824441351724,-0.1524680001674793,-0.23583922548642944,-0.14983228985711872,-0.1900977435127995,0.02724820534698312
keyed,20280818,16,qualified,30,1,Frame-weighted (SE(3)),True,,0.003450538999913988,0.7339729069742441,0.71490361476183,0.1650518605817945,0.019069292212414157,False,False,right_censored,,0.7339729069742441,0.7339729069742441,0.7339729069742441,0.7339729069742441,0.7339729069742441,0.7339729069742441,0.019069292212414157,0.019069292212414157,0.019069292212414157,0.019069292212414157,0.019069292212414157,0.019069292212414157
keyed,20280818,16,qualified,30,1,Full operator (SE(3)),True,,0.0003891760002261435,0.8207450443342974,0.2117912639579513,0.09035128208336334,-0.16033023744085784,True,True,detected,0.6052571033856352,0.8331805896937702,0.8382422221326356,0.7641299373951652,0.817717814131886,0.8209275600975359,0.8207450443342975,-0.16033023744085784,-0.16365987500802293,-0.2017901973148265,-0.18021643041251123,-0.17806147184612298,0.6089537803763463
keyed,20280818,16,qualified,30,1,Pdiag pointwise (SE(3)),True,,0.007250469000155135,0.8232559387821604,0.21296527424934403,0.1874230535242784,-0.09059340271171679,True,True,detected,0.6048414492352137,1.1757185281896207,0.1937901873651121,0.7112072770281394,0.8064165382193615,0.8212692169149729,0.8232559387821603,-0.09059340271171679,-0.26514426488171944,-0.2744797527738605,-0.19197286772698918,-0.17764509725340227,0.6102906645328163
keyed,20280818,16,qualified,30,1,Pdiag finite (SE(3)),True,,135.11063418599997,0.7878016026176299,0.28641009078463237,0.09137556482778168,-0.10917008204137801,True,True,detected,0.6108443228627077,0.8152183555188475,0.8495587633615002,0.8727101558256537,0.8362165950244709,0.8325918991224183,0.7878016026176299,-0.1805000413789456,-0.10917008204137801,-0.13119516085990057,-0.12857016830803802,-0.2008532884053983,0.5013915118329977
circular_honest,20280818,3,qualified,8,0,Frame-weighted (SE(3)),True,,0.0029094490000716178,0.46469304674433504,0.7105438833354978,0.27417962491552217,-0.2458508365911627,False,False,right_censored,,0.46469304674433487,0.46469304674433487,0.46469304674433487,0.46469304674433487,0.46469304674433487,0.46469304674433487,-0.2458508365911627,-0.2458508365911627,-0.2458508365911627,-0.2458508365911627,-0.2458508365911627,-0.2458508365911627
circular_honest,20280818,3,qualified,8,0,Full operator (SE(3)),True,,0.00035378199982005754,-0.04972619322163964,0.04487578197880712,0.22448723943898116,-0.056889346746797465,False,False,left_censored,,0.17032007260531629,1.0130406047938978,0.4825293610687419,0.798272831018846,0.8615852292917403,-0.049726193221639646,-0.8417844089282926,-0.056889346746797465,-0.3703170650939731,-0.19477720461185244,-0.1719028360763304,-0.09460197520044678
circular_honest,20280818,3,qualified,8,0,Pdiag pointwise (SE(3)),True,,0.006916137999724015,-0.015998937661828517,-0.006084163968658836,0.3000797996017034,-0.1831732004549843,False,False,left_censored,,-0.22435584436241093,0.9736549805198904,0.6249530615924247,0.8021273453426727,0.8297214647811336,-0.015998937661828513,-0.39993878207347466,-0.3198912427703824,-0.4470633642855043,-0.19124324662356806,-0.1831732004549843,-0.009914773693169676
circular_honest,20280818,3,qualified,8,0,Pdiag finite (SE(3)),True,,31.026108104000286,0.12197884057306606,0.10093592644899056,0.09256245445913495,-0.13691834500654387,False,False,left_censored,,0.8939130218435318,0.6564155506367504,0.691019693849593,0.8274483745153727,0.85473454360632,0.12197884057306606,-0.2200963436535548,-0.3196169936394939,-0.335897133710246,-0.13691834500654387,-0.2129807766254429,0.02104291412407555
circular_honest,20270818,15,qualified,30,0,Frame-weighted (SE(3)),True,,0.0031023920000734506,0.41664151576407915,0.6067964095553053,0.27571937713031985,-0.1901548937912264,False,False,right_censored,,0.41664151576407915,0.41664151576407915,0.41664151576407915,0.41664151576407915,0.41664151576407915,0.41664151576407915,-0.1901548937912264,-0.1901548937912264,-0.1901548937912264,-0.1901548937912264,-0.1901548937912264,-0.1901548937912264
circular_honest,20270818,15,qualified,30,0,Full operator (SE(3)),True,,0.000332258000071306,0.0019585232723135716,1.5493458247069707e-05,0.07623023352172817,-0.12198950508393913,False,False,left_censored,,0.8500277276009898,0.8638843631733244,0.6060311159685899,0.8141685258896348,0.8244771114750591,0.001958523272313571,-0.14589182672250578,-0.12198950508393913,-0.379223934414581,-0.18309772781391165,-0.17184491529880408,0.0019430298140665015
circular_honest,20270818,15,qualified,30,0,Pdiag pointwise (SE(3)),True,,0.007058651000079408,0.0036443111424175507,6.484865302865039e-05,0.1426075693938896,-0.1715548485228443,False,False,left_censored,,0.5028999734857388,0.3252042650664644,0.6800245898215855,0.8153964138041582,0.8248078348023605,0.0036443111424175507,-0.24035552698417384,-0.2848019205704845,-0.3613190903523926,-0.1824343666771172,-0.1715548485228443,0.0035794624893889003
circular_honest,20270818,15,qualified,30,0,Pdiag finite (SE(3)),True,,44.202000407000014,0.10513225609025659,0.08252452536600632,0.07260001563061332,-0.15724909292157863,False,False,left_censored,,0.8240572205627518,0.8117149220286604,0.7178814146924387,0.8303517565928107,0.8007032810694764,0.10513225609025664,-0.15724909292157863,-0.18499505351438916,-0.2865686457877744,-0.15756125969337886,-0.17218693569388321,0.02260773072425029
circular_honest,20280818,7,random,15,1,Frame-weighted (SE(3)),True,,0.0028768240003955725,0.34448349993576655,0.5393385700898834,0.31959714852620624,-0.19485507015411685,False,False,right_censored,,0.34448349993576666,0.34448349993576666,0.34448349993576666,0.34448349993576666,0.34448349993576666,0.34448349993576666,-0.19485507015411685,-0.19485507015411685,-0.19485507015411685,-0.19485507015411685,-0.19485507015411685,-0.19485507015411685
circular_honest,20280818,7,random,15,1,Full operator (SE(3)),True,,0.0003142949999528355,-0.0037651411584374845,0.0008190661679871529,0.063791578980952,-0.15997582750938566,False,False,left_censored,,0.790604215189169,0.7866842912894447,0.7448518825592428,0.8218137253433659,0.828889490012849,-0.0037651411584374854,-0.2096162998362232,-0.16621987419525364,-0.2397802826118366,-0.15997582750938566,-0.16652990036715698,-0.004584207326424638
circular_honest,20280818,7,random,15,1,Pdiag pointwise (SE(3)),True,,0.006713060999572917,-0.0007967140070331926,0.0012521122655282748,0.35234679593990337,-0.16757995901110256,False,False,left_censored,,0.7575196446095159,-0.5445660343008228,0.7760741323321931,0.8128501690630879,0.8259454094568874,-0.0007967140070331925,-0.21643702194971914,-0.5061949324004703,-0.20760473910200195,-0.16926010594403396,-0.16757995901110256,-0.0020488262725614674
circular_honest,20280818,7,random,15,1,Pdiag finite (SE(3)),True,,13.65392483200003,0.09967436372999798,0.057506255279806545,0.06839715911621579,-0.11363779365181259,False,False,left_censored,,0.8269186920496648,0.6839372473331786,0.8522490861189276,0.812559992097098,0.8121273481566618,0.09967436372999798,-0.2008938046434926,-0.18102507797441592,-0.13347369951982524,-0.11363779365181259,-0.18713895276174441,0.042168108450191456
circular_honest,20280818,0,random,8,0,Frame-weighted (SE(3)),True,,0.002929357000084565,0.2116029964892046,0.4439566754668363,0.4207010190703553,-0.23235367897763146,False,False,left_censored,,0.21160299648920458,0.21160299648920458,0.21160299648920458,0.21160299648920458,0.21160299648920458,0.21160299648920458,-0.23235367897763146,-0.23235367897763146,-0.23235367897763146,-0.23235367897763146,-0.23235367897763146,-0.23235367897763146
circular_honest,20280818,0,random,8,0,Full operator (SE(3)),True,,0.0003614160000324773,0.003207440188697627,-0.00026948684229426595,0.07682593778732416,-0.16814610303612854,False,False,left_censored,,0.7599498480351083,0.7867491580565271,1.0070047717397541,0.8103283556998855,0.8287102661425656,0.0032074401886976263,-0.2366589739579511,-0.23602972806058498,-0.22001618391004896,-0.18673331548222383,-0.16814610303612854,0.0034769270309918925
circular_honest,20280818,0,random,8,0,Pdiag pointwise (SE(3)),True,,0.006918072000189568,-0.0015292144903391197,-0.0008227952999069853,0.26375921795308155,-0.1589650587362995,False,False,left_censored,,0.11907396461764883,-0.030550661986065267,0.5824999541558218,0.8353491135139218,0.8333905021367066,-0.0015292144903391194,-0.29149726153631095,-0.4446351799187558,-0.3049720062546494,-0.1589650587362995,-0.16855305279908672,-0.0007064191904321345
circular_honest,20280818,0,random,8,0,Pdiag finite (SE(3)),True,,43.299470479999854,0.12785945464610937,0.10376908168866962,0.09001928283250782,-0.09680841980354171,False,False,left_censored,,0.8604929428294186,0.5543750832831497,0.6629711086651858,0.6751652654321701,0.8116333527412318,0.12785945464610937,-0.1412387504131416,-0.31107368463422425,-0.2643053347665649,-0.09680841980354171,-0.19541447080270125,0.02409037295743978
circular_honest,20270818,2,random,8,2,Frame-weighted (SE(3)),True,,0.007634843999767327,0.11335084806342971,0.3155540145473738,0.5381213988055716,-0.2022031664839441,False,False,left_censored,,0.1133508480634297,0.1133508480634297,0.1133508480634297,0.1133508480634297,0.1133508480634297,0.1133508480634297,-0.2022031664839441,-0.2022031664839441,-0.2022031664839441,-0.2022031664839441,-0.2022031664839441,-0.2022031664839441
circular_honest,20270818,2,random,8,2,Full operator (SE(3)),True,,0.0007441820002895838,-0.005312516031478722,0.009835064111403006,0.10003736182678426,-0.13606206264681575,False,False,left_censored,,0.8432628475782461,0.7416514814653471,0.4936839788392431,0.7626082974430831,0.8084375123647157,-0.005312516031478725,-0.13606206264681575,-0.3022600586514398,-0.4075775741159644,-0.2037598349557368,-0.17865388611480304,-0.015147580142881728
circular_honest,20270818,2,random,8,2,Pdiag pointwise (SE(3)),True,,0.01925531000006231,0.009442052800165215,-0.0015795153867260447,0.6051624353539478,-0.1813170566005371,False,False,left_censored,,-0.6626165155653934,-0.2768401857170559,0.6305165045647745,0.8022271408414043,0.8246696753325196,0.00944205280016521,-0.4355939955985501,-0.5022785265930267,-0.21109759877715784,-0.1883297603529155,-0.1813170566005371,0.011021568186891255
circular_honest,20270818,2,random,8,2,Pdiag finite (SE(3)),True,,89.14114963300017,0.09388778983888349,0.07120281246202495,0.06778665734985402,-0.12471518837122442,False,False,left_censored,,0.79955052215555,0.7279458321680404,0.9034461070357203,0.7835997046791219,0.8552378711811123,0.09388778983888345,-0.12471518837122442,-0.21682877301512615,-0.15778164090525504,-0.14601795309250898,-0.19341584604915163,0.022684977376858484
circular_honest,20280818,1,random,8,1,Frame-weighted (SE(3)),True,,0.007309820000045875,0.6583503412863366,0.7919829401944399,0.19022744360552152,-0.13363259890810286,False,False,right_censored,,0.658350341286337,0.658350341286337,0.658350341286337,0.658350341286337,0.658350341286337,0.658350341286337,-0.13363259890810286,-0.13363259890810286,-0.13363259890810286,-0.13363259890810286,-0.13363259890810286,-0.13363259890810286
circular_honest,20280818,1,random,8,1,Full operator (SE(3)),True,,0.0007705139996687649,0.00901790674523213,6.86780424621148e-05,0.07496134802193685,-0.1514725133401046,False,False,left_censored,,0.8010420367164867,0.8486215431005942,0.6822136717539408,0.8089588911012089,0.8154788684657688,0.009017906745232132,-0.2401562618476213,-0.1514725133401046,-0.3173372512954086,-0.18699411657156073,-0.18975552045240662,0.008949228702770018
circular_honest,20280818,1,random,8,1,Pdiag pointwise (SE(3)),True,,0.019457914999748027,0.0003996167203560283,9.250926513092622e-05,0.08701101207936679,-0.05715245188154028,False,False,left_censored,,0.7325845972542155,1.062286101578056,0.5205710652532587,0.7993729108929576,0.8105100981191441,0.00039961672035602883,-0.15106631863269449,-0.05715245188154028,-0.28225124683689606,-0.19597033996349167,-0.1862604265037121,0.0003071074552251026
circular_honest,20280818,1,random,8,1,Pdiag finite (SE(3)),True,,42.94082378799976,0.19318378632899055,0.16915560416294143,0.07126395661555213,-0.10664052740949914,False,False,left_censored,,0.6680731864035536,0.9021162136918067,0.8690954802747592,0.8144198348411197,0.750034325459814,0.19318378632899055,-0.17549712924425154,-0.10664052740949914,-0.11348738421868965,-0.14126558622262042,-0.18003932658538413,0.024028182166049128
circular_honest,20270818,16,qualified,30,1,Frame-weighted (SE(3)),True,,0.003180536999934702,0.49207539885083795,0.6609908989346898,0.2384313515916808,-0.16891550008385164,False,False,right_censored,,0.4920753988508381,0.4920753988508381,0.4920753988508381,0.4920753988508381,0.4920753988508381,0.4920753988508381,-0.16891550008385164,-0.16891550008385164,-0.16891550008385164,-0.16891550008385164,-0.16891550008385164,-0.16891550008385164
circular_honest,20270818,16,qualified,30,1,Full operator (SE(3)),True,,0.0003693080002449278,0.0015380199520910176,-8.579012406803435e-05,0.0629113548134385,-0.16514241790189854,False,False,left_censored,,0.8262066280346454,0.7927111756833642,0.7659557522438614,0.8166387634493781,0.8220361050702663,0.0015380199520910174,-0.16514241790189854,-0.2036811054818719,-0.2625460694442161,-0.17781800199286268,-0.173875097228801,0.0016238100761590518
circular_honest,20270818,16,qualified,30,1,Pdiag pointwise (SE(3)),True,,0.007068375000017113,0.004917550635454141,-6.870012187338252e-05,0.16288182894105585,-0.10500388489283408,False,False,left_censored,,1.1594684867497476,0.10969547843864617,0.7311986099706245,0.8125653342857041,0.8213018229120624,0.004917550635454141,-0.10500388489283408,-0.3549496056395478,-0.27954766199919834,-0.18273843838908854,-0.17604052357971822,0.004986250757327524
circular_honest,20270818,16,qualified,30,1,Pdiag finite (SE(3)),True,,48.49388777200011,0.108509964281814,0.09104164887491904,0.06759781540304116,-0.15669276884484573,False,False,left_censored,,0.8305382394383715,0.7346194773041248,0.8353162957449278,0.7896093649385628,0.8414964801771359,0.108509964281814,-0.1662035372387929,-0.21567705787798197,-0.19127684657760713,-0.15669276884484573,-0.18889459989880586,0.01746831540689496
circular_honest,20270818,14,random,30,2,Frame-weighted (SE(3)),True,,0.00302158500016958,0.41366799682148003,0.5925262884344312,0.27818099268342245,-0.17885829161295114,False,False,right_censored,,0.41366799682148,0.41366799682148,0.41366799682148,0.41366799682148,0.41366799682148,0.41366799682148,-0.17885829161295114,-0.17885829161295114,-0.17885829161295114,-0.17885829161295114,-0.17885829161295114,-0.17885829161295114
circular_honest,20270818,14,random,30,2,Full operator (SE(3)),True,,0.000328946000081487,-0.002441479201025272,-0.000867692146919067,0.06469974342799721,-0.17645053400659239,False,False,left_censored,,0.8237220344873389,0.7661985368455756,0.7552350003241572,0.8052934664347369,0.817849301213171,-0.002441479201025272,-0.17645053400659239,-0.2027628059387483,-0.25579927603955643,-0.19168306782681654,-0.17709702134560024,-0.0015737870541062049
circular_honest,20270818,14,random,30,2,Pdiag pointwise (SE(3)),True,,0.006951428999855125,0.003486687235599841,-0.0005489898302124012,0.15597548695204325,-0.178192725072835,False,False,left_censored,,0.6392401051505301,0.10302868126198332,0.7530663558241454,0.8060590675085506,0.8193780937535117,0.00348668723559984,-0.22296548474877675,-0.40167910897110776,-0.25108418234552243,-0.19131187988211074,-0.178192725072835,0.004035677065812241
circular_honest,20270818,14,random,30,2,Pdiag finite (SE(3)),True,,52.43672576800009,0.11869046115519863,0.0964678438592403,0.0730390921903918,-0.1597770359521007,False,False,left_censored,,0.7471237559156693,0.7704843092279253,0.834821825604967,0.8025315294567561,0.8252821247910177,0.11869046115519864,-0.18690739681237922,-0.26059178848385545,-0.1797211130261679,-0.1597770359521007,-0.17651572589834064,0.02222261729595834
circular_honest,20270818,17,qualified,30,2,Frame-weighted (SE(3)),True,,0.0029886209999858693,0.6195655328407687,0.7448084210942915,0.19906042604966115,-0.12524288825352337,False,False,right_censored,,0.6195655328407684,0.6195655328407684,0.6195655328407684,0.6195655328407684,0.6195655328407684,0.6195655328407684,-0.12524288825352337,-0.12524288825352337,-0.12524288825352337,-0.12524288825352337,-0.12524288825352337,-0.12524288825352337
circular_honest,20270818,17,qualified,30,2,Full operator (SE(3)),True,,0.0003177250000589993,0.0011765211921159686,1.6726043029474907e-05,0.06083730829607157,-0.1794547107760106,False,False,left_censored,,0.7989039408929915,0.823793260583564,0.8160139864815324,0.8177335207515825,0.8159774576179315,0.0011765211921159688,-0.19428593279481488,-0.1794547107760106,-0.2272790499646068,-0.1802507451821026,-0.18108029463740638,0.001159795149086494
circular_honest,20270818,17,qualified,30,2,Pdiag pointwise (SE(3)),True,,0.00656649299980927,0.0016263135595905329,0.0003960097837869677,0.07061540360600023,-0.14472817844944807,False,False,left_censored,,1.0326773383570589,0.9373501301456088,0.7941270060285193,0.8144640419926535,0.816213776622131,0.001626313559590532,-0.14472817844944807,-0.1527315832139332,-0.25504593202941916,-0.1837063183997787,-0.1816836299801996,0.0012303037758035645
circular_honest,20270818,17,qualified,30,2,Pdiag finite (SE(3)),True,,50.02408320199993,0.1312214448822418,0.11192494680140097,0.06728431555009311,-0.15251866686627935,False,False,left_censored,,0.801224905563073,0.782941771729336,0.8046243332602414,0.7948574032845219,0.8384280748433274,0.13122144488224183,-0.1792871423502721,-0.18630503521057595,-0.20819900026639027,-0.15251866686627935,-0.18842713850427895,0.019296498080840815
circular_honest,20280818,6,random,15,0,Frame-weighted (SE(3)),True,,0.0028749889997925493,0.5174995975622118,0.6603474796612031,0.23526525053060557,-0.14284788209899113,False,False,right_censored,,0.5174995975622118,0.5174995975622118,0.5174995975622118,0.5174995975622118,0.5174995975622118,0.5174995975622118,-0.14284788209899113,-0.14284788209899113,-0.14284788209899113,-0.14284788209899113,-0.14284788209899113,-0.14284788209899113
circular_honest,20280818,6,random,15,0,Full operator (SE(3)),True,,0.0003137059998152836,-0.0007593571899329623,0.0007280356706212082,0.05660584908334958,-0.1345692511600779,False,False,left_censored,,0.7925457689765979,0.8757607181603149,0.858455739550847,0.8111921683733767,0.8189696117794909,-0.0007593571899329626,-0.17578157662262894,-0.15887091216139804,-0.1345692511600779,-0.182750960199768,-0.1729899109961348,-0.0014873928605541708
circular_honest,20280818,6,random,15,0,Pdiag pointwise (SE(3)),True,,0.006936104000033083,-0.0019608044962295314,0.000527967404100986,0.4364598449338334,0.027535943656678885,False,False,left_censored,,-0.3124488134937694,1.8807716486816668,0.6912002223336063,0.8088816032608221,0.8240899736743301,-0.0019608044962295327,-0.4269157736951195,0.027535943656678885,-0.31411535979645244,-0.18345652860586315,-0.17829295817160684,-0.0024887719003305188
circular_honest,20280818,6,random,15,0,Pdiag finite (SE(3)),True,,25.63091379599973,0.11088887277688851,0.0754524411400858,0.08802595168176973,-0.12237293594788345,False,False,left_censored,,0.6211040533598582,0.8738037385527668,0.7447900233999875,0.8212210529559643,0.679128370590901,0.11088887277688853,-0.2026373596250305,-0.1952443002328348,-0.23648125687482136,-0.16738706030593942,-0.12237293594788345,0.035436431636802726
circular_honest,20270818,12,random,30,0,Frame-weighted (SE(3)),True,,0.008011847000034322,0.5095133686147976,0.6665723246687495,0.23168613931182505,-0.1570589560539517,False,False,right_censored,,0.5095133686147976,0.5095133686147976,0.5095133686147976,0.5095133686147976,0.5095133686147976,0.5095133686147976,-0.1570589560539517,-0.1570589560539517,-0.1570589560539517,-0.1570589560539517,-0.1570589560539517,-0.1570589560539517
circular_honest,20270818,12,random,30,0,Full operator (SE(3)),True,,0.0007553469999947993,-0.0010467891112986348,-0.001246251155982294,0.06356341148937793,-0.1702880597657207,False,False,left_censored,,0.8090499046532469,0.8014334765729558,0.751673741247674,0.8033053054466214,0.822047707547436,-0.0010467891112986346,-0.19315830523067423,-0.20988067503854424,-0.25144441797569106,-0.1930915325187107,-0.1702880597657207,0.0001994620446836592
circular_honest,20270818,12,random,30,0,Pdiag pointwise (SE(3)),True,,0.019441452999672038,-0.001323146215809452,-0.0013523629053858784,0.09663460420248583,-0.17408055739446615,False,False,left_censored,,0.8982990540191694,0.4020148466717987,0.7279615782427947,0.8015127836002243,0.8220162585561713,-0.0013231462158094516,-0.17420694036850815,-0.2966972083166716,-0.26293090859828827,-0.19521603566074797,-0.17408055739446615,2.9216689576426653e-05
circular_honest,20270818,12,random,30,0,Pdiag finite (SE(3)),True,,64.03569894800012,0.14641235957643456,0.11560554764179885,0.06756859008650712,-0.14771253555077535,False,False,left_censored,,0.7912732663406292,0.7927802482223075,0.8161898997984782,0.7976004706061716,0.8288290564794677,0.1464123595764346,-0.1873580794459404,-0.19855770294154096,-0.2016437291496449,-0.14771253555077535,-0.1838686112087876,0.030806811934635733
circular_honest,20280818,9,qualified,15,0,Frame-weighted (SE(3)),True,,0.002783736000310455,0.43945119407072963,0.6041729092311667,0.266706722347038,-0.16472171516043704,False,False,right_censored,,0.4394511940707298,0.4394511940707298,0.4394511940707298,0.4394511940707298,0.4394511940707298,0.4394511940707298,-0.16472171516043704,-0.16472171516043704,-0.16472171516043704,-0.16472171516043704,-0.16472171516043704,-0.16472171516043704
circular_honest,20280818,9,qualified,15,0,Full operator (SE(3)),True,,0.00029084700008752407,-0.01096416547529939,-0.0004576791259670131,0.0752873641697881,-0.1614595031169368,False,False,left_censored,,0.8331901804295759,0.8103326958312707,0.6070348118702718,0.8346789529878673,0.8153400830435463,-0.010964165475299388,-0.1632388736392948,-0.19688854454879667,-0.30580713047359764,-0.1614595031169368,-0.1790869447063811,-0.010506486349332374
circular_honest,20280818,9,qualified,15,0,Pdiag pointwise (SE(3)),True,,0.006452767000155291,-0.0126558085397271,-0.00038466523197836324,0.12510342058427354,-0.1318037936829739,False,False,left_censored,,0.9770054768563001,0.2200879099483161,0.7785931604009518,0.812935550280524,0.8163491780822701,-0.012655808539727097,-0.1318037936829739,-0.36284306911081177,-0.17925331942853284,-0.18358380085741255,-0.17894320782597806,-0.012271143307748734
circular_honest,20280818,9,qualified,15,0,Pdiag finite (SE(3)),True,,17.285826091000217,0.11548591974171034,0.08691608504037619,0.06901553897101682,-0.09125221463285571,False,False,left_censored,,0.7550763686498828,0.7084314450991553,0.8643124839905387,0.8042380058023898,0.8733527290575555,0.11548591974171035,-0.15402809719251886,-0.2493975022602687,-0.09125221463285571,-0.11774160397942945,-0.20101264456664836,0.028569834701334146
circular_honest,20280818,10,qualified,15,1,Frame-weighted (SE(3)),True,,0.0028797049999411684,0.4051021946708361,0.5832241005462387,0.2854682160080593,-0.17812190587540272,False,False,right_censored,,0.40510219467083614,0.40510219467083614,0.40510219467083614,0.40510219467083614,0.40510219467083614,0.40510219467083614,-0.17812190587540272,-0.17812190587540272,-0.17812190587540272,-0.17812190587540272,-0.17812190587540272,-0.17812190587540272
circular_honest,20280818,10,qualified,15,1,Full operator (SE(3)),True,,0.0003180059998157958,-0.005418392556777989,-0.008608996271171813,0.06033553357671103,-0.14162068423086727,False,False,left_censored,,0.806551953172872,0.8327601245702217,0.8564205511263614,0.8038250310334308,0.8264166499976312,-0.005418392556777989,-0.1779132340942129,-0.15066835259874434,-0.14162068423086727,-0.19692841288830765,-0.1817142180491228,0.003190603714393824
circular_honest,20280818,10,qualified,15,1,Pdiag pointwise (SE(3)),True,,0.006778797000151826,-0.005355488337430999,-0.0019600638709032616,0.1235026336818527,-0.18069252909609912,False,False,left_censored,,0.5981266849858818,0.3618537982694865,0.6855097790953596,0.7973402236081454,0.8253112717817842,-0.005355488337430999,-0.2328270257449797,-0.2701011226448452,-0.29050553517103994,-0.20329757560056316,-0.18069252909609912,-0.003395424466527738
circular_honest,20280818,10,qualified,15,1,Pdiag finite (SE(3)),True,,16.407433227000183,0.11730540147923137,0.10953280020278804,0.0734184897816753,-0.17153244716709992,False,False,left_censored,,0.7108995615544851,0.8273813966811663,0.7771644124798172,0.8160712349488639,0.7513407854647661,0.1173054014792314,-0.18978699610140326,-0.1876085005932715,-0.19735525081653693,-0.17153244716709992,-0.19880126315496605,0.007772601276443386
keyed,20270818,6,random,15,0,Frame-weighted (SE(3)),True,,0.008052102999954514,0.6059545338314594,0.7434498612352206,0.25619014584666544,-0.13749532740376136,False,False,right_censored,,0.6059545338314594,0.6059545338314594,0.6059545338314594,0.6059545338314594,0.6059545338314594,0.6059545338314594,-0.13749532740376136,-0.13749532740376136,-0.13749532740376136,-0.13749532740376136,-0.13749532740376136,-0.13749532740376136
keyed,20270818,6,random,15,0,Full operator (SE(3)),True,,0.000768783999774314,0.13102064291526694,0.2115688562649825,0.2245532710601613,0.15728084976434675,False,True,detected,0.6049875179362701,0.8622671560114594,1.0420060473089152,1.1036240848903776,1.1600816804377703,0.8334172275699839,0.131020642915267,-0.140064302142338,0.021341889246061063,0.07993912714315465,0.15728084976434675,-0.16117120088511883,-0.0805482133497154
keyed,20270818,6,random,15,0,Pdiag pointwise (SE(3)),True,,0.020313680000072054,0.07608165200978949,0.21073867189554144,0.6306360848161354,0.1655670944423755,False,True,detected,0.6046240458375431,-0.2477510031331951,2.0223713326293553,0.685215016970885,1.0277865388386318,0.8397528131138905,0.07608165200978956,-0.38219241730048176,0.1655670944423755,-0.35337498232155684,0.026004659782915107,-0.16055008941076543,-0.1346570198857518
keyed,20270818,6,random,15,0,Pdiag finite (SE(3)),True,,305.35026102899974,0.7382007231578753,0.26931008878140167,0.0975814507468705,-0.01860378976921484,False,True,detected,0.6087233929726957,0.8618553445689622,0.9381643418504101,0.822763960477489,0.8124731271813195,0.8256294681317494,0.7382007231578754,-0.026197635087947924,-0.11321629451281312,-0.19344933152816224,-0.17995662169802074,-0.01860378976921484,0.46889063437647377
circular_honest,20280818,8,random,15,2,Frame-weighted (SE(3)),True,,0.0028248450003047765,0.6316274832488368,0.7719148980907786,0.1967041552406887,-0.14028741484194207,False,False,right_censored,,0.6316274832488369,0.6316274832488369,0.6316274832488369,0.6316274832488369,0.6316274832488369,0.6316274832488369,-0.14028741484194207,-0.14028741484194207,-0.14028741484194207,-0.14028741484194207,-0.14028741484194207,-0.14028741484194207
circular_honest,20280818,8,random,15,2,Full operator (SE(3)),True,,0.00031470900012209313,0.003618355213619105,0.0021675612696540726,0.05796650351000749,-0.0992245611647613,False,False,left_censored,,0.8153921858883848,0.7905405230632186,0.9214304556652431,0.800187662497778,0.8249603654885069,0.0036183552136191044,-0.15764456942553762,-0.23230252576199717,-0.0992245611647613,-0.19297540053452156,-0.1712817782320919,0.0014507939439650317
circular_honest,20280818,8,random,15,2,Pdiag pointwise (SE(3)),True,,0.006727248000061081,-0.0062398207435563425,0.001035604167672763,0.11061484718202154,-0.03489092894558654,False,False,left_censored,,1.3737367833923475,0.5640392606879269,0.8504784679082686,0.8025049416039779,0.8212716962531443,-0.006239820743556345,-0.03489092894558654,-0.31157060857558827,-0.13317988886720078,-0.18805104647778492,-0.17451075897097457,-0.007275424911229108
circular_honest,20280818,8,random,15,2,Pdiag finite (SE(3)),True,,34.36147086799974,0.09418086009951424,0.08600450328318096,0.0649625223393974,-0.07606431019130366,False,False,left_censored,,0.9260661313502102,0.7487336395469391,0.8916366834766158,0.827743728678172,0.8071657179795533,0.09418086009951424,-0.1405953753257273,-0.273601078275288,-0.07606431019130366,-0.14442062636914343,-0.17689678374111206,0.008176356816333247
circular_honest,20280818,5,qualified,8,2,Frame-weighted (SE(3)),True,,0.002904825999848981,0.7799199197754701,0.8692087306878653,0.1868028329758935,-0.08928881091239549,False,False,right_censored,,0.7799199197754701,0.7799199197754701,0.7799199197754701,0.7799199197754701,0.7799199197754701,0.7799199197754701,-0.08928881091239549,-0.08928881091239549,-0.08928881091239549,-0.08928881091239549,-0.08928881091239549,-0.08928881091239549
circular_honest,20280818,5,qualified,8,2,Full operator (SE(3)),True,,0.0003438070002630411,0.024536436789499967,0.0029684826639363978,1.0102762041173095,0.02583007572839391,False,False,left_censored,,0.7751808681025782,-0.9256243829776852,0.9506587215990052,0.7968181160423202,0.8062567936839069,0.024536436789499957,-0.17618210815367708,-1.8755666380400768,0.02583007572839391,-0.2023137482473416,-0.2337175957497979,0.02156795412556356
circular_honest,20280818,5,qualified,8,2,Pdiag pointwise (SE(3)),True,,0.0070514290000573965,-0.010870918602345687,0.0020390030896345513,0.10767808098868237,-0.042808545721130686,False,False,left_censored,,1.3685524947242675,0.7535727674456529,1.017908972117742,0.8230631298846331,0.8137675026595893,-0.010870918602345687,-0.09431143786980134,-0.22858508554761725,-0.042808545721130686,-0.1772745942126026,-0.18176311656328548,-0.012909921691980238
circular_honest,20280818,5,qualified,8,2,Pdiag finite (SE(3)),True,,56.030630545999884,0.1409757735796388,0.08986679751161318,0.07590878108288518,-0.06404088611760594,False,False,left_censored,,0.8448474001631516,0.6381189776382223,0.955004039768811,0.8770618471961606,0.7972056203373055,0.1409757735796388,-0.2167868334778924,-0.22996060246816408,-0.06404088611760594,-0.19963106595429436,-0.17237090832454216,0.05110897606802563
circular_honest,20280818,12,random,30,0,Frame-weighted (SE(3)),True,,0.009490782999819203,0.5226506080866016,0.6561277473239069,0.22683400712913843,-0.13347713923730542,False,False,right_censored,,0.5226506080866016,0.5226506080866016,0.5226506080866016,0.5226506080866016,0.5226506080866016,0.5226506080866016,-0.13347713923730542,-0.13347713923730542,-0.13347713923730542,-0.13347713923730542,-0.13347713923730542,-0.13347713923730542
circular_honest,20280818,12,random,30,0,Full operator (SE(3)),True,,0.0009490059997006028,-0.0013081567843523296,0.0007312253447432102,0.055334240293784746,-0.09888060796193354,False,False,left_censored,,0.8274198978753874,0.8980284475621454,0.769365583705197,0.8036366039510565,0.8177549521548728,-0.0013081567843523292,-0.16509505490659393,-0.09888060796193354,-0.19164856206500358,-0.19411665630170805,-0.17756613638389174,-0.002039382129095539
circular_honest,20280818,12,random,30,0,Pdiag pointwise (SE(3)),True,,0.02058173000023089,-0.0017697317886003088,0.0008758996392217132,0.08878457968308032,-0.15473146122224946,False,False,left_censored,,0.90833065880549,0.47276584187840376,0.7368537414325445,0.7983439952595157,0.8181234882301607,-0.0017697317886003088,-0.15473146122224946,-0.19930492207454487,-0.228029988512638,-0.1940735572060377,-0.17778206515423456,-0.002645631427822022
circular_honest,20280818,12,random,30,0,Pdiag finite (SE(3)),True,,27.6429077089997,0.14418065601953067,0.1194656797105647,0.06288382824000358,-0.12285921656612175,False,False,left_censored,,0.8041010393592196,0.8450055011462823,0.83036521080417,0.8034874103542198,0.8200797227290798,0.14418065601953067,-0.16744714758760737,-0.12285921656612175,-0.15668025722897339,-0.15211448099611535,-0.19269015359604225,0.024714976308965964
circular_honest,20280818,11,qualified,15,2,Frame-weighted (SE(3)),True,,0.002909867000198574,0.3427263866839921,0.5770926495904349,0.317249508116118,-0.23436626290644297,False,False,right_censored,,0.3427263866839921,0.3427263866839921,0.3427263866839921,0.3427263866839921,0.3427263866839921,0.3427263866839921,-0.23436626290644297,-0.23436626290644297,-0.23436626290644297,-0.23436626290644297,-0.23436626290644297,-0.23436626290644297
circular_honest,20280818,11,qualified,15,2,Full operator (SE(3)),True,,0.00031263300024875207,-0.006387755093672703,-0.0005568669674426818,0.07720687561513656,-0.17747591057652368,False,False,left_censored,,0.8205576281416483,0.7435184516800333,0.782261751606693,0.7892421571917153,0.8204342870894981,-0.006387755093672706,-0.18820314769925128,-0.2671466275076395,-0.30373792916703324,-0.20786423097253748,-0.17747591057652368,-0.005830888126230024
circular_honest,20280818,11,qualified,15,2,Pdiag pointwise (SE(3)),True,,0.006820317999881809,-0.008109765376971672,0.0020874552707325932,0.21595318932776236,-0.17523682208206826,False,False,left_censored,,-0.05330532384036668,0.43891049010660177,0.8541373785618331,0.792193886760446,0.820562548072727,-0.008109765376971672,-0.3820890632455721,-0.35084052267172106,-0.23631676621167186,-0.19251517599463175,-0.17523682208206826,-0.010197220647704265
circular_honest,20280818,11,qualified,15,2,Pdiag finite (SE(3)),True,,29.2244106080002,0.10924804186627954,0.09549551485695298,0.08007995950632774,-0.16132882079153965,False,False,left_censored,,0.7885369214134528,0.6341282501514666,0.7649414138389332,0.7954856393692605,0.8357007742104784,0.10924804186627952,-0.1967856671272381,-0.30867151792240544,-0.2332886798171796,-0.16132882079153965,-0.1753670685107368,0.013752527009326526
circular_honest,20280818,16,qualified,30,1,Frame-weighted (SE(3)),True,,0.0032435469997835753,0.47416578643773394,0.656165641428973,0.2486119650464965,-0.1819998549912391,False,False,right_censored,,0.47416578643773394,0.47416578643773394,0.47416578643773394,0.47416578643773394,0.47416578643773394,0.47416578643773394,-0.1819998549912391,-0.1819998549912391,-0.1819998549912391,-0.1819998549912391,-0.1819998549912391,-0.1819998549912391
circular_honest,20280818,16,qualified,30,1,Full operator (SE(3)),True,,0.0003404189997127105,-0.010340647205768478,-0.00038600650767418767,0.06721820562659109,-0.15090360593442975,False,False,left_censored,,0.8030799410649467,0.7259590251787383,0.8353886168656905,0.8084166284117242,0.8198826166261955,-0.010340647205768477,-0.18187223556835597,-0.27606667791769934,-0.15090360593442975,-0.18775286930606638,-0.17960084431098133,-0.00995464069809429
circular_honest,20280818,16,qualified,30,1,Pdiag pointwise (SE(3)),True,,0.007050336000247626,-0.006563731053345857,0.0013122255083028989,0.1750141926702197,-0.10827631061420728,False,False,left_censored,,1.1462628715781882,0.03812893236711057,0.754759642915661,0.8034536959909628,0.8202288941520715,-0.0065637310533458535,-0.10827631061420728,-0.43473581411924034,-0.2258614557023999,-0.18778239789711237,-0.1789426117141616,-0.007875956561648752
circular_honest,20280818,16,qualified,30,1,Pdiag finite (SE(3)),True,,30.6029878749996,0.11351024172365606,0.09151000419048604,0.07337727654319562,-0.12981275158846228,False,False,left_censored,,0.8171061689150604,0.6690639363814945,0.8636285567940442,0.7969612042613642,0.8435023360494783,0.11351024172365605,-0.17116857816598663,-0.2843329803070589,-0.12981275158846228,-0.14171606462010744,-0.1912708114657503,0.022000237533169972
circular_honest,20280818,17,qualified,30,2,Frame-weighted (SE(3)),True,,0.0030828720000499743,0.5897267355826924,0.7392512085932313,0.21214497382842729,-0.14952447301053873,False,False,right_censored,,0.5897267355826924,0.5897267355826924,0.5897267355826924,0.5897267355826924,0.5897267355826924,0.5897267355826924,-0.14952447301053873,-0.14952447301053873,-0.14952447301053873,-0.14952447301053873,-0.14952447301053873,-0.14952447301053873
circular_honest,20280818,17,qualified,30,2,Full operator (SE(3)),True,,0.0003269980002187367,-0.008518981880651876,0.0015459256162347827,0.07478979218361329,-0.17256562610272097,False,False,left_censored,,0.7984776832063315,0.7589547606777707,0.7268025344468247,0.8184727185523454,0.8163902718029236,-0.008518981880651876,-0.1907455056120947,-0.24179640768459798,-0.2893343657987957,-0.17256562610272097,-0.17913004175714098,-0.010064907496886658
circular_honest,20280818,17,qualified,30,2,Pdiag pointwise (SE(3)),True,,0.006748918000084814,-0.0069042401599749715,0.0018801047844308816,0.08202291437452527,-0.14521084315527277,False,False,left_censored,,1.0262101445586214,0.8622312755514804,0.7328614141214037,0.8140618109147766,0.8160531469005915,-0.006904240159974972,-0.14521084315527277,-0.22340995966322497,-0.29628607689648423,-0.1744918768923116,-0.17989585593241353,-0.008784344944405853
circular_honest,20280818,17,qualified,30,2,Pdiag finite (SE(3)),True,,32.950208613000086,0.1308479852847298,0.1159702196996275,0.07876594524027421,-0.14212200282380183,False,False,left_censored,,0.7988465445134867,0.6971527536765629,0.7523920719948507,0.8063278251280691,0.8396265431993083,0.1308479852847298,-0.1795292702928547,-0.2693889865023691,-0.23595089539255354,-0.14212200282380183,-0.18861037938266334,0.014877765585102273
circular_honest,20280818,15,qualified,30,0,Frame-weighted (SE(3)),True,,0.007800119999956223,0.4072891194897588,0.6050380755145663,0.2816266817376912,-0.19774895602480752,False,False,right_censored,,0.40728911948975893,0.40728911948975893,0.40728911948975893,0.40728911948975893,0.40728911948975893,0.40728911948975893,-0.19774895602480752,-0.19774895602480752,-0.19774895602480752,-0.19774895602480752,-0.19774895602480752,-0.19774895602480752
circular_honest,20280818,15,qualified,30,0,Full operator (SE(3)),True,,0.0007385369999610703,0.0026034406376597807,0.0013704916891094385,0.07518587247768661,-0.1678446501487726,False,False,left_censored,,0.8274887582385415,0.8345330009672083,0.6121743525557385,0.8138549401268699,0.8187911192146389,0.0026034406376597803,-0.1678446501487726,-0.17940544229957767,-0.33079984988775135,-0.1783854153002714,-0.17888176909297215,0.001232948948550342
circular_honest,20280818,15,qualified,30,0,Pdiag pointwise (SE(3)),True,,0.019686855000145442,0.004884214023170708,0.0018449399286541315,0.14902416680674344,-0.17909667840187637,False,False,left_censored,,0.4847536970243217,0.30503440915313174,0.6740311164244278,0.806931223449165,0.8187312930696862,0.004884214023170709,-0.2555951665472904,-0.31483194166092354,-0.3499701384811208,-0.18316639908004206,-0.17909667840187637,0.0030392740945165775
circular_honest,20280818,15,qualified,30,0,Pdiag finite (SE(3)),True,,39.295607549000124,0.11152507820960283,0.08540967940891595,0.07461081759644723,-0.16056828181310534,False,False,left_censored,,0.7997118817560681,0.7925935708191288,0.7177440406298936,0.8355517187916448,0.8001674142678595,0.11152507820960285,-0.18279719612046297,-0.21466967748018073,-0.2656730286846676,-0.16056828181310534,-0.17642464806441394,0.026115398800686904
circular_honest,20280818,14,random,30,2,Frame-weighted (SE(3)),True,,0.007852993000142305,0.4139063010000563,0.5849081597118118,0.27946729167732376,-0.17100185871175527,False,False,right_censored,,0.4139063010000564,0.4139063010000564,0.4139063010000564,0.4139063010000564,0.4139063010000564,0.4139063010000564,-0.17100185871175527,-0.17100185871175527,-0.17100185871175527,-0.17100185871175527,-0.17100185871175527,-0.17100185871175527
circular_honest,20280818,14,random,30,2,Full operator (SE(3)),True,,0.0007178430000749358,-0.0003450336010146711,0.0010815644608253654,0.06215107657212074,-0.17435113743959363,False,False,left_censored,,0.8072191574438758,0.7989528817357134,0.7515652073456424,0.8137505369425909,0.8209602352861367,-0.0003450336010146711,-0.18416513404859414,-0.2042982518952321,-0.2076748909152647,-0.18353561308344357,-0.17435113743959363,-0.0014265980618400364
circular_honest,20280818,14,random,30,2,Pdiag pointwise (SE(3)),True,,0.019192113000372046,0.0008900055891521218,0.0005597937504097649,0.15040763799311635,-0.17464026995330062,False,False,left_censored,,0.6258180382670457,0.13760839983861228,0.741879536558402,0.81021150638476,0.820960139888592,0.0008900055891521219,-0.22618778859801036,-0.37623965007286186,-0.22003501846383322,-0.18638932923960327,-0.17464026995330062,0.000330211838742357
circular_honest,20280818,14,random,30,2,Pdiag finite (SE(3)),True,,41.37875691499994,0.12657189589286294,0.09523372189079436,0.07252073637751977,-0.14334490086705198,False,False,left_censored,,0.7270195974917375,0.7935837375555395,0.8226698450530228,0.8152852843047882,0.8177740886635922,0.1265718958928629,-0.20075996233959015,-0.24726913184589594,-0.14334490086705198,-0.1504135919304732,-0.18451896301374382,0.03133817400206852
circular_honest,20280818,13,random,30,1,Frame-weighted (SE(3)),True,,0.0077910600002724095,0.2844777040428138,0.49349316962522055,0.36641872789159136,-0.20901546558240675,False,False,left_censored,,0.2844777040428138,0.2844777040428138,0.2844777040428138,0.2844777040428138,0.2844777040428138,0.2844777040428138,-0.20901546558240675,-0.20901546558240675,-0.20901546558240675,-0.20901546558240675,-0.20901546558240675,-0.20901546558240675
circular_honest,20280818,13,random,30,1,Full operator (SE(3)),True,,0.000753738000184967,-0.005687484859210485,0.00032031810445441803,0.06881036604232373,-0.14412909597123513,False,False,left_censored,,0.8422298081987353,0.7412127743313357,0.7725072298172962,0.8103198816832653,0.8216356159188156,-0.005687484859210488,-0.14412909597123513,-0.2508611885186771,-0.24565931319331213,-0.18520758594197906,-0.17680582932307154,-0.006007802963664906
circular_honest,20280818,13,random,30,1,Pdiag pointwise (SE(3)),True,,0.01920493699981307,-0.005485648978280223,0.0004891591324340306,0.2500658845427229,-0.17820834280177134,False,False,left_censored,,0.3200496773050851,-0.11885301542270385,0.7389130728796452,0.8040953431573485,0.8226222906467013,-0.005485648978280222,-0.2744235566525595,-0.4465119028132114,-0.26568607124987087,-0.18747635554703668,-0.17820834280177134,-0.005974808110714252
circular_honest,20280818,13,random,30,1,Pdiag finite (SE(3)),True,,56.78988129800018,0.11374895451958472,0.08645099569989713,0.07467512579826086,-0.14533644327536777,False,False,left_censored,,0.863472748198787,0.6910853783376332,0.7890947610488545,0.8028740888297429,0.8240610828336687,0.1137489545195847,-0.14533644327536777,-0.2776384192357185,-0.20461383899068164,-0.15180432318373427,-0.18526320776892913,0.027297958819687565
circular_honest,20280818,2,random,8,2,Frame-weighted (SE(3)),True,,0.0027549999999791908,0.08270423451767936,0.31681205327763373,0.5644431390459284,-0.2341078187599544,False,False,left_censored,,0.08270423451767935,0.08270423451767935,0.08270423451767935,0.08270423451767935,0.08270423451767935,0.08270423451767935,-0.2341078187599544,-0.2341078187599544,-0.2341078187599544,-0.2341078187599544,-0.2341078187599544,-0.2341078187599544
circular_honest,20280818,2,random,8,2,Full operator (SE(3)),True,,0.000293214000066655,-0.05158608079197414,-0.05203721037006287,0.13109216182828934,-0.16312736275984308,False,False,left_censored,,0.8279120701228883,0.4898561387600217,0.5778002745314071,0.7848254386397607,0.8155856455098991,-0.05158608079197413,-0.17754338681028703,-0.5139470377748345,-0.38531255363266503,-0.21983343269622646,-0.16312736275984308,0.0004511295780887381
circular_honest,20280818,2,random,8,2,Pdiag pointwise (SE(3)),True,,0.006598728999961168,-0.00874951885532105,-0.00026350074538915075,0.6834599798349259,-0.17087375631534718,False,False,left_censored,,-0.6713093603603258,-0.47046073440716185,0.5529198998141766,0.813262333424901,0.8399439998255821,-0.008749518855321046,-0.4419215026370604,-0.7026431108819824,-0.2836949193672187,-0.18476696147378446,-0.17087375631534718,-0.008486018109931895
circular_honest,20280818,2,random,8,2,Pdiag finite (SE(3)),True,,98.39274540600036,0.07898649299264303,0.07083424251914992,0.08273503670753439,-0.16261940700946642,False,False,left_censored,,0.74873864970751,0.6529492583638242,0.8619830322949013,0.7849732905278378,0.841268115159565,0.07898649299264303,-0.19008247021184244,-0.31709754990219297,-0.1991968667973062,-0.16261940700946642,-0.2228776731673826,0.008152250473493092
keyed,20260818,7,random,15,1,Frame-weighted (SE(3)),True,,0.006679994000023726,0.39066592775775455,0.7853709648865629,0.3630680709517946,-0.39470503712880883,False,False,right_censored,,0.3906659277577545,0.3906659277577545,0.3906659277577545,0.3906659277577545,0.3906659277577545,0.3906659277577545,-0.39470503712880883,-0.39470503712880883,-0.39470503712880883,-0.39470503712880883,-0.39470503712880883,-0.39470503712880883
keyed,20260818,7,random,15,1,Full operator (SE(3)),True,,0.0006694710000374471,0.24468098626913629,0.78124985893685,0.3718709017011614,-0.1672188361321575,False,True,detected,0.75,0.8136765067065389,0.42760467189894136,0.7819645168424958,0.826193039286668,0.8324173625036447,0.24468098626913629,-0.17312150754880673,-0.5696164394537435,-0.18144541376142242,-0.17896761583031606,-0.1672188361321575,-0.5365688726677134
keyed,20260818,7,random,15,1,Pdiag pointwise (SE(3)),True,,0.01644753300024604,0.1442831987016711,0.8794924185243242,0.6403613677947704,-0.17311205438113764,False,True,detected,0.75,0.774018818135287,-0.4762848990711182,0.7379705139231985,0.8086459669671824,0.8273766999530615,0.1442831987016711,-0.190324424509279,-0.41207204344882953,-0.25549440771111265,-0.19774632605712994,-0.17311205438113764,-0.7352092198226534
keyed,20260818,7,random,15,1,Pdiag finite (SE(3)),True,,639.9821817389998,0.8381965886116766,0.3077122293378796,0.10833618534628925,-0.01939511986188802,True,True,detected,0.6208113073935405,0.7847530700475257,0.8914258354348796,0.8455227937225049,0.8168667693350226,0.8276365290009429,0.8381965886116763,-0.22365775210104888,-0.01939511986188802,-0.15341002152636696,-0.15368209675842093,-0.18490839709633367,0.5304843592737964
