model,global_progress,phase,phase_progress,alpha_x,alpha_y,g_translation,g_yaw
Empirical isolated,0.0,Align keyed,0.0,0.031672666470209755,-0.0014603137969970662,0.015106176336606344,-0.005991312436244043
Empirical isolated,0.010416666666666666,Align keyed,0.041666666666666664,0.03088296701510747,-0.0016844520966211906,0.014599257459243141,-0.004475869420838822
Empirical isolated,0.020833333333333332,Align keyed,0.08333333333333333,0.07096578677495322,0.012962023417154944,0.04196390509605408,0.014079096198013046
Empirical isolated,0.03125,Align keyed,0.125,0.14878561099370324,0.04162490367889403,0.09520525733629864,0.04387748537659206
Empirical isolated,0.041666666666666664,Align keyed,0.16666666666666666,0.2489257603883745,0.08502138985527853,0.1669735751218265,0.09039600526217771
Empirical isolated,0.05208333333333333,Align keyed,0.20833333333333334,0.35993141225642605,0.15687371293703714,0.2584025625967316,0.15625190383330653
Empirical isolated,0.0625,Align keyed,0.25,0.47448488573233283,0.24608708918094635,0.3602859874566396,0.22870229754918148
Empirical isolated,0.07291666666666666,Align keyed,0.2916666666666667,0.5948472302407017,0.3432089876797457,0.46902810896022373,0.32263945844246167
Empirical isolated,0.08333333333333333,Align keyed,0.3333333333333333,0.6874455759922654,0.44849051369560994,0.5679680448439377,0.4201781813093687
Empirical isolated,0.09375,Align keyed,0.375,0.7254995871335271,0.560926335553328,0.6432129613434276,0.524265257212925
Empirical isolated,0.10416666666666666,Align keyed,0.4166666666666667,0.7628977298736569,0.6673872470855706,0.7151424884796138,0.6244913888513541
Empirical isolated,0.11458333333333333,Align keyed,0.4583333333333333,0.8218927619357902,0.7604882638487543,0.7911905128922723,0.7207196024611476
Empirical isolated,0.125,Align keyed,0.5,0.8737511932849881,0.8327370509505271,0.8532441221177576,0.8006174978021798
Empirical isolated,0.13541666666666666,Align keyed,0.5416666666666666,0.9164176053471033,0.887160514038341,0.901789059692722,0.868846368820067
Empirical isolated,0.14583333333333331,Align keyed,0.5833333333333334,0.948843442731433,0.92446732127832,0.9366553820048764,0.9228398172939912
Empirical isolated,0.15625,Align keyed,0.625,0.9742512057224908,0.9475444055472809,0.9608978056348858,0.9607751549804381
Empirical isolated,0.16666666666666666,Align keyed,0.6666666666666666,0.9928160243564182,0.9640591632988714,0.9784375938276448,0.9845631077923492
Empirical isolated,0.17708333333333331,Align keyed,0.7083333333333334,1.0050310442845025,0.9707272363205747,0.9878791403025386,0.9949843760877758
Empirical isolated,0.1875,Align keyed,0.75,1.0083466768264768,0.9716876161595186,0.9900171464929977,0.9954674877665661
Empirical isolated,0.19791666666666666,Align keyed,0.7916666666666666,1.0092394840386176,0.9717662560029161,0.9905028700207669,0.9949905428130505
Empirical isolated,0.20833333333333331,Align keyed,0.8333333333333334,1.0033710135353937,0.9750943113532329,0.9892326624443133,0.9946847266949171
Empirical isolated,0.21875,Align keyed,0.875,0.9950734674930573,1.0085996240377426,1.0018365457654,0.9948800267375781
Empirical isolated,0.22916666666666666,Align keyed,0.9166666666666666,0.994734010762638,1.0667013263122902,1.0307176685374642,0.9983767887836595
Empirical isolated,0.23958333333333331,Align keyed,0.9583333333333334,0.9962061834004187,1.0893923540910084,1.0427992687457135,1.0002794868686067
Empirical isolated,0.25,Align keyed,1.0,0.9958627323309578,1.0886819722751773,1.0422723523030675,1.0002241099910878
Empirical isolated,0.25,Enter key,0.0,0.9959424535433448,1.0881284562249978,1.0420354548841713,1.000135933579068
Empirical isolated,0.2604166666666667,Enter key,0.041666666666666664,0.9959157349334821,1.088925224677142,1.042420479805312,1.0000178156278803
Empirical isolated,0.2708333333333333,Enter key,0.08333333333333333,0.9964369651344083,1.0882688815601997,1.0423529233473041,0.9997787701080005
Empirical isolated,0.28125,Enter key,0.125,0.9974053129553792,1.081274713700016,1.0393400133276975,0.9997607320092082
Empirical isolated,0.2916666666666667,Enter key,0.16666666666666666,0.9973960204256904,1.086111045959923,1.0417535331928067,1.0000235939809343
Empirical isolated,0.3020833333333333,Enter key,0.20833333333333334,0.9969718961252101,1.0788969385127223,1.0379344173189662,1.0002444511597648
Empirical isolated,0.3125,Enter key,0.25,0.9971735998988149,1.0616643199076252,1.0294189599032202,1.000252278823622
Empirical isolated,0.32291666666666663,Enter key,0.2916666666666667,0.9975437178379964,1.0734852364597218,1.0355144771488591,1.0001135000305903
Empirical isolated,0.3333333333333333,Enter key,0.3333333333333333,0.9975360499487977,1.0427425512009194,1.0201393005748587,0.9999432993812845
Empirical isolated,0.34375,Enter key,0.375,0.998049136251211,1.0429005177381134,1.0204748269946622,0.9998238882000302
Empirical isolated,0.35416666666666663,Enter key,0.4166666666666667,0.9980443658100231,1.042065308946702,1.0200548373783627,1.0000018328103786
Empirical isolated,0.3645833333333333,Enter key,0.4583333333333333,0.9974455978307454,1.0457159084681833,1.0215807531494643,1.0002170349544006
Empirical isolated,0.375,Enter key,0.5,0.9975397338469819,1.0218179784715173,1.0096788561592496,1.0002321850544456
Empirical isolated,0.38541666666666663,Enter key,0.5416666666666666,0.9978432829181351,1.0144311132737331,1.0061371980959342,1.000118591086002
Empirical isolated,0.3958333333333333,Enter key,0.5833333333333334,0.9978660278850129,1.0054999186346927,1.001682973259853,0.9999201116122642
Empirical isolated,0.40625,Enter key,0.625,0.9984692558646198,0.9980777123322085,0.9982734840984142,0.9998195932609464
Empirical isolated,0.41666666666666663,Enter key,0.6666666666666666,0.9983494877815247,0.9904782391256757,0.9944138634536002,1.000041982919055
Empirical isolated,0.4270833333333333,Enter key,0.7083333333333334,0.9978090412914752,0.9904789867707423,0.9941440140311087,1.000228508059387
Empirical isolated,0.4375,Enter key,0.75,0.9979795664548873,0.9956654005994399,0.9968224835271635,1.0002221831033007
Empirical isolated,0.44791666666666663,Enter key,0.7916666666666666,0.9982305475407175,1.0001386774496899,0.9991846124952037,1.000101128990187
Empirical isolated,0.4583333333333333,Enter key,0.8333333333333334,0.998298989401923,1.0116696771648195,1.0049843332833712,0.9998878029732287
Empirical isolated,0.46875,Enter key,0.875,0.9989607147872448,1.0155488969758153,1.00725480588153,0.9998270387289232
Empirical isolated,0.47916666666666663,Enter key,0.9166666666666666,0.9986340792642695,1.015476675497161,1.0070553773807152,1.0000401943122268
Empirical isolated,0.4895833333333333,Enter key,0.9583333333333334,0.9980954436792269,1.0127217288956873,1.005408586287457,1.0002172677595287
Empirical isolated,0.5,Enter key,1.0,0.998345265785853,1.009659531215827,1.00400239850084,1.0002291208769385
Empirical isolated,0.5,Unlock yaw,0.0,0.9985553721586863,1.009182414660851,1.0038688934097686,1.0001909290209006
Empirical isolated,0.5104166666666666,Unlock yaw,0.041666666666666664,0.998621806502342,1.0103241281790865,1.0044729673407142,0.99678621619741
Empirical isolated,0.5208333333333334,Unlock yaw,0.08333333333333333,0.9986882408459978,1.011947045723597,1.0053176432847974,0.9840176613372446
Empirical isolated,0.53125,Unlock yaw,0.125,0.9988017380237579,1.013970033576091,1.0063858857999244,0.9589776153557172
Empirical isolated,0.5416666666666666,Unlock yaw,0.16666666666666666,0.9989152352015177,1.0167619213461874,1.0078385782738526,0.9210519347689559
Empirical isolated,0.5520833333333334,Unlock yaw,0.20833333333333334,0.9989837805430092,1.0187692422833707,1.00887651141319,0.8669845752321502
Empirical isolated,0.5625,Unlock yaw,0.25,0.9990523258845008,1.0202462164064248,1.0096492711454628,0.8027728531687498
Empirical isolated,0.5729166666666666,Unlock yaw,0.2916666666666667,0.9990477313597995,1.0190232863856683,1.0090355088727339,0.7236699071170587
Empirical isolated,0.5833333333333334,Unlock yaw,0.3333333333333333,0.9990431368350983,1.0156462796860268,1.0073447082605624,0.629384304364764
Empirical isolated,0.59375,Unlock yaw,0.375,0.9991177668174108,1.010253063092629,1.00468541495502,0.5256421691143114
Empirical isolated,0.6041666666666666,Unlock yaw,0.4166666666666667,0.9991923967997232,1.0035255096024935,1.0013589532011085,0.4180217771816516
Empirical isolated,0.6145833333333334,Unlock yaw,0.4583333333333333,0.999350845813751,0.9969746745708913,0.9981627601923211,0.3192625617553395
Empirical isolated,0.625,Unlock yaw,0.5,0.9995092948277791,0.9903638623654841,0.9949365785966315,0.23012923464656052
Empirical isolated,0.6354166666666666,Unlock yaw,0.5416666666666666,0.9996470063924788,0.9868298864199052,0.9932384464061921,0.15554277847347203
Empirical isolated,0.6458333333333333,Unlock yaw,0.5833333333333334,0.9997847179571786,0.9845153946015566,0.9921500562793676,0.09131638488964045
Empirical isolated,0.65625,Unlock yaw,0.625,0.9998557468255359,0.9834736275176204,0.9916646871715782,0.04220662378120051
Empirical isolated,0.6666666666666666,Unlock yaw,0.6666666666666666,0.9999267756938931,0.9850518157084783,0.9924892957011857,0.007332615184935076
Empirical isolated,0.6770833333333333,Unlock yaw,0.7083333333333334,0.9999352196852364,0.9866224860565528,0.9932788528708946,-0.012929627230930267
Empirical isolated,0.6875,Unlock yaw,0.75,0.9999436636765796,0.9881838224828239,0.9940637430797017,-0.020796028255261546
Empirical isolated,0.6979166666666666,Unlock yaw,0.7916666666666666,0.9999354680379232,0.9903205041256213,0.9951279860817723,-0.01595175755145599
Empirical isolated,0.7083333333333333,Unlock yaw,0.8333333333333334,0.9999272723992665,0.9918817215495637,0.9959044969744151,-0.006792983047705883
Empirical isolated,0.71875,Unlock yaw,0.875,0.9998998294274012,0.992861250415444,0.9963805399214226,-0.0022140940622561497
Empirical isolated,0.7291666666666666,Unlock yaw,0.9166666666666666,0.9998723864555356,0.994056804726521,0.9969645955910282,-0.0007663141308181814
Empirical isolated,0.7395833333333333,Unlock yaw,0.9583333333333334,0.999854505062103,0.9947170244736804,0.9972857647678917,-0.00030306331661085777
Empirical isolated,0.75,Unlock yaw,1.0,0.9998366236686707,0.9948509745299817,0.9973437990993261,-0.0001712669409596142
Empirical isolated,0.75,Circular insert,0.0,0.9998833139737443,0.9954033729930719,0.9976433434834081,-0.00023326015607883394
Empirical isolated,0.7604166666666666,Circular insert,0.041666666666666664,0.9998737937874267,0.9952610746646918,0.9975674342260592,-0.00022900818114415108
Empirical isolated,0.7708333333333334,Circular insert,0.08333333333333333,0.9998642736011076,0.9951187763363122,0.99749152496871,-0.0002247562062094683
Empirical isolated,0.78125,Circular insert,0.125,0.9998547534147896,0.9949764780079325,0.9974156157113611,-0.00022050423127478535
Empirical isolated,0.7916666666666666,Circular insert,0.16666666666666666,0.999845233228472,0.9948341796795527,0.9973397064540124,-0.00021625225634010252
Empirical isolated,0.8020833333333334,Circular insert,0.20833333333333334,0.9998357233901815,0.9946940725462304,0.9972648979682059,-0.00021449066417588577
Empirical isolated,0.8125,Circular insert,0.25,0.9998262549440065,0.994562730193138,0.9971944925685723,-0.0002226906030935329
Empirical isolated,0.8229166666666666,Circular insert,0.2916666666666667,0.9998167864978312,0.9944313878400459,0.9971240871689386,-0.00023089054201118038
Empirical isolated,0.8333333333333334,Circular insert,0.3333333333333333,0.9998073180516558,0.9943000454869536,0.9970536817693048,-0.0002390904809288277
Empirical isolated,0.84375,Circular insert,0.375,0.9997978496054807,0.9941687031338609,0.9969832763696708,-0.000247290419846475
Empirical isolated,0.8541666666666666,Circular insert,0.4166666666666667,0.9997988326681982,0.9937580467926129,0.9967784397304056,-0.0002575723260220079
Empirical isolated,0.8645833333333334,Circular insert,0.4583333333333333,0.9998154929942552,0.9929284194691311,0.9963719562316932,-0.0002709771830843692
Empirical isolated,0.875,Circular insert,0.5,0.9998321533203121,0.9920987921456492,0.9959654727329806,-0.00028438204014673036
Empirical isolated,0.8854166666666666,Circular insert,0.5416666666666666,0.9998488136463693,0.9912691648221676,0.9955589892342684,-0.00029778689720909155
Empirical isolated,0.8958333333333333,Circular insert,0.5833333333333334,0.9998654739724259,0.9904395374986859,0.9951525057355559,-0.0003111917542714528
Empirical isolated,0.90625,Circular insert,0.625,0.9998982151349383,0.9893693223906058,0.994633768762772,-0.0003319473035105832
Empirical isolated,0.9166666666666666,Circular insert,0.6666666666666666,0.9999416768550871,0.9881387154261269,0.9940401961406069,-0.0003576033142008923
Empirical isolated,0.9270833333333333,Circular insert,0.7083333333333334,0.9999851385752357,0.9869081084616481,0.9934466235184419,-0.0003832593248912017
Empirical isolated,0.9375,Circular insert,0.75,1.0000286002953844,0.9856775014971689,0.9928530508962767,-0.0004089153355815112
Empirical isolated,0.9479166666666666,Circular insert,0.7916666666666666,1.0000720620155332,0.9844468945326903,0.9922594782741118,-0.00043457134627182054
Empirical isolated,0.9583333333333333,Circular insert,0.8333333333333334,1.0001289761728709,0.9824441642396977,0.9912865702062843,-0.00046264818812248094
Empirical isolated,0.96875,Circular insert,0.875,1.0001892534395058,0.9802484031145767,0.9902188282770412,-0.0004913302377632289
Empirical isolated,0.9791666666666666,Circular insert,0.9166666666666666,1.000249530706141,0.9780526419894563,0.9891510863477986,-0.000520012287403977
Empirical isolated,0.9895833333333333,Circular insert,0.9583333333333334,1.0003098079727752,0.9758568808643354,0.9880833444185553,-0.0005486943370447246
Empirical isolated,1.0,Circular insert,1.0,1.0003700852394102,0.9736611197392143,0.9870156024893122,-0.0005773763866854727
Frame-weighted,0.0,Align keyed,0.0,-0.01627671471548856,-0.01627671471548856,-0.01627671471548856,-0.01627671471548856
Frame-weighted,0.010416666666666666,Align keyed,0.041666666666666664,-0.007298280200994965,-0.007298280200994965,-0.007298280200994965,-0.007298280200994965
Frame-weighted,0.020833333333333332,Align keyed,0.08333333333333333,0.02436471415220845,0.02436471415220845,0.02436471415220845,0.02436471415220845
Frame-weighted,0.03125,Align keyed,0.125,0.06397256970429134,0.06397256970429134,0.06397256970429134,0.06397256970429134
Frame-weighted,0.041666666666666664,Align keyed,0.16666666666666666,0.10208101408280515,0.10208101408280515,0.10208101408280515,0.10208101408280515
Frame-weighted,0.05208333333333333,Align keyed,0.20833333333333334,0.13831200442810113,0.13831200442810113,0.13831200442810113,0.13831200442810113
Frame-weighted,0.0625,Align keyed,0.25,0.17402355523637061,0.17402355523637061,0.17402355523637061,0.17402355523637061
Frame-weighted,0.07291666666666666,Align keyed,0.2916666666666667,0.20774902007764637,0.20774902007764637,0.20774902007764637,0.20774902007764637
Frame-weighted,0.08333333333333333,Align keyed,0.3333333333333333,0.23147096231717593,0.23147096231717593,0.23147096231717593,0.23147096231717593
Frame-weighted,0.09375,Align keyed,0.375,0.24998869662728038,0.24998869662728038,0.24998869662728038,0.24998869662728038
Frame-weighted,0.10416666666666666,Align keyed,0.4166666666666667,0.2753862846257032,0.2753862846257032,0.2753862846257032,0.2753862846257032
Frame-weighted,0.11458333333333333,Align keyed,0.4583333333333333,0.315691633749638,0.315691633749638,0.315691633749638,0.315691633749638
Frame-weighted,0.125,Align keyed,0.5,0.3633187804828381,0.3633187804828381,0.3633187804828381,0.3633187804828381
Frame-weighted,0.13541666666666666,Align keyed,0.5416666666666666,0.41223132808957386,0.41223132808957386,0.41223132808957386,0.41223132808957386
Frame-weighted,0.14583333333333331,Align keyed,0.5833333333333334,0.45969861040092996,0.45969861040092996,0.45969861040092996,0.45969861040092996
Frame-weighted,0.15625,Align keyed,0.625,0.504572286909023,0.504572286909023,0.504572286909023,0.504572286909023
Frame-weighted,0.16666666666666666,Align keyed,0.6666666666666666,0.5482109999756047,0.5482109999756047,0.5482109999756047,0.5482109999756047
Frame-weighted,0.17708333333333331,Align keyed,0.7083333333333334,0.5924445430784223,0.5924445430784223,0.5924445430784223,0.5924445430784223
Frame-weighted,0.1875,Align keyed,0.75,0.6400328891611069,0.6400328891611069,0.6400328891611069,0.6400328891611069
Frame-weighted,0.19791666666666666,Align keyed,0.7916666666666666,0.6947349735202248,0.6947349735202248,0.6947349735202248,0.6947349735202248
Frame-weighted,0.20833333333333331,Align keyed,0.8333333333333334,0.7514556918824595,0.7514556918824595,0.7514556918824595,0.7514556918824595
Frame-weighted,0.21875,Align keyed,0.875,0.8162155595094199,0.8162155595094199,0.8162155595094199,0.8162155595094199
Frame-weighted,0.22916666666666666,Align keyed,0.9166666666666666,0.8751443597851932,0.8751443597851932,0.8751443597851932,0.8751443597851932
Frame-weighted,0.23958333333333331,Align keyed,0.9583333333333334,0.8974474281797816,0.8974474281797816,0.8974474281797816,0.8974474281797816
Frame-weighted,0.25,Align keyed,1.0,0.8977788744090194,0.8977788744090194,0.8977788744090194,0.8977788744090194
Frame-weighted,0.25,Enter key,0.0,1.0060471011650003,1.0060471011650003,1.0060471011650003,1.0060471011650003
Frame-weighted,0.2604166666666667,Enter key,0.041666666666666664,1.0071357739215427,1.0071357739215427,1.0071357739215427,1.0071357739215427
Frame-weighted,0.2708333333333333,Enter key,0.08333333333333333,1.0056348135716502,1.0056348135716502,1.0056348135716502,1.0056348135716502
Frame-weighted,0.28125,Enter key,0.125,1.009522195168365,1.009522195168365,1.009522195168365,1.009522195168365
Frame-weighted,0.2916666666666667,Enter key,0.16666666666666666,1.0125542191291486,1.0125542191291486,1.0125542191291486,1.0125542191291486
Frame-weighted,0.3020833333333333,Enter key,0.20833333333333334,1.015535584986195,1.015535584986195,1.015535584986195,1.015535584986195
Frame-weighted,0.3125,Enter key,0.25,1.0208139245547887,1.0208139245547887,1.0208139245547887,1.0208139245547887
Frame-weighted,0.32291666666666663,Enter key,0.2916666666666667,1.0222513025349789,1.0222513025349789,1.0222513025349789,1.0222513025349789
Frame-weighted,0.3333333333333333,Enter key,0.3333333333333333,1.0225457339759423,1.0225457339759423,1.0225457339759423,1.0225457339759423
Frame-weighted,0.34375,Enter key,0.375,1.0210313770044723,1.0210313770044723,1.0210313770044723,1.0210313770044723
Frame-weighted,0.35416666666666663,Enter key,0.4166666666666667,1.0234649583979611,1.0234649583979611,1.0234649583979611,1.0234649583979611
Frame-weighted,0.3645833333333333,Enter key,0.4583333333333333,1.0255449239037533,1.0255449239037533,1.0255449239037533,1.0255449239037533
Frame-weighted,0.375,Enter key,0.5,1.0260264710885254,1.0260264710885254,1.0260264710885254,1.0260264710885254
Frame-weighted,0.38541666666666663,Enter key,0.5416666666666666,1.0258331369234708,1.0258331369234708,1.0258331369234708,1.0258331369234708
Frame-weighted,0.3958333333333333,Enter key,0.5833333333333334,1.0229818123990493,1.0229818123990493,1.0229818123990493,1.0229818123990493
Frame-weighted,0.40625,Enter key,0.625,1.0215456616152971,1.0215456616152971,1.0215456616152971,1.0215456616152971
Frame-weighted,0.41666666666666663,Enter key,0.6666666666666666,1.0199949538537083,1.0199949538537083,1.0199949538537083,1.0199949538537083
Frame-weighted,0.4270833333333333,Enter key,0.7083333333333334,1.0200630273936435,1.0200630273936435,1.0200630273936435,1.0200630273936435
Frame-weighted,0.4375,Enter key,0.75,1.0178332484138781,1.0178332484138781,1.0178332484138781,1.0178332484138781
Frame-weighted,0.44791666666666663,Enter key,0.7916666666666666,1.0123879586703826,1.0123879586703826,1.0123879586703826,1.0123879586703826
Frame-weighted,0.4583333333333333,Enter key,0.8333333333333334,0.9970288898196958,0.9970288898196958,0.9970288898196958,0.9970288898196958
Frame-weighted,0.46875,Enter key,0.875,0.9933492343504011,0.9933492343504011,0.9933492343504011,0.9933492343504011
Frame-weighted,0.47916666666666663,Enter key,0.9166666666666666,0.994256001977558,0.994256001977558,0.994256001977558,0.994256001977558
Frame-weighted,0.4895833333333333,Enter key,0.9583333333333334,0.9940999130623526,0.9940999130623526,0.9940999130623526,0.9940999130623526
Frame-weighted,0.5,Enter key,1.0,0.9932188106637025,0.9932188106637025,0.9932188106637025,0.9932188106637025
Frame-weighted,0.5,Unlock yaw,0.0,0.9930582101374507,0.9930582101374507,0.9930582101374507,0.9930582101374507
Frame-weighted,0.5104166666666666,Unlock yaw,0.041666666666666664,0.99188406074201,0.99188406074201,0.99188406074201,0.99188406074201
Frame-weighted,0.5208333333333334,Unlock yaw,0.08333333333333333,0.9877360135312516,0.9877360135312516,0.9877360135312516,0.9877360135312516
Frame-weighted,0.53125,Unlock yaw,0.125,0.9792682315178388,0.9792682315178388,0.9792682315178388,0.9792682315178388
Frame-weighted,0.5416666666666666,Unlock yaw,0.16666666666666666,0.966084944248815,0.966084944248815,0.966084944248815,0.966084944248815
Frame-weighted,0.5520833333333334,Unlock yaw,0.20833333333333334,0.9465840515052362,0.9465840515052362,0.9465840515052362,0.9465840515052362
Frame-weighted,0.5625,Unlock yaw,0.25,0.9238387853956054,0.9238387853956054,0.9238387853956054,0.9238387853956054
Frame-weighted,0.5729166666666666,Unlock yaw,0.2916666666666667,0.8948470995199279,0.8948470995199279,0.8948470995199279,0.8948470995199279
Frame-weighted,0.5833333333333334,Unlock yaw,0.3333333333333333,0.8606419272063687,0.8606419272063687,0.8606419272063687,0.8606419272063687
Frame-weighted,0.59375,Unlock yaw,0.375,0.822384407904116,0.822384407904116,0.822384407904116,0.822384407904116
Frame-weighted,0.6041666666666666,Unlock yaw,0.4166666666666667,0.7807820602667586,0.7807820602667586,0.7807820602667586,0.7807820602667586
Frame-weighted,0.6145833333333334,Unlock yaw,0.4583333333333333,0.7394417046000634,0.7394417046000634,0.7394417046000634,0.7394417046000634
Frame-weighted,0.625,Unlock yaw,0.5,0.7026218531646388,0.7026218531646388,0.7026218531646388,0.7026218531646388
Frame-weighted,0.6354166666666666,Unlock yaw,0.5416666666666666,0.6680627587564921,0.6680627587564921,0.6680627587564921,0.6680627587564921
Frame-weighted,0.6458333333333333,Unlock yaw,0.5833333333333334,0.6399534456777933,0.6399534456777933,0.6399534456777933,0.6399534456777933
Frame-weighted,0.65625,Unlock yaw,0.625,0.6153290442816538,0.6153290442816538,0.6153290442816538,0.6153290442816538
Frame-weighted,0.6666666666666666,Unlock yaw,0.6666666666666666,0.5964089062171685,0.5964089062171685,0.5964089062171685,0.5964089062171685
Frame-weighted,0.6770833333333333,Unlock yaw,0.7083333333333334,0.582477028120207,0.582477028120207,0.582477028120207,0.582477028120207
Frame-weighted,0.6875,Unlock yaw,0.75,0.5742379657827295,0.5742379657827295,0.5742379657827295,0.5742379657827295
Frame-weighted,0.6979166666666666,Unlock yaw,0.7916666666666666,0.5695913220556366,0.5695913220556366,0.5695913220556366,0.5695913220556366
Frame-weighted,0.7083333333333333,Unlock yaw,0.8333333333333334,0.5677693779146261,0.5677693779146261,0.5677693779146261,0.5677693779146261
Frame-weighted,0.71875,Unlock yaw,0.875,0.5677150436262071,0.5677150436262071,0.5677150436262071,0.5677150436262071
Frame-weighted,0.7291666666666666,Unlock yaw,0.9166666666666666,0.5667905419653179,0.5667905419653179,0.5667905419653179,0.5667905419653179
Frame-weighted,0.7395833333333333,Unlock yaw,0.9583333333333334,0.5666003072612293,0.5666003072612293,0.5666003072612293,0.5666003072612293
Frame-weighted,0.75,Unlock yaw,1.0,0.566405574396549,0.566405574396549,0.566405574396549,0.566405574396549
Frame-weighted,0.75,Circular insert,0.0,0.5667128489763517,0.5667128489763517,0.5667128489763517,0.5667128489763517
Frame-weighted,0.7604166666666666,Circular insert,0.041666666666666664,0.5666451784074559,0.5666451784074559,0.5666451784074559,0.5666451784074559
Frame-weighted,0.7708333333333334,Circular insert,0.08333333333333333,0.5665775078385599,0.5665775078385599,0.5665775078385599,0.5665775078385599
Frame-weighted,0.78125,Circular insert,0.125,0.566509837269664,0.566509837269664,0.566509837269664,0.566509837269664
Frame-weighted,0.7916666666666666,Circular insert,0.16666666666666666,0.566442166700768,0.566442166700768,0.566442166700768,0.566442166700768
Frame-weighted,0.8020833333333334,Circular insert,0.20833333333333334,0.5664646499087066,0.5664646499087066,0.5664646499087066,0.5664646499087066
Frame-weighted,0.8125,Circular insert,0.25,0.5665891290423669,0.5665891290423669,0.5665891290423669,0.5665891290423669
Frame-weighted,0.8229166666666666,Circular insert,0.2916666666666667,0.5667471653527185,0.5667471653527185,0.5667471653527185,0.5667471653527185
Frame-weighted,0.8333333333333334,Circular insert,0.3333333333333333,0.5669052016630699,0.5669052016630699,0.5669052016630699,0.5669052016630699
Frame-weighted,0.84375,Circular insert,0.375,0.567098896833378,0.567098896833378,0.567098896833378,0.567098896833378
Frame-weighted,0.8541666666666666,Circular insert,0.4166666666666667,0.5672301297052732,0.5672301297052732,0.5672301297052732,0.5672301297052732
Frame-weighted,0.8645833333333334,Circular insert,0.4583333333333333,0.5672676691295491,0.5672676691295491,0.5672676691295491,0.5672676691295491
Frame-weighted,0.875,Circular insert,0.5,0.567305208553825,0.567305208553825,0.567305208553825,0.567305208553825
Frame-weighted,0.8854166666666666,Circular insert,0.5416666666666666,0.5673691806734148,0.5673691806734148,0.5673691806734148,0.5673691806734148
Frame-weighted,0.8958333333333333,Circular insert,0.5833333333333334,0.5674331527930047,0.5674331527930047,0.5674331527930047,0.5674331527930047
Frame-weighted,0.90625,Circular insert,0.625,0.567622854041183,0.567622854041183,0.567622854041183,0.567622854041183
Frame-weighted,0.9166666666666666,Circular insert,0.6666666666666666,0.5678963747084202,0.5678963747084202,0.5678963747084202,0.5678963747084202
Frame-weighted,0.9270833333333333,Circular insert,0.7083333333333334,0.5681368457717809,0.5681368457717809,0.5681368457717809,0.5681368457717809
Frame-weighted,0.9375,Circular insert,0.75,0.5683773168351414,0.5683773168351414,0.5683773168351414,0.5683773168351414
Frame-weighted,0.9479166666666666,Circular insert,0.7916666666666666,0.5686104988181305,0.5686104988181305,0.5686104988181305,0.5686104988181305
Frame-weighted,0.9583333333333333,Circular insert,0.8333333333333334,0.5686960843701193,0.5686960843701193,0.5686960843701193,0.5686960843701193
Frame-weighted,0.96875,Circular insert,0.875,0.5686441304420428,0.5686441304420428,0.5686441304420428,0.5686441304420428
Frame-weighted,0.9791666666666666,Circular insert,0.9166666666666666,0.5685921765139661,0.5685921765139661,0.5685921765139661,0.5685921765139661
Frame-weighted,0.9895833333333333,Circular insert,0.9583333333333334,0.5685402225858893,0.5685402225858893,0.5685402225858893,0.5685402225858893
Frame-weighted,1.0,Circular insert,1.0,0.5684882686578129,0.5684882686578129,0.5684882686578129,0.5684882686578129
Phase scalar GP,0.0,Align keyed,0.0,-0.02274419538861938,-0.02274419538861938,-0.02274419538861938,-0.02274419538861938
Phase scalar GP,0.010416666666666666,Align keyed,0.041666666666666664,0.0027612808744214012,0.0027612808744214012,0.0027612808744214012,0.0027612808744214012
Phase scalar GP,0.020833333333333332,Align keyed,0.08333333333333333,0.0322624704487241,0.0322624704487241,0.0322624704487241,0.0322624704487241
Phase scalar GP,0.03125,Align keyed,0.125,0.06437070262468925,0.06437070262468925,0.06437070262468925,0.06437070262468925
Phase scalar GP,0.041666666666666664,Align keyed,0.16666666666666666,0.09783957373347363,0.09783957373347363,0.09783957373347363,0.09783957373347363
Phase scalar GP,0.05208333333333333,Align keyed,0.20833333333333334,0.13166425861427267,0.13166425861427267,0.13166425861427267,0.13166425861427267
Phase scalar GP,0.0625,Align keyed,0.25,0.16515525011308563,0.16515525011308563,0.16515525011308563,0.16515525011308563
Phase scalar GP,0.07291666666666666,Align keyed,0.2916666666666667,0.19798063343698985,0.19798063343698985,0.19798063343698985,0.19798063343698985
Phase scalar GP,0.08333333333333333,Align keyed,0.3333333333333333,0.23017367326043559,0.23017367326043559,0.23017367326043559,0.23017367326043559
Phase scalar GP,0.09375,Align keyed,0.375,0.26210506901255887,0.26210506901255887,0.26210506901255887,0.26210506901255887
Phase scalar GP,0.10416666666666666,Align keyed,0.4166666666666667,0.2944216479797802,0.2944216479797802,0.2944216479797802,0.2944216479797802
Phase scalar GP,0.11458333333333333,Align keyed,0.4583333333333333,0.3279555851474028,0.3279555851474028,0.3279555851474028,0.3279555851474028
Phase scalar GP,0.125,Align keyed,0.5,0.3636105857246855,0.3636105857246855,0.3636105857246855,0.3636105857246855
Phase scalar GP,0.13541666666666666,Align keyed,0.5416666666666666,0.4022339014720553,0.4022339014720553,0.4022339014720553,0.4022339014720553
Phase scalar GP,0.14583333333333331,Align keyed,0.5833333333333334,0.44448546451273846,0.44448546451273846,0.44448546451273846,0.44448546451273846
Phase scalar GP,0.15625,Align keyed,0.625,0.4907174715387135,0.4907174715387135,0.4907174715387135,0.4907174715387135
Phase scalar GP,0.16666666666666666,Align keyed,0.6666666666666666,0.5408788896579253,0.5408788896579253,0.5408788896579253,0.5408788896579253
Phase scalar GP,0.17708333333333331,Align keyed,0.7083333333333334,0.5944589423477157,0.5944589423477157,0.5944589423477157,0.5944589423477157
Phase scalar GP,0.1875,Align keyed,0.75,0.6504811227661415,0.6504811227661415,0.6504811227661415,0.6504811227661415
Phase scalar GP,0.19791666666666666,Align keyed,0.7916666666666666,0.7075544286528762,0.7075544286528762,0.7075544286528762,0.7075544286528762
Phase scalar GP,0.20833333333333331,Align keyed,0.8333333333333334,0.7639815535523238,0.7639815535523238,0.7639815535523238,0.7639815535523238
Phase scalar GP,0.21875,Align keyed,0.875,0.8179154948707439,0.8179154948707439,0.8179154948707439,0.8179154948707439
Phase scalar GP,0.22916666666666666,Align keyed,0.9166666666666666,0.8675477378794885,0.8675477378794885,0.8675477378794885,0.8675477378794885
Phase scalar GP,0.23958333333333331,Align keyed,0.9583333333333334,0.9113044229489614,0.9113044229489614,0.9113044229489614,0.9113044229489614
Phase scalar GP,0.25,Align keyed,1.0,0.9480232471417787,0.9480232471417787,0.9480232471417787,0.9480232471417787
Phase scalar GP,0.25,Enter key,0.0,0.9480232471417787,0.9480232471417787,0.9480232471417787,0.9480232471417787
Phase scalar GP,0.2604166666666667,Enter key,0.041666666666666664,0.9770844410425022,0.9770844410425022,0.9770844410425022,0.9770844410425022
Phase scalar GP,0.2708333333333333,Enter key,0.08333333333333333,0.9984744294670531,0.9984744294670531,0.9984744294670531,0.9984744294670531
Phase scalar GP,0.28125,Enter key,0.125,1.0127702516900805,1.0127702516900805,1.0127702516900805,1.0127702516900805
Phase scalar GP,0.2916666666666667,Enter key,0.16666666666666666,1.0210450918783873,1.0210450918783873,1.0210450918783873,1.0210450918783873
Phase scalar GP,0.3020833333333333,Enter key,0.20833333333333334,1.0247082585765788,1.0247082585765788,1.0247082585765788,1.0247082585765788
Phase scalar GP,0.3125,Enter key,0.25,1.0253042417036764,1.0253042417036764,1.0253042417036764,1.0253042417036764
Phase scalar GP,0.32291666666666663,Enter key,0.2916666666666667,1.0243028262805676,1.0243028262805676,1.0243028262805676,1.0243028262805676
Phase scalar GP,0.3333333333333333,Enter key,0.3333333333333333,1.0229140680109308,1.0229140680109308,1.0229140680109308,1.0229140680109308
Phase scalar GP,0.34375,Enter key,0.375,1.021957672778425,1.021957672778425,1.021957672778425,1.021957672778425
Phase scalar GP,0.35416666666666663,Enter key,0.4166666666666667,1.0218065922689488,1.0218065922689488,1.0218065922689488,1.0218065922689488
Phase scalar GP,0.3645833333333333,Enter key,0.4583333333333333,1.0224111767981243,1.0224111767981243,1.0224111767981243,1.0224111767981243
Phase scalar GP,0.375,Enter key,0.5,1.0233955234896017,1.0233955234896017,1.0233955234896017,1.0233955234896017
Phase scalar GP,0.38541666666666663,Enter key,0.5416666666666666,1.0242045248006026,1.0242045248006026,1.0242045248006026,1.0242045248006026
Phase scalar GP,0.3958333333333333,Enter key,0.5833333333333334,1.024271091362664,1.024271091362664,1.024271091362664,1.024271091362664
Phase scalar GP,0.40625,Enter key,0.625,1.023169844949948,1.023169844949948,1.023169844949948,1.023169844949948
Phase scalar GP,0.41666666666666663,Enter key,0.6666666666666666,1.0207268660158402,1.0207268660158402,1.0207268660158402,1.0207268660158402
Phase scalar GP,0.4270833333333333,Enter key,0.7083333333333334,1.0170641882406235,1.0170641882406235,1.0170641882406235,1.0170641882406235
Phase scalar GP,0.4375,Enter key,0.75,1.0125708817495287,1.0125708817495287,1.0125708817495287,1.0125708817495287
Phase scalar GP,0.44791666666666663,Enter key,0.7916666666666666,1.0078072043220128,1.0078072043220128,1.0078072043220128,1.0078072043220128
Phase scalar GP,0.4583333333333333,Enter key,0.8333333333333334,1.0033616048631233,1.0033616048631233,1.0033616048631233,1.0033616048631233
Phase scalar GP,0.46875,Enter key,0.875,0.9996897979572763,0.9996897979572763,0.9996897979572763,0.9996897979572763
Phase scalar GP,0.47916666666666663,Enter key,0.9166666666666666,0.9969689248404845,0.9969689248404845,0.9969689248404845,0.9969689248404845
Phase scalar GP,0.4895833333333333,Enter key,0.9583333333333334,0.9949973038435975,0.9949973038435975,0.9949973038435975,0.9949973038435975
Phase scalar GP,0.5,Enter key,1.0,0.9931619857177315,0.9931619857177315,0.9931619857177315,0.9931619857177315
Phase scalar GP,0.5,Unlock yaw,0.0,0.9931619857177315,0.9931619857177315,0.9931619857177315,0.9931619857177315
Phase scalar GP,0.5104166666666666,Unlock yaw,0.041666666666666664,0.9904838773649298,0.9904838773649298,0.9904838773649298,0.9904838773649298
Phase scalar GP,0.5208333333333334,Unlock yaw,0.08333333333333333,0.9857359415355915,0.9857359415355915,0.9857359415355915,0.9857359415355915
Phase scalar GP,0.53125,Unlock yaw,0.125,0.9776165682996155,0.9776165682996155,0.9776165682996155,0.9776165682996155
Phase scalar GP,0.5416666666666666,Unlock yaw,0.16666666666666666,0.9649500820220815,0.9649500820220815,0.9649500820220815,0.9649500820220815
Phase scalar GP,0.5520833333333334,Unlock yaw,0.20833333333333334,0.9468812731635621,0.9468812731635621,0.9468812731635621,0.9468812731635621
Phase scalar GP,0.5625,Unlock yaw,0.25,0.9230316409981976,0.9230316409981976,0.9230316409981976,0.9230316409981976
Phase scalar GP,0.5729166666666666,Unlock yaw,0.2916666666666667,0.8935914329966438,0.8935914329966438,0.8935914329966438,0.8935914329966438
Phase scalar GP,0.5833333333333334,Unlock yaw,0.3333333333333333,0.85933230536463,0.85933230536463,0.85933230536463,0.85933230536463
Phase scalar GP,0.59375,Unlock yaw,0.375,0.8215385131676628,0.8215385131676628,0.8215385131676628,0.8215385131676628
Phase scalar GP,0.6041666666666666,Unlock yaw,0.4166666666666667,0.7818676312374133,0.7818676312374133,0.7818676312374133,0.7818676312374133
Phase scalar GP,0.6145833333333334,Unlock yaw,0.4583333333333333,0.742162662835762,0.742162662835762,0.742162662835762,0.742162662835762
Phase scalar GP,0.625,Unlock yaw,0.5,0.7042442534946131,0.7042442534946131,0.7042442534946131,0.7042442534946131
Phase scalar GP,0.6354166666666666,Unlock yaw,0.5416666666666666,0.6697136114875618,0.6697136114875618,0.6697136114875618,0.6697136114875618
Phase scalar GP,0.6458333333333333,Unlock yaw,0.5833333333333334,0.6397935753661202,0.6397935753661202,0.6397935753661202,0.6397935753661202
Phase scalar GP,0.65625,Unlock yaw,0.625,0.615227870342318,0.615227870342318,0.615227870342318,0.615227870342318
Phase scalar GP,0.6666666666666666,Unlock yaw,0.6666666666666666,0.5962484505347483,0.5962484505347483,0.5962484505347483,0.5962484505347483
Phase scalar GP,0.6770833333333333,Unlock yaw,0.7083333333333334,0.5826098047174095,0.5826098047174095,0.5826098047174095,0.5826098047174095
Phase scalar GP,0.6875,Unlock yaw,0.75,0.5736791064649621,0.5736791064649621,0.5736791064649621,0.5736791064649621
Phase scalar GP,0.6979166666666666,Unlock yaw,0.7916666666666666,0.568563701805867,0.568563701805867,0.568563701805867,0.568563701805867
Phase scalar GP,0.7083333333333333,Unlock yaw,0.8333333333333334,0.5662536655944699,0.5662536655944699,0.5662536655944699,0.5662536655944699
Phase scalar GP,0.71875,Unlock yaw,0.875,0.5657573314147024,0.5657573314147024,0.5657573314147024,0.5657573314147024
Phase scalar GP,0.7291666666666666,Unlock yaw,0.9166666666666666,0.5662114113581626,0.5662114113581626,0.5662114113581626,0.5662114113581626
Phase scalar GP,0.7395833333333333,Unlock yaw,0.9583333333333334,0.5669535952744943,0.5669535952744943,0.5669535952744943,0.5669535952744943
Phase scalar GP,0.75,Unlock yaw,1.0,0.5675530232401909,0.5675530232401909,0.5675530232401909,0.5675530232401909
Phase scalar GP,0.75,Circular insert,0.0,0.5675530232401909,0.5675530232401909,0.5675530232401909,0.5675530232401909
Phase scalar GP,0.7604166666666666,Circular insert,0.041666666666666664,0.5678013452343613,0.5678013452343613,0.5678013452343613,0.5678013452343613
Phase scalar GP,0.7708333333333334,Circular insert,0.08333333333333333,0.5676729827158318,0.5676729827158318,0.5676729827158318,0.5676729827158318
Phase scalar GP,0.78125,Circular insert,0.125,0.5672668382968006,0.5672668382968006,0.5672668382968006,0.5672668382968006
Phase scalar GP,0.7916666666666666,Circular insert,0.16666666666666666,0.5667427143981925,0.5667427143981925,0.5667427143981925,0.5667427143981925
Phase scalar GP,0.8020833333333334,Circular insert,0.20833333333333334,0.5662642652882164,0.5662642652882164,0.5662642652882164,0.5662642652882164
Phase scalar GP,0.8125,Circular insert,0.25,0.5659570116124341,0.5659570116124341,0.5659570116124341,0.5659570116124341
Phase scalar GP,0.8229166666666666,Circular insert,0.2916666666666667,0.5658856529240717,0.5658856529240717,0.5658856529240717,0.5658856529240717
Phase scalar GP,0.8333333333333334,Circular insert,0.3333333333333333,0.566050557316182,0.566050557316182,0.566050557316182,0.566050557316182
Phase scalar GP,0.84375,Circular insert,0.375,0.5663997118006778,0.5663997118006778,0.5663997118006778,0.5663997118006778
Phase scalar GP,0.8541666666666666,Circular insert,0.4166666666666667,0.5668501501734675,0.5668501501734675,0.5668501501734675,0.5668501501734675
Phase scalar GP,0.8645833333333334,Circular insert,0.4583333333333333,0.5673121701546272,0.5673121701546272,0.5673121701546272,0.5673121701546272
Phase scalar GP,0.875,Circular insert,0.5,0.5677104045428322,0.5677104045428322,0.5677104045428322,0.5677104045428322
Phase scalar GP,0.8854166666666666,Circular insert,0.5416666666666666,0.5679976444428408,0.5679976444428408,0.5679976444428408,0.5679976444428408
Phase scalar GP,0.8958333333333333,Circular insert,0.5833333333333334,0.5681596861575163,0.5681596861575163,0.5681596861575163,0.5681596861575163
Phase scalar GP,0.90625,Circular insert,0.625,0.568211814259934,0.568211814259934,0.568211814259934,0.568211814259934
Phase scalar GP,0.9166666666666666,Circular insert,0.6666666666666666,0.5681893566145046,0.5681893566145046,0.5681893566145046,0.5681893566145046
Phase scalar GP,0.9270833333333333,Circular insert,0.7083333333333334,0.5681357428129443,0.5681357428129443,0.5681357428129443,0.5681357428129443
Phase scalar GP,0.9375,Circular insert,0.75,0.5680915713690431,0.5680915713690431,0.5680915713690431,0.5680915713690431
Phase scalar GP,0.9479166666666666,Circular insert,0.7916666666666666,0.5680874553367765,0.5680874553367765,0.5680874553367765,0.5680874553367765
Phase scalar GP,0.9583333333333333,Circular insert,0.8333333333333334,0.5681421389687068,0.5681421389687068,0.5681421389687068,0.5681421389687068
Phase scalar GP,0.96875,Circular insert,0.875,0.5682659073795858,0.5682659073795858,0.5682659073795858,0.5682659073795858
Phase scalar GP,0.9791666666666666,Circular insert,0.9166666666666666,0.5684679913210914,0.5684679913210914,0.5684679913210914,0.5684679913210914
Phase scalar GP,0.9895833333333333,Circular insert,0.9583333333333334,0.5687657697328697,0.5687657697328697,0.5687657697328697,0.5687657697328697
Phase scalar GP,1.0,Circular insert,1.0,0.5691932420487744,0.5691932420487744,0.5691932420487744,0.5691932420487744
TP-GMM additive,0.0,Align keyed,0.0,0.04867538450727127,0.07858865127788328,0.06363201789257728,0.017181347126976235
TP-GMM additive,0.010416666666666666,Align keyed,0.041666666666666664,0.048904348379091855,0.07760430011660713,0.06325432424784949,0.013852070533729686
TP-GMM additive,0.020833333333333332,Align keyed,0.08333333333333333,0.08911567362872297,0.10834404806925324,0.0987298608489881,0.03078490838855499
TP-GMM additive,0.03125,Align keyed,0.125,0.31773741149147827,0.27931213812004696,0.2985247748057626,0.11466758871592303
TP-GMM additive,0.041666666666666664,Align keyed,0.16666666666666666,0.4912089666459646,0.40614445674228006,0.4486767116941223,0.17079010010248896
TP-GMM additive,0.05208333333333333,Align keyed,0.20833333333333334,0.5066196204081899,0.41972450192440114,0.4631720611662955,0.19110520839240724
TP-GMM additive,0.0625,Align keyed,0.25,0.5118565522998358,0.4362574807917352,0.4740570165457855,0.26516600534658374
TP-GMM additive,0.07291666666666666,Align keyed,0.2916666666666667,0.5209877722481617,0.4708285979802135,0.4959081851141876,0.43404441963426793
TP-GMM additive,0.08333333333333333,Align keyed,0.3333333333333333,0.5288586064177997,0.4951759475634032,0.5120172769906015,0.5603326245738011
TP-GMM additive,0.09375,Align keyed,0.375,0.5404713516892097,0.5065363227840097,0.5235038372366096,0.6108176488768391
TP-GMM additive,0.10416666666666666,Align keyed,0.4166666666666667,0.5682805864014664,0.523582522466981,0.5459315544342237,0.6775429416849409
TP-GMM additive,0.11458333333333333,Align keyed,0.4583333333333333,0.6122157602619221,0.5472831202730718,0.579749440267497,0.7862499068094159
TP-GMM additive,0.125,Align keyed,0.5,0.6455999605411988,0.5636886498319726,0.6046443051865857,0.8719184673137466
TP-GMM additive,0.13541666666666666,Align keyed,0.5416666666666666,0.6627594006894388,0.5744847122089031,0.6186220564491709,0.9050311124428297
TP-GMM additive,0.14583333333333331,Align keyed,0.5833333333333334,0.6807662216935795,0.5927547877294068,0.6367605047114931,0.9137385084745842
TP-GMM additive,0.15625,Align keyed,0.625,0.7142704740505101,0.6307412114353464,0.6725058427429282,0.9162210632215393
TP-GMM additive,0.16666666666666666,Align keyed,0.6666666666666666,0.7714346402541011,0.6956069201796113,0.7335207802168562,0.9200954747777107
TP-GMM additive,0.17708333333333331,Align keyed,0.7083333333333334,0.8368765444977805,0.7682940330139406,0.8025852887558605,0.929293155518262
TP-GMM additive,0.1875,Align keyed,0.75,0.8812902517602028,0.8158644879954812,0.848577369877842,0.9416581661647931
TP-GMM additive,0.19791666666666666,Align keyed,0.7916666666666666,0.9038421298519089,0.8389936753992906,0.8714179026255997,0.9530827264132667
TP-GMM additive,0.20833333333333331,Align keyed,0.8333333333333334,0.9171127439707577,0.8526936606266886,0.8849032022987231,0.9625218043014963
TP-GMM additive,0.21875,Align keyed,0.875,0.9272752282361157,0.8640409296715518,0.8956580789538338,0.9702467574513328
TP-GMM additive,0.22916666666666666,Align keyed,0.9166666666666666,0.935973669210638,0.8748304190786987,0.9054020441446684,0.9765500848029159
TP-GMM additive,0.23958333333333331,Align keyed,0.9583333333333334,0.9436283041742988,0.885442405862262,0.9145353550182804,0.9816450312123713
TP-GMM additive,0.25,Align keyed,1.0,0.9504327150940822,0.895980475173622,0.9232065951338522,0.9857131653882713
TP-GMM additive,0.25,Enter key,0.0,0.9504327150940822,0.895980475173622,0.9232065951338522,0.9857131653882713
TP-GMM additive,0.2604166666666667,Enter key,0.041666666666666664,0.9565251165513655,0.9064622054312222,0.9314936609912938,0.988917982350194
TP-GMM additive,0.2708333333333333,Enter key,0.08333333333333333,0.9620067398578153,0.9168382847443858,0.9394225123011005,0.9914060489195423
TP-GMM additive,0.28125,Enter key,0.125,0.9669449112952727,0.9269985915322069,0.9469717514137398,0.993307161531443
TP-GMM additive,0.2916666666666667,Enter key,0.16666666666666666,0.9713784592371016,0.9367866570923032,0.9540825581647024,0.9947349480355512
TP-GMM additive,0.3020833333333333,Enter key,0.20833333333333334,0.9753262044277095,0.9460230701407465,0.960674637284228,0.9957876244484765
TP-GMM additive,0.3125,Enter key,0.25,0.9787970384453337,0.954533731126575,0.9666653847859543,0.9965486910000643
TP-GMM additive,0.32291666666666663,Enter key,0.2916666666666667,0.98179951260699,0.9621767129783527,0.9719881127926714,0.9970875807320403
TP-GMM additive,0.3333333333333333,Enter key,0.3333333333333333,0.9843490057249299,0.9688616107392919,0.9766053082321109,0.9974604019482536
TP-GMM additive,0.34375,Enter key,0.375,0.9864713538855485,0.9745577032051411,0.9805145285453448,0.9977109039715587
TP-GMM additive,0.35416666666666663,Enter key,0.4166666666666667,0.9882029455721142,0.9792908346442875,0.9837468901082008,0.997871681686518
TP-GMM additive,0.3645833333333333,Enter key,0.4583333333333333,0.9895882088774982,0.9831319712921208,0.9863600900848095,0.9979654929612725
TP-GMM additive,0.375,Enter key,0.5,0.9906758216361722,0.9861817745759329,0.9884287981060526,0.9980064525484184
TP-GMM additive,0.38541666666666663,Enter key,0.5416666666666666,0.9915148572896965,0.9885551980894974,0.990035027689597,0.998000788669582
TP-GMM additive,0.3958333333333333,Enter key,0.5833333333333334,0.992151660375376,0.9903687593573541,0.9912602098663651,0.997946737481204
TP-GMM additive,0.40625,Enter key,0.625,0.9926277814385764,0.9917316017208744,0.9921796915797254,0.99783286159137
TP-GMM additive,0.41666666666666663,Enter key,0.6666666666666666,0.9929789544168427,0.992740292718949,0.9928596235678959,0.9976333504694335
TP-GMM additive,0.4270833333333333,Enter key,0.7083333333333334,0.9932349177337041,0.9934766694169932,0.9933557935753486,0.9972972318042328
TP-GMM additive,0.4375,Enter key,0.75,0.9934198383641096,0.9940078552683415,0.9937138468162255,0.9967251499042781
TP-GMM additive,0.44791666666666663,Enter key,0.7916666666666666,0.9935531481188031,0.9943876689583797,0.9939704085385914,0.9957215281187426
TP-GMM additive,0.4583333333333333,Enter key,0.8333333333333334,0.9936507006581136,0.9946588700415602,0.9941547853498369,0.9939012798420327
TP-GMM additive,0.46875,Enter key,0.875,0.9937262661696006,0.99485592346309,0.9942910948163453,0.990522288018415
TP-GMM additive,0.47916666666666663,Enter key,0.9166666666666666,0.9937934208074928,0.9950080959501308,0.9944007583788118,0.9842234788063868
TP-GMM additive,0.4895833333333333,Enter key,0.9583333333333334,0.9938676583011452,0.9951425086347017,0.9945050834679234,0.9727184699612695
TP-GMM additive,0.5,Enter key,1.0,0.9939676674741021,0.9952859191614899,0.994626793317796,0.952706361047021
TP-GMM additive,0.5,Unlock yaw,0.0,0.9939676674741021,0.9952859191614899,0.994626793317796,0.952706361047021
TP-GMM additive,0.5104166666666666,Unlock yaw,0.041666666666666664,0.9941130767970874,0.9954625412173815,0.9947878090072344,0.9206106212701523
TP-GMM additive,0.5208333333333334,Unlock yaw,0.08333333333333333,0.9943156435852224,0.9956854135691359,0.9950005285771791,0.8747347195260723
TP-GMM additive,0.53125,Unlock yaw,0.125,0.9945670124181932,0.9959454932357134,0.9952562528269533,0.8179295860822764
TP-GMM additive,0.5416666666666666,Unlock yaw,0.16666666666666666,0.994836572366653,0.99621212523256,0.9955243487996065,0.7576810185351652
TP-GMM additive,0.5520833333333334,Unlock yaw,0.20833333333333334,0.9950875011308091,0.9964508920738984,0.9957691966023537,0.7021834389148794
TP-GMM additive,0.5625,Unlock yaw,0.25,0.9952962267362891,0.9966423159510297,0.9959692713436594,0.6560968755102639
TP-GMM additive,0.5729166666666666,Unlock yaw,0.2916666666666667,0.9954577306474366,0.9967851080524682,0.9961214193499524,0.6197401487165891
TP-GMM additive,0.5833333333333334,Unlock yaw,0.3333333333333333,0.9955790176441326,0.9968882929004479,0.9962336552722902,0.5908074726280712
TP-GMM additive,0.59375,Unlock yaw,0.375,0.9956715025023766,0.9969632549963872,0.9963173787493819,0.5661050425816041
TP-GMM additive,0.6041666666666666,Unlock yaw,0.4166666666666667,0.9957470854030787,0.9970198165532173,0.996383450978148,0.5423480509781282
TP-GMM additive,0.6145833333333334,Unlock yaw,0.4583333333333333,0.9958173154924616,0.9970652790141284,0.996441297253295,0.516256271591994
TP-GMM additive,0.625,Unlock yaw,0.5,0.9958938875651024,0.9971046646587647,0.9964992761119336,0.48440891708340117
TP-GMM additive,0.6354166666666666,Unlock yaw,0.5416666666666666,0.9959889711873282,0.9971411399769503,0.9965650555821393,0.4432815605169005
TP-GMM additive,0.6458333333333333,Unlock yaw,0.5833333333333334,0.996113830899481,0.99717622017551,0.9966450255374955,0.3899465948935753
TP-GMM additive,0.65625,Unlock yaw,0.625,0.9962742197233698,0.9972097468990764,0.9967419833112231,0.3238528290902721
TP-GMM additive,0.6666666666666666,Unlock yaw,0.6666666666666666,0.9964633281107221,0.9972400311775513,0.9968516796441367,0.24915336951351327
TP-GMM additive,0.6770833333333333,Unlock yaw,0.7083333333333334,0.9966588126592707,0.9972647670760756,0.9969617898676731,0.17509729230311097
TP-GMM additive,0.6875,Unlock yaw,0.75,0.9968317994411835,0.9972825997695723,0.9970571996053779,0.11210927979076997
TP-GMM additive,0.6979166666666666,Unlock yaw,0.7916666666666666,0.9969629414795234,0.9972940229778535,0.9971284822286884,0.06612176779889115
TP-GMM additive,0.7083333333333333,Unlock yaw,0.8333333333333334,0.997049851336751,0.9973007818000129,0.9971753165683819,0.036728707050892075
TP-GMM additive,0.71875,Unlock yaw,0.875,0.9971016651148107,0.9973047038969027,0.9972031845058567,0.01980693667694231
TP-GMM additive,0.7291666666666666,Unlock yaw,0.9166666666666666,0.9971302392363518,0.9973070668745174,0.9972186530554346,0.010780484263128118
TP-GMM additive,0.7395833333333333,Unlock yaw,0.9583333333333334,0.9971451614841642,0.9973085818934427,0.9972268716888035,0.00620870096989133
TP-GMM additive,0.75,Unlock yaw,1.0,0.9971526888849502,0.9973096012672901,0.9972311450761202,0.003962389040527876
TP-GMM additive,0.75,Circular insert,0.0,0.9971526888849502,0.9973096012672901,0.9972311450761202,0.003962389040527876
TP-GMM additive,0.7604166666666666,Circular insert,0.041666666666666664,0.9971564253297843,0.9973102998253144,0.9972333625775494,0.00286945247186498
TP-GMM additive,0.7708333333333334,Circular insert,0.08333333333333333,0.9971582848369853,0.997310775860143,0.9972345303485641,0.0023319681202794
TP-GMM additive,0.78125,Circular insert,0.125,0.9971592295070913,0.9973110945888397,0.9972351620479656,0.002059793556316313
TP-GMM additive,0.7916666666666666,Circular insert,0.16666666666666666,0.9971597262944942,0.9973113036088681,0.9972355149516812,0.0019160975908354555
TP-GMM additive,0.8020833333333334,Circular insert,0.20833333333333334,0.9971599984110596,0.9973114380855391,0.9972357182482994,0.0018367696653627701
TP-GMM additive,0.8125,Circular insert,0.25,0.9971601532671875,0.9973115232641558,0.9972358382656716,0.0017912483856770331
TP-GMM additive,0.8229166666666666,Circular insert,0.2916666666666667,0.997160244058104,0.9973115765839194,0.9972359103210118,0.0017643792956286053
TP-GMM additive,0.8333333333333334,Circular insert,0.3333333333333333,0.9971602983554345,0.9973116096773923,0.9972359540164134,0.0017482366604156313
TP-GMM additive,0.84375,Circular insert,0.375,0.9971603312002725,0.9973116300932356,0.9972359806467541,0.0017384450531619927
TP-GMM additive,0.8541666666666666,Circular insert,0.4166666666666667,0.9971603511780419,0.9973116426332148,0.9972359969056284,0.0017324804858693252
TP-GMM additive,0.8645833333333334,Circular insert,0.4583333333333333,0.99716036335247,0.9973116503101201,0.9972360068312951,0.001728843061554043
TP-GMM additive,0.875,Circular insert,0.5,0.9971603707700089,0.9973116549972041,0.9972360128836064,0.0017266260402250331
TP-GMM additive,0.8854166666666666,Circular insert,0.5416666666666666,0.9971603752841063,0.9973116578520302,0.9972360165680683,0.0017252766392929348
TP-GMM additive,0.8958333333333333,Circular insert,0.5833333333333334,0.9971603780264959,0.9973116595870238,0.9972360188067599,0.001724456788057531
TP-GMM additive,0.90625,Circular insert,0.625,0.9971603796894019,0.9973116606391887,0.9972360201642954,0.0017239596518640703
TP-GMM additive,0.9166666666666666,Circular insert,0.6666666666666666,0.9971603806956802,0.9973116612759408,0.9972360209858105,0.0017236588158997355
TP-GMM additive,0.9270833333333333,Circular insert,0.7083333333333334,0.997160381303458,0.9973116616604709,0.9972360214819644,0.0017234771450033535
TP-GMM additive,0.9375,Circular insert,0.75,0.9971603816696928,0.9973116618921963,0.9972360217809446,0.0017233676643487723
TP-GMM additive,0.9479166666666666,Circular insert,0.7916666666666666,0.9971603818897945,0.9973116620315421,0.9972360219606683,0.0017233018252064706
TP-GMM additive,0.9583333333333333,Circular insert,0.8333333333333334,0.9971603820219804,0.9973116621151551,0.9972360220685678,0.001723262313557407
TP-GMM additive,0.96875,Circular insert,0.875,0.9971603821012226,0.9973116621652474,0.997236022133235,0.0017232386510785953
TP-GMM additive,0.9791666666666666,Circular insert,0.9166666666666666,0.9971603821485459,0.9973116621951786,0.9972360221718622,0.001723224509777189
TP-GMM additive,0.9895833333333333,Circular insert,0.9583333333333334,0.9971603821766484,0.997311662213047,0.9972360221948477,0.0017232160761830881
TP-GMM additive,1.0,Circular insert,1.0,0.9971603821933711,0.9973116622236614,0.9972360222085163,0.0017232110570331379
TP-GMM SE(2),0.0,Align keyed,0.0,0.14135262642656077,0.07841765066657347,0.10988513854656712,-0.007785003651278096
TP-GMM SE(2),0.010416666666666666,Align keyed,0.041666666666666664,0.13902781951048715,0.07489734167309692,0.10696258059179203,-7.980318363445585e-05
TP-GMM SE(2),0.020833333333333332,Align keyed,0.08333333333333333,0.1417864666503066,0.07580258964912101,0.1087945281497138,0.01105660708145501
TP-GMM SE(2),0.03125,Align keyed,0.125,0.1517861677221427,0.0822919215055784,0.11703904461386055,0.025225207753337836
TP-GMM SE(2),0.041666666666666664,Align keyed,0.16666666666666666,0.17713412706163445,0.10112211787385861,0.13912812246774653,0.04798804082521025
TP-GMM SE(2),0.05208333333333333,Align keyed,0.20833333333333334,0.22918154046484146,0.14441038361456826,0.18679596203970486,0.09934596036852586
TP-GMM SE(2),0.0625,Align keyed,0.25,0.2907992927595436,0.2036100550439207,0.24720467390173215,0.20053894161874541
TP-GMM SE(2),0.07291666666666666,Align keyed,0.2916666666666667,0.32081016203226037,0.24175410413426746,0.2812821330832639,0.32287262977477726
TP-GMM SE(2),0.08333333333333333,Align keyed,0.3333333333333333,0.32691812054646235,0.2580912682774439,0.29250469441195315,0.43843784125278623
TP-GMM SE(2),0.09375,Align keyed,0.375,0.32977973743937916,0.2687225449476277,0.29925114119350343,0.5504576093598796
TP-GMM SE(2),0.10416666666666666,Align keyed,0.4166666666666667,0.33769558060108007,0.28146809732503,0.309581838963055,0.6633028808553285
TP-GMM SE(2),0.11458333333333333,Align keyed,0.4583333333333333,0.355267445774389,0.30072392229671396,0.32799568403555146,0.7766681427293457
TP-GMM SE(2),0.125,Align keyed,0.5,0.3886187060801738,0.3315343904810447,0.36007654828060925,0.8860347197594842
TP-GMM SE(2),0.13541666666666666,Align keyed,0.5416666666666666,0.4455444423960564,0.379785329144228,0.4126648857701422,0.9799317386300215
TP-GMM SE(2),0.14583333333333331,Align keyed,0.5833333333333334,0.5292498244008348,0.4479430395973966,0.48859643199911573,1.0385493223636704
TP-GMM SE(2),0.15625,Align keyed,0.625,0.627115014767976,0.5279907698730506,0.5775528923205133,1.045982825633535
TP-GMM SE(2),0.16666666666666666,Align keyed,0.6666666666666666,0.713721379023563,0.6045145382046687,0.6591179586141158,1.012421189624971
TP-GMM SE(2),0.17708333333333331,Align keyed,0.7083333333333334,0.7744740056843391,0.6702942508838606,0.7223841282840999,0.9689776851579551
TP-GMM SE(2),0.1875,Align keyed,0.75,0.8137226839298461,0.7296810501705806,0.7717018670502134,0.9392179372706227
TP-GMM SE(2),0.19791666666666666,Align keyed,0.7916666666666666,0.8413236452996242,0.787796337768671,0.8145599915341476,0.9297628484632487
TP-GMM SE(2),0.20833333333333331,Align keyed,0.8333333333333334,0.8630298998778263,0.843672845463753,0.8533513726707896,0.9369836711553212
TP-GMM SE(2),0.21875,Align keyed,0.875,0.8800718811127067,0.891614901143852,0.8858433911282794,0.9530410372857107
TP-GMM SE(2),0.22916666666666666,Align keyed,0.9166666666666666,0.8920863137090729,0.9265846899067075,0.9093355018078901,0.9699703641284353
TP-GMM SE(2),0.23958333333333331,Align keyed,0.9583333333333334,0.8993623689110275,0.9480247198432028,0.9236935443771151,0.9828835037866643
TP-GMM SE(2),0.25,Align keyed,1.0,0.9031345385016043,0.9591776151572108,0.9311560768294076,0.9907088687596597
TP-GMM SE(2),0.25,Enter key,0.0,0.9031345385016043,0.9591776151572108,0.9311560768294076,0.9907088687596597
TP-GMM SE(2),0.2604166666666667,Enter key,0.041666666666666664,0.9048312606339121,0.9641810912219535,0.9345061759279327,0.9946173977239517
TP-GMM SE(2),0.2708333333333333,Enter key,0.08333333333333333,0.9055075024549941,0.9661466362841845,0.9358270693695894,0.996215199487853
TP-GMM SE(2),0.28125,Enter key,0.125,0.9057568181199821,0.96683205728644,0.936294437703211,0.9966734318453591
TP-GMM SE(2),0.2916666666666667,Enter key,0.16666666666666666,0.9058537097811348,0.9670493913405594,0.9364515505608471,0.9966257761108535
TP-GMM SE(2),0.3020833333333333,Enter key,0.20833333333333334,0.9059070009203446,0.9671177343694984,0.9365123676449215,0.9963449166696831
TP-GMM SE(2),0.3125,Enter key,0.25,0.90595524518719,0.9671461074134806,0.9365506763003353,0.9959191254186918
TP-GMM SE(2),0.32291666666666663,Enter key,0.2916666666666667,0.9060120186562409,0.9671676490331148,0.9365898338446779,0.9953565882497032
TP-GMM SE(2),0.3333333333333333,Enter key,0.3333333333333333,0.9060837051005216,0.9671919765410458,0.9366378408207837,0.9946316480193631
TP-GMM SE(2),0.34375,Enter key,0.375,0.9061755632876894,0.967222570452621,0.9366990668701553,0.9937002911896203
TP-GMM SE(2),0.35416666666666663,Enter key,0.4166666666666667,0.9062937066271065,0.9672618160858627,0.9367777613564846,0.9925025887576311
TP-GMM SE(2),0.3645833333333333,Enter key,0.4583333333333333,0.9064459276133391,0.9673123656441274,0.9368791466287332,0.9909600608306137
TP-GMM SE(2),0.375,Enter key,0.5,0.9066423166467774,0.9673775802482787,0.937009948447528,0.9889706828829583
TP-GMM SE(2),0.38541666666666663,Enter key,0.5416666666666666,0.9068959522520736,0.9674618043465084,0.937178878299291,0.9864021499850376
TP-GMM SE(2),0.3958333333333333,Enter key,0.5833333333333334,0.9072237483587209,0.9675706546921722,0.9373972015254466,0.983083347418594
TP-GMM SE(2),0.40625,Enter key,0.625,0.9076474929323869,0.9677113663766773,0.9376794296545321,0.9787938493784871
TP-GMM SE(2),0.41666666666666663,Enter key,0.6666666666666666,0.9081950868028432,0.9678932043527971,0.9380441455778201,0.9732513866924477
TP-GMM SE(2),0.4270833333333333,Enter key,0.7083333333333334,0.9089019545269195,0.9681279319554215,0.9385149432411705,0.9660975732880578
TP-GMM SE(2),0.4375,Enter key,0.75,0.9098125309784516,0.9684303045493282,0.9391214177638899,0.9568828663522532
TP-GMM SE(2),0.44791666666666663,Enter key,0.7916666666666666,0.9109816092600642,0.968818517128538,0.9399000631943011,0.9450529294435446
TP-GMM SE(2),0.4583333333333333,Enter key,0.8333333333333334,0.9124751482959131,0.9693144724893636,0.9408948103926384,0.9299404618381826
TP-GMM SE(2),0.46875,Enter key,0.875,0.9143698726313959,0.9699436483388273,0.9421567604851115,0.910769246882734
TP-GMM SE(2),0.47916666666666663,Enter key,0.9166666666666666,0.9167506774599571,0.9707342355882455,0.9437424565241013,0.8866804045477789
TP-GMM SE(2),0.4895833333333333,Enter key,0.9583333333333334,0.9197045824359956,0.9717151306120412,0.9457098565240184,0.856793559502714
TP-GMM SE(2),0.5,Enter key,1.0,0.923309995590621,0.9729123701482069,0.948111182869414,0.8203154564534357
TP-GMM SE(2),0.5,Unlock yaw,0.0,0.923309995590621,0.9729123701482069,0.948111182869414,0.8203154564534357
TP-GMM SE(2),0.5104166666666666,Unlock yaw,0.041666666666666664,0.9276207409854298,0.9743438274027884,0.9509822841941091,0.7767015505483376
TP-GMM SE(2),0.5208333333333334,Unlock yaw,0.08333333333333333,0.9326460764192551,0.9760125765877992,0.9543293265035271,0.7258581665425197
TP-GMM SE(2),0.53125,Unlock yaw,0.125,0.93833079891463,0.9779002866035048,0.9581155427590674,0.6683437708076404
TP-GMM SE(2),0.5416666666666666,Unlock yaw,0.16666666666666666,0.9445425294558885,0.9799629987176836,0.962252764086786,0.6054976125053873
TP-GMM SE(2),0.5520833333333334,Unlock yaw,0.20833333333333334,0.9510741909309756,0.982131949408955,0.9666030701699653,0.5394146573139336
TP-GMM SE(2),0.5625,Unlock yaw,0.25,0.9576662404807423,0.9843209530004549,0.9709935967405986,0.4727206676422214
TP-GMM SE(2),0.5729166666666666,Unlock yaw,0.2916666666666667,0.9640454360602957,0.98643927476504,0.9752423554126679,0.4081800068024898
TP-GMM SE(2),0.5833333333333334,Unlock yaw,0.3333333333333333,0.9699687561404852,0.9884062152182239,0.9791874856793545,0.3482513075961655
TP-GMM SE(2),0.59375,Unlock yaw,0.375,0.9752581649785652,0.9901626545253547,0.9827104097519599,0.29473575369148186
TP-GMM SE(2),0.6041666666666666,Unlock yaw,0.4166666666666667,0.9798165211958448,0.9916763352183592,0.985746428207102,0.24861613131154414
TP-GMM SE(2),0.6145833333333334,Unlock yaw,0.4583333333333333,0.9836237165544715,0.9929405800106502,0.9882821482825608,0.21009589006332838
TP-GMM SE(2),0.625,Unlock yaw,0.5,0.9867193297613541,0.993968531693415,0.9903439307273846,0.17877463065551003
TP-GMM SE(2),0.6354166666666666,Unlock yaw,0.5416666666666666,0.9891804028652057,0.9947857734059682,0.9919830881355869,0.15387293784642317
TP-GMM SE(2),0.6458333333333333,Unlock yaw,0.5833333333333334,0.9911011017280785,0.9954235745446636,0.993262338136371,0.13443815326410324
TP-GMM SE(2),0.65625,Unlock yaw,0.625,0.9925776280035603,0.9959138805254338,0.9942457542644971,0.1194970197845505
TP-GMM SE(2),0.6666666666666666,Unlock yaw,0.6666666666666666,0.9936989058629414,0.9962862201510743,0.9949925630070078,0.10814990359161329
TP-GMM SE(2),0.6770833333333333,Unlock yaw,0.7083333333333334,0.9945420129549298,0.9965661883822683,0.9955541006685991,0.09961701934084706
TP-GMM SE(2),0.6875,Unlock yaw,0.75,0.9951708639923534,0.9967750092002998,0.9959729365963266,0.09325174871388403
TP-GMM SE(2),0.6979166666666666,Unlock yaw,0.7916666666666666,0.9956368038169239,0.9969297325441739,0.9962832681805489,0.0885346408664371
TP-GMM SE(2),0.7083333333333333,Unlock yaw,0.8333333333333334,0.995980129474966,0.9970437397422157,0.9965119346085909,0.08505801403549561
TP-GMM SE(2),0.71875,Unlock yaw,0.875,0.9962319202617281,0.9971273512096633,0.9966796357356957,0.0825074413674261
TP-GMM SE(2),0.7291666666666666,Unlock yaw,0.9166666666666666,0.9964158296409814,0.9971884214866408,0.9968021255638111,0.08064362236505317
TP-GMM SE(2),0.7395833333333333,Unlock yaw,0.9583333333333334,0.9965496748756686,0.9972328671020935,0.9968912709888811,0.07928630083395717
TP-GMM SE(2),0.75,Unlock yaw,1.0,0.9966467681413876,0.9972651085932848,0.9969559383673362,0.07830079816709816
TP-GMM SE(2),0.75,Circular insert,0.0,0.9966467681413876,0.9972651085932848,0.9969559383673362,0.07830079816709816
TP-GMM SE(2),0.7604166666666666,Circular insert,0.041666666666666664,0.9967169904578216,0.9972884271229495,0.9970027087903856,0.07758714851106269
TP-GMM SE(2),0.7708333333333334,Circular insert,0.08333333333333333,0.996767636341836,0.997305244961002,0.9970364406514189,0.07707155349316508
TP-GMM SE(2),0.78125,Circular insert,0.125,0.9968040661772343,0.9973173421153215,0.9970607041462779,0.07669978225008497
TP-GMM SE(2),0.7916666666666666,Circular insert,0.16666666666666666,0.996830203378804,0.9973260214232532,0.9970781124010286,0.07643214167200965
TP-GMM SE(2),0.8020833333333334,Circular insert,0.20833333333333334,0.9968489094467486,0.9973322330953364,0.9970905712710425,0.07623968199011395
TP-GMM SE(2),0.8125,Circular insert,0.25,0.9968622646761016,0.9973366679292464,0.997099466302674,0.07610135686992024
TP-GMM SE(2),0.8229166666666666,Circular insert,0.2916666666666667,0.9968717769200802,0.9973398266336942,0.9971058017768872,0.07600191135126222
TP-GMM SE(2),0.8333333333333334,Circular insert,0.3333333333333333,0.9968785360383453,0.9973420711153062,0.9971103035768257,0.07593031931252822
TP-GMM SE(2),0.84375,Circular insert,0.375,0.9968833276510769,0.997343662252834,0.9971134949519554,0.07587863261743842
TP-GMM SE(2),0.8541666666666666,Circular insert,0.4166666666666667,0.9968867165970757,0.9973447876107162,0.997115752103896,0.07584113677643112
TP-GMM SE(2),0.8645833333333334,Circular insert,0.4583333333333333,0.9968891079502329,0.9973455817007175,0.9971173448254752,0.07581373364350734
TP-GMM SE(2),0.875,Circular insert,0.5,0.9968907914862518,0.9973461407478739,0.9971184661170629,0.07579349154410601
TP-GMM SE(2),0.8854166666666666,Circular insert,0.5416666666666666,0.9968919739923587,0.9973465334193858,0.9971192537058723,0.07577831840332146
TP-GMM SE(2),0.8958333333333333,Circular insert,0.5833333333333334,0.9968928026754531,0.9973468085978813,0.9971198056366672,0.07576672491932633
TP-GMM SE(2),0.90625,Circular insert,0.625,0.9968933820762166,0.9973470009979046,0.9971201915370607,0.07575765344678671
TP-GMM SE(2),0.9166666666666666,Circular insert,0.6666666666666666,0.9968937862576271,0.9973471352133032,0.9971204607354651,0.07575035468618321
TP-GMM SE(2),0.9270833333333333,Circular insert,0.7083333333333334,0.9968940675650351,0.997347228626232,0.9971206480956336,0.07574429905626665
TP-GMM SE(2),0.9375,Circular insert,0.75,0.9968942629060007,0.9973472934926075,0.9971207781993041,0.07573911315586963
TP-GMM SE(2),0.9479166666666666,Circular insert,0.7916666666666666,0.9968943982425343,0.9973473384334027,0.9971208683379685,0.07573453432991488
TP-GMM SE(2),0.9583333333333333,Circular insert,0.8333333333333334,0.9968944917927713,0.9973473694983725,0.997120930645572,0.07573037826035207
TP-GMM SE(2),0.96875,Circular insert,0.875,0.9968945563112314,0.9973473909228482,0.9971209736170398,0.07572651590906151
TP-GMM SE(2),0.9791666666666666,Circular insert,0.9166666666666666,0.9968946007061358,0.9973474056649376,0.9971210031855366,0.07572285715080807
TP-GMM SE(2),0.9895833333333333,Circular insert,0.9583333333333334,0.9968946311846028,0.9973474157858044,0.9971210234852036,0.07571933918834986
TP-GMM SE(2),1.0,Circular insert,1.0,0.9968946520611671,0.9973474227182482,0.9971210373897077,0.07571591836807048
Generic RBF,0.0,Align keyed,0.0,0.015113194883346528,0.014874493252491088,0.014993844067918809,-0.006649168980305209
Generic RBF,0.010416666666666666,Align keyed,0.041666666666666664,0.0640557918259198,0.03715901059247508,0.05060740120919745,0.013487824089213795
Generic RBF,0.020833333333333332,Align keyed,0.08333333333333333,0.12234430247938557,0.05517506684388557,0.08875968466163557,0.04109859915253218
Generic RBF,0.03125,Align keyed,0.125,0.1901516874970937,0.06552149008715968,0.1278365887921267,0.07785551145923568
Generic RBF,0.041666666666666664,Align keyed,0.16666666666666666,0.26675371417265553,0.06447664651604926,0.1656151803443524,0.1251658257360675
Generic RBF,0.05208333333333333,Align keyed,0.20833333333333334,0.35031616721692915,0.04874767549799546,0.1995319213574623,0.18380209476612125
Generic RBF,0.0625,Align keyed,0.25,0.4378870466372668,0.016493147715383093,0.22719009717632493,0.2535410014642894
Generic RBF,0.07291666666666666,Align keyed,0.2916666666666667,0.5256661387276883,-0.03164517273678596,0.24701048299545117,0.3329401658690878
Generic RBF,0.08333333333333333,Align keyed,0.3333333333333333,0.6095224098192463,-0.09187176953585037,0.25882532014169796,0.4193610285295445
Generic RBF,0.09375,Align keyed,0.375,0.6856251436319485,-0.15723343475238638,0.26419585443978105,0.5092612189667002
Generic RBF,0.10416666666666666,Align keyed,0.4166666666666667,0.7510140729741372,-0.21836847937877013,0.26632279679768356,0.5986776347159678
Generic RBF,0.11458333333333333,Align keyed,0.4583333333333333,0.8039749035252578,-0.26485049805829514,0.2695622027334813,0.6837614784738426
Generic RBF,0.125,Align keyed,0.5,0.8441675461572431,-0.2868220687178624,0.27867273871969034,0.7612325910335841
Generic RBF,0.13541666666666666,Align keyed,0.5416666666666666,0.872521237047214,-0.2765949697871304,0.2979631336300418,0.8286716225571574
Generic RBF,0.14583333333333331,Align keyed,0.5833333333333334,0.8909440104390053,-0.2299467166246695,0.3304986469071679,0.8846297682939165
Generic RBF,0.15625,Align keyed,0.625,0.901907938771996,-0.14690471155849405,0.377501613606751,0.9285843537129095
Generic RBF,0.16666666666666666,Align keyed,0.6666666666666666,0.9079850104644717,-0.03185932829740554,0.43806284108353305,0.9607961484302447
Generic RBF,0.17708333333333331,Align keyed,0.7083333333333334,0.9114234942237418,0.10708359199551869,0.5092535431096302,0.9821284900278169
Generic RBF,0.1875,Align keyed,0.75,0.9138558056350745,0.2594626784961344,0.5866592420656045,0.9938712010528892
Generic RBF,0.19791666666666666,Align keyed,0.7916666666666666,0.9161985468836165,0.41427315822811733,0.6652358525558669,0.9975846420759872
Generic RBF,0.20833333333333331,Align keyed,0.8333333333333334,0.9187436609303629,0.5617742670033052,0.740258963966834,0.9949584668775096
Generic RBF,0.21875,Align keyed,0.875,0.9213737734670514,0.6948010403514038,0.8080874069092276,0.987677599929663
Generic RBF,0.22916666666666666,Align keyed,0.9166666666666666,0.9238025979376677,0.8092860549411317,0.8665443264393997,0.9773002632869348
Generic RBF,0.23958333333333331,Align keyed,0.9583333333333334,0.9257589116804492,0.9040190270800009,0.9148889693802251,0.9651637534877379
Generic RBF,0.25,Align keyed,1.0,0.9270809841797629,0.979924399617735,0.953502691898749,0.9523320375702977
Generic RBF,0.25,Enter key,0.0,0.9299198301049497,0.9586469828988334,0.9442834065018916,0.9265381405808569
Generic RBF,0.2604166666666667,Enter key,0.041666666666666664,0.9452369679550544,0.9681497509774648,0.9566933594662597,0.9368078221408037
Generic RBF,0.2708333333333333,Enter key,0.08333333333333333,0.9606975378274796,0.9768219199988133,0.9687597289131464,0.9462766726471676
Generic RBF,0.28125,Enter key,0.125,0.9757053862754466,0.9840914919157024,0.9798984390955745,0.9543254335778869
Generic RBF,0.2916666666666667,Enter key,0.16666666666666666,0.9896476524145585,0.9894485437990651,0.9895480981068119,0.960391200244347
Generic RBF,0.3020833333333333,Enter key,0.20833333333333334,1.0020148085011111,0.9925603549451368,0.9972875817231239,0.9640994157248838
Generic RBF,0.3125,Enter key,0.25,1.0125210547775827,0.993366273413636,1.0029436640956093,0.9653818621746104
Generic RBF,0.32291666666666663,Enter key,0.2916666666666667,1.0211731022514308,0.9921100939168092,1.00664159808412,0.9645305642773451
Generic RBF,0.3333333333333333,Enter key,0.3333333333333333,1.0282454911948216,0.989289822042269,1.0087676566185453,0.9621561231147574
Generic RBF,0.34375,Enter key,0.375,1.0341590694463596,0.9855437068375174,1.0098513881419384,0.9590600740541989
Generic RBF,0.35416666666666663,Enter key,0.4166666666666667,1.039304116294714,0.9815203582805155,1.0104122372876148,0.9560677883924819
Generic RBF,0.3645833333333333,Enter key,0.4583333333333333,1.0438722103221811,0.9777783193491827,1.010825264835682,0.9538760923223286
Generic RBF,0.375,Enter key,0.5,1.04775112615524,0.9747313720348736,1.0112412490950566,0.9529477819949376
Generic RBF,0.38541666666666663,Enter key,0.5416666666666666,1.0505082391372025,0.9726251321588626,1.0115666856480325,0.953455648285844
Generic RBF,0.3958333333333333,Enter key,0.5833333333333334,1.051460334312318,0.9715204029198447,1.0114903686160812,0.9552638566123507
Generic RBF,0.40625,Enter key,0.625,1.0498112222103322,0.9712731062759573,1.0105421642431447,0.9579401576238752
Generic RBF,0.41666666666666663,Enter key,0.6666666666666666,1.044829904935777,0.9715255801062022,1.0081777425209895,0.9608069289925659
Generic RBF,0.4270833333333333,Enter key,0.7083333333333334,1.0360336195774729,0.9717388219025698,1.0038862207400214,0.9630443419301081
Generic RBF,0.4375,Enter key,0.75,1.0233309068533183,0.9712850493635622,0.9973079781084402,0.9638435183953644
Generic RBF,0.44791666666666663,Enter key,0.7916666666666666,1.00707967448462,0.9695870875040583,0.9883333809943391,0.9625771001444409
Generic RBF,0.4583333333333333,Enter key,0.8333333333333334,0.9880359722236999,0.9662574002090697,0.9771466862163848,0.9589318326761619
Generic RBF,0.46875,Enter key,0.875,0.9672086496819197,0.9611818854822319,0.9641952675820757,0.9529550468824299
Generic RBF,0.47916666666666663,Enter key,0.9166666666666666,0.9456716781262745,0.9545198506272046,0.9500957643767396,0.9450041506833683
Generic RBF,0.4895833333333333,Enter key,0.9583333333333334,0.9243959732219009,0.9466324072937677,0.9355141902578343,0.9356301106033241
Generic RBF,0.5,Enter key,1.0,0.9041423678369664,0.9379785005742715,0.921060434205619,0.9254453007680539
Generic RBF,0.5,Unlock yaw,0.0,0.9115705146787143,0.9368339613435211,0.9242022380111177,0.935541431010459
Generic RBF,0.5104166666666666,Unlock yaw,0.041666666666666664,0.9216472110446124,0.946326736663023,0.9339869738538178,0.9333427733592026
Generic RBF,0.5208333333333334,Unlock yaw,0.08333333333333333,0.9311104392155268,0.9550238716871953,0.943067155451361,0.9248036514328113
Generic RBF,0.53125,Unlock yaw,0.125,0.939415930914295,0.9623692566321774,0.9508925937732362,0.9077431953374312
Generic RBF,0.5416666666666666,Unlock yaw,0.16666666666666666,0.9460692384965469,0.9678774364131463,0.9569733374548466,0.8800726971765584
Generic RBF,0.5520833333333334,Unlock yaw,0.20833333333333334,0.9507396126049322,0.971253586350517,0.9609965994777245,0.840206319614294
Generic RBF,0.5625,Unlock yaw,0.25,0.9533590283482376,0.9724928697384716,0.9629259490433546,0.7874971891664573
Generic RBF,0.5729166666666666,Unlock yaw,0.2916666666666667,0.9541633665986236,0.9719138777256308,0.9630386221621272,0.7225563537524085
Generic RBF,0.5833333333333334,Unlock yaw,0.3333333333333333,0.9536510064537531,0.9701023976363267,0.9618767020450398,0.647326926750494
Generic RBF,0.59375,Unlock yaw,0.375,0.9524709501815287,0.9677822004877878,0.9601265753346583,0.5648735924305158
Generic RBF,0.6041666666666666,Unlock yaw,0.4166666666666667,0.9512835431667116,0.9656619054155992,0.9584727242911554,0.47895787958746866
Generic RBF,0.6145833333333334,Unlock yaw,0.4583333333333333,0.9506401789117725,0.9643085929816582,0.9574743859467154,0.3935332313620003
Generic RBF,0.625,Unlock yaw,0.5,0.9509056104895192,0.9640725219083238,0.9574890661989215,0.31228420270182444
Generic RBF,0.6354166666666666,Unlock yaw,0.5416666666666666,0.9522190291184146,0.9650567043144583,0.9586378667164365,0.23827965093582573
Generic RBF,0.6458333333333333,Unlock yaw,0.5833333333333334,0.9544784968999461,0.967112179935439,0.9607953384176926,0.1737558157575035
Generic RBF,0.65625,Unlock yaw,0.625,0.9573420608663177,0.9698490191886292,0.9635955400274734,0.12001635469277916
Generic RBF,0.6666666666666666,Unlock yaw,0.6666666666666666,0.9602562271623675,0.9726718555687539,0.9664640413655607,0.07743166132438956
Generic RBF,0.6770833333333333,Unlock yaw,0.7083333333333334,0.9625303926595427,0.9748581473979122,0.9686942700287274,0.0455260738896674
Generic RBF,0.6875,Unlock yaw,0.75,0.9634623773302363,0.9756848685698254,0.9695736229500309,0.02314512827557905
Generic RBF,0.6979166666666666,Unlock yaw,0.7916666666666666,0.9624899121571872,0.9745793261772646,0.9685346191672259,0.008687076849010461
Generic RBF,0.7083333333333333,Unlock yaw,0.8333333333333334,0.9593174348205745,0.9712441618236398,0.9652807983221072,0.00036480603033286677
Generic RBF,0.71875,Unlock yaw,0.875,0.9539698640324346,0.96570871193743,0.9598392879849322,-0.003551011562504645
Generic RBF,0.7291666666666666,Unlock yaw,0.9166666666666666,0.9467575153048717,0.958291322613714,0.9525244189592929,-0.004553974345839928
Generic RBF,0.7395833333333333,Unlock yaw,0.9583333333333334,0.9381763275834905,0.9494972126598382,0.9438367701216643,-0.003812370537108214
Generic RBF,0.75,Unlock yaw,1.0,0.9287885294525542,0.9398973504470837,0.9343429399498189,-0.0021608395064690567
Generic RBF,0.75,Circular insert,0.0,0.9289664943978659,0.9396437241818086,0.9343051092898373,-0.0009216366745328396
Generic RBF,0.7604166666666666,Circular insert,0.041666666666666664,0.9385546196386062,0.9490567148539155,0.9438056672462609,-0.000997020484614082
Generic RBF,0.7708333333333334,Circular insert,0.08333333333333333,0.94735089663592,0.9576268030700194,0.9524888498529697,-0.0010652699281107866
Generic RBF,0.78125,Circular insert,0.125,0.9547866503377599,0.9647851392050039,0.9597858947713819,-0.0011211636300120884
Generic RBF,0.7916666666666666,Circular insert,0.16666666666666666,0.9603587900216929,0.9700354054134797,0.9651970977175863,-0.0011602540169123993
Generic RBF,0.8020833333333334,Circular insert,0.20833333333333334,0.9637519670554869,0.9730771165731902,0.9684145418143386,-0.001180254255230856
Generic RBF,0.8125,Circular insert,0.25,0.9649423850233545,0.9739086700613847,0.9694255275423695,-0.0011821847269010103
Generic RBF,0.8229166666666666,Circular insert,0.2916666666666667,0.9642370674985389,0.9728637956999352,0.968550431599237,-0.0011706185700095125
Generic RBF,0.8333333333333334,Circular insert,0.3333333333333333,0.9622227220661272,0.9705565305586061,0.9663896263123667,-0.0011526033452495348
Generic RBF,0.84375,Circular insert,0.375,0.9596384169655592,0.9677507215124338,0.9636945692389964,-0.0011354469310528882
Generic RBF,0.8541666666666666,Circular insert,0.4166666666666667,0.9572196434877186,0.9652031348565344,0.9612113891721266,-0.00112420065209621
Generic RBF,0.8645833333333334,Circular insert,0.4583333333333333,0.9555648882248842,0.9635314549897986,0.9595481716073414,-0.0011199232711830748
Generic RBF,0.875,Circular insert,0.5,0.9550513708455884,0.9631323996884794,0.9590918852670339,-0.0011194998102995648
Generic RBF,0.8854166666666666,Circular insert,0.5416666666666666,0.9557968776853302,0.9641446153816347,0.9599707465334824,-0.0011171110221888957
Generic RBF,0.8958333333333333,Circular insert,0.5833333333333334,0.9576513147585295,0.9664381102359612,0.9620447124972453,-0.0011067580147708497
Generic RBF,0.90625,Circular insert,0.625,0.9602093630622354,0.9696212412412373,0.9649153021517363,-0.0010848336868460448
Generic RBF,0.9166666666666666,Circular insert,0.6666666666666666,0.96285243399421,0.9730750827041148,0.9679637583491625,-0.0010517344994932726
Generic RBF,0.9270833333333333,Circular insert,0.7083333333333334,0.9648357093225542,0.976034194215413,0.9704349517689836,-0.001011908886093775
Generic RBF,0.9375,Circular insert,0.75,0.9654226122529919,0.9777196091122065,0.9715711106825992,-0.000972393097218159
Generic RBF,0.9479166666666666,Circular insert,0.7916666666666666,0.9640395375642834,0.9774986750722956,0.9707691063182895,-0.0009405200636414115
Generic RBF,0.9583333333333333,Circular insert,0.8333333333333334,0.9603998553712512,0.975019545780613,0.9677097005759321,-0.0009217888406724641
Generic RBF,0.96875,Circular insert,0.875,0.9545505661141465,0.9702698597227911,0.9624102129184688,-0.0009186833382839097
Generic RBF,0.9791666666666666,Circular insert,0.9166666666666666,0.946828771346416,0.9635424343361091,0.9551856028412625,-0.0009306689028648754
Generic RBF,0.9895833333333333,Circular insert,0.9583333333333334,0.9377549459812823,0.9553324576475942,0.9465437018144383,-0.0009550441476908977
Generic RBF,1.0,Circular insert,1.0,0.9279096048353348,0.94621294224851,0.9370612735419224,-0.0009880873132504851
Full operator,0.0,Align keyed,0.0,-0.01855724776602756,-0.039971544616396515,-0.029264396191212037,0.0026345774923284843
Full operator,0.010416666666666666,Align keyed,0.041666666666666664,-0.00029194209568844665,-0.023572639056865352,-0.0119322905762769,0.007203941422891547
Full operator,0.020833333333333332,Align keyed,0.08333333333333333,0.06690799770372378,0.03046370169892365,0.04868584970132372,0.025145843304483797
Full operator,0.03125,Align keyed,0.125,0.15936472172937322,0.08775625094988915,0.12356048633963118,0.05832770239288008
Full operator,0.041666666666666664,Align keyed,0.16666666666666666,0.27108465024919126,0.11520086586961642,0.19314275805940384,0.1064950274416307
Full operator,0.05208333333333333,Align keyed,0.20833333333333334,0.3881333576701883,0.11478799248796234,0.2514606750790753,0.16916008327510104
Full operator,0.0625,Align keyed,0.25,0.5123501948063323,0.0797940215157662,0.29607210816104923,0.24869036726317914
Full operator,0.07291666666666666,Align keyed,0.2916666666666667,0.6367452973810767,0.014894325509887119,0.3258198114454819,0.34063383496683863
Full operator,0.08333333333333333,Align keyed,0.3333333333333333,0.7231440453415261,-0.07184830020988503,0.3256478725658205,0.4405180488265397
Full operator,0.09375,Align keyed,0.375,0.7699205638015724,-0.17753399332554592,0.29619328523801325,0.5467515920903544
Full operator,0.10416666666666666,Align keyed,0.4166666666666667,0.8178165310861734,-0.28187301113519064,0.2679717599754914,0.6508008057232184
Full operator,0.11458333333333333,Align keyed,0.4583333333333333,0.8652788418076672,-0.3365799500475586,0.2643494458800543,0.7447837972439268
Full operator,0.125,Align keyed,0.5,0.9010677775542124,-0.34821439888189654,0.27642668933615794,0.8276739930189901
Full operator,0.13541666666666666,Align keyed,0.5416666666666666,0.9238304122741792,-0.3213489991056267,0.30124070658427626,0.8959345802167578
Full operator,0.14583333333333331,Align keyed,0.5833333333333334,0.9327428049328151,-0.25832465480760003,0.33720907506260756,0.9487598251548206
Full operator,0.15625,Align keyed,0.625,0.9327932534410072,-0.1720553507330066,0.3803689513540003,0.9880784772550875
Full operator,0.16666666666666666,Align keyed,0.6666666666666666,0.9246219001019222,-0.062205304247800186,0.43120829792706106,1.015127109580588
Full operator,0.17708333333333331,Align keyed,0.7083333333333334,0.9127386900553532,0.07213285267041986,0.4924357713628865,1.0314243380561918
Full operator,0.1875,Align keyed,0.75,0.9150420572370642,0.22943903235103313,0.5722405447940486,1.036501974435587
Full operator,0.19791666666666666,Align keyed,0.7916666666666666,0.9395927516096767,0.3974659943277933,0.6685293729687349,1.0411595963307179
Full operator,0.20833333333333331,Align keyed,0.8333333333333334,0.9635651150456338,0.5735744663611788,0.7685697907034064,1.0437872598985507
Full operator,0.21875,Align keyed,0.875,0.9743996065163479,0.7761892935004195,0.8752944500083837,1.048415598701303
Full operator,0.22916666666666666,Align keyed,0.9166666666666666,0.992116534778113,0.9527894704668992,0.9724530026225061,1.0560799209772387
Full operator,0.23958333333333331,Align keyed,0.9583333333333334,1.0023664550133526,1.0182054576436743,1.0102859563285134,1.0587141402896465
Full operator,0.25,Align keyed,1.0,1.0004859922336469,1.01838194976532,1.0094339709994835,1.059582048591056
Full operator,0.25,Enter key,0.0,1.0009829421505227,1.018283081702018,1.0096330119262704,1.0008243637399505
Full operator,0.2604166666666667,Enter key,0.041666666666666664,1.0050207470595818,1.0189269823057936,1.0119738646826877,1.0008708926638323
Full operator,0.2708333333333333,Enter key,0.08333333333333333,0.9958026632283983,1.0204380396897088,1.0081203514590535,1.0007196227304012
Full operator,0.28125,Enter key,0.125,1.0138595010845648,1.019647944733809,1.0167537229091868,0.9994035500243021
Full operator,0.2916666666666667,Enter key,0.16666666666666666,1.0297202795152942,1.0174435758269016,1.0235819276710978,0.9993889562849415
Full operator,0.3020833333333333,Enter key,0.20833333333333334,1.0438558501568205,1.0174224392028806,1.0306391446798506,0.9993438255270959
Full operator,0.3125,Enter key,0.25,1.0638543509729823,1.0191537255547773,1.0415040382638798,1.0010129531328822
Full operator,0.32291666666666663,Enter key,0.2916666666666667,1.07253280535853,1.01736802174721,1.04495041355287,1.0012284802852156
Full operator,0.3333333333333333,Enter key,0.3333333333333333,1.0743618799065686,1.0176542645634483,1.0460080722350085,1.0009243755613633
Full operator,0.34375,Enter key,0.375,1.0670749016949,1.017755213302951,1.0424150574989255,1.0006423387568455
Full operator,0.35416666666666663,Enter key,0.4166666666666667,1.0797100209676498,1.0160144029476061,1.047862211957628,1.0009309983910706
Full operator,0.3645833333333333,Enter key,0.4583333333333333,1.0920047625792413,1.014851869876635,1.053428316227938,1.0009147987287377
Full operator,0.375,Enter key,0.5,1.09385705332671,1.0161117364530052,1.0549843948898576,1.0006651640262438
Full operator,0.38541666666666663,Enter key,0.5416666666666666,1.0960298375486521,1.0144285563908082,1.05522919696973,1.0004651291822197
Full operator,0.3958333333333333,Enter key,0.5833333333333334,1.0915087298554211,1.0100526482051144,1.0507806890302678,0.9999962608807056
Full operator,0.40625,Enter key,0.625,1.0950289310359762,1.0031969720617357,1.049112951548856,0.9990034592543363
Full operator,0.41666666666666663,Enter key,0.6666666666666666,1.100661580527523,0.9946398060869068,1.047650693307215,0.998274805105492
Full operator,0.4270833333333333,Enter key,0.7083333333333334,1.1049069897662065,0.9918180238706149,1.0483625068184108,0.9987017055171495
Full operator,0.4375,Enter key,0.75,1.0930087286578989,0.9928568471856758,1.0429327879217873,0.9988736478079286
Full operator,0.44791666666666663,Enter key,0.7916666666666666,1.0665191581741715,0.9946506618660792,1.0305849100201254,0.9988040272566683
Full operator,0.4583333333333333,Enter key,0.8333333333333334,0.9950330802734667,0.9969140737802068,0.9959735770268368,0.9990297520113194
Full operator,0.46875,Enter key,0.875,0.9778666017509429,0.9975020649619428,0.9876843333564429,0.9989085534936994
Full operator,0.47916666666666663,Enter key,0.9166666666666666,0.9825186232199803,0.9966128486320379,0.989565735926009,0.9990847200587573
Full operator,0.4895833333333333,Enter key,0.9583333333333334,0.9820069641733902,0.9966059047046906,0.9893064344390403,0.9992591184435478
Full operator,0.5,Enter key,1.0,0.9785780765576351,0.9963615236290558,0.9874698000933455,0.999339132805296
Full operator,0.5,Unlock yaw,0.0,0.979950155459365,0.9962137063056803,0.9880819308825226,0.9983681702398715
Full operator,0.5104166666666666,Unlock yaw,0.041666666666666664,0.9806309229992942,0.9957697316877596,0.9882003273435269,0.9957491271598732
Full operator,0.5208333333333334,Unlock yaw,0.08333333333333333,0.9818674215333935,0.9955160745065007,0.9886917480199471,0.9856739312317233
Full operator,0.53125,Unlock yaw,0.125,0.98321340809803,0.9954823186860735,0.9893478633920518,0.9653206698592555
Full operator,0.5416666666666666,Unlock yaw,0.16666666666666666,0.9844980663838262,0.997046471597033,0.9907722689904296,0.932912135010771
Full operator,0.5520833333333334,Unlock yaw,0.20833333333333334,0.9856567880902909,0.9968552024616423,0.9912559952759665,0.8871102467534099
Full operator,0.5625,Unlock yaw,0.25,0.987472966328701,0.9980690771153379,0.9927710217220194,0.832817910626117
Full operator,0.5729166666666666,Unlock yaw,0.2916666666666667,0.9904185157306833,0.9974417969750379,0.9939301563528606,0.7649254643035104
Full operator,0.5833333333333334,Unlock yaw,0.3333333333333333,0.990850688947958,0.9976772927050014,0.9942639908264796,0.6852443926973889
Full operator,0.59375,Unlock yaw,0.375,0.9918989869657624,0.9994542043788152,0.9956765956722888,0.5950634922997206
Full operator,0.6041666666666666,Unlock yaw,0.4166666666666667,0.9938113803478239,1.0001836361441012,0.9969975082459626,0.497541793304357
Full operator,0.6145833333333334,Unlock yaw,0.4583333333333333,0.9958931573601816,0.9998556380990348,0.9978743977296082,0.40143409661693386
Full operator,0.625,Unlock yaw,0.5,0.9966818575756302,1.002947538934591,0.9998146982551106,0.31390450121582375
Full operator,0.6354166666666666,Unlock yaw,0.5416666666666666,0.9973038940996424,1.0006960651893981,0.9989999796445203,0.2353520077348249
Full operator,0.6458333333333333,Unlock yaw,0.5833333333333334,0.9971701895118139,1.0030291105261666,1.0000996500189903,0.16871886956993268
Full operator,0.65625,Unlock yaw,0.625,0.9969729628033215,1.0027643272778015,0.9998686450405615,0.1116772617762222
Full operator,0.6666666666666666,Unlock yaw,0.6666666666666666,0.9977115835503358,1.0010305611568537,0.9993710723535948,0.06832420333853056
Full operator,0.6770833333333333,Unlock yaw,0.7083333333333334,0.9976980149700219,1.0000475178222206,0.9988727663961212,0.036553486142656445
Full operator,0.6875,Unlock yaw,0.75,0.9973889556088371,1.0013253948255258,0.9993571752171815,0.016077981990477264
Full operator,0.6979166666666666,Unlock yaw,0.7916666666666666,0.9977403573348838,0.9999151324817414,0.9988277449083125,0.006092004259719378
Full operator,0.7083333333333333,Unlock yaw,0.8333333333333334,0.9981075849731,0.999583288682208,0.998845436827654,0.0017016798312126703
Full operator,0.71875,Unlock yaw,0.875,0.9984860292561979,1.0004022533611947,0.9994441413086963,0.0006604761588094318
Full operator,0.7291666666666666,Unlock yaw,0.9166666666666666,0.9988489446394678,0.9989359573402652,0.9988924509898665,-0.0005343121064491825
Full operator,0.7395833333333333,Unlock yaw,0.9583333333333334,0.9991497892165709,0.9988939234162899,0.9990218563164304,-0.0011336598684176277
Full operator,0.75,Unlock yaw,1.0,0.9992153664349233,0.9989873169125939,0.9991013416737586,-0.0017248066088548521
Full operator,0.75,Circular insert,0.0,0.9991322352577954,0.9986479465805796,0.9988900909191876,-0.0006453660330341248
Full operator,0.7604166666666666,Circular insert,0.041666666666666664,0.999184794049276,0.9986736515610007,0.9989292228051383,-0.0008684950386718742
Full operator,0.7708333333333334,Circular insert,0.08333333333333333,0.9992373528407574,0.9986993565414225,0.9989683546910899,-0.0010916240443096237
Full operator,0.78125,Circular insert,0.125,0.9992899116322389,0.9987250615218438,0.9990074865770413,-0.001314753049947373
Full operator,0.7916666666666666,Circular insert,0.16666666666666666,0.9993424704237199,0.9987507665022651,0.9990466184629925,-0.0015378820555851226
Full operator,0.8020833333333334,Circular insert,0.20833333333333334,0.9996177307364784,0.9987804939247804,0.9991991123306294,-0.0016687956940406674
Full operator,0.8125,Circular insert,0.25,0.9995619247913891,0.9988778637045398,0.9992198942479644,-0.0014397078855389327
Full operator,0.8229166666666666,Circular insert,0.2916666666666667,0.9995969548545384,0.9990396059467872,0.9993182804006628,-0.001220051375359816
Full operator,0.8333333333333334,Circular insert,0.3333333333333333,0.9996319849176873,0.9992013481890346,0.999416666553361,-0.001000394865180699
Full operator,0.84375,Circular insert,0.375,0.999834206970106,0.9993561490885071,0.9995951780293066,-0.00077776248785905
Full operator,0.8541666666666666,Circular insert,0.4166666666666667,0.99998435987841,0.9995678487645413,0.9997761043214757,-0.0007334356084686117
Full operator,0.8645833333333334,Circular insert,0.4583333333333333,1.0000564090705435,0.9998648966054188,0.9999606528379812,-0.000956566975974991
Full operator,0.875,Circular insert,0.5,1.0001284582626768,1.0001619444462966,1.0001452013544867,-0.0011796983434813702
Full operator,0.8854166666666666,Circular insert,0.5416666666666666,1.0002344035296769,1.0005111475831507,1.0003727755564138,-0.0013872276354776284
Full operator,0.8958333333333333,Circular insert,0.5833333333333334,1.0003403487966773,1.0008603507200045,1.000600349758341,-0.0015947569274738862
Full operator,0.90625,Circular insert,0.625,1.0004035020722677,1.0012861074744897,1.0008448047733787,-0.0015271458889415395
Full operator,0.9166666666666666,Circular insert,0.6666666666666666,1.0004381273535867,1.0017628999740622,1.0011005136638245,-0.0012761079633901201
Full operator,0.9270833333333333,Circular insert,0.7083333333333334,1.0003260362686277,1.0022398816481106,1.0012829589583692,-0.0010265083053202625
Full operator,0.9375,Circular insert,0.75,1.0002139451836691,1.0027168633221593,1.0014654042529143,-0.000776908647250404
Full operator,0.9479166666666666,Circular insert,0.7916666666666666,1.000057976445431,1.003205999573707,1.001631988009569,-0.0005358032276454058
Full operator,0.9583333333333333,Circular insert,0.8333333333333334,0.9998784010556719,1.0037531566934437,1.0018157788745579,-0.000633834487619112
Full operator,0.96875,Circular insert,0.875,0.9992352197601453,1.0043200189431363,1.0017776193516408,-0.0008153238188310557
Full operator,0.9791666666666666,Circular insert,0.9166666666666666,0.9985920384646196,1.0048868811928295,1.0017394598287246,-0.0009968131500429993
Full operator,0.9895833333333333,Circular insert,0.9583333333333334,0.9979488571690934,1.0054537434425226,1.001701300305808,-0.0011783024812549426
Full operator,1.0,Circular insert,1.0,0.9973056758735673,1.0060206056922159,1.0016631407828915,-0.001359791812466886
Pdiag pointwise,0.0,Align keyed,0.0,-0.016712140812186912,-0.04194107033722989,-0.029326605574708398,0.0030056507858104236
Pdiag pointwise,0.010416666666666666,Align keyed,0.041666666666666664,-0.004982582532071294,-0.02518606278248605,-0.015084322657278673,0.004646668362901237
Pdiag pointwise,0.020833333333333332,Align keyed,0.08333333333333333,0.037849007212545964,0.03055394238020007,0.03420147479637302,0.012079593954283617
Pdiag pointwise,0.03125,Align keyed,0.125,0.08691217914247733,0.09086321780200633,0.08888769847224183,0.03093857064897663
Pdiag pointwise,0.041666666666666664,Align keyed,0.16666666666666666,0.14040704214132307,0.12347551679505275,0.1319412794681879,0.06434285433260928
Pdiag pointwise,0.05208333333333333,Align keyed,0.20833333333333334,0.1943919192221469,0.12983837486141458,0.16211514704178076,0.11259407867544839
Pdiag pointwise,0.0625,Align keyed,0.25,0.25963983684097863,0.10328414138756178,0.1814619891142702,0.17762972945305638
Pdiag pointwise,0.07291666666666666,Align keyed,0.2916666666666667,0.3338368469884125,0.04680181065103414,0.1903193288197233,0.2551621667615316
Pdiag pointwise,0.08333333333333333,Align keyed,0.3333333333333333,0.38534367401132497,-0.033574795215618215,0.17588443939785336,0.3402328382245791
Pdiag pointwise,0.09375,Align keyed,0.375,0.4295583201973826,-0.13395623414738997,0.1478010430249963,0.4322676530122103
Pdiag pointwise,0.10416666666666666,Align keyed,0.4166666666666667,0.5052465639328917,-0.23368749227829264,0.1357795358272995,0.5217679594432868
Pdiag pointwise,0.11458333333333333,Align keyed,0.4583333333333333,0.5989914639054743,-0.28688754325358923,0.15605196032594254,0.6009256626351964
Pdiag pointwise,0.125,Align keyed,0.5,0.6894878771542744,-0.2997247900897016,0.1948815435322864,0.6689324083140558
Pdiag pointwise,0.13541666666666666,Align keyed,0.5416666666666666,0.7634268973460799,-0.27586717342495315,0.2437798619605634,0.7221453465079551
Pdiag pointwise,0.14583333333333331,Align keyed,0.5833333333333334,0.8140636703494775,-0.21749450415867821,0.2982845830953996,0.7597159933167129
Pdiag pointwise,0.15625,Align keyed,0.625,0.8467387335882339,-0.13551678983478865,0.35561097187672264,0.7840327970526005
Pdiag pointwise,0.16666666666666666,Align keyed,0.6666666666666666,0.862553638322103,-0.027962441434168414,0.4172955984439673,0.7961465208598982
Pdiag pointwise,0.17708333333333331,Align keyed,0.7083333333333334,0.8649153093726514,0.10612147234313887,0.4855183908578951,0.79763728003419
Pdiag pointwise,0.1875,Align keyed,0.75,0.8698027845657564,0.2636773593847096,0.566740071975233,0.7880360811086822
Pdiag pointwise,0.19791666666666666,Align keyed,0.7916666666666666,0.8915159079119319,0.4307834478983798,0.6611496779051559,0.7781994612226242
Pdiag pointwise,0.20833333333333331,Align keyed,0.8333333333333334,0.9161539419461222,0.604588383634767,0.7603711627904446,0.7663932376134504
Pdiag pointwise,0.21875,Align keyed,0.875,0.944296199551662,0.7978530494762085,0.8710746245139352,0.7567440108880662
Pdiag pointwise,0.22916666666666666,Align keyed,0.9166666666666666,0.9808907945249965,0.9592655355405072,0.9700781650327519,0.7524112739058304
Pdiag pointwise,0.23958333333333331,Align keyed,0.9583333333333334,0.9987003541222766,1.017906809279432,1.0083035817008543,0.7503284790465199
Pdiag pointwise,0.25,Align keyed,1.0,0.9985311898583289,1.0180610668072796,1.0082961283328042,0.7510770133198619
Pdiag pointwise,0.25,Enter key,0.0,0.9990761865737948,1.0180457106656033,1.0085609486196991,1.001126368497744
Pdiag pointwise,0.2604166666666667,Enter key,0.041666666666666664,1.002555225745956,1.0187119488268446,1.0106335872864003,1.00116426046723
Pdiag pointwise,0.2708333333333333,Enter key,0.08333333333333333,0.9947849625318783,1.0202499437931232,1.0075174531625009,1.0009870868857644
Pdiag pointwise,0.28125,Enter key,0.125,1.0128409181005193,1.019420760779396,1.0161308394399575,1.0002871051341087
Pdiag pointwise,0.2916666666666667,Enter key,0.16666666666666666,1.0278251389882662,1.0175010102422033,1.0226630746152348,1.0001709982896532
Pdiag pointwise,0.3020833333333333,Enter key,0.20833333333333334,1.0401739023284333,1.017340584037811,1.0287572431831222,1.0001368982001126
Pdiag pointwise,0.3125,Enter key,0.25,1.0583135363994283,1.0188024594998994,1.0385579979496637,1.000906325256361
Pdiag pointwise,0.32291666666666663,Enter key,0.2916666666666667,1.0664388660942443,1.0167799423400992,1.0416094042171717,1.0010932004617703
Pdiag pointwise,0.3333333333333333,Enter key,0.3333333333333333,1.0673254829108947,1.017172175646549,1.042248829278722,1.000977163051478
Pdiag pointwise,0.34375,Enter key,0.375,1.0615258932282097,1.017265374638058,1.0393956339331338,1.0007159631166929
Pdiag pointwise,0.35416666666666663,Enter key,0.4166666666666667,1.0735499955122172,1.0154886240486183,1.0445193097804177,1.000799230944245
Pdiag pointwise,0.3645833333333333,Enter key,0.4583333333333333,1.0839219058022707,1.014089545708462,1.0490057257553662,1.0007275662385064
Pdiag pointwise,0.375,Enter key,0.5,1.085585069248122,1.0145493817032645,1.050067225475693,1.0005509185004733
Pdiag pointwise,0.38541666666666663,Enter key,0.5416666666666666,1.0876465255728889,1.0125884682435304,1.0501174969082097,1.0003817930657104
Pdiag pointwise,0.3958333333333333,Enter key,0.5833333333333334,1.0826047100056353,1.0081212304416354,1.0453629702236353,0.9999789232974183
Pdiag pointwise,0.40625,Enter key,0.625,1.0860639612473446,1.001800852766471,1.0439324070069078,0.9993715508668896
Pdiag pointwise,0.41666666666666663,Enter key,0.6666666666666666,1.0914252147502446,0.9934930255412255,1.0424591201457352,0.9988878836454514
Pdiag pointwise,0.4270833333333333,Enter key,0.7083333333333334,1.0946604413612118,0.990898254021856,1.042779347691534,0.9991234912857392
Pdiag pointwise,0.4375,Enter key,0.75,1.0836496485012581,0.9921946396922441,1.037922144096751,0.9992894859654406
Pdiag pointwise,0.44791666666666663,Enter key,0.7916666666666666,1.0591232715602354,0.9940866834075957,1.0266049774839154,0.9992912322101161
Pdiag pointwise,0.4583333333333333,Enter key,0.8333333333333334,0.9935376710242273,0.9966356542850147,0.995086662654621,0.9993128182607922
Pdiag pointwise,0.46875,Enter key,0.875,0.9775962592880126,0.9975798865621498,0.9875880729250812,0.9992011217894562
Pdiag pointwise,0.47916666666666663,Enter key,0.9166666666666666,0.9819994160750677,0.9967736821398187,0.9893865491074432,0.9993830725527747
Pdiag pointwise,0.4895833333333333,Enter key,0.9583333333333334,0.9811428989126239,0.9967331392588588,0.9889380190857413,0.9995409931996291
Pdiag pointwise,0.5,Enter key,1.0,0.9777847857206532,0.9964587431849613,0.9871217644528072,0.9996234512268696
Pdiag pointwise,0.5,Unlock yaw,0.0,0.9791048472451963,0.9962983665246351,0.9877016068849157,0.998617735301327
Pdiag pointwise,0.5104166666666666,Unlock yaw,0.041666666666666664,0.9793922473440803,0.9959302640151586,0.9876612556796194,0.9960117411600018
Pdiag pointwise,0.5208333333333334,Unlock yaw,0.08333333333333333,0.9804116645025529,0.9958090401106916,0.9881103523066223,0.9859283664551455
Pdiag pointwise,0.53125,Unlock yaw,0.125,0.9816810636646146,0.995887665924878,0.9887843647947463,0.9655655831941111
Pdiag pointwise,0.5416666666666666,Unlock yaw,0.16666666666666666,0.9830898280114398,0.9975027934655596,0.9902963107384997,0.9330800506146222
Pdiag pointwise,0.5520833333333334,Unlock yaw,0.20833333333333334,0.9846159680522772,0.997386147729089,0.9910010578906832,0.887203681266323
Pdiag pointwise,0.5625,Unlock yaw,0.25,0.9865223498969511,0.9984433274943955,0.9924828386956732,0.832737785499835
Pdiag pointwise,0.5729166666666666,Unlock yaw,0.2916666666666667,0.9891180623977023,0.9979172819332341,0.9935176721654682,0.7646090960036445
Pdiag pointwise,0.5833333333333334,Unlock yaw,0.3333333333333333,0.9899429303290894,0.9980945982300841,0.9940187642795868,0.6849141427309092
Pdiag pointwise,0.59375,Unlock yaw,0.375,0.9911512268724813,0.9997703183673468,0.9954607726199141,0.5945188419557379
Pdiag pointwise,0.6041666666666666,Unlock yaw,0.4166666666666667,0.993238853331704,1.0003010049637997,0.9967699291477519,0.4967366989033993
Pdiag pointwise,0.6145833333333334,Unlock yaw,0.4583333333333333,0.9953405513381943,0.9996315710592377,0.997486061198716,0.40044239622482813
Pdiag pointwise,0.625,Unlock yaw,0.5,0.9960869593167393,1.0024749581919008,0.9992809587543201,0.3127690027500918
Pdiag pointwise,0.6354166666666666,Unlock yaw,0.5416666666666666,0.9970214366073077,1.0000852142729,0.9985533254401038,0.2340969769305267
Pdiag pointwise,0.6458333333333333,Unlock yaw,0.5833333333333334,0.9969196433178883,1.0022914375304988,0.9996055404241935,0.16752157165289758
Pdiag pointwise,0.65625,Unlock yaw,0.625,0.9970251619500068,1.0021420701942396,0.9995836160721232,0.11063305127132234
Pdiag pointwise,0.6666666666666666,Unlock yaw,0.6666666666666666,0.9979932928798382,1.0004937640326057,0.999243528456222,0.0675539453860104
Pdiag pointwise,0.6770833333333333,Unlock yaw,0.7083333333333334,0.9981664940197225,0.9995131129525741,0.9988398034861483,0.03596767679842411
Pdiag pointwise,0.6875,Unlock yaw,0.75,0.9982261720726492,1.0011005195364076,0.9996633458045283,0.015705115552780088
Pdiag pointwise,0.6979166666666666,Unlock yaw,0.7916666666666666,0.9985283775855154,0.9997526830605925,0.9991405303230539,0.005787829233347788
Pdiag pointwise,0.7083333333333333,Unlock yaw,0.8333333333333334,0.9988888045505704,0.9995422425094366,0.9992155235300035,0.0015253344612457575
Pdiag pointwise,0.71875,Unlock yaw,0.875,0.9991743457305393,1.00054258972888,0.9998584677297097,0.0004948468925358029
Pdiag pointwise,0.7291666666666666,Unlock yaw,0.9166666666666666,0.9995461799144871,0.9989816274262184,0.9992639036703528,-0.0006973882098601112
Pdiag pointwise,0.7395833333333333,Unlock yaw,0.9583333333333334,0.999866501043461,0.9989707269207179,0.9994186139820894,-0.0013119775316331372
Pdiag pointwise,0.75,Unlock yaw,1.0,0.9999834313308931,0.9990798972468229,0.999531664288858,-0.0019099518123553544
Pdiag pointwise,0.75,Circular insert,0.0,0.9997387874254423,0.9987451201360107,0.9992419537807264,-0.0008115458106377256
Pdiag pointwise,0.7604166666666666,Circular insert,0.041666666666666664,0.9998231105500807,0.9987777312621251,0.9993004209061029,-0.001040326159689722
Pdiag pointwise,0.7708333333333334,Circular insert,0.08333333333333333,0.9999074336747187,0.9988103423882393,0.999358888031479,-0.0012691065087417186
Pdiag pointwise,0.78125,Circular insert,0.125,0.9999917567993565,0.9988429535143535,0.999417355156855,-0.0014978868577937149
Pdiag pointwise,0.7916666666666666,Circular insert,0.16666666666666666,1.0000760799239945,0.9988755646404679,0.9994758222822312,-0.0017266672068457114
Pdiag pointwise,0.8020833333333334,Circular insert,0.20833333333333334,1.0003546026518169,0.9989145652397936,0.9996345839458052,-0.0018625446760780497
Pdiag pointwise,0.8125,Circular insert,0.25,1.0003093108490904,0.999024047328495,0.9996666790887927,-0.0016300621500714798
Pdiag pointwise,0.8229166666666666,Circular insert,0.2916666666666667,1.0003308116407184,0.9991972091527749,0.9997640103967467,-0.0014053287521810429
Pdiag pointwise,0.8333333333333334,Circular insert,0.3333333333333333,1.0003523124323452,0.9993703709770546,0.9998613417047,-0.0011805953542906062
Pdiag pointwise,0.84375,Circular insert,0.375,1.000524206942542,0.999537337792368,1.000030772367455,-0.0009546364978797825
Pdiag pointwise,0.8541666666666666,Circular insert,0.4166666666666667,1.0006828931007452,0.9997643263554173,1.0002236097280812,-0.0009100869215652855
Pdiag pointwise,0.8645833333333334,Circular insert,0.4583333333333333,1.0008217667309613,1.00008134754007,1.0004515571355157,-0.0011376512653952814
Pdiag pointwise,0.875,Circular insert,0.5,1.0009606403611768,1.0003983687247229,1.00067950454295,-0.0013652156092252778
Pdiag pointwise,0.8854166666666666,Circular insert,0.5416666666666666,1.0011221616375172,1.0007662045396002,1.0009441830885586,-0.0015822700785460644
Pdiag pointwise,0.8958333333333333,Circular insert,0.5833333333333334,1.0012836829138587,1.001134040354477,1.001208861634168,-0.0017993245478668512
Pdiag pointwise,0.90625,Circular insert,0.625,1.0013606334832301,1.0015796992012471,1.0014701663422385,-0.0017351115256215484
Pdiag pointwise,0.9166666666666666,Circular insert,0.6666666666666666,1.001381203581288,1.0020772400692797,1.0017292218252838,-0.0014833868423321857
Pdiag pointwise,0.9270833333333333,Circular insert,0.7083333333333334,1.0012687443713895,1.0025748730815929,1.0019218087264912,-0.00123223716945222
Pdiag pointwise,0.9375,Circular insert,0.75,1.0011562851614912,1.0030725060939065,1.0021143956276988,-0.0009810874965722547
Pdiag pointwise,0.9479166666666666,Circular insert,0.7916666666666666,1.0010126519885116,1.0035804147848995,1.0022965333867055,-0.0007366236884041044
Pdiag pointwise,0.9583333333333333,Circular insert,0.8333333333333334,1.0007974294012403,1.0041487460190053,1.002473087710123,-0.0008374068095636473
Pdiag pointwise,0.96875,Circular insert,0.875,1.000149507105905,1.0047365840435907,1.002443045574748,-0.00102376718018526
Pdiag pointwise,0.9791666666666666,Circular insert,0.9166666666666666,0.99950158481057,1.0053244220681756,1.0024130034393728,-0.0012101275508068728
Pdiag pointwise,0.9895833333333333,Circular insert,0.9583333333333334,0.9988536625152348,1.005912260092761,1.0023829613039978,-0.001396487921428485
Pdiag pointwise,1.0,Circular insert,1.0,0.9982057402198996,1.006500098117346,1.0023529191686227,-0.0015828482920500985
Pdiag finite,0.0,Align keyed,0.0,0.000504532769390989,3.602321628858739e-05,0.00027027799283978817,0.0016318155355988537
Pdiag finite,0.010416666666666666,Align keyed,0.041666666666666664,0.004946959737546977,0.0012638706299642716,0.0031054151837556247,0.0037180171256119697
Pdiag finite,0.020833333333333332,Align keyed,0.08333333333333333,0.027850798527654815,0.01642502705702851,0.02213791279234166,0.009006269681453223
Pdiag finite,0.03125,Align keyed,0.125,0.0935041826608784,0.07402488252557002,0.08376453259322421,0.021332082778377285
Pdiag finite,0.041666666666666664,Align keyed,0.16666666666666666,0.2025991254403909,0.12408542775289119,0.16334227659664105,0.045856205439165514
Pdiag finite,0.05208333333333333,Align keyed,0.20833333333333334,0.3211962549067541,0.09243221286409983,0.20681423388542697,0.08508381224582606
Pdiag finite,0.0625,Align keyed,0.25,0.4239667091330416,0.035206621866998196,0.22958666550001988,0.13456523276749677
Pdiag finite,0.07291666666666666,Align keyed,0.2916666666666667,0.5118625484700484,0.00845610427955866,0.26015932637480355,0.1862885845156058
Pdiag finite,0.08333333333333333,Align keyed,0.3333333333333333,0.5958411094283126,0.0017360103911995858,0.2987885599097561,0.2379088240493389
Pdiag finite,0.09375,Align keyed,0.375,0.681950246669583,0.0004130678760943087,0.34118165727283867,0.2972138549803152
Pdiag finite,0.10416666666666666,Align keyed,0.4166666666666667,0.7663902690230011,0.00014646990374362937,0.3832683694633724,0.379491528671151
Pdiag finite,0.11458333333333333,Align keyed,0.4583333333333333,0.8389546341016378,9.140668386161427e-05,0.41952302039274975,0.5000567881151233
Pdiag finite,0.125,Align keyed,0.5,0.8904420611980242,0.00010668437654450438,0.4452743727872843,0.6591885279458797
Pdiag finite,0.13541666666666666,Align keyed,0.5416666666666666,0.9171465323910315,0.00022239052891808472,0.45868446145997477,0.8275347336368739
Pdiag finite,0.14583333333333331,Align keyed,0.5833333333333334,0.9205125098088536,0.0007250982881794484,0.4606188040485165,0.9632694032990422
Pdiag finite,0.15625,Align keyed,0.625,0.9057369484746428,0.0030781325280845495,0.45440754050136367,1.0484904698728863
Pdiag finite,0.16666666666666666,Align keyed,0.6666666666666666,0.8815855774445017,0.014004705818598789,0.44779514163155026,1.0908420812485575
Pdiag finite,0.17708333333333331,Align keyed,0.7083333333333334,0.8596566613883004,0.05713133823660377,0.4583939998124521,1.103186680894939
Pdiag finite,0.1875,Align keyed,0.75,0.8509690975891394,0.17965610625892506,0.5153126019240323,1.0941012198228055
Pdiag finite,0.19791666666666666,Align keyed,0.7916666666666666,0.8612586920261884,0.39708590280896144,0.629172297417575,1.0694525502491308
Pdiag finite,0.20833333333333331,Align keyed,0.8333333333333334,0.8885073343094925,0.6321854342275217,0.7603463842685071,1.0368686373274236
Pdiag finite,0.21875,Align keyed,0.875,0.9245586047584196,0.8091077100818095,0.8668331574201145,1.0071359245123994
Pdiag finite,0.22916666666666666,Align keyed,0.9166666666666666,0.959762416612541,0.920064871053516,0.9399136438330284,0.9897983777923616
Pdiag finite,0.23958333333333331,Align keyed,0.9583333333333334,0.9873980370174098,0.9845867317757836,0.9859923843965968,0.9874293869015577
Pdiag finite,0.25,Align keyed,1.0,1.0052545490872766,1.0195279940265745,1.0123912715569254,0.9950703122549147
Pdiag finite,0.25,Enter key,0.0,1.0052545490872766,1.0195279940265745,1.0123912715569254,0.9950703122549147
Pdiag finite,0.2604166666666667,Enter key,0.041666666666666664,1.0147777645952687,1.035044195987057,1.024910980291163,1.0047517257176437
Pdiag finite,0.2708333333333333,Enter key,0.08333333333333333,1.0195238551022412,1.0372611201049802,1.0283924876036106,1.0103118565568825
Pdiag finite,0.28125,Enter key,0.125,1.0236280173113264,1.0308751337714717,1.0272515755413991,1.009474374610696
Pdiag finite,0.2916666666666667,Enter key,0.16666666666666666,1.030239467113628,1.0206402357407431,1.0254398514271856,1.0036193157771414
Pdiag finite,0.3020833333333333,Enter key,0.20833333333333334,1.0403100224357307,1.0114486451874818,1.0258793338116061,0.9964688533031141
Pdiag finite,0.3125,Enter key,0.25,1.0525006452157695,1.0070778592452594,1.0297892522305143,0.9920643537965896
Pdiag finite,0.32291666666666663,Enter key,0.2916666666666667,1.064311304345063,1.0086626251110586,1.0364869647280608,0.9925691909842246
Pdiag finite,0.3333333333333333,Enter key,0.3333333333333333,1.0735759048992974,1.0143594753627214,1.0439676901310095,0.997196218693387
Pdiag finite,0.34375,Enter key,0.375,1.079401100778095,1.0206137889056444,1.0500074448418697,1.003027209635055
Pdiag finite,0.35416666666666663,Enter key,0.4166666666666667,1.0823172370575502,1.0240461959951843,1.0531817165263673,1.006944037465431
Pdiag finite,0.3645833333333333,Enter key,0.4583333333333333,1.0838505720115121,1.0227885019983245,1.0533195370049184,1.0072532332248827
Pdiag finite,0.375,Enter key,0.5,1.085699160858827,1.016931329318422,1.0513152450886243,1.004284044588758
Pdiag finite,0.38541666666666663,Enter key,0.5416666666666666,1.0887465193889707,1.0083035246988228,1.0485250220438966,1.0000036238152914
Pdiag finite,0.3958333333333333,Enter key,0.5833333333333334,1.0924137519256074,0.9997086906538383,1.046061221289723,0.9969014691803195
Pdiag finite,0.40625,Enter key,0.625,1.0947889019197796,0.9937147476363002,1.04425182477804,0.9965983569664724
Pdiag finite,0.41666666666666663,Enter key,0.6666666666666666,1.0933863798062837,0.9914924808612937,1.0424394303337887,0.9989692016352837
Pdiag finite,0.4270833333333333,Enter key,0.7083333333333334,1.0859857398486772,0.9924221996349126,1.039203969741795,1.0023757146175911
Pdiag finite,0.4375,Enter key,0.75,1.0712982154946442,0.9947030647155162,1.0330006401050802,1.0047852702171345
Pdiag finite,0.44791666666666663,Enter key,0.7916666666666666,1.0496658744919458,0.996469122421056,1.023067498456501,1.0049614322992888
Pdiag finite,0.4583333333333333,Enter key,0.8333333333333334,1.0237938715620145,0.9966950794320028,1.0102444754970086,1.0030595659022818
Pdiag finite,0.46875,Enter key,0.875,0.998721067035797,0.9955018548725056,0.9971114609541514,1.0004117796520116
Pdiag finite,0.47916666666666663,Enter key,0.9166666666666666,0.9801138702890322,0.9938648289312891,0.9869893496101607,0.9986071265749501
Pdiag finite,0.4895833333333333,Enter key,0.9583333333333334,0.9714708667444022,0.9929461885655003,0.9822085276549513,0.998282763995408
Pdiag finite,0.5,Enter key,1.0,0.9723298889353432,0.993400902023639,0.982865395479491,0.9983188907168092
Pdiag finite,0.5,Unlock yaw,0.0,0.9723298889353432,0.993400902023639,0.982865395479491,0.9983188907168092
Pdiag finite,0.5104166666666666,Unlock yaw,0.041666666666666664,0.9788586642349937,0.9950335517314127,0.9869461079832031,0.9959354370030695
Pdiag finite,0.5208333333333334,Unlock yaw,0.08333333333333333,0.9861455971628442,0.9969844200362055,0.9915650085995249,0.9875093280990291
Pdiag finite,0.53125,Unlock yaw,0.125,0.9904493094401938,0.9982833563847433,0.9943663329124686,0.9695018383650345
Pdiag finite,0.5416666666666666,Unlock yaw,0.16666666666666666,0.9903032757843376,0.9984108602341404,0.9943570680092391,0.9391487910802707
Pdiag finite,0.5520833333333334,Unlock yaw,0.20833333333333334,0.9864921786693696,0.997568882682849,0.9920305306761092,0.8949997106405122
Pdiag finite,0.5625,Unlock yaw,0.25,0.9813010862285569,0.9965556433523307,0.9889283647904439,0.8373229224687213
Pdiag finite,0.5729166666666666,Unlock yaw,0.2916666666666667,0.9773054618164728,0.9963220485825196,0.9868137551994962,0.767995922021687
Pdiag finite,0.5833333333333334,Unlock yaw,0.3333333333333333,0.9760806517521439,0.9974376061977327,0.9867591289749382,0.6896296564541656
Pdiag finite,0.59375,Unlock yaw,0.375,0.9774727918186541,0.9997632455907294,0.9886180187046918,0.6045533721244444
Pdiag finite,0.6041666666666666,Unlock yaw,0.4166666666666667,0.9798610463247184,1.002521589201792,0.9911913177632552,0.5147538012710868
Pdiag finite,0.6145833333333334,Unlock yaw,0.4583333333333333,0.9811719816443344,1.0047059930588158,0.992938987351575,0.42297359923089534
Pdiag finite,0.625,Unlock yaw,0.5,0.9799715848469973,1.0055755031750726,0.992773544011035,0.33374801444172997
Pdiag finite,0.6354166666666666,Unlock yaw,0.5416666666666666,0.9761028873500261,1.0049813372311545,0.9905421122905903,0.2528444263303039
Pdiag finite,0.6458333333333333,Unlock yaw,0.5833333333333334,0.9707018505665168,1.003399612911941,0.9870507317392289,0.1851003743812439
Pdiag finite,0.65625,Unlock yaw,0.625,0.9656459104923836,1.0016803723023013,0.9836631413973425,0.1325120564280327
Pdiag finite,0.6666666666666666,Unlock yaw,0.6666666666666666,0.9626480595177382,1.0006305831870053,0.9816393213523718,0.09412500665910967
Pdiag finite,0.6770833333333333,Unlock yaw,0.7083333333333334,0.9624212419438078,1.0006308590463107,0.9815260504950593,0.0673221696851405
Pdiag finite,0.6875,Unlock yaw,0.75,0.9643854750139562,1.001485723155882,0.9829355990849191,0.04918946991966776
Pdiag finite,0.6979166666666666,Unlock yaw,0.7916666666666666,0.967073355637681,1.0025795479633846,0.9848264518005327,0.03726053299003022
Pdiag finite,0.7083333333333333,Unlock yaw,0.8333333333333334,0.9689381995496241,1.0032301113950381,0.9860841554723312,0.029708262306445132
Pdiag finite,0.71875,Unlock yaw,0.875,0.9690838479646529,1.003036344457236,0.9860600962109445,0.025275003483169037
Pdiag finite,0.7291666666666666,Unlock yaw,0.9166666666666666,0.9675912025023493,1.0020539981677343,0.9848226003350418,0.023132802027033713
Pdiag finite,0.7395833333333333,Unlock yaw,0.9583333333333334,0.9653703930422477,1.0007386926035564,0.983054542822902,0.022733630290750165
Pdiag finite,0.75,Unlock yaw,1.0,0.9636475960038963,0.9997002822423344,0.9816739391231153,0.023645126175487755
Pdiag finite,0.75,Circular insert,0.0,0.9636475960038963,0.9997002822423344,0.9816739391231153,0.023645126175487755
Pdiag finite,0.7604166666666666,Circular insert,0.041666666666666664,0.9633262303066927,0.9993920583646038,0.9813591443356482,0.02537441302956694
Pdiag finite,0.7708333333333334,Circular insert,0.08333333333333333,0.9645399384423033,0.9998918144297443,0.9822158764360238,0.02725315988012573
Pdiag finite,0.78125,Circular insert,0.125,0.9666316106654603,1.0008857517502159,0.983758681207838,0.028524202753818985
Pdiag finite,0.7916666666666666,Circular insert,0.16666666666666666,0.9685425370162961,1.0018514859693815,0.9851970114928388,0.02866533849181385
Pdiag finite,0.8020833333333334,Circular insert,0.20833333333333334,0.9693637292170312,1.002328790209048,0.9858462597130396,0.02769813003946821
Pdiag finite,0.8125,Circular insert,0.25,0.9687584290627033,1.0021365721683826,0.985447500615543,0.02615385604087959
Pdiag finite,0.8229166666666666,Circular insert,0.2916666666666667,0.967084573790605,1.0014417140998122,0.9842631439452085,0.024726293246642366
Pdiag finite,0.8333333333333334,Circular insert,0.3333333333333333,0.9651968166625247,1.0006624029017406,0.9829296097821326,0.02394093703298252
Pdiag finite,0.84375,Circular insert,0.375,0.9640280037546707,1.0002590203244648,0.9821435120395677,0.024027892336327863
Pdiag finite,0.8541666666666666,Circular insert,0.4166666666666667,0.9641422563144139,1.0005132699528394,0.9823277631336267,0.0249238348810165
Pdiag finite,0.8645833333333334,Circular insert,0.4583333333333333,0.9654785348783284,1.0014021703926772,0.9834403526355028,0.026294138401433628
Pdiag finite,0.875,Circular insert,0.5,0.967409620407809,1.0026246252481565,0.9850171228279827,0.027595020052149657
Pdiag finite,0.8854166666666666,Circular insert,0.5416666666666666,0.9690652101544454,1.0037570770949706,0.986411143624708,0.028266313490655073
Pdiag finite,0.8958333333333333,Circular insert,0.5833333333333334,0.9697360453131466,1.004453009092678,0.9870945272029124,0.028023933504496404
Pdiag finite,0.90625,Circular insert,0.625,0.9691705858439267,1.004593128645123,0.9868818572445248,0.027032797026968442
Pdiag finite,0.9166666666666666,Circular insert,0.6666666666666666,0.967660632627834,1.0043292919796558,0.985994962303745,0.02579567634837655
Pdiag finite,0.9270833333333333,Circular insert,0.7083333333333334,0.9659056659551282,1.0040140385970067,0.9849598522760674,0.024873330654626435
Pdiag finite,0.9375,Circular insert,0.75,0.9647134022203578,1.0040480566014918,0.9843807294109248,0.02466525858082422
Pdiag finite,0.9479166666666666,Circular insert,0.7916666666666666,0.9646434337201356,1.004703588416568,0.9846735110683518,0.025319570868679628
Pdiag finite,0.9583333333333333,Circular insert,0.8333333333333334,0.9657235183500994,1.0059875207930402,0.9858555195715698,0.026679706849917533
Pdiag finite,0.96875,Circular insert,0.875,0.9673371982660762,1.0075885688841102,0.9874628835750932,0.028192489202100057
Pdiag finite,0.9791666666666666,Circular insert,0.9166666666666666,0.9682984542442541,1.0089148422593877,0.9886066482518209,0.028860826742648785
Pdiag finite,0.9895833333333333,Circular insert,0.9583333333333334,0.9670416520000182,1.0091911304781336,0.9881163912390759,0.027493708872563537
Pdiag finite,1.0,Circular insert,1.0,0.9618183503572616,1.0075691830687201,0.9846937667129909,0.023411897251686287
