task,seed,subset_id,protocol,sample_size,repeat,basis,model,fit_success,fit_error,fit_seconds,e_data,e_alpha,off_diag_mass
keyed,20260818,4,qualified,8,1,rotated-2,Frame-weighted (SE(3)),True,,0.0021323539986042306,4.195518212307944e-05,0.1515791629224826,
keyed,20260818,4,qualified,8,1,rotated-2,Full operator (SE(3)),True,,0.0016026450030039996,2.587679835738754e-07,0.13109843945860328,0.9302523211988817
keyed,20260818,4,qualified,8,1,rotated-2,Pdiag pointwise (SE(3)),True,,0.01023588899988681,3.285595720860146e-05,0.31827909991076564,
keyed,20260818,4,qualified,8,1,rotated-2,Pdiag finite (SE(3)),True,,31.22502385599364,2.347222498461465e-05,0.30836543883436673,
keyed,20260818,4,qualified,8,1,local,Frame-weighted (SE(3)),True,,0.006914244004292414,4.237831178874086e-05,0.16153951606114922,
keyed,20260818,4,qualified,8,1,local,Full operator (SE(3)),True,,0.004085598004166968,2.940431449294101e-07,0.09312602220109086,0.8827080446078628
keyed,20260818,4,qualified,8,1,local,Pdiag pointwise (SE(3)),True,,0.01687802500964608,3.581221221318465e-05,0.1963785222574837,
keyed,20260818,4,qualified,8,1,local,Pdiag finite (SE(3)),True,,37.155127126010484,4.20323798479921e-06,0.11014072617875982,
keyed,20260818,2,random,8,2,local,Frame-weighted (SE(3)),True,,0.006991992995608598,7.08816922916154e-05,0.3661508079267895,
keyed,20260818,2,random,8,2,local,Full operator (SE(3)),True,,0.0035661209985846654,4.8330060309472496e-08,0.11056727545488494,0.8888370185404383
keyed,20260818,2,random,8,2,local,Pdiag pointwise (SE(3)),True,,0.0170290450041648,5.849360209562331e-05,0.5902143683092934,
keyed,20260818,2,random,8,2,local,Pdiag finite (SE(3)),True,,46.427839604002656,1.4341814912804268e-06,0.09783734521493233,
keyed,20260818,3,qualified,8,0,rotated-1,Frame-weighted (SE(3)),True,,0.007332740002311766,0.00011167557700750063,0.1683347578981147,
keyed,20260818,3,qualified,8,0,rotated-1,Full operator (SE(3)),True,,0.002409998996881768,5.535178773178112e-07,0.5819233175491371,0.9011834419905929
keyed,20260818,3,qualified,8,0,rotated-1,Pdiag pointwise (SE(3)),True,,0.01709428199683316,0.00010172283448088671,0.3431172739784394,
keyed,20260818,3,qualified,8,0,rotated-1,Pdiag finite (SE(3)),True,,49.64322226800141,7.199554402379002e-05,0.22864332293011344,
keyed,20260818,3,qualified,8,0,local,Frame-weighted (SE(3)),True,,0.006906405003974214,0.00010575745485555196,0.1911453412887834,
keyed,20260818,3,qualified,8,0,local,Full operator (SE(3)),True,,0.0026838619960471988,6.024747247772269e-07,0.5547653160922955,0.8862771400574423
keyed,20260818,3,qualified,8,0,local,Pdiag pointwise (SE(3)),True,,0.016907070006709546,9.428949027573515e-05,0.4094010221400747,
keyed,20260818,3,qualified,8,0,local,Pdiag finite (SE(3)),True,,50.409283567001694,3.7355891665979344e-05,0.1029861827737822,
keyed,20260818,2,random,8,2,rotated-2,Frame-weighted (SE(3)),True,,0.006925485999090597,6.981861317635298e-05,0.3247833041336241,
keyed,20260818,2,random,8,2,rotated-2,Full operator (SE(3)),True,,0.002348434994928539,1.8317425487529043e-07,0.12334970558729254,0.9139455887933535
keyed,20260818,2,random,8,2,rotated-2,Pdiag pointwise (SE(3)),True,,0.016847225997480564,6.323791517064884e-05,0.7094520900097344,
keyed,20260818,2,random,8,2,rotated-2,Pdiag finite (SE(3)),True,,54.63746629700472,1.1153541160651709e-05,0.17571454867332442,
keyed,20260818,4,qualified,8,1,rotated-1,Frame-weighted (SE(3)),True,,0.007231152994791046,4.705691916706661e-05,0.1818927569426487,
keyed,20260818,4,qualified,8,1,rotated-1,Full operator (SE(3)),True,,0.0024278990022139624,3.9141710766682376e-07,0.15367265634474295,0.9311662055267997
keyed,20260818,4,qualified,8,1,rotated-1,Pdiag pointwise (SE(3)),True,,0.017110272994614206,3.800053073873655e-05,0.3592588109762056,
keyed,20260818,4,qualified,8,1,rotated-1,Pdiag finite (SE(3)),True,,55.061576588996104,2.4104009263901642e-05,0.22680859750427534,
keyed,20260818,0,random,8,0,rotated-2,Frame-weighted (SE(3)),True,,0.0070806050061946735,4.284360893651498e-05,0.4159102365143627,
keyed,20260818,0,random,8,0,rotated-2,Full operator (SE(3)),True,,0.003573217007215135,3.745730091501382e-07,0.09644296588265192,0.9080896675221585
keyed,20260818,0,random,8,0,rotated-2,Pdiag pointwise (SE(3)),True,,0.02915977999509778,3.7506806037893436e-05,0.4549591443105273,
keyed,20260818,0,random,8,0,rotated-2,Pdiag finite (SE(3)),True,,64.2830156639975,2.523047872344551e-05,0.24321181608779402,
keyed,20260818,3,qualified,8,0,rotated-2,Frame-weighted (SE(3)),True,,0.007323702986468561,0.00010890950399872197,0.2039750438598951,
keyed,20260818,3,qualified,8,0,rotated-2,Full operator (SE(3)),True,,0.005174142002942972,8.980647350106776e-07,0.6525054383993729,0.9357585048721179
keyed,20260818,3,qualified,8,0,rotated-2,Pdiag pointwise (SE(3)),True,,0.017061513994121924,9.767263081398649e-05,0.7402485474045984,
keyed,20260818,3,qualified,8,0,rotated-2,Pdiag finite (SE(3)),True,,70.34178563200112,6.400807924719652e-05,0.406845945525851,
keyed,20260818,5,qualified,8,2,local,Frame-weighted (SE(3)),True,,0.0021900649880990386,5.8420903562171034e-05,0.16459961056859054,
keyed,20260818,5,qualified,8,2,local,Full operator (SE(3)),True,,0.001636608998524025,8.2186163142912e-08,1.9949121204397746,0.91100198376037
keyed,20260818,5,qualified,8,2,local,Pdiag pointwise (SE(3)),True,,0.009430826001334935,5.302105365762459e-05,0.14556174510341793,
keyed,20260818,5,qualified,8,2,local,Pdiag finite (SE(3)),True,,70.80814671400003,2.1067719811836154e-06,0.10989893944306287,
keyed,20260818,0,random,8,0,local,Frame-weighted (SE(3)),True,,0.006860547000542283,3.944463166692956e-05,0.2935294043484265,
keyed,20260818,0,random,8,0,local,Full operator (SE(3)),True,,0.003690703000756912,3.6073440357483045e-07,0.09397599160994635,0.8716672686935459
keyed,20260818,0,random,8,0,local,Pdiag pointwise (SE(3)),True,,0.01689034901210107,3.532962634636384e-05,0.26948649008693576,
keyed,20260818,0,random,8,0,local,Pdiag finite (SE(3)),True,,72.56375447899336,3.118995293766658e-06,0.10748249635453506,
keyed,20260818,5,qualified,8,2,rotated-2,Frame-weighted (SE(3)),True,,0.009995112006436102,6.571320419100022e-05,0.14333991684148897,
keyed,20260818,5,qualified,8,2,rotated-2,Full operator (SE(3)),True,,0.004018240011646412,2.799463650572004e-07,7.733272722557046,0.8853025600521943
keyed,20260818,5,qualified,8,2,rotated-2,Pdiag pointwise (SE(3)),True,,0.019075074000284076,5.8569659570741625e-05,0.2618331850640013,
keyed,20260818,5,qualified,8,2,rotated-2,Pdiag finite (SE(3)),True,,62.38331801399181,2.689431792281749e-05,0.19267948386237269,
keyed,20260818,5,qualified,8,2,rotated-1,Frame-weighted (SE(3)),True,,0.012240190000738949,8.442518450828625e-05,0.3742755327706582,
keyed,20260818,5,qualified,8,2,rotated-1,Full operator (SE(3)),True,,0.004563227004837245,8.612014932791401e-08,1.9925488635921889,0.9051953918256715
keyed,20260818,5,qualified,8,2,rotated-1,Pdiag pointwise (SE(3)),True,,0.018607050995342433,7.823971241983299e-05,0.5939884014400068,
keyed,20260818,5,qualified,8,2,rotated-1,Pdiag finite (SE(3)),True,,87.35332365499926,3.7930662650828514e-05,0.3713317422479976,
keyed,20260818,1,random,8,1,rotated-2,Frame-weighted (SE(3)),True,,0.007009310997091234,9.894929635103447e-05,0.20948261041967123,
keyed,20260818,1,random,8,1,rotated-2,Full operator (SE(3)),True,,0.0027050670032622293,9.766672104198982e-06,0.20834412280517947,0.9266765101865112
keyed,20260818,1,random,8,1,rotated-2,Pdiag pointwise (SE(3)),True,,0.018835681010386907,9.110807171597808e-05,0.39257773401563206,
keyed,20260818,1,random,8,1,rotated-2,Pdiag finite (SE(3)),True,,185.60528333000548,7.12198381802871e-05,0.16278263069732862,
keyed,20260818,8,random,15,2,rotated-2,Frame-weighted (SE(3)),True,,0.004090617003384978,8.737817929148766e-05,0.13012879832637358,
keyed,20260818,8,random,15,2,rotated-2,Full operator (SE(3)),True,,0.0010244629957014695,1.3578906480131442e-05,0.1637394460480764,0.9344664779308952
keyed,20260818,8,random,15,2,rotated-2,Pdiag pointwise (SE(3)),True,,0.010509214000194333,8.31790620201299e-05,0.17359122727383416,
keyed,20260818,8,random,15,2,rotated-2,Pdiag finite (SE(3)),True,,128.90431196900317,5.3329690568259915e-05,0.19032940195587458,
keyed,20260818,8,random,15,2,rotated-1,Frame-weighted (SE(3)),True,,0.007216821992187761,9.822250417232415e-05,0.21949945683535296,
keyed,20260818,8,random,15,2,rotated-1,Full operator (SE(3)),True,,0.0035268969950266182,1.2589396074207902e-05,0.22506458401258353,0.9348540262121254
keyed,20260818,8,random,15,2,rotated-1,Pdiag pointwise (SE(3)),True,,0.017578517989022657,9.545144757035678e-05,0.22151935218488059,
keyed,20260818,8,random,15,2,rotated-1,Pdiag finite (SE(3)),True,,135.31694571200933,6.545978915332877e-05,0.20640674667410183,
keyed,20260818,8,random,15,2,local,Frame-weighted (SE(3)),True,,0.007347371996729635,8.444753562141686e-05,0.1372756017890175,
keyed,20260818,8,random,15,2,local,Full operator (SE(3)),True,,0.0013919599878136069,1.3858830167697186e-05,0.14656829861460752,0.8943312272432088
keyed,20260818,8,random,15,2,local,Pdiag pointwise (SE(3)),True,,0.01758697599871084,8.03990336746837e-05,0.1340451608088355,
keyed,20260818,8,random,15,2,local,Pdiag finite (SE(3)),True,,153.99965561600402,2.7372785494303616e-05,0.10075027744676801,
keyed,20260818,9,qualified,15,0,rotated-1,Frame-weighted (SE(3)),True,,0.004517093999311328,0.0001286745719837011,0.2905214909135182,
keyed,20260818,9,qualified,15,0,rotated-1,Full operator (SE(3)),True,,0.001203298001200892,3.6282605677976444e-05,0.20824063792715422,0.9321806313750899
keyed,20260818,9,qualified,15,0,rotated-1,Pdiag pointwise (SE(3)),True,,0.011148587000207044,0.00012461650076001456,0.3173672097367648,
keyed,20260818,9,qualified,15,0,rotated-1,Pdiag finite (SE(3)),True,,121.95873521799513,8.978192432975613e-05,0.2362362351702233,
keyed,20260818,10,qualified,15,1,local,Frame-weighted (SE(3)),True,,0.005335594003554434,4.783076291294043e-05,0.20491895153493908,
keyed,20260818,10,qualified,15,1,local,Full operator (SE(3)),True,,0.0017001939995680004,9.211480010084822e-07,0.0854588972088185,0.8789252304264807
keyed,20260818,10,qualified,15,1,local,Pdiag pointwise (SE(3)),True,,0.011417297995649278,4.4763080087484345e-05,0.15442999501672444,
keyed,20260818,10,qualified,15,1,local,Pdiag finite (SE(3)),True,,133.8072901659907,2.472913651897815e-06,0.10996746441720352,
keyed,20260818,11,qualified,15,2,local,Frame-weighted (SE(3)),True,,0.007855967996874824,4.456264921217556e-05,0.22773333912136973,
keyed,20260818,11,qualified,15,2,local,Full operator (SE(3)),True,,0.001553788999444805,9.810160824540644e-07,0.08788745078131946,0.8790260024964006
keyed,20260818,11,qualified,15,2,local,Pdiag pointwise (SE(3)),True,,0.019270586999482475,3.9354755605603365e-05,0.23068973583547078,
keyed,20260818,11,qualified,15,2,local,Pdiag finite (SE(3)),True,,102.75076931399235,1.919057251716962e-06,0.10070627405392592,
keyed,20260818,10,qualified,15,1,rotated-2,Frame-weighted (SE(3)),True,,0.010714803996961564,4.963715721415392e-05,0.21641206808067337,
keyed,20260818,10,qualified,15,1,rotated-2,Full operator (SE(3)),True,,0.003989417993579991,1.449060198636246e-06,0.11299664019354895,0.9163305663997875
keyed,20260818,10,qualified,15,1,rotated-2,Pdiag pointwise (SE(3)),True,,0.025230753992218524,4.698591780572324e-05,0.23447666055092464,
keyed,20260818,10,qualified,15,1,rotated-2,Pdiag finite (SE(3)),True,,142.5738473740057,2.6129058694913154e-05,0.26544699346482853,
keyed,20260818,9,qualified,15,0,local,Frame-weighted (SE(3)),True,,0.00830534599663224,0.00011688919443231074,0.18670596954883442,
keyed,20260818,9,qualified,15,0,local,Full operator (SE(3)),True,,0.0019519950001267716,3.640718672340749e-05,0.13217547078467315,0.8902933397805199
keyed,20260818,9,qualified,15,0,local,Pdiag pointwise (SE(3)),True,,0.021715228009270504,0.00011162825510468901,0.17013877203055666,
keyed,20260818,9,qualified,15,0,local,Pdiag finite (SE(3)),True,,327.65526224700443,4.92866287263246e-05,0.10635771735686761,
keyed,20260818,11,qualified,15,2,rotated-1,Frame-weighted (SE(3)),True,,0.007784594010445289,4.937668780885069e-05,0.320119746247602,
keyed,20260818,11,qualified,15,2,rotated-1,Full operator (SE(3)),True,,0.0033331660088151693,1.278071819365881e-06,0.1623287236161376,0.9298716298460382
keyed,20260818,11,qualified,15,2,rotated-1,Pdiag pointwise (SE(3)),True,,0.01894720298878383,4.683415258084844e-05,0.2939646300401773,
keyed,20260818,11,qualified,15,2,rotated-1,Pdiag finite (SE(3)),True,,180.6807441560086,2.645041438062719e-05,0.23346352248106858,
keyed,20260818,11,qualified,15,2,rotated-2,Frame-weighted (SE(3)),True,,0.005349390004994348,4.8513941256192015e-05,0.2785193766208345,
keyed,20260818,11,qualified,15,2,rotated-2,Full operator (SE(3)),True,,0.0011924699938390404,1.3775251913371587e-06,0.1114066288130457,0.9211904489688687
keyed,20260818,11,qualified,15,2,rotated-2,Pdiag pointwise (SE(3)),True,,0.011649087988189422,4.36562531074607e-05,0.35733419135916383,
keyed,20260818,11,qualified,15,2,rotated-2,Pdiag finite (SE(3)),True,,233.42298143799417,2.1633855540721564e-05,0.2032556981554806,
keyed,20260818,12,random,30,0,rotated-1,Frame-weighted (SE(3)),True,,0.008370035997359082,9.821570508493641e-05,0.28389101767894576,
keyed,20260818,12,random,30,0,rotated-1,Full operator (SE(3)),True,,0.0016864900098880753,2.3580266304866764e-05,0.14208757066315675,0.9315815999533323
keyed,20260818,12,random,30,0,rotated-1,Pdiag pointwise (SE(3)),True,,0.019928708003135398,9.424438412031291e-05,0.30384947434191384,
keyed,20260818,12,random,30,0,rotated-1,Pdiag finite (SE(3)),True,,213.56303735899564,6.910452370303301e-05,0.26240944892852314,
keyed,20260818,0,random,8,0,rotated-1,Frame-weighted (SE(3)),True,,0.0069917799992254,4.577106916655065e-05,0.63653424850202,
keyed,20260818,0,random,8,0,rotated-1,Full operator (SE(3)),True,,0.0028550699935294688,3.8331147559716925e-07,0.14292858134780384,0.9246411129397516
keyed,20260818,0,random,8,0,rotated-1,Pdiag pointwise (SE(3)),True,,0.01691533600387629,4.038295545866172e-05,0.6302559668674849,
keyed,20260818,0,random,8,0,rotated-1,Pdiag finite (SE(3)),True,,715.302293426008,2.7402215541776277e-05,0.47675678012386186,
keyed,20260818,2,random,8,2,rotated-1,Frame-weighted (SE(3)),True,,0.00793837200035341,7.620807965563087e-05,0.6633775853429138,
keyed,20260818,2,random,8,2,rotated-1,Full operator (SE(3)),True,,0.0023938650119816884,8.803615835574455e-08,0.20801040830931736,0.9374917863743268
keyed,20260818,2,random,8,2,rotated-1,Pdiag pointwise (SE(3)),True,,0.017405499995220453,6.569569734986622e-05,0.7412146155707062,
keyed,20260818,2,random,8,2,rotated-1,Pdiag finite (SE(3)),True,,803.2632612029993,6.383549781075556e-05,0.588020381305231,
keyed,20260818,6,random,15,0,local,Frame-weighted (SE(3)),True,,0.003962567003327422,9.453137703592008e-05,0.2797135413610771,
keyed,20260818,6,random,15,0,local,Full operator (SE(3)),True,,0.0009293289913330227,3.355038926503957e-05,0.28464936688154135,0.9028380784091196
keyed,20260818,6,random,15,0,local,Pdiag pointwise (SE(3)),True,,0.009876053998596035,8.666666177310718e-05,0.6147059664154597,
keyed,20260818,6,random,15,0,local,Pdiag finite (SE(3)),True,,774.4220605129958,2.0965876145985677e-05,0.12344977693903696,
keyed,20260818,13,random,30,1,local,Frame-weighted (SE(3)),True,,0.008674797994899563,8.517766652777376e-05,0.2926280980224694,
keyed,20260818,13,random,30,1,local,Full operator (SE(3)),True,,0.0019234600040363148,3.0745936734923195e-05,0.17819636252160617,0.8836064296201102
keyed,20260818,13,random,30,1,local,Pdiag pointwise (SE(3)),True,,0.021337048994610086,8.143747340359318e-05,0.33083673218275994,
keyed,20260818,13,random,30,1,local,Pdiag finite (SE(3)),True,,328.96912946800876,2.260346290654781e-05,0.1041015129186156,
keyed,20260818,6,random,15,0,rotated-1,Frame-weighted (SE(3)),True,,0.00766748700698372,0.00010516622694866912,0.3245212315881638,
keyed,20260818,6,random,15,0,rotated-1,Full operator (SE(3)),True,,0.0014601119910366833,3.722741639084785e-05,0.17101830225628628,0.9457699515320901
keyed,20260818,6,random,15,0,rotated-1,Pdiag pointwise (SE(3)),True,,0.018018905000644736,0.00010188397279418485,0.6206669590235803,
keyed,20260818,6,random,15,0,rotated-1,Pdiag finite (SE(3)),True,,878.3826856499945,6.47262675545874e-05,0.3842794837748206,
keyed,20260818,1,random,8,1,rotated-1,Frame-weighted (SE(3)),True,,0.007033967995084822,0.00010867473983148944,0.20587193970576967,
keyed,20260818,1,random,8,1,rotated-1,Full operator (SE(3)),True,,0.0026958580128848553,8.63747495511883e-06,0.20995777980904662,0.9434569677398081
keyed,20260818,1,random,8,1,rotated-1,Pdiag pointwise (SE(3)),True,,0.017615817007026635,9.935090225765081e-05,0.5852218279769282,
keyed,20260818,1,random,8,1,rotated-1,Pdiag finite (SE(3)),True,,946.7950679230125,6.92911603783887e-05,0.25426785804928725,
keyed,20260818,14,random,30,2,rotated-1,Frame-weighted (SE(3)),True,,0.0048023999988799915,8.06443300317813e-05,0.31441200834213406,
keyed,20260818,14,random,30,2,rotated-1,Full operator (SE(3)),True,,0.0012295839987928048,9.383624890125594e-06,0.1243262875650612,0.9313929318656449
keyed,20260818,14,random,30,2,rotated-1,Pdiag pointwise (SE(3)),True,,0.010799529001815245,7.784996159444023e-05,0.3486856452007507,
keyed,20260818,14,random,30,2,rotated-1,Pdiag finite (SE(3)),True,,136.99037415799103,5.735952922665862e-05,0.32138225866907677,
keyed,20260818,14,random,30,2,local,Frame-weighted (SE(3)),True,,0.011255988996708766,7.073168904465807e-05,0.1890528781074534,
keyed,20260818,14,random,30,2,local,Full operator (SE(3)),True,,0.001924684998812154,8.36367787144524e-06,0.0949717628143828,0.8849798162778224
keyed,20260818,14,random,30,2,local,Pdiag pointwise (SE(3)),True,,0.02320338699792046,6.705081731910172e-05,0.16653007614512352,
keyed,20260818,14,random,30,2,local,Pdiag finite (SE(3)),True,,171.18574475900095,1.2085130107126287e-05,0.09214731392232825,
keyed,20260818,1,random,8,1,local,Frame-weighted (SE(3)),True,,0.006863971007987857,0.00010104447167343745,0.1678997081564768,
keyed,20260818,1,random,8,1,local,Full operator (SE(3)),True,,0.002548923992435448,9.226902579158664e-06,0.21511383304844633,0.9000105364437119
keyed,20260818,1,random,8,1,local,Pdiag pointwise (SE(3)),True,,0.01693075599905569,9.257599649167237e-05,0.45807774129460377,
keyed,20260818,1,random,8,1,local,Pdiag finite (SE(3)),True,,1021.0946161739994,4.705937044566196e-05,0.11522141810400198,
keyed,20260818,13,random,30,1,rotated-1,Frame-weighted (SE(3)),True,,0.009245834007742815,9.283906311928253e-05,0.3997456492837955,
keyed,20260818,13,random,30,1,rotated-1,Full operator (SE(3)),True,,0.0018833460053429008,3.190046522318901e-05,0.20036861412475745,0.931771303355785
keyed,20260818,13,random,30,1,rotated-1,Pdiag pointwise (SE(3)),True,,0.02022075500281062,8.816685819428739e-05,0.5216288540080896,
keyed,20260818,13,random,30,1,rotated-1,Pdiag finite (SE(3)),True,,523.9407339780009,6.193767289288219e-05,0.2749938483050434,
keyed,20260818,14,random,30,2,rotated-2,Frame-weighted (SE(3)),True,,0.008550390004529618,7.259613746487602e-05,0.20184528473181668,
keyed,20260818,14,random,30,2,rotated-2,Full operator (SE(3)),True,,0.005349744009436108,9.00329880564762e-06,0.1437721709116743,0.9191365473711527
keyed,20260818,14,random,30,2,rotated-2,Pdiag pointwise (SE(3)),True,,0.018633159008459188,7.028492230780544e-05,0.20513987058211722,
keyed,20260818,14,random,30,2,rotated-2,Pdiag finite (SE(3)),True,,260.47497194699827,3.661738589811299e-05,0.19435241869506226,
keyed,20260818,15,qualified,30,0,local,Frame-weighted (SE(3)),True,,0.00448750400391873,7.829238970827614e-05,0.22393308103720774,
keyed,20260818,15,qualified,30,0,local,Full operator (SE(3)),True,,0.0012145740038249642,2.1949627937834545e-05,0.24374843542420432,0.8806664543107748
keyed,20260818,15,qualified,30,0,local,Pdiag pointwise (SE(3)),True,,0.011146185002871789,7.7724005658119e-05,0.2372123119096895,
keyed,20260818,15,qualified,30,0,local,Pdiag finite (SE(3)),True,,253.3794878320041,1.1203023734623725e-05,0.09913474007791068,
keyed,20260818,16,qualified,30,1,rotated-1,Frame-weighted (SE(3)),True,,0.004778667003847659,0.00010452275246300026,0.28100374683187096,
keyed,20260818,16,qualified,30,1,rotated-1,Full operator (SE(3)),True,,0.001620587005163543,2.41038015705574e-05,0.13645984296485938,0.9306120353705065
keyed,20260818,16,qualified,30,1,rotated-1,Pdiag pointwise (SE(3)),True,,0.011639634001767263,0.00010032035802056636,0.29698841888242206,
keyed,20260818,16,qualified,30,1,rotated-1,Pdiag finite (SE(3)),True,,160.94485399399127,7.376816249099877e-05,0.26023917098452554,
keyed,20260818,12,random,30,0,local,Frame-weighted (SE(3)),True,,0.00920023099752143,8.43872093444495e-05,0.16905046996005643,
keyed,20260818,12,random,30,0,local,Full operator (SE(3)),True,,0.0017873540055006742,2.3145881225169156e-05,0.09593827142036329,0.8834262116834463
keyed,20260818,12,random,30,0,local,Pdiag pointwise (SE(3)),True,,0.01988978000008501,8.058681589852767e-05,0.12598220747302813,
keyed,20260818,12,random,30,0,local,Pdiag finite (SE(3)),True,,829.6612432830007,2.6345365881348564e-05,0.10007593379095055,
keyed,20270818,0,random,8,0,local,Frame-weighted (SE(3)),True,,0.003758095990633592,3.945609434786595e-05,0.2919544330172962,
keyed,20270818,0,random,8,0,local,Full operator (SE(3)),True,,0.0027345270063960925,4.904531948098061e-07,0.08789490162181961,0.869494558404175
keyed,20270818,0,random,8,0,local,Pdiag pointwise (SE(3)),True,,0.009730439996928908,3.563534027508646e-05,0.264424199397947,
keyed,20270818,0,random,8,0,local,Pdiag finite (SE(3)),True,,37.07569078299275,3.0737807482782547e-06,0.10474631776382197,
keyed,20260818,15,qualified,30,0,rotated-2,Frame-weighted (SE(3)),True,,0.004521519993431866,7.866175271502841e-05,0.1987261918184298,
keyed,20260818,15,qualified,30,0,rotated-2,Full operator (SE(3)),True,,0.0011171009973622859,2.25969602036784e-05,0.29866151662418056,0.9094177270847146
keyed,20260818,15,qualified,30,0,rotated-2,Pdiag pointwise (SE(3)),True,,0.010562247000052594,7.996579703953515e-05,0.3272671352406447,
keyed,20260818,15,qualified,30,0,rotated-2,Pdiag finite (SE(3)),True,,283.896743573001,3.772032257044885e-05,0.1775232270045868,
keyed,20260818,12,random,30,0,rotated-2,Frame-weighted (SE(3)),True,,0.008498519993736409,8.77191369819159e-05,0.17221420505597282,
keyed,20260818,12,random,30,0,rotated-2,Full operator (SE(3)),True,,0.002146031998563558,2.3901845170759015e-05,0.12153399278468822,0.91610552323489
keyed,20260818,12,random,30,0,rotated-2,Pdiag pointwise (SE(3)),True,,0.02125679400342051,8.448075014088969e-05,0.18183316214344622,
keyed,20260818,12,random,30,0,rotated-2,Pdiag finite (SE(3)),True,,770.1329027369939,5.51114702244733e-05,0.19728145511042827,
keyed,20260818,17,qualified,30,2,rotated-1,Frame-weighted (SE(3)),True,,0.009023488004459068,9.859504147138113e-05,0.20189303925988364,
keyed,20260818,17,qualified,30,2,rotated-1,Full operator (SE(3)),True,,0.0017969959881156683,1.3167382663562495e-05,0.1583588378050833,0.9325611258134774
keyed,20260818,17,qualified,30,2,rotated-1,Pdiag pointwise (SE(3)),True,,0.023453698013327084,9.44071120908006e-05,0.21967468350676558,
keyed,20260818,17,qualified,30,2,rotated-1,Pdiag finite (SE(3)),True,,106.89938316500047,6.306256922835456e-05,0.20693552599640122,
keyed,20260818,9,qualified,15,0,rotated-2,Frame-weighted (SE(3)),True,,0.003968920005718246,0.00012013098580579713,0.20322452340183053,
keyed,20260818,9,qualified,15,0,rotated-2,Full operator (SE(3)),True,,0.0009783830028027296,3.703378487813489e-05,0.19460454630048438,0.9147712025642678
keyed,20260818,9,qualified,15,0,rotated-2,Pdiag pointwise (SE(3)),True,,0.011618024000199512,0.00011651833729653493,0.21554198806086244,
keyed,20260818,9,qualified,15,0,rotated-2,Pdiag finite (SE(3)),True,,1133.7271910150012,8.823622798454395e-05,0.2321093497231703,
keyed,20260818,17,qualified,30,2,local,Frame-weighted (SE(3)),True,,0.0048601930029690266,8.423992530265178e-05,0.1512226084197072,
keyed,20260818,17,qualified,30,2,local,Full operator (SE(3)),True,,0.0012804729922208935,1.2087906357022246e-05,0.09779267888465935,0.8826669203890812
keyed,20260818,17,qualified,30,2,local,Pdiag pointwise (SE(3)),True,,0.01146829999925103,7.977666671902702e-05,0.10058174989954848,
keyed,20260818,17,qualified,30,2,local,Pdiag finite (SE(3)),True,,165.65236343999277,1.6040511705219676e-05,0.10422328041653066,
keyed,20270818,0,random,8,0,rotated-2,Frame-weighted (SE(3)),True,,0.007081773001118563,4.292832288917076e-05,0.4187331702599344,
keyed,20270818,0,random,8,0,rotated-2,Full operator (SE(3)),True,,0.0013348180073080584,5.220302391990898e-07,0.0876077979028,0.90642215161794
keyed,20270818,0,random,8,0,rotated-2,Pdiag pointwise (SE(3)),True,,0.018573781999293715,3.77216332493425e-05,0.45553984429223665,
keyed,20270818,0,random,8,0,rotated-2,Pdiag finite (SE(3)),True,,125.45930840598885,2.512433714804725e-05,0.24216589192538288,
keyed,20260818,17,qualified,30,2,rotated-2,Frame-weighted (SE(3)),True,,0.007495865007513203,8.97767692562333e-05,0.1404222861577784,
keyed,20260818,17,qualified,30,2,rotated-2,Full operator (SE(3)),True,,0.0021162169869057834,1.2722401227727923e-05,0.12172909853525961,0.9178919738031573
keyed,20260818,17,qualified,30,2,rotated-2,Pdiag pointwise (SE(3)),True,,0.018380299996351823,8.333824859339433e-05,0.19221852450611193,
keyed,20260818,17,qualified,30,2,rotated-2,Pdiag finite (SE(3)),True,,257.6065911850019,5.053135275776981e-05,0.20167839154557304,
keyed,20270818,1,random,8,1,rotated-2,Frame-weighted (SE(3)),True,,0.007104355987394229,9.063691860607737e-05,0.19144788717317682,
keyed,20270818,1,random,8,1,rotated-2,Full operator (SE(3)),True,,0.001326286990661174,8.237303132123433e-06,0.17300749158941028,0.9256242544438827
keyed,20270818,1,random,8,1,rotated-2,Pdiag pointwise (SE(3)),True,,0.01809056800266262,8.416081856659807e-05,0.31186897854697165,
keyed,20270818,1,random,8,1,rotated-2,Pdiag finite (SE(3)),True,,140.02747770000133,6.311881622823894e-05,0.15949955471750166,
keyed,20270818,3,qualified,8,0,local,Frame-weighted (SE(3)),True,,0.0038883030065335333,7.198161924135427e-05,0.15858964348599694,
keyed,20270818,3,qualified,8,0,local,Full operator (SE(3)),True,,0.0008847299905028194,8.948515419716705e-08,0.11728201135446616,0.8899197456862524
keyed,20270818,3,qualified,8,0,local,Pdiag pointwise (SE(3)),True,,0.01050606500939466,6.367893026379716e-05,0.2850409131497455,
keyed,20270818,3,qualified,8,0,local,Pdiag finite (SE(3)),True,,44.630831754009705,1.5930702009210682e-06,0.09599253283889739,
keyed,20270818,0,random,8,0,rotated-1,Frame-weighted (SE(3)),True,,0.010110794988577254,4.587145345336871e-05,0.6421470005218862,
keyed,20270818,0,random,8,0,rotated-1,Full operator (SE(3)),True,,0.0027672139985952526,5.144031638246977e-07,0.1423810389989442,0.9245203127762036
keyed,20270818,0,random,8,0,rotated-1,Pdiag pointwise (SE(3)),True,,0.025037773986696266,4.056424595665077e-05,0.6314805030549748,
keyed,20270818,0,random,8,0,rotated-1,Pdiag finite (SE(3)),True,,277.0354510499892,2.752191488597141e-05,0.47857066999333503,
keyed,20270818,2,random,8,2,local,Frame-weighted (SE(3)),True,,0.0038496909983223304,7.400556146154239e-05,0.3766008927194852,
keyed,20270818,2,random,8,2,local,Full operator (SE(3)),True,,0.0008621379965916276,4.034941109205208e-08,0.13240863243162823,0.894433594322745
keyed,20270818,2,random,8,2,local,Pdiag pointwise (SE(3)),True,,0.010303019007551484,6.0809233988980406e-05,0.634195302459846,
keyed,20270818,2,random,8,2,local,Pdiag finite (SE(3)),True,,182.56995228599408,2.720458382091372e-06,0.11110671015487221,
keyed,20270818,4,qualified,8,1,local,Frame-weighted (SE(3)),True,,0.007027097002719529,4.296573309094136e-05,0.16264279218825636,
keyed,20270818,4,qualified,8,1,local,Full operator (SE(3)),True,,0.004679762001615018,1.974476126404645e-07,0.09788407620390444,0.8832871558831706
keyed,20270818,4,qualified,8,1,local,Pdiag pointwise (SE(3)),True,,0.016562563003390096,3.660995749690353e-05,0.19042799845700606,
keyed,20270818,4,qualified,8,1,local,Pdiag finite (SE(3)),True,,18.269868731003953,3.831747853910262e-06,0.10832560596576883,
keyed,20270818,3,qualified,8,0,rotated-1,Frame-weighted (SE(3)),True,,0.007300953002413735,7.851569303466395e-05,0.18319993737274184,
keyed,20270818,3,qualified,8,0,rotated-1,Full operator (SE(3)),True,,0.0015328490117099136,1.1583096728507462e-07,0.1606553568692417,0.9160731711219914
keyed,20270818,3,qualified,8,0,rotated-1,Pdiag pointwise (SE(3)),True,,0.02001011099491734,7.168407132114268e-05,0.28001443468617476,
keyed,20270818,3,qualified,8,0,rotated-1,Pdiag finite (SE(3)),True,,29.9486025889928,3.667943026103408e-05,0.22716199160243739,
keyed,20270818,2,random,8,2,rotated-2,Frame-weighted (SE(3)),True,,0.004015365004306659,7.253378180949973e-05,0.31759466391286195,
keyed,20270818,2,random,8,2,rotated-2,Full operator (SE(3)),True,,0.0010653520002961159,1.3712746389427178e-07,0.1416692605168007,0.9192077758995778
keyed,20270818,2,random,8,2,rotated-2,Pdiag pointwise (SE(3)),True,,0.010710194997955114,6.544296679239334e-05,0.7190401313923728,
keyed,20270818,2,random,8,2,rotated-2,Pdiag finite (SE(3)),True,,98.75609419199463,1.2505418572147213e-05,0.18002755846575821,
keyed,20270818,1,random,8,1,local,Frame-weighted (SE(3)),True,,0.006949075002921745,9.189888401676549e-05,0.16500052592670172,
keyed,20270818,1,random,8,1,local,Full operator (SE(3)),True,,0.0012606230011442676,7.948968238971983e-06,0.22601305166628918,0.892101240430665
keyed,20270818,1,random,8,1,local,Pdiag pointwise (SE(3)),True,,0.017490932004875503,8.510140361915407e-05,0.3787036743226484,
keyed,20270818,1,random,8,1,local,Pdiag finite (SE(3)),True,,272.17669168701104,3.91199692909029e-05,0.11074558229762987,
keyed,20270818,4,qualified,8,1,rotated-2,Frame-weighted (SE(3)),True,,0.008003709997865371,4.2019116399120836e-05,0.14750538935296664,
keyed,20270818,4,qualified,8,1,rotated-2,Full operator (SE(3)),True,,0.0014905310090398416,1.8142779156741462e-07,0.13269296557086865,0.9296837394682225
keyed,20270818,4,qualified,8,1,rotated-2,Pdiag pointwise (SE(3)),True,,0.019921234998037107,3.2939872081408604e-05,0.3121589648987295,
keyed,20270818,4,qualified,8,1,rotated-2,Pdiag finite (SE(3)),True,,42.91370429500239,2.329130364807936e-05,0.30274533074936716,
keyed,20270818,4,qualified,8,1,rotated-1,Frame-weighted (SE(3)),True,,0.003741371998330578,4.770560520759306e-05,0.18589896813689652,
keyed,20270818,4,qualified,8,1,rotated-1,Full operator (SE(3)),True,,0.0008436970092589036,2.789672549757524e-07,0.1617609791446582,0.9322755348994738
keyed,20270818,4,qualified,8,1,rotated-1,Pdiag pointwise (SE(3)),True,,0.009845542997936718,3.85056736012315e-05,0.36756361746559957,
keyed,20270818,4,qualified,8,1,rotated-1,Pdiag finite (SE(3)),True,,56.813160012010485,2.438369366879138e-05,0.22656000267649914,
keyed,20270818,1,random,8,1,rotated-1,Frame-weighted (SE(3)),True,,0.00720994699804578,9.958252407310635e-05,0.2035856185000964,
keyed,20270818,1,random,8,1,rotated-1,Full operator (SE(3)),True,,0.0012554690038086846,7.212580253073509e-06,0.2606862882720857,0.9365302156021355
keyed,20270818,1,random,8,1,rotated-1,Pdiag pointwise (SE(3)),True,,0.017908371999510564,9.174958885871046e-05,0.5212508119390735,
keyed,20270818,1,random,8,1,rotated-1,Pdiag finite (SE(3)),True,,305.9000891390024,6.178211636438437e-05,0.25782811082224816,
keyed,20270818,2,random,8,2,rotated-1,Frame-weighted (SE(3)),True,,0.00712163899152074,7.919367198655741e-05,0.6739519394285534,
keyed,20270818,2,random,8,2,rotated-1,Full operator (SE(3)),True,,0.0013344710023375228,8.021744956749252e-08,0.2426293850340757,0.9396621518936545
keyed,20270818,2,random,8,2,rotated-1,Pdiag pointwise (SE(3)),True,,0.018134625992388465,6.842887186111068e-05,0.7573607685493183,
keyed,20270818,2,random,8,2,rotated-1,Pdiag finite (SE(3)),True,,246.28072392700415,6.676438646193622e-05,0.5832101710077886,
keyed,20270818,5,qualified,8,2,local,Frame-weighted (SE(3)),True,,0.004083092993823811,5.762723758841795e-05,0.1568853297152051,
keyed,20270818,5,qualified,8,2,local,Full operator (SE(3)),True,,0.0010494120069779456,8.241366346189258e-08,0.9944668849175217,0.9206632439529708
keyed,20270818,5,qualified,8,2,local,Pdiag pointwise (SE(3)),True,,0.010350099997594953,5.225294064264185e-05,0.1345344109677517,
keyed,20270818,5,qualified,8,2,local,Pdiag finite (SE(3)),True,,95.01742532200296,1.7936099109766858e-06,0.10579050180154488,
keyed,20270818,5,qualified,8,2,rotated-1,Frame-weighted (SE(3)),True,,0.003914177999831736,8.402803682986941e-05,0.35687611769609257,
keyed,20270818,5,qualified,8,2,rotated-1,Full operator (SE(3)),True,,0.000852300989208743,7.777915457089902e-08,1.2830774716186777,0.9178952800548336
keyed,20270818,5,qualified,8,2,rotated-1,Pdiag pointwise (SE(3)),True,,0.009892831003526226,7.799892063328153e-05,0.5712220925749444,
keyed,20270818,5,qualified,8,2,rotated-1,Pdiag finite (SE(3)),True,,96.59772169799544,3.74849083083704e-05,0.350983013039445,
keyed,20270818,5,qualified,8,2,rotated-2,Frame-weighted (SE(3)),True,,0.00384050898719579,6.464840602780736e-05,0.13652329704916952,
keyed,20270818,5,qualified,8,2,rotated-2,Full operator (SE(3)),True,,0.0008812430023681372,2.8936533106286663e-07,4.755416666639058,0.9000059146971431
keyed,20270818,5,qualified,8,2,rotated-2,Pdiag pointwise (SE(3)),True,,0.00997548499435652,5.767166171599695e-05,0.23973280635711494,
keyed,20270818,5,qualified,8,2,rotated-2,Pdiag finite (SE(3)),True,,170.78840953599138,2.623088942504807e-05,0.18717007843155395,
keyed,20260818,10,qualified,15,1,rotated-1,Frame-weighted (SE(3)),True,,0.004284227004973218,5.621698857486965e-05,0.3312576562190077,
keyed,20260818,10,qualified,15,1,rotated-1,Full operator (SE(3)),True,,0.0010960590007016435,1.530991829150768e-06,0.14191495610585594,0.9290954614216024
keyed,20260818,10,qualified,15,1,rotated-1,Pdiag pointwise (SE(3)),True,,0.01083002399536781,5.3590002968211126e-05,0.36019784487695605,
keyed,20260818,10,qualified,15,1,rotated-1,Pdiag finite (SE(3)),True,,1544.783497714001,3.2188334314628035e-05,0.22075970985624527,
keyed,20270818,7,random,15,1,local,Frame-weighted (SE(3)),True,,0.003939453992643394,8.526357825157893e-05,0.34525596210338694,
keyed,20270818,7,random,15,1,local,Full operator (SE(3)),True,,0.0009483680041739717,4.091936692749265e-05,0.22837376859898104,0.8892305668555817
keyed,20270818,7,random,15,1,local,Pdiag pointwise (SE(3)),True,,0.010048206997453235,8.249031050628876e-05,0.5154805751074354,
keyed,20270818,7,random,15,1,local,Pdiag finite (SE(3)),True,,121.12102539799525,3.122078476856217e-05,0.09627391644023116,
keyed,20270818,7,random,15,1,rotated-1,Frame-weighted (SE(3)),True,,0.003968333010561764,9.420964060485069e-05,0.4879006551665075,
keyed,20270818,7,random,15,1,rotated-1,Full operator (SE(3)),True,,0.0008996980031952262,4.2593211236858257e-05,0.23731326909222905,0.935593013826744
keyed,20270818,7,random,15,1,rotated-1,Pdiag pointwise (SE(3)),True,,0.010256039997329935,9.018908588243455e-05,0.6762219098978917,
keyed,20270818,7,random,15,1,rotated-1,Pdiag finite (SE(3)),True,,167.2121736130066,5.5356058270843056e-05,0.34393322802811344,
keyed,20260818,13,random,30,1,rotated-2,Frame-weighted (SE(3)),True,,0.0052489730005618185,8.841386413943486e-05,0.3174347449009797,
keyed,20260818,13,random,30,1,rotated-2,Full operator (SE(3)),True,,0.0015188410034170374,3.223410181060823e-05,0.21793701905504737,0.9214803383931821
keyed,20260818,13,random,30,1,rotated-2,Pdiag pointwise (SE(3)),True,,0.011669622006593272,8.920282245016516e-05,0.4006996147767494,
keyed,20260818,13,random,30,1,rotated-2,Pdiag finite (SE(3)),True,,1125.0524928240047,5.367078897101475e-05,0.2562075724500496,
keyed,20270818,3,qualified,8,0,rotated-2,Frame-weighted (SE(3)),True,,0.007194671998149715,7.499602946341867e-05,0.15756522876836465,
keyed,20270818,3,qualified,8,0,rotated-2,Full operator (SE(3)),True,,0.0013788740034215152,1.2897230833884606e-07,0.2534813516209602,0.9410191335732253
keyed,20270818,3,qualified,8,0,rotated-2,Pdiag pointwise (SE(3)),True,,0.018250730994623154,6.789139440577851e-05,0.41191654580779413,
keyed,20270818,3,qualified,8,0,rotated-2,Pdiag finite (SE(3)),True,,335.32471302800695,3.03607353717723e-05,0.3880568086109019,
keyed,20270818,6,random,15,0,rotated-1,Frame-weighted (SE(3)),True,,0.004162730998359621,0.00010850619089795109,0.2959280572245649,
keyed,20270818,6,random,15,0,rotated-1,Full operator (SE(3)),True,,0.001036661007674411,3.633453808546704e-05,0.16051246202054983,0.9273059407858061
keyed,20270818,6,random,15,0,rotated-1,Pdiag pointwise (SE(3)),True,,0.010491734006791376,0.00010147480092567588,0.5770723444574555,
keyed,20270818,6,random,15,0,rotated-1,Pdiag finite (SE(3)),True,,302.5786641529994,7.455859600281249e-05,0.3453656617671687,
keyed,20270818,8,random,15,2,local,Frame-weighted (SE(3)),True,,0.003918275004252791,7.902582893114836e-05,0.13152437779072854,
keyed,20270818,8,random,15,2,local,Full operator (SE(3)),True,,0.0009087890066439286,1.0936498885743072e-05,0.10728545939091141,0.8890116742739366
keyed,20270818,8,random,15,2,local,Pdiag pointwise (SE(3)),True,,0.009845385007793084,7.391101120929168e-05,0.1524486814014808,
keyed,20270818,8,random,15,2,local,Pdiag finite (SE(3)),True,,151.03292465499544,2.2338511262785964e-05,0.10775357587842943,
keyed,20270818,8,random,15,2,rotated-1,Frame-weighted (SE(3)),True,,0.007782126995152794,9.359583795151911e-05,0.21705616322066476,
keyed,20270818,8,random,15,2,rotated-1,Full operator (SE(3)),True,,0.0015442450094269589,1.026742055907825e-05,0.16090243642942578,0.9346099417296903
keyed,20270818,8,random,15,2,rotated-1,Pdiag pointwise (SE(3)),True,,0.0195297590107657,9.049762543569194e-05,0.22634080597547496,
keyed,20270818,8,random,15,2,rotated-1,Pdiag finite (SE(3)),True,,150.15266391100886,6.0679231661092124e-05,0.21550801208316367,
keyed,20270818,9,qualified,15,0,rotated-1,Frame-weighted (SE(3)),True,,0.004039904990349896,0.00010339549026429815,0.3010771637366018,
keyed,20270818,9,qualified,15,0,rotated-1,Full operator (SE(3)),True,,0.0009430350037291646,9.077138466508289e-06,0.16569637857086186,0.9341314081104919
keyed,20270818,9,qualified,15,0,rotated-1,Pdiag pointwise (SE(3)),True,,0.010251825995510444,9.97888549061461e-05,0.30909489598837436,
keyed,20270818,9,qualified,15,0,rotated-1,Pdiag finite (SE(3)),True,,69.57581966399448,6.308517606946936e-05,0.246714972771783,
keyed,20270818,9,qualified,15,0,local,Frame-weighted (SE(3)),True,,0.007248629990499467,9.085104073447432e-05,0.1646897546978802,
keyed,20270818,9,qualified,15,0,local,Full operator (SE(3)),True,,0.0013877750025130808,9.227128157398209e-06,0.12539280610539932,0.8863547003751577
keyed,20270818,9,qualified,15,0,local,Pdiag pointwise (SE(3)),True,,0.0178647699940484,8.540508077326384e-05,0.14675384828049806,
keyed,20270818,9,qualified,15,0,local,Pdiag finite (SE(3)),True,,83.9257330489927,2.1623065115040248e-05,0.10145101623757072,
keyed,20270818,8,random,15,2,rotated-2,Frame-weighted (SE(3)),True,,0.007136621992685832,8.136943041654705e-05,0.1319223063874434,
keyed,20270818,8,random,15,2,rotated-2,Full operator (SE(3)),True,,0.0013751259975833818,1.0869040900588584e-05,0.1289116193331794,0.9300111733099252
keyed,20270818,8,random,15,2,rotated-2,Pdiag pointwise (SE(3)),True,,0.01798419999249745,7.673188682815438e-05,0.18303161286449213,
keyed,20270818,8,random,15,2,rotated-2,Pdiag finite (SE(3)),True,,120.4083979279967,4.743321939352341e-05,0.1836201795197106,
keyed,20270818,10,qualified,15,1,local,Frame-weighted (SE(3)),True,,0.0039037420065142214,4.9085090039724695e-05,0.19750058564519535,
keyed,20270818,10,qualified,15,1,local,Full operator (SE(3)),True,,0.0009562870109220967,9.75723430197385e-07,0.08413893960274302,0.8785347877738227
keyed,20270818,10,qualified,15,1,local,Pdiag pointwise (SE(3)),True,,0.010384592998889275,4.614215578995849e-05,0.14171779151409333,
keyed,20270818,10,qualified,15,1,local,Pdiag finite (SE(3)),True,,68.28276787600771,2.6815576385965252e-06,0.10062442755250421,
keyed,20270818,11,qualified,15,2,rotated-1,Frame-weighted (SE(3)),True,,0.003896994996466674,5.107595557887583e-05,0.30217118677176796,
keyed,20270818,11,qualified,15,2,rotated-1,Full operator (SE(3)),True,,0.0009303369879489765,2.002927524918315e-06,0.15991048393074128,0.9302903535369597
keyed,20270818,11,qualified,15,2,rotated-1,Pdiag pointwise (SE(3)),True,,0.009825371002079919,4.8585871991357786e-05,0.2785008949767232,
keyed,20270818,11,qualified,15,2,rotated-1,Pdiag finite (SE(3)),True,,27.638199071006966,2.7353435962782528e-05,0.2148354835793475,
keyed,20270818,10,qualified,15,1,rotated-2,Frame-weighted (SE(3)),True,,0.0038971960020717233,5.0909815086078455e-05,0.2069163164888085,
keyed,20270818,10,qualified,15,1,rotated-2,Full operator (SE(3)),True,,0.0009576280135661364,1.297819004174167e-06,0.10628802256167272,0.9166902897329925
keyed,20270818,10,qualified,15,1,rotated-2,Pdiag pointwise (SE(3)),True,,0.010027172989794053,4.8318675234761606e-05,0.22390580389686326,
keyed,20270818,10,qualified,15,1,rotated-2,Pdiag finite (SE(3)),True,,58.58036860599532,2.693639558872541e-05,0.2570434758710513,
keyed,20270818,11,qualified,15,2,local,Frame-weighted (SE(3)),True,,0.0040465909987688065,4.623089923364645e-05,0.2188534797834744,
keyed,20270818,11,qualified,15,2,local,Full operator (SE(3)),True,,0.0009387129975948483,1.6201363867860345e-06,0.08966590199151772,0.8807075117944975
keyed,20270818,11,qualified,15,2,local,Pdiag pointwise (SE(3)),True,,0.010458429998834617,4.094441617492491e-05,0.22561670021420524,
keyed,20270818,11,qualified,15,2,local,Pdiag finite (SE(3)),True,,54.90158203900501,2.876594861468198e-06,0.0918745687690686,
keyed,20270818,9,qualified,15,0,rotated-2,Frame-weighted (SE(3)),True,,0.007283509999979287,9.364416620134822e-05,0.1725218621989976,
keyed,20270818,9,qualified,15,0,rotated-2,Full operator (SE(3)),True,,0.0014237249997677281,9.653559873779276e-06,0.1874261865341383,0.9117411172189057
keyed,20270818,9,qualified,15,0,rotated-2,Pdiag pointwise (SE(3)),True,,0.018403992988169193,8.997070961830363e-05,0.1883512966395812,
keyed,20270818,9,qualified,15,0,rotated-2,Pdiag finite (SE(3)),True,,110.85151101999509,6.077734300347548e-05,0.22325376752828266,
keyed,20260818,16,qualified,30,1,local,Frame-weighted (SE(3)),True,,0.004315903002861887,9.157690833710805e-05,0.16792289147842782,
keyed,20260818,16,qualified,30,1,local,Full operator (SE(3)),True,,0.0012010499922325835,2.325552679690442e-05,0.09621236320582784,0.8822632889442684
keyed,20260818,16,qualified,30,1,local,Pdiag pointwise (SE(3)),True,,0.010774984999443404,8.506797151371585e-05,0.1814990521018478,
keyed,20260818,16,qualified,30,1,local,Pdiag finite (SE(3)),True,,1038.4848118310038,2.613956682546049e-05,0.09801546142853192,
keyed,20270818,13,random,30,1,local,Frame-weighted (SE(3)),True,,0.008441954996669665,7.965103746091921e-05,0.2991458132136854,
keyed,20270818,13,random,30,1,local,Full operator (SE(3)),True,,0.0017116019880631939,2.2517523930831396e-05,0.1409196422368613,0.8832733722562748
keyed,20270818,13,random,30,1,local,Pdiag pointwise (SE(3)),True,,0.021540253001148812,7.52764498695902e-05,0.285800781018593,
keyed,20270818,13,random,30,1,local,Pdiag finite (SE(3)),True,,92.6636805379967,1.9130702260208574e-05,0.09615953736874668,
keyed,20270818,10,qualified,15,1,rotated-1,Frame-weighted (SE(3)),True,,0.007037919000140391,5.758260577048794e-05,0.33005722521838704,
keyed,20270818,10,qualified,15,1,rotated-1,Full operator (SE(3)),True,,0.004876934006460942,1.5018437149520357e-06,0.13941880253857528,0.9285123783826194
keyed,20270818,10,qualified,15,1,rotated-1,Pdiag pointwise (SE(3)),True,,0.010282251008902676,5.488834276216669e-05,0.35809944481511063,
keyed,20270818,10,qualified,15,1,rotated-1,Pdiag finite (SE(3)),True,,215.71305381300044,3.294501668861515e-05,0.2126808720543254,
keyed,20270818,12,random,30,0,rotated-2,Frame-weighted (SE(3)),True,,0.007875906987464987,7.486201838344433e-05,0.1567771993543974,
keyed,20270818,12,random,30,0,rotated-2,Full operator (SE(3)),True,,0.0015633319999324158,1.0322283124676265e-05,0.12247122290606192,0.9159146630587277
keyed,20270818,12,random,30,0,rotated-2,Pdiag pointwise (SE(3)),True,,0.018330550999962725,7.152866381237982e-05,0.16964637016731457,
keyed,20270818,12,random,30,0,rotated-2,Pdiag finite (SE(3)),True,,157.34153607100598,4.1536409260483186e-05,0.18862407585257193,
keyed,20270818,12,random,30,0,local,Frame-weighted (SE(3)),True,,0.00437650601088535,7.171671479789697e-05,0.15875200363225261,
keyed,20270818,12,random,30,0,local,Full operator (SE(3)),True,,0.0011185579933226109,9.700810719114204e-06,0.09830496577926937,0.8847903165549094
keyed,20270818,12,random,30,0,local,Pdiag pointwise (SE(3)),True,,0.010336671999539249,6.789914715368406e-05,0.12135913221069496,
keyed,20270818,12,random,30,0,local,Pdiag finite (SE(3)),True,,175.62171524600126,1.2649228310768166e-05,0.09912682571729575,
keyed,20260818,16,qualified,30,1,rotated-2,Frame-weighted (SE(3)),True,,0.004382279003039002,9.385850903903398e-05,0.17420496934805524,
keyed,20260818,16,qualified,30,1,rotated-2,Full operator (SE(3)),True,,0.0011278379970462993,2.3909146609304006e-05,0.13134215286024883,0.9237515910020204
keyed,20260818,16,qualified,30,1,rotated-2,Pdiag pointwise (SE(3)),True,,0.010698912999941967,9.026653416065818e-05,0.19817607473235066,
keyed,20260818,16,qualified,30,1,rotated-2,Pdiag finite (SE(3)),True,,1012.5589356919954,5.370330635223107e-05,0.19629487837851634,
keyed,20270818,12,random,30,0,rotated-1,Frame-weighted (SE(3)),True,,0.007582199003081769,8.579007155798022e-05,0.29130871907189815,
keyed,20270818,12,random,30,0,rotated-1,Full operator (SE(3)),True,,0.0030705099925398827,1.0046170115361003e-05,0.15218256484223316,0.9334669688755617
keyed,20270818,12,random,30,0,rotated-1,Pdiag pointwise (SE(3)),True,,0.01826885600166861,8.18480435246969e-05,0.30800974030761125,
keyed,20270818,12,random,30,0,rotated-1,Pdiag finite (SE(3)),True,,215.4362548420031,5.619578152520893e-05,0.26956408801552756,
keyed,20260818,7,random,15,1,rotated-1,Frame-weighted (SE(3)),True,,0.007487547001801431,0.00011039151947981537,0.49084072664337536,
keyed,20260818,7,random,15,1,rotated-1,Full operator (SE(3)),True,,0.0014895849890308455,5.152596503266315e-05,0.410947828875254,0.9438296984696857
keyed,20260818,7,random,15,1,rotated-1,Pdiag pointwise (SE(3)),True,,0.018185017004725523,0.00010983479922946275,0.8049233111984561,
keyed,20260818,7,random,15,1,rotated-1,Pdiag finite (SE(3)),True,,2183.0666816930025,6.700451868850188e-05,0.34183209172908136,
keyed,20260818,15,qualified,30,0,rotated-1,Frame-weighted (SE(3)),True,,0.008739010998397134,8.884499086177995e-05,0.3737746595070173,
keyed,20260818,15,qualified,30,0,rotated-1,Full operator (SE(3)),True,,0.004689919005613774,2.29267188187658e-05,0.23679631566697282,0.9351617222627909
keyed,20260818,15,qualified,30,0,rotated-1,Pdiag pointwise (SE(3)),True,,0.02015475300140679,8.741033153970874e-05,0.4458708854170277,
keyed,20260818,15,qualified,30,0,rotated-1,Pdiag finite (SE(3)),True,,1313.3111312410037,5.6989832026926434e-05,0.3523487658745326,
keyed,20260818,7,random,15,1,local,Frame-weighted (SE(3)),True,,0.004301811990444548,0.00010197909526591752,0.3630680709517946,
keyed,20260818,7,random,15,1,local,Full operator (SE(3)),True,,0.0035684300091816112,5.009517576454666e-05,0.3718709017011614,0.9053743552681032
keyed,20260818,7,random,15,1,local,Pdiag pointwise (SE(3)),True,,0.01026742800604552,0.0001002258972859786,0.6403613677947704,
keyed,20260818,7,random,15,1,local,Pdiag finite (SE(3)),True,,2215.8460062380036,4.028974402746935e-05,0.10830472918838273,
keyed,20270818,11,qualified,15,2,rotated-2,Frame-weighted (SE(3)),True,,0.007244394000736065,5.0323151179741576e-05,0.2744288997027924,
keyed,20270818,11,qualified,15,2,rotated-2,Full operator (SE(3)),True,,0.0014169670030241832,2.184934015032434e-06,0.11297010973653329,0.9221048143045223
keyed,20270818,11,qualified,15,2,rotated-2,Pdiag pointwise (SE(3)),True,,0.018248737003887072,4.5213043528770787e-05,0.3595305754083932,
keyed,20270818,11,qualified,15,2,rotated-2,Pdiag finite (SE(3)),True,,309.3625360369915,2.2999957663207657e-05,0.202421874693049,
keyed,20270818,14,random,30,2,local,Frame-weighted (SE(3)),True,,0.008106909997877665,6.342171900044832e-05,0.17164101631481718,
keyed,20270818,14,random,30,2,local,Full operator (SE(3)),True,,0.0016339739959221333,1.7204176317224437e-06,0.08076421701645962,0.8827144220735771
keyed,20270818,14,random,30,2,local,Pdiag pointwise (SE(3)),True,,0.018723343004239723,5.967230146929195e-05,0.15253925520621,
keyed,20270818,14,random,30,2,local,Pdiag finite (SE(3)),True,,165.2023663380096,3.1706520633872087e-06,0.09077417337494487,
keyed,20270818,14,random,30,2,rotated-2,Frame-weighted (SE(3)),True,,0.0049803340079961345,6.496511240032779e-05,0.17229681812481837,
keyed,20270818,14,random,30,2,rotated-2,Full operator (SE(3)),True,,0.0013654719950864092,2.3325950838545656e-06,0.1098484886501816,0.9173719420716911
keyed,20270818,14,random,30,2,rotated-2,Pdiag pointwise (SE(3)),True,,0.011267148991464637,6.290959033107538e-05,0.16675999840774924,
keyed,20270818,14,random,30,2,rotated-2,Pdiag finite (SE(3)),True,,150.5732348950114,2.7856033970161325e-05,0.18057182892342571,
keyed,20270818,15,qualified,30,0,local,Frame-weighted (SE(3)),True,,0.008695073003764264,8.240705901537013e-05,0.23694331467823754,
keyed,20270818,15,qualified,30,0,local,Full operator (SE(3)),True,,0.01668100898677949,2.367454229622589e-05,0.19771669865597577,0.8844953409976931
keyed,20270818,15,qualified,30,0,local,Pdiag pointwise (SE(3)),True,,0.01827957200293895,8.093769312848354e-05,0.20743637142663984,
keyed,20270818,15,qualified,30,0,local,Pdiag finite (SE(3)),True,,152.8046966339898,1.780184142793525e-05,0.09464512605622716,
keyed,20270818,7,random,15,1,rotated-2,Frame-weighted (SE(3)),True,,0.007057194001390599,8.571546622924891e-05,0.36437979343087323,
keyed,20270818,7,random,15,1,rotated-2,Full operator (SE(3)),True,,0.002837994004948996,3.779390395931761e-05,0.33858894159007724,0.9212191067201227
keyed,20270818,7,random,15,1,rotated-2,Pdiag pointwise (SE(3)),True,,0.017763708005077206,8.850688139392265e-05,0.5651808876776604,
keyed,20270818,7,random,15,1,rotated-2,Pdiag finite (SE(3)),True,,589.6791632340028,5.676151799450144e-05,0.30098813448827544,
keyed,20260818,7,random,15,1,rotated-2,Frame-weighted (SE(3)),True,,0.003925906014046632,0.00010094728640046002,0.30884232114859134,
keyed,20260818,7,random,15,1,rotated-2,Full operator (SE(3)),True,,0.0009589810069883242,4.6781926029168906e-05,0.46204490883651467,0.9271312377315526
keyed,20260818,7,random,15,1,rotated-2,Pdiag pointwise (SE(3)),True,,0.01000190299237147,0.0001058337384258442,0.6872335868414703,
keyed,20260818,7,random,15,1,rotated-2,Pdiag finite (SE(3)),True,,2278.6630890810047,6.633285635727456e-05,0.30819213405687734,
keyed,20270818,15,qualified,30,0,rotated-1,Frame-weighted (SE(3)),True,,0.00430872300057672,9.304864462042824e-05,0.37467553837401896,
keyed,20270818,15,qualified,30,0,rotated-1,Full operator (SE(3)),True,,0.0012804680009139702,2.4485117379927992e-05,0.2128937524914571,0.9329567991457777
keyed,20270818,15,qualified,30,0,rotated-1,Pdiag pointwise (SE(3)),True,,0.010873763007111847,9.018950173714113e-05,0.41316801797439295,
keyed,20270818,15,qualified,30,0,rotated-1,Pdiag finite (SE(3)),True,,160.08656752599927,6.063753303818209e-05,0.26598450065025897,
keyed,20270818,17,qualified,30,2,rotated-1,Frame-weighted (SE(3)),True,,0.008147280997945927,9.676880228668632e-05,0.19155439560292034,
keyed,20270818,17,qualified,30,2,rotated-1,Full operator (SE(3)),True,,0.0016788499924587086,1.082503331772535e-05,0.148648046656245,0.9325858212592721
keyed,20270818,17,qualified,30,2,rotated-1,Pdiag pointwise (SE(3)),True,,0.019057735000387765,9.266116893148595e-05,0.20830356275047868,
keyed,20270818,17,qualified,30,2,rotated-1,Pdiag finite (SE(3)),True,,127.38695602401276,6.100047565678087e-05,0.2005231617418899,
keyed,20260818,6,random,15,0,rotated-2,Frame-weighted (SE(3)),True,,0.004212667001411319,9.64600170012103e-05,0.22493591704012583,
keyed,20260818,6,random,15,0,rotated-2,Full operator (SE(3)),True,,0.001382394999382086,2.857841899458916e-05,0.4879429414389425,0.9226833566946353
keyed,20260818,6,random,15,0,rotated-2,Pdiag pointwise (SE(3)),True,,0.009850453003309667,8.463230357424293e-05,1.1612306138847017,
keyed,20260818,6,random,15,0,rotated-2,Pdiag finite (SE(3)),True,,2394.6450164660055,4.303704363538372e-05,0.32578971191335865,
keyed,20280818,0,random,8,0,rotated-2,Frame-weighted (SE(3)),True,,0.013281445993925445,4.449407209916204e-05,0.41412096658178327,
keyed,20280818,0,random,8,0,rotated-2,Full operator (SE(3)),True,,0.0037779770063934848,8.264777806797135e-08,0.08684931239056544,0.9087596995941093
keyed,20280818,0,random,8,0,rotated-2,Pdiag pointwise (SE(3)),True,,0.01303890100098215,3.8738546780631135e-05,0.4629388787275218,
keyed,20280818,0,random,8,0,rotated-2,Pdiag finite (SE(3)),True,,103.70736692499486,2.5625539112839616e-05,0.23552877017647872,
keyed,20270818,14,random,30,2,rotated-1,Frame-weighted (SE(3)),True,,0.0042913770012091845,7.373412641801436e-05,0.31603624316114076,
keyed,20270818,14,random,30,2,rotated-1,Full operator (SE(3)),True,,0.0029972999909659848,2.68213388598273e-06,0.13500041211221553,0.9312620820986232
keyed,20270818,14,random,30,2,rotated-1,Pdiag pointwise (SE(3)),True,,0.010317950989701785,7.066778141003374e-05,0.36121263015376737,
keyed,20270818,14,random,30,2,rotated-1,Pdiag finite (SE(3)),True,,329.76568938899436,4.9684993989613716e-05,0.3269105563082896,
keyed,20270818,16,qualified,30,1,local,Frame-weighted (SE(3)),True,,0.00878431300225202,7.902749750580451e-05,0.15214576452786732,
keyed,20270818,16,qualified,30,1,local,Full operator (SE(3)),True,,0.00220368399459403,9.215196152863846e-06,0.09677875673011915,0.8802664502316596
keyed,20270818,16,qualified,30,1,local,Pdiag pointwise (SE(3)),True,,0.019666205000248738,7.226336960048991e-05,0.1703531577967166,
keyed,20270818,16,qualified,30,1,local,Pdiag finite (SE(3)),True,,215.7703588699951,1.2897942793064482e-05,0.09067000888197521,
keyed,20270818,17,qualified,30,2,local,Frame-weighted (SE(3)),True,,0.00444000399147626,8.226785157750193e-05,0.14560750114843482,
keyed,20270818,17,qualified,30,2,local,Full operator (SE(3)),True,,0.0012314339983277023,9.848328849943444e-06,0.09290170053684062,0.8827058665021071
keyed,20270818,17,qualified,30,2,local,Pdiag pointwise (SE(3)),True,,0.010260623006615788,7.770673692663913e-05,0.09701063533665792,
keyed,20270818,17,qualified,30,2,local,Pdiag finite (SE(3)),True,,199.41236073699838,1.3316703874074681e-05,0.09975451250712988,
keyed,20270818,6,random,15,0,rotated-2,Frame-weighted (SE(3)),True,,0.007025772996712476,0.00010212620322800238,0.2941888265113776,
keyed,20270818,6,random,15,0,rotated-2,Full operator (SE(3)),True,,0.0013239029940450564,2.9827230012316594e-05,0.4054274837964515,0.9141017543034149
keyed,20270818,6,random,15,0,rotated-2,Pdiag pointwise (SE(3)),True,,0.017846727001597174,8.530235387123183e-05,1.099791167020699,
keyed,20270818,6,random,15,0,rotated-2,Pdiag finite (SE(3)),True,,885.0419577739958,5.445753784698753e-05,0.31021279357676546,
keyed,20280818,0,random,8,0,local,Frame-weighted (SE(3)),True,,0.016018510999856517,4.119293391556798e-05,0.29968772794298076,
keyed,20280818,0,random,8,0,local,Full operator (SE(3)),True,,0.0014275889989221469,6.304888391858043e-08,0.11973141113771936,0.8753467555745693
keyed,20280818,0,random,8,0,local,Pdiag pointwise (SE(3)),True,,0.018263708989252336,3.6843039778091424e-05,0.2811390877458903,
keyed,20280818,0,random,8,0,local,Pdiag finite (SE(3)),True,,161.30712174100336,3.4124193654288883e-06,0.10849923680994396,
keyed,20280818,1,random,8,1,rotated-2,Frame-weighted (SE(3)),True,,0.0037559949996648356,5.564459671085562e-05,0.12715200337290966,
keyed,20280818,1,random,8,1,rotated-2,Full operator (SE(3)),True,,0.0009154200088232756,3.1876406459481366e-06,0.15161683542623233,0.9176729442915715
keyed,20280818,1,random,8,1,rotated-2,Pdiag pointwise (SE(3)),True,,0.00982551000197418,5.2526793852422165e-05,0.15941162053825073,
keyed,20280818,1,random,8,1,rotated-2,Pdiag finite (SE(3)),True,,45.8183825629967,2.987400166628743e-05,0.16950280938542003,
keyed,20280818,2,random,8,2,local,Frame-weighted (SE(3)),True,,0.003887703991495073,7.265127767162905e-05,0.37145182539592453,
keyed,20280818,2,random,8,2,local,Full operator (SE(3)),True,,0.0008799599891062826,1.0397579069151188e-07,0.18536965728294916,0.8924306705710945
keyed,20280818,2,random,8,2,local,Pdiag pointwise (SE(3)),True,,0.010135035001439974,6.084197372005921e-05,0.579553269932724,
keyed,20280818,2,random,8,2,local,Pdiag finite (SE(3)),True,,45.419733653005096,3.176799557324469e-06,0.0872288698325357,
keyed,20270818,13,random,30,1,rotated-2,Frame-weighted (SE(3)),True,,0.004330444993684068,8.370833973692324e-05,0.35839194386428774,
keyed,20270818,13,random,30,1,rotated-2,Full operator (SE(3)),True,,0.0057065290020545945,2.4211997487836747e-05,0.19403527786707228,0.9222570615707659
keyed,20270818,13,random,30,1,rotated-2,Pdiag pointwise (SE(3)),True,,0.011175485007697716,8.349850422349087e-05,0.36716671422103303,
keyed,20270818,13,random,30,1,rotated-2,Pdiag finite (SE(3)),True,,417.8226264559926,5.127101532634512e-05,0.25127904628806297,
keyed,20280818,2,random,8,2,rotated-2,Frame-weighted (SE(3)),True,,0.003973946993937716,7.172149428174716e-05,0.34179296169108164,
keyed,20280818,2,random,8,2,rotated-2,Full operator (SE(3)),True,,0.0008998630073620006,2.200271271147021e-07,0.22620484720496156,0.9164848405316367
keyed,20280818,2,random,8,2,rotated-2,Pdiag pointwise (SE(3)),True,,0.010016985004767776,6.517142251733422e-05,0.7203774172649182,
keyed,20280818,2,random,8,2,rotated-2,Pdiag finite (SE(3)),True,,35.85096779000014,1.3353267607429749e-05,0.17816514691796692,
keyed,20270818,17,qualified,30,2,rotated-2,Frame-weighted (SE(3)),True,,0.008077874997979961,8.814688880843453e-05,0.1385821253325837,
keyed,20270818,17,qualified,30,2,rotated-2,Full operator (SE(3)),True,,0.0016989639989333227,1.0400362889565432e-05,0.11697863928049616,0.9192619741014243
keyed,20270818,17,qualified,30,2,rotated-2,Pdiag pointwise (SE(3)),True,,0.01919347100192681,8.160964085900704e-05,0.19208520503258997,
keyed,20270818,17,qualified,30,2,rotated-2,Pdiag finite (SE(3)),True,,192.50458355499723,4.850286885043303e-05,0.19929066593274172,
keyed,20270818,16,qualified,30,1,rotated-2,Frame-weighted (SE(3)),True,,0.008103113999823108,8.112621192091136e-05,0.153421453906429,
keyed,20270818,16,qualified,30,1,rotated-2,Full operator (SE(3)),True,,0.0017811580037232488,9.82313056277869e-06,0.1224065710612484,0.9213032424386627
keyed,20270818,16,qualified,30,1,rotated-2,Pdiag pointwise (SE(3)),True,,0.019592879005358554,7.750559414870777e-05,0.17441445893367863,
keyed,20270818,16,qualified,30,1,rotated-2,Pdiag finite (SE(3)),True,,259.7611361349991,4.060381985376146e-05,0.185746733709728,
keyed,20280818,4,qualified,8,1,rotated-2,Frame-weighted (SE(3)),True,,0.0038131200126372278,4.248821532538182e-05,0.15803071156139456,
keyed,20280818,4,qualified,8,1,rotated-2,Full operator (SE(3)),True,,0.0008554600062780082,9.712342240355433e-08,0.14568829185907645,0.9332480197647143
keyed,20280818,4,qualified,8,1,rotated-2,Pdiag pointwise (SE(3)),True,,0.0099268519988982,3.2773907570578484e-05,0.3463486979879916,
keyed,20280818,4,qualified,8,1,rotated-2,Pdiag finite (SE(3)),True,,19.310664156990242,2.386374004242711e-05,0.31679822991914725,
keyed,20280818,1,random,8,1,local,Frame-weighted (SE(3)),True,,0.007461736007826403,5.5800088534787596e-05,0.13108488080898767,
keyed,20280818,1,random,8,1,local,Full operator (SE(3)),True,,0.0013843649940099567,3.0018293925961754e-06,0.12805490696328284,0.8841175469095635
keyed,20280818,1,random,8,1,local,Pdiag pointwise (SE(3)),True,,0.018868553001084365,5.3935421514265784e-05,0.11286245707715717,
keyed,20280818,1,random,8,1,local,Pdiag finite (SE(3)),True,,130.28853161800362,8.609556260176257e-06,0.10257398641719648,
keyed,20280818,4,qualified,8,1,local,Frame-weighted (SE(3)),True,,0.003797679004492238,4.255552918983679e-05,0.16237385071939897,
keyed,20280818,4,qualified,8,1,local,Full operator (SE(3)),True,,0.0008417890057899058,1.1029808869918037e-07,0.10478262552225943,0.8850180782185003
keyed,20280818,4,qualified,8,1,local,Pdiag pointwise (SE(3)),True,,0.009827948990277946,3.5445956248474336e-05,0.21873526204325477,
keyed,20280818,4,qualified,8,1,local,Pdiag finite (SE(3)),True,,43.541868300002534,4.184286935187092e-06,0.10893597620661971,
keyed,20280818,5,qualified,8,2,local,Frame-weighted (SE(3)),True,,0.007692885003052652,5.9174039060165875e-05,0.16224433363652208,
keyed,20280818,5,qualified,8,2,local,Full operator (SE(3)),True,,0.0014188740024110302,3.8629758332971105e-08,0.9170006496002513,0.9202528397858208
keyed,20280818,5,qualified,8,2,local,Pdiag pointwise (SE(3)),True,,0.018800247009494342,5.3756502991293885e-05,0.13623987841313437,
keyed,20280818,5,qualified,8,2,local,Pdiag finite (SE(3)),True,,50.09081715300272,2.687115644391825e-06,0.10202277378245504,
keyed,20280818,4,qualified,8,1,rotated-1,Frame-weighted (SE(3)),True,,0.008349694006028585,4.6855208356916604e-05,0.17402000009669175,
keyed,20280818,4,qualified,8,1,rotated-1,Full operator (SE(3)),True,,0.0018900690047303215,2.3077334329882383e-07,0.1571633930758929,0.9299314432129385
keyed,20280818,4,qualified,8,1,rotated-1,Pdiag pointwise (SE(3)),True,,0.01986955000029411,3.743595893544295e-05,0.36172663287605494,
keyed,20280818,4,qualified,8,1,rotated-1,Pdiag finite (SE(3)),True,,78.00484128699463,2.3427813742592113e-05,0.22406720491048499,
keyed,20280818,3,qualified,8,0,rotated-1,Frame-weighted (SE(3)),True,,0.0038412569992942736,0.00011901024102726633,0.16975010180255826,
keyed,20280818,3,qualified,8,0,rotated-1,Full operator (SE(3)),True,,0.0008922729903133586,1.4325406717983272e-06,1.1550460281785353,0.8843005989505398
keyed,20280818,3,qualified,8,0,rotated-1,Pdiag pointwise (SE(3)),True,,0.009993537998525426,0.00010946421331391301,0.33364067680489884,
keyed,20280818,3,qualified,8,0,rotated-1,Pdiag finite (SE(3)),True,,99.45789541999693,7.431418765430691e-05,0.22515046852805096,
keyed,20270818,13,random,30,1,rotated-1,Frame-weighted (SE(3)),True,,0.007892294990597293,8.736194367420947e-05,0.4054465222965544,
keyed,20270818,13,random,30,1,rotated-1,Full operator (SE(3)),True,,0.00165101200400386,2.354793768015383e-05,0.17398925325808648,0.9285840889365997
keyed,20270818,13,random,30,1,rotated-1,Pdiag pointwise (SE(3)),True,,0.01898715399147477,8.124078133566473e-05,0.4863074431922562,
keyed,20270818,13,random,30,1,rotated-1,Pdiag finite (SE(3)),True,,589.4177673709928,5.7263821104406504e-05,0.2721079324731799,
keyed,20280818,5,qualified,8,2,rotated-1,Frame-weighted (SE(3)),True,,0.003827022999757901,8.553354012335392e-05,0.35929996334250563,
keyed,20280818,5,qualified,8,2,rotated-1,Full operator (SE(3)),True,,0.0009000869904411957,6.323440865412146e-08,1.4479879125224726,0.9120481929352905
keyed,20280818,5,qualified,8,2,rotated-1,Pdiag pointwise (SE(3)),True,,0.009915856993757188,7.956992587668237e-05,0.5720377037378982,
keyed,20280818,5,qualified,8,2,rotated-1,Pdiag finite (SE(3)),True,,91.04750401899219,3.856195894780684e-05,0.34157718076686033,
keyed,20270818,16,qualified,30,1,rotated-1,Frame-weighted (SE(3)),True,,0.004242770999553613,9.236365046365433e-05,0.28023716053540754,
keyed,20270818,16,qualified,30,1,rotated-1,Full operator (SE(3)),True,,0.0011912390036741272,1.0037712508429192e-05,0.13912862930805167,0.930389534800713
keyed,20270818,16,qualified,30,1,rotated-1,Pdiag pointwise (SE(3)),True,,0.01029048599593807,8.795617122813891e-05,0.30201712628299365,
keyed,20270818,16,qualified,30,1,rotated-1,Pdiag finite (SE(3)),True,,374.0546199389937,6.082960867847833e-05,0.2663108564099548,
keyed,20280818,8,random,15,2,local,Frame-weighted (SE(3)),True,,0.0038931460003368556,5.8881072063704905e-05,0.13676204187607632,
keyed,20280818,8,random,15,2,local,Full operator (SE(3)),True,,0.0009252140007447451,3.88215378708096e-06,0.0979340993137889,0.8837036142897677
keyed,20280818,8,random,15,2,local,Pdiag pointwise (SE(3)),True,,0.010170521010877565,5.446894026214606e-05,0.14233709744514103,
keyed,20280818,8,random,15,2,local,Pdiag finite (SE(3)),True,,39.47705195800518,5.6943771913563205e-06,0.09713825743856724,
keyed,20280818,8,random,15,2,rotated-1,Frame-weighted (SE(3)),True,,0.004330651005147956,7.255529051078547e-05,0.21990834827238046,
keyed,20280818,8,random,15,2,rotated-1,Full operator (SE(3)),True,,0.001168392991530709,4.015586968494112e-06,0.13780982113732396,0.9307768976037659
keyed,20280818,8,random,15,2,rotated-1,Pdiag pointwise (SE(3)),True,,0.011476248007966205,7.027492109000911e-05,0.21254844942684903,
keyed,20280818,8,random,15,2,rotated-1,Pdiag finite (SE(3)),True,,26.13996902901272,4.304126743581093e-05,0.20595563694013375,
keyed,20280818,1,random,8,1,rotated-1,Frame-weighted (SE(3)),True,,0.013391704007517546,6.334721763767824e-05,0.2016846460203846,
keyed,20280818,1,random,8,1,rotated-1,Full operator (SE(3)),True,,0.004570364995743148,2.9109752509967134e-06,0.1736626744346657,0.9345556019305458
keyed,20280818,1,random,8,1,rotated-1,Pdiag pointwise (SE(3)),True,,0.03647739300504327,6.127585055608325e-05,0.2567622769474084,
keyed,20280818,1,random,8,1,rotated-1,Pdiag finite (SE(3)),True,,233.71854202100076,3.208718630245586e-05,0.25606849118561115,
keyed,20280818,0,random,8,0,rotated-1,Frame-weighted (SE(3)),True,,0.0037026069912826642,4.748419496809382e-05,0.6557276826598313,
keyed,20280818,0,random,8,0,rotated-1,Full operator (SE(3)),True,,0.0008708990062586963,5.707792504958945e-08,0.17103274824179068,0.9269118656541885
keyed,20280818,0,random,8,0,rotated-1,Pdiag pointwise (SE(3)),True,,0.010119787009898573,4.2078690550120916e-05,0.6428749746133544,
keyed,20280818,0,random,8,0,rotated-1,Pdiag finite (SE(3)),True,,349.9556232719915,2.8738996903174033e-05,0.4748136496465268,
keyed,20280818,2,random,8,2,rotated-1,Frame-weighted (SE(3)),True,,0.007391710998490453,7.773020648899038e-05,0.6560683389202355,
keyed,20280818,2,random,8,2,rotated-1,Full operator (SE(3)),True,,0.001359489993774332,2.124303542972368e-07,0.25762509685370055,0.9400657355496438
keyed,20280818,2,random,8,2,rotated-1,Pdiag pointwise (SE(3)),True,,0.018423601999529637,6.775321625188389e-05,0.7350145465799617,
keyed,20280818,2,random,8,2,rotated-1,Pdiag finite (SE(3)),True,,225.18010764100472,6.51306877514427e-05,0.5724740982605137,
keyed,20280818,7,random,15,1,local,Frame-weighted (SE(3)),True,,0.007533156996942125,0.00010602776357926593,0.3335443790250836,
keyed,20280818,7,random,15,1,local,Full operator (SE(3)),True,,0.0014494520000880584,2.504169440379472e-05,0.2726641906851104,0.9080985511089917
keyed,20280818,7,random,15,1,local,Pdiag pointwise (SE(3)),True,,0.018749384995317087,9.868245563106632e-05,0.5003862632432763,
keyed,20280818,7,random,15,1,local,Pdiag finite (SE(3)),True,,122.18399365300138,5.2589935498087376e-05,0.0922982327492091,
keyed,20280818,3,qualified,8,0,rotated-2,Frame-weighted (SE(3)),True,,0.004016139006125741,0.00011634388570872433,0.2028972285488889,
keyed,20280818,3,qualified,8,0,rotated-2,Full operator (SE(3)),True,,0.0010764670005301014,1.540413809690331e-06,1.0855014916610868,0.9290194194487073
keyed,20280818,3,qualified,8,0,rotated-2,Pdiag pointwise (SE(3)),True,,0.01055948001157958,0.00010494148490093489,0.7575501556447684,
keyed,20280818,3,qualified,8,0,rotated-2,Pdiag finite (SE(3)),True,,220.5569825249986,6.968919912400116e-05,0.4077794226671365,
keyed,20280818,3,qualified,8,0,local,Frame-weighted (SE(3)),True,,0.003921258001355454,0.000113278820520428,0.19113738012616652,
keyed,20280818,3,qualified,8,0,local,Full operator (SE(3)),True,,0.0010255349916405976,1.4662822160125608e-06,1.0880852951924622,0.8782978572770539
keyed,20280818,3,qualified,8,0,local,Pdiag pointwise (SE(3)),True,,0.010563695992459543,0.00010179429365159567,0.4143091690299471,
keyed,20280818,3,qualified,8,0,local,Pdiag finite (SE(3)),True,,222.80800607700075,3.975328852945803e-05,0.09984158423583701,
keyed,20280818,6,random,15,0,local,Frame-weighted (SE(3)),True,,0.007392016996163875,9.701226767599582e-05,0.25234552515256065,
keyed,20280818,6,random,15,0,local,Full operator (SE(3)),True,,0.0015991789987310767,2.363663067567417e-05,0.18396026313679717,0.8895887652694265
keyed,20280818,6,random,15,0,local,Pdiag pointwise (SE(3)),True,,0.018265477003296837,7.934941655683758e-05,0.6222324717223287,
keyed,20280818,6,random,15,0,local,Pdiag finite (SE(3)),True,,177.61087828599557,3.451797551283379e-05,0.09670004006554994,
keyed,20280818,5,qualified,8,2,rotated-2,Frame-weighted (SE(3)),True,,0.004044775996590033,6.679504217372733e-05,0.1492558025574118,
keyed,20280818,5,qualified,8,2,rotated-2,Full operator (SE(3)),True,,0.000962890000664629,3.26140159089537e-07,6.1725082960283,0.8906739571057877
keyed,20280818,5,qualified,8,2,rotated-2,Pdiag pointwise (SE(3)),True,,0.01068446401041001,5.990012399822763e-05,0.2569852093794527,
keyed,20280818,5,qualified,8,2,rotated-2,Pdiag finite (SE(3)),True,,203.47094063500117,2.8060066645024818e-05,0.19535934261030874,
keyed,20280818,9,qualified,15,0,local,Frame-weighted (SE(3)),True,,0.0040767330065136775,9.534190378287025e-05,0.19252304217424349,
keyed,20280818,9,qualified,15,0,local,Full operator (SE(3)),True,,0.0009736740030348301,2.2566128858176205e-05,0.10057147041919823,0.8909457061652588
keyed,20280818,9,qualified,15,0,local,Pdiag pointwise (SE(3)),True,,0.013810853997711092,8.931122651058024e-05,0.18973840984954168,
keyed,20280818,9,qualified,15,0,local,Pdiag finite (SE(3)),True,,75.10487750900211,2.795029139900036e-05,0.1022325172218659,
keyed,20280818,10,qualified,15,1,local,Frame-weighted (SE(3)),True,,0.007284777006134391,4.857688437792756e-05,0.19823504285453872,
keyed,20280818,10,qualified,15,1,local,Full operator (SE(3)),True,,0.0014101129927439615,8.12194741686307e-07,0.08466657627870523,0.8806289558795424
keyed,20280818,10,qualified,15,1,local,Pdiag pointwise (SE(3)),True,,0.020357585002784617,4.5671528189707436e-05,0.14730571341593832,
keyed,20280818,10,qualified,15,1,local,Pdiag finite (SE(3)),True,,59.01427030599734,2.8281943889144545e-06,0.10285304988364452,
keyed,20280818,10,qualified,15,1,rotated-1,Frame-weighted (SE(3)),True,,0.004058341000927612,5.6943608724383407e-05,0.32001609502766104,
keyed,20280818,10,qualified,15,1,rotated-1,Full operator (SE(3)),True,,0.0009253030002582818,1.3442154811350688e-06,0.13595337392641,0.9287791922094574
keyed,20280818,10,qualified,15,1,rotated-1,Pdiag pointwise (SE(3)),True,,0.01061981100065168,5.4454812327963465e-05,0.34412469249195793,
keyed,20280818,10,qualified,15,1,rotated-1,Pdiag finite (SE(3)),True,,53.09238963200187,3.229855727816035e-05,0.20578497134283866,
keyed,20280818,9,qualified,15,0,rotated-1,Frame-weighted (SE(3)),True,,0.004065043001901358,0.00010711820039202143,0.2994818175790646,
keyed,20280818,9,qualified,15,0,rotated-1,Full operator (SE(3)),True,,0.0009751540055731311,2.3255783701208845e-05,0.16936051451164968,0.9333893891350368
keyed,20280818,9,qualified,15,0,rotated-1,Pdiag pointwise (SE(3)),True,,0.010022672999184579,0.00010281269488915542,0.3222338654349099,
keyed,20280818,9,qualified,15,0,rotated-1,Pdiag finite (SE(3)),True,,94.07440525999118,6.892936406873556e-05,0.2459769722161639,
keyed,20280818,9,qualified,15,0,rotated-2,Frame-weighted (SE(3)),True,,0.007054164001601748,9.967654915691688e-05,0.22681006059431658,
keyed,20280818,9,qualified,15,0,rotated-2,Full operator (SE(3)),True,,0.001410943004884757,2.3002572196633294e-05,0.14238142295756576,0.925518402430322
keyed,20280818,9,qualified,15,0,rotated-2,Pdiag pointwise (SE(3)),True,,0.018418738996842876,9.623725349763398e-05,0.23423791788173015,
keyed,20280818,9,qualified,15,0,rotated-2,Pdiag finite (SE(3)),True,,91.45468013299978,6.897477045730045e-05,0.23308892413823068,
keyed,20280818,8,random,15,2,rotated-2,Frame-weighted (SE(3)),True,,0.003665683005237952,6.351297798495029e-05,0.13945621467886163,
keyed,20280818,8,random,15,2,rotated-2,Full operator (SE(3)),True,,0.0030474180093733594,3.894078247905616e-06,0.13441117604037076,0.928860245429097
keyed,20280818,8,random,15,2,rotated-2,Pdiag pointwise (SE(3)),True,,0.011460412002634257,5.980867006249867e-05,0.1634401284115555,
keyed,20280818,8,random,15,2,rotated-2,Pdiag finite (SE(3)),True,,130.40719448200252,3.157236019760001e-05,0.187055581430878,
keyed,20280818,11,qualified,15,2,rotated-1,Frame-weighted (SE(3)),True,,0.004093277995707467,5.2182479382071205e-05,0.32391659005498236,
keyed,20280818,11,qualified,15,2,rotated-1,Full operator (SE(3)),True,,0.0037887590005993843,1.504932252839371e-06,0.1631158230091183,0.9317606670470475
keyed,20280818,11,qualified,15,2,rotated-1,Pdiag pointwise (SE(3)),True,,0.010180269993725233,4.9517925522034385e-05,0.2986172455967095,
keyed,20280818,11,qualified,15,2,rotated-1,Pdiag finite (SE(3)),True,,94.74048790999223,2.87609519038616e-05,0.23446618498118,
keyed,20280818,12,random,30,0,local,Frame-weighted (SE(3)),True,,0.00459823600249365,7.496657974313075e-05,0.16946753211883755,
keyed,20280818,12,random,30,0,local,Full operator (SE(3)),True,,0.001259191005374305,1.3962136127342225e-05,0.09097024908349596,0.8862856740204962
keyed,20280818,12,random,30,0,local,Pdiag pointwise (SE(3)),True,,0.010633444006089121,7.102714755741931e-05,0.13177521791719712,
keyed,20280818,12,random,30,0,local,Pdiag finite (SE(3)),True,,98.95382330300345,1.6324508555071005e-05,0.09569975214423831,
keyed,20280818,11,qualified,15,2,local,Frame-weighted (SE(3)),True,,0.003970371006289497,4.7323537156667054e-05,0.23240944587467646,
keyed,20280818,11,qualified,15,2,local,Full operator (SE(3)),True,,0.000942020007641986,1.2808403295828071e-06,0.08691454708183985,0.8814960531176216
keyed,20280818,11,qualified,15,2,local,Pdiag pointwise (SE(3)),True,,0.009971256004064344,4.188413772388575e-05,0.2383344710308114,
keyed,20280818,11,qualified,15,2,local,Pdiag finite (SE(3)),True,,123.67776845800108,3.227498716703819e-06,0.10032820854145584,
keyed,20280818,7,random,15,1,rotated-2,Frame-weighted (SE(3)),True,,0.007010422006715089,0.00010650512143366236,0.40707507809550025,
keyed,20280818,7,random,15,1,rotated-2,Full operator (SE(3)),True,,0.004710895009338856,2.3383064717100026e-05,0.3427675721721413,0.9343037290938077
keyed,20280818,7,random,15,1,rotated-2,Pdiag pointwise (SE(3)),True,,0.01921326300362125,0.00010332787415827205,0.5993846454538809,
keyed,20280818,7,random,15,1,rotated-2,Pdiag finite (SE(3)),True,,261.92061896300584,7.907721840216476e-05,0.30751718062449707,
keyed,20280818,12,random,30,0,rotated-2,Frame-weighted (SE(3)),True,,0.013658912008395419,7.875706226439299e-05,0.18019989164989497,
keyed,20280818,12,random,30,0,rotated-2,Full operator (SE(3)),True,,0.004741261000162922,1.4861058314015987e-05,0.12621655651263466,0.9200941734896463
keyed,20280818,12,random,30,0,rotated-2,Pdiag pointwise (SE(3)),True,,0.03671301300346386,7.567644621312084e-05,0.18943714737678832,
keyed,20280818,12,random,30,0,rotated-2,Pdiag finite (SE(3)),True,,126.33230976900086,4.59380788840893e-05,0.19488587171567714,
keyed,20280818,14,random,30,2,local,Frame-weighted (SE(3)),True,,0.004265581010258757,7.492096939837412e-05,0.18271706748929992,
keyed,20280818,14,random,30,2,local,Full operator (SE(3)),True,,0.0019514720042934641,8.535710664707394e-06,0.10796703750247083,0.8891507043419938
keyed,20280818,14,random,30,2,local,Pdiag pointwise (SE(3)),True,,0.010011655991547741,7.119485402265607e-05,0.16374459095286673,
keyed,20280818,14,random,30,2,local,Pdiag finite (SE(3)),True,,93.10655958800635,1.4617863625955593e-05,0.08803951976177687,
keyed,20270818,6,random,15,0,local,Frame-weighted (SE(3)),True,,0.007382146010058932,9.791112642847785e-05,0.25619014584666544,
keyed,20270818,6,random,15,0,local,Full operator (SE(3)),True,,0.0015669999993406236,3.361367220380588e-05,0.2245532710601613,0.8890440827837723
keyed,20270818,6,random,15,0,local,Pdiag pointwise (SE(3)),True,,0.01803123099671211,8.480423264674473e-05,0.6306360848161354,
keyed,20270818,6,random,15,0,local,Pdiag finite (SE(3)),True,,1349.5112653179967,3.276641943822392e-05,0.09757636723759541,
keyed,20280818,13,random,30,1,local,Frame-weighted (SE(3)),True,,0.004380258003948256,9.160500726473063e-05,0.29313967556259185,
keyed,20280818,13,random,30,1,local,Full operator (SE(3)),True,,0.001164917994174175,2.386764369967557e-05,0.12709064151935565,0.8875199260262385
keyed,20280818,13,random,30,1,local,Pdiag pointwise (SE(3)),True,,0.010387585003627464,8.610579521544227e-05,0.2881574286227793,
keyed,20280818,13,random,30,1,local,Pdiag finite (SE(3)),True,,169.6158651339938,3.120154827165544e-05,0.08827497247474517,
keyed,20280818,14,random,30,2,rotated-1,Frame-weighted (SE(3)),True,,0.004715835995739326,8.484502812534558e-05,0.3075069859943496,
keyed,20280818,14,random,30,2,rotated-1,Full operator (SE(3)),True,,0.0014050780009711161,9.459366666966697e-06,0.1209909928335637,0.9340524125488715
keyed,20280818,14,random,30,2,rotated-1,Pdiag pointwise (SE(3)),True,,0.012135987999499775,8.213004773001233e-05,0.34262359204925014,
keyed,20280818,14,random,30,2,rotated-1,Pdiag finite (SE(3)),True,,110.55684311500227,6.0685849528976265e-05,0.31680125369097784,
keyed,20280818,14,random,30,2,rotated-2,Frame-weighted (SE(3)),True,,0.007998660003067926,7.70145347032977e-05,0.2055358376419152,
keyed,20280818,14,random,30,2,rotated-2,Full operator (SE(3)),True,,0.0038569580065086484,9.376794287793103e-06,0.18080908479070618,0.9216814196536004
keyed,20280818,14,random,30,2,rotated-2,Pdiag pointwise (SE(3)),True,,0.018849248997867107,7.4357190786148e-05,0.22121052256188012,
keyed,20280818,14,random,30,2,rotated-2,Pdiag finite (SE(3)),True,,129.92180568400363,4.020067516700977e-05,0.19515422351033662,
keyed,20270818,15,qualified,30,0,rotated-2,Frame-weighted (SE(3)),True,,0.011842660998809151,8.397209637077279e-05,0.25194772815214633,
keyed,20270818,15,qualified,30,0,rotated-2,Full operator (SE(3)),True,,0.0026428359997225925,2.4344119465990227e-05,0.2749308244484815,0.9176002311692134
keyed,20270818,15,qualified,30,0,rotated-2,Pdiag pointwise (SE(3)),True,,0.017711758002405986,8.324930415695429e-05,0.33677983731708117,
keyed,20270818,15,qualified,30,0,rotated-2,Pdiag finite (SE(3)),True,,765.7524395679939,4.46946671126316e-05,0.18157358769487983,
keyed,20280818,15,qualified,30,0,local,Frame-weighted (SE(3)),True,,0.007816692988853902,8.357056464238309e-05,0.22310765267147806,
keyed,20280818,15,qualified,30,0,local,Full operator (SE(3)),True,,0.0015903159946901724,1.8294317840853634e-05,0.1761136232483291,0.885097768690361
keyed,20280818,15,qualified,30,0,local,Pdiag pointwise (SE(3)),True,,0.01843603800807614,8.12351118010337e-05,0.19123187768788755,
keyed,20280818,15,qualified,30,0,local,Pdiag finite (SE(3)),True,,162.58975800100598,1.9764623877261757e-05,0.08546853120358054,
keyed,20280818,16,qualified,30,1,rotated-2,Frame-weighted (SE(3)),True,,0.01729174800857436,8.520060910547782e-05,0.1815596513800379,
keyed,20280818,16,qualified,30,1,rotated-2,Full operator (SE(3)),True,,0.001908851001644507,1.4775770794097618e-05,0.13955867079214676,0.9275231896710106
keyed,20280818,16,qualified,30,1,rotated-2,Pdiag pointwise (SE(3)),True,,0.018999161999090575,8.113420637125014e-05,0.22167499823377568,
keyed,20280818,16,qualified,30,1,rotated-2,Pdiag finite (SE(3)),True,,104.23875141999451,4.506842433226395e-05,0.1968890287712182,
keyed,20280818,17,qualified,30,2,local,Frame-weighted (SE(3)),True,,0.0077546529937535524,7.302300643250238e-05,0.14288171563370694,
keyed,20280818,17,qualified,30,2,local,Full operator (SE(3)),True,,0.0016812600078992546,4.349934964788949e-06,0.08292382532872497,0.881136093628709
keyed,20280818,17,qualified,30,2,local,Pdiag pointwise (SE(3)),True,,0.018681970992474817,6.86399534261404e-05,0.0912532429147556,
keyed,20280818,17,qualified,30,2,local,Pdiag finite (SE(3)),True,,93.50176779199683,5.940574017390425e-06,0.09134848059678602,
keyed,20280818,13,random,30,1,rotated-2,Frame-weighted (SE(3)),True,,0.004260325003997423,9.562997948231026e-05,0.38733033805296707,
keyed,20280818,13,random,30,1,rotated-2,Full operator (SE(3)),True,,0.0010913250007433817,2.5215690744538287e-05,0.20879710645197755,0.9241933474451913
keyed,20280818,13,random,30,1,rotated-2,Pdiag pointwise (SE(3)),True,,0.010183652993873693,9.28662658788085e-05,0.42119129722376103,
keyed,20280818,13,random,30,1,rotated-2,Pdiag finite (SE(3)),True,,282.4874308340077,6.346170903386848e-05,0.2562348913430321,
keyed,20280818,11,qualified,15,2,rotated-2,Frame-weighted (SE(3)),True,,0.0070401249977294356,5.12306812305014e-05,0.2777998638746293,
keyed,20280818,11,qualified,15,2,rotated-2,Full operator (SE(3)),True,,0.0013203889975557104,1.5576013472108246e-06,0.10942835029711949,0.9234473141023116
keyed,20280818,11,qualified,15,2,rotated-2,Pdiag pointwise (SE(3)),True,,0.017387619998771697,4.616223236157614e-05,0.36047328828704006,
keyed,20280818,11,qualified,15,2,rotated-2,Pdiag finite (SE(3)),True,,355.91167694899195,2.343837835503833e-05,0.19952977772192507,
circular_honest,20260818,0,random,8,0,rotated-1,Frame-weighted (SE(3)),True,,0.003940701993997209,4.3052342706291575e-05,0.7840147174352654,
circular_honest,20260818,0,random,8,0,rotated-1,Full operator (SE(3)),True,,0.0009157949971267954,4.2613698554328217e-07,0.36748964730935285,0.9290420144544738
circular_honest,20260818,0,random,8,0,rotated-1,Pdiag pointwise (SE(3)),True,,0.009971176987164654,4.033001504821864e-05,0.6420259969294158,
circular_honest,20260818,0,random,8,0,rotated-1,Pdiag finite (SE(3)),True,,42.99528649599233,3.134417451723287e-05,0.4743556544527667,
circular_honest,20260818,0,random,8,0,local,Frame-weighted (SE(3)),True,,0.003943803007132374,3.9865014948225294e-05,0.41928721685444825,
circular_honest,20260818,0,random,8,0,local,Full operator (SE(3)),True,,0.0009104589989874512,4.583214505491913e-07,0.2874823139546125,0.8864930060759901
circular_honest,20260818,0,random,8,0,local,Pdiag pointwise (SE(3)),True,,0.009785153990378603,3.6090823634455426e-05,0.26384116058211593,
circular_honest,20260818,0,random,8,0,local,Pdiag finite (SE(3)),True,,78.29952834699361,5.04008315243362e-06,0.09084744784748564,
keyed,20280818,15,qualified,30,0,rotated-2,Frame-weighted (SE(3)),True,,0.007953776002977975,8.52778846466427e-05,0.2602445671080841,
keyed,20280818,15,qualified,30,0,rotated-2,Full operator (SE(3)),True,,0.0016424390050815418,1.928551980710796e-05,0.27939735598783594,0.9181424473424562
keyed,20280818,15,qualified,30,0,rotated-2,Pdiag pointwise (SE(3)),True,,0.018770134993246756,8.284723477673267e-05,0.35234797120477845,
keyed,20280818,15,qualified,30,0,rotated-2,Pdiag finite (SE(3)),True,,237.54799629001354,4.669909941620461e-05,0.18058644857748796,
keyed,20280818,17,qualified,30,2,rotated-1,Frame-weighted (SE(3)),True,,0.0078729189990554,8.744467427096836e-05,0.18724039491782704,
keyed,20280818,17,qualified,30,2,rotated-1,Full operator (SE(3)),True,,0.004449320986168459,5.497192515229747e-06,0.1404149425989114,0.9312687120127668
keyed,20280818,17,qualified,30,2,rotated-1,Pdiag pointwise (SE(3)),True,,0.018326841003727168,8.37446611885649e-05,0.1948124906181844,
keyed,20280818,17,qualified,30,2,rotated-1,Pdiag finite (SE(3)),True,,160.54511128598824,5.307686816910618e-05,0.19822917533493006,
keyed,20280818,17,qualified,30,2,rotated-2,Frame-weighted (SE(3)),True,,0.0075796740129590034,7.992157969701725e-05,0.1436174153885021,
keyed,20280818,17,qualified,30,2,rotated-2,Full operator (SE(3)),True,,0.0015404250007122755,5.254354764333038e-06,0.11270577462581485,0.9206400712430929
keyed,20280818,17,qualified,30,2,rotated-2,Pdiag pointwise (SE(3)),True,,0.01762205600971356,7.387093159139444e-05,0.1883171451763369,
keyed,20280818,17,qualified,30,2,rotated-2,Pdiag finite (SE(3)),True,,141.67410475701035,4.156465597330961e-05,0.19574259905476651,
keyed,20280818,6,random,15,0,rotated-2,Frame-weighted (SE(3)),True,,0.007259554011397995,0.00010136906672526721,0.3285473234585637,
keyed,20280818,6,random,15,0,rotated-2,Full operator (SE(3)),True,,0.0024844099971232936,2.1642303838254744e-05,0.37299921095210353,0.915321954764112
keyed,20280818,6,random,15,0,rotated-2,Pdiag pointwise (SE(3)),True,,0.017610617011087015,7.812150706715373e-05,1.0669389456656126,
keyed,20280818,6,random,15,0,rotated-2,Pdiag finite (SE(3)),True,,614.5511925559986,5.65821215666916e-05,0.32915144073826513,
circular_honest,20260818,0,random,8,0,rotated-2,Frame-weighted (SE(3)),True,,0.013543902008677833,4.1255135427628805e-05,0.486308442639643,
circular_honest,20260818,0,random,8,0,rotated-2,Full operator (SE(3)),True,,0.004593534991727211,7.247470203662121e-07,0.2310713729791624,0.9138287791677301
circular_honest,20260818,0,random,8,0,rotated-2,Pdiag pointwise (SE(3)),True,,0.030705057011800818,3.64905780933662e-05,0.4405819982027781,
circular_honest,20260818,0,random,8,0,rotated-2,Pdiag finite (SE(3)),True,,105.36965005399543,2.2547445412041014e-05,0.21146244150581808,
circular_honest,20260818,2,random,8,2,rotated-1,Frame-weighted (SE(3)),True,,0.0037598879862343892,7.432832515353806e-05,0.9215020975110227,
circular_honest,20260818,2,random,8,2,rotated-1,Full operator (SE(3)),True,,0.0009175849991152063,3.4363767473897103e-07,0.19133695377361332,0.9387076206927438
circular_honest,20260818,2,random,8,2,rotated-1,Pdiag pointwise (SE(3)),True,,0.00986570300301537,6.83782032917873e-05,0.768478690052162,
circular_honest,20260818,2,random,8,2,rotated-1,Pdiag finite (SE(3)),True,,35.46261373900052,7.043217030937676e-05,0.5676262062210999,
circular_honest,20260818,3,qualified,8,0,rotated-1,Frame-weighted (SE(3)),True,,0.007255131989950314,7.845615863868003e-05,0.25630080096612945,
circular_honest,20260818,3,qualified,8,0,rotated-1,Full operator (SE(3)),True,,0.0013363259931793436,2.6586552021796936e-07,0.1460748657869635,0.9229033787250367
circular_honest,20260818,3,qualified,8,0,rotated-1,Pdiag pointwise (SE(3)),True,,0.018126292998204008,7.021455526025038e-05,0.2528224053594651,
circular_honest,20260818,3,qualified,8,0,rotated-1,Pdiag finite (SE(3)),True,,25.38830337500258,3.825255254174311e-05,0.16169466387300366,
circular_honest,20260818,1,random,8,1,rotated-1,Frame-weighted (SE(3)),True,,0.007640269992407411,5.517381744867683e-05,0.24979590501323765,
circular_honest,20260818,1,random,8,1,rotated-1,Full operator (SE(3)),True,,0.0014100209955358878,9.289292783381519e-08,0.12170228005355196,0.9377577564047846
circular_honest,20260818,1,random,8,1,rotated-1,Pdiag pointwise (SE(3)),True,,0.018303542005014606,5.2762809806390965e-05,0.2419761732338329,
circular_honest,20260818,1,random,8,1,rotated-1,Pdiag finite (SE(3)),True,,110.24192098499043,2.529301932628221e-05,0.22075969603500534,
circular_honest,20260818,2,random,8,2,local,Frame-weighted (SE(3)),True,,0.0038590829935856164,7.240995824107261e-05,0.5365513395429439,
circular_honest,20260818,2,random,8,2,local,Full operator (SE(3)),True,,0.0008995579992188141,2.370739014514981e-07,0.07798323762799196,0.8893568143974573
circular_honest,20260818,2,random,8,2,local,Pdiag pointwise (SE(3)),True,,0.010019421999459155,6.146002167045854e-05,0.5916355826297829,
circular_honest,20260818,2,random,8,2,local,Pdiag finite (SE(3)),True,,73.10017820399662,2.0272960535773063e-06,0.06691516570653584,
circular_honest,20260818,1,random,8,1,local,Frame-weighted (SE(3)),True,,0.006784686993341893,5.014459648295377e-05,0.19044897900736105,
circular_honest,20260818,1,random,8,1,local,Full operator (SE(3)),True,,0.004655480006476864,7.485891206894683e-08,0.07025853773418173,0.8983001302595395
circular_honest,20260818,1,random,8,1,local,Pdiag pointwise (SE(3)),True,,0.01013238899759017,4.7207852524614567e-05,0.0867472848703324,
circular_honest,20260818,1,random,8,1,local,Pdiag finite (SE(3)),True,,137.39208960399264,2.6968994744620103e-06,0.07867653955254973,
circular_honest,20260818,3,qualified,8,0,rotated-2,Frame-weighted (SE(3)),True,,0.0038435119931818917,7.497916730581184e-05,0.2223884728419363,
circular_honest,20260818,3,qualified,8,0,rotated-2,Full operator (SE(3)),True,,0.0008635530102765188,3.909972690035835e-07,0.25397902111850135,0.9416542972728869
circular_honest,20260818,3,qualified,8,0,rotated-2,Pdiag pointwise (SE(3)),True,,0.009913592992234044,6.551233197073606e-05,0.41999036522617816,
circular_honest,20260818,3,qualified,8,0,rotated-2,Pdiag finite (SE(3)),True,,38.49513158699847,3.100627215619953e-05,0.4075469695488719,
circular_honest,20260818,1,random,8,1,rotated-2,Frame-weighted (SE(3)),True,,0.01313062799454201,4.966786443867616e-05,0.1840628317541141,
circular_honest,20260818,1,random,8,1,rotated-2,Full operator (SE(3)),True,,0.0030189370008883998,1.2645498356289783e-07,0.10433413519277196,0.9314867225960068
circular_honest,20260818,1,random,8,1,rotated-2,Pdiag pointwise (SE(3)),True,,0.018485572989447974,4.460329883999767e-05,0.1710568840530507,
circular_honest,20260818,1,random,8,1,rotated-2,Pdiag finite (SE(3)),True,,102.00056799400772,2.3152535164073702e-05,0.16919872809206427,
circular_honest,20260818,4,qualified,8,1,local,Frame-weighted (SE(3)),True,,0.0037821470032213256,4.903969799953275e-05,0.19241192892956985,
circular_honest,20260818,4,qualified,8,1,local,Full operator (SE(3)),True,,0.0009691550076240674,1.910685658064822e-07,0.09723057150945479,0.8805444903859574
circular_honest,20260818,4,qualified,8,1,local,Pdiag pointwise (SE(3)),True,,0.009972476997063495,3.758567311302899e-05,0.15499036648738068,
circular_honest,20260818,4,qualified,8,1,local,Pdiag finite (SE(3)),True,,42.42279044199677,4.6650569696097e-06,0.058965363044545416,
circular_honest,20260818,3,qualified,8,0,local,Frame-weighted (SE(3)),True,,0.003790918010054156,7.423073191008676e-05,0.22471330080763646,
circular_honest,20260818,3,qualified,8,0,local,Full operator (SE(3)),True,,0.0009183009970001876,2.276306216959666e-07,0.1035713748944473,0.8970012971160862
circular_honest,20260818,3,qualified,8,0,local,Pdiag pointwise (SE(3)),True,,0.00994634599192068,6.290282482329388e-05,0.25026606063751067,
circular_honest,20260818,3,qualified,8,0,local,Pdiag finite (SE(3)),True,,69.21604805899551,3.4969391279983703e-06,0.0767080362639422,
circular_honest,20260818,5,qualified,8,2,rotated-1,Frame-weighted (SE(3)),True,,0.006759826996130869,8.100684651884268e-05,0.46640239725736155,
circular_honest,20260818,5,qualified,8,2,rotated-1,Full operator (SE(3)),True,,0.0012250050058355555,4.225191680369221e-07,0.7820461158708275,0.9264169418485677
circular_honest,20260818,5,qualified,8,2,rotated-1,Pdiag pointwise (SE(3)),True,,0.0176698740106076,7.570311927876963e-05,0.5564678509435398,
circular_honest,20260818,5,qualified,8,2,rotated-1,Pdiag finite (SE(3)),True,,23.924847123009386,3.862824595698494e-05,0.3302372083272246,
keyed,20280818,16,qualified,30,1,local,Frame-weighted (SE(3)),True,,0.009258773003239185,8.237223770605615e-05,0.1650518605817945,
keyed,20280818,16,qualified,30,1,local,Full operator (SE(3)),True,,0.00349574199935887,1.3981849752990682e-05,0.09035128208336334,0.8856541638712454
keyed,20280818,16,qualified,30,1,local,Pdiag pointwise (SE(3)),True,,0.020337445006589405,7.545395044018849e-05,0.1874230535242784,
keyed,20280818,16,qualified,30,1,local,Pdiag finite (SE(3)),True,,323.81203602498863,1.6625984817326027e-05,0.09137489570224573,
circular_honest,20260818,2,random,8,2,rotated-2,Frame-weighted (SE(3)),True,,0.003900355994119309,6.914360600580433e-05,0.38147270139409056,
circular_honest,20260818,2,random,8,2,rotated-2,Full operator (SE(3)),True,,0.0009098459995584562,4.5749115697653556e-07,0.08658109963260671,0.9115343495755982
circular_honest,20260818,2,random,8,2,rotated-2,Pdiag pointwise (SE(3)),True,,0.010297390996129252,6.470389319639538e-05,0.6431667181429673,
circular_honest,20260818,2,random,8,2,rotated-2,Pdiag finite (SE(3)),True,,94.47219940100331,1.0157924875187855e-05,0.13713256005657842,
keyed,20280818,12,random,30,0,rotated-1,Frame-weighted (SE(3)),True,,0.0044572939950739965,8.889849120520749e-05,0.29165176941451837,
keyed,20280818,12,random,30,0,rotated-1,Full operator (SE(3)),True,,0.0011093880020780489,1.4720340663567527e-05,0.14050936797160948,0.9329238829934934
keyed,20280818,12,random,30,0,rotated-1,Pdiag pointwise (SE(3)),True,,0.010431674003484659,8.467324492834344e-05,0.3088633107892587,
keyed,20280818,12,random,30,0,rotated-1,Pdiag finite (SE(3)),True,,508.73099442900275,6.0213208990099336e-05,0.26543846146044703,
circular_honest,20260818,4,qualified,8,1,rotated-1,Frame-weighted (SE(3)),True,,0.007008946005953476,5.114879863141896e-05,0.20867596786131876,
circular_honest,20260818,4,qualified,8,1,rotated-1,Full operator (SE(3)),True,,0.001352074003079906,1.9435590795906425e-07,0.12134128387867847,0.9298574472448853
circular_honest,20260818,4,qualified,8,1,rotated-1,Pdiag pointwise (SE(3)),True,,0.018068282995955087,3.997950020560342e-05,0.30418577786886697,
circular_honest,20260818,4,qualified,8,1,rotated-1,Pdiag finite (SE(3)),True,,57.21715593500994,2.3500706717789695e-05,0.1650186487487115,
circular_honest,20260818,5,qualified,8,2,rotated-2,Frame-weighted (SE(3)),True,,0.003938694993848912,6.520180145862406e-05,0.1950296284628883,
circular_honest,20260818,5,qualified,8,2,rotated-2,Full operator (SE(3)),True,,0.0009453459933865815,4.7578854181012397e-07,4.001240885106883,0.9105190570161079
circular_honest,20260818,5,qualified,8,2,rotated-2,Pdiag pointwise (SE(3)),True,,0.009854678995907307,5.545628828980992e-05,0.26088515988506034,
circular_honest,20260818,5,qualified,8,2,rotated-2,Pdiag finite (SE(3)),True,,46.86686718299461,2.5031414754282156e-05,0.17392925391366792,
circular_honest,20260818,5,qualified,8,2,local,Frame-weighted (SE(3)),True,,0.003917156005627476,6.193187194712102e-05,0.2044832750633527,
circular_honest,20260818,5,qualified,8,2,local,Full operator (SE(3)),True,,0.0008763490041019395,4.147533780273208e-07,0.2751125452785848,0.9328649173663462
circular_honest,20260818,5,qualified,8,2,local,Pdiag pointwise (SE(3)),True,,0.009718682995298877,5.1682745070822595e-05,0.13304760191698028,
circular_honest,20260818,5,qualified,8,2,local,Pdiag finite (SE(3)),True,,66.77625845700095,2.2570570189166655e-06,0.0921477659197251,
circular_honest,20260818,6,random,15,0,local,Frame-weighted (SE(3)),True,,0.008149703004164621,6.681730754470703e-05,0.24175358960742438,
circular_honest,20260818,6,random,15,0,local,Full operator (SE(3)),True,,0.0015136349975364283,1.8759600591233013e-06,0.07327671587698407,0.8895185914709524
circular_honest,20260818,6,random,15,0,local,Pdiag pointwise (SE(3)),True,,0.02096893898851704,4.407877649903388e-05,0.42960673684928585,
circular_honest,20260818,6,random,15,0,local,Pdiag finite (SE(3)),True,,51.38081345400133,3.5258088446986896e-06,0.09094114271932581,
circular_honest,20260818,7,random,15,1,rotated-1,Frame-weighted (SE(3)),True,,0.003969384997617453,5.7898683924366075e-05,0.48190196852072875,
circular_honest,20260818,7,random,15,1,rotated-1,Full operator (SE(3)),True,,0.0009720689995447174,1.8217727995585875e-06,0.11577813781049848,0.9390080831771113
circular_honest,20260818,7,random,15,1,rotated-1,Pdiag pointwise (SE(3)),True,,0.010188872998696752,5.007382343971403e-05,0.4667598914112451,
circular_honest,20260818,7,random,15,1,rotated-1,Pdiag finite (SE(3)),True,,46.38578530699306,2.7690032576043575e-05,0.2914001058984576,
circular_honest,20260818,8,random,15,2,rotated-1,Frame-weighted (SE(3)),True,,0.004143444006331265,7.119233963157709e-05,0.2808564509448596,
circular_honest,20260818,8,random,15,2,rotated-1,Full operator (SE(3)),True,,0.0010032019927166402,3.1486370037699757e-06,0.08657685385555777,0.9324888870574826
circular_honest,20260818,8,random,15,2,rotated-1,Pdiag pointwise (SE(3)),True,,0.010612652011332102,6.791445485913239e-05,0.18165970232777884,
circular_honest,20260818,8,random,15,2,rotated-1,Pdiag finite (SE(3)),True,,23.578380342005403,4.0617961466995654e-05,0.17018182411220978,
circular_honest,20260818,7,random,15,1,local,Frame-weighted (SE(3)),True,,0.003949767997255549,5.200025576725509e-05,0.3125861073064485,
circular_honest,20260818,7,random,15,1,local,Full operator (SE(3)),True,,0.0009409129997948185,1.1307600924835772e-06,0.0652991617051999,0.8956557024532527
circular_honest,20260818,7,random,15,1,local,Pdiag pointwise (SE(3)),True,,0.010125729997525923,4.06245262695213e-05,0.3388404361357634,
circular_honest,20260818,7,random,15,1,local,Pdiag finite (SE(3)),True,,58.536031355004525,2.7784781506257836e-06,0.06126130116791624,
circular_honest,20260818,4,qualified,8,1,rotated-2,Frame-weighted (SE(3)),True,,0.0038961769896559417,4.689891671148178e-05,0.18530267547683593,
circular_honest,20260818,4,qualified,8,1,rotated-2,Full operator (SE(3)),True,,0.002011735996347852,1.647954970223563e-07,0.10975965849759448,0.9242780980424808
circular_honest,20260818,4,qualified,8,1,rotated-2,Pdiag pointwise (SE(3)),True,,0.010358811996411532,3.294266236297168e-05,0.2913131877851595,
circular_honest,20260818,4,qualified,8,1,rotated-2,Pdiag finite (SE(3)),True,,98.0503664870048,2.767441311654979e-05,0.285358699273895,
keyed,20280818,10,qualified,15,1,rotated-2,Frame-weighted (SE(3)),True,,0.00402449700050056,5.065173944412306e-05,0.22253284351502833,
keyed,20280818,10,qualified,15,1,rotated-2,Full operator (SE(3)),True,,0.0009261489904019982,1.2412565205883886e-06,0.13074453600723326,0.918336311698548
keyed,20280818,10,qualified,15,1,rotated-2,Pdiag pointwise (SE(3)),True,,0.010154390998650342,4.768422951896884e-05,0.2494743007067867,
keyed,20280818,10,qualified,15,1,rotated-2,Pdiag finite (SE(3)),True,,614.1332709569979,2.7074721230950056e-05,0.26725436932241453,
circular_honest,20260818,6,random,15,0,rotated-1,Frame-weighted (SE(3)),True,,0.007249110989505425,7.443660546073849e-05,0.3440466999751201,
circular_honest,20260818,6,random,15,0,rotated-1,Full operator (SE(3)),True,,0.0013835980062140152,2.8189622965811557e-06,0.1223460589481095,0.9341989608484651
circular_honest,20260818,6,random,15,0,rotated-1,Pdiag pointwise (SE(3)),True,,0.0180154129920993,6.200227534302618e-05,0.45999385352165245,
circular_honest,20260818,6,random,15,0,rotated-1,Pdiag finite (SE(3)),True,,78.37712702499994,4.366422713512946e-05,0.3664250364520015,
circular_honest,20260818,8,random,15,2,local,Frame-weighted (SE(3)),True,,0.007507676011300646,6.0888915612682404e-05,0.18468135987016965,
circular_honest,20260818,8,random,15,2,local,Full operator (SE(3)),True,,0.0013989190047141165,2.7121848091562512e-06,0.05171311284876687,0.8885570505645805
circular_honest,20260818,8,random,15,2,local,Pdiag pointwise (SE(3)),True,,0.018505963002098724,5.353352230473589e-05,0.09877153038240839,
circular_honest,20260818,8,random,15,2,local,Pdiag finite (SE(3)),True,,62.43106047400215,4.501286917632732e-06,0.06521474113982505,
circular_honest,20260818,9,qualified,15,0,local,Frame-weighted (SE(3)),True,,0.004893449004157446,6.959902261321727e-05,0.24981137656288743,
circular_honest,20260818,9,qualified,15,0,local,Full operator (SE(3)),True,,0.001145129994256422,1.985074381187287e-06,0.054170916035539717,0.8929251119531142
circular_honest,20260818,9,qualified,15,0,local,Pdiag pointwise (SE(3)),True,,0.013007496003410779,6.176250404856117e-05,0.10891640333134563,
circular_honest,20260818,9,qualified,15,0,local,Pdiag finite (SE(3)),True,,34.66959325999778,4.254086936723751e-06,0.06374540104273302,
circular_honest,20260818,10,qualified,15,1,rotated-1,Frame-weighted (SE(3)),True,,0.004125592997297645,5.5400713917503664e-05,0.40131973172187335,
circular_honest,20260818,10,qualified,15,1,rotated-1,Full operator (SE(3)),True,,0.0009503170003881678,2.3634401566930996e-06,0.11138765655380611,0.9346136732732273
circular_honest,20260818,10,qualified,15,1,rotated-1,Pdiag pointwise (SE(3)),True,,0.010354350000852719,5.35350446695938e-05,0.3120708524859432,
circular_honest,20260818,10,qualified,15,1,rotated-1,Pdiag finite (SE(3)),True,,26.495091270990088,3.2580138104943744e-05,0.17759616520175933,
circular_honest,20260818,10,qualified,15,1,local,Frame-weighted (SE(3)),True,,0.007080598996253684,5.025385631183579e-05,0.2767057243340924,
circular_honest,20260818,10,qualified,15,1,local,Full operator (SE(3)),True,,0.0015362590056611225,1.5580663571244598e-06,0.056168692169710044,0.8880652861781351
circular_honest,20260818,10,qualified,15,1,local,Pdiag pointwise (SE(3)),True,,0.01895085599971935,4.5317815984243106e-05,0.11337153116524248,
circular_honest,20260818,10,qualified,15,1,local,Pdiag finite (SE(3)),True,,33.869523029992706,3.7889511480442468e-06,0.07142035950894292,
circular_honest,20260818,7,random,15,1,rotated-2,Frame-weighted (SE(3)),True,,0.007590123990667053,5.137616542415871e-05,0.28843178862921315,
circular_honest,20260818,7,random,15,1,rotated-2,Full operator (SE(3)),True,,0.001411809993442148,1.5933485631132923e-06,0.1114322195389466,0.925614992833176
circular_honest,20260818,7,random,15,1,rotated-2,Pdiag pointwise (SE(3)),True,,0.017940364006790332,4.628234391202586e-05,0.2881651425686921,
circular_honest,20260818,7,random,15,1,rotated-2,Pdiag finite (SE(3)),True,,87.47961325499637,3.14164127038377e-05,0.30428482891898917,
circular_honest,20260818,11,qualified,15,2,local,Frame-weighted (SE(3)),True,,0.007060283998725936,4.82765868016085e-05,0.2794183151072417,
circular_honest,20260818,11,qualified,15,2,local,Full operator (SE(3)),True,,0.001334953005425632,1.8218608751974295e-06,0.054848344756599055,0.8872003415140236
circular_honest,20260818,11,qualified,15,2,local,Pdiag pointwise (SE(3)),True,,0.017640951002249494,4.198295443497796e-05,0.18879466515171428,
circular_honest,20260818,11,qualified,15,2,local,Pdiag finite (SE(3)),True,,37.563403758002096,3.624498566862411e-06,0.05746959966094773,
circular_honest,20260818,9,qualified,15,0,rotated-2,Frame-weighted (SE(3)),True,,0.007356381989666261,7.197218242820242e-05,0.2754262063300295,
circular_honest,20260818,9,qualified,15,0,rotated-2,Full operator (SE(3)),True,,0.0014332530117826536,2.269788485570823e-06,0.10249758454274759,0.9268863372499471
circular_honest,20260818,9,qualified,15,0,rotated-2,Pdiag pointwise (SE(3)),True,,0.018327244004467502,6.701356668753872e-05,0.16970657116027263,
circular_honest,20260818,9,qualified,15,0,rotated-2,Pdiag finite (SE(3)),True,,64.30326651899668,4.7789032877053e-05,0.23505432567181497,
keyed,20280818,15,qualified,30,0,rotated-1,Frame-weighted (SE(3)),True,,0.004272117992513813,9.394026213266937e-05,0.35270530801886885,
keyed,20280818,15,qualified,30,0,rotated-1,Full operator (SE(3)),True,,0.0010567400022409856,1.9082311587894234e-05,0.17083459043420143,0.9348356443414396
keyed,20280818,15,qualified,30,0,rotated-1,Pdiag pointwise (SE(3)),True,,0.009956794005120173,9.125993246656761e-05,0.3729826598742243,
keyed,20280818,15,qualified,30,0,rotated-1,Pdiag finite (SE(3)),True,,500.5137992190139,6.198671913091549e-05,0.2737747363436888,
circular_honest,20260818,11,qualified,15,2,rotated-1,Frame-weighted (SE(3)),True,,0.007271593000041321,5.17546502287084e-05,0.3581228561579273,
circular_honest,20260818,11,qualified,15,2,rotated-1,Full operator (SE(3)),True,,0.0013649120082845911,1.9730099312648237e-06,0.12026027695599671,0.9349861805751157
circular_honest,20260818,11,qualified,15,2,rotated-1,Pdiag pointwise (SE(3)),True,,0.017788594006560743,4.903504222067934e-05,0.23484142215808915,
circular_honest,20260818,11,qualified,15,2,rotated-1,Pdiag finite (SE(3)),True,,57.85402626999712,3.062247535897899e-05,0.18221530698582383,
circular_honest,20260818,9,qualified,15,0,rotated-1,Frame-weighted (SE(3)),True,,0.007360589996096678,7.706987733057923e-05,0.38053525687972284,
circular_honest,20260818,9,qualified,15,0,rotated-1,Full operator (SE(3)),True,,0.001472666990594007,2.390899925408871e-06,0.10350138976632896,0.9358952007183918
circular_honest,20260818,9,qualified,15,0,rotated-1,Pdiag pointwise (SE(3)),True,,0.01793439000903163,7.393775839758489e-05,0.2664125974604581,
circular_honest,20260818,9,qualified,15,0,rotated-1,Pdiag finite (SE(3)),True,,95.44440743299492,4.576880346852147e-05,0.20978350787884936,
circular_honest,20260818,10,qualified,15,1,rotated-2,Frame-weighted (SE(3)),True,,0.0072593459917698056,5.04645358810238e-05,0.26648364482397446,
circular_honest,20260818,10,qualified,15,1,rotated-2,Full operator (SE(3)),True,,0.0014439090009545907,2.0210220555329094e-06,0.08057718169603315,0.9215518168927681
circular_honest,20260818,10,qualified,15,1,rotated-2,Pdiag pointwise (SE(3)),True,,0.01800266999634914,4.665236053457996e-05,0.18850581624702728,
circular_honest,20260818,10,qualified,15,1,rotated-2,Pdiag finite (SE(3)),True,,84.28841211099643,2.982402259687981e-05,0.2610434565429379,
circular_honest,20260818,6,random,15,0,rotated-2,Frame-weighted (SE(3)),True,,0.007342377997701988,6.674748754519202e-05,0.226252875747109,
circular_honest,20260818,6,random,15,0,rotated-2,Full operator (SE(3)),True,,0.003482735002762638,2.5400006739764016e-06,0.12458016673740985,0.9163802791625439
circular_honest,20260818,6,random,15,0,rotated-2,Pdiag pointwise (SE(3)),True,,0.01763658699928783,3.9772424631050284e-05,0.684070681120639,
circular_honest,20260818,6,random,15,0,rotated-2,Pdiag finite (SE(3)),True,,166.93202378600836,2.6294476384121996e-05,0.32477145697164256,
circular_honest,20260818,12,random,30,0,local,Frame-weighted (SE(3)),True,,0.004203181990305893,6.418764248058512e-05,0.22575963069623195,
circular_honest,20260818,12,random,30,0,local,Full operator (SE(3)),True,,0.0010666029993444681,2.1120315202786423e-06,0.05925695883480143,0.8921074112045914
circular_honest,20260818,12,random,30,0,local,Pdiag pointwise (SE(3)),True,,0.0101377139944816,5.6759487965976345e-05,0.08843353465178944,
circular_honest,20260818,12,random,30,0,local,Pdiag finite (SE(3)),True,,75.17065727099543,4.1907769985451855e-06,0.06258831283237316,
circular_honest,20260818,12,random,30,0,rotated-2,Frame-weighted (SE(3)),True,,0.004278116000932641,6.461578637124345e-05,0.22316849422968252,
circular_honest,20260818,12,random,30,0,rotated-2,Full operator (SE(3)),True,,0.0010988440044457093,2.891475588271979e-06,0.09071619792884889,0.9227239098837828
circular_honest,20260818,12,random,30,0,rotated-2,Pdiag pointwise (SE(3)),True,,0.010597290005534887,5.9670349204749016e-05,0.14063714809835376,
circular_honest,20260818,12,random,30,0,rotated-2,Pdiag finite (SE(3)),True,,90.17717125399213,3.491211117311427e-05,0.1861285561071009,
circular_honest,20260818,14,random,30,2,local,Frame-weighted (SE(3)),True,,0.00429826500476338,6.355151543968996e-05,0.2766577443076931,
circular_honest,20260818,14,random,30,2,local,Full operator (SE(3)),True,,0.0011143930023536086,1.6874254125478327e-06,0.061302606793519024,0.8903525106776488
circular_honest,20260818,14,random,30,2,local,Pdiag pointwise (SE(3)),True,,0.010334619990317151,5.7368638062767224e-05,0.15432528384776603,
circular_honest,20260818,14,random,30,2,local,Pdiag finite (SE(3)),True,,56.15142833099526,3.584562367770056e-06,0.06978839523587234,
circular_honest,20260818,13,random,30,1,rotated-2,Frame-weighted (SE(3)),True,,0.004252774000633508,6.350275388747656e-05,0.36784361373229757,
circular_honest,20260818,13,random,30,1,rotated-2,Full operator (SE(3)),True,,0.001075520005542785,3.041512192771034e-06,0.10115673760688133,0.9261575205555223
circular_honest,20260818,13,random,30,1,rotated-2,Pdiag pointwise (SE(3)),True,,0.010363410008721985,6.131541727901476e-05,0.26702116588855823,
circular_honest,20260818,13,random,30,1,rotated-2,Pdiag finite (SE(3)),True,,60.568944098005886,3.765128813405537e-05,0.2562039155409846,
circular_honest,20260818,13,random,30,1,local,Frame-weighted (SE(3)),True,,0.00810728600481525,6.239268437727365e-05,0.35643009576196855,
circular_honest,20260818,13,random,30,1,local,Full operator (SE(3)),True,,0.0016889029939193279,1.790138826816069e-06,0.06286951909509723,0.8908760370088221
circular_honest,20260818,13,random,30,1,local,Pdiag pointwise (SE(3)),True,,0.019244620998506434,5.4970195695581e-05,0.23301914424293177,
circular_honest,20260818,13,random,30,1,local,Pdiag finite (SE(3)),True,,93.94506061599532,3.720964439656351e-06,0.06896210480993238,
keyed,20280818,6,random,15,0,rotated-1,Frame-weighted (SE(3)),True,,0.0072383389924652874,0.00010734900167988295,0.27299510085356304,
keyed,20280818,6,random,15,0,rotated-1,Full operator (SE(3)),True,,0.0013862399937352166,2.5564128685321413e-05,0.11197874256534102,0.9312050090181981
keyed,20280818,6,random,15,0,rotated-1,Pdiag pointwise (SE(3)),True,,0.017918522004038095,9.867106032034528e-05,0.5410117587650315,
keyed,20280818,6,random,15,0,rotated-1,Pdiag finite (SE(3)),True,,930.8505549840047,7.61870173064888e-05,0.3603705633121144,
circular_honest,20260818,13,random,30,1,rotated-1,Frame-weighted (SE(3)),True,,0.004373489995487034,6.691402248156612e-05,0.4668640194848917,
circular_honest,20260818,13,random,30,1,rotated-1,Full operator (SE(3)),True,,0.003904124998371117,3.216988101058231e-06,0.11176921722149735,0.9341299450240889
circular_honest,20260818,13,random,30,1,rotated-1,Pdiag pointwise (SE(3)),True,,0.010784063997562043,6.14312046418139e-05,0.4176007839401366,
circular_honest,20260818,13,random,30,1,rotated-1,Pdiag finite (SE(3)),True,,119.04006921799737,4.184140257713017e-05,0.23524797836585398,
circular_honest,20260818,14,random,30,2,rotated-2,Frame-weighted (SE(3)),True,,0.004257073000189848,6.227945748896157e-05,0.25080031007435355,
circular_honest,20260818,14,random,30,2,rotated-2,Full operator (SE(3)),True,,0.0010971160081680864,2.3630653523817886e-06,0.09299200246357703,0.9213487299609636
circular_honest,20260818,14,random,30,2,rotated-2,Pdiag pointwise (SE(3)),True,,0.010399142003734596,5.940894298493212e-05,0.15820795773460664,
circular_honest,20260818,14,random,30,2,rotated-2,Pdiag finite (SE(3)),True,,87.59579186899646,2.8628747177679714e-05,0.1886509244450178,
circular_honest,20260818,14,random,30,2,rotated-1,Frame-weighted (SE(3)),True,,0.008545780001441017,7.027471974635462e-05,0.44329353155366885,
circular_honest,20260818,14,random,30,2,rotated-1,Full operator (SE(3)),True,,0.0016566690028412268,2.7320736468356187e-06,0.12344569490334242,0.9374006090842598
circular_honest,20260818,14,random,30,2,rotated-1,Pdiag pointwise (SE(3)),True,,0.019087059001321904,6.776952860712013e-05,0.3463297588761429,
circular_honest,20260818,14,random,30,2,rotated-1,Pdiag finite (SE(3)),True,,115.94541438799934,5.1413436165897796e-05,0.3028250236973177,
circular_honest,20260818,15,qualified,30,0,rotated-1,Frame-weighted (SE(3)),True,,0.004255354011547752,7.326473788092527e-05,0.4353798616442949,
circular_honest,20260818,15,qualified,30,0,rotated-1,Full operator (SE(3)),True,,0.0011082439887104556,2.4916190000397838e-06,0.13380519674963595,0.938467668664693
circular_honest,20260818,15,qualified,30,0,rotated-1,Pdiag pointwise (SE(3)),True,,0.010354755009757355,6.979954390581421e-05,0.34719282628633613,
circular_honest,20260818,15,qualified,30,0,rotated-1,Pdiag finite (SE(3)),True,,96.60092850201181,4.5626158036981796e-05,0.2501402594765311,
circular_honest,20260818,16,qualified,30,1,local,Frame-weighted (SE(3)),True,,0.004346892994362861,7.0737639442353e-05,0.2294800702826268,
circular_honest,20260818,16,qualified,30,1,local,Full operator (SE(3)),True,,0.0011855460033984855,1.948057231322538e-06,0.05686913880270165,0.890980604207294
circular_honest,20260818,16,qualified,30,1,local,Pdiag pointwise (SE(3)),True,,0.015164076001383364,6.09395943216891e-05,0.1490691411358259,
circular_honest,20260818,16,qualified,30,1,local,Pdiag finite (SE(3)),True,,81.69462389699765,3.556842163002108e-06,0.061061474316684114,
circular_honest,20260818,15,qualified,30,0,rotated-2,Frame-weighted (SE(3)),True,,0.008464027006994002,6.515000068366384e-05,0.25234662115287554,
circular_honest,20260818,15,qualified,30,0,rotated-2,Full operator (SE(3)),True,,0.001836648996686563,2.317979405377023e-06,0.09226006189483504,0.9218328164519447
circular_honest,20260818,15,qualified,30,0,rotated-2,Pdiag pointwise (SE(3)),True,,0.019634361000498757,6.186714852184087e-05,0.16328882465505748,
circular_honest,20260818,15,qualified,30,0,rotated-2,Pdiag finite (SE(3)),True,,92.0457947870018,2.9532774649907237e-05,0.1690940792436148,
circular_honest,20260818,8,random,15,2,rotated-2,Frame-weighted (SE(3)),True,,0.003821245991275646,6.304089944944543e-05,0.18853009895708592,
circular_honest,20260818,8,random,15,2,rotated-2,Full operator (SE(3)),True,,0.0009070900123333558,3.1414329572959255e-06,0.08377123928410816,0.9302678460128454
circular_honest,20260818,8,random,15,2,rotated-2,Pdiag pointwise (SE(3)),True,,0.009880436002276838,5.7435649367499823e-05,0.13181373355110954,
circular_honest,20260818,8,random,15,2,rotated-2,Pdiag finite (SE(3)),True,,235.11708388700208,3.099066418984786e-05,0.17895505288165525,
circular_honest,20270818,0,random,8,0,rotated-1,Frame-weighted (SE(3)),True,,0.003844977996777743,4.301274022342178e-05,0.7741449811217437,
circular_honest,20270818,0,random,8,0,rotated-1,Full operator (SE(3)),True,,0.000894062002771534,6.631433682027836e-08,0.12557888129495737,0.9320725771025082
circular_honest,20270818,0,random,8,0,rotated-1,Pdiag pointwise (SE(3)),True,,0.010127237997949123,3.975419823219819e-05,0.6280162827944188,
circular_honest,20270818,0,random,8,0,rotated-1,Pdiag finite (SE(3)),True,,23.8953163910046,3.084961879188569e-05,0.45628048671071536,
circular_honest,20260818,15,qualified,30,0,local,Frame-weighted (SE(3)),True,,0.008394970005610958,6.617060428597445e-05,0.2770496717527553,
circular_honest,20260818,15,qualified,30,0,local,Full operator (SE(3)),True,,0.0017238979926332831,1.4429932501514326e-06,0.06316042758023306,0.8905503831504434
circular_honest,20260818,15,qualified,30,0,local,Pdiag pointwise (SE(3)),True,,0.018487430992536247,6.0478231306357165e-05,0.14236548002706667,
circular_honest,20260818,15,qualified,30,0,local,Pdiag finite (SE(3)),True,,124.00097086599271,3.1565741824018766e-06,0.07079632061387718,
circular_honest,20260818,16,qualified,30,1,rotated-2,Frame-weighted (SE(3)),True,,0.004418256008648314,7.00287284609174e-05,0.21955000267900388,
circular_honest,20260818,16,qualified,30,1,rotated-2,Full operator (SE(3)),True,,0.0014845590048935264,2.836713105236088e-06,0.09537440320271594,0.9288173948331422
circular_honest,20260818,16,qualified,30,1,rotated-2,Pdiag pointwise (SE(3)),True,,0.011118564987555146,6.507997930723172e-05,0.1556602294382544,
circular_honest,20260818,16,qualified,30,1,rotated-2,Pdiag finite (SE(3)),True,,96.83218842899078,3.2058641569717386e-05,0.19745224842983242,
circular_honest,20270818,1,random,8,1,rotated-1,Frame-weighted (SE(3)),True,,0.0036482299910858274,5.579988431295294e-05,0.2670915200207045,
circular_honest,20270818,1,random,8,1,rotated-1,Full operator (SE(3)),True,,0.000833242986118421,7.935311942057345e-07,0.1438686655316064,0.9407300677033161
circular_honest,20270818,1,random,8,1,rotated-1,Pdiag pointwise (SE(3)),True,,0.009737852000398561,5.3881192835999055e-05,0.24051188487328665,
circular_honest,20270818,1,random,8,1,rotated-1,Pdiag finite (SE(3)),True,,39.30828759899305,2.542856401894416e-05,0.22285677699877846,
circular_honest,20270818,0,random,8,0,rotated-2,Frame-weighted (SE(3)),True,,0.00713950399949681,4.094456497611424e-05,0.4660875338750196,
circular_honest,20270818,0,random,8,0,rotated-2,Full operator (SE(3)),True,,0.001386176998494193,1.505500339287482e-07,0.06381062068471413,0.9097795770051957
circular_honest,20270818,0,random,8,0,rotated-2,Pdiag pointwise (SE(3)),True,,0.01785779399506282,3.589641421906955e-05,0.4258246351762078,
circular_honest,20270818,0,random,8,0,rotated-2,Pdiag finite (SE(3)),True,,46.91105560101278,2.1735233555944266e-05,0.2002264730658467,
circular_honest,20270818,1,random,8,1,rotated-2,Frame-weighted (SE(3)),True,,0.003963679992011748,5.017440543963634e-05,0.1876467852195102,
circular_honest,20270818,1,random,8,1,rotated-2,Full operator (SE(3)),True,,0.0008630610100226477,8.512335317543159e-07,0.09522809731984057,0.9270667836883699
circular_honest,20270818,1,random,8,1,rotated-2,Pdiag pointwise (SE(3)),True,,0.010070684991660528,4.5519097585520904e-05,0.14179177257752162,
circular_honest,20270818,1,random,8,1,rotated-2,Pdiag finite (SE(3)),True,,43.522999348992016,2.311976890595156e-05,0.1661915956635293,
circular_honest,20260818,16,qualified,30,1,rotated-1,Frame-weighted (SE(3)),True,,0.00821303301199805,8.019083079137213e-05,0.37958728936460434,
circular_honest,20260818,16,qualified,30,1,rotated-1,Full operator (SE(3)),True,,0.0016343229945050552,3.2582512286337406e-06,0.11234277148947415,0.9369676440850541
circular_honest,20260818,16,qualified,30,1,rotated-1,Pdiag pointwise (SE(3)),True,,0.018175978009821847,7.54612387732662e-05,0.27890869923558453,
circular_honest,20260818,16,qualified,30,1,rotated-1,Pdiag finite (SE(3)),True,,152.68176252799458,5.266946839950386e-05,0.23718575569972628,
circular_honest,20270818,2,random,8,2,rotated-1,Frame-weighted (SE(3)),True,,0.006978429009905085,7.318737602395567e-05,0.9203736448110859,
circular_honest,20270818,2,random,8,2,rotated-1,Full operator (SE(3)),True,,0.0012810740008717403,9.338303057293073e-08,0.20025123999748834,0.9439625588695069
circular_honest,20270818,2,random,8,2,rotated-1,Pdiag pointwise (SE(3)),True,,0.01789769998867996,6.715951054431846e-05,0.7694566934962379,
circular_honest,20270818,2,random,8,2,rotated-1,Pdiag finite (SE(3)),True,,56.17097376698803,6.927370217192045e-05,0.567839727546579,
circular_honest,20270818,3,qualified,8,0,rotated-1,Frame-weighted (SE(3)),True,,0.004019927000626922,7.737059147760539e-05,0.24396855707247928,
circular_honest,20270818,3,qualified,8,0,rotated-1,Full operator (SE(3)),True,,0.0009095199930015951,3.7395977627600974e-07,0.12715950296966985,0.9146261188499456
circular_honest,20270818,3,qualified,8,0,rotated-1,Pdiag pointwise (SE(3)),True,,0.010530964995268732,6.885950341088652e-05,0.24675047078042117,
circular_honest,20270818,3,qualified,8,0,rotated-1,Pdiag finite (SE(3)),True,,27.805614370008698,3.776360733278525e-05,0.15967618926686558,
circular_honest,20270818,1,random,8,1,local,Frame-weighted (SE(3)),True,,0.0037982469948474318,5.062031583760468e-05,0.19711617275068347,
circular_honest,20270818,1,random,8,1,local,Full operator (SE(3)),True,,0.0008629450021544471,8.066938617095992e-07,0.08879422841440364,0.8965705305442536
circular_honest,20270818,1,random,8,1,local,Pdiag pointwise (SE(3)),True,,0.009804632005398162,4.789142119419753e-05,0.08014893103149459,
circular_honest,20270818,1,random,8,1,local,Pdiag finite (SE(3)),True,,86.97005150900804,2.544003020086751e-06,0.07683211859189461,
circular_honest,20260818,17,qualified,30,2,rotated-1,Frame-weighted (SE(3)),True,,0.004283528003725223,8.282865916270338e-05,0.2639344746754225,
circular_honest,20260818,17,qualified,30,2,rotated-1,Full operator (SE(3)),True,,0.0011420250084483996,3.0876521410475186e-06,0.11691121844525128,0.9347654300593483
circular_honest,20260818,17,qualified,30,2,rotated-1,Pdiag pointwise (SE(3)),True,,0.010469683998962864,7.669889322375656e-05,0.1737731891236416,
circular_honest,20260818,17,qualified,30,2,rotated-1,Pdiag finite (SE(3)),True,,136.5364582040056,5.237512928288929e-05,0.1771815392769735,
circular_honest,20260818,17,qualified,30,2,local,Frame-weighted (SE(3)),True,,0.007618472998728976,7.344926528666478e-05,0.20224592878938413,
circular_honest,20260818,17,qualified,30,2,local,Full operator (SE(3)),True,,0.00158129699411802,1.7425770506490253e-06,0.06116306290980542,0.8878838148065726
circular_honest,20260818,17,qualified,30,2,local,Pdiag pointwise (SE(3)),True,,0.018001568998442963,6.32383332914918e-05,0.07545373074380618,
circular_honest,20260818,17,qualified,30,2,local,Pdiag finite (SE(3)),True,,147.84401859399804,3.8405912811613955e-06,0.07273356150699736,
circular_honest,20270818,4,qualified,8,1,local,Frame-weighted (SE(3)),True,,0.003769223010749556,4.454499067788549e-05,0.21491000459986878,
circular_honest,20270818,4,qualified,8,1,local,Full operator (SE(3)),True,,0.0008563849987694994,5.107689049051211e-07,0.06350600705991824,0.8911173042314141
circular_honest,20270818,4,qualified,8,1,local,Pdiag pointwise (SE(3)),True,,0.009677455003838986,3.360658783401513e-05,0.1771148936745315,
circular_honest,20270818,4,qualified,8,1,local,Pdiag finite (SE(3)),True,,27.41261272999691,2.8104448835012462e-06,0.07590364130259197,
circular_honest,20270818,3,qualified,8,0,rotated-2,Frame-weighted (SE(3)),True,,0.007400475995382294,7.428409146675821e-05,0.22115761503859171,
circular_honest,20270818,3,qualified,8,0,rotated-2,Full operator (SE(3)),True,,0.0013578390062320977,3.6694350214535686e-07,0.22611637451187974,0.9421790465715609
circular_honest,20270818,3,qualified,8,0,rotated-2,Pdiag pointwise (SE(3)),True,,0.01853165299689863,6.482138998856021e-05,0.4032148901284017,
circular_honest,20270818,3,qualified,8,0,rotated-2,Pdiag finite (SE(3)),True,,41.214552799006924,3.072464722215928e-05,0.3827236063066006,
circular_honest,20270818,3,qualified,8,0,local,Frame-weighted (SE(3)),True,,0.004009578988188878,7.315373748034035e-05,0.21382078042546865,
circular_honest,20270818,3,qualified,8,0,local,Full operator (SE(3)),True,,0.002515729996957816,3.8290889440276135e-07,0.0957050489930639,0.8914730458353137
circular_honest,20270818,3,qualified,8,0,local,Pdiag pointwise (SE(3)),True,,0.011158930996316485,6.149875129737053e-05,0.24009719842328509,
circular_honest,20270818,3,qualified,8,0,local,Pdiag finite (SE(3)),True,,70.22871435800334,2.858619278026696e-06,0.06892834942099267,
circular_honest,20270818,0,random,8,0,local,Frame-weighted (SE(3)),True,,0.008125774998916313,3.9549356155895964e-05,0.39778587335504495,
circular_honest,20270818,0,random,8,0,local,Full operator (SE(3)),True,,0.0038669720088364556,4.2985080411173e-08,0.07780588868305176,0.8803734375236032
circular_honest,20270818,0,random,8,0,local,Pdiag pointwise (SE(3)),True,,0.020791512986761518,3.526739808406793e-05,0.25532978217525715,
circular_honest,20270818,0,random,8,0,local,Pdiag finite (SE(3)),True,,135.91133411999908,4.232130890922291e-06,0.08353098303989956,
circular_honest,20270818,4,qualified,8,1,rotated-2,Frame-weighted (SE(3)),True,,0.004276278006727807,4.309306139232437e-05,0.2031501572708505,
circular_honest,20270818,4,qualified,8,1,rotated-2,Full operator (SE(3)),True,,0.0010033259895863011,5.574064262981804e-07,0.1021035291955761,0.9345312835134554
circular_honest,20270818,4,qualified,8,1,rotated-2,Pdiag pointwise (SE(3)),True,,0.010699510996346362,2.9723890253698048e-05,0.3190134448405597,
circular_honest,20270818,4,qualified,8,1,rotated-2,Pdiag finite (SE(3)),True,,45.66196168700117,2.5368006700445393e-05,0.30331769381241025,
circular_honest,20270818,5,qualified,8,2,rotated-1,Frame-weighted (SE(3)),True,,0.006903189001604915,8.322759990147913e-05,0.43537631895670953,
circular_honest,20270818,5,qualified,8,2,rotated-1,Full operator (SE(3)),True,,0.0012500320008257404,3.975705745888349e-07,1.4758219296566322,0.911497950279025
circular_honest,20270818,5,qualified,8,2,rotated-1,Pdiag pointwise (SE(3)),True,,0.01731702200777363,7.755689689451034e-05,0.5485178976202378,
circular_honest,20270818,5,qualified,8,2,rotated-1,Pdiag finite (SE(3)),True,,39.56857548900007,3.982104972105973e-05,0.3182372160841942,
circular_honest,20270818,4,qualified,8,1,rotated-1,Frame-weighted (SE(3)),True,,0.010429515008581802,4.617162282373324e-05,0.2259096390939743,
circular_honest,20270818,4,qualified,8,1,rotated-1,Full operator (SE(3)),True,,0.0019118199998047203,7.406530604995284e-07,0.11632897489633053,0.9348210591274454
circular_honest,20270818,4,qualified,8,1,rotated-1,Pdiag pointwise (SE(3)),True,,0.02304437400016468,3.515700976306098e-05,0.3231842417747057,
circular_honest,20270818,4,qualified,8,1,rotated-1,Pdiag finite (SE(3)),True,,52.624871820007684,2.1056962426425664e-05,0.18188853541758324,
circular_honest,20260818,12,random,30,0,rotated-1,Frame-weighted (SE(3)),True,,0.00755937400390394,7.375314291122745e-05,0.38059656486243604,
circular_honest,20260818,12,random,30,0,rotated-1,Full operator (SE(3)),True,,0.0015219350025290623,2.760113231086844e-06,0.11289851309328815,0.9369905476587712
circular_honest,20260818,12,random,30,0,rotated-1,Pdiag pointwise (SE(3)),True,,0.018083779999869876,6.977042162124691e-05,0.2720797586842421,
circular_honest,20260818,12,random,30,0,rotated-1,Pdiag finite (SE(3)),True,,329.0411052240088,4.9035185393823795e-05,0.2303184847544791,
circular_honest,20270818,5,qualified,8,2,rotated-2,Frame-weighted (SE(3)),True,,0.007043379999231547,6.667273235342599e-05,0.1845018897989556,
circular_honest,20270818,5,qualified,8,2,rotated-2,Full operator (SE(3)),True,,0.001312540000071749,4.875751630094796e-07,5.378025261643296,0.8961834049705173
circular_honest,20270818,5,qualified,8,2,rotated-2,Pdiag pointwise (SE(3)),True,,0.01841023299493827,5.67754562420184e-05,0.22176868173318984,
circular_honest,20270818,5,qualified,8,2,rotated-2,Pdiag finite (SE(3)),True,,41.76205785700586,2.675270990556929e-05,0.16346478214498858,
circular_honest,20270818,6,random,15,0,rotated-1,Frame-weighted (SE(3)),True,,0.0038544470007764176,7.369470077213031e-05,0.3221651794475925,
circular_honest,20270818,6,random,15,0,rotated-1,Full operator (SE(3)),True,,0.000939420991926454,1.3414790763806156e-06,0.09972578423424049,0.9337651043144315
circular_honest,20270818,6,random,15,0,rotated-1,Pdiag pointwise (SE(3)),True,,0.010126371998921968,6.1017977558168984e-05,0.44565761696892575,
circular_honest,20270818,6,random,15,0,rotated-1,Pdiag finite (SE(3)),True,,41.264850280989776,4.2629265182412055e-05,0.36511428034375376,
circular_honest,20270818,5,qualified,8,2,local,Frame-weighted (SE(3)),True,,0.007804003995261155,6.299031204945104e-05,0.1887326438579878,
circular_honest,20270818,5,qualified,8,2,local,Full operator (SE(3)),True,,0.0013792149984510615,3.832768894381347e-07,1.0095939250599089,0.9239554885570295
circular_honest,20270818,5,qualified,8,2,local,Pdiag pointwise (SE(3)),True,,0.01946874499844853,5.2444563072030125e-05,0.11176283590107969,
circular_honest,20270818,5,qualified,8,2,local,Pdiag finite (SE(3)),True,,65.63602470899059,3.0203933712400374e-06,0.07889734907677674,
circular_honest,20260818,17,qualified,30,2,rotated-2,Frame-weighted (SE(3)),True,,0.00797913401038386,7.615772621580742e-05,0.20854313536981414,
circular_honest,20260818,17,qualified,30,2,rotated-2,Full operator (SE(3)),True,,0.0017343720101052895,2.929743021492006e-06,0.09156019337215066,0.9236577208836309
circular_honest,20260818,17,qualified,30,2,rotated-2,Pdiag pointwise (SE(3)),True,,0.01948889000050258,6.717040807268625e-05,0.16813549197051916,
circular_honest,20260818,17,qualified,30,2,rotated-2,Pdiag finite (SE(3)),True,,197.445907833011,3.953441898767247e-05,0.19337108369034076,
circular_honest,20270818,8,random,15,2,rotated-1,Frame-weighted (SE(3)),True,,0.0071515680028824136,6.831941633239795e-05,0.30337132490531493,
circular_honest,20270818,8,random,15,2,rotated-1,Full operator (SE(3)),True,,0.0013619249948533252,1.6026465753954128e-06,0.10028873029442426,0.9329912038233946
circular_honest,20270818,8,random,15,2,rotated-1,Pdiag pointwise (SE(3)),True,,0.01763609600311611,6.509334706603445e-05,0.20439445816463686,
circular_honest,20270818,8,random,15,2,rotated-1,Pdiag finite (SE(3)),True,,19.967900108007598,3.940192188655166e-05,0.18128431443164694,
circular_honest,20270818,7,random,15,1,rotated-1,Frame-weighted (SE(3)),True,,0.008192734996555373,5.7820837726097644e-05,0.4692209773368635,
circular_honest,20270818,7,random,15,1,rotated-1,Full operator (SE(3)),True,,0.0018004829908022657,1.3563439668084553e-06,0.11301316688463672,0.9380403127611753
circular_honest,20270818,7,random,15,1,rotated-1,Pdiag pointwise (SE(3)),True,,0.019985785998869687,5.0206815058698925e-05,0.4515485023027969,
circular_honest,20270818,7,random,15,1,rotated-1,Pdiag finite (SE(3)),True,,36.34893453300174,2.750357438493844e-05,0.2964462300360239,
circular_honest,20270818,7,random,15,1,rotated-2,Frame-weighted (SE(3)),True,,0.0039963580056792125,5.128593423741639e-05,0.2913210800138575,
circular_honest,20270818,7,random,15,1,rotated-2,Full operator (SE(3)),True,,0.0009360030089737847,1.3906344255570448e-06,0.11864909807442302,0.9252909043223049
circular_honest,20270818,7,random,15,1,rotated-2,Pdiag pointwise (SE(3)),True,,0.010052087003714405,4.616635820116499e-05,0.29048855173789306,
circular_honest,20270818,7,random,15,1,rotated-2,Pdiag finite (SE(3)),True,,39.120738788013114,3.180069650321389e-05,0.3116789724298816,
circular_honest,20270818,2,random,8,2,local,Frame-weighted (SE(3)),True,,0.004009352996945381,7.129381220772098e-05,0.5381213988055716,
circular_honest,20270818,2,random,8,2,local,Full operator (SE(3)),True,,0.0010668360046111047,3.117359067238452e-08,0.10003736182678426,0.8975846053022398
circular_honest,20270818,2,random,8,2,local,Pdiag pointwise (SE(3)),True,,0.01123984700825531,6.0084122570706104e-05,0.6051624353539478,
circular_honest,20270818,2,random,8,2,local,Pdiag finite (SE(3)),True,,166.05190205801046,2.8446441607915294e-06,0.0677867445547996,
circular_honest,20270818,6,random,15,0,local,Frame-weighted (SE(3)),True,,0.0038119239907246083,6.593925365061327e-05,0.2273371685162902,
circular_honest,20270818,6,random,15,0,local,Full operator (SE(3)),True,,0.0009141719929175451,3.5940399892238706e-07,0.05681286948591062,0.8893687972058999
circular_honest,20270818,6,random,15,0,local,Pdiag pointwise (SE(3)),True,,0.009898431002511643,4.240479670877328e-05,0.4296225363207852,
circular_honest,20270818,6,random,15,0,local,Pdiag finite (SE(3)),True,,67.67896885301161,2.64972372253024e-06,0.07976647162034525,
circular_honest,20270818,7,random,15,1,local,Frame-weighted (SE(3)),True,,0.00699083499785047,5.182140950208226e-05,0.3075820654540311,
circular_honest,20270818,7,random,15,1,local,Full operator (SE(3)),True,,0.0013544999965233728,7.351067962112335e-07,0.0664341471814783,0.8940146805943074
circular_honest,20270818,7,random,15,1,local,Pdiag pointwise (SE(3)),True,,0.01764198399905581,4.076958196233195e-05,0.3228695226625649,
circular_honest,20270818,7,random,15,1,local,Pdiag finite (SE(3)),True,,49.88630677299807,3.1216935841720003e-06,0.06122754519234028,
circular_honest,20270818,6,random,15,0,rotated-2,Frame-weighted (SE(3)),True,,0.007510579001973383,6.595947347570627e-05,0.22364669287096742,
circular_honest,20270818,6,random,15,0,rotated-2,Full operator (SE(3)),True,,0.001509659006842412,1.3571484117042906e-06,0.11914518167159384,0.9149711777330753
circular_honest,20270818,6,random,15,0,rotated-2,Pdiag pointwise (SE(3)),True,,0.018257878997246735,3.801768489430961e-05,0.7009194584429423,
circular_honest,20270818,6,random,15,0,rotated-2,Pdiag finite (SE(3)),True,,71.51313057300285,2.5573756085657683e-05,0.31991500197515177,
circular_honest,20270818,9,qualified,15,0,local,Frame-weighted (SE(3)),True,,0.007172369005274959,6.740856251967939e-05,0.2608035040649204,
circular_honest,20270818,9,qualified,15,0,local,Full operator (SE(3)),True,,0.001409745993441902,1.3617239591802774e-06,0.06422995538428947,0.8915444918419101
circular_honest,20270818,9,qualified,15,0,local,Pdiag pointwise (SE(3)),True,,0.01863132200378459,5.952859270043393e-05,0.12019208580801369,
circular_honest,20270818,9,qualified,15,0,local,Pdiag finite (SE(3)),True,,54.40115927399893,3.457832009474894e-06,0.07077926819546976,
circular_honest,20270818,11,qualified,15,2,rotated-1,Frame-weighted (SE(3)),True,,0.0038901539955986664,5.0044441805952775e-05,0.39247853587676673,
circular_honest,20270818,11,qualified,15,2,rotated-1,Full operator (SE(3)),True,,0.0009445350005989894,9.764591552210496e-07,0.13975525286986604,0.9359031171358868
circular_honest,20270818,11,qualified,15,2,rotated-1,Pdiag pointwise (SE(3)),True,,0.009946669000783004,4.740579367724059e-05,0.2664070283717447,
circular_honest,20270818,11,qualified,15,2,rotated-1,Pdiag finite (SE(3)),True,,30.67231450600957,2.9840051932307408e-05,0.21039216681484812,
circular_honest,20270818,10,qualified,15,1,local,Frame-weighted (SE(3)),True,,0.008035667997319251,5.024906667940638e-05,0.2781441966270906,
circular_honest,20270818,10,qualified,15,1,local,Full operator (SE(3)),True,,0.001520047997473739,1.4762303404961568e-06,0.05598499611981572,0.8897838397049785
circular_honest,20270818,10,qualified,15,1,local,Pdiag pointwise (SE(3)),True,,0.02095268999983091,4.542019492302188e-05,0.11521856229382262,
circular_honest,20270818,10,qualified,15,1,local,Pdiag finite (SE(3)),True,,45.38040768299834,3.539739458052554e-06,0.06804901017442665,
circular_honest,20270818,10,qualified,15,1,rotated-1,Frame-weighted (SE(3)),True,,0.010544789998675697,5.5405509804405934e-05,0.40023694959367734,
circular_honest,20270818,10,qualified,15,1,rotated-1,Full operator (SE(3)),True,,0.004526207005255856,1.950934977120665e-06,0.10795633510894277,0.9349013722958788
circular_honest,20270818,10,qualified,15,1,rotated-1,Pdiag pointwise (SE(3)),True,,0.019403420999879017,5.3663649025363175e-05,0.30729083812296126,
circular_honest,20270818,10,qualified,15,1,rotated-1,Pdiag finite (SE(3)),True,,41.59406543600198,3.208834338011173e-05,0.1706487700510668,
circular_honest,20270818,11,qualified,15,2,local,Frame-weighted (SE(3)),True,,0.007037853007204831,4.65217645423116e-05,0.3106690473380507,
circular_honest,20270818,11,qualified,15,2,local,Full operator (SE(3)),True,,0.0042543239978840575,6.893275728506221e-07,0.06297750559592044,0.88754655232718
circular_honest,20270818,11,qualified,15,2,local,Pdiag pointwise (SE(3)),True,,0.015217321008094586,4.0472675141795065e-05,0.21347401790490456,
circular_honest,20270818,11,qualified,15,2,local,Pdiag finite (SE(3)),True,,40.106508864002535,3.1973884517114406e-06,0.07806691609423844,
circular_honest,20270818,9,qualified,15,0,rotated-2,Frame-weighted (SE(3)),True,,0.007081417003064416,6.96263009669915e-05,0.2792871719181506,
circular_honest,20270818,9,qualified,15,0,rotated-2,Full operator (SE(3)),True,,0.001345041993772611,1.6877761347648799e-06,0.10424301438084115,0.9245291594246651
circular_honest,20270818,9,qualified,15,0,rotated-2,Pdiag pointwise (SE(3)),True,,0.017187880002893507,6.487650409794041e-05,0.16949053160252975,
circular_honest,20270818,9,qualified,15,0,rotated-2,Pdiag finite (SE(3)),True,,54.91028403599921,4.618414984737366e-05,0.23646741568084664,
circular_honest,20270818,8,random,15,2,rotated-2,Frame-weighted (SE(3)),True,,0.0038987870066193864,6.007159058077052e-05,0.19927852216299133,
circular_honest,20270818,8,random,15,2,rotated-2,Full operator (SE(3)),True,,0.001010990992654115,1.4104648652133947e-06,0.09379762052035404,0.9297740991493114
circular_honest,20270818,8,random,15,2,rotated-2,Pdiag pointwise (SE(3)),True,,0.009784511988982558,5.46105508593948e-05,0.1397545413318248,
circular_honest,20270818,8,random,15,2,rotated-2,Pdiag finite (SE(3)),True,,74.17212547000963,2.8413430077852604e-05,0.1816455101319083,
circular_honest,20270818,8,random,15,2,local,Frame-weighted (SE(3)),True,,0.0037925950018689036,5.801760359054285e-05,0.19813066533855767,
circular_honest,20270818,8,random,15,2,local,Full operator (SE(3)),True,,0.0009178790060104802,1.320193341127911e-06,0.06323909152738512,0.8869077694463632
circular_honest,20270818,8,random,15,2,local,Pdiag pointwise (SE(3)),True,,0.010202922989265062,5.067569520232555e-05,0.11038072442675811,
circular_honest,20270818,8,random,15,2,local,Pdiag finite (SE(3)),True,,112.11843909000163,2.628139520233596e-06,0.0662131626908747,
circular_honest,20270818,10,qualified,15,1,rotated-2,Frame-weighted (SE(3)),True,,0.007057199996779673,5.038041197879089e-05,0.2722094058937869,
circular_honest,20270818,10,qualified,15,1,rotated-2,Full operator (SE(3)),True,,0.0013397020084084943,2.1843209734247207e-06,0.08220904932605923,0.922215821994999
circular_honest,20270818,10,qualified,15,1,rotated-2,Pdiag pointwise (SE(3)),True,,0.017383194994181395,4.666831604821457e-05,0.19353077970354535,
circular_honest,20270818,10,qualified,15,1,rotated-2,Pdiag finite (SE(3)),True,,84.41494737099856,3.0139837189120326e-05,0.25924065664366924,
circular_honest,20270818,9,qualified,15,0,rotated-1,Frame-weighted (SE(3)),True,,0.007495124998968095,7.479842966625011e-05,0.3926909190124224,
circular_honest,20270818,9,qualified,15,0,rotated-1,Full operator (SE(3)),True,,0.001465214998461306,1.7440091143808815e-06,0.11733665446689104,0.9359579129776167
circular_honest,20270818,9,qualified,15,0,rotated-1,Pdiag pointwise (SE(3)),True,,0.01821620500413701,7.179855762145017e-05,0.27916817495217394,
circular_honest,20270818,9,qualified,15,0,rotated-1,Pdiag finite (SE(3)),True,,103.15209600800881,4.404114915388535e-05,0.2192889865945962,
circular_honest,20270818,13,random,30,1,rotated-2,Frame-weighted (SE(3)),True,,0.007577803989988752,6.276205236904921e-05,0.3689062817378812,
circular_honest,20270818,13,random,30,1,rotated-2,Full operator (SE(3)),True,,0.003417418003664352,2.4962896431984877e-06,0.10644431083733914,0.9250627890896177
circular_honest,20270818,13,random,30,1,rotated-2,Pdiag pointwise (SE(3)),True,,0.018626154997036792,6.054459350932049e-05,0.27071731434130397,
circular_honest,20270818,13,random,30,1,rotated-2,Pdiag finite (SE(3)),True,,54.73937055900751,3.723991591546675e-05,0.25807930805156964,
circular_honest,20270818,12,random,30,0,local,Frame-weighted (SE(3)),True,,0.0042197779985144734,6.273334344013371e-05,0.23168613931182505,
circular_honest,20270818,12,random,30,0,local,Full operator (SE(3)),True,,0.0010905830131378025,2.000459347495127e-06,0.06356341148937793,0.8895384298457141
circular_honest,20270818,12,random,30,0,local,Pdiag pointwise (SE(3)),True,,0.01030436300789006,5.5211722814447074e-05,0.09663460420248583,
circular_honest,20270818,12,random,30,0,local,Pdiag finite (SE(3)),True,,83.59224972099764,3.900129180889423e-06,0.06756609587512524,
circular_honest,20270818,12,random,30,0,rotated-2,Frame-weighted (SE(3)),True,,0.007870773988543078,6.332786578979447e-05,0.23163330458034107,
circular_honest,20270818,12,random,30,0,rotated-2,Full operator (SE(3)),True,,0.0015882240113569424,2.8679740529566384e-06,0.0961105635932926,0.9210957666013504
circular_honest,20270818,12,random,30,0,rotated-2,Pdiag pointwise (SE(3)),True,,0.018653147999430075,5.839466574223472e-05,0.15074102018310265,
circular_honest,20270818,12,random,30,0,rotated-2,Pdiag finite (SE(3)),True,,94.76429856498726,3.4439193730166695e-05,0.19537536327631136,
circular_honest,20270818,13,random,30,1,local,Frame-weighted (SE(3)),True,,0.004184877005172893,6.165186184784438e-05,0.3485223564126802,
circular_honest,20270818,13,random,30,1,local,Full operator (SE(3)),True,,0.0010562609968474135,1.0457668049547464e-06,0.061728851490785115,0.889800784920725
circular_honest,20270818,13,random,30,1,local,Pdiag pointwise (SE(3)),True,,0.010120492006535642,5.418338526324705e-05,0.2258339615126388,
circular_honest,20270818,13,random,30,1,local,Pdiag finite (SE(3)),True,,108.9842255590047,3.139442864520299e-06,0.06511716605380577,
circular_honest,20270818,14,random,30,2,rotated-2,Frame-weighted (SE(3)),True,,0.009070066007552668,6.238504794003591e-05,0.25403536659681547,
circular_honest,20270818,14,random,30,2,rotated-2,Full operator (SE(3)),True,,0.001878566006780602,2.237140179652777e-06,0.10288537272940292,0.9234481981180889
circular_honest,20270818,14,random,30,2,rotated-2,Pdiag pointwise (SE(3)),True,,0.024604945007013157,5.955155153814784e-05,0.16220409200113234,
circular_honest,20270818,14,random,30,2,rotated-2,Pdiag finite (SE(3)),True,,74.44770006400358,2.89816395539373e-05,0.191208254600548,
circular_honest,20270818,12,random,30,0,rotated-1,Frame-weighted (SE(3)),True,,0.00416243499785196,7.225058386703142e-05,0.380953052314722,
circular_honest,20270818,12,random,30,0,rotated-1,Full operator (SE(3)),True,,0.0010647050075931475,2.615445580527603e-06,0.11584873475652671,0.9355151637947963
circular_honest,20270818,12,random,30,0,rotated-1,Pdiag pointwise (SE(3)),True,,0.010010747006163001,6.81927661208757e-05,0.2732796493916469,
circular_honest,20270818,12,random,30,0,rotated-1,Pdiag finite (SE(3)),True,,127.66376639199734,4.737502774155786e-05,0.23254633144439402,
circular_honest,20270818,14,random,30,2,rotated-1,Frame-weighted (SE(3)),True,,0.007704268005909398,7.020613271581316e-05,0.4398358317364417,
circular_honest,20270818,14,random,30,2,rotated-1,Full operator (SE(3)),True,,0.0015970810054568574,2.4958687554754052e-06,0.11972613582988681,0.9370430142691362
circular_honest,20270818,14,random,30,2,rotated-1,Pdiag pointwise (SE(3)),True,,0.018146820992114954,6.767782935306364e-05,0.3431613766863299,
circular_honest,20270818,14,random,30,2,rotated-1,Pdiag finite (SE(3)),True,,85.55398160099867,5.143637892839026e-05,0.2984483416783414,
circular_honest,20270818,14,random,30,2,local,Frame-weighted (SE(3)),True,,0.007491652009775862,6.356178878265277e-05,0.27818099268342245,
circular_honest,20270818,14,random,30,2,local,Full operator (SE(3)),True,,0.001558062998810783,1.5690450142442478e-06,0.06469974342799721,0.8916671976145677
circular_honest,20270818,14,random,30,2,local,Pdiag pointwise (SE(3)),True,,0.018439724008203484,5.7424584170190077e-05,0.15597548695204325,
circular_honest,20270818,14,random,30,2,local,Pdiag finite (SE(3)),True,,117.30462887600879,3.8725738960210955e-06,0.0730399901400219,
circular_honest,20270818,2,random,8,2,rotated-2,Frame-weighted (SE(3)),True,,0.003876597009366378,6.786429912522298e-05,0.3773039960574649,
circular_honest,20270818,2,random,8,2,rotated-2,Full operator (SE(3)),True,,0.0008897410007193685,1.422996251485561e-07,0.12662967422626184,0.9181883296498702
circular_honest,20270818,2,random,8,2,rotated-2,Pdiag pointwise (SE(3)),True,,0.009983342009945773,6.350672609843866e-05,0.6278505328300903,
circular_honest,20270818,2,random,8,2,rotated-2,Pdiag finite (SE(3)),True,,311.7420064119942,1.0802159898694472e-05,0.13719604328727075,
circular_honest,20270818,15,qualified,30,0,rotated-1,Frame-weighted (SE(3)),True,,0.007300735989701934,7.346069173466662e-05,0.4213517754879552,
circular_honest,20270818,15,qualified,30,0,rotated-1,Full operator (SE(3)),True,,0.0017139090050477535,2.2457784290877972e-06,0.12462602348816833,0.9372322292125059
circular_honest,20270818,15,qualified,30,0,rotated-1,Pdiag pointwise (SE(3)),True,,0.010221010990790091,7.006432607703817e-05,0.3300431567899785,
circular_honest,20270818,15,qualified,30,0,rotated-1,Pdiag finite (SE(3)),True,,84.92413560200657,4.5839211422587126e-05,0.25142100395253314,
circular_honest,20270818,13,random,30,1,rotated-1,Frame-weighted (SE(3)),True,,0.0076163539924891666,6.620036030611529e-05,0.4590133161964805,
circular_honest,20270818,13,random,30,1,rotated-1,Full operator (SE(3)),True,,0.0015372510097222403,2.3427758887900166e-06,0.10680122118402346,0.9337348769265232
circular_honest,20270818,13,random,30,1,rotated-1,Pdiag pointwise (SE(3)),True,,0.017830057986429892,6.053946442066554e-05,0.4123547193635586,
circular_honest,20270818,13,random,30,1,rotated-1,Pdiag finite (SE(3)),True,,152.45185550299357,4.086587341522619e-05,0.2324103977916603,
circular_honest,20270818,15,qualified,30,0,local,Frame-weighted (SE(3)),True,,0.004193510991171934,6.634151003840255e-05,0.27571937713031985,
circular_honest,20270818,15,qualified,30,0,local,Full operator (SE(3)),True,,0.0010966779955197126,1.2418532363543193e-06,0.07623023352172817,0.8907230677543356
circular_honest,20270818,15,qualified,30,0,local,Pdiag pointwise (SE(3)),True,,0.009851822003838606,6.061796349463201e-05,0.1426075693938896,
circular_honest,20270818,15,qualified,30,0,local,Pdiag finite (SE(3)),True,,114.0900175679999,2.995652973042657e-06,0.07260011309729987,
circular_honest,20270818,16,qualified,30,1,rotated-2,Frame-weighted (SE(3)),True,,0.007737680003629066,6.909703479808152e-05,0.22901667962283478,
circular_honest,20270818,16,qualified,30,1,rotated-2,Full operator (SE(3)),True,,0.0016418430022895336,2.6828403226294496e-06,0.10532924144909878,0.9289758895633767
circular_honest,20270818,16,qualified,30,1,rotated-2,Pdiag pointwise (SE(3)),True,,0.02351759899465833,6.41142514638489e-05,0.16791613757431467,
circular_honest,20270818,16,qualified,30,1,rotated-2,Pdiag finite (SE(3)),True,,72.08238290500594,3.202611580297791e-05,0.2047013944925754,
circular_honest,20270818,16,qualified,30,1,local,Frame-weighted (SE(3)),True,,0.004251556005328894,6.965373670369485e-05,0.2384313515916808,
circular_honest,20270818,16,qualified,30,1,local,Full operator (SE(3)),True,,0.0011449250014266,1.9803474226794955e-06,0.0629113548134385,0.8903783658085863
circular_honest,20270818,16,qualified,30,1,local,Pdiag pointwise (SE(3)),True,,0.010711773997172713,5.9682800044183235e-05,0.16288182894105585,
circular_honest,20270818,16,qualified,30,1,local,Pdiag finite (SE(3)),True,,106.98845318099484,3.4874815580683677e-06,0.06759746187687093,
circular_honest,20280818,0,random,8,0,local,Frame-weighted (SE(3)),True,,0.006969098001718521,4.003285915737444e-05,0.4207010190703553,
circular_honest,20280818,0,random,8,0,local,Full operator (SE(3)),True,,0.001284337995457463,1.1589630980330992e-07,0.07682593778732416,0.8874524000786902
circular_honest,20280818,0,random,8,0,local,Pdiag pointwise (SE(3)),True,,0.017795634994399734,3.629747000665287e-05,0.26375921795308155,
circular_honest,20280818,0,random,8,0,local,Pdiag finite (SE(3)),True,,68.71058006599196,3.5976710013436955e-06,0.09001950985926445,
circular_honest,20270818,15,qualified,30,0,rotated-2,Frame-weighted (SE(3)),True,,0.007557226999779232,6.54685195567284e-05,0.2606246905209534,
circular_honest,20270818,15,qualified,30,0,rotated-2,Full operator (SE(3)),True,,0.0015977660077624023,2.130800295042924e-06,0.12649572543438387,0.9235567477341479
circular_honest,20270818,15,qualified,30,0,rotated-2,Pdiag pointwise (SE(3)),True,,0.017990715001360513,6.1922709347347e-05,0.18505273732561595,
circular_honest,20270818,15,qualified,30,0,rotated-2,Pdiag finite (SE(3)),True,,129.68239352300589,2.9559632185024344e-05,0.17811772530577846,
circular_honest,20280818,0,random,8,0,rotated-1,Frame-weighted (SE(3)),True,,0.004405864005093463,4.323015434182478e-05,0.7958122653062831,
circular_honest,20280818,0,random,8,0,rotated-1,Full operator (SE(3)),True,,0.0011082509881816804,1.0779138686082971e-07,0.11452586009694467,0.937505961893476
circular_honest,20280818,0,random,8,0,rotated-1,Pdiag pointwise (SE(3)),True,,0.010918056999798864,4.056224083900318e-05,0.6548528547002038,
circular_honest,20280818,0,random,8,0,rotated-1,Pdiag finite (SE(3)),True,,61.94538163401012,3.138438118220847e-05,0.4787938574603506,
circular_honest,20270818,17,qualified,30,2,local,Frame-weighted (SE(3)),True,,0.007651909996639006,7.404167029660394e-05,0.19906042604966115,
circular_honest,20270818,17,qualified,30,2,local,Full operator (SE(3)),True,,0.001673953011049889,1.1780957454576508e-06,0.06083730829607157,0.8887258452010927
circular_honest,20270818,17,qualified,30,2,local,Pdiag pointwise (SE(3)),True,,0.018173395001213066,6.38113066414903e-05,0.07061540360600023,
circular_honest,20270818,17,qualified,30,2,local,Pdiag finite (SE(3)),True,,95.6381081790023,3.565242315381334e-06,0.06728390080598026,
circular_honest,20280818,0,random,8,0,rotated-2,Frame-weighted (SE(3)),True,,0.0036982780002290383,4.140795694316459e-05,0.49171935541938666,
circular_honest,20280818,0,random,8,0,rotated-2,Full operator (SE(3)),True,,0.000844996000523679,1.0785425736017653e-07,0.060797706749122375,0.913829068808799
circular_honest,20280818,0,random,8,0,rotated-2,Pdiag pointwise (SE(3)),True,,0.009623317993828095,3.626083210584279e-05,0.45271111865743685,
circular_honest,20280818,0,random,8,0,rotated-2,Pdiag finite (SE(3)),True,,77.6649051150016,2.142604742356559e-05,0.2050419651829579,
circular_honest,20280818,1,random,8,1,rotated-2,Frame-weighted (SE(3)),True,,0.003896963011357002,4.887373279615981e-05,0.19062781844019833,
circular_honest,20280818,1,random,8,1,rotated-2,Full operator (SE(3)),True,,0.0008656499994685873,4.1965138542233367e-07,0.10854310125642705,0.9295688149339707
circular_honest,20280818,1,random,8,1,rotated-2,Pdiag pointwise (SE(3)),True,,0.010432480004965328,4.365699964898869e-05,0.1773614912309318,
circular_honest,20280818,1,random,8,1,rotated-2,Pdiag finite (SE(3)),True,,41.62433280899131,2.2259868800576984e-05,0.18052033737684056,
circular_honest,20280818,1,random,8,1,local,Frame-weighted (SE(3)),True,,0.007149222001316957,4.8747503875789474e-05,0.19022744360552152,
circular_honest,20280818,1,random,8,1,local,Full operator (SE(3)),True,,0.0012793679925380275,3.57217461486746e-07,0.07496134802193685,0.8920463005904216
circular_honest,20280818,1,random,8,1,local,Pdiag pointwise (SE(3)),True,,0.017738886002916843,4.565542034280338e-05,0.08701101207936679,
circular_honest,20280818,1,random,8,1,local,Pdiag finite (SE(3)),True,,79.01705758500611,1.9822641886953765e-06,0.07126364406154595,
keyed,20280818,13,random,30,1,rotated-1,Frame-weighted (SE(3)),True,,0.004331838004873134,9.888751725196732e-05,0.3751548851618524,
keyed,20280818,13,random,30,1,rotated-1,Full operator (SE(3)),True,,0.0011352990113664418,2.479423095772309e-05,0.14646147401956677,0.932321375171306
keyed,20280818,13,random,30,1,rotated-1,Pdiag pointwise (SE(3)),True,,0.010305023010005243,9.309283832070608e-05,0.4505231754943922,
keyed,20280818,13,random,30,1,rotated-1,Pdiag finite (SE(3)),True,,1218.4386899899982,7.006603942166082e-05,0.2525553080901402,
circular_honest,20280818,1,random,8,1,rotated-1,Frame-weighted (SE(3)),True,,0.0037933389976387843,5.396324070472376e-05,0.2461580007016334,
circular_honest,20280818,1,random,8,1,rotated-1,Full operator (SE(3)),True,,0.0008923490095185116,3.8770122745294104e-07,0.11347234564246002,0.9341559405192766
circular_honest,20280818,1,random,8,1,rotated-1,Pdiag pointwise (SE(3)),True,,0.009765000009792857,5.211707062576579e-05,0.20952974883179648,
circular_honest,20280818,1,random,8,1,rotated-1,Pdiag finite (SE(3)),True,,60.56199033900339,2.4253810207884683e-05,0.21436607966324583,
circular_honest,20280818,2,random,8,2,rotated-1,Frame-weighted (SE(3)),True,,0.00377249599841889,7.327669538939652e-05,0.957192073826025,
circular_honest,20280818,2,random,8,2,rotated-1,Full operator (SE(3)),True,,0.0008619260042905807,3.1026414095897514e-07,0.24203346074757717,0.9423838964037972
circular_honest,20280818,2,random,8,2,rotated-1,Pdiag pointwise (SE(3)),True,,0.010262809999403544,6.759623476989322e-05,0.8243223462858814,
circular_honest,20280818,2,random,8,2,rotated-1,Pdiag finite (SE(3)),True,,49.619296513003064,6.996095180453089e-05,0.5836962506386644,
circular_honest,20270818,16,qualified,30,1,rotated-1,Frame-weighted (SE(3)),True,,0.007832527000573464,7.897075202727911e-05,0.3847291960446399,
circular_honest,20270818,16,qualified,30,1,rotated-1,Full operator (SE(3)),True,,0.00165546900825575,3.0610745913186297e-06,0.11661170675681184,0.9362817623397367
circular_honest,20270818,16,qualified,30,1,rotated-1,Pdiag pointwise (SE(3)),True,,0.019008716990356334,7.41416589261777e-05,0.2855082602263048,
circular_honest,20270818,16,qualified,30,1,rotated-1,Pdiag finite (SE(3)),True,,154.66452303501137,5.1519533442964097e-05,0.2414618660034133,
circular_honest,20270818,17,qualified,30,2,rotated-2,Frame-weighted (SE(3)),True,,0.00813037900661584,7.678281253452817e-05,0.20657964503105017,
circular_honest,20270818,17,qualified,30,2,rotated-2,Full operator (SE(3)),True,,0.001710140990326181,2.337926211283515e-06,0.09140981733249633,0.9241777975864467
circular_honest,20270818,17,qualified,30,2,rotated-2,Pdiag pointwise (SE(3)),True,,0.020256828996934928,6.771867418849514e-05,0.1652446811036143,
circular_honest,20270818,17,qualified,30,2,rotated-2,Pdiag finite (SE(3)),True,,131.9272474550089,3.9864663279292875e-05,0.1905465432322812,
circular_honest,20280818,4,qualified,8,1,local,Frame-weighted (SE(3)),True,,0.003735411009984091,4.397266603065989e-05,0.21664810062666287,
circular_honest,20280818,4,qualified,8,1,local,Full operator (SE(3)),True,,0.0008500239928252995,6.474234963524092e-08,0.06885168235706653,0.8945965004109578
circular_honest,20280818,4,qualified,8,1,local,Pdiag pointwise (SE(3)),True,,0.009975313994800672,3.325778311674067e-05,0.17302023975035255,
circular_honest,20280818,4,qualified,8,1,local,Pdiag finite (SE(3)),True,,21.96332957399136,3.084385136783411e-06,0.0736459776139335,
circular_honest,20270818,17,qualified,30,2,rotated-1,Frame-weighted (SE(3)),True,,0.00415927499125246,8.3571644998229e-05,0.26087020386079995,
circular_honest,20270818,17,qualified,30,2,rotated-1,Full operator (SE(3)),True,,0.0010799769952427596,2.4447655664772367e-06,0.11733824746830895,0.9357957377128506
circular_honest,20270818,17,qualified,30,2,rotated-1,Pdiag pointwise (SE(3)),True,,0.010175775008974597,7.760489649237508e-05,0.16761401525315775,
circular_honest,20270818,17,qualified,30,2,rotated-1,Pdiag finite (SE(3)),True,,144.62280509399716,5.2606296884832525e-05,0.17078657219316326,
circular_honest,20280818,4,qualified,8,1,rotated-1,Frame-weighted (SE(3)),True,,0.003806143009569496,4.565583008570258e-05,0.22829193484841487,
circular_honest,20280818,4,qualified,8,1,rotated-1,Full operator (SE(3)),True,,0.0008607860072515905,1.5721600601368135e-07,0.12119502055980412,0.9357838729639755
circular_honest,20280818,4,qualified,8,1,rotated-1,Pdiag pointwise (SE(3)),True,,0.009782427005120553,3.511651234822304e-05,0.311423503927939,
circular_honest,20280818,4,qualified,8,1,rotated-1,Pdiag finite (SE(3)),True,,43.01113208298921,2.1029513316622764e-05,0.17723480109412695,
circular_honest,20280818,3,qualified,8,0,rotated-1,Frame-weighted (SE(3)),True,,0.0037514180003199726,8.271118478245641e-05,0.3174015870829968,
circular_honest,20280818,3,qualified,8,0,rotated-1,Full operator (SE(3)),True,,0.0008532290084986016,5.275259794421051e-07,0.20643230556360775,0.9122930225234195
circular_honest,20280818,3,qualified,8,0,rotated-1,Pdiag pointwise (SE(3)),True,,0.009856990989646874,7.361540224475543e-05,0.3289245733810551,
circular_honest,20280818,3,qualified,8,0,rotated-1,Pdiag finite (SE(3)),True,,56.8585718920076,4.2372658883464695e-05,0.17385204722864667,
circular_honest,20280818,4,qualified,8,1,rotated-2,Frame-weighted (SE(3)),True,,0.007017559997620992,4.2778357599094456e-05,0.20492513318271155,
circular_honest,20280818,4,qualified,8,1,rotated-2,Full operator (SE(3)),True,,0.0012970380048500374,8.7248182509747e-08,0.10924686347632667,0.9391185402950111
circular_honest,20280818,4,qualified,8,1,rotated-2,Pdiag pointwise (SE(3)),True,,0.01809252699604258,3.0195045580089414e-05,0.3027250124329755,
circular_honest,20280818,4,qualified,8,1,rotated-2,Pdiag finite (SE(3)),True,,43.48085897399869,2.5480590276231644e-05,0.2961463244532866,
circular_honest,20280818,2,random,8,2,rotated-2,Frame-weighted (SE(3)),True,,0.007166298004449345,6.845170072416547e-05,0.38579400198839736,
circular_honest,20280818,2,random,8,2,rotated-2,Full operator (SE(3)),True,,0.0012621759960893542,3.484282747948367e-07,0.14752052188097417,0.9093093547347907
circular_honest,20280818,2,random,8,2,rotated-2,Pdiag pointwise (SE(3)),True,,0.017854158009868115,6.302608603673918e-05,0.7035583649521673,
circular_honest,20280818,2,random,8,2,rotated-2,Pdiag finite (SE(3)),True,,89.434540414004,1.0586489493410244e-05,0.14652840082046859,
circular_honest,20280818,5,qualified,8,2,rotated-1,Frame-weighted (SE(3)),True,,0.003796855002292432,8.359845789592975e-05,0.4261145807795845,
circular_honest,20280818,5,qualified,8,2,rotated-1,Full operator (SE(3)),True,,0.0008735930023249239,3.1367802130767154e-07,1.3416130661564099,0.9046394796717042
circular_honest,20280818,5,qualified,8,2,rotated-1,Pdiag pointwise (SE(3)),True,,0.009930632004397921,7.751700738092838e-05,0.5464482210239542,
circular_honest,20280818,5,qualified,8,2,rotated-1,Pdiag finite (SE(3)),True,,38.56628116600041,3.993878794541882e-05,0.3176873497627383,
circular_honest,20280818,3,qualified,8,0,local,Frame-weighted (SE(3)),True,,0.007984218013007194,7.878589785159971e-05,0.27417962491552217,
circular_honest,20280818,3,qualified,8,0,local,Full operator (SE(3)),True,,0.001460629006032832,5.3395921665124e-07,0.22448723943898116,0.8980201295336714
circular_honest,20280818,3,qualified,8,0,local,Pdiag pointwise (SE(3)),True,,0.01899428899923805,6.73534338543722e-05,0.3000797996017034,
circular_honest,20280818,3,qualified,8,0,local,Pdiag finite (SE(3)),True,,100.58819180600403,6.409675203933004e-06,0.09256216240814116,
circular_honest,20280818,5,qualified,8,2,rotated-2,Frame-weighted (SE(3)),True,,0.0038491540035465732,6.60637147344612e-05,0.18103583496169973,
circular_honest,20280818,5,qualified,8,2,rotated-2,Full operator (SE(3)),True,,0.0008565169991925359,6.346037416529474e-07,6.720935203733064,0.8878964408805876
circular_honest,20280818,5,qualified,8,2,rotated-2,Pdiag pointwise (SE(3)),True,,0.009865931002423167,5.6128983417766446e-05,0.20786991139830732,
circular_honest,20280818,5,qualified,8,2,rotated-2,Pdiag finite (SE(3)),True,,58.1987009709992,2.6785470025117892e-05,0.15141087948337723,
circular_honest,20280818,6,random,15,0,local,Frame-weighted (SE(3)),True,,0.003976386986323632,6.69291312406269e-05,0.23526525053060557,
circular_honest,20280818,6,random,15,0,local,Full operator (SE(3)),True,,0.0009294990013586357,1.1592444578718513e-06,0.05660584908334958,0.8881557126452772
circular_honest,20280818,6,random,15,0,local,Pdiag pointwise (SE(3)),True,,0.010192760004429147,4.354744703039923e-05,0.4364598449338334,
circular_honest,20280818,6,random,15,0,local,Pdiag finite (SE(3)),True,,56.29191233200254,4.059733454886133e-06,0.08802335598746326,
circular_honest,20280818,3,qualified,8,0,rotated-2,Frame-weighted (SE(3)),True,,0.0068693220091518015,7.975056462095913e-05,0.23943980180950722,
circular_honest,20280818,3,qualified,8,0,rotated-2,Full operator (SE(3)),True,,0.0012413509975885972,5.043510273046356e-07,0.44582482821315095,0.936456758724323
circular_honest,20280818,3,qualified,8,0,rotated-2,Pdiag pointwise (SE(3)),True,,0.01722125700325705,7.079569232093677e-05,0.40967726173300933,
circular_honest,20280818,3,qualified,8,0,rotated-2,Pdiag finite (SE(3)),True,,80.5299530219927,3.257429895811795e-05,0.393711357717512,
circular_honest,20280818,7,random,15,1,local,Frame-weighted (SE(3)),True,,0.0072037090139929205,5.1661416756349156e-05,0.31959714852620624,
circular_honest,20280818,7,random,15,1,local,Full operator (SE(3)),True,,0.0013411679974524304,2.0096167559870997e-06,0.063791578980952,0.8928378895428716
circular_honest,20280818,7,random,15,1,local,Pdiag pointwise (SE(3)),True,,0.017974243994103745,4.005648250532357e-05,0.35234679593990337,
circular_honest,20280818,7,random,15,1,local,Pdiag finite (SE(3)),True,,33.0582359659893,3.844986511283135e-06,0.06839701183832787,
circular_honest,20280818,8,random,15,2,rotated-1,Frame-weighted (SE(3)),True,,0.007386947996565141,6.902811873557697e-05,0.3059464672118942,
circular_honest,20280818,8,random,15,2,rotated-1,Full operator (SE(3)),True,,0.001412467987393029,2.8301753480600593e-06,0.09663064198731375,0.9337430919415719
circular_honest,20280818,8,random,15,2,rotated-1,Pdiag pointwise (SE(3)),True,,0.017499758003395982,6.588691171481633e-05,0.20266454805947726,
circular_honest,20280818,8,random,15,2,rotated-1,Pdiag finite (SE(3)),True,,20.137454212992452,4.041730480775947e-05,0.18045661274007596,
circular_honest,20280818,6,random,15,0,rotated-1,Frame-weighted (SE(3)),True,,0.003973405997385271,7.458023193444768e-05,0.33159934339152863,
circular_honest,20280818,6,random,15,0,rotated-1,Full operator (SE(3)),True,,0.0009931020031217486,2.074147493000183e-06,0.10008793110408791,0.9314946172316068
circular_honest,20280818,6,random,15,0,rotated-1,Pdiag pointwise (SE(3)),True,,0.010184345999732614,6.145070254125563e-05,0.4655992719217263,
circular_honest,20280818,6,random,15,0,rotated-1,Pdiag finite (SE(3)),True,,73.55437304198858,4.339187666946997e-05,0.3655235605732772,
circular_honest,20280818,8,random,15,2,local,Frame-weighted (SE(3)),True,,0.007403573006740771,5.890179021478908e-05,0.1967041552406887,
circular_honest,20280818,8,random,15,2,local,Full operator (SE(3)),True,,0.0014420130028156564,2.6346457300593925e-06,0.05796650351000749,0.887789230842707
circular_honest,20280818,8,random,15,2,local,Pdiag pointwise (SE(3)),True,,0.018424427005811594,5.147652923330213e-05,0.11061484718202154,
circular_honest,20280818,8,random,15,2,local,Pdiag finite (SE(3)),True,,45.04205622700101,3.854082904177458e-06,0.07210127134465291,
circular_honest,20280818,10,qualified,15,1,local,Frame-weighted (SE(3)),True,,0.003911164996679872,5.068417932916669e-05,0.2854682160080593,
circular_honest,20280818,10,qualified,15,1,local,Full operator (SE(3)),True,,0.0009550850081723183,2.3739718623627337e-06,0.06033553357671103,0.8893512914777641
circular_honest,20280818,10,qualified,15,1,local,Pdiag pointwise (SE(3)),True,,0.00999270600732416,4.5856444416178326e-05,0.1235026336818527,
circular_honest,20280818,10,qualified,15,1,local,Pdiag finite (SE(3)),True,,27.82196978799766,4.429970411888361e-06,0.07342825032136786,
circular_honest,20280818,9,qualified,15,0,rotated-2,Frame-weighted (SE(3)),True,,0.006885402006446384,7.281875958066995e-05,0.28501531125136115,
circular_honest,20280818,9,qualified,15,0,rotated-2,Full operator (SE(3)),True,,0.002981243989779614,2.690124032471649e-06,0.1336712234278455,0.9295867136605501
circular_honest,20280818,9,qualified,15,0,rotated-2,Pdiag pointwise (SE(3)),True,,0.020267970001441427,6.817362712740517e-05,0.1712615527002403,
circular_honest,20280818,9,qualified,15,0,rotated-2,Pdiag finite (SE(3)),True,,50.860886466995,4.8554859436149936e-05,0.2405960939223916,
circular_honest,20280818,7,random,15,1,rotated-1,Frame-weighted (SE(3)),True,,0.0038950949965510517,5.7538768496253474e-05,0.48645393419844624,
circular_honest,20280818,7,random,15,1,rotated-1,Full operator (SE(3)),True,,0.000921409999136813,2.560451258410868e-06,0.11567063924851152,0.9381502673457104
circular_honest,20280818,7,random,15,1,rotated-1,Pdiag pointwise (SE(3)),True,,0.010017577995313331,4.984066304857464e-05,0.4708950097059492,
circular_honest,20280818,7,random,15,1,rotated-1,Pdiag finite (SE(3)),True,,79.48753371200291,2.757828594072308e-05,0.3039694336164356,
circular_honest,20280818,6,random,15,0,rotated-2,Frame-weighted (SE(3)),True,,0.004095101001439616,6.678232343693193e-05,0.22160183889959814,
circular_honest,20280818,6,random,15,0,rotated-2,Full operator (SE(3)),True,,0.0010007770033553243,1.8652378129954159e-06,0.1139055675544212,0.9144923426992808
circular_honest,20280818,6,random,15,0,rotated-2,Pdiag pointwise (SE(3)),True,,0.010531378007726744,3.885170764819182e-05,0.7011455644936766,
circular_honest,20280818,6,random,15,0,rotated-2,Pdiag finite (SE(3)),True,,93.44943382999918,2.659765831616031e-05,0.32279358298340044,
circular_honest,20280818,9,qualified,15,0,local,Frame-weighted (SE(3)),True,,0.00711453499388881,7.061595891307236e-05,0.266706722347038,
circular_honest,20280818,9,qualified,15,0,local,Full operator (SE(3)),True,,0.0014111630007391796,2.2234022403662162e-06,0.0752873641697881,0.8969070494903779
circular_honest,20280818,9,qualified,15,0,local,Pdiag pointwise (SE(3)),True,,0.018377514992607757,6.261309439729245e-05,0.12510342058427354,
circular_honest,20280818,9,qualified,15,0,local,Pdiag finite (SE(3)),True,,62.70115578999685,4.828661738057793e-06,0.06901462056981221,
circular_honest,20280818,10,qualified,15,1,rotated-2,Frame-weighted (SE(3)),True,,0.0039048470061970875,5.084194620815906e-05,0.2751462122629338,
circular_honest,20280818,10,qualified,15,1,rotated-2,Full operator (SE(3)),True,,0.0009483439935138449,2.894304966115146e-06,0.08599424057195298,0.9220395437939892
circular_honest,20280818,10,qualified,15,1,rotated-2,Pdiag pointwise (SE(3)),True,,0.010024033996160142,4.706439199194079e-05,0.19574869016544483,
circular_honest,20280818,10,qualified,15,1,rotated-2,Pdiag finite (SE(3)),True,,39.24680781200004,3.048622849390293e-05,0.25863820672164145,
circular_honest,20280818,2,random,8,2,local,Frame-weighted (SE(3)),True,,0.003865207007038407,7.16209145351202e-05,0.5644431390459284,
circular_honest,20280818,2,random,8,2,local,Full operator (SE(3)),True,,0.0008493409986840561,2.8658415828272076e-07,0.13109216182828934,0.8936766210594216
circular_honest,20280818,2,random,8,2,local,Pdiag pointwise (SE(3)),True,,0.01001246299711056,5.98765046634508e-05,0.6834599798349259,
circular_honest,20280818,2,random,8,2,local,Pdiag finite (SE(3)),True,,196.99254799599294,2.8973611147356945e-06,0.08273735947845384,
circular_honest,20280818,9,qualified,15,0,rotated-1,Frame-weighted (SE(3)),True,,0.007557857010397129,7.788994316261463e-05,0.4051855468338564,
circular_honest,20280818,9,qualified,15,0,rotated-1,Full operator (SE(3)),True,,0.0014275939902290702,2.569137944898281e-06,0.12027155377962671,0.9388676482984976
circular_honest,20280818,9,qualified,15,0,rotated-1,Pdiag pointwise (SE(3)),True,,0.018729379997239448,7.489153147801756e-05,0.2886881187728035,
circular_honest,20280818,9,qualified,15,0,rotated-1,Pdiag finite (SE(3)),True,,81.57766691000143,4.577060119946844e-05,0.22259110888213182,
circular_honest,20280818,8,random,15,2,rotated-2,Frame-weighted (SE(3)),True,,0.0038560480024898425,6.0954840462058394e-05,0.19690241450901028,
circular_honest,20280818,8,random,15,2,rotated-2,Full operator (SE(3)),True,,0.0009298840013798326,2.8647629977191822e-06,0.0863819743982836,0.9290693614129615
circular_honest,20280818,8,random,15,2,rotated-2,Pdiag pointwise (SE(3)),True,,0.009847355002420954,5.5587385940332476e-05,0.134482781844944,
circular_honest,20280818,8,random,15,2,rotated-2,Pdiag finite (SE(3)),True,,83.96377412699803,2.960923045639539e-05,0.17642800565703368,
circular_honest,20280818,10,qualified,15,1,rotated-1,Frame-weighted (SE(3)),True,,0.0038893000019015744,5.572844236226906e-05,0.40010916040878475,
circular_honest,20280818,10,qualified,15,1,rotated-1,Full operator (SE(3)),True,,0.0009451750083826482,2.8864786565051254e-06,0.11069970505635798,0.9340930506473971
circular_honest,20280818,10,qualified,15,1,rotated-1,Pdiag pointwise (SE(3)),True,,0.010067516996059567,5.3886580799110485e-05,0.3119335482300008,
circular_honest,20280818,10,qualified,15,1,rotated-1,Pdiag finite (SE(3)),True,,72.5078966759902,3.270910493240499e-05,0.1738976648291029,
circular_honest,20280818,5,qualified,8,2,local,Frame-weighted (SE(3)),True,,0.007004672006587498,6.274350805664281e-05,0.1868028329758935,
circular_honest,20280818,5,qualified,8,2,local,Full operator (SE(3)),True,,0.0013179410016164184,2.765226453752215e-07,1.0102762041173095,0.9149057138719171
circular_honest,20280818,5,qualified,8,2,local,Pdiag pointwise (SE(3)),True,,0.017637732002185658,5.1983141533540666e-05,0.10767808098868237,
circular_honest,20280818,5,qualified,8,2,local,Pdiag finite (SE(3)),True,,165.6452928880026,3.2371471610331785e-06,0.0759098178406958,
circular_honest,20280818,12,random,30,0,local,Frame-weighted (SE(3)),True,,0.004259046996594407,6.220364173261285e-05,0.22683400712913843,
circular_honest,20280818,12,random,30,0,local,Full operator (SE(3)),True,,0.0011307120003039017,1.3477516227043368e-06,0.055334240293784746,0.8892611473202751
circular_honest,20280818,12,random,30,0,local,Pdiag pointwise (SE(3)),True,,0.010153483002795838,5.4770826903777574e-05,0.08878457968308032,
circular_honest,20280818,12,random,30,0,local,Pdiag finite (SE(3)),True,,63.828348983995966,3.1054473141812196e-06,0.06288414478785387,
circular_honest,20280818,7,random,15,1,rotated-2,Frame-weighted (SE(3)),True,,0.007663100986974314,5.1073734737338655e-05,0.2939373605869457,
circular_honest,20280818,7,random,15,1,rotated-2,Full operator (SE(3)),True,,0.003973411992774345,2.6811252273618302e-06,0.1200784839693323,0.923521598217529
circular_honest,20280818,7,random,15,1,rotated-2,Pdiag pointwise (SE(3)),True,,0.018068126009893604,4.573320873594424e-05,0.3048048407232067,
circular_honest,20280818,7,random,15,1,rotated-2,Pdiag finite (SE(3)),True,,155.5633887580043,3.151316936597308e-05,0.32007936450798374,
circular_honest,20280818,11,qualified,15,2,rotated-1,Frame-weighted (SE(3)),True,,0.007439398003043607,5.1525534776473774e-05,0.4023779526522228,
circular_honest,20280818,11,qualified,15,2,rotated-1,Full operator (SE(3)),True,,0.0014421730011235923,2.3862123124967123e-06,0.1519528207992256,0.9355891182596745
circular_honest,20280818,11,qualified,15,2,rotated-1,Pdiag pointwise (SE(3)),True,,0.01873881100618746,4.8903746653596334e-05,0.2775605225911167,
circular_honest,20280818,11,qualified,15,2,rotated-1,Pdiag finite (SE(3)),True,,82.64497429301264,3.145681871699748e-05,0.21473776277731937,
circular_honest,20280818,12,random,30,0,rotated-2,Frame-weighted (SE(3)),True,,0.010340722001274116,6.280340431564515e-05,0.22915692162251877,
circular_honest,20280818,12,random,30,0,rotated-2,Full operator (SE(3)),True,,0.004087538007297553,2.4240849600667215e-06,0.09468162041141603,0.9204984603357745
circular_honest,20280818,12,random,30,0,rotated-2,Pdiag pointwise (SE(3)),True,,0.016643934999592602,5.781306224977605e-05,0.15147312598971294,
circular_honest,20280818,12,random,30,0,rotated-2,Pdiag finite (SE(3)),True,,73.60617708299833,3.333549869650709e-05,0.19356281181061774,
circular_honest,20280818,14,random,30,2,local,Frame-weighted (SE(3)),True,,0.008046885996009223,6.353287823072809e-05,0.27946729167732376,
circular_honest,20280818,14,random,30,2,local,Full operator (SE(3)),True,,0.0016874280117917806,2.066476895903421e-06,0.06215107657212074,0.8913504378786178
circular_honest,20280818,14,random,30,2,local,Pdiag pointwise (SE(3)),True,,0.018635825996170752,5.762304628045906e-05,0.15040763799311635,
circular_honest,20280818,14,random,30,2,local,Pdiag finite (SE(3)),True,,79.18957036400388,3.669349629115573e-06,0.07252153839847976,
keyed,20280818,7,random,15,1,rotated-1,Frame-weighted (SE(3)),True,,0.0074600279913283885,0.0001145597157030235,0.4452509708647676,
keyed,20280818,7,random,15,1,rotated-1,Full operator (SE(3)),True,,0.0013924639933975413,2.7073624792062464e-05,0.343874519601077,0.9452613999639412
keyed,20280818,7,random,15,1,rotated-1,Pdiag pointwise (SE(3)),True,,0.01858726399950683,0.00010882086798358294,0.6017822242378734,
keyed,20280818,7,random,15,1,rotated-1,Pdiag finite (SE(3)),True,,1659.4757004279963,7.799203269274961e-05,0.3256182772311932,
circular_honest,20280818,12,random,30,0,rotated-1,Frame-weighted (SE(3)),True,,0.004087185996468179,7.167850213464266e-05,0.3762894655813461,
circular_honest,20280818,12,random,30,0,rotated-1,Full operator (SE(3)),True,,0.0010393639968242496,1.9779638080803093e-06,0.10696685606847775,0.9351324106798292
circular_honest,20280818,12,random,30,0,rotated-1,Pdiag pointwise (SE(3)),True,,0.009966479992726818,6.770991346095968e-05,0.2676043453946853,
circular_honest,20280818,12,random,30,0,rotated-1,Pdiag finite (SE(3)),True,,119.54566793200502,4.689621314767344e-05,0.22981606728190893,
keyed,20280818,16,qualified,30,1,rotated-1,Frame-weighted (SE(3)),True,,0.007428391007124446,9.53457732648532e-05,0.28127114622153715,
keyed,20280818,16,qualified,30,1,rotated-1,Full operator (SE(3)),True,,0.0015216010069707409,1.5086594591386763e-05,0.13432115483245344,0.9324546116364791
keyed,20280818,16,qualified,30,1,rotated-1,Pdiag pointwise (SE(3)),True,,0.018037183006526902,9.058322501222616e-05,0.3035051592313999,
keyed,20280818,16,qualified,30,1,rotated-1,Pdiag finite (SE(3)),True,,1321.3820871219941,6.440577779419859e-05,0.2633014155835912,
circular_honest,20280818,11,qualified,15,2,local,Frame-weighted (SE(3)),True,,0.003954215993871912,4.801350268375323e-05,0.317249508116118,
circular_honest,20280818,11,qualified,15,2,local,Full operator (SE(3)),True,,0.0009648550039855763,2.025577358018721e-06,0.07720687561513656,0.8888718637875883
circular_honest,20280818,11,qualified,15,2,local,Pdiag pointwise (SE(3)),True,,0.009991202008677647,4.2186018281770214e-05,0.21595318932776236,
circular_honest,20280818,11,qualified,15,2,local,Pdiag finite (SE(3)),True,,141.73518365100608,4.077173078444379e-06,0.08008089557769343,
circular_honest,20280818,14,random,30,2,rotated-1,Frame-weighted (SE(3)),True,,0.0044130589958513156,7.011714482806041e-05,0.4419050505260361,
circular_honest,20280818,14,random,30,2,rotated-1,Full operator (SE(3)),True,,0.0011236790014663711,2.985043683397585e-06,0.11756091674784751,0.9366509336360311
circular_honest,20280818,14,random,30,2,rotated-1,Pdiag pointwise (SE(3)),True,,0.010560074006207287,6.775096638880946e-05,0.33974059145626784,
circular_honest,20280818,14,random,30,2,rotated-1,Pdiag finite (SE(3)),True,,99.62938804799342,5.149057078895297e-05,0.3059835433479316,
circular_honest,20280818,14,random,30,2,rotated-2,Frame-weighted (SE(3)),True,,0.004440417003934272,6.227195071841368e-05,0.2525096940421952,
circular_honest,20280818,14,random,30,2,rotated-2,Full operator (SE(3)),True,,0.0013940780045231804,2.946238238370518e-06,0.0989404307370603,0.9226938271898508
circular_honest,20280818,14,random,30,2,rotated-2,Pdiag pointwise (SE(3)),True,,0.010637020008289255,5.950831636562755e-05,0.15894086995732915,
circular_honest,20280818,14,random,30,2,rotated-2,Pdiag finite (SE(3)),True,,76.48562601101003,2.827209142302378e-05,0.1899079908530803,
circular_honest,20280818,13,random,30,1,rotated-2,Frame-weighted (SE(3)),True,,0.0076543359900824726,6.445416621436396e-05,0.37119841214665733,
circular_honest,20280818,13,random,30,1,rotated-2,Full operator (SE(3)),True,,0.001594588000443764,4.135694227629809e-06,0.10506850777421994,0.9251262629219703
circular_honest,20280818,13,random,30,1,rotated-2,Pdiag pointwise (SE(3)),True,,0.0179132689954713,6.211947499969166e-05,0.27539071041019114,
circular_honest,20280818,13,random,30,1,rotated-2,Pdiag finite (SE(3)),True,,127.39438547100872,3.826197955905434e-05,0.25870355646139664,
circular_honest,20280818,13,random,30,1,local,Frame-weighted (SE(3)),True,,0.004215972003294155,6.337598098600633e-05,0.36641872789159136,
circular_honest,20280818,13,random,30,1,local,Full operator (SE(3)),True,,0.0010927240073215216,2.6170546893673855e-06,0.06881036604232373,0.8908646323034315
circular_honest,20280818,13,random,30,1,local,Pdiag pointwise (SE(3)),True,,0.010409342998173088,5.560267365984211e-05,0.2500658845427229,
circular_honest,20280818,13,random,30,1,local,Pdiag finite (SE(3)),True,,138.71037353700376,4.427142898518251e-06,0.07467519994020283,
circular_honest,20280818,15,qualified,30,0,local,Frame-weighted (SE(3)),True,,0.004538212000625208,6.774563152883016e-05,0.2816266817376912,
circular_honest,20280818,15,qualified,30,0,local,Full operator (SE(3)),True,,0.001151432006736286,1.9373282921336544e-06,0.07518587247768661,0.8934341442824706
circular_honest,20280818,15,qualified,30,0,local,Pdiag pointwise (SE(3)),True,,0.01047950099746231,6.209716099584796e-05,0.14902416680674344,
circular_honest,20280818,15,qualified,30,0,local,Pdiag finite (SE(3)),True,,93.49685767199844,3.6822068708509117e-06,0.07461071248182427,
circular_honest,20280818,15,qualified,30,0,rotated-2,Frame-weighted (SE(3)),True,,0.004379942998639308,6.673263112985321e-05,0.2566622291601256,
circular_honest,20280818,15,qualified,30,0,rotated-2,Full operator (SE(3)),True,,0.001131629993324168,3.059905351978877e-06,0.10881079553245286,0.9256517492584687
circular_honest,20280818,15,qualified,30,0,rotated-2,Pdiag pointwise (SE(3)),True,,0.010544441000092775,6.333327513629131e-05,0.1734428173539815,
circular_honest,20280818,15,qualified,30,0,rotated-2,Pdiag finite (SE(3)),True,,109.85132776900718,2.997916954385116e-05,0.17273099622240282,
circular_honest,20280818,17,qualified,30,2,rotated-1,Frame-weighted (SE(3)),True,,0.004530431004241109,8.544783486440729e-05,0.2793130039460629,
circular_honest,20280818,17,qualified,30,2,rotated-1,Full operator (SE(3)),True,,0.0011936859955312684,3.69192314535642e-06,0.13567901124647316,0.9378030552522238
circular_honest,20280818,17,qualified,30,2,rotated-1,Pdiag pointwise (SE(3)),True,,0.01117686899669934,7.955684667397759e-05,0.18558971728597537,
circular_honest,20280818,17,qualified,30,2,rotated-1,Pdiag finite (SE(3)),True,,60.652871644997504,5.448496889038537e-05,0.1822250567224905,
circular_honest,20280818,13,random,30,1,rotated-1,Frame-weighted (SE(3)),True,,0.007944405006128363,6.788313927223097e-05,0.48722636446503287,
circular_honest,20280818,13,random,30,1,rotated-1,Full operator (SE(3)),True,,0.0015938320138957351,3.7775863768490385e-06,0.1241211540841496,0.9352390938802104
circular_honest,20280818,13,random,30,1,rotated-1,Pdiag pointwise (SE(3)),True,,0.018484903004718944,6.197821990421316e-05,0.446103279496141,
circular_honest,20280818,13,random,30,1,rotated-1,Pdiag finite (SE(3)),True,,167.86524697499408,4.240270530537617e-05,0.24106868386816946,
circular_honest,20280818,16,qualified,30,1,local,Frame-weighted (SE(3)),True,,0.0042360160005046055,7.180122420705665e-05,0.2486119650464965,
circular_honest,20280818,16,qualified,30,1,local,Full operator (SE(3)),True,,0.0010943219967884943,3.1714763860262704e-06,0.06721820562659109,0.8910604248551449
circular_honest,20280818,16,qualified,30,1,local,Pdiag pointwise (SE(3)),True,,0.010225510995951481,6.162245327126655e-05,0.1750141926702197,
circular_honest,20280818,16,qualified,30,1,local,Pdiag finite (SE(3)),True,,77.20944484999927,4.777573891748906e-06,0.07337776659611828,
circular_honest,20280818,16,qualified,30,1,rotated-2,Frame-weighted (SE(3)),True,,0.007545398999354802,7.096956592211748e-05,0.22699682390203696,
circular_honest,20280818,16,qualified,30,1,rotated-2,Full operator (SE(3)),True,,0.0015652269939891994,4.340476325250365e-06,0.10317097978057622,0.9269855136509477
circular_honest,20280818,16,qualified,30,1,rotated-2,Pdiag pointwise (SE(3)),True,,0.018166423004004173,6.584272088849688e-05,0.1638799507821883,
circular_honest,20280818,16,qualified,30,1,rotated-2,Pdiag finite (SE(3)),True,,79.72015279000334,3.2638635091859577e-05,0.2035268403305515,
circular_honest,20280818,17,qualified,30,2,local,Frame-weighted (SE(3)),True,,0.004490395003813319,7.609594684409903e-05,0.21214497382842729,
circular_honest,20280818,17,qualified,30,2,local,Full operator (SE(3)),True,,0.0012335180072113872,2.5132383374056237e-06,0.07478979218361329,0.8919726743234196
circular_honest,20280818,17,qualified,30,2,local,Pdiag pointwise (SE(3)),True,,0.010805650003021583,6.606090402732937e-05,0.08202291437452527,
circular_honest,20280818,17,qualified,30,2,local,Pdiag finite (SE(3)),True,,82.47540676000062,4.810158078659136e-06,0.07876797500440105,
circular_honest,20280818,17,qualified,30,2,rotated-2,Frame-weighted (SE(3)),True,,0.007666233999771066,7.855082289644238e-05,0.21285519409851256,
circular_honest,20280818,17,qualified,30,2,rotated-2,Full operator (SE(3)),True,,0.0015579629980493337,4.1022683658748055e-06,0.10565890415609346,0.9258648427597223
circular_honest,20280818,17,qualified,30,2,rotated-2,Pdiag pointwise (SE(3)),True,,0.018048233992885798,6.992530361661552e-05,0.16343230658115868,
circular_honest,20280818,17,qualified,30,2,rotated-2,Pdiag finite (SE(3)),True,,89.45877488999395,4.0925940452013945e-05,0.1937542387124942,
circular_honest,20280818,16,qualified,30,1,rotated-1,Frame-weighted (SE(3)),True,,0.008362286011106335,8.096751736250612e-05,0.4063584616437721,
circular_honest,20280818,16,qualified,30,1,rotated-1,Full operator (SE(3)),True,,0.0021066009940113872,4.181592991464468e-06,0.1257015587347973,0.9375496758422437
circular_honest,20280818,16,qualified,30,1,rotated-1,Pdiag pointwise (SE(3)),True,,0.021692077003535815,7.61711103766743e-05,0.3050876280849308,
circular_honest,20280818,16,qualified,30,1,rotated-1,Pdiag finite (SE(3)),True,,147.85775794199435,5.3345058248809284e-05,0.24511659526148502,
circular_honest,20260818,11,qualified,15,2,rotated-2,Frame-weighted (SE(3)),True,,0.0043369739869376644,5.021683517688815e-05,0.3117559625393362,
circular_honest,20260818,11,qualified,15,2,rotated-2,Full operator (SE(3)),True,,0.0009908999927574769,2.114598503272675e-06,0.07982421187239394,0.9263206648478541
circular_honest,20260818,11,qualified,15,2,rotated-2,Pdiag pointwise (SE(3)),True,,0.012948094008606859,4.5249942887891496e-05,0.3209926675897925,
circular_honest,20260818,11,qualified,15,2,rotated-2,Pdiag finite (SE(3)),True,,1100.816647626998,2.12862449447242e-05,0.18389000252914955,
circular_honest,20280818,15,qualified,30,0,rotated-1,Frame-weighted (SE(3)),True,,0.007780218991683796,7.482554509542328e-05,0.429134621248823,
circular_honest,20280818,15,qualified,30,0,rotated-1,Full operator (SE(3)),True,,0.001743638000334613,2.952809707785109e-06,0.1316873666429594,0.9382040454543521
circular_honest,20280818,15,qualified,30,0,rotated-1,Pdiag pointwise (SE(3)),True,,0.018920917995274067,7.15137353379076e-05,0.3383939830546787,
circular_honest,20280818,15,qualified,30,0,rotated-1,Pdiag finite (SE(3)),True,,262.4260023920069,4.6876366911327326e-05,0.25251690511318037,
circular_honest,20270818,11,qualified,15,2,rotated-2,Frame-weighted (SE(3)),True,,0.004023932007839903,4.842196609055588e-05,0.33521402111382526,
circular_honest,20270818,11,qualified,15,2,rotated-2,Full operator (SE(3)),True,,0.0009918139985529706,1.170557175081915e-06,0.09075858477159278,0.9263430350539086
circular_honest,20270818,11,qualified,15,2,rotated-2,Pdiag pointwise (SE(3)),True,,0.01068349000706803,4.378646813262845e-05,0.33802960323722936,
circular_honest,20270818,11,qualified,15,2,rotated-2,Pdiag finite (SE(3)),True,,853.9972611989942,2.0451193578367296e-05,0.1959746159701587,
circular_honest,20280818,11,qualified,15,2,rotated-2,Frame-weighted (SE(3)),True,,0.007379244998446666,5.000485554465472e-05,0.34215072766120397,
circular_honest,20280818,11,qualified,15,2,rotated-2,Full operator (SE(3)),True,,0.001411121993442066,2.6716419966976064e-06,0.09747942601013625,0.9275155782608804
circular_honest,20280818,11,qualified,15,2,rotated-2,Pdiag pointwise (SE(3)),True,,0.018318668007850647,4.565725921539887e-05,0.3384228870579556,
circular_honest,20280818,11,qualified,15,2,rotated-2,Pdiag finite (SE(3)),True,,542.9990668780083,2.1141640399726422e-05,0.1927350528206832,
