task,seed,subset_id,protocol,sample_size,repeat,model,fit_success,fit_error,fit_seconds,alpha_pre,alpha_post,e_alpha,switch_detected,switch_status,switch_location
keyed,20260818,0,random,5,0,Frame-weighted,True,,0.0026958263479173183,0.7371028282869111,0.6744581543235861,0.349113651752011,False,right_censored,
keyed,20260818,0,random,5,0,Phase scalar GP,True,,0.23502756701782346,0.7371117536277345,0.674449926594936,0.34910053289661513,False,right_censored,
keyed,20260818,0,random,5,0,TP-GMM additive,True,,15.342474325094372,0.7351344896065303,0.35941900905556357,0.14010136438886356,True,detected,0.6091855006271185
keyed,20260818,0,random,5,0,TP-GMM SE(2),True,,14.299654823727906,0.7722770580821823,0.17987040601543117,0.1293566737561842,True,detected,0.5572821405451507
keyed,20260818,0,random,5,0,Generic RBF,True,,0.16733516426756978,0.8083025981010304,0.2315707126682312,0.16214857590806123,True,detected,0.608232002635325
keyed,20260818,0,random,5,0,Full operator,True,,0.0020906170830130577,0.8085079013975123,0.23163353611118254,0.16221315127246239,True,detected,0.6078702385632143
keyed,20260818,0,random,5,0,Pdiag pointwise,True,,0.007964495103806257,0.8086198762918652,0.21659209488934025,0.15982921190622826,True,detected,0.6050673174280811
keyed,20260818,0,random,5,0,Pdiag finite,True,,1.5836911229416728,0.7723470327816792,0.2379137346040498,0.17973822284745677,True,detected,0.6070164102376676
keyed,20260818,1,random,5,1,Frame-weighted,True,,0.006362568121403456,0.7604577042028631,0.7529196858437056,0.38504304340522516,False,right_censored,
keyed,20260818,1,random,5,1,Phase scalar GP,True,,0.17455591913312674,0.7604601496547266,0.7529180812432062,0.3850359000836498,False,right_censored,
keyed,20260818,1,random,5,1,TP-GMM additive,True,,13.57666938425973,0.7024921591902317,0.14271622505671988,0.10575522981828371,True,detected,0.532471292954627
keyed,20260818,1,random,5,1,TP-GMM SE(2),True,,13.661847339943051,0.7016543062689883,0.1422345890135742,0.11622176679079614,True,detected,0.5324587356141747
keyed,20260818,1,random,5,1,Generic RBF,True,,0.5282950852997601,0.8119792271787165,0.21877926569896974,0.1565787401439741,True,detected,0.6034755054513962
keyed,20260818,1,random,5,1,Full operator,True,,0.002177888061851263,0.8121009371886685,0.21881341789674752,0.1566215747088702,True,detected,0.602783168964041
keyed,20260818,1,random,5,1,Pdiag pointwise,True,,0.008120330050587654,0.8108491196836546,0.21482336038829508,0.1563176476809516,True,detected,0.6012751128893404
keyed,20260818,1,random,5,1,Pdiag finite,True,,1.8448797892779112,0.7670962505181042,0.23500247433964838,0.1755873353427419,True,detected,0.6034272660722462
keyed,20260818,2,random,5,2,Frame-weighted,True,,0.006283144000917673,0.6618627631390559,0.696388044416183,0.41855907676011206,False,right_censored,
keyed,20260818,2,random,5,2,Phase scalar GP,True,,0.26867826003581285,0.6618814960573414,0.6963711556504656,0.4185265841145356,False,right_censored,
keyed,20260818,2,random,5,2,TP-GMM additive,True,,13.614215210080147,0.4896454625028064,0.3911836368187054,0.22962062972837446,False,left_censored,
keyed,20260818,2,random,5,2,TP-GMM SE(2),True,,13.164731939788908,0.5904964532412736,0.25965495103719816,0.16176768037282158,False,left_censored,
keyed,20260818,2,random,5,2,Generic RBF,True,,0.5638881553895772,0.7464718284438212,0.36753272947248183,0.17545773960788424,True,detected,0.6258203815714463
keyed,20260818,2,random,5,2,Full operator,True,,0.002099181991070509,0.8116337941741019,0.405975204239537,0.19269096794567364,True,detected,0.6384811519101514
keyed,20260818,2,random,5,2,Pdiag pointwise,True,,0.007805882021784782,0.8130283014511269,0.3039954568398655,0.16791293837972737,True,detected,0.6141502532159392
keyed,20260818,2,random,5,2,Pdiag finite,True,,2.58191919606179,0.7850493364479826,0.31441895649079726,0.17901147831804162,True,detected,0.6159661372625148
keyed,20260818,3,qualified,5,0,Frame-weighted,True,,0.006320047192275524,0.5860704822645549,0.6995766770275993,0.5081410272630557,False,right_censored,
keyed,20260818,3,qualified,5,0,Phase scalar GP,True,,0.22509786672890186,0.5860639527642671,0.6995847983974134,0.5081297727799359,False,right_censored,
keyed,20260818,3,qualified,5,0,TP-GMM additive,True,,14.27269870787859,0.7567473679295073,0.18490121058794048,0.07888540942208802,True,detected,0.5964234580783482
keyed,20260818,3,qualified,5,0,TP-GMM SE(2),True,,14.185321914032102,0.7159497361353228,0.18851350441850137,0.10326611722832071,True,detected,0.5925933123151236
keyed,20260818,3,qualified,5,0,Generic RBF,True,,0.7872430770657957,0.7639189456978613,0.20491317893349714,0.13350326942332397,True,detected,0.6039942017864885
keyed,20260818,3,qualified,5,0,Full operator,True,,0.002181712072342634,0.8346022479931803,0.2247883091808337,0.14271976755170487,True,detected,0.6099109066529143
keyed,20260818,3,qualified,5,0,Pdiag pointwise,True,,0.008283778093755245,0.83059808535532,0.21268635732102545,0.1523388724205635,True,detected,0.6038990837747398
keyed,20260818,3,qualified,5,0,Pdiag finite,True,,3.600204737856984,0.8344303060553574,0.2230121994863749,0.14702185111110308,True,detected,0.6049941894899312
keyed,20260818,4,qualified,5,1,Frame-weighted,True,,0.009509169030934572,0.7938250663983618,0.6086991996172828,0.2850932608602808,True,detected,0.6901058471381375
keyed,20260818,4,qualified,5,1,Phase scalar GP,True,,0.28814251022413373,0.7938501998934112,0.6086769884441529,0.28504581126573564,True,detected,0.6914465251463272
keyed,20260818,4,qualified,5,1,TP-GMM additive,True,,13.20737083395943,0.6004508578572768,0.12032292755176416,0.1249629477254061,False,left_censored,
keyed,20260818,4,qualified,5,1,TP-GMM SE(2),True,,13.760537532158196,0.6319462088668442,0.1269333812929167,0.12362144694273138,False,left_censored,
keyed,20260818,4,qualified,5,1,Generic RBF,True,,0.4531443128362298,0.8000351058651483,0.2364389631930358,0.16428236530516308,True,detected,0.6086076371184715
keyed,20260818,4,qualified,5,1,Full operator,True,,0.0020269369706511497,0.8000350109343117,0.23643861265809274,0.16431054327158834,True,detected,0.608450953455653
keyed,20260818,4,qualified,5,1,Pdiag pointwise,True,,0.0075372918508946896,0.8047064297114547,0.2329179190146477,0.16297864259785552,True,detected,0.608396667480362
keyed,20260818,4,qualified,5,1,Pdiag finite,True,,1.4272223133593798,0.7608487934618343,0.24484244816636258,0.18324203948684845,True,detected,0.6097978184988244
keyed,20260818,5,qualified,5,2,Frame-weighted,True,,0.006250862032175064,0.5984560537540978,0.6631312511665338,0.47334230985642956,False,right_censored,
keyed,20260818,5,qualified,5,2,Phase scalar GP,True,,0.19584400579333305,0.598452580337422,0.6631366011779184,0.47332464494328563,False,right_censored,
keyed,20260818,5,qualified,5,2,TP-GMM additive,True,,16.01483741030097,0.744110654074809,0.2149329486405009,0.11747837450372167,True,detected,0.6110114975063632
keyed,20260818,5,qualified,5,2,TP-GMM SE(2),True,,15.460595079232007,0.7494272508066355,0.20711565057508133,0.1365686149148754,True,detected,0.6028163089724338
keyed,20260818,5,qualified,5,2,Generic RBF,True,,0.582997091114521,0.7391482161223871,0.1779266187927544,0.16280170041245312,True,detected,0.593252077999251
keyed,20260818,5,qualified,5,2,Full operator,True,,0.0021666642278432846,0.7724372534770816,0.1855990752562483,0.17046135612509336,True,detected,0.5950057037367628
keyed,20260818,5,qualified,5,2,Pdiag pointwise,True,,0.00806723814457655,0.8287861919086097,0.20792594243900353,0.152343047086622,True,detected,0.6024947258624043
keyed,20260818,5,qualified,5,2,Pdiag finite,True,,2.751595775131136,0.804923528772498,0.21139509912345553,0.1529114356910948,True,detected,0.6030279085668668
keyed,20260818,6,random,10,0,Frame-weighted,True,,0.0061664157547056675,0.7426972948669307,0.6024234147962916,0.3030834629822546,True,detected,0.8014362952288376
keyed,20260818,6,random,10,0,Phase scalar GP,True,,0.24170879228040576,0.7427165042527035,0.6024049485575856,0.3030582930303638,True,detected,0.7977717182494526
keyed,20260818,6,random,10,0,TP-GMM additive,True,,27.038278635125607,0.826562174799968,0.3467581410941561,0.15541224789840702,True,detected,0.6376458754727946
keyed,20260818,6,random,10,0,TP-GMM SE(2),True,,33.04106763191521,0.8183117974344605,0.34603736087739934,0.1664975660646536,True,detected,0.6373246813330478
keyed,20260818,6,random,10,0,Generic RBF,True,,1.3299667881801724,0.7987222062705398,0.27542610838054615,0.1649152913776463,True,detected,0.6103946927152041
keyed,20260818,6,random,10,0,Full operator,True,,0.0020753941498696804,0.8050389952143293,0.27763261603386336,0.16649920344695135,True,detected,0.6105433060064683
keyed,20260818,6,random,10,0,Pdiag pointwise,True,,0.007590608671307564,0.8078502127322271,0.2816398597216133,0.16687282190464583,True,detected,0.6104877896000097
keyed,20260818,6,random,10,0,Pdiag finite,True,,3.4061136418022215,0.7683362432721248,0.2948504890239626,0.18445956173990014,True,detected,0.6120240122850328
keyed,20260818,7,random,10,1,Frame-weighted,True,,0.009342686738818884,0.7563988102948217,0.6133352922273684,0.30226280917332493,True,detected,0.846797412990466
keyed,20260818,7,random,10,1,Phase scalar GP,True,,0.4271875647827983,0.7564003022332052,0.6133341837076947,0.30225923439261115,True,detected,0.8464957679658079
keyed,20260818,7,random,10,1,TP-GMM additive,True,,36.596834203228354,0.8247822876405074,0.3367050163839547,0.14954494484173803,True,detected,0.6331307197295265
keyed,20260818,7,random,10,1,TP-GMM SE(2),True,,34.24885032325983,0.800607156592483,0.33710550193794353,0.17294431345116348,True,detected,0.6335834449124914
keyed,20260818,7,random,10,1,Generic RBF,True,,1.4700840720906854,0.8117623262360064,0.32387373229935895,0.17142911883714285,True,detected,0.6144907805775623
keyed,20260818,7,random,10,1,Full operator,True,,0.00246615894138813,0.8132473219539436,0.32468603479359165,0.1720149972932259,True,detected,0.6143034449779725
keyed,20260818,7,random,10,1,Pdiag pointwise,True,,0.01241761865094304,0.8115058287967245,0.2553583106135361,0.16179928540154112,True,detected,0.6076475607320982
keyed,20260818,7,random,10,1,Pdiag finite,True,,2.756699991878122,0.7676093472284884,0.27245072973349016,0.18249442882565983,True,detected,0.6097415889557452
keyed,20260818,8,random,10,2,Frame-weighted,True,,0.009286553598940372,0.7868459818254162,0.6934869553939871,0.3354053545766877,False,right_censored,
keyed,20260818,8,random,10,2,Phase scalar GP,True,,0.4502921742387116,0.7867655011962391,0.6935695936652886,0.33547185336119184,False,right_censored,
keyed,20260818,8,random,10,2,TP-GMM additive,True,,30.683241754304618,0.8024566588356562,0.24004966183367382,0.12700590645461435,True,detected,0.5758297040307299
keyed,20260818,8,random,10,2,TP-GMM SE(2),True,,36.88124128803611,0.8205350798500747,0.23714856330484652,0.11665589969756894,True,detected,0.564954951676812
keyed,20260818,8,random,10,2,Generic RBF,True,,2.4642180539667606,0.8139257842146662,0.2904580371745057,0.16373102376185694,True,detected,0.6099137342682125
keyed,20260818,8,random,10,2,Full operator,True,,0.0023985118605196476,0.8153637334269374,0.290984685956728,0.1641076163379594,True,detected,0.6097811556675755
keyed,20260818,8,random,10,2,Pdiag pointwise,True,,0.011881176847964525,0.8130371068501385,0.2896118468684895,0.16504715449991902,True,detected,0.6105193139655253
keyed,20260818,8,random,10,2,Pdiag finite,True,,3.4974234919063747,0.7889233355024851,0.3086249568864536,0.1788990379436186,True,detected,0.6129543606892218
keyed,20260818,9,qualified,10,0,Frame-weighted,True,,0.009446254931390285,0.7130392302786749,0.675425764282229,0.3636569272106199,False,right_censored,
keyed,20260818,9,qualified,10,0,Phase scalar GP,True,,0.4821571549400687,0.713051869710196,0.675413971365593,0.3636380484052022,False,right_censored,
keyed,20260818,9,qualified,10,0,TP-GMM additive,True,,37.5233966386877,0.8025480780379547,0.22900832485200767,0.10636054471123993,True,detected,0.5591369030413484
keyed,20260818,9,qualified,10,0,TP-GMM SE(2),True,,28.578725412022322,0.8113017770524835,0.4021768188351782,0.18449124892488822,True,detected,0.6601115251342989
keyed,20260818,9,qualified,10,0,Generic RBF,True,,1.388797229155898,0.7965729910147101,0.29794542181253103,0.17021719290884843,True,detected,0.6132510751797758
keyed,20260818,9,qualified,10,0,Full operator,True,,0.00212001521140337,0.8023572571128106,0.3003772267412691,0.17171676497403865,True,detected,0.6133373954967102
keyed,20260818,9,qualified,10,0,Pdiag pointwise,True,,0.007867686916142702,0.8064559846353002,0.27351511301617376,0.16642482821980017,True,detected,0.6102165872290748
keyed,20260818,9,qualified,10,0,Pdiag finite,True,,1.468224675860256,0.7422577723962737,0.2926130648852439,0.196199284287318,True,detected,0.6120205857782198
keyed,20260818,10,qualified,10,1,Frame-weighted,True,,0.006130088120698929,0.7047877487934693,0.6977497926257971,0.3845744617297743,False,right_censored,
keyed,20260818,10,qualified,10,1,Phase scalar GP,True,,0.7054835269227624,0.7047854220724181,0.6977554869631706,0.3845516046296396,False,right_censored,
keyed,20260818,10,qualified,10,1,TP-GMM additive,True,,22.734699761029333,0.7858524541196513,0.2725839511127531,0.141812153932511,True,detected,0.5961399917465252
keyed,20260818,10,qualified,10,1,TP-GMM SE(2),True,,23.588230503257364,0.8186152116072141,0.35098053249312455,0.15652489119673932,True,detected,0.6386505382462184
keyed,20260818,10,qualified,10,1,Generic RBF,True,,0.7007662439718843,0.8146660339603596,0.29935685361054387,0.16330837419143837,True,detected,0.611359144788233
keyed,20260818,10,qualified,10,1,Full operator,True,,0.002422839868813753,0.8163896915834259,0.30000479664725854,0.163765609547241,True,detected,0.6111293847208243
keyed,20260818,10,qualified,10,1,Pdiag pointwise,True,,0.011954449117183685,0.8192671045641832,0.289704197125398,0.16118929128405696,True,detected,0.6098548679828194
keyed,20260818,10,qualified,10,1,Pdiag finite,True,,33.85807316703722,0.8293205157975617,0.3038653819445475,0.1630854205532918,True,detected,0.6126277881207212
keyed,20260818,11,qualified,10,2,Frame-weighted,True,,0.006109913345426321,0.6143469870878814,0.727652353000304,0.4875960149661776,False,right_censored,
keyed,20260818,11,qualified,10,2,Phase scalar GP,True,,0.21342956088483334,0.6143423337741787,0.7276580911159107,0.4875887388419682,False,right_censored,
keyed,20260818,11,qualified,10,2,TP-GMM additive,True,,22.207161581143737,0.7425206283534641,0.20090187634323545,0.13007026670266503,True,detected,0.5952345323175227
keyed,20260818,11,qualified,10,2,TP-GMM SE(2),True,,21.793507298920304,0.7543426482428136,0.20053108421358584,0.14509622660122495,True,detected,0.5950495934401301
keyed,20260818,11,qualified,10,2,Generic RBF,True,,0.511887839064002,0.7811390280508551,0.20564038639670856,0.15785617907600272,True,detected,0.5918580520385082
keyed,20260818,11,qualified,10,2,Full operator,True,,0.002112471964210272,0.7814954727332966,0.20573915343642962,0.15802925196159603,True,detected,0.5918769949092744
keyed,20260818,11,qualified,10,2,Pdiag pointwise,True,,0.007771074306219816,0.8189770254252592,0.20940733774123785,0.1520561730783949,True,detected,0.6011002469856627
keyed,20260818,11,qualified,10,2,Pdiag finite,True,,6.257132950704545,0.8021106977094834,0.23697831264685815,0.15663534749107652,True,detected,0.6034233318754832
keyed,20260818,12,random,20,0,Frame-weighted,True,,0.006499390117824078,0.7410494988485081,0.6685231354450464,0.3419286743232567,False,right_censored,
keyed,20260818,12,random,20,0,Phase scalar GP,True,,0.20591681683436036,0.7410600867701713,0.6685130522173525,0.3419151402584724,False,right_censored,
keyed,20260818,12,random,20,0,TP-GMM additive,True,,41.96859458601102,0.8082818393019131,0.22946300998738664,0.12131309659615504,True,detected,0.5852935911377521
keyed,20260818,12,random,20,0,TP-GMM SE(2),True,,43.402007495984435,0.795852114022213,0.2298716189579371,0.13969075613588847,True,detected,0.5858513576265604
keyed,20260818,12,random,20,0,Generic RBF,True,,0.7425150577910244,0.8082296941385836,0.24532902352244887,0.16175786381534438,True,detected,0.6072253541406946
keyed,20260818,12,random,20,0,Full operator,True,,0.0020924308337271214,0.8082239700173001,0.24532720150042983,0.16175824423760382,True,detected,0.6072887150740653
keyed,20260818,12,random,20,0,Pdiag pointwise,True,,0.007846516091376543,0.8088373259366594,0.24015463674791654,0.16109847058425547,True,detected,0.6066623921011254
keyed,20260818,12,random,20,0,Pdiag finite,True,,3.7597192977555096,0.7601497458466326,0.26383805246494235,0.18441906460262703,True,detected,0.6087546099046827
keyed,20260818,13,random,20,1,Frame-weighted,True,,0.009928418789058924,0.7510090693520276,0.6396208967948099,0.3182996768083581,False,right_censored,
keyed,20260818,13,random,20,1,Phase scalar GP,True,,0.31712034717202187,0.7510142692617718,0.6396166967384408,0.3182882949539534,False,right_censored,
keyed,20260818,13,random,20,1,TP-GMM additive,True,,42.5290604038164,0.736166352141561,0.2756763660732673,0.15279491472080944,True,detected,0.6158350797833516
keyed,20260818,13,random,20,1,TP-GMM SE(2),True,,40.77045850036666,0.8053534464346629,0.2406191059568226,0.14129318652630127,True,detected,0.601278402808401
keyed,20260818,13,random,20,1,Generic RBF,True,,0.5424114810302854,0.8097852009874785,0.22545417516297314,0.15962118793230404,True,detected,0.6070541783507938
keyed,20260818,13,random,20,1,Full operator,True,,0.002051526214927435,0.8103443649481045,0.22561450751840692,0.15976648868066584,True,detected,0.6068940950522577
keyed,20260818,13,random,20,1,Pdiag pointwise,True,,0.007624831050634384,0.8101888162704565,0.22583665519285215,0.15962148850948915,True,detected,0.606444323854713
keyed,20260818,13,random,20,1,Pdiag finite,True,,3.21155026787892,0.7731356783775023,0.24757241550290562,0.17720289187135918,True,detected,0.608459971819785
keyed,20260818,14,random,20,2,Frame-weighted,True,,0.0062568942084908485,0.7538000093788978,0.6481077057114918,0.32458386642247317,False,right_censored,
keyed,20260818,14,random,20,2,Phase scalar GP,True,,0.242070022970438,0.7538006194756817,0.6481076338028806,0.3245801679418095,False,right_censored,
keyed,20260818,14,random,20,2,TP-GMM additive,True,,42.01699624629691,0.8056052924294107,0.22859810071287273,0.1428055949468965,True,detected,0.6025078128889441
keyed,20260818,14,random,20,2,TP-GMM SE(2),True,,40.851256500929594,0.7992517819227287,0.2299849833196254,0.15484110987993938,True,detected,0.6032816281736939
keyed,20260818,14,random,20,2,Generic RBF,True,,1.8448328389786184,0.8063657271733286,0.22026996081591213,0.16152366033572693,True,detected,0.6074343768519791
keyed,20260818,14,random,20,2,Full operator,True,,0.0020992299541831017,0.806359297808024,0.22026815655337129,0.16152335803710727,True,detected,0.6073654522604743
keyed,20260818,14,random,20,2,Pdiag pointwise,True,,0.007821158971637487,0.8092204222765829,0.2175363223394115,0.16005400551544707,True,detected,0.6065117141326427
keyed,20260818,14,random,20,2,Pdiag finite,True,,2.617812813259661,0.7643366812242595,0.2393495872595401,0.18048240551887207,True,detected,0.6083830435367856
keyed,20260818,15,qualified,20,0,Frame-weighted,True,,0.0062618558295071125,0.6918584181825627,0.6786732276226553,0.3815349749674494,False,right_censored,
keyed,20260818,15,qualified,20,0,Phase scalar GP,True,,0.2859160383231938,0.6918564666971924,0.6786753519253232,0.3815358442041365,False,right_censored,
keyed,20260818,15,qualified,20,0,TP-GMM additive,True,,38.47608642466366,0.797406836202668,0.24428884972383044,0.13901650362520612,True,detected,0.6026722508976957
keyed,20260818,15,qualified,20,0,TP-GMM SE(2),True,,40.78091857023537,0.8068527110182245,0.24290953387886205,0.14478721052935006,True,detected,0.6021348449606398
keyed,20260818,15,qualified,20,0,Generic RBF,True,,0.5425407248549163,0.8128516028533356,0.22797502883092632,0.15757787237650245,True,detected,0.6051739470817288
keyed,20260818,15,qualified,20,0,Full operator,True,,0.0017729471437633038,0.812845836002446,0.22797340335700014,0.15757819137657403,True,detected,0.6050429667548904
keyed,20260818,15,qualified,20,0,Pdiag pointwise,True,,0.006620671134442091,0.8135383788759886,0.22730116270002163,0.15724437558769483,True,detected,0.6049213790866594
keyed,20260818,15,qualified,20,0,Pdiag finite,True,,5.819724956993014,0.7841885746173027,0.25101598180376855,0.17149076806715066,True,detected,0.6072871814578922
keyed,20260818,16,qualified,20,1,Frame-weighted,True,,0.006433458998799324,0.7463704772194258,0.6583658593268876,0.3319682537884965,False,right_censored,
keyed,20260818,16,qualified,20,1,Phase scalar GP,True,,0.22950670402497053,0.7463767069680906,0.658360215020179,0.33195881746026723,False,right_censored,
keyed,20260818,16,qualified,20,1,TP-GMM additive,True,,39.8234618161805,0.7965960802805341,0.264712283772774,0.1402592597320041,True,detected,0.6033290537891196
keyed,20260818,16,qualified,20,1,TP-GMM SE(2),True,,40.11908521922305,0.804036677376021,0.2645498397721359,0.14605327585894926,True,detected,0.6035655133800707
keyed,20260818,16,qualified,20,1,Generic RBF,True,,0.5572453271597624,0.8097613177614325,0.24772721280972892,0.1605448788580674,True,detected,0.6074017872721801
keyed,20260818,16,qualified,20,1,Full operator,True,,0.002186778001487255,0.8102818488482513,0.24789248002318576,0.16068547820333925,True,detected,0.6072976588570642
keyed,20260818,16,qualified,20,1,Pdiag pointwise,True,,0.00861901929602027,0.8107820460240245,0.24747633482724815,0.1605228122866122,True,detected,0.607169446430203
keyed,20260818,16,qualified,20,1,Pdiag finite,True,,2.19594886014238,0.7676567522393131,0.2715242400420149,0.18035561205108327,True,detected,0.6093988603308861
keyed,20260818,17,qualified,20,2,Frame-weighted,True,,0.006268805358558893,0.756706590767568,0.6516760102663105,0.32022556608422553,False,right_censored,
keyed,20260818,17,qualified,20,2,Phase scalar GP,True,,0.26524363504722714,0.7567110683533036,0.6516722624508856,0.3202172099011631,False,right_censored,
keyed,20260818,17,qualified,20,2,TP-GMM additive,True,,43.76612444734201,0.7926088558994786,0.243484333654838,0.13871143223832638,True,detected,0.5953667259162366
keyed,20260818,17,qualified,20,2,TP-GMM SE(2),True,,45.14947148691863,0.7967620344986025,0.26507769707810264,0.1480632047882998,True,detected,0.6043947399959853
keyed,20260818,17,qualified,20,2,Generic RBF,True,,0.4264846509322524,0.8106289068451058,0.25370505021411555,0.16156410284536107,True,detected,0.6080554200722719
keyed,20260818,17,qualified,20,2,Full operator,True,,0.0021988959051668644,0.8106232937444351,0.253703270994144,0.1615650983372342,True,detected,0.6080677869332102
keyed,20260818,17,qualified,20,2,Pdiag pointwise,True,,0.008195837959647179,0.8105740609893348,0.25091448480271716,0.1612133161557345,True,detected,0.6077788135064939
keyed,20260818,17,qualified,20,2,Pdiag finite,True,,2.668998633045703,0.7766099723602019,0.2727976664238732,0.17828730032057002,True,detected,0.6100387649373649
keyed,20270818,0,random,5,0,Frame-weighted,True,,0.005694316700100899,0.7803060399925154,0.6790662246058838,0.3306802117520704,False,right_censored,
keyed,20270818,0,random,5,0,Phase scalar GP,True,,0.3092992571182549,0.7803074466622151,0.6790655350769105,0.3306748265360142,False,right_censored,
keyed,20270818,0,random,5,0,TP-GMM additive,True,,14.32464070385322,0.5633414582626094,0.5167691451934706,0.2502139947019382,False,right_censored,
keyed,20270818,0,random,5,0,TP-GMM SE(2),True,,13.732286452781409,0.7063751972813453,0.36170632356387067,0.16400566193815164,True,detected,0.6119593818978977
keyed,20270818,0,random,5,0,Generic RBF,True,,0.8628388568758965,0.8069114661403904,0.2168446699042212,0.1626219837270818,True,detected,0.6076619147259228
keyed,20270818,0,random,5,0,Full operator,True,,0.002231706865131855,0.808070071104868,0.21716677652745467,0.16292455284438237,True,detected,0.6076418947652205
keyed,20270818,0,random,5,0,Pdiag pointwise,True,,0.007935462053865194,0.8111167494412874,0.21120662376883154,0.15772507859402082,True,detected,0.6042572675840555
keyed,20270818,0,random,5,0,Pdiag finite,True,,3.5432574367150664,0.7733827073307158,0.23695507918937292,0.17858422534004398,True,detected,0.6063719689978081
keyed,20270818,1,random,5,1,Frame-weighted,True,,0.006286658812314272,0.795547886184061,0.7522967241912255,0.3703084024562741,False,right_censored,
keyed,20270818,1,random,5,1,Phase scalar GP,True,,0.23881198605522513,0.7955187390770212,0.7523285992207138,0.3703215078100415,False,right_censored,
keyed,20270818,1,random,5,1,TP-GMM additive,True,,15.171239040791988,0.6277080654879883,0.27886211085053964,0.1443656447553268,True,detected,0.5323001817595832
keyed,20270818,1,random,5,1,TP-GMM SE(2),True,,13.976539392024279,0.6629274521194352,0.2853311705666325,0.14796104655254488,True,detected,0.5662191778008231
keyed,20270818,1,random,5,1,Generic RBF,True,,1.204466036055237,0.8287372952056193,0.20450393699337419,0.1526031698409959,True,detected,0.6033989194387616
keyed,20270818,1,random,5,1,Full operator,True,,0.0024616369046270847,0.8294394728613164,0.20468564206032963,0.15279751918044363,True,detected,0.603489309225997
keyed,20270818,1,random,5,1,Pdiag pointwise,True,,0.01229044096544385,0.8238654704571213,0.20005445875115857,0.15199746752133508,True,detected,0.6010176887379393
keyed,20270818,1,random,5,1,Pdiag finite,True,,1.9797455160878599,0.765672599869834,0.22597102917984227,0.1739666803457544,True,detected,0.6023160972854975
keyed,20270818,2,random,5,2,Frame-weighted,True,,0.009331730660051107,0.6551612933992691,0.6725898160532431,0.4083126000471428,False,right_censored,
keyed,20270818,2,random,5,2,Phase scalar GP,True,,0.29715716326609254,0.6551574334922418,0.6725948833514994,0.4083061662887772,False,right_censored,
keyed,20270818,2,random,5,2,TP-GMM additive,True,,13.47476868191734,0.4851371013586828,0.38816873353618603,0.23103167967051053,False,left_censored,
keyed,20270818,2,random,5,2,TP-GMM SE(2),True,,12.592685631942004,0.7206355150974448,0.12809990681142108,0.10581922884680271,True,detected,0.5234902353506155
keyed,20270818,2,random,5,2,Generic RBF,True,,0.3882249188609421,0.8003860146524476,0.2156567998918563,0.15316569881707268,True,detected,0.604003091745505
keyed,20270818,2,random,5,2,Full operator,True,,0.0021333638578653336,0.8158338891098191,0.21967675605671283,0.15667467805547175,True,detected,0.6047376268832041
keyed,20270818,2,random,5,2,Pdiag pointwise,True,,0.00783730298280716,0.8148297291507888,0.23834765720729983,0.15703966743963013,True,detected,0.6041017431494088
keyed,20270818,2,random,5,2,Pdiag finite,True,,1.4791700229980052,0.7850772243771605,0.25266533149518866,0.16922999117398022,True,detected,0.6058369994190463
keyed,20270818,3,qualified,5,0,Frame-weighted,True,,0.00603294325992465,0.4789238363003844,0.7040055221197479,0.6406518611573336,False,right_censored,
keyed,20270818,3,qualified,5,0,Phase scalar GP,True,,0.28448206884786487,0.4789347012426696,0.7039981688519703,0.6405557189829103,False,right_censored,
keyed,20270818,3,qualified,5,0,TP-GMM additive,True,,13.300221536774188,0.7134145691895176,0.15894308468801388,0.06637352738585371,True,detected,0.5238591308382384
keyed,20270818,3,qualified,5,0,TP-GMM SE(2),True,,12.861969950143248,0.6858737876453869,0.16766000408969434,0.1001096096073527,True,detected,0.525958917936392
keyed,20270818,3,qualified,5,0,Generic RBF,True,,0.2747073038481176,0.750645698010687,0.4774935692684532,0.21533593267107395,True,detected,0.6657763035962806
keyed,20270818,3,qualified,5,0,Full operator,True,,0.002067490015178919,0.8187576688887478,0.5411711258092173,0.249087067689966,True,detected,0.7051268198180891
keyed,20270818,3,qualified,5,0,Pdiag pointwise,True,,0.007705442141741514,0.8232699201393073,0.24146611040982896,0.1577791985925569,True,detected,0.6062454248538006
keyed,20270818,3,qualified,5,0,Pdiag finite,True,,9.331687954254448,0.8616522899055731,0.24796326385369746,0.1550856190934848,True,detected,0.608475465513448
keyed,20270818,4,qualified,5,1,Frame-weighted,True,,0.009292128030210733,0.8058165663851072,0.595735325326373,0.2713684252264816,True,detected,0.6648229015003148
keyed,20270818,4,qualified,5,1,Phase scalar GP,True,,0.42327528493478894,0.8057100076922424,0.5958469334779433,0.27143142865444025,True,detected,0.6668206847598499
keyed,20270818,4,qualified,5,1,TP-GMM additive,True,,13.276565538253635,0.6003254487080256,0.10810285789394611,0.12309134380798728,False,left_censored,
keyed,20270818,4,qualified,5,1,TP-GMM SE(2),True,,13.248663872946054,0.5980532253389087,0.11028350070775068,0.13466056436487656,False,left_censored,
keyed,20270818,4,qualified,5,1,Generic RBF,True,,0.7657727608457208,0.8069255656813442,0.19677462850627897,0.1576654852656782,True,detected,0.6002754134465061
keyed,20270818,4,qualified,5,1,Full operator,True,,0.0020807660184800625,0.8069248829394406,0.1967746298657302,0.15770341806645227,True,detected,0.5999733615929196
keyed,20270818,4,qualified,5,1,Pdiag pointwise,True,,0.007755361031740904,0.8052367307712578,0.1967042952615313,0.15858109812240065,True,detected,0.6000918301761697
keyed,20270818,4,qualified,5,1,Pdiag finite,True,,1.7543138898909092,0.759950377609334,0.20811562780064352,0.17865917650493554,True,detected,0.6011283237366976
keyed,20270818,5,qualified,5,2,Frame-weighted,True,,0.006285104900598526,0.42901904655978434,0.6578156096884377,0.6965690895210507,False,right_censored,
keyed,20270818,5,qualified,5,2,Phase scalar GP,True,,0.24286381620913744,0.42900488459850317,0.6578300106719468,0.6965761614013549,False,right_censored,
keyed,20270818,5,qualified,5,2,TP-GMM additive,True,,14.410760276950896,0.5567599931080234,0.12669660303840324,0.12403148420035323,False,left_censored,
keyed,20270818,5,qualified,5,2,TP-GMM SE(2),True,,13.74718129215762,0.8026660488517665,0.1674901524281995,0.10557751102996844,True,detected,0.5578728437097207
keyed,20270818,5,qualified,5,2,Generic RBF,True,,0.6032033218070865,0.7477382410972925,0.19879773650336519,0.15879237209545907,True,detected,0.5961688550063942
keyed,20270818,5,qualified,5,2,Full operator,True,,0.002101348713040352,0.781196640752255,0.20790572851987005,0.16585880000256462,True,detected,0.5974015222425659
keyed,20270818,5,qualified,5,2,Pdiag pointwise,True,,0.007834475953131914,0.8172742101652486,0.21149974036966904,0.1569266952037371,True,detected,0.6034389901433858
keyed,20270818,5,qualified,5,2,Pdiag finite,True,,9.281567869707942,0.821900174120772,0.2127566505966148,0.1546117346938447,True,detected,0.6041226055421521
keyed,20270818,6,random,10,0,Frame-weighted,True,,0.00959084089845419,0.734016807333053,0.5998508147595828,0.30736544269672433,True,detected,0.673242976576738
keyed,20270818,6,random,10,0,Phase scalar GP,True,,0.47008599573746324,0.7339697936549918,0.599898749352151,0.30740567553474796,True,detected,0.6731934667200165
keyed,20270818,6,random,10,0,TP-GMM additive,True,,23.54605363868177,0.8091871806359479,0.1788138440854454,0.09445525957463438,True,detected,0.552463985392276
keyed,20270818,6,random,10,0,TP-GMM SE(2),True,,25.469070829916745,0.5428242712587061,0.452996014935565,0.24034932857678534,False,left_censored,
keyed,20270818,6,random,10,0,Generic RBF,True,,0.3934851046651602,0.8117443838689694,0.21070144130047425,0.15589639772792102,True,detected,0.602727240105325
keyed,20270818,6,random,10,0,Full operator,True,,0.0020845518447458744,0.8131243215501961,0.21107272644925812,0.15624001883150057,True,detected,0.6026807139345083
keyed,20270818,6,random,10,0,Pdiag pointwise,True,,0.007721599191427231,0.8135225302219109,0.20787171488475728,0.15591933243212533,True,detected,0.6029959319375656
keyed,20270818,6,random,10,0,Pdiag finite,True,,9.79858707357198,0.7646172271512871,0.2208319950508604,0.17572664456550202,True,detected,0.6039080761052138
keyed,20270818,7,random,10,1,Frame-weighted,True,,0.00970641104504466,0.7587856873704446,0.6107696654872613,0.2993948891730905,True,detected,0.6994495941628317
keyed,20270818,7,random,10,1,Phase scalar GP,True,,0.4410542198456824,0.7587899500372502,0.6107658140111528,0.2993883808932878,True,detected,0.7010285289137729
keyed,20270818,7,random,10,1,TP-GMM additive,True,,25.0681213256903,0.8137594828486786,0.21193438089674274,0.11035322459585335,True,detected,0.5834955323357739
keyed,20270818,7,random,10,1,TP-GMM SE(2),True,,22.645141495857388,0.7961753356097203,0.22093505285155346,0.14984636910685034,True,detected,0.5928249087717654
keyed,20270818,7,random,10,1,Generic RBF,True,,0.3851460446603596,0.8144876000757152,0.2126542201266724,0.15661737933189027,True,detected,0.6049406639841878
keyed,20270818,7,random,10,1,Full operator,True,,0.00214239489287138,0.814472292257838,0.21265028112849574,0.1566159070364714,True,detected,0.6047423475631517
keyed,20270818,7,random,10,1,Pdiag pointwise,True,,0.00782439112663269,0.812570621965665,0.21273409426896753,0.15715938722686354,True,detected,0.6045536946091297
keyed,20270818,7,random,10,1,Pdiag finite,True,,1.4154551620595157,0.757666806983003,0.2371886631360025,0.17924495196390403,True,detected,0.606362333547516
keyed,20270818,8,random,10,2,Frame-weighted,True,,0.006158447824418545,0.7954157980482905,0.6619891521861885,0.3087097659130016,False,right_censored,
keyed,20270818,8,random,10,2,Phase scalar GP,True,,0.24661383079364896,0.7953719012687372,0.6620343876224832,0.3087450289485358,False,right_censored,
keyed,20270818,8,random,10,2,TP-GMM additive,True,,23.419983753934503,0.8016064290641962,0.1942913987781952,0.12878887171329306,True,detected,0.5811551635628105
keyed,20270818,8,random,10,2,TP-GMM SE(2),True,,21.497751753777266,0.8235757466602449,0.19483845064504027,0.11445262798994627,True,detected,0.5816569768288451
keyed,20270818,8,random,10,2,Generic RBF,True,,0.6942212171852589,0.8131298775014999,0.1959838423903813,0.15328523430961877,True,detected,0.6000481642923222
keyed,20270818,8,random,10,2,Full operator,True,,0.002155254129320383,0.8145633699537211,0.1963261092983758,0.15364348667293506,True,detected,0.6000368542110867
keyed,20270818,8,random,10,2,Pdiag pointwise,True,,0.007785926107317209,0.815080574544357,0.20177246210406546,0.15452478402464542,True,detected,0.6017082226851883
keyed,20270818,8,random,10,2,Pdiag finite,True,,1.9318883940577507,0.7964333442253746,0.2248261659898213,0.16770743810003608,True,detected,0.6036629546129071
keyed,20270818,9,qualified,10,0,Frame-weighted,True,,0.006162472069263458,0.7479974475311215,0.6655872136694404,0.33873122555291263,False,right_censored,
keyed,20270818,9,qualified,10,0,Phase scalar GP,True,,0.3468571570701897,0.7479791641700102,0.6656061943741879,0.3387444330900691,False,right_censored,
keyed,20270818,9,qualified,10,0,TP-GMM additive,True,,23.88276968896389,0.7623826532890134,0.2678661618490356,0.16512689258804594,True,detected,0.6370611830007371
keyed,20270818,9,qualified,10,0,TP-GMM SE(2),True,,23.48000389430672,0.804648705369248,0.3351682305011856,0.18135976708039395,True,detected,0.6497268132936735
keyed,20270818,9,qualified,10,0,Generic RBF,True,,0.4615452103316784,0.8089751430685008,0.20401370493266183,0.15591417213923664,True,detected,0.6011494696023133
keyed,20270818,9,qualified,10,0,Full operator,True,,0.00207480788230896,0.810237068799205,0.2043330384548449,0.15622687406592928,True,detected,0.6011319722766875
keyed,20270818,9,qualified,10,0,Pdiag pointwise,True,,0.007816416677087545,0.8128611934337073,0.20830621443967032,0.1555721288819155,True,detected,0.6021556323911763
keyed,20270818,9,qualified,10,0,Pdiag finite,True,,2.7949439929798245,0.7397856157474112,0.23053495884532244,0.18766463699224908,True,detected,0.603620518194471
keyed,20270818,10,qualified,10,1,Frame-weighted,True,,0.006053578108549118,0.594944073583558,0.6786631894126439,0.4734001896809503,False,right_censored,
keyed,20270818,10,qualified,10,1,Phase scalar GP,True,,0.1780739021487534,0.5949365267435143,0.6786710678194339,0.4734031847530169,False,right_censored,
keyed,20270818,10,qualified,10,1,TP-GMM additive,True,,21.51500731287524,0.7938443108819826,0.21120991130270497,0.12774519685819918,True,detected,0.5861183762789531
keyed,20270818,10,qualified,10,1,TP-GMM SE(2),True,,22.78398237284273,0.8181517745202223,0.21131447145443968,0.12015451976494447,True,detected,0.5865450774803963
keyed,20270818,10,qualified,10,1,Generic RBF,True,,0.4111558748409152,0.8301073270272835,0.2284714176760373,0.1522505911580195,True,detected,0.6038410144875923
keyed,20270818,10,qualified,10,1,Full operator,True,,0.0021656272001564503,0.8304713499236047,0.22857259426607468,0.15234874279183855,True,detected,0.6033539630671849
keyed,20270818,10,qualified,10,1,Pdiag pointwise,True,,0.008111291099339724,0.8307618572127288,0.23474181958768106,0.15225676399124777,True,detected,0.6030698225995818
keyed,20270818,10,qualified,10,1,Pdiag finite,True,,4.79737933492288,0.8445327080246323,0.2501365247608375,0.15753944046255378,True,detected,0.6059194131906354
keyed,20270818,11,qualified,10,2,Frame-weighted,True,,0.006252499297261238,0.6291166516692964,0.7555892617768049,0.48574975861673975,False,right_censored,
keyed,20270818,11,qualified,10,2,Phase scalar GP,True,,0.29238273901864886,0.6291079540907343,0.7555991497387304,0.4857455017653141,False,right_censored,
keyed,20270818,11,qualified,10,2,TP-GMM additive,True,,22.74879047088325,0.7662494745356415,0.2019524594737496,0.12172519407844691,True,detected,0.5878410306803349
keyed,20270818,11,qualified,10,2,TP-GMM SE(2),True,,21.441030117683113,0.775895987638624,0.20217071667639797,0.13693317532872645,True,detected,0.5879035645363329
keyed,20270818,11,qualified,10,2,Generic RBF,True,,1.2926165121607482,0.8222543498420676,0.20239520028882718,0.14175342893439793,True,detected,0.589509908520143
keyed,20270818,11,qualified,10,2,Full operator,True,,0.002116462681442499,0.8244345547994556,0.2029041207646014,0.1423022404366175,True,detected,0.5895792520865225
keyed,20270818,11,qualified,10,2,Pdiag pointwise,True,,0.007782271131873131,0.8217418885556634,0.23205994828550044,0.1514361559063553,True,detected,0.5998073249480712
keyed,20270818,11,qualified,10,2,Pdiag finite,True,,2.1945084906183183,0.8085382426748201,0.2606630846249127,0.15846506851684958,True,detected,0.6023288891163011
keyed,20270818,12,random,20,0,Frame-weighted,True,,0.006121310871094465,0.7649459214862324,0.6631259845346564,0.32571679688528093,False,right_censored,
keyed,20270818,12,random,20,0,Phase scalar GP,True,,0.43535309191793203,0.7649215777299385,0.6631506307332857,0.3257394136900085,False,right_censored,
keyed,20270818,12,random,20,0,TP-GMM additive,True,,42.517577512189746,0.808429440577511,0.19335854164651017,0.11451084717511492,True,detected,0.5785705792425411
keyed,20270818,12,random,20,0,TP-GMM SE(2),True,,41.593119143974036,0.8019971856884964,0.2109406189042861,0.13721010793032437,True,detected,0.5876741611368337
keyed,20270818,12,random,20,0,Generic RBF,True,,0.3482690188102424,0.8117817641311373,0.21447517651665637,0.15727509943678253,True,detected,0.6034910443680106
keyed,20270818,12,random,20,0,Full operator,True,,0.0020895497873425484,0.8117762213653301,0.2144737036522579,0.15727576100746618,True,detected,0.6035492029910889
keyed,20270818,12,random,20,0,Pdiag pointwise,True,,0.007817970123142004,0.8123370382245999,0.2141163356405386,0.15690288138784247,True,detected,0.6034302180734008
keyed,20270818,12,random,20,0,Pdiag finite,True,,1.9611564627848566,0.7597864867730755,0.23971211871847636,0.1805005314152527,True,detected,0.6052721003960362
keyed,20270818,13,random,20,1,Frame-weighted,True,,0.006108576897531748,0.7375762964203746,0.6549774381678983,0.33210457025657325,False,right_censored,
keyed,20270818,13,random,20,1,Phase scalar GP,True,,0.20830916287377477,0.7375770442022261,0.6549775793765327,0.33209892741322267,False,right_censored,
keyed,20270818,13,random,20,1,TP-GMM additive,True,,39.08554178196937,0.7899472280590645,0.26029626855058624,0.13462560926505454,True,detected,0.5819079594403409
keyed,20270818,13,random,20,1,TP-GMM SE(2),True,,44.140278642997146,0.8013487949765055,0.22877873203556803,0.14619931759490556,True,detected,0.5948435279937465
keyed,20270818,13,random,20,1,Generic RBF,True,,0.7985259727574885,0.8146428575863172,0.23038869544426738,0.15901577499374422,True,detected,0.6070131031868855
keyed,20270818,13,random,20,1,Full operator,True,,0.0021620551124215126,0.8146371207872798,0.23038705489482314,0.15901562902457939,True,detected,0.6069965164651292
keyed,20270818,13,random,20,1,Pdiag pointwise,True,,0.010728041175752878,0.8150094996427639,0.22850185097160186,0.1584873749672865,True,detected,0.6064450255334846
keyed,20270818,13,random,20,1,Pdiag finite,True,,5.040545883122832,0.7742522991303808,0.25150394922322383,0.17674633400104,True,detected,0.6083322859742539
keyed,20270818,14,random,20,2,Frame-weighted,True,,0.006370780058205128,0.7383979505986943,0.6565531067545649,0.3366678086912794,False,right_censored,
keyed,20270818,14,random,20,2,Phase scalar GP,True,,0.23809666512534022,0.7383902352217743,0.6565612581673443,0.3366731298310964,False,right_censored,
keyed,20270818,14,random,20,2,TP-GMM additive,True,,44.165226007811725,0.8081299723254051,0.21967917662804015,0.1263757179852376,True,detected,0.5915956433295542
keyed,20270818,14,random,20,2,TP-GMM SE(2),True,,40.90915709827095,0.7799798397592143,0.20335607757895524,0.14286067995875734,True,detected,0.5772687403760655
keyed,20270818,14,random,20,2,Generic RBF,True,,0.9379226840101182,0.8086524960437664,0.22251924254696384,0.16049129405691281,True,detected,0.6061281528978453
keyed,20270818,14,random,20,2,Full operator,True,,0.0021030609495937824,0.8086460266974879,0.2225174291439776,0.16049187490321087,True,detected,0.6060586131707143
keyed,20270818,14,random,20,2,Pdiag pointwise,True,,0.007834324147552252,0.8100672478165891,0.2208256673013297,0.15956058173146648,True,detected,0.6054996482995881
keyed,20270818,14,random,20,2,Pdiag finite,True,,4.105979586020112,0.7616173632534085,0.2435973755393389,0.18097807018058365,True,detected,0.6072806473789203
keyed,20270818,15,qualified,20,0,Frame-weighted,True,,0.009782230015844107,0.6888697241874785,0.6877389848452631,0.38872348327629747,False,right_censored,
keyed,20270818,15,qualified,20,0,Phase scalar GP,True,,0.26597058679908514,0.6888480129270078,0.687761005421751,0.38874280063747463,False,right_censored,
keyed,20270818,15,qualified,20,0,TP-GMM additive,True,,38.03164574317634,0.8008210942638665,0.22517887896892774,0.1309493332874361,True,detected,0.593314486261991
keyed,20270818,15,qualified,20,0,TP-GMM SE(2),True,,41.763792991638184,0.8078299392031915,0.22523520424073998,0.13862265366481866,True,detected,0.5933947497840643
keyed,20270818,15,qualified,20,0,Generic RBF,True,,0.9815814783796668,0.8155422429696995,0.2212181598534119,0.15672696821432697,True,detected,0.6039016618780219
keyed,20270818,15,qualified,20,0,Full operator,True,,0.0021095769479870796,0.8155366605354923,0.2212166539479967,0.1567282772129012,True,detected,0.6037614737238427
keyed,20270818,15,qualified,20,0,Pdiag pointwise,True,,0.007855049800127745,0.8157316326230384,0.22204182717313894,0.1565964052749936,True,detected,0.6036587057152053
keyed,20270818,15,qualified,20,0,Pdiag finite,True,,10.461740302853286,0.7892605239215951,0.24863664006789268,0.17006018266924142,True,detected,0.6059458567087904
keyed,20270818,16,qualified,20,1,Frame-weighted,True,,0.010085190180689096,0.7422787825143172,0.6587493996414012,0.33413480091531417,False,right_censored,
keyed,20270818,16,qualified,20,1,Phase scalar GP,True,,0.42270972300320864,0.742271212553799,0.6587576869381722,0.3341384888322919,False,right_censored,
keyed,20270818,16,qualified,20,1,TP-GMM additive,True,,42.64301672298461,0.800168230491731,0.19159310773544377,0.1278064476039094,True,detected,0.5823080974357971
keyed,20270818,16,qualified,20,1,TP-GMM SE(2),True,,39.62229774519801,0.8177692808512114,0.23790623370983852,0.1405982258903688,True,detected,0.6015997805660103
keyed,20270818,16,qualified,20,1,Generic RBF,True,,0.6635437309741974,0.8152262644141934,0.22005085965769772,0.15712659832407522,True,detected,0.6054375242507675
keyed,20270818,16,qualified,20,1,Full operator,True,,0.0020840559154748917,0.8157499885465083,0.22019513297103813,0.1572570151375746,True,detected,0.6055431097398526
keyed,20270818,16,qualified,20,1,Pdiag pointwise,True,,0.0081368712708354,0.8160866829026571,0.21951404659717902,0.15708337895027935,True,detected,0.6054603830918847
keyed,20270818,16,qualified,20,1,Pdiag finite,True,,1.9541221116669476,0.7704029930084535,0.24643457567105315,0.1765813896782328,True,detected,0.6073493569122256
keyed,20270818,17,qualified,20,2,Frame-weighted,True,,0.0066092717461287975,0.7640576414682433,0.6594364176169123,0.3202839636365246,False,right_censored,
keyed,20270818,17,qualified,20,2,Phase scalar GP,True,,0.23576505528762937,0.7640445904581901,0.6594498737272487,0.3202949637906049,False,right_censored,
keyed,20270818,17,qualified,20,2,TP-GMM additive,True,,42.64003210607916,0.7960779252892684,0.20464204010032291,0.12544616424735033,True,detected,0.5741513379616886
keyed,20270818,17,qualified,20,2,TP-GMM SE(2),True,,42.958002040628344,0.8176988572126043,0.24008725898622976,0.1497003899035985,True,detected,0.6057705062760539
keyed,20270818,17,qualified,20,2,Generic RBF,True,,0.5004680980928242,0.8142982934876677,0.22324341653017415,0.1566387339940125,True,detected,0.6041100811443038
keyed,20270818,17,qualified,20,2,Full operator,True,,0.0021810163743793964,0.8142926572960802,0.22324187264930181,0.15663952447229046,True,detected,0.6041326854585678
keyed,20270818,17,qualified,20,2,Pdiag pointwise,True,,0.007836437318474054,0.8144681107115752,0.22354239006563736,0.15660088174548592,True,detected,0.6041572395697047
keyed,20270818,17,qualified,20,2,Pdiag finite,True,,2.093546526040882,0.7737129445484332,0.24879262078155737,0.17473158666383212,True,detected,0.6061905083013902
keyed,20280818,0,random,5,0,Frame-weighted,True,,0.00604355288669467,0.6624710260041801,0.6580591362115549,0.3964449259084142,False,right_censored,
keyed,20280818,0,random,5,0,Phase scalar GP,True,,0.19289490161463618,0.6624711320610952,0.6580594350553269,0.39644171385061616,False,right_censored,
keyed,20280818,0,random,5,0,TP-GMM additive,True,,13.553627799730748,0.7556529360324987,0.2589153021617171,0.110222159534743,True,detected,0.582105477843011
keyed,20280818,0,random,5,0,TP-GMM SE(2),True,,12.784709505271167,0.7211506787295616,0.2587453587070225,0.13481091737815415,True,detected,0.5819036787577305
keyed,20280818,0,random,5,0,Generic RBF,True,,0.2660309486091137,0.7825492583751007,0.22127908292499712,0.16980118333124494,True,detected,0.6085356597241177
keyed,20280818,0,random,5,0,Full operator,True,,0.0020806370303034782,0.7827440539989735,0.22133605613226112,0.16986807040722607,True,detected,0.6084741613999352
keyed,20280818,0,random,5,0,Pdiag pointwise,True,,0.007705905009061098,0.8054086293965023,0.21368570345462942,0.16076907057987685,True,detected,0.6052907889389815
keyed,20280818,0,random,5,0,Pdiag finite,True,,1.9269216051325202,0.6781325098958597,0.23540152010219642,0.23713755385328109,True,detected,0.6068786275331575
keyed,20280818,1,random,5,1,Frame-weighted,True,,0.0059677716344594955,0.6772982553394725,0.7441172932394292,0.4316959442052276,False,right_censored,
keyed,20280818,1,random,5,1,Phase scalar GP,True,,0.2877455740235746,0.6773019168047031,0.7441143001905174,0.4316861081798555,False,right_censored,
keyed,20280818,1,random,5,1,TP-GMM additive,True,,13.173832879867405,0.6733653287038183,0.14302237741835352,0.1124801659301634,True,detected,0.5357941572531398
keyed,20280818,1,random,5,1,TP-GMM SE(2),True,,13.155527976807207,0.6826252132569988,0.14124047904555725,0.11206904018399395,True,detected,0.5348885459947115
keyed,20280818,1,random,5,1,Generic RBF,True,,0.4467395627871156,0.7866158138489344,0.20202677059498506,0.16255462093798617,True,detected,0.6029725023190383
keyed,20280818,1,random,5,1,Full operator,True,,0.003860924858599901,0.7897928550591393,0.20285496141024795,0.16329132016505235,True,detected,0.6038800437195773
keyed,20280818,1,random,5,1,Pdiag pointwise,True,,0.008027669973671436,0.7906825128250026,0.2043323232417504,0.16149696121927812,True,detected,0.601674283298701
keyed,20280818,1,random,5,1,Pdiag finite,True,,3.3619002257473767,0.6562506882756847,0.2234416216676972,0.24273037273118164,True,detected,0.6027288409648291
keyed,20280818,2,random,5,2,Frame-weighted,True,,0.00611905800178647,0.7251793797063115,0.696905669092802,0.3725595821460883,False,right_censored,
keyed,20280818,2,random,5,2,Phase scalar GP,True,,0.17383281886577606,0.7252444803359639,0.6968422429621612,0.37248418944755235,False,right_censored,
keyed,20280818,2,random,5,2,TP-GMM additive,True,,13.307735770009458,0.5746974271515026,0.48367929908825663,0.23412495972707695,False,left_censored,
keyed,20280818,2,random,5,2,TP-GMM SE(2),True,,13.10471654869616,0.5261114642955446,0.48739534656315064,0.270777793444809,False,left_censored,
keyed,20280818,2,random,5,2,Generic RBF,True,,0.561279040761292,0.7587714267915865,0.3704814436040553,0.17029676059049986,True,detected,0.6255048177876111
keyed,20280818,2,random,5,2,Full operator,True,,0.002041325904428959,0.8254655713623207,0.409428264763283,0.18749163301914695,True,detected,0.6370531591667784
keyed,20280818,2,random,5,2,Pdiag pointwise,True,,0.0076440139673650265,0.8211678590333927,0.3024134495893644,0.165121604858487,True,detected,0.6134356355576912
keyed,20280818,2,random,5,2,Pdiag finite,True,,0.8559389328584075,0.7742842359717647,0.3157389885833027,0.1862111179661313,True,detected,0.6147302292130928
keyed,20280818,3,qualified,5,0,Frame-weighted,True,,0.005969285033643246,0.4667210551298088,0.6904721612258098,0.6539008809874062,False,right_censored,
keyed,20280818,3,qualified,5,0,Phase scalar GP,True,,0.1966820675879717,0.46671366100452333,0.6904796901424795,0.6539043855196245,False,right_censored,
keyed,20280818,3,qualified,5,0,TP-GMM additive,True,,14.209209265187383,0.8199119531958311,0.18537278584106645,0.06840476746726053,True,detected,0.5920940861125098
keyed,20280818,3,qualified,5,0,TP-GMM SE(2),True,,14.417688583955169,0.6885339796569829,0.13729726529534722,0.10219796535265406,True,detected,0.5215103954827759
keyed,20280818,3,qualified,5,0,Generic RBF,True,,0.3297085012309253,0.7604937977803254,0.1831941085112737,0.13775557675677497,True,detected,0.6022421639585543
keyed,20280818,3,qualified,5,0,Full operator,True,,0.0020891758613288403,0.8306350759354909,0.1993396131186091,0.1483258154924856,True,detected,0.6075549300873068
keyed,20280818,3,qualified,5,0,Pdiag pointwise,True,,0.007811942137777805,0.823398284542862,0.20899965851108473,0.152689519249566,True,detected,0.6042569386680553
keyed,20280818,3,qualified,5,0,Pdiag finite,True,,4.99260246893391,0.8560063193306595,0.21371935482838464,0.15263047429305837,True,detected,0.6035566411165001
keyed,20280818,4,qualified,5,1,Frame-weighted,True,,0.00861931312829256,0.793274983485946,0.5619644398419436,0.270094300611309,True,detected,0.6877020237438479
keyed,20280818,4,qualified,5,1,Phase scalar GP,True,,0.20997165702283382,0.7932686870821197,0.5619717650439494,0.27008661129685135,True,detected,0.687770348046197
keyed,20280818,4,qualified,5,1,TP-GMM additive,True,,13.656674135942012,0.6308916494894112,0.18750312884550993,0.12100405059177048,False,left_censored,
keyed,20280818,4,qualified,5,1,TP-GMM SE(2),True,,12.80064854491502,0.6415724226929547,0.19755216644225881,0.13142846088038979,False,left_censored,
keyed,20280818,4,qualified,5,1,Generic RBF,True,,0.2793834968470037,0.8092459630001081,0.1670930338048696,0.18453450173341815,True,detected,0.607774560094506
keyed,20280818,4,qualified,5,1,Full operator,True,,0.0020765038207173347,0.8092454481552028,0.16708869853635377,0.18649972577034807,True,detected,0.6075948902787487
keyed,20280818,4,qualified,5,1,Pdiag pointwise,True,,0.007737118750810623,0.8091282906528267,0.16972982786423713,0.18592197699975865,True,detected,0.6079517949893543
keyed,20280818,4,qualified,5,1,Pdiag finite,True,,1.8848653268069029,0.7702990603158594,0.22910437671536818,0.1804820589335763,True,detected,0.6089639078084901
keyed,20280818,5,qualified,5,2,Frame-weighted,True,,0.00632863026112318,0.43867452311738925,0.6626329756826103,0.6856880935977198,False,right_censored,
keyed,20280818,5,qualified,5,2,Phase scalar GP,True,,0.2030647057108581,0.43876663192261117,0.662544805553727,0.685432442137677,False,right_censored,
keyed,20280818,5,qualified,5,2,TP-GMM additive,True,,13.89652992784977,0.5377153756059101,0.1269311513239009,0.1284708649521374,False,left_censored,
keyed,20280818,5,qualified,5,2,TP-GMM SE(2),True,,13.828317823819816,0.7612310157495259,0.2065819787237294,0.1462840293838376,True,detected,0.5969110236513527
keyed,20280818,5,qualified,5,2,Generic RBF,True,,0.2993828780017793,0.7651236573362303,0.2253287705193179,0.15236649076737138,True,detected,0.5969706278253752
keyed,20280818,5,qualified,5,2,Full operator,True,,0.002071395982056856,0.7997686561799786,0.23578493205722365,0.15951958675056785,True,detected,0.5980715011190686
keyed,20280818,5,qualified,5,2,Pdiag pointwise,True,,0.007702752947807312,0.8238460941272174,0.2223633873997998,0.1520247144684717,True,detected,0.6034549655367363
keyed,20280818,5,qualified,5,2,Pdiag finite,True,,17.461962482891977,0.8170203938658905,0.22589187085413212,0.15497510202775105,True,detected,0.6043230053248211
keyed,20280818,6,random,10,0,Frame-weighted,True,,0.006086538080126047,0.7425619103120618,0.6020932743955555,0.3004913673445897,True,detected,0.821331732866719
keyed,20280818,6,random,10,0,Phase scalar GP,True,,0.26053172536194324,0.7425522943791871,0.6021042359626738,0.30049420632820795,True,detected,0.8222376047471449
keyed,20280818,6,random,10,0,TP-GMM additive,True,,21.4527716380544,0.8230026034832426,0.36177104487257494,0.15177210954342582,True,detected,0.6346534815121803
keyed,20280818,6,random,10,0,TP-GMM SE(2),True,,19.800388873089105,0.7917405021004407,0.36273935026208415,0.1709449024197225,True,detected,0.6356831441687955
keyed,20280818,6,random,10,0,Generic RBF,True,,0.32050738111138344,0.8033605406419521,0.25358944430400926,0.16455342526893163,True,detected,0.6101467789570907
keyed,20280818,6,random,10,0,Full operator,True,,0.002059181686490774,0.8097139219404739,0.2554863289227454,0.16738763839956888,True,detected,0.6102691233038281
keyed,20280818,6,random,10,0,Pdiag pointwise,True,,0.00757441995665431,0.8118196860921677,0.2533559458792202,0.16616275101157157,True,detected,0.6103787660780529
keyed,20280818,6,random,10,0,Pdiag finite,True,,1.7739749792963266,0.7734005216118804,0.27399058041729957,0.18092913397739263,True,detected,0.6119144048971037
keyed,20280818,7,random,10,1,Frame-weighted,True,,0.0063488478772342205,0.7641452793898306,0.6256240922248884,0.30569418507736407,False,right_censored,
keyed,20280818,7,random,10,1,Phase scalar GP,True,,0.20216314122080803,0.7641467788470372,0.6256229263668692,0.30569083259829527,False,right_censored,
keyed,20280818,7,random,10,1,TP-GMM additive,True,,23.286436510737985,0.821658148471918,0.24055827261003956,0.1190941796370157,True,detected,0.5828870909722785
keyed,20280818,7,random,10,1,TP-GMM SE(2),True,,22.198749233968556,0.8009782867807941,0.32364992204212967,0.16879130260954336,True,detected,0.6296396227440538
keyed,20280818,7,random,10,1,Generic RBF,True,,0.3612442137673497,0.8160848595479473,0.3126732890375926,0.1656495456676673,True,detected,0.6146914613203732
keyed,20280818,7,random,10,1,Full operator,True,,0.002181289717555046,0.8175873583471569,0.31341422528546475,0.16605085717198287,True,detected,0.6146237543423914
keyed,20280818,7,random,10,1,Pdiag pointwise,True,,0.007890534587204456,0.8131518178100322,0.25294882543539476,0.1603089475851873,True,detected,0.6079540035023003
keyed,20280818,7,random,10,1,Pdiag finite,True,,1.8688030098564923,0.765457809146402,0.27084980616468735,0.18261873773541587,True,detected,0.6101434243184176
keyed,20280818,8,random,10,2,Frame-weighted,True,,0.00609916215762496,0.7018053509705925,0.6892336163909897,0.3777335304571769,True,detected,0.9938738764152909
keyed,20280818,8,random,10,2,Phase scalar GP,True,,0.18308078404515982,0.7018078326796358,0.6892320996996983,0.37772690996537867,True,detected,0.9938320242873445
keyed,20280818,8,random,10,2,TP-GMM additive,True,,21.444882529322058,0.806211915436155,0.27202596860523043,0.12449800200619725,True,detected,0.575853271963193
keyed,20280818,8,random,10,2,TP-GMM SE(2),True,,19.862436095252633,0.8148195662534897,0.2721121288398775,0.12659354516786617,True,detected,0.5761688180392049
keyed,20280818,8,random,10,2,Generic RBF,True,,0.483695478644222,0.8073655601986214,0.2868031624781362,0.16423419958830746,True,detected,0.6102476693727441
keyed,20280818,8,random,10,2,Full operator,True,,0.002158686053007841,0.8140255659748833,0.2890646719531912,0.16677816858113373,True,detected,0.6098819373856764
keyed,20280818,8,random,10,2,Pdiag pointwise,True,,0.007908422965556383,0.8095237976470547,0.2925547364379488,0.1680694518600842,True,detected,0.6104761202073886
keyed,20280818,8,random,10,2,Pdiag finite,True,,3.9855731609277427,0.7368127419499549,0.3153309591639435,0.20693097352242354,True,detected,0.6136739970515871
keyed,20280818,9,qualified,10,0,Frame-weighted,True,,0.006094750948250294,0.7077944748208815,0.6664909772419039,0.3629082866752833,True,detected,0.991143315294002
keyed,20280818,9,qualified,10,0,Phase scalar GP,True,,0.21099800383672118,0.7077921103400344,0.6664938169403827,0.36290849621403437,True,detected,0.9911238417174644
keyed,20280818,9,qualified,10,0,TP-GMM additive,True,,21.588570071849972,0.8302612076623446,0.4216995053744955,0.17250130610486297,True,detected,0.6650764788733312
keyed,20280818,9,qualified,10,0,TP-GMM SE(2),True,,20.26946117915213,0.7978951865796435,0.4225829492244273,0.18765952670805672,True,detected,0.665457046606497
keyed,20280818,9,qualified,10,0,Generic RBF,True,,0.6651225117966533,0.8034972236339537,0.282282772283361,0.1681022781974016,True,detected,0.6130620149592747
keyed,20280818,9,qualified,10,0,Full operator,True,,0.0027522919699549675,0.80932315284414,0.28436999863658236,0.1709939135264932,True,detected,0.613253172244018
keyed,20280818,9,qualified,10,0,Pdiag pointwise,True,,0.0078112962655723095,0.8139063663297654,0.26649149808388856,0.1637049151734151,True,detected,0.6099608682403838
keyed,20280818,9,qualified,10,0,Pdiag finite,True,,2.3150174128822982,0.7377070576727172,0.2924629815461931,0.1970869858844164,True,detected,0.6118468043600054
keyed,20280818,10,qualified,10,1,Frame-weighted,True,,0.006158073432743549,0.6564348889339994,0.6801861429865614,0.41161186180031983,False,right_censored,
keyed,20280818,10,qualified,10,1,Phase scalar GP,True,,0.22942071594297886,0.6564688073453145,0.6801552842588852,0.41155295596990693,False,right_censored,
keyed,20280818,10,qualified,10,1,TP-GMM additive,True,,19.91074453899637,0.8117858923726401,0.2715363476502196,0.12956896407336643,True,detected,0.5944435055415693
keyed,20280818,10,qualified,10,1,TP-GMM SE(2),True,,20.580536575056612,0.8057221660749961,0.2400965636394364,0.11323451149202515,True,detected,0.5628831342976224
keyed,20280818,10,qualified,10,1,Generic RBF,True,,0.3649846138432622,0.8030196757756357,0.28138439557061706,0.16090734597713066,True,detected,0.6091613861030828
keyed,20280818,10,qualified,10,1,Full operator,True,,0.0020966441370546818,0.8109243326444958,0.28422635708772725,0.16277219109169716,True,detected,0.6095532233545085
keyed,20280818,10,qualified,10,1,Pdiag pointwise,True,,0.008068159688264132,0.8136866914270727,0.2735709509744997,0.16010347710189504,True,detected,0.6081409383017689
keyed,20280818,10,qualified,10,1,Pdiag finite,True,,1.313433603849262,0.7460399441291073,0.2859042741219483,0.18973388945039804,True,detected,0.6092076153515059
keyed,20280818,11,qualified,10,2,Frame-weighted,True,,0.006176185794174671,0.6662796101514823,0.7206186191472647,0.4345539198897056,False,right_censored,
keyed,20280818,11,qualified,10,2,Phase scalar GP,True,,0.22468125307932496,0.6662874471291983,0.7206116511111391,0.4345386945174225,False,right_censored,
keyed,20280818,11,qualified,10,2,TP-GMM additive,True,,23.16892411187291,0.6624284387762939,0.19003964058496492,0.12081508725342129,True,detected,0.5807290702362689
keyed,20280818,11,qualified,10,2,TP-GMM SE(2),True,,19.93401503097266,0.7742351977209307,0.1853106054773812,0.1379189375771306,True,detected,0.5786010645737132
keyed,20280818,11,qualified,10,2,Generic RBF,True,,0.19744105683639646,0.8215884605918342,0.15980511450572943,0.13865631625847027,True,detected,0.5868875062500718
keyed,20280818,11,qualified,10,2,Full operator,True,,0.0020837299525737762,0.8237751160387261,0.1601771790599198,0.13926264779912037,True,detected,0.5872667335736547
keyed,20280818,11,qualified,10,2,Pdiag pointwise,True,,0.007760055363178253,0.8195533822857309,0.19880928125769118,0.14957904889983983,True,detected,0.5979610416875243
keyed,20280818,11,qualified,10,2,Pdiag finite,True,,2.6216061618179083,0.7764375857201228,0.22681908852834226,0.16634423759522626,True,detected,0.5998644495439279
keyed,20280818,12,random,20,0,Frame-weighted,True,,0.0064291818998754025,0.7241048830425676,0.6611538514291649,0.3470634984880236,True,detected,0.9933858358175606
keyed,20280818,12,random,20,0,Phase scalar GP,True,,0.2057848540134728,0.724098365623142,0.661160711953745,0.3470685945665106,True,detected,0.9933760254543627
keyed,20280818,12,random,20,0,TP-GMM additive,True,,41.63810698501766,0.8024246592813233,0.24784759608308288,0.13172684637430873,True,detected,0.5872811433248835
keyed,20280818,12,random,20,0,TP-GMM SE(2),True,,41.7185033718124,0.8080211959707354,0.25921434767341955,0.14269172823408632,True,detected,0.5932550218697054
keyed,20280818,12,random,20,0,Generic RBF,True,,0.5758231738582253,0.8102919331468006,0.24533968624380434,0.1599862447939104,True,detected,0.6063887778344145
keyed,20280818,12,random,20,0,Full operator,True,,0.0020880941301584244,0.8129205558452823,0.2461418152742457,0.1608341371466308,True,detected,0.6063662722871825
keyed,20280818,12,random,20,0,Pdiag pointwise,True,,0.007750208955258131,0.8132982387185108,0.2402126781000941,0.15977674526788124,True,detected,0.6056625732370324
keyed,20280818,12,random,20,0,Pdiag finite,True,,3.210745483171195,0.7398250914817021,0.26711801205549135,0.1947171482987397,True,detected,0.6076199351894288
keyed,20280818,13,random,20,1,Frame-weighted,True,,0.006180841010063887,0.7734077501680514,0.6494634989023276,0.3125928930669014,False,right_censored,
keyed,20280818,13,random,20,1,Phase scalar GP,True,,0.19865348795428872,0.7734255836486562,0.6494461846118972,0.3125724366169397,False,right_censored,
keyed,20280818,13,random,20,1,TP-GMM additive,True,,38.949453722219914,0.7988202757275579,0.24076678642548427,0.1406808957712524,True,detected,0.6016730024065113
keyed,20280818,13,random,20,1,TP-GMM SE(2),True,,45.03410699684173,0.8253751149903,0.24537718100842415,0.1336118198844817,True,detected,0.6040323695343687
keyed,20280818,13,random,20,1,Generic RBF,True,,0.6672671311534941,0.8164167678957709,0.2247886848690775,0.1568171336970487,True,detected,0.6051803554713585
keyed,20280818,13,random,20,1,Full operator,True,,0.002108885906636715,0.8164110217030266,0.22478708795201796,0.1568183884219056,True,detected,0.6054134164644556
keyed,20280818,13,random,20,1,Pdiag pointwise,True,,0.007870671804994345,0.8171081233206289,0.22330904447024197,0.15669343380878734,True,detected,0.6053560581702098
keyed,20280818,13,random,20,1,Pdiag finite,True,,1.725323316641152,0.7490728298941117,0.24496778758026058,0.1882915549175067,True,detected,0.6068911522726963
keyed,20280818,14,random,20,2,Frame-weighted,True,,0.006136132404208183,0.7362635562644375,0.6364564183966508,0.3295319876759429,True,detected,0.9846772736273405
keyed,20280818,14,random,20,2,Phase scalar GP,True,,0.2699293461628258,0.7362617371156419,0.6364593358195386,0.3295284957453768,True,detected,0.9839189913314146
keyed,20280818,14,random,20,2,TP-GMM additive,True,,40.37203250313178,0.8076199607422978,0.20876194398297226,0.11680183633422798,True,detected,0.5724441145792755
keyed,20280818,14,random,20,2,TP-GMM SE(2),True,,40.15940841427073,0.7966238820140468,0.2281455332792487,0.13532394865551878,True,detected,0.5859502020887646
keyed,20280818,14,random,20,2,Generic RBF,True,,0.5315815592184663,0.814701208367315,0.21551609065616348,0.15748458297625784,True,detected,0.6059966477075347
keyed,20280818,14,random,20,2,Full operator,True,,0.002184073906391859,0.8176894810899882,0.21628997233171524,0.15848176273383768,True,detected,0.6060693884488543
keyed,20280818,14,random,20,2,Pdiag pointwise,True,,0.008234267123043537,0.8181423507167266,0.21402468352139042,0.1565767183544721,True,detected,0.6050302451867928
keyed,20280818,14,random,20,2,Pdiag finite,True,,14.26539508299902,0.7663048478800435,0.24031174694645588,0.1791714018980839,True,detected,0.60668181718613
keyed,20280818,15,qualified,20,0,Frame-weighted,True,,0.006241923663765192,0.6935409595997526,0.6762019708752613,0.37714186352826573,False,right_censored,
keyed,20280818,15,qualified,20,0,Phase scalar GP,True,,0.21964851720258594,0.6935461726188779,0.6761972034102787,0.37713444926121326,False,right_censored,
keyed,20280818,15,qualified,20,0,TP-GMM additive,True,,35.85641852719709,0.7959321722183915,0.2172656707632474,0.12313098022088605,True,detected,0.5738702923693975
keyed,20280818,15,qualified,20,0,TP-GMM SE(2),True,,42.59494001977146,0.8031515526628222,0.21520767656287368,0.129661551487028,True,detected,0.5847723061221828
keyed,20280818,15,qualified,20,0,Generic RBF,True,,0.8633349239826202,0.813959853627503,0.2123161406301826,0.1547753648876301,True,detected,0.6034397977935392
keyed,20280818,15,qualified,20,0,Full operator,True,,0.0021193339489400387,0.8166053891740617,0.2129936824035337,0.15559619097209507,True,detected,0.6037634743434573
keyed,20280818,15,qualified,20,0,Pdiag pointwise,True,,0.007900910917669535,0.8167000981628522,0.21210071923298648,0.15522589994752303,True,detected,0.6034712452182949
keyed,20280818,15,qualified,20,0,Pdiag finite,True,,2.7493864549323916,0.7578346618722928,0.23808688077615053,0.18188165655007935,True,detected,0.6051808059131711
keyed,20280818,16,qualified,20,1,Frame-weighted,True,,0.006305318791419268,0.7323594873259416,0.6626924269311228,0.3416070240656916,False,right_censored,
keyed,20280818,16,qualified,20,1,Phase scalar GP,True,,0.23281514877453446,0.7323581916274313,0.6626946731409562,0.341602850532196,False,right_censored,
keyed,20280818,16,qualified,20,1,TP-GMM additive,True,,40.22618915978819,0.8039287087884139,0.2645585429049364,0.1365583959993233,True,detected,0.6029734590591216
keyed,20280818,16,qualified,20,1,TP-GMM SE(2),True,,39.40427958313376,0.814606955813426,0.2710900411475372,0.1457024339165165,True,detected,0.6068226918424927
keyed,20280818,16,qualified,20,1,Generic RBF,True,,0.5856134728528559,0.8205566305220309,0.2473126318852178,0.1562300643925478,True,detected,0.6056370778482213
keyed,20280818,16,qualified,20,1,Full operator,True,,0.002047488000243902,0.8205512563991297,0.24731098747396962,0.1562312302480996,True,detected,0.6058984664562723
keyed,20280818,16,qualified,20,1,Pdiag pointwise,True,,0.007672000210732222,0.8209448499162453,0.2457185676686927,0.1560660903406875,True,detected,0.605966547199959
keyed,20280818,16,qualified,20,1,Pdiag finite,True,,1.9904394871555269,0.7729732783573219,0.26848658332834086,0.17762676613535397,True,detected,0.6080920658268704
keyed,20280818,17,qualified,20,2,Frame-weighted,True,,0.006142907310277224,0.776288887339078,0.6558310125286212,0.3150231212213121,True,detected,0.9936466330873801
keyed,20280818,17,qualified,20,2,Phase scalar GP,True,,0.2638362222351134,0.7762962867313666,0.6558241167335211,0.3150138287054765,True,detected,0.9936566313164269
keyed,20280818,17,qualified,20,2,TP-GMM additive,True,,41.07327382219955,0.8036495012282684,0.26003656645520573,0.13572468627088047,True,detected,0.5926265873809348
keyed,20280818,17,qualified,20,2,TP-GMM SE(2),True,,43.489948452915996,0.808656224591425,0.26398417911226474,0.14068932938324147,True,detected,0.5953658213759827
keyed,20280818,17,qualified,20,2,Generic RBF,True,,0.3902323739603162,0.8106281691286926,0.24054365111923595,0.15980381270955543,True,detected,0.6066556441325545
keyed,20280818,17,qualified,20,2,Full operator,True,,0.002187178935855627,0.8131958957353609,0.24128619951539135,0.16063263243358247,True,detected,0.6067365959493441
keyed,20280818,17,qualified,20,2,Pdiag pointwise,True,,0.008188331965357065,0.81290374798467,0.2399682067890161,0.16003119504536095,True,detected,0.6062336876041926
keyed,20280818,17,qualified,20,2,Pdiag finite,True,,3.018877661321312,0.7493343511573691,0.2644928577539994,0.19006995792167378,True,detected,0.6082432502719255
circular_honest,20260818,0,random,5,0,Frame-weighted,True,,0.006132049020379782,0.4407999884368502,0.5722992515039096,0.2837390254294199,False,right_censored,
circular_honest,20260818,0,random,5,0,Phase scalar GP,True,,0.2380091268569231,0.4409255181390872,0.5721841191178829,0.2836879681881832,False,right_censored,
circular_honest,20260818,0,random,5,0,TP-GMM additive,True,,12.744413710664958,0.036760714978508746,0.06643171527977673,0.0031723305867313468,False,left_censored,
circular_honest,20260818,0,random,5,0,TP-GMM SE(2),True,,11.443481529131532,0.13101824828830255,0.0011651106888303868,0.01840893369821479,False,left_censored,
circular_honest,20260818,0,random,5,0,Generic RBF,True,,0.18415091698989272,0.025708245148840386,-0.0006757860925666147,0.0006939940169869417,False,left_censored,
circular_honest,20260818,0,random,5,0,Full operator,True,,0.002005751710385084,0.02696997579788825,-0.0006920549024255188,0.0008075257621165463,False,left_censored,
circular_honest,20260818,0,random,5,0,Pdiag pointwise,True,,0.007438675034791231,0.007265104542579091,-0.0009236522325072928,8.038195736954664e-05,False,left_censored,
circular_honest,20260818,0,random,5,0,Pdiag finite,True,,2.2412920142523944,0.0553417082599402,0.023924812388269864,0.002855479357237587,False,left_censored,
circular_honest,20260818,1,random,5,1,Frame-weighted,True,,0.006319348234683275,0.511147963057398,0.6629731746461032,0.3836635458397153,False,right_censored,
circular_honest,20260818,1,random,5,1,Phase scalar GP,True,,0.26439304929226637,0.5111330387179194,0.6629936210443164,0.3836320943244689,False,right_censored,
circular_honest,20260818,1,random,5,1,TP-GMM additive,True,,13.932797312736511,0.0050583530268178255,0.001891419789985706,2.2538727849224058e-05,False,left_censored,
circular_honest,20260818,1,random,5,1,TP-GMM SE(2),True,,13.06708663329482,0.007322606311452548,0.004095472732501008,0.00013577011658600865,False,left_censored,
circular_honest,20260818,1,random,5,1,Generic RBF,True,,0.28649667371064425,0.009610315694600455,-0.0008334517363571296,9.049407851587368e-05,False,left_censored,
circular_honest,20260818,1,random,5,1,Full operator,True,,0.002095032949000597,0.009677352449555327,-0.0008387401890288845,0.0001021946606759967,False,left_censored,
circular_honest,20260818,1,random,5,1,Pdiag pointwise,True,,0.007761999033391476,0.0037670598370502877,-0.0006335078839004766,4.600729799328097e-05,False,left_censored,
circular_honest,20260818,1,random,5,1,Pdiag finite,True,,1.4713066229596734,0.04108496597059859,0.02319190214482976,0.002366665267518049,False,left_censored,
circular_honest,20260818,2,random,5,2,Frame-weighted,True,,0.005971238017082214,0.33033927169114574,0.5695475156885422,0.2682475413004672,False,right_censored,
circular_honest,20260818,2,random,5,2,Phase scalar GP,True,,0.20134386606514454,0.33033988770673844,0.5695492824879124,0.2682187944467217,False,right_censored,
circular_honest,20260818,2,random,5,2,TP-GMM additive,True,,14.21717291790992,0.008569531268658502,0.010108924305468862,9.143402412113217e-05,False,left_censored,
circular_honest,20260818,2,random,5,2,TP-GMM SE(2),True,,12.2336481269449,0.002276045704365761,0.0011983718071051537,3.511274829300434e-05,False,left_censored,
circular_honest,20260818,2,random,5,2,Generic RBF,True,,0.20117780100554228,0.008356270966930509,-0.000858049282972031,9.628514335646894e-05,False,left_censored,
circular_honest,20260818,2,random,5,2,Full operator,True,,0.002104173880070448,0.008773747870187157,-0.0009549051453411049,0.00012481694532486318,False,left_censored,
circular_honest,20260818,2,random,5,2,Pdiag pointwise,True,,0.007838889956474304,0.014562602377145253,-0.00046443381699519523,0.0002809895307275621,False,left_censored,
circular_honest,20260818,2,random,5,2,Pdiag finite,True,,1.6496331510134041,0.03483141012907194,0.01531571044236514,0.001746326178060682,False,left_censored,
circular_honest,20260818,3,qualified,5,0,Frame-weighted,True,,0.006011164281517267,0.5114017766159339,0.6070509133807407,0.3335059246922733,False,right_censored,
circular_honest,20260818,3,qualified,5,0,Phase scalar GP,True,,0.26058119209483266,0.5114020551258349,0.6070521164807164,0.33350084579681377,False,right_censored,
circular_honest,20260818,3,qualified,5,0,TP-GMM additive,True,,16.304492278955877,0.005081843099072043,0.0031122020556897667,1.9753307083283988e-05,False,left_censored,
circular_honest,20260818,3,qualified,5,0,TP-GMM SE(2),True,,15.080115906894207,0.0026559779276734106,0.003090359724877294,1.9154049249572746e-05,False,left_censored,
circular_honest,20260818,3,qualified,5,0,Generic RBF,True,,0.3004875131882727,-0.007993104523827389,-0.0011326068255165945,8.165684439513108e-05,False,left_censored,
circular_honest,20260818,3,qualified,5,0,Full operator,True,,0.0021881419233977795,-0.020461342599534815,-0.009710920166287097,0.0014752680289531737,False,left_censored,
circular_honest,20260818,3,qualified,5,0,Pdiag pointwise,True,,0.008531725965440273,-0.013895246661784015,0.0009547031423684925,0.00019707378168290604,False,left_censored,
circular_honest,20260818,3,qualified,5,0,Pdiag finite,True,,1.3351559229195118,0.006141421558035627,0.0107992821175247,9.826078652877138e-05,False,left_censored,
circular_honest,20260818,4,qualified,5,1,Frame-weighted,True,,0.0064321719110012054,0.40152091512065596,0.4723063157346363,0.20544451823665674,False,left_censored,
circular_honest,20260818,4,qualified,5,1,Phase scalar GP,True,,0.20906788110733032,0.40140522966638054,0.4724289187372613,0.20542235463728015,False,left_censored,
circular_honest,20260818,4,qualified,5,1,TP-GMM additive,True,,18.339218131266534,0.006128443045744547,0.008917583326402946,6.199377909843544e-05,False,left_censored,
circular_honest,20260818,4,qualified,5,1,TP-GMM SE(2),True,,14.880628121085465,0.13085316087816978,0.21441095334238924,0.03578444745292815,False,left_censored,
circular_honest,20260818,4,qualified,5,1,Generic RBF,True,,0.250421741977334,-0.0003070848068015485,0.0015134344140186346,8.028148868166875e-06,False,left_censored,
circular_honest,20260818,4,qualified,5,1,Full operator,True,,0.0022438522428274155,-0.0004220926403665845,0.001185449454889488,1.0954267566989165e-05,False,left_censored,
circular_honest,20260818,4,qualified,5,1,Pdiag pointwise,True,,0.00824506999924779,-0.001295276741109389,0.002464644143959185,2.035505945089588e-05,False,left_censored,
circular_honest,20260818,4,qualified,5,1,Pdiag finite,True,,2.5921939206309617,0.009804503800868133,0.026049686340678935,0.00046860687090311535,False,left_censored,
circular_honest,20260818,5,qualified,5,2,Frame-weighted,True,,0.0060324957594275475,0.4880287798351544,0.5611995624930796,0.29412045797895553,False,right_censored,
circular_honest,20260818,5,qualified,5,2,Phase scalar GP,True,,0.2743299212306738,0.488028585009243,0.5612019152206525,0.29411321423666054,False,right_censored,
circular_honest,20260818,5,qualified,5,2,TP-GMM additive,True,,14.460694930050522,0.009387141351402705,0.0037756937304350767,9.153790301153519e-05,False,left_censored,
circular_honest,20260818,5,qualified,5,2,TP-GMM SE(2),True,,13.875599463935941,-0.0011704763897941008,0.00378123168113616,0.0001461271897853533,False,left_censored,
circular_honest,20260818,5,qualified,5,2,Generic RBF,True,,0.15106619615107775,-0.021734565774830208,0.02631233063039478,0.0017486413643890873,False,left_censored,
circular_honest,20260818,5,qualified,5,2,Full operator,True,,0.002012220211327076,-0.02566760236484327,0.035411336967685496,0.0032652457103267557,False,left_censored,
circular_honest,20260818,5,qualified,5,2,Pdiag pointwise,True,,0.007403942756354809,-0.01737153068611053,0.004252215185513518,0.0003568497175997873,False,left_censored,
circular_honest,20260818,5,qualified,5,2,Pdiag finite,True,,1.7438931977376342,0.008968778975842395,0.010460252562200846,0.0003061533458669332,False,left_censored,
circular_honest,20260818,6,random,10,0,Frame-weighted,True,,0.006481430027633905,0.3047047249869428,0.48317040789504473,0.19048870899365763,True,detected,0.9917907843592922
circular_honest,20260818,6,random,10,0,Phase scalar GP,True,,0.24271185416728258,0.30470110625034685,0.4831755029859246,0.19047955803459737,True,detected,0.9911551115977977
circular_honest,20260818,6,random,10,0,TP-GMM additive,True,,20.447514812927693,0.0019552186253520756,0.0015609680785356223,3.3214052569154246e-06,False,left_censored,
circular_honest,20260818,6,random,10,0,TP-GMM SE(2),True,,22.01485356502235,0.0005658582880195872,0.0015636751513742962,1.8116312399167486e-05,False,left_censored,
circular_honest,20260818,6,random,10,0,Generic RBF,True,,0.5547388140112162,-0.0010426788253365868,0.002219543516232148,1.1071383380823334e-05,False,left_censored,
circular_honest,20260818,6,random,10,0,Full operator,True,,0.0020946189761161804,-0.0011549263988672586,0.002308790061629173,1.5163776619852514e-05,False,left_censored,
circular_honest,20260818,6,random,10,0,Pdiag pointwise,True,,0.007761650253087282,0.00016376738337874823,0.0022169259299744336,1.6820087262614342e-05,False,left_censored,
circular_honest,20260818,6,random,10,0,Pdiag finite,True,,3.774344631936401,0.01152188795821282,0.01946191194109833,0.0002964738600576463,False,left_censored,
circular_honest,20260818,7,random,10,1,Frame-weighted,True,,0.006292442791163921,0.3896300052199356,0.49167284843835013,0.21116562695213273,True,detected,0.5403881871167496
circular_honest,20260818,7,random,10,1,Phase scalar GP,True,,0.2772047040052712,0.38966798556963766,0.4916369648844271,0.21115917181449576,True,detected,0.5433340312059185
circular_honest,20260818,7,random,10,1,TP-GMM additive,True,,21.9576719221659,0.009399638829351051,0.013667581323794496,0.00014721653833389806,False,left_censored,
circular_honest,20260818,7,random,10,1,TP-GMM SE(2),True,,20.92580014001578,0.008792264085739892,0.013671818943681802,0.00014680382029861285,False,left_censored,
circular_honest,20260818,7,random,10,1,Generic RBF,True,,0.3512423331849277,-0.0020482217664076273,0.00048548802663639444,5.294918064425072e-06,False,left_censored,
circular_honest,20260818,7,random,10,1,Full operator,True,,0.002057969104498625,-0.0021120933345917677,0.0005163775436480936,7.861189541825635e-06,False,left_censored,
circular_honest,20260818,7,random,10,1,Pdiag pointwise,True,,0.007579460274428129,-0.003486869259780539,0.0001559870046483322,1.2761296536558125e-05,False,left_censored,
circular_honest,20260818,7,random,10,1,Pdiag finite,True,,2.1119195828214288,0.014413144837198048,0.02811556623551871,0.000567390442763065,False,left_censored,
circular_honest,20260818,8,random,10,2,Frame-weighted,True,,0.0059720310382544994,0.42583909088223754,0.5584235212101158,0.270533738800784,False,right_censored,
circular_honest,20260818,8,random,10,2,Phase scalar GP,True,,0.16602772194892168,0.42582963240758176,0.5584355987809526,0.27052175968179426,False,right_censored,
circular_honest,20260818,8,random,10,2,TP-GMM additive,True,,25.086746241897345,0.001723041459854415,0.0015644404025022282,2.7519532468803964e-06,False,left_censored,
circular_honest,20260818,8,random,10,2,TP-GMM SE(2),True,,21.047287525143474,0.0011313266430300957,0.0015660362012488815,1.0480789056019269e-05,False,left_censored,
circular_honest,20260818,8,random,10,2,Generic RBF,True,,0.5096541908569634,-0.006049609029471852,0.0012566038823340353,6.380362358006666e-05,False,left_censored,
circular_honest,20260818,8,random,10,2,Full operator,True,,0.002266101073473692,-0.0063016755316160225,0.001332636156738051,7.256891803068721e-05,False,left_censored,
circular_honest,20260818,8,random,10,2,Pdiag pointwise,True,,0.008290826808661222,-0.005200490927235482,0.0007275385529387758,5.322071752690746e-05,False,left_censored,
circular_honest,20260818,8,random,10,2,Pdiag finite,True,,2.012680363841355,0.01855470600090621,0.02955542873926412,0.000661183524051627,False,left_censored,
circular_honest,20260818,9,qualified,10,0,Frame-weighted,True,,0.006343997083604336,0.3602877724044784,0.5559858648416356,0.25687804052985974,False,right_censored,
circular_honest,20260818,9,qualified,10,0,Phase scalar GP,True,,0.3501554410904646,0.3602784149315426,0.5559962160511179,0.2568710779565527,False,right_censored,
circular_honest,20260818,9,qualified,10,0,TP-GMM additive,True,,21.358465550933033,0.002049752110923551,0.0013219698994877138,3.1935391740120825e-06,False,left_censored,
circular_honest,20260818,9,qualified,10,0,TP-GMM SE(2),True,,20.7112726168707,5.0179107756191186e-05,0.001325802391395307,2.3129300787956576e-05,False,left_censored,
circular_honest,20260818,9,qualified,10,0,Generic RBF,True,,0.3510653958655894,-0.004832123464832155,0.0007359715316141553,2.9331858237578177e-05,False,left_censored,
circular_honest,20260818,9,qualified,10,0,Full operator,True,,0.002189435064792633,-0.005058321792540444,0.0007913479408196214,4.118237939175871e-05,False,left_censored,
circular_honest,20260818,9,qualified,10,0,Pdiag pointwise,True,,0.00825387705117464,-0.00282924418895122,-3.848375890481574e-05,1.2790292972073682e-05,False,left_censored,
circular_honest,20260818,9,qualified,10,0,Pdiag finite,True,,2.4439232260920107,0.013448147880019072,0.02290888487998716,0.0004296571912144095,False,left_censored,
circular_honest,20260818,10,qualified,10,1,Frame-weighted,True,,0.006091149058192968,0.3605066613862303,0.5706100627839624,0.2666688323139493,False,right_censored,
circular_honest,20260818,10,qualified,10,1,Phase scalar GP,True,,0.2265229420736432,0.3605067611790836,0.570610154105003,0.26666741619544465,False,right_censored,
circular_honest,20260818,10,qualified,10,1,TP-GMM additive,True,,21.028225276153535,0.005547781869244304,0.0021199893421969844,2.838290239762069e-05,False,left_censored,
circular_honest,20260818,10,qualified,10,1,TP-GMM SE(2),True,,19.707165978383273,0.0038865331129920655,0.0021189497069768826,3.875448652387729e-05,False,left_censored,
circular_honest,20260818,10,qualified,10,1,Generic RBF,True,,0.30431389017030597,0.007408070052173144,-0.0008630267915036724,6.363031536038064e-05,False,left_censored,
circular_honest,20260818,10,qualified,10,1,Full operator,True,,0.0020179031416773796,0.008887857405177805,-0.0010944814159317999,0.00010564203010936262,False,left_censored,
circular_honest,20260818,10,qualified,10,1,Pdiag pointwise,True,,0.007505516055971384,0.008495311434763196,-0.0007397073049256855,0.00010213278504269936,False,left_censored,
circular_honest,20260818,10,qualified,10,1,Pdiag finite,True,,2.548926872201264,0.06859424981817491,0.019784099394584028,0.007722297151005498,False,left_censored,
circular_honest,20260818,11,qualified,10,2,Frame-weighted,True,,0.006179931107908487,0.48617093884376567,0.655797479785494,0.3649794340099677,False,right_censored,
circular_honest,20260818,11,qualified,10,2,Phase scalar GP,True,,0.192713413387537,0.48619339936829,0.6557779948039817,0.36496546423247866,False,right_censored,
circular_honest,20260818,11,qualified,10,2,TP-GMM additive,True,,22.294172778725624,0.00889919346519372,0.005789463173263843,6.962820269535013e-05,False,left_censored,
circular_honest,20260818,11,qualified,10,2,TP-GMM SE(2),True,,21.28112373361364,0.002892321810112822,0.0057299805561272935,0.00011638869944640312,False,left_censored,
circular_honest,20260818,11,qualified,10,2,Generic RBF,True,,0.3016678341664374,0.0001437719712931391,0.005439024833763434,7.582969314944932e-05,False,left_censored,
circular_honest,20260818,11,qualified,10,2,Full operator,True,,0.0020211278460919857,-0.002724910712417697,0.010066773825921806,0.0004582714191751114,False,left_censored,
circular_honest,20260818,11,qualified,10,2,Pdiag pointwise,True,,0.007796920370310545,0.0003141953543216911,0.0029970407716990266,6.163505599409051e-05,False,left_censored,
circular_honest,20260818,11,qualified,10,2,Pdiag finite,True,,3.4153619538992643,0.03608397448571998,0.032454515004975655,0.0015919664158541636,False,left_censored,
circular_honest,20260818,12,random,20,0,Frame-weighted,True,,0.005567554384469986,0.40321985659281856,0.561275050445376,0.2640849233483022,False,right_censored,
circular_honest,20260818,12,random,20,0,Phase scalar GP,True,,0.22115387115627527,0.40322853587326035,0.5612683370387765,0.2640750277074819,False,right_censored,
circular_honest,20260818,12,random,20,0,TP-GMM additive,True,,38.01144415512681,0.013507347798813124,0.005088100250757823,0.0002527062627074809,False,left_censored,
circular_honest,20260818,12,random,20,0,TP-GMM SE(2),True,,35.82870160508901,0.002735784951610351,0.0016607516222096727,2.8978203442646338e-05,False,left_censored,
circular_honest,20260818,12,random,20,0,Generic RBF,True,,0.8318570130504668,-0.00259929442363197,0.00427694680405913,4.506016225261473e-05,False,left_censored,
circular_honest,20260818,12,random,20,0,Full operator,True,,0.002108071930706501,-0.0028601534252964108,0.004572879136266626,5.643520110882577e-05,False,left_censored,
circular_honest,20260818,12,random,20,0,Pdiag pointwise,True,,0.00781704718247056,-0.002201980036919963,0.00434149231852041,5.286415191813665e-05,False,left_censored,
circular_honest,20260818,12,random,20,0,Pdiag finite,True,,5.05329779908061,0.01777304259158715,0.03414240092074868,0.0008458511706970009,False,left_censored,
circular_honest,20260818,13,random,20,1,Frame-weighted,True,,0.0062317149713635445,0.38935800778596585,0.5515242016930378,0.2519571437310279,False,right_censored,
circular_honest,20260818,13,random,20,1,Phase scalar GP,True,,0.24562088679522276,0.38938985086362016,0.551494058320821,0.25194902526206464,False,right_censored,
circular_honest,20260818,13,random,20,1,TP-GMM additive,True,,36.52477332018316,0.0035329769353257072,0.0018803988852084984,9.155443128851954e-06,False,left_censored,
circular_honest,20260818,13,random,20,1,TP-GMM SE(2),True,,34.825939622707665,0.0015597822433531337,0.003441629155692672,4.878042889336653e-05,False,left_censored,
circular_honest,20260818,13,random,20,1,Generic RBF,True,,0.7674932382069528,0.001686311883768736,0.0010268115217485652,1.4559546742880622e-05,False,left_censored,
circular_honest,20260818,13,random,20,1,Full operator,True,,0.002163511700928211,0.0017011928208772603,0.0009596400218349022,1.7291918572210206e-05,False,left_censored,
circular_honest,20260818,13,random,20,1,Pdiag pointwise,True,,0.007896728347986937,0.0034164510093114427,0.0026435139768610488,4.620849865871556e-05,False,left_censored,
circular_honest,20260818,13,random,20,1,Pdiag finite,True,,5.108953084796667,0.03463342110258224,0.030708333899296836,0.0015845591404206553,False,left_censored,
circular_honest,20260818,14,random,20,2,Frame-weighted,True,,0.006472467910498381,0.4252287529525692,0.5500542717292722,0.25999184049864743,False,right_censored,
circular_honest,20260818,14,random,20,2,Phase scalar GP,True,,0.26423454098403454,0.42523281771424615,0.5500514052716822,0.2599874453508594,False,right_censored,
circular_honest,20260818,14,random,20,2,TP-GMM additive,True,,37.388612448237836,0.0031772494107486604,0.0017063815698355458,6.7291412459588854e-06,False,left_censored,
circular_honest,20260818,14,random,20,2,TP-GMM SE(2),True,,36.083147888071835,0.00026518011544382546,0.0017103702111692445,4.574474772744235e-05,False,left_censored,
circular_honest,20260818,14,random,20,2,Generic RBF,True,,0.3992378553375602,-0.003090330307455738,0.005634220628053989,8.44280943706387e-05,False,left_censored,
circular_honest,20260818,14,random,20,2,Full operator,True,,0.0021389289759099483,-0.0033112823327060346,0.006200605885669425,0.00011268681095821536,False,left_censored,
circular_honest,20260818,14,random,20,2,Pdiag pointwise,True,,0.007779034785926342,-0.004337428197818044,0.004187517122987131,7.091347335871621e-05,False,left_censored,
circular_honest,20260818,14,random,20,2,Pdiag finite,True,,2.6754817399196327,0.016163774466034665,0.0309765272646624,0.000675749149241559,False,left_censored,
circular_honest,20260818,15,qualified,20,0,Frame-weighted,True,,0.006208349950611591,0.3821759956397699,0.5874013258326731,0.28475534305536077,False,right_censored,
circular_honest,20260818,15,qualified,20,0,Phase scalar GP,True,,0.22249043500050902,0.38216690227466843,0.5874115574994161,0.28474703650228284,False,right_censored,
circular_honest,20260818,15,qualified,20,0,TP-GMM additive,True,,37.32772077061236,0.0026983463819547516,0.0014800284244880454,6.094903588119656e-06,False,left_censored,
circular_honest,20260818,15,qualified,20,0,TP-GMM SE(2),True,,36.61900581698865,0.0011129695029326592,0.0014811097354377309,2.594371060116837e-05,False,left_censored,
circular_honest,20260818,15,qualified,20,0,Generic RBF,True,,0.4230425991117954,-0.0007601118792625061,0.0009345149988639255,1.8963487770653096e-05,False,left_censored,
circular_honest,20260818,15,qualified,20,0,Full operator,True,,0.0020992481149733067,-0.000779050669415165,0.0009469076696707632,2.073198832788334e-05,False,left_censored,
circular_honest,20260818,15,qualified,20,0,Pdiag pointwise,True,,0.007769912015646696,-0.0008037892654448815,0.0008867459709732699,2.1907920761047697e-05,False,left_censored,
circular_honest,20260818,15,qualified,20,0,Pdiag finite,True,,2.662563563324511,0.036085082911206386,0.0335697118161626,0.0016532348899156663,False,left_censored,
circular_honest,20260818,16,qualified,20,1,Frame-weighted,True,,0.0062051089480519295,0.4065958947790449,0.5539967139673636,0.25840335270568926,False,right_censored,
circular_honest,20260818,16,qualified,20,1,Phase scalar GP,True,,0.21287391241639853,0.4066089131369588,0.5539849141244503,0.25839791340901597,False,right_censored,
circular_honest,20260818,16,qualified,20,1,TP-GMM additive,True,,35.99890553019941,0.0019878707206046377,0.00139443631032588,3.0751672308011895e-06,False,left_censored,
circular_honest,20260818,16,qualified,20,1,TP-GMM SE(2),True,,35.77623555902392,0.004213912346587587,0.0013948889974701067,9.970985788685418e-05,False,left_censored,
circular_honest,20260818,16,qualified,20,1,Generic RBF,True,,0.47228074772283435,-0.003289988472554656,0.0007960612840546544,1.903059045614027e-05,False,left_censored,
circular_honest,20260818,16,qualified,20,1,Full operator,True,,0.002208310179412365,-0.0033560087672784692,0.0008068516510552501,2.0899442008039024e-05,False,left_censored,
circular_honest,20260818,16,qualified,20,1,Pdiag pointwise,True,,0.008317701984196901,-0.0019721197779428504,0.0007870176911638345,1.411151127150967e-05,False,left_censored,
circular_honest,20260818,16,qualified,20,1,Pdiag finite,True,,3.2220813939347863,0.016906763633287823,0.030359162325647365,0.0006827728410151569,False,left_censored,
circular_honest,20260818,17,qualified,20,2,Frame-weighted,True,,0.006213891785591841,0.37466846427334,0.5489126477736966,0.24834289974993212,False,right_censored,
circular_honest,20260818,17,qualified,20,2,Phase scalar GP,True,,0.22884899005293846,0.3746819453130346,0.5489005251758211,0.24833588067536017,False,right_censored,
circular_honest,20260818,17,qualified,20,2,TP-GMM additive,True,,37.36157995695248,0.003239023849575095,0.0032582219311224044,1.0717642279539022e-05,False,left_censored,
circular_honest,20260818,17,qualified,20,2,TP-GMM SE(2),True,,36.54039765195921,0.011911940804106099,0.017947466693825034,0.00025556032178756827,False,left_censored,
circular_honest,20260818,17,qualified,20,2,Generic RBF,True,,0.5618800087831914,-0.0012500234604573945,0.004413481151808335,4.73904755650769e-05,False,left_censored,
circular_honest,20260818,17,qualified,20,2,Full operator,True,,0.0022116769105196,-0.0013537053463383603,0.004758314805929353,6.022373486884066e-05,False,left_censored,
circular_honest,20260818,17,qualified,20,2,Pdiag pointwise,True,,0.007695027161389589,-0.001915074645165597,0.0035679762650687743,4.111783290876839e-05,False,left_censored,
circular_honest,20260818,17,qualified,20,2,Pdiag finite,True,,4.295367415063083,0.03208249780368029,0.03389630487167749,0.0014530812323244571,False,left_censored,
circular_honest,20270818,0,random,5,0,Frame-weighted,True,,0.006153852213174105,0.38915818741507,0.5721516309745106,0.2717803282899424,False,right_censored,
circular_honest,20270818,0,random,5,0,Phase scalar GP,True,,0.27245626924559474,0.389160222544194,0.5721512446668267,0.27176981932837274,False,right_censored,
circular_honest,20270818,0,random,5,0,TP-GMM additive,True,,13.463916533160955,0.04529253491037259,0.06562683907051384,0.003468543067131499,False,left_censored,
circular_honest,20270818,0,random,5,0,TP-GMM SE(2),True,,12.66949449898675,0.03379854829341547,0.059027606607958735,0.002545228103571644,False,left_censored,
circular_honest,20270818,0,random,5,0,Generic RBF,True,,0.699947064742446,0.013076804859608914,0.000830613969540797,0.00029833741789010644,False,left_censored,
circular_honest,20270818,0,random,5,0,Full operator,True,,0.0021104919724166393,0.013596965340699024,0.000909776912136721,0.00034047525221338854,False,left_censored,
circular_honest,20270818,0,random,5,0,Pdiag pointwise,True,,0.007854751776903868,0.007768516208651394,-0.0009571996425898839,0.00011939571274823438,False,left_censored,
circular_honest,20270818,0,random,5,0,Pdiag finite,True,,2.231241825968027,0.0804755036995798,0.025212428622705056,0.011067168365794713,False,left_censored,
circular_honest,20270818,1,random,5,1,Frame-weighted,True,,0.006081242114305496,0.5347772843941924,0.6795746941739216,0.40445533723789606,False,right_censored,
circular_honest,20270818,1,random,5,1,Phase scalar GP,True,,0.23150611063465476,0.5348196642538829,0.6795349380813868,0.4044345160139202,False,right_censored,
circular_honest,20270818,1,random,5,1,TP-GMM additive,True,,13.863285526633263,0.0027224945234198246,0.001952409942166626,6.0201008122875645e-06,False,left_censored,
circular_honest,20270818,1,random,5,1,TP-GMM SE(2),True,,12.390538079664111,0.0013215243694352828,0.0019605681476273984,2.3275805878205964e-05,False,left_censored,
circular_honest,20270818,1,random,5,1,Generic RBF,True,,0.4941769898869097,0.00123080955451318,-0.0004980704116790118,3.515060640004657e-05,False,left_censored,
circular_honest,20270818,1,random,5,1,Full operator,True,,0.0020256852731108665,0.0012338932123178983,-0.0004900622932769815,4.623911150598729e-05,False,left_censored,
circular_honest,20270818,1,random,5,1,Pdiag pointwise,True,,0.007559037301689386,0.0019731443507583256,-0.0010384839170525185,1.9101077926786384e-05,False,left_censored,
circular_honest,20270818,1,random,5,1,Pdiag finite,True,,1.3668364631012082,0.031765879339292424,0.023798852185079346,0.0014778844279696717,False,left_censored,
circular_honest,20270818,2,random,5,2,Frame-weighted,True,,0.00602826289832592,0.3844479025300888,0.5706870311004266,0.26605830695776944,False,right_censored,
circular_honest,20270818,2,random,5,2,Phase scalar GP,True,,0.23973314883187413,0.38443549531096727,0.5707014765032536,0.2660446374064723,False,right_censored,
circular_honest,20270818,2,random,5,2,TP-GMM additive,True,,13.225376935210079,0.007960497154127093,0.005839896247260906,5.410065067080905e-05,False,left_censored,
circular_honest,20270818,2,random,5,2,TP-GMM SE(2),True,,12.5032137199305,0.002374572126972938,0.0011901483626713886,2.5688190022933978e-05,False,left_censored,
circular_honest,20270818,2,random,5,2,Generic RBF,True,,0.572264167945832,0.007017998725154435,0.003064569691168421,0.00010410598190561737,False,left_censored,
circular_honest,20270818,2,random,5,2,Full operator,True,,0.0022145118564367294,0.007120902425732211,0.0031446700834068544,0.00013004335630507351,False,left_censored,
circular_honest,20270818,2,random,5,2,Pdiag pointwise,True,,0.00825149891898036,0.008644331077052331,0.0014950779728178979,0.00016704021351911038,False,left_censored,
circular_honest,20270818,2,random,5,2,Pdiag finite,True,,1.3837608802132308,0.10269521436051988,0.015280379747301488,0.018253736099868925,False,left_censored,
circular_honest,20270818,3,qualified,5,0,Frame-weighted,True,,0.006261042784899473,0.25741034419627196,0.5995458029242513,0.3256138181386588,False,right_censored,
circular_honest,20270818,3,qualified,5,0,Phase scalar GP,True,,0.2578810793347657,0.2573033500661185,0.5996543816393504,0.3255645572071835,False,right_censored,
circular_honest,20270818,3,qualified,5,0,TP-GMM additive,True,,15.367980829905719,0.011251621767423524,0.0029128886653789613,0.00014886895807154882,False,left_censored,
circular_honest,20270818,3,qualified,5,0,TP-GMM SE(2),True,,14.200787629932165,0.06743481600231714,0.002907386889277847,0.005910128664586509,False,left_censored,
circular_honest,20270818,3,qualified,5,0,Generic RBF,True,,0.22490605991333723,0.013206898442048434,0.0008785704843860246,0.00019145857000149258,False,left_censored,
circular_honest,20270818,3,qualified,5,0,Full operator,True,,0.0021735629998147488,0.05626567491991315,0.004411971217428364,0.0035518356289317237,False,left_censored,
circular_honest,20270818,3,qualified,5,0,Pdiag pointwise,True,,0.008067414164543152,0.013176699513446887,0.00015062486424493451,0.0003748995067084405,False,left_censored,
circular_honest,20270818,3,qualified,5,0,Pdiag finite,True,,2.742715054191649,0.10252708324477292,0.009099363974320145,0.024241965766499417,False,left_censored,
circular_honest,20270818,4,qualified,5,1,Frame-weighted,True,,0.006087459158152342,0.37731456361298654,0.47228522019913927,0.19821832682815013,False,left_censored,
circular_honest,20270818,4,qualified,5,1,Phase scalar GP,True,,0.24282221496105194,0.3772735833577891,0.4723268436102648,0.19821540021654888,False,left_censored,
circular_honest,20270818,4,qualified,5,1,TP-GMM additive,True,,15.008671059738845,0.001707281435832641,0.001674317692003235,2.875540786977395e-06,False,left_censored,
circular_honest,20270818,4,qualified,5,1,TP-GMM SE(2),True,,12.852433326188475,0.00024828144313841435,0.0016477490568512119,1.55597960145271e-05,False,left_censored,
circular_honest,20270818,4,qualified,5,1,Generic RBF,True,,0.31860517989844084,-0.0027896475918028503,0.000850168920500123,1.192935167296993e-05,False,left_censored,
circular_honest,20270818,4,qualified,5,1,Full operator,True,,0.002166216727346182,-0.002812874559839069,0.0008763772267408668,1.3484432872617213e-05,False,left_censored,
circular_honest,20270818,4,qualified,5,1,Pdiag pointwise,True,,0.008016346953809261,-0.0036146473384356,0.0005547221058119191,1.8862554634433487e-05,False,left_censored,
circular_honest,20270818,4,qualified,5,1,Pdiag finite,True,,1.950895242858678,0.010982857024134507,0.02150922430838504,0.00033317201404584995,False,left_censored,
circular_honest,20270818,5,qualified,5,2,Frame-weighted,True,,0.006231614854186773,0.20206652294738486,0.5651307144398897,0.3120227868865342,False,right_censored,
circular_honest,20270818,5,qualified,5,2,Phase scalar GP,True,,0.18376693688333035,0.2020548344000172,0.5651441634529503,0.3119563216285794,False,right_censored,
circular_honest,20270818,5,qualified,5,2,TP-GMM additive,True,,13.75868484703824,0.010511206322574452,0.003231110919270387,0.00010669955649157094,False,left_censored,
circular_honest,20270818,5,qualified,5,2,TP-GMM SE(2),True,,13.789254546631128,0.004422338111496917,0.003273827833448629,0.0001714017264170807,False,left_censored,
circular_honest,20270818,5,qualified,5,2,Generic RBF,True,,0.19881615601480007,-0.005569471062209858,-0.002745824544234079,3.929759617688599e-05,False,left_censored,
circular_honest,20270818,5,qualified,5,2,Full operator,True,,0.002024184912443161,-0.019031772762871855,-0.006757550058974013,0.000990255072180615,False,left_censored,
circular_honest,20270818,5,qualified,5,2,Pdiag pointwise,True,,0.007487739901989698,0.012150855730737858,-0.0016519119538782614,0.0003216863570563828,False,left_censored,
circular_honest,20270818,5,qualified,5,2,Pdiag finite,True,,17.409818992950022,0.06704763355523695,0.005013887582202706,0.011365809518269208,False,left_censored,
circular_honest,20270818,6,random,10,0,Frame-weighted,True,,0.009694023057818413,0.32894920179749165,0.4855095859173638,0.19616737666085776,False,left_censored,
circular_honest,20270818,6,random,10,0,Phase scalar GP,True,,0.340418117120862,0.3289439697857389,0.4855154293845624,0.19616382033285804,False,left_censored,
circular_honest,20270818,6,random,10,0,TP-GMM additive,True,,22.093157889787108,0.0019178205406739123,0.0014898517392188026,3.0325183986391086e-06,False,left_censored,
circular_honest,20270818,6,random,10,0,TP-GMM SE(2),True,,21.070598716381937,0.0009701777822332685,0.0014754224363876447,1.4899007924765984e-05,False,left_censored,
circular_honest,20270818,6,random,10,0,Generic RBF,True,,0.536473298445344,0.0025852556293338848,0.003049060503566339,1.9588511492948077e-05,False,left_censored,
circular_honest,20270818,6,random,10,0,Full operator,True,,0.0021367529407143593,0.0026143783484131435,0.0031379509321519095,2.3543967205653775e-05,False,left_censored,
circular_honest,20270818,6,random,10,0,Pdiag pointwise,True,,0.007943493314087391,0.003464842258849438,0.0036216993398838757,3.2735952597078446e-05,False,left_censored,
circular_honest,20270818,6,random,10,0,Pdiag finite,True,,4.140616269316524,0.012978637170993903,0.016834936353702347,0.00025995901222706575,False,left_censored,
circular_honest,20270818,7,random,10,1,Frame-weighted,True,,0.006221698597073555,0.4127242455326157,0.49395328484659773,0.21993695381112996,False,left_censored,
circular_honest,20270818,7,random,10,1,Phase scalar GP,True,,0.23150282679125667,0.41272351510238553,0.49395507915744863,0.21993389103471783,False,left_censored,
circular_honest,20270818,7,random,10,1,TP-GMM additive,True,,22.550001439172775,0.0014374388567334202,0.0012024162694836027,1.9154645324068314e-06,False,left_censored,
circular_honest,20270818,7,random,10,1,TP-GMM SE(2),True,,20.347236744128168,0.0004428589021284164,0.0011823393346511127,9.42220994663577e-06,False,left_censored,
circular_honest,20270818,7,random,10,1,Generic RBF,True,,0.3472328498028219,0.0031894238422439532,0.003325669332072805,3.3074349482307394e-05,False,left_censored,
circular_honest,20270818,7,random,10,1,Full operator,True,,0.002122117206454277,0.0032885685767644933,0.003560470872805165,4.4874500726447865e-05,False,left_censored,
circular_honest,20270818,7,random,10,1,Pdiag pointwise,True,,0.007795542012900114,0.0027090511224862903,0.0014608454121610443,2.4692444992892286e-05,False,left_censored,
circular_honest,20270818,7,random,10,1,Pdiag finite,True,,1.126749969087541,0.01884154264822294,0.0271413197407837,0.0006071820866447945,False,left_censored,
circular_honest,20270818,8,random,10,2,Frame-weighted,True,,0.006026359740644693,0.3620604568319631,0.56588570050693,0.26753947574078424,False,right_censored,
circular_honest,20270818,8,random,10,2,Phase scalar GP,True,,0.18723706807941198,0.36205033744476867,0.565896447802794,0.2675346871437823,False,right_censored,
circular_honest,20270818,8,random,10,2,TP-GMM additive,True,,22.4725024336949,0.0023580366634209297,0.001549623403695613,4.409016552067697e-06,False,left_censored,
circular_honest,20270818,8,random,10,2,TP-GMM SE(2),True,,20.065408047754318,0.002597849845105597,0.001550242576194529,2.880963042624169e-05,False,left_censored,
circular_honest,20270818,8,random,10,2,Generic RBF,True,,0.27111382689327,0.0025920908818210147,0.0005869767155764351,1.5902388857408717e-05,False,left_censored,
circular_honest,20270818,8,random,10,2,Full operator,True,,0.002073545940220356,0.002747128860601815,0.000601014117296924,2.2848754302683834e-05,False,left_censored,
circular_honest,20270818,8,random,10,2,Pdiag pointwise,True,,0.0076184626668691635,0.0008786217181784847,0.000971150708656796,6.349167350205416e-06,False,left_censored,
circular_honest,20270818,8,random,10,2,Pdiag finite,True,,2.907948711887002,0.04175082133961669,0.030231047504321013,0.002425716621997455,False,left_censored,
circular_honest,20270818,9,qualified,10,0,Frame-weighted,True,,0.006143802776932716,0.34775625171919083,0.5579271253906534,0.25840505479190723,False,right_censored,
circular_honest,20270818,9,qualified,10,0,Phase scalar GP,True,,0.21700171614065766,0.3477426020843219,0.5579414980402855,0.25839886150782526,False,right_censored,
circular_honest,20270818,9,qualified,10,0,TP-GMM additive,True,,21.36533026630059,0.002700703508750295,0.0013524620967650066,6.1174260156793705e-06,False,left_censored,
circular_honest,20270818,9,qualified,10,0,TP-GMM SE(2),True,,21.100703123025596,0.0009045372107278018,0.0013505649042268684,1.7393762084485098e-05,False,left_censored,
circular_honest,20270818,9,qualified,10,0,Generic RBF,True,,0.47429699217900634,-0.0002553826038904091,0.002231050652348078,6.502811578467457e-06,False,left_censored,
circular_honest,20270818,9,qualified,10,0,Full operator,True,,0.0022219927050173283,-0.00041450508217535107,0.002319822272396478,1.2242029674522218e-05,False,left_censored,
circular_honest,20270818,9,qualified,10,0,Pdiag pointwise,True,,0.008125397842377424,0.0034708996461419225,0.0019958419033731423,2.199953747172117e-05,False,left_censored,
circular_honest,20270818,9,qualified,10,0,Pdiag finite,True,,2.765642776619643,0.03085468466045092,0.02583589438042893,0.0010439424682455864,False,left_censored,
circular_honest,20270818,10,qualified,10,1,Frame-weighted,True,,0.005481857340782881,0.3729060022912708,0.5716172771124606,0.2699218411454313,False,right_censored,
circular_honest,20270818,10,qualified,10,1,Phase scalar GP,True,,0.2525525279343128,0.3729461993439125,0.571580504631044,0.2698959847897775,False,right_censored,
circular_honest,20270818,10,qualified,10,1,TP-GMM additive,True,,23.67461584089324,0.005121279038007901,0.0020986625172638444,2.4330676063402895e-05,False,left_censored,
circular_honest,20270818,10,qualified,10,1,TP-GMM SE(2),True,,21.540562842972577,0.0024721946535140875,0.0020997950412180435,4.215481603373655e-05,False,left_censored,
circular_honest,20270818,10,qualified,10,1,Generic RBF,True,,0.5781316901557148,0.004934399499442041,0.0021106187373428325,8.721485194814428e-05,False,left_censored,
circular_honest,20270818,10,qualified,10,1,Full operator,True,,0.0027684271335601807,0.005077255376311484,0.002203966285454448,0.00010786971798418409,False,left_censored,
circular_honest,20270818,10,qualified,10,1,Pdiag pointwise,True,,0.008148197084665298,0.006371376220842998,0.002140461928303558,0.0001435738935426142,False,left_censored,
circular_honest,20270818,10,qualified,10,1,Pdiag finite,True,,3.339630886912346,0.051470938280324105,0.01957277722137294,0.0039521636264773,False,left_censored,
circular_honest,20270818,11,qualified,10,2,Frame-weighted,True,,0.005979200825095177,0.4826381037074842,0.6519961574869293,0.36123005907027717,False,right_censored,
circular_honest,20270818,11,qualified,10,2,Phase scalar GP,True,,0.18447818793356419,0.48265307203244684,0.651982075880711,0.3612247989973644,False,right_censored,
circular_honest,20270818,11,qualified,10,2,TP-GMM additive,True,,22.445587639696896,0.005395224247933438,0.0016647970476146414,3.151060636926209e-05,False,left_censored,
circular_honest,20270818,11,qualified,10,2,TP-GMM SE(2),True,,21.952594621106982,0.00272638095727092,0.0016670369963825617,4.9395889441761945e-05,False,left_censored,
circular_honest,20270818,11,qualified,10,2,Generic RBF,True,,0.34316227305680513,0.0017513458622618334,0.0015084943404120481,6.3524694204833875e-06,False,left_censored,
circular_honest,20270818,11,qualified,10,2,Full operator,True,,0.0021072630770504475,0.0008902874207878728,0.001985145395789108,2.528548009483442e-05,False,left_censored,
circular_honest,20270818,11,qualified,10,2,Pdiag pointwise,True,,0.007723141927272081,0.008065339194437113,0.0008315402643009608,0.00011057595921990464,False,left_censored,
circular_honest,20270818,11,qualified,10,2,Pdiag finite,True,,2.231728795915842,0.02989925088028332,0.0312154534979638,0.001243952999338048,False,left_censored,
circular_honest,20270818,12,random,20,0,Frame-weighted,True,,0.006302264053374529,0.3848702386159145,0.5602536625652592,0.26172679957613093,False,right_censored,
circular_honest,20270818,12,random,20,0,Phase scalar GP,True,,0.3265685779042542,0.3848650613877873,0.5602592230596485,0.2617246515229837,False,right_censored,
circular_honest,20270818,12,random,20,0,TP-GMM additive,True,,41.63930508121848,0.0024122513900701106,0.0014078404492293586,4.832418461825888e-06,False,left_censored,
circular_honest,20270818,12,random,20,0,TP-GMM SE(2),True,,39.921818567905575,0.0011094911451882924,0.0014064713301442638,1.3082066437783695e-05,False,left_censored,
circular_honest,20270818,12,random,20,0,Generic RBF,True,,0.48603574000298977,0.0016470110301188012,0.001259659389354097,7.051468231401061e-06,False,left_censored,
circular_honest,20270818,12,random,20,0,Full operator,True,,0.002061106264591217,0.0016514541042172142,0.001280685495385172,8.049566326384729e-06,False,left_censored,
circular_honest,20270818,12,random,20,0,Pdiag pointwise,True,,0.007773831952363253,0.002383243845668772,0.0011520653783190637,1.2374014672883795e-05,False,left_censored,
circular_honest,20270818,12,random,20,0,Pdiag finite,True,,4.135384737048298,0.03713685796828989,0.03139513727201714,0.0016060716263656314,False,left_censored,
circular_honest,20270818,13,random,20,1,Frame-weighted,True,,0.006313217803835869,0.41369035087489847,0.5510648383965535,0.2572335706277303,False,right_censored,
circular_honest,20270818,13,random,20,1,Phase scalar GP,True,,0.23188177729025483,0.41369079741883064,0.551064952985212,0.2572315193441994,False,right_censored,
circular_honest,20270818,13,random,20,1,TP-GMM additive,True,,36.856168461963534,0.0024966831548348615,0.0013814008804612376,5.438985580531146e-06,False,left_censored,
circular_honest,20270818,13,random,20,1,TP-GMM SE(2),True,,38.5599099281244,0.006962705145132487,0.0013718176216527,0.0001075820160208877,False,left_censored,
circular_honest,20270818,13,random,20,1,Generic RBF,True,,0.26907197292894125,0.0021811386764574833,0.0017433697174627735,2.1178820019524027e-05,False,left_censored,
circular_honest,20270818,13,random,20,1,Full operator,True,,0.0020856638438999653,0.002188659739049984,0.0017671389399857812,2.300687606769347e-05,False,left_censored,
circular_honest,20270818,13,random,20,1,Pdiag pointwise,True,,0.007799712009727955,0.002851887459805657,0.0018543044528140545,2.939866530060347e-05,False,left_censored,
circular_honest,20270818,13,random,20,1,Pdiag finite,True,,3.1609088969416916,0.0474405919033017,0.028509902386794194,0.002848932285663059,False,left_censored,
circular_honest,20270818,14,random,20,2,Frame-weighted,True,,0.006128021981567144,0.37951476113126875,0.542112761926439,0.2451759984109347,False,right_censored,
circular_honest,20270818,14,random,20,2,Phase scalar GP,True,,0.21815020311623812,0.37950737983680094,0.5421211646728981,0.24517079281018428,False,right_censored,
circular_honest,20270818,14,random,20,2,TP-GMM additive,True,,39.08792699407786,0.0030531590857821563,0.0014398390583634443,8.885914470852484e-06,False,left_censored,
circular_honest,20270818,14,random,20,2,TP-GMM SE(2),True,,39.01403483795002,0.0013693495155019065,0.0014343812337525423,1.2627776356033764e-05,False,left_censored,
circular_honest,20270818,14,random,20,2,Generic RBF,True,,0.689022941980511,0.0008215189579829734,0.0011286063245377162,7.413051035410926e-06,False,left_censored,
circular_honest,20270818,14,random,20,2,Full operator,True,,0.0038136309012770653,0.0007966325619609377,0.0011538861363367505,8.140131744833469e-06,False,left_censored,
circular_honest,20270818,14,random,20,2,Pdiag pointwise,True,,0.00801760796457529,0.0027131089577739826,0.0007990966620055905,1.86627524836157e-05,False,left_censored,
circular_honest,20270818,14,random,20,2,Pdiag finite,True,,5.113150930963457,0.03798296109574436,0.02839916932768064,0.0018079364352368817,False,left_censored,
circular_honest,20270818,15,qualified,20,0,Frame-weighted,True,,0.006265569943934679,0.4082226031288099,0.5925122054888629,0.2912210601532646,False,right_censored,
circular_honest,20270818,15,qualified,20,0,Phase scalar GP,True,,0.17820364516228437,0.4082091951859562,0.5925267550616109,0.29121488599851003,False,right_censored,
circular_honest,20270818,15,qualified,20,0,TP-GMM additive,True,,36.25976229412481,0.0023779915622315056,0.001466704218331461,4.751318273104839e-06,False,left_censored,
circular_honest,20270818,15,qualified,20,0,TP-GMM SE(2),True,,38.17674433393404,0.0014472571149797544,0.0014651457318974237,1.651277308723567e-05,False,left_censored,
circular_honest,20270818,15,qualified,20,0,Generic RBF,True,,0.5306864609010518,0.001588206810243967,0.0010378138617904203,1.2391170024851476e-05,False,left_censored,
circular_honest,20270818,15,qualified,20,0,Full operator,True,,0.0012412192299962044,0.0015966815223336062,0.0010544180708210544,1.3934420055044126e-05,False,left_censored,
circular_honest,20270818,15,qualified,20,0,Pdiag pointwise,True,,0.00647532194852829,0.001957493025002021,0.00102251624573552,1.6150323871007103e-05,False,left_censored,
circular_honest,20270818,15,qualified,20,0,Pdiag finite,True,,4.131021135952324,0.03173986366566853,0.032834001135736576,0.00127814845403744,False,left_censored,
circular_honest,20270818,16,qualified,20,1,Frame-weighted,True,,0.0062012579292058945,0.3680627564408814,0.5524045823782882,0.25240403751186297,False,right_censored,
circular_honest,20270818,16,qualified,20,1,Phase scalar GP,True,,0.22958474606275558,0.3680564528850785,0.5524114002505082,0.25240083902356303,False,right_censored,
circular_honest,20270818,16,qualified,20,1,TP-GMM additive,True,,37.82174167968333,0.00286311319859904,0.0013507407677414052,7.410013550398026e-06,False,left_censored,
circular_honest,20270818,16,qualified,20,1,TP-GMM SE(2),True,,36.754946993198246,0.003984743794662425,0.001347279888322031,3.1945323531343785e-05,False,left_censored,
circular_honest,20270818,16,qualified,20,1,Generic RBF,True,,0.5609986647032201,0.004349027213004828,0.0018561760893953069,3.0512869957600246e-05,False,left_censored,
circular_honest,20270818,16,qualified,20,1,Full operator,True,,0.002117439638823271,0.004390361490522749,0.0018810363946461675,3.270701794263269e-05,False,left_censored,
circular_honest,20270818,16,qualified,20,1,Pdiag pointwise,True,,0.007904659025371075,0.005012607443251052,0.0019818450295409434,4.273609622045848e-05,False,left_censored,
circular_honest,20270818,16,qualified,20,1,Pdiag finite,True,,5.659643042832613,0.05217426834804848,0.030703952939217353,0.003506850492733328,False,left_censored,
circular_honest,20270818,17,qualified,20,2,Frame-weighted,True,,0.006310904864221811,0.4495717045538442,0.5462301744194541,0.2663134142543058,False,right_censored,
circular_honest,20270818,17,qualified,20,2,Phase scalar GP,True,,0.22860378306359053,0.4495579744104395,0.5462444090478796,0.2663118709574055,False,right_censored,
circular_honest,20270818,17,qualified,20,2,TP-GMM additive,True,,50.756673705764115,0.0017009590989316434,0.0014015088988418361,2.4762266017195976e-06,False,left_censored,
circular_honest,20270818,17,qualified,20,2,TP-GMM SE(2),True,,37.62519772583619,0.0028771161727623833,0.0013947545030659478,1.2839964574416791e-05,False,left_censored,
circular_honest,20270818,17,qualified,20,2,Generic RBF,True,,0.613582210149616,0.0018470605716194607,0.0023032418090241464,9.537983895532481e-06,False,left_censored,
circular_honest,20270818,17,qualified,20,2,Full operator,True,,0.002106623724102974,0.0018632373896625696,0.002340100829217835,1.1067319258566667e-05,False,left_censored,
circular_honest,20270818,17,qualified,20,2,Pdiag pointwise,True,,0.007883021607995033,0.001696413204212457,0.002136126442935858,9.32336741717299e-06,False,left_censored,
circular_honest,20270818,17,qualified,20,2,Pdiag finite,True,,2.739175603259355,0.017492369635173297,0.03017048968021121,0.0007028180401534553,False,left_censored,
circular_honest,20280818,0,random,5,0,Frame-weighted,True,,0.0061131492257118225,0.42989519781891516,0.5811213228299836,0.28543019374853296,False,right_censored,
circular_honest,20280818,0,random,5,0,Phase scalar GP,True,,0.2506885048933327,0.42987997280760665,0.5811379715748966,0.2854232700503584,False,right_censored,
circular_honest,20280818,0,random,5,0,TP-GMM additive,True,,14.781498664990067,0.0040320851182403285,0.0011309916945480185,1.624043068996959e-05,False,left_censored,
circular_honest,20280818,0,random,5,0,TP-GMM SE(2),True,,12.18044231692329,0.0012201824277390436,0.0011265101315756714,1.775147761966412e-05,False,left_censored,
circular_honest,20280818,0,random,5,0,Generic RBF,True,,0.3448626068420708,0.010674639097400105,-0.0018882600323753534,0.0001766943959581806,False,left_censored,
circular_honest,20280818,0,random,5,0,Full operator,True,,0.0020921817049384117,0.011366924080019993,-0.0019801234851099777,0.0002085890187842218,False,left_censored,
circular_honest,20280818,0,random,5,0,Pdiag pointwise,True,,0.007659389171749353,-0.0004369632969188856,-0.0011751263248153698,1.4700800457105802e-05,False,left_censored,
circular_honest,20280818,0,random,5,0,Pdiag finite,True,,1.7723936587572098,0.02857284174108903,0.027266289506712182,0.0012612095863852879,False,left_censored,
circular_honest,20280818,1,random,5,1,Frame-weighted,True,,0.006363522261381149,0.5024819375849445,0.6839240817698446,0.3959676914306895,False,right_censored,
circular_honest,20280818,1,random,5,1,Phase scalar GP,True,,0.21975584514439106,0.5023913934505565,0.684019379628162,0.3959382277783638,False,right_censored,
circular_honest,20280818,1,random,5,1,TP-GMM additive,True,,16.000546421855688,0.0021223341042265805,0.0019267097697393814,4.120049912589208e-06,False,left_censored,
circular_honest,20280818,1,random,5,1,TP-GMM SE(2),True,,14.13599512167275,0.0020512845641784514,0.0021630949877328386,6.3696863669659e-06,False,left_censored,
circular_honest,20280818,1,random,5,1,Generic RBF,True,,0.2026595650240779,-0.0021669646778733455,0.0017022446688341514,3.0254209645431666e-05,False,left_censored,
circular_honest,20280818,1,random,5,1,Full operator,True,,0.0021734628826379776,-0.002200168745539367,0.0017409215218299934,3.658231235507629e-05,False,left_censored,
circular_honest,20280818,1,random,5,1,Pdiag pointwise,True,,0.008192780893296003,-0.0018417893418369929,0.0006685431318866634,1.5420926345621136e-05,False,left_censored,
circular_honest,20280818,1,random,5,1,Pdiag finite,True,,3.0771311251446605,0.029717767516957275,0.01842106331180047,0.0011816178063592023,False,left_censored,
circular_honest,20280818,2,random,5,2,Frame-weighted,True,,0.006380879785865545,0.4051739879304163,0.5619263803343988,0.2714052963589639,False,right_censored,
circular_honest,20280818,2,random,5,2,Phase scalar GP,True,,0.32164276391267776,0.40517268321561944,0.5619280067650633,0.27140337469955084,False,right_censored,
circular_honest,20280818,2,random,5,2,TP-GMM additive,True,,13.498098799958825,0.030361875040053894,0.010250914604917234,0.0011164604262725712,False,left_censored,
circular_honest,20280818,2,random,5,2,TP-GMM SE(2),True,,12.08568020304665,0.01302381964256167,0.001182440296578378,0.00022967915777112754,False,left_censored,
circular_honest,20280818,2,random,5,2,Generic RBF,True,,0.40172378486022353,0.0013607504043691256,-0.0006864556411258211,2.1268612724073075e-05,False,left_censored,
circular_honest,20280818,2,random,5,2,Full operator,True,,0.001983244903385639,0.0008539986304186375,-0.0009736853116100855,4.318653782213815e-05,False,left_censored,
circular_honest,20280818,2,random,5,2,Pdiag pointwise,True,,0.0076062362641096115,0.005984355941025019,-0.0009470676936458751,0.00013279139576337552,False,left_censored,
circular_honest,20280818,2,random,5,2,Pdiag finite,True,,2.6625980781391263,0.04215714735046205,0.01684374447585611,0.0030297179846987005,False,left_censored,
circular_honest,20280818,3,qualified,5,0,Frame-weighted,True,,0.006101501174271107,0.1917626809787474,0.6235967359260228,0.3780379424419102,False,right_censored,
circular_honest,20280818,3,qualified,5,0,Phase scalar GP,True,,0.3344241362065077,0.1917921287075234,0.623566504769132,0.37802155494512163,False,right_censored,
circular_honest,20280818,3,qualified,5,0,TP-GMM additive,True,,13.697501040063798,0.010738508257422022,0.05341343026628171,0.0038670630368722123,False,left_censored,
circular_honest,20280818,3,qualified,5,0,TP-GMM SE(2),True,,13.655941624660045,0.2339937955544479,0.24611638804028918,0.058964358618551926,False,left_censored,
circular_honest,20280818,3,qualified,5,0,Generic RBF,True,,0.4166922732256353,0.002611221173367757,0.026050536498293916,0.0020275911575002676,False,left_censored,
circular_honest,20280818,3,qualified,5,0,Full operator,True,,0.0020046979188919067,-0.0013175436461169878,0.289382415457843,1.1057395387335829,False,left_censored,
circular_honest,20280818,3,qualified,5,0,Pdiag pointwise,True,,0.007511768024414778,0.014855794931285915,0.031215273730331262,0.010968737898333962,False,left_censored,
circular_honest,20280818,3,qualified,5,0,Pdiag finite,True,,1.8914729808457196,0.1172998959352551,0.043008588475977216,0.04500360640233986,False,left_censored,
circular_honest,20280818,4,qualified,5,1,Frame-weighted,True,,0.006093344185501337,0.3491500194361867,0.4716813336120192,0.19315058563546192,False,left_censored,
circular_honest,20280818,4,qualified,5,1,Phase scalar GP,True,,0.20103343902155757,0.34916309114507527,0.47167012973813655,0.19314081364642355,False,left_censored,
circular_honest,20280818,4,qualified,5,1,TP-GMM additive,True,,14.22922133654356,0.003087271442652536,0.0031005666846779566,9.681527409100431e-06,False,left_censored,
circular_honest,20280818,4,qualified,5,1,TP-GMM SE(2),True,,12.539388833101839,0.0020589693780201494,0.003538070050044498,2.761734418753064e-05,False,left_censored,
circular_honest,20280818,4,qualified,5,1,Generic RBF,True,,0.31411976972594857,-4.9191540240735845e-05,0.0013000213898425245,1.555199510974721e-05,False,left_censored,
circular_honest,20280818,4,qualified,5,1,Full operator,True,,0.002229873090982437,-0.0002354803719694132,0.002139462729258668,3.815480216604042e-05,False,left_censored,
circular_honest,20280818,4,qualified,5,1,Pdiag pointwise,True,,0.007550767622888088,0.0004943865165218459,-0.002959651661724599,3.961566464337543e-05,False,left_censored,
circular_honest,20280818,4,qualified,5,1,Pdiag finite,True,,1.3977969749830663,0.010937165520547174,0.013387085599996615,0.0002232904092258053,False,left_censored,
circular_honest,20280818,5,qualified,5,2,Frame-weighted,True,,0.006026510149240494,0.19312493364358402,0.5742297753866882,0.3205238698795736,False,right_censored,
circular_honest,20280818,5,qualified,5,2,Phase scalar GP,True,,0.21730125602334738,0.19313865892737425,0.574216315235517,0.32051536841397943,False,right_censored,
circular_honest,20280818,5,qualified,5,2,TP-GMM additive,True,,14.365722133778036,0.01226483881403132,0.0031843885749595247,0.00015503508461373313,False,left_censored,
circular_honest,20280818,5,qualified,5,2,TP-GMM SE(2),True,,14.023603914771229,0.009018721678932681,0.003202925117488312,0.0002207347658349957,False,left_censored,
circular_honest,20280818,5,qualified,5,2,Generic RBF,True,,0.2470515202730894,0.0017046043197749216,0.0029950647921831793,2.63499413740742e-05,False,left_censored,
circular_honest,20280818,5,qualified,5,2,Full operator,True,,0.0021719601936638355,-0.0010726536955365708,0.008219880953118902,0.0008216528155359262,False,left_censored,
circular_honest,20280818,5,qualified,5,2,Pdiag pointwise,True,,0.008117206860333681,0.020002287065342447,3.743878988062313e-05,0.0006977671860133045,False,left_censored,
circular_honest,20280818,5,qualified,5,2,Pdiag finite,True,,15.673180839978158,0.0694741819551685,0.004175170501013018,0.013104307405376879,False,left_censored,
circular_honest,20280818,6,random,10,0,Frame-weighted,True,,0.005074608139693737,0.303130909666703,0.4773882399134004,0.19466783504145116,False,left_censored,
circular_honest,20280818,6,random,10,0,Phase scalar GP,True,,0.20995072927325964,0.3031798952200566,0.47734253639359,0.19464106060455538,False,left_censored,
circular_honest,20280818,6,random,10,0,TP-GMM additive,True,,20.013227780815214,9.768623030992036e-05,0.002442638518255599,8.108142933836173e-06,False,left_censored,
circular_honest,20280818,6,random,10,0,TP-GMM SE(2),True,,22.823007347993553,0.002356496053303467,0.0024633290609714824,2.296797151977253e-05,False,left_censored,
circular_honest,20280818,6,random,10,0,Generic RBF,True,,0.29243716690689325,0.005078755795107149,-0.00036078596392338,2.9325692094799932e-05,False,left_censored,
circular_honest,20280818,6,random,10,0,Full operator,True,,0.0020862421952188015,0.005639358633169659,-0.0005825371442683778,4.712992977294129e-05,False,left_censored,
circular_honest,20280818,6,random,10,0,Pdiag pointwise,True,,0.007756514009088278,0.0074309728476777605,-0.0003232092669173313,6.318512412910649e-05,False,left_censored,
circular_honest,20280818,6,random,10,0,Pdiag finite,True,,2.723240338265896,0.01280153745438196,0.01764958710700472,0.00029085598007193037,False,left_censored,
circular_honest,20280818,7,random,10,1,Frame-weighted,True,,0.006237159948796034,0.413587191612936,0.5023438405024216,0.22494505481988727,True,detected,0.8592240201923226
circular_honest,20280818,7,random,10,1,Phase scalar GP,True,,0.2009636927396059,0.41358901536944964,0.5023436833496092,0.22493977865103715,True,detected,0.8596209154471991
circular_honest,20280818,7,random,10,1,TP-GMM additive,True,,24.252144054044038,0.0014352416586638265,0.001161591206453231,1.8953503029850045e-06,False,left_censored,
circular_honest,20280818,7,random,10,1,TP-GMM SE(2),True,,20.953888529911637,0.000812553602133943,0.0011580827134162021,1.159293285420297e-05,False,left_censored,
circular_honest,20280818,7,random,10,1,Generic RBF,True,,0.33892903197556734,0.004275374811557543,-0.00028810535306441026,1.8566937167093012e-05,False,left_censored,
circular_honest,20280818,7,random,10,1,Full operator,True,,0.0021880376152694225,0.004292959034486285,-0.00029096974562271323,2.0871361986610477e-05,False,left_censored,
circular_honest,20280818,7,random,10,1,Pdiag pointwise,True,,0.008122052066028118,0.00416962681920028,-0.0003617173776709701,2.010376849504801e-05,False,left_censored,
circular_honest,20280818,7,random,10,1,Pdiag finite,True,,2.0191049822606146,0.017555666791364406,0.028056676881888256,0.0006152647598683301,False,left_censored,
circular_honest,20280818,8,random,10,2,Frame-weighted,True,,0.006390411872416735,0.3387266237094103,0.5691707522525999,0.26794994046522236,False,right_censored,
circular_honest,20280818,8,random,10,2,Phase scalar GP,True,,0.22109899669885635,0.33875908512145075,0.5691405016824617,0.26792850131329415,False,right_censored,
circular_honest,20280818,8,random,10,2,TP-GMM additive,True,,21.358794993255287,0.002459500536577454,0.001674491274044359,5.055765322903476e-06,False,left_censored,
circular_honest,20280818,8,random,10,2,TP-GMM SE(2),True,,20.89246407430619,0.0027708287926911717,0.0016731734305232755,3.7580299868764005e-05,False,left_censored,
circular_honest,20280818,8,random,10,2,Generic RBF,True,,0.4793840469792485,0.006545115345873701,-0.0023818641082791205,7.695983951470535e-05,False,left_censored,
circular_honest,20280818,8,random,10,2,Full operator,True,,0.0022667343728244305,0.007771951129205803,-0.0029393226082928144,0.00012722829533335514,False,left_censored,
circular_honest,20280818,8,random,10,2,Pdiag pointwise,True,,0.008280251175165176,0.006704783092761066,-0.0019229214338885284,8.780212422731172e-05,False,left_censored,
circular_honest,20280818,8,random,10,2,Pdiag finite,True,,2.82158843614161,0.04781533687404076,0.025560285532817903,0.0030461472336016627,False,left_censored,
circular_honest,20280818,9,qualified,10,0,Frame-weighted,True,,0.00629151426255703,0.4157498807655362,0.5611106745782839,0.2695976598519808,False,right_censored,
circular_honest,20280818,9,qualified,10,0,Phase scalar GP,True,,0.23394571570679545,0.4157833751922033,0.5610797161008412,0.26958556935719963,False,right_censored,
circular_honest,20280818,9,qualified,10,0,TP-GMM additive,True,,22.889069051947445,0.0020527078466991335,0.001475013077137161,3.3316359609928433e-06,False,left_censored,
circular_honest,20280818,9,qualified,10,0,TP-GMM SE(2),True,,21.4828714071773,0.0010801140231823773,0.0014770637127229935,1.7806753444226275e-05,False,left_censored,
circular_honest,20280818,9,qualified,10,0,Generic RBF,True,,0.5894162748008966,0.001713123372095994,-0.004698015561634159,4.96108076661418e-05,False,left_censored,
circular_honest,20280818,9,qualified,10,0,Full operator,True,,0.0022158250212669373,0.001648303174310344,-0.004920032291459985,6.25534746586101e-05,False,left_censored,
circular_honest,20280818,9,qualified,10,0,Pdiag pointwise,True,,0.00805710768327117,0.005173680990624747,-0.0036947500569272807,5.934395137619493e-05,False,left_censored,
circular_honest,20280818,9,qualified,10,0,Pdiag finite,True,,3.9828168391250074,0.017029882102021696,0.021832293475305846,0.00047625914261436057,False,left_censored,
circular_honest,20280818,10,qualified,10,1,Frame-weighted,True,,0.006086596287786961,0.30482128284936705,0.5603553510156688,0.27875632083667007,False,right_censored,
circular_honest,20280818,10,qualified,10,1,Phase scalar GP,True,,0.2504713791422546,0.304807906799732,0.5603690214238427,0.2787510947986799,False,right_censored,
circular_honest,20280818,10,qualified,10,1,TP-GMM additive,True,,19.666300799231976,0.008208262089471096,0.003171867078997867,7.706975886845003e-05,False,left_censored,
circular_honest,20280818,10,qualified,10,1,TP-GMM SE(2),True,,20.414125157054514,0.0051511622368644264,0.003178356820386084,7.360120886722984e-05,False,left_censored,
circular_honest,20280818,10,qualified,10,1,Generic RBF,True,,0.37988216895610094,0.007054899585421619,0.006322113768723194,0.00022949542041976516,False,left_censored,
circular_honest,20280818,10,qualified,10,1,Full operator,True,,0.002288802992552519,0.00728617469572996,0.00662865410356668,0.000269119985640372,False,left_censored,
circular_honest,20280818,10,qualified,10,1,Pdiag pointwise,True,,0.007610553875565529,0.010271953207107856,0.005907635973854079,0.0003702978756562953,False,left_censored,
circular_honest,20280818,10,qualified,10,1,Pdiag finite,True,,3.4471624209545553,0.09925294027508358,0.01892963153933059,0.02194435659206181,False,left_censored,
circular_honest,20280818,11,qualified,10,2,Frame-weighted,True,,0.005886211059987545,0.3835770991803764,0.6489766417973499,0.3536089786153321,False,right_censored,
circular_honest,20280818,11,qualified,10,2,Phase scalar GP,True,,0.25661638379096985,0.38357454081848047,0.6489794291446984,0.35360660366310087,False,right_censored,
circular_honest,20280818,11,qualified,10,2,TP-GMM additive,True,,20.568112418055534,0.03140937324633115,0.055608380041029755,0.0021549150492203425,False,left_censored,
circular_honest,20280818,11,qualified,10,2,TP-GMM SE(2),True,,20.13699052715674,0.022108128472992677,0.05042672833523461,0.001691399059739464,False,left_censored,
circular_honest,20280818,11,qualified,10,2,Generic RBF,True,,0.5215723882429302,-0.0025787016859102757,0.0192232736503314,0.0006992369427282013,False,left_censored,
circular_honest,20280818,11,qualified,10,2,Full operator,True,,0.002142838668078184,-0.004761995444826914,0.028862578412486316,0.0018768846848517106,False,left_censored,
circular_honest,20280818,11,qualified,10,2,Pdiag pointwise,True,,0.007741155102849007,0.005932385941106022,-0.00023616342760604176,0.00018551919400489568,False,left_censored,
circular_honest,20280818,11,qualified,10,2,Pdiag finite,True,,5.434707133565098,0.07419244346761804,0.033060394375091805,0.010435867531062924,False,left_censored,
circular_honest,20280818,12,random,20,0,Frame-weighted,True,,0.0061842394061386585,0.3941189649116747,0.5608604023558086,0.2653506388332474,False,right_censored,
circular_honest,20280818,12,random,20,0,Phase scalar GP,True,,0.22697392385452986,0.39414094603434846,0.5608387591376046,0.2653437888042015,False,right_censored,
circular_honest,20280818,12,random,20,0,TP-GMM additive,True,,37.111455745995045,0.0003504580688794268,0.03089684974057464,0.0014289394983568139,False,left_censored,
circular_honest,20280818,12,random,20,0,TP-GMM SE(2),True,,39.116551354993135,0.008966190031071445,0.03315887283357241,0.001781451827400435,False,left_censored,
circular_honest,20280818,12,random,20,0,Generic RBF,True,,0.6266130809672177,0.0029835630286153335,0.0022919289252838577,0.00010804012449180017,False,left_censored,
circular_honest,20280818,12,random,20,0,Full operator,True,,0.002144854050129652,0.0031889028503108274,0.0026343447243704094,0.00031517747540515977,False,left_censored,
circular_honest,20280818,12,random,20,0,Pdiag pointwise,True,,0.007806531153619289,0.0029187890947205575,0.0019794815951841528,0.00024519784721147654,False,left_censored,
circular_honest,20280818,12,random,20,0,Pdiag finite,True,,2.810224197804928,0.019420290727837453,0.0336494224102657,0.0010384740635001265,False,left_censored,
circular_honest,20280818,13,random,20,1,Frame-weighted,True,,0.0048719123005867004,0.41448696705886207,0.5397896345601281,0.25482786445875616,False,right_censored,
circular_honest,20280818,13,random,20,1,Phase scalar GP,True,,0.21594699518755078,0.4144897479488687,0.5397887281392413,0.2548023538149434,False,right_censored,
circular_honest,20280818,13,random,20,1,TP-GMM additive,True,,39.07307296292856,0.000824320190827012,0.04499071819207098,0.0027715409175300574,False,left_censored,
circular_honest,20280818,13,random,20,1,TP-GMM SE(2),True,,35.54182211216539,0.009913285390365172,0.04476188795379858,0.0028631105757293725,False,left_censored,
circular_honest,20280818,13,random,20,1,Generic RBF,True,,0.45839879009872675,0.006328503030934682,0.003868064603882405,0.00017076773583223515,False,left_censored,
circular_honest,20280818,13,random,20,1,Full operator,True,,0.002084492240101099,0.006746148237292468,0.004167007904551126,0.0003027137988354174,False,left_censored,
circular_honest,20280818,13,random,20,1,Pdiag pointwise,True,,0.007737522013485432,0.006413087397422998,0.004104351393529551,0.00024740360146942016,False,left_censored,
circular_honest,20280818,13,random,20,1,Pdiag finite,True,,7.813125713728368,0.03378331429161316,0.03229626592990717,0.0016554476399755801,False,left_censored,
circular_honest,20280818,14,random,20,2,Frame-weighted,True,,0.009808382019400597,0.41274649123805524,0.545545601569873,0.2551356690273443,False,right_censored,
circular_honest,20280818,14,random,20,2,Phase scalar GP,True,,0.3706238940358162,0.4127662716450811,0.5455256567219188,0.25512708958283903,False,right_censored,
circular_honest,20280818,14,random,20,2,TP-GMM additive,True,,39.32389470702037,-0.0007482302182290057,0.03445613421845008,0.0016487436656048365,False,left_censored,
circular_honest,20280818,14,random,20,2,TP-GMM SE(2),True,,36.41756560560316,0.004869340553719342,0.028450608475820337,0.0005733344899344189,False,left_censored,
circular_honest,20280818,14,random,20,2,Generic RBF,True,,0.5354239479638636,0.004673802858553341,0.007251549900166958,0.0003194762608639236,False,left_censored,
circular_honest,20280818,14,random,20,2,Full operator,True,,0.0021406980231404305,0.004962634989897678,0.008341857975687705,0.0008749463290228269,False,left_censored,
circular_honest,20280818,14,random,20,2,Pdiag pointwise,True,,0.007865970022976398,0.005418740668135906,0.005401389724192285,0.0004902936408776821,False,left_censored,
circular_honest,20280818,14,random,20,2,Pdiag finite,True,,2.9315278423018754,0.019484893529781354,0.03273631936894338,0.0011397611971571931,False,left_censored,
circular_honest,20280818,15,qualified,20,0,Frame-weighted,True,,0.00642191618680954,0.34332454133071366,0.5891079835897183,0.2926123034647013,False,right_censored,
circular_honest,20280818,15,qualified,20,0,Phase scalar GP,True,,0.2038956587202847,0.34331855238467107,0.5891140548220837,0.2926108244938061,False,right_censored,
circular_honest,20280818,15,qualified,20,0,TP-GMM additive,True,,36.65264209592715,0.002098914156557254,0.02704749828206829,0.000643855486794997,False,left_censored,
circular_honest,20280818,15,qualified,20,0,TP-GMM SE(2),True,,38.2739422256127,0.014081333482193923,0.02060555886667812,0.0003573008239742359,False,left_censored,
circular_honest,20280818,15,qualified,20,0,Generic RBF,True,,0.9338846229948103,0.004316197151465835,0.004866317219564011,0.00017153566305691038,False,left_censored,
circular_honest,20280818,15,qualified,20,0,Full operator,True,,0.002195166889578104,0.0045622353133078,0.005321074164665635,0.0003509007193887304,False,left_censored,
circular_honest,20280818,15,qualified,20,0,Pdiag pointwise,True,,0.007888141088187695,0.004802898109904223,0.005058341015412385,0.0003420808351377229,False,left_censored,
circular_honest,20280818,15,qualified,20,0,Pdiag finite,True,,6.48974292865023,0.04500040499443585,0.03806622394074047,0.0031531926311695025,False,left_censored,
circular_honest,20280818,16,qualified,20,1,Frame-weighted,True,,0.006248721852898598,0.3691047066463357,0.5532540861717409,0.25601488942905937,False,right_censored,
circular_honest,20280818,16,qualified,20,1,Phase scalar GP,True,,0.2807846078649163,0.36911281637669097,0.5532461838533683,0.25600731358715945,False,right_censored,
circular_honest,20280818,16,qualified,20,1,TP-GMM additive,True,,39.161656408105046,-0.0001731707831520777,0.04282948013030523,0.002483388065361758,False,left_censored,
circular_honest,20280818,16,qualified,20,1,TP-GMM SE(2),True,,38.51933844992891,0.003746486103267247,0.03901024041214063,0.002124597841265294,False,left_censored,
circular_honest,20280818,16,qualified,20,1,Generic RBF,True,,0.5927013410255313,0.004665199431955011,0.005455803897626244,0.00021089776735873876,False,left_censored,
circular_honest,20280818,16,qualified,20,1,Full operator,True,,0.005292871035635471,0.004899654225377729,0.005958569235827425,0.00043232535194166587,False,left_censored,
circular_honest,20280818,16,qualified,20,1,Pdiag pointwise,True,,0.0077470289543271065,0.005421736797132834,0.005695836863235293,0.0003931017735759807,False,left_censored,
circular_honest,20280818,16,qualified,20,1,Pdiag finite,True,,3.520724848844111,0.03161491043477412,0.036368494080716844,0.0016870945269797583,False,left_censored,
circular_honest,20280818,17,qualified,20,2,Frame-weighted,True,,0.006209306884557009,0.40307953235972815,0.5405753875313423,0.2522691556771882,False,right_censored,
circular_honest,20280818,17,qualified,20,2,Phase scalar GP,True,,0.20629648864269257,0.40309637671424176,0.5405591847537321,0.25225178091519657,False,right_censored,
circular_honest,20280818,17,qualified,20,2,TP-GMM additive,True,,38.57209600228816,0.0004436596415831063,0.0313062137065168,0.0013559600191701778,False,left_censored,
circular_honest,20280818,17,qualified,20,2,TP-GMM SE(2),True,,37.78591320011765,0.007025449299266293,0.04022222992596951,0.0018311792786066853,False,left_censored,
circular_honest,20280818,17,qualified,20,2,Generic RBF,True,,0.40929461596533656,0.005168668751165124,0.0028042858359191053,0.00010922204378395635,False,left_censored,
circular_honest,20280818,17,qualified,20,2,Full operator,True,,0.0020922296680510044,0.005519319996543918,0.0030317887778580064,0.00021981213936483337,False,left_censored,
circular_honest,20280818,17,qualified,20,2,Pdiag pointwise,True,,0.007714018691331148,0.0049591670339872475,0.003154651956897781,0.00023832774659324403,False,left_censored,
circular_honest,20280818,17,qualified,20,2,Pdiag finite,True,,5.405440466012806,0.03384999640625126,0.03386194966411377,0.0016219869708642303,False,left_censored,
circular_placebo,20260818,0,random,5,0,Frame-weighted,True,,0.0068215262144804,0.5127088508921334,0.5730054009729082,0.3083796920064143,False,right_censored,
circular_placebo,20260818,0,random,5,0,Phase scalar GP,True,,0.27331658685579896,0.5126998170107008,0.5730204726082067,0.30835030899658034,False,right_censored,
circular_placebo,20260818,0,random,5,0,TP-GMM additive,True,,15.376259740907699,0.04564144169563429,0.06952543368996426,0.0038223908725252436,False,left_censored,
circular_placebo,20260818,0,random,5,0,TP-GMM SE(2),True,,11.96627785731107,0.002096633856668315,0.0012844837218436616,3.98929924927208e-05,False,left_censored,
circular_placebo,20260818,0,random,5,0,Generic RBF,True,,0.37517444510012865,0.001304502451651228,-0.0025772739011032646,0.00010257748905591923,False,left_censored,
circular_placebo,20260818,0,random,5,0,Full operator,True,,0.0021576760336756706,0.0013074733360830659,-0.002578907929072307,0.00011536394097117115,False,left_censored,
circular_placebo,20260818,0,random,5,0,Pdiag pointwise,True,,0.007788201794028282,-0.003373539825777453,0.00013129975333964913,2.1352821194604418e-05,False,left_censored,
circular_placebo,20260818,0,random,5,0,Pdiag finite,True,,1.2111412966623902,0.0229145620061747,0.027471370603195173,0.0007284000057576846,False,left_censored,
circular_placebo,20260818,1,random,5,1,Frame-weighted,True,,0.00601230189204216,0.5963301455430164,0.6807748592969852,0.42934979060062856,False,right_censored,
circular_placebo,20260818,1,random,5,1,Phase scalar GP,True,,0.2708563581109047,0.5962974849273396,0.6808148291090087,0.4293127105167753,False,right_censored,
circular_placebo,20260818,1,random,5,1,TP-GMM additive,True,,12.425969114061445,0.007206924652152707,0.0021395112596935984,5.3755886470910616e-05,False,left_censored,
circular_placebo,20260818,1,random,5,1,TP-GMM SE(2),True,,11.884692372754216,0.007380451900216625,0.002161063224790503,0.00010761666627514864,False,left_censored,
circular_placebo,20260818,1,random,5,1,Generic RBF,True,,0.25204589730128646,0.009090911950291172,-0.0009877513891070949,0.0002865633362928556,False,left_censored,
circular_placebo,20260818,1,random,5,1,Full operator,True,,0.0021052579395473003,0.009091768360651075,-0.0009881168613666135,0.0002990304752200242,False,left_censored,
circular_placebo,20260818,1,random,5,1,Pdiag pointwise,True,,0.007861987687647343,0.0033791250415112868,3.444003699261283e-05,0.00011420955108137024,False,left_censored,
circular_placebo,20260818,1,random,5,1,Pdiag finite,True,,1.5086636366322637,0.020183321704273383,0.02419951666592639,0.0006288682336164598,False,left_censored,
circular_placebo,20260818,2,random,5,2,Frame-weighted,True,,0.006308477371931076,0.5084423760703207,0.5535397399225279,0.29420920351130525,False,right_censored,
circular_placebo,20260818,2,random,5,2,Phase scalar GP,True,,0.19069032417610288,0.5084249957798717,0.5535606297730385,0.2941957365523512,False,right_censored,
circular_placebo,20260818,2,random,5,2,TP-GMM additive,True,,15.381509309168905,0.014129264719804626,0.020946394187036053,0.0003498503208225077,False,left_censored,
circular_placebo,20260818,2,random,5,2,TP-GMM SE(2),True,,12.347641956061125,0.012496305382831396,0.01524905331531949,0.00021460822731294782,False,left_censored,
circular_placebo,20260818,2,random,5,2,Generic RBF,True,,0.3739397916942835,0.0017360855311324911,-0.0013760994774227769,2.15863060360806e-05,False,left_censored,
circular_placebo,20260818,2,random,5,2,Full operator,True,,0.0020448770374059677,0.0017358654429358142,-0.0013760215780192963,2.2817449196354885e-05,False,left_censored,
circular_placebo,20260818,2,random,5,2,Pdiag pointwise,True,,0.007459454704076052,-0.0016063674209936469,-0.000987584359851769,8.924470134402665e-06,False,left_censored,
circular_placebo,20260818,2,random,5,2,Pdiag finite,True,,1.6761180688627064,0.011949397541150944,0.017744167109621237,0.00024953650390808195,False,left_censored,
circular_placebo,20260818,3,qualified,5,0,Frame-weighted,True,,0.006209190934896469,0.5145014742479755,0.6235932699928646,0.34377085805720364,False,right_censored,
circular_placebo,20260818,3,qualified,5,0,Phase scalar GP,True,,0.20099015114828944,0.514558220259216,0.6235537830069263,0.34369187493127706,False,right_censored,
circular_placebo,20260818,3,qualified,5,0,TP-GMM additive,True,,15.190428502857685,0.008029108343335761,0.00314273492022282,7.324141519221565e-05,False,left_censored,
circular_placebo,20260818,3,qualified,5,0,TP-GMM SE(2),True,,13.641913483384997,0.00629177103288311,0.003137387366679046,9.52698946333172e-05,False,left_censored,
circular_placebo,20260818,3,qualified,5,0,Generic RBF,True,,0.24629812967032194,0.04266565897970637,0.009558749107642643,0.0029120272067184537,False,left_censored,
circular_placebo,20260818,3,qualified,5,0,Full operator,True,,0.002179815899580717,0.042959834540027185,0.00961597316732362,0.0032659235941416816,False,left_censored,
circular_placebo,20260818,3,qualified,5,0,Pdiag pointwise,True,,0.008028039243072271,-0.0026318390493331495,0.0010604722507270333,5.6133286709579546e-05,False,left_censored,
circular_placebo,20260818,3,qualified,5,0,Pdiag finite,True,,0.994496239349246,0.006315281575318316,0.004608607121612212,5.784620348133729e-05,False,left_censored,
circular_placebo,20260818,4,qualified,5,1,Frame-weighted,True,,0.006188009399920702,0.4252503218581934,0.5204965035263593,0.2526666295518618,False,left_censored,
circular_placebo,20260818,4,qualified,5,1,Phase scalar GP,True,,0.3205883437767625,0.4252900596048981,0.5204675510833927,0.2525799021727509,False,left_censored,
circular_placebo,20260818,4,qualified,5,1,TP-GMM additive,True,,13.662190401926637,0.0046285571959615215,0.056816093179019006,0.004000371020754502,False,left_censored,
circular_placebo,20260818,4,qualified,5,1,TP-GMM SE(2),True,,11.674730985891074,0.003995537515138891,0.0574277112736249,0.004375440203116625,False,left_censored,
circular_placebo,20260818,4,qualified,5,1,Generic RBF,True,,0.32298641093075275,-0.00013218688896024034,0.1645087829571316,0.07056984299726299,False,left_censored,
circular_placebo,20260818,4,qualified,5,1,Full operator,True,,0.0020591281354427338,-0.00012842970771538535,0.16453218892761115,0.07180783060164544,True,detected,0.9990816874034868
circular_placebo,20260818,4,qualified,5,1,Pdiag pointwise,True,,0.007617366034537554,-0.0005946313974979451,0.16069220222716157,0.06871646428218817,True,detected,0.9981884747035893
circular_placebo,20260818,4,qualified,5,1,Pdiag finite,True,,2.5666899252682924,0.01456314554375427,0.1819139797068193,0.07008752507415847,True,detected,0.998974637280874
circular_placebo,20260818,5,qualified,5,2,Frame-weighted,True,,0.004818413872271776,0.47819788827047544,0.5893657694039909,0.30518945993082,False,right_censored,
circular_placebo,20260818,5,qualified,5,2,Phase scalar GP,True,,0.1851541679352522,0.4782235990403088,0.5893442929500405,0.30517079663397356,False,right_censored,
circular_placebo,20260818,5,qualified,5,2,TP-GMM additive,True,,14.431998305954039,0.011279659809340713,0.004403739488820255,0.00011684594521310887,False,left_censored,
circular_placebo,20260818,5,qualified,5,2,TP-GMM SE(2),True,,13.092827387619764,0.003909345062275187,0.004309909625967184,0.00012836686777304676,False,left_censored,
circular_placebo,20260818,5,qualified,5,2,Generic RBF,True,,0.2801683219149709,0.011767465850338428,0.02719465865187053,0.0031497245262648464,False,left_censored,
circular_placebo,20260818,5,qualified,5,2,Full operator,True,,0.002049442380666733,0.013371246170500778,0.0296598795265624,0.004317421908521824,False,left_censored,
circular_placebo,20260818,5,qualified,5,2,Pdiag pointwise,True,,0.007627244107425213,-0.005999571247258795,0.002407751334396151,0.00011306684371293587,False,left_censored,
circular_placebo,20260818,5,qualified,5,2,Pdiag finite,True,,1.087127251084894,0.004904138211064274,0.005198803913199312,0.00010695974317226735,False,left_censored,
circular_placebo,20260818,6,random,10,0,Frame-weighted,True,,0.006050855852663517,0.40009615353212186,0.4924168927032801,0.2180687389560152,False,left_censored,
circular_placebo,20260818,6,random,10,0,Phase scalar GP,True,,0.24577881023287773,0.4001232158320267,0.49239502463885354,0.21804724824695249,False,left_censored,
circular_placebo,20260818,6,random,10,0,TP-GMM additive,True,,18.39946981985122,0.06159183513763331,0.07943928459342756,0.005348378593977679,False,left_censored,
circular_placebo,20260818,6,random,10,0,TP-GMM SE(2),True,,18.171152483206242,0.0041853221241089575,0.067488656684525,0.006754807482578407,False,left_censored,
circular_placebo,20260818,6,random,10,0,Generic RBF,True,,0.7226965078152716,0.005021096466735661,0.06584777544375484,0.01076994903257948,False,left_censored,
circular_placebo,20260818,6,random,10,0,Full operator,True,,0.002331262920051813,0.005203822414980463,0.06641394816063254,0.011601923017156346,False,left_censored,
circular_placebo,20260818,6,random,10,0,Pdiag pointwise,True,,0.008111299946904182,0.0054312437048221465,0.06264616427133492,0.0102200428253556,False,left_censored,
circular_placebo,20260818,6,random,10,0,Pdiag finite,True,,2.056627448182553,0.01935793167089593,0.07695894546965164,0.011035214258214878,False,left_censored,
circular_placebo,20260818,7,random,10,1,Frame-weighted,True,,0.006114128977060318,0.4512324036026875,0.489964899113842,0.23068676610685152,True,detected,0.5364863682039188
circular_placebo,20260818,7,random,10,1,Phase scalar GP,True,,0.24170716386288404,0.45126133754592934,0.4899376703226103,0.23068225487338334,True,detected,0.5357609180441243
circular_placebo,20260818,7,random,10,1,TP-GMM additive,True,,19.556456569582224,0.007517458539393347,0.007311913137174171,6.208034077413497e-05,False,left_censored,
circular_placebo,20260818,7,random,10,1,TP-GMM SE(2),True,,18.40127976704389,0.002415208084498614,0.0015712618323993632,3.4437976926920527e-05,False,left_censored,
circular_placebo,20260818,7,random,10,1,Generic RBF,True,,0.2986653228290379,0.005612351099909924,0.0039137045355496294,0.000192658785822033,False,left_censored,
circular_placebo,20260818,7,random,10,1,Full operator,True,,0.002102044876664877,0.0056121330824448175,0.003913607038163019,0.00020278113342408956,False,left_censored,
circular_placebo,20260818,7,random,10,1,Pdiag pointwise,True,,0.007968002930283546,0.002398881179063897,0.00300830397516339,8.744782872517349e-05,False,left_censored,
circular_placebo,20260818,7,random,10,1,Pdiag finite,True,,3.215373106766492,0.02368149360001852,0.030753288846343138,0.0008852942775486823,False,left_censored,
circular_placebo,20260818,8,random,10,2,Frame-weighted,True,,0.006441168021410704,0.4936963294165484,0.5723955625415791,0.3012284625320058,True,detected,0.8237508406529993
circular_placebo,20260818,8,random,10,2,Phase scalar GP,True,,0.18670280324295163,0.4936947533007242,0.5724047883026809,0.30119825947770784,True,detected,0.8251805795851894
circular_placebo,20260818,8,random,10,2,TP-GMM additive,True,,17.689992518164217,0.004974623898329921,0.0359102971379248,0.0019215211520513143,False,left_censored,
circular_placebo,20260818,8,random,10,2,TP-GMM SE(2),True,,17.572836983948946,0.014219446225918898,0.023130588866785953,0.000928498832346743,False,left_censored,
circular_placebo,20260818,8,random,10,2,Generic RBF,True,,0.4011439220048487,-0.004321723654074181,0.050577917471550854,0.006077652824262819,False,left_censored,
circular_placebo,20260818,8,random,10,2,Full operator,True,,0.002190206665545702,-0.004993594053424332,0.0528042976777596,0.007439018317551325,False,left_censored,
circular_placebo,20260818,8,random,10,2,Pdiag pointwise,True,,0.008312072604894638,-0.004004529933564616,0.038736248997072405,0.004038964073085458,False,left_censored,
circular_placebo,20260818,8,random,10,2,Pdiag finite,True,,1.802656238898635,0.019012481932568246,0.0627046395279055,0.005624116521423663,False,left_censored,
circular_placebo,20260818,9,qualified,10,0,Frame-weighted,True,,0.006286196410655975,0.46552597366678067,0.5657674699729764,0.28764346691293974,True,detected,0.8316301710514621
circular_placebo,20260818,9,qualified,10,0,Phase scalar GP,True,,0.2523868321441114,0.46556019719907765,0.5657379315809108,0.2876223692817827,True,detected,0.830727651977358
circular_placebo,20260818,9,qualified,10,0,TP-GMM additive,True,,20.157127066981047,0.01668732948327516,0.02088469465475685,0.0007647255340397807,False,left_censored,
circular_placebo,20260818,9,qualified,10,0,TP-GMM SE(2),True,,19.309629327151924,0.03908146467167602,0.0653442599837325,0.0035101841622741997,False,left_censored,
circular_placebo,20260818,9,qualified,10,0,Generic RBF,True,,0.9456246946938336,-0.0016097291924688664,0.06289908408961524,0.010074154491508707,False,left_censored,
circular_placebo,20260818,9,qualified,10,0,Full operator,True,,0.0031535830348730087,-0.001622712540812171,0.06351368783517676,0.010973940556451177,False,left_censored,
circular_placebo,20260818,9,qualified,10,0,Pdiag pointwise,True,,0.007785546127706766,-0.0019175182798717918,0.036883155491926375,0.0038356555501999805,False,left_censored,
circular_placebo,20260818,9,qualified,10,0,Pdiag finite,True,,3.5404672352597117,0.0202423529751074,0.06179371649092974,0.005365455256033068,False,left_censored,
circular_placebo,20260818,10,qualified,10,1,Frame-weighted,True,,0.006372738163918257,0.4855600205709267,0.5821116264604442,0.3021678254700448,False,right_censored,
circular_placebo,20260818,10,qualified,10,1,Phase scalar GP,True,,0.2821833398193121,0.48556879561562627,0.5821042758982774,0.30216366419532614,False,right_censored,
circular_placebo,20260818,10,qualified,10,1,TP-GMM additive,True,,20.092435078229755,0.007858518952757736,0.0023274546854235023,6.71415191120806e-05,False,left_censored,
circular_placebo,20260818,10,qualified,10,1,TP-GMM SE(2),True,,18.516070458106697,0.007221994167034859,0.0023983287227707815,7.740139996236501e-05,False,left_censored,
circular_placebo,20260818,10,qualified,10,1,Generic RBF,True,,0.39457578491419554,0.0053240157423442925,-0.000391312516893,0.00015170159351069558,False,left_censored,
circular_placebo,20260818,10,qualified,10,1,Full operator,True,,0.0020761992782354355,0.00532388387521171,-0.00039129464743559454,0.00015643750884672785,False,left_censored,
circular_placebo,20260818,10,qualified,10,1,Pdiag pointwise,True,,0.007688594050705433,0.004039428311752963,-6.666142331288761e-05,0.00013183438033911637,False,left_censored,
circular_placebo,20260818,10,qualified,10,1,Pdiag finite,True,,1.595544047653675,0.013202643057458843,0.017138195346822566,0.00027229193392391945,False,left_censored,
circular_placebo,20260818,11,qualified,10,2,Frame-weighted,True,,0.006165808066725731,0.5600119488088974,0.6592245512811779,0.39460488016695455,False,right_censored,
circular_placebo,20260818,11,qualified,10,2,Phase scalar GP,True,,0.21225022664293647,0.5599600570360636,0.6592784781621662,0.394595835150642,False,right_censored,
circular_placebo,20260818,11,qualified,10,2,TP-GMM additive,True,,20.405440012924373,0.006044282646453473,0.0018666368490181018,3.8951578708964796e-05,False,left_censored,
circular_placebo,20260818,11,qualified,10,2,TP-GMM SE(2),True,,18.729513667989522,0.024426653476014578,0.03522229255697579,0.0010227734119982815,False,left_censored,
circular_placebo,20260818,11,qualified,10,2,Generic RBF,True,,0.694573893211782,-0.000419870526319535,0.007387827195398532,0.0005866743857305263,False,left_censored,
circular_placebo,20260818,11,qualified,10,2,Full operator,True,,0.002113579772412777,-0.00042017476245764443,0.0073859520139370185,0.0006202773368914335,False,left_censored,
circular_placebo,20260818,11,qualified,10,2,Pdiag pointwise,True,,0.007883447222411633,-0.0036039324911767705,0.002125209349911256,4.4084271625166e-05,False,left_censored,
circular_placebo,20260818,11,qualified,10,2,Pdiag finite,True,,1.6856175628490746,0.02294758242353747,0.035338434691304446,0.0010123054349023058,False,left_censored,
circular_placebo,20260818,12,random,20,0,Frame-weighted,True,,0.006351588759571314,0.4680120510149171,0.5693064683708051,0.28948027217292227,False,right_censored,
circular_placebo,20260818,12,random,20,0,Phase scalar GP,True,,0.2226531570777297,0.4680252334565659,0.5692962471743123,0.2894682349848138,False,right_censored,
circular_placebo,20260818,12,random,20,0,TP-GMM additive,True,,29.699602207634598,0.003862586654303602,0.025242092529778725,0.0005372324491434021,False,left_censored,
circular_placebo,20260818,12,random,20,0,TP-GMM SE(2),True,,35.31577162910253,0.0031994392652623716,0.02552358694790028,0.000657764721328859,False,left_censored,
circular_placebo,20260818,12,random,20,0,Generic RBF,True,,0.3702319338917732,-0.0010341334496414467,0.02831457086681715,0.0020546605437972436,False,left_censored,
circular_placebo,20260818,12,random,20,0,Full operator,True,,0.002157439012080431,-0.0010229982066987736,0.02840881253312456,0.0021527358169782978,False,left_censored,
circular_placebo,20260818,12,random,20,0,Pdiag pointwise,True,,0.007885886821895838,-0.0009747950699052984,0.025307903978867438,0.0017152691927293565,False,left_censored,
circular_placebo,20260818,12,random,20,0,Pdiag finite,True,,3.503466635942459,0.023772693558990435,0.05393933267952591,0.003156839516816249,False,left_censored,
circular_placebo,20260818,13,random,20,1,Frame-weighted,True,,0.006516731809824705,0.48317087673016235,0.543754350262346,0.2758436752711855,False,right_censored,
circular_placebo,20260818,13,random,20,1,Phase scalar GP,True,,0.28463826701045036,0.4831850479827793,0.543741590501828,0.2758399752439475,False,right_censored,
circular_placebo,20260818,13,random,20,1,TP-GMM additive,True,,32.12169552827254,0.0049803267479165475,0.0014562568404363695,3.0584864272574925e-05,False,left_censored,
circular_placebo,20260818,13,random,20,1,TP-GMM SE(2),True,,29.227678284049034,0.003899797761039681,0.0014694903525952205,4.017337005156248e-05,False,left_censored,
circular_placebo,20260818,13,random,20,1,Generic RBF,True,,2.1357806092128158,0.0012405274827752206,0.0007757314543682655,9.039492128182777e-06,False,left_censored,
circular_placebo,20260818,13,random,20,1,Full operator,True,,0.0021096919663250446,0.0012405273386858753,0.0007757253921168532,1.0043184948687501e-05,False,left_censored,
circular_placebo,20260818,13,random,20,1,Pdiag pointwise,True,,0.00788699509575963,0.0021515509961783958,0.0007114270805476347,1.3808257449804824e-05,False,left_censored,
circular_placebo,20260818,13,random,20,1,Pdiag finite,True,,2.7952876212075353,0.026344596202390234,0.024159237858683524,0.0007125451566900544,False,left_censored,
circular_placebo,20260818,14,random,20,2,Frame-weighted,True,,0.006251499988138676,0.4762225872095726,0.5536921387167651,0.27942951936468474,False,right_censored,
circular_placebo,20260818,14,random,20,2,Phase scalar GP,True,,0.1847163662314415,0.47624640387487105,0.5536726410400022,0.2794155144740393,False,right_censored,
circular_placebo,20260818,14,random,20,2,TP-GMM additive,True,,32.30644629010931,0.003301246035074217,0.04050100122542655,0.0026007230002497105,False,left_censored,
circular_placebo,20260818,14,random,20,2,TP-GMM SE(2),True,,31.91253029135987,0.0022213511000703915,0.04208892471123702,0.0028273109766656095,False,left_censored,
circular_placebo,20260818,14,random,20,2,Generic RBF,True,,2.041723373811692,-0.0014868599480197227,0.03245771813986507,0.00272156343691074,False,left_censored,
circular_placebo,20260818,14,random,20,2,Full operator,True,,0.0022058021277189255,-0.0014868575281810762,0.03245735998763573,0.0027472359976606704,False,left_censored,
circular_placebo,20260818,14,random,20,2,Pdiag pointwise,True,,0.008166219107806683,-0.0020783165763086455,0.024638372282371142,0.001587387455500391,False,left_censored,
circular_placebo,20260818,14,random,20,2,Pdiag finite,True,,2.8679885948076844,0.022812079759677365,0.05045422932631119,0.0028497384667870314,False,left_censored,
circular_placebo,20260818,15,qualified,20,0,Frame-weighted,True,,0.006284979172050953,0.500373682675059,0.5945332777317208,0.3194488460201694,False,right_censored,
circular_placebo,20260818,15,qualified,20,0,Phase scalar GP,True,,0.4872481659986079,0.5003828703960874,0.5945259515120076,0.3194415786261945,False,right_censored,
circular_placebo,20260818,15,qualified,20,0,TP-GMM additive,True,,32.29335338482633,0.003330792891112569,0.02541204382255258,0.0010113457903633888,False,left_censored,
circular_placebo,20260818,15,qualified,20,0,TP-GMM SE(2),True,,32.617162770126015,0.0024525554938210135,0.017288254390800978,0.0003532250204950368,False,left_censored,
circular_placebo,20260818,15,qualified,20,0,Generic RBF,True,,1.031462799757719,0.00139751875983872,0.0292207411899113,0.002244808389312773,False,left_censored,
circular_placebo,20260818,15,qualified,20,0,Full operator,True,,0.0012539229355752468,0.0013975106545859506,0.029220525126553553,0.0022655087908290553,False,left_censored,
circular_placebo,20260818,15,qualified,20,0,Pdiag pointwise,True,,0.004875578917562962,0.001079662015593143,0.027839729487663566,0.0020540479361220955,False,left_censored,
circular_placebo,20260818,15,qualified,20,0,Pdiag finite,True,,2.7422414207831025,0.02594360175897257,0.05563435694942161,0.003512237681873807,False,left_censored,
circular_placebo,20260818,16,qualified,20,1,Frame-weighted,True,,0.006231236271560192,0.4691285890614283,0.5556303095228171,0.27933704497117307,False,right_censored,
circular_placebo,20260818,16,qualified,20,1,Phase scalar GP,True,,0.197818195912987,0.4691446697511429,0.5556150514759531,0.27933453081029436,False,right_censored,
circular_placebo,20260818,16,qualified,20,1,TP-GMM additive,True,,32.04826278286055,0.00481831636980429,0.001590616873401262,2.666491379846259e-05,False,left_censored,
circular_placebo,20260818,16,qualified,20,1,TP-GMM SE(2),True,,31.99561565183103,0.004459840750733917,0.0016318114468264597,3.341669836641339e-05,False,left_censored,
circular_placebo,20260818,16,qualified,20,1,Generic RBF,True,,0.5642695380374789,0.0010866947265824182,0.002016129959818742,4.0471447972776285e-05,False,left_censored,
circular_placebo,20260818,16,qualified,20,1,Full operator,True,,0.0012275739572942257,0.00108669331299287,0.0020161158073041118,4.206316872442847e-05,False,left_censored,
circular_placebo,20260818,16,qualified,20,1,Pdiag pointwise,True,,0.00497171375900507,0.0016704253771337243,0.001930235209044576,4.00555607892888e-05,False,left_censored,
circular_placebo,20260818,16,qualified,20,1,Pdiag finite,True,,2.468162940815091,0.026729289958062803,0.030220410477436243,0.0009129691485540363,False,left_censored,
circular_placebo,20260818,17,qualified,20,2,Frame-weighted,True,,0.006252103019505739,0.47845266506927475,0.5495095637026238,0.2776123218714241,False,right_censored,
circular_placebo,20260818,17,qualified,20,2,Phase scalar GP,True,,0.34226623782888055,0.4784758678965478,0.5494893969525377,0.27760275977931853,False,right_censored,
circular_placebo,20260818,17,qualified,20,2,TP-GMM additive,True,,32.38512524403632,0.00880961731712158,0.053735263739997825,0.0036269259971865625,False,left_censored,
circular_placebo,20260818,17,qualified,20,2,TP-GMM SE(2),True,,31.03883457602933,0.0012020536696979273,0.03557533830000337,0.002030130786504352,False,left_censored,
circular_placebo,20260818,17,qualified,20,2,Generic RBF,True,,0.3515565642155707,0.0007766548075483928,0.031214950466484308,0.0024941773781877188,False,left_censored,
circular_placebo,20260818,17,qualified,20,2,Full operator,True,,0.0022505391389131546,0.0007766503818850642,0.03121471427075701,0.002516289937044687,False,left_censored,
circular_placebo,20260818,17,qualified,20,2,Pdiag pointwise,True,,0.008214212954044342,0.0002996639776272971,0.02856578337533461,0.002109168341635879,False,left_censored,
circular_placebo,20260818,17,qualified,20,2,Pdiag finite,True,,2.7488550641573966,0.023966010601298215,0.055499610912441294,0.0034847108826723695,False,left_censored,
circular_placebo,20270818,0,random,5,0,Frame-weighted,True,,0.006101415958255529,0.48516607386671207,0.5838814364244335,0.3059808576711573,False,right_censored,
circular_placebo,20270818,0,random,5,0,Phase scalar GP,True,,0.2074289871379733,0.4851731430622063,0.5838804639139479,0.30595298645086744,False,right_censored,
circular_placebo,20270818,0,random,5,0,TP-GMM additive,True,,12.148204127792269,0.047397663050781726,0.07409869776961128,0.00429649641461,False,left_censored,
circular_placebo,20270818,0,random,5,0,TP-GMM SE(2),True,,11.27823830069974,0.0020336437240108403,0.001498189122483221,2.9215503660545064e-05,False,left_censored,
circular_placebo,20270818,0,random,5,0,Generic RBF,True,,0.33997624227777123,0.013355096087933888,-0.009575004505827342,0.0012030200081120928,False,left_censored,
circular_placebo,20270818,0,random,5,0,Full operator,True,,0.00424214405938983,0.013359969151606341,-0.00957713407416911,0.001494545733260358,False,left_censored,
circular_placebo,20270818,0,random,5,0,Pdiag pointwise,True,,0.010042399168014526,0.0024619363487018912,-0.004829564749695166,0.00017132987794957262,False,left_censored,
circular_placebo,20270818,0,random,5,0,Pdiag finite,True,,1.030939423944801,0.03299104783748195,0.027240614028155818,0.0012076087871884572,False,left_censored,
circular_placebo,20270818,1,random,5,1,Frame-weighted,True,,0.0060451701283454895,0.5740739478706621,0.6828804414619866,0.4234826702648236,False,right_censored,
circular_placebo,20270818,1,random,5,1,Phase scalar GP,True,,0.2584232781082392,0.5740712461168439,0.682895771246886,0.42342180153180836,False,right_censored,
circular_placebo,20270818,1,random,5,1,TP-GMM additive,True,,13.597621843684465,0.010631775930293757,0.002337517824090774,0.00010825342685941951,False,left_censored,
circular_placebo,20270818,1,random,5,1,TP-GMM SE(2),True,,12.397296140901744,0.005725238203250767,0.0027454579431196247,6.259381661642155e-05,False,left_censored,
circular_placebo,20270818,1,random,5,1,Generic RBF,True,,0.32335808919742703,0.003598360652358584,-0.006966456322803977,0.0005351943407345213,False,left_censored,
circular_placebo,20270818,1,random,5,1,Full operator,True,,0.0020811231806874275,0.0035969422584700987,-0.006967267563558277,0.0006240074086911716,False,left_censored,
circular_placebo,20270818,1,random,5,1,Pdiag pointwise,True,,0.007759525906294584,0.004719992292948128,-0.007305914485838211,0.0005344065919402902,False,left_censored,
circular_placebo,20270818,1,random,5,1,Pdiag finite,True,,1.4622611519880593,0.029909624566286278,0.020228383492305903,0.0012068324231405154,False,left_censored,
circular_placebo,20270818,2,random,5,2,Frame-weighted,True,,0.0060884300619363785,0.49916892477721253,0.5666469167199372,0.2968914017163644,False,right_censored,
circular_placebo,20270818,2,random,5,2,Phase scalar GP,True,,0.18798797391355038,0.4991714756585985,0.5666477123374876,0.2968824357652571,False,right_censored,
circular_placebo,20270818,2,random,5,2,TP-GMM additive,True,,12.010166519787163,0.012454170181076842,0.011421163586239616,0.00015851553815820062,False,left_censored,
circular_placebo,20270818,2,random,5,2,TP-GMM SE(2),True,,10.832933756988496,0.016413768660792475,0.010978696537700859,0.00026366602728615323,False,left_censored,
circular_placebo,20270818,2,random,5,2,Generic RBF,True,,0.3874660860747099,-0.0008810315075675934,-0.0004164249884906782,5.852067219359173e-06,False,left_censored,
circular_placebo,20270818,2,random,5,2,Full operator,True,,0.0020743459463119507,-0.0008684401505340624,-0.00041623900843929624,1.2537108905652514e-05,False,left_censored,
circular_placebo,20270818,2,random,5,2,Pdiag pointwise,True,,0.007745806127786636,-0.0020397958476848833,-0.0010569949205405569,2.457238479420427e-05,False,left_censored,
circular_placebo,20270818,2,random,5,2,Pdiag finite,True,,1.075085983145982,0.016769115413636942,0.016173041282591463,0.0003595618682868602,False,left_censored,
circular_placebo,20270818,3,qualified,5,0,Frame-weighted,True,,0.006083162035793066,0.49884641941545815,0.5896721385764119,0.32163509447366223,False,right_censored,
circular_placebo,20270818,3,qualified,5,0,Phase scalar GP,True,,0.24886625166982412,0.4988374342717263,0.589684157388218,0.3216233823592985,False,right_censored,
circular_placebo,20270818,3,qualified,5,0,TP-GMM additive,True,,13.614996859803796,0.007794250053677917,0.003326534135426287,7.587608479690787e-05,False,left_censored,
circular_placebo,20270818,3,qualified,5,0,TP-GMM SE(2),True,,11.485101947095245,0.0059364760004596995,0.0033291960258391867,9.693535968645534e-05,False,left_censored,
circular_placebo,20270818,3,qualified,5,0,Generic RBF,True,,0.3152360459789634,0.0321592623267696,0.022310516182463363,0.0031123878115070476,False,left_censored,
circular_placebo,20270818,3,qualified,5,0,Full operator,True,,0.002058819867670536,0.032480306496711936,0.022449695410360553,0.0034017738620167387,False,left_censored,
circular_placebo,20270818,3,qualified,5,0,Pdiag pointwise,True,,0.012249224819242954,-0.0024111634083336638,-0.004024293518994814,3.51834639253512e-05,False,left_censored,
circular_placebo,20270818,3,qualified,5,0,Pdiag finite,True,,1.914989366196096,0.006342199990651058,0.007698944793084899,6.299949056631153e-05,False,left_censored,
circular_placebo,20270818,4,qualified,5,1,Frame-weighted,True,,0.0050823683850467205,0.37570273332821136,0.485841060106951,0.20789418019052686,True,detected,0.6693897098373894
circular_placebo,20270818,4,qualified,5,1,Phase scalar GP,True,,0.1640312117524445,0.3756966238160271,0.4858583421055486,0.20783744953351582,True,detected,0.7313378503591681
circular_placebo,20270818,4,qualified,5,1,TP-GMM additive,True,,13.290069941896945,0.003690016790785984,0.0016956242859808765,2.4406417496873325e-05,False,left_censored,
circular_placebo,20270818,4,qualified,5,1,TP-GMM SE(2),True,,11.279759142082185,0.0019824798054606974,0.0016797010763142067,2.7069182636047566e-05,False,left_censored,
circular_placebo,20270818,4,qualified,5,1,Generic RBF,True,,0.2548581571318209,-0.004815631887007782,-0.0027632266501844945,0.00021008230077532335,False,left_censored,
circular_placebo,20270818,4,qualified,5,1,Full operator,True,,0.002066965214908123,-0.004812732480581921,-0.002763507377406763,0.00022691682252799558,False,left_censored,
circular_placebo,20270818,4,qualified,5,1,Pdiag pointwise,True,,0.007618023082613945,-0.006073811803284782,-0.0027965325797663252,0.00017726830253965485,False,left_censored,
circular_placebo,20270818,4,qualified,5,1,Pdiag finite,True,,1.4397947080433369,0.01929651198489092,0.016918619005833427,0.000437514462991876,False,left_censored,
circular_placebo,20270818,5,qualified,5,2,Frame-weighted,True,,0.006007914897054434,0.46604667376210496,0.5574445708373706,0.28518207337912144,False,right_censored,
circular_placebo,20270818,5,qualified,5,2,Phase scalar GP,True,,0.26279998291283846,0.46604328884538,0.5574494465624712,0.2851766326934147,False,right_censored,
circular_placebo,20270818,5,qualified,5,2,TP-GMM additive,True,,12.73223025770858,0.009224107320311127,0.0036988167933492497,7.941557442536186e-05,False,left_censored,
circular_placebo,20270818,5,qualified,5,2,TP-GMM SE(2),True,,11.782775590661913,0.012135054094395033,0.004065968924453745,0.0002833530048938118,False,left_censored,
circular_placebo,20270818,5,qualified,5,2,Generic RBF,True,,0.4028130699880421,-6.865231895637624e-05,-0.00914851410344933,0.00038967691943798846,False,left_censored,
circular_placebo,20270818,5,qualified,5,2,Full operator,True,,0.0020891427993774414,2.1712798236040043e-05,-0.009349687455281936,0.0005174981755097229,False,left_censored,
circular_placebo,20270818,5,qualified,5,2,Pdiag pointwise,True,,0.007751478813588619,-0.004862412841253686,-0.004841419448712591,6.939664652801903e-05,False,left_censored,
circular_placebo,20270818,5,qualified,5,2,Pdiag finite,True,,1.5888485149480402,0.0005470523850318605,0.002293665481799315,6.138441561074142e-06,False,left_censored,
circular_placebo,20270818,6,random,10,0,Frame-weighted,True,,0.00612746924161911,0.39136875671245447,0.49144330912724693,0.21376447165758422,True,detected,0.9429399564250138
circular_placebo,20270818,6,random,10,0,Phase scalar GP,True,,0.2218873482197523,0.39137033956202955,0.49144475085240424,0.21375451517857574,True,detected,0.9341934593412887
circular_placebo,20270818,6,random,10,0,TP-GMM additive,True,,18.582641791086644,0.011882330139158664,0.0021445012192361224,8.55149092844952e-05,False,left_censored,
circular_placebo,20270818,6,random,10,0,TP-GMM SE(2),True,,17.843385983258486,0.011203874485267657,0.002062366580025325,8.922756168835793e-05,False,left_censored,
circular_placebo,20270818,6,random,10,0,Generic RBF,True,,0.2680749800056219,-0.0038169460664688125,0.001007259528763951,8.079063261233707e-05,False,left_censored,
circular_placebo,20270818,6,random,10,0,Full operator,True,,0.002077823970466852,-0.0038167978765212664,0.0010072155225200076,8.819728614775429e-05,False,left_censored,
circular_placebo,20270818,6,random,10,0,Pdiag pointwise,True,,0.007788943126797676,-0.0015385434094062496,-5.462770502655554e-05,3.9820980708486827e-05,False,left_censored,
circular_placebo,20270818,6,random,10,0,Pdiag finite,True,,1.760945457033813,0.014725692665162984,0.015599787468253556,0.0002829642082160967,False,left_censored,
circular_placebo,20270818,7,random,10,1,Frame-weighted,True,,0.0064185489900410175,0.4262014830452756,0.502433957893521,0.22819653478314122,True,detected,0.5358891226680262
circular_placebo,20270818,7,random,10,1,Phase scalar GP,True,,0.27147653605788946,0.4261858721604143,0.5024517881164686,0.22819072239021843,True,detected,0.5317781107868489
circular_placebo,20270818,7,random,10,1,TP-GMM additive,True,,17.486422158777714,0.005858745161447103,0.005590176936809112,4.038164907352665e-05,False,left_censored,
circular_placebo,20270818,7,random,10,1,TP-GMM SE(2),True,,17.283875409979373,0.005887002858550578,0.007339875393995657,6.040392523668305e-05,False,left_censored,
circular_placebo,20270818,7,random,10,1,Generic RBF,True,,0.40557078272104263,-0.0022164797234938407,-0.00074927261904337,2.8138722847398058e-05,False,left_censored,
circular_placebo,20270818,7,random,10,1,Full operator,True,,0.0020720898173749447,-0.002216496531997754,-0.0007492846332061529,3.226205492785971e-05,False,left_censored,
circular_placebo,20270818,7,random,10,1,Pdiag pointwise,True,,0.007622517179697752,-0.0032767402183839166,-0.0013638629009249722,3.62644056183697e-05,False,left_censored,
circular_placebo,20270818,7,random,10,1,Pdiag finite,True,,3.813664259854704,0.01866496229236289,0.02834113435739659,0.0006396050693294574,False,left_censored,
circular_placebo,20270818,8,random,10,2,Frame-weighted,True,,0.006334434263408184,0.4731274352487572,0.5657903181746824,0.29054593208098023,False,right_censored,
circular_placebo,20270818,8,random,10,2,Phase scalar GP,True,,0.18431430775672197,0.47313182363895767,0.5657923260231228,0.2905223866459215,False,right_censored,
circular_placebo,20270818,8,random,10,2,TP-GMM additive,True,,18.553156634792686,0.0048777457600573245,0.001815199363353424,2.959567651845944e-05,False,left_censored,
circular_placebo,20270818,8,random,10,2,TP-GMM SE(2),True,,16.35573129914701,0.01249762733344609,0.005877394112594369,0.00014214220612657525,False,left_censored,
circular_placebo,20270818,8,random,10,2,Generic RBF,True,,0.385335442610085,-0.0012150515221203114,-0.004591926535759594,5.537556443603231e-05,False,left_censored,
circular_placebo,20270818,8,random,10,2,Full operator,True,,0.0020593791268765926,-0.0012149593811311805,-0.0045918598064189665,5.7132605303966904e-05,False,left_censored,
circular_placebo,20270818,8,random,10,2,Pdiag pointwise,True,,0.007713587023317814,0.0009625889310593281,-0.005165982735506929,0.00012093725824466166,False,left_censored,
circular_placebo,20270818,8,random,10,2,Pdiag finite,True,,1.6622028150595725,0.025766101971751724,0.023145053682203775,0.0007396493945920698,False,left_censored,
circular_placebo,20270818,9,qualified,10,0,Frame-weighted,True,,0.00611443305388093,0.46726084732267437,0.5720239023458479,0.29017889643976,False,right_censored,
circular_placebo,20270818,9,qualified,10,0,Phase scalar GP,True,,0.23451200919225812,0.4672650259508322,0.572022171201891,0.29017111098558945,False,right_censored,
circular_placebo,20270818,9,qualified,10,0,TP-GMM additive,True,,18.236238405108452,0.0107778670860185,0.0021570550491682196,7.414529270402724e-05,False,left_censored,
circular_placebo,20270818,9,qualified,10,0,TP-GMM SE(2),True,,18.222971302922815,0.01571861714362089,0.002425853116445927,0.000295288430135732,False,left_censored,
circular_placebo,20270818,9,qualified,10,0,Generic RBF,True,,0.4141767951659858,-0.010590017562585582,-0.0002953408834650628,0.00021569459791711415,False,left_censored,
circular_placebo,20270818,9,qualified,10,0,Full operator,True,,0.0022078407928347588,-0.010589660129394067,-0.00029531541565311174,0.00022197079090134484,False,left_censored,
circular_placebo,20270818,9,qualified,10,0,Pdiag pointwise,True,,0.008198060095310211,-0.004340134707243568,0.000406512313563029,4.6703872115784934e-05,False,left_censored,
circular_placebo,20270818,9,qualified,10,0,Pdiag finite,True,,2.6430062581785023,0.0166405324594335,0.024220892236695685,0.0005027598504119022,False,left_censored,
circular_placebo,20270818,10,qualified,10,1,Frame-weighted,True,,0.00632396200671792,0.47457818257001777,0.5605455066983921,0.287906839805275,False,right_censored,
circular_placebo,20270818,10,qualified,10,1,Phase scalar GP,True,,0.21710733091458678,0.47459377243831163,0.5605380255238153,0.287877888951657,False,right_censored,
circular_placebo,20270818,10,qualified,10,1,TP-GMM additive,True,,19.157517256215215,0.005643814646100321,0.0024280891942949825,4.4984464834206e-05,False,left_censored,
circular_placebo,20270818,10,qualified,10,1,TP-GMM SE(2),True,,17.168414061889052,0.00425281346287564,0.002533537869339084,5.378071555107051e-05,False,left_censored,
circular_placebo,20270818,10,qualified,10,1,Generic RBF,True,,0.23831153009086847,-0.0006421796977694325,-0.003551622948497118,0.00010897264848297684,False,left_censored,
circular_placebo,20270818,10,qualified,10,1,Full operator,True,,0.002108256332576275,-0.0006417681859472763,-0.0035515924607030535,0.000118894655592575,False,left_censored,
circular_placebo,20270818,10,qualified,10,1,Pdiag pointwise,True,,0.007783117704093456,-0.0013947516930834225,-0.003320539021120706,9.057322590276126e-05,False,left_censored,
circular_placebo,20270818,10,qualified,10,1,Pdiag finite,True,,1.4745135363191366,0.022373967854848634,0.01622348720573427,0.000637409842409361,False,left_censored,
circular_placebo,20270818,11,qualified,10,2,Frame-weighted,True,,0.006207080092281103,0.5743620046526501,0.676266036575458,0.41169507508011266,False,right_censored,
circular_placebo,20270818,11,qualified,10,2,Phase scalar GP,True,,0.23544869618490338,0.5743439095426023,0.6762889978086669,0.4116739320568847,False,right_censored,
circular_placebo,20270818,11,qualified,10,2,TP-GMM additive,True,,18.219342670869082,0.0080164618169589,0.010700503711610538,0.0001088174946195578,False,left_censored,
circular_placebo,20270818,11,qualified,10,2,TP-GMM SE(2),True,,18.239018124062568,0.007981823958763715,0.01076812527638456,0.00011523405447816489,False,left_censored,
circular_placebo,20270818,11,qualified,10,2,Generic RBF,True,,0.3491878123022616,0.004633816841022816,-0.0012591089970295064,0.00018299651599363426,False,left_censored,
circular_placebo,20270818,11,qualified,10,2,Full operator,True,,0.0021194498986005783,0.00463235709050004,-0.0012585355555064974,0.00019740793187902176,False,left_censored,
circular_placebo,20270818,11,qualified,10,2,Pdiag pointwise,True,,0.007842566817998886,-0.0009607720281203013,0.006894487807534404,0.00020884479412151033,False,left_censored,
circular_placebo,20270818,11,qualified,10,2,Pdiag finite,True,,1.523940049111843,0.022822968352507193,0.037766567978713056,0.001211170865746614,False,left_censored,
circular_placebo,20270818,12,random,20,0,Frame-weighted,True,,0.00644080201163888,0.46649483083981286,0.5699171179484283,0.2889834555521878,False,right_censored,
circular_placebo,20270818,12,random,20,0,Phase scalar GP,True,,0.2027767118997872,0.4664918050043297,0.5699231583919887,0.28897228856511786,False,right_censored,
circular_placebo,20270818,12,random,20,0,TP-GMM additive,True,,30.76066111586988,0.01353089289812135,0.012214360678781351,0.00020410954978106684,False,left_censored,
circular_placebo,20270818,12,random,20,0,TP-GMM SE(2),True,,29.271173394750804,0.008299473214166565,0.008000123892946019,0.00011886654998803864,False,left_censored,
circular_placebo,20270818,12,random,20,0,Generic RBF,True,,0.41304583568125963,-0.0007077709241940905,0.0026140467777196388,7.618451506606355e-05,False,left_censored,
circular_placebo,20270818,12,random,20,0,Full operator,True,,0.002267198171466589,-0.0007077522641302366,0.0026140356053849854,7.774974064323539e-05,False,left_censored,
circular_placebo,20270818,12,random,20,0,Pdiag pointwise,True,,0.008429824840277433,0.00011560882357326539,0.0031296493861913744,8.093121148105997e-05,False,left_censored,
circular_placebo,20270818,12,random,20,0,Pdiag finite,True,,3.678936750162393,0.02140923934144104,0.03394766053381159,0.000987867800336191,False,left_censored,
circular_placebo,20270818,13,random,20,1,Frame-weighted,True,,0.010603406000882387,0.4760973231829004,0.5480718880491625,0.27584412822292004,False,right_censored,
circular_placebo,20270818,13,random,20,1,Phase scalar GP,True,,0.2181447041220963,0.4761102202719291,0.548066902226096,0.2758180401889599,False,right_censored,
circular_placebo,20270818,13,random,20,1,TP-GMM additive,True,,29.934999751858413,0.007888111132567087,0.02212100901132324,0.0006847357326513436,False,left_censored,
circular_placebo,20270818,13,random,20,1,TP-GMM SE(2),True,,29.898352358024567,0.006226585961648787,0.00912660464559956,8.657056410068434e-05,False,left_censored,
circular_placebo,20270818,13,random,20,1,Generic RBF,True,,0.5078720389865339,0.0012053842891238413,0.004859148037541967,0.00014862805915412966,False,left_censored,
circular_placebo,20270818,13,random,20,1,Full operator,True,,0.002196461893618107,0.0012053688120783105,0.004859099157657351,0.00015118643556650462,False,left_censored,
circular_placebo,20270818,13,random,20,1,Pdiag pointwise,True,,0.008308549877256155,0.00024922246745952037,0.003250367919654634,7.423092380297377e-05,False,left_censored,
circular_placebo,20270818,13,random,20,1,Pdiag finite,True,,2.886135647073388,0.02264895523892856,0.030062134193005293,0.0008236900949256908,False,left_censored,
circular_placebo,20270818,14,random,20,2,Frame-weighted,True,,0.006307738367468119,0.47008940397873905,0.5545652837066976,0.2772935668290821,False,right_censored,
circular_placebo,20270818,14,random,20,2,Phase scalar GP,True,,0.23024725867435336,0.47008763832118255,0.5545691811801052,0.2772872069346695,False,right_censored,
circular_placebo,20270818,14,random,20,2,TP-GMM additive,True,,31.936388676054776,0.012854879968655418,0.012143768056211836,0.00019784878179169687,False,left_censored,
circular_placebo,20270818,14,random,20,2,TP-GMM SE(2),True,,28.30874209711328,0.0016874927051694312,0.0053655791258656995,3.7541088627414305e-05,False,left_censored,
circular_placebo,20270818,14,random,20,2,Generic RBF,True,,1.2324629132635891,0.0005870433915010336,0.0036558098062846466,9.764597119737932e-05,False,left_censored,
circular_placebo,20270818,14,random,20,2,Full operator,True,,0.0022165291011333466,0.0005870275382533152,0.003655790871127282,9.961348867920226e-05,False,left_censored,
circular_placebo,20270818,14,random,20,2,Pdiag pointwise,True,,0.00825050799176097,-6.657961061073763e-05,0.004831760447720842,0.00012452326332487119,False,left_censored,
circular_placebo,20270818,14,random,20,2,Pdiag finite,True,,3.136630891356617,0.021318284565439685,0.031679437443535546,0.0009041954878397691,False,left_censored,
circular_placebo,20270818,15,qualified,20,0,Frame-weighted,True,,0.006320822052657604,0.47807776828148235,0.5931064471669621,0.31353385073613715,False,right_censored,
circular_placebo,20270818,15,qualified,20,0,Phase scalar GP,True,,0.2660211347974837,0.47808513594654733,0.5931029241398831,0.31351396131688153,False,right_censored,
circular_placebo,20270818,15,qualified,20,0,TP-GMM additive,True,,31.99575403286144,0.0035673144269245042,0.00615084086892414,4.505800123905536e-05,False,left_censored,
circular_placebo,20270818,15,qualified,20,0,TP-GMM SE(2),True,,32.006325379014015,0.012221656187068285,0.003647725346178666,0.00011078215046867036,False,left_censored,
circular_placebo,20270818,15,qualified,20,0,Generic RBF,True,,0.9246085151098669,-0.0007110968824197438,0.002445671175656399,7.741169912833162e-05,False,left_censored,
circular_placebo,20270818,15,qualified,20,0,Full operator,True,,0.0021149488165974617,-0.000711088368846156,0.002445656668908273,7.903386876982126e-05,False,left_censored,
circular_placebo,20270818,15,qualified,20,0,Pdiag pointwise,True,,0.007863210048526525,-0.00045511627078275016,0.0027718408714182286,8.564338435567287e-05,False,left_censored,
circular_placebo,20270818,15,qualified,20,0,Pdiag finite,True,,4.543426249641925,0.02477031881541104,0.03594124696822733,0.001129513508356561,False,left_censored,
circular_placebo,20270818,16,qualified,20,1,Frame-weighted,True,,0.00652287108823657,0.4607737542050889,0.5594982920324677,0.2799918451522379,False,right_censored,
circular_placebo,20270818,16,qualified,20,1,Phase scalar GP,True,,0.22893346101045609,0.4607742268528247,0.5594985138273837,0.27998904211044323,False,right_censored,
circular_placebo,20270818,16,qualified,20,1,TP-GMM additive,True,,29.479815979022533,0.009977808465200431,0.003523117152324158,6.510826817218155e-05,False,left_censored,
circular_placebo,20270818,16,qualified,20,1,TP-GMM SE(2),True,,29.933767037000507,0.005548602439249013,0.006005907826462089,4.383111859173114e-05,False,left_censored,
circular_placebo,20270818,16,qualified,20,1,Generic RBF,True,,1.9669054877012968,-0.0006624739389551172,0.005723913504293432,0.00012438991496735284,False,left_censored,
circular_placebo,20270818,16,qualified,20,1,Full operator,True,,0.0021931780502200127,-0.0006624656549695176,0.005723869628841657,0.00012576479479005164,False,left_censored,
circular_placebo,20270818,16,qualified,20,1,Pdiag pointwise,True,,0.008163698948919773,-0.0003937298933746003,0.005063904778980546,9.703635728814084e-05,False,left_censored,
circular_placebo,20270818,16,qualified,20,1,Pdiag finite,True,,5.767826464958489,0.022475198769390557,0.03420294739350233,0.0010024225723139363,False,left_censored,
circular_placebo,20270818,17,qualified,20,2,Frame-weighted,True,,0.006287681870162487,0.47330188871237033,0.551409914318747,0.2770233736746666,False,right_censored,
circular_placebo,20270818,17,qualified,20,2,Phase scalar GP,True,,0.2828588029369712,0.47330418442902,0.5514115594046409,0.27701163098420967,False,right_censored,
circular_placebo,20270818,17,qualified,20,2,TP-GMM additive,True,,33.35836362000555,0.00877261865428409,0.002557006388120387,5.807759276025763e-05,False,left_censored,
circular_placebo,20270818,17,qualified,20,2,TP-GMM SE(2),True,,31.535146874841303,0.007611343473283476,0.0026044593963871574,4.482646781364071e-05,False,left_censored,
circular_placebo,20270818,17,qualified,20,2,Generic RBF,True,,1.1583791291341186,-0.0001658796251010869,0.0016034719588308422,4.209556393557864e-05,False,left_censored,
circular_placebo,20270818,17,qualified,20,2,Full operator,True,,0.0021309927105903625,-0.0001658720914157067,0.0016034714464263165,4.345246831652562e-05,False,left_censored,
circular_placebo,20270818,17,qualified,20,2,Pdiag pointwise,True,,0.007903072983026505,0.0003426636973006831,0.0026672040929422293,7.249563129309488e-05,False,left_censored,
circular_placebo,20270818,17,qualified,20,2,Pdiag finite,True,,3.7428651596419513,0.02206464235383868,0.033691384238095326,0.0009692111274361381,False,left_censored,
circular_placebo,20280818,0,random,5,0,Frame-weighted,True,,0.009584424085915089,0.4212349719221195,0.5898256708044162,0.30075464481708886,False,right_censored,
circular_placebo,20280818,0,random,5,0,Phase scalar GP,True,,0.8131503700278699,0.4212393231354055,0.5898227010725237,0.3007437897657586,False,right_censored,
circular_placebo,20280818,0,random,5,0,TP-GMM additive,True,,17.571811340749264,0.0479575197845092,0.07433697023505323,0.004352829001701423,False,left_censored,
circular_placebo,20280818,0,random,5,0,TP-GMM SE(2),True,,13.376725334208459,0.0030351437857372688,0.0013412341036569415,3.425350873341502e-05,False,left_censored,
circular_placebo,20280818,0,random,5,0,Generic RBF,True,,0.6708733648993075,0.01420087209941092,-0.0004409487360124239,0.0003223475638974752,False,left_censored,
circular_placebo,20280818,0,random,5,0,Full operator,True,,0.0021783080883324146,0.014245051401203303,-0.00044447663000028443,0.0003400959997631932,False,left_censored,
circular_placebo,20280818,0,random,5,0,Pdiag pointwise,True,,0.008216483984142542,0.002173193956847876,0.0021508281497641148,3.6532124750649876e-05,False,left_censored,
circular_placebo,20280818,0,random,5,0,Pdiag finite,True,,2.110757534392178,0.040860173938520476,0.03428298544725682,0.0029928314034545437,False,left_censored,
circular_placebo,20280818,1,random,5,1,Frame-weighted,True,,0.009764845948666334,0.6711947251869123,0.6923282640511753,0.4825854205645054,False,right_censored,
circular_placebo,20280818,1,random,5,1,Phase scalar GP,True,,0.47184123331680894,0.6711992904553175,0.6923249577170671,0.48257817749605125,False,right_censored,
circular_placebo,20280818,1,random,5,1,TP-GMM additive,True,,14.021121381781995,0.0023579272695071845,0.002237058414750668,4.6266053169705916e-05,False,left_censored,
circular_placebo,20280818,1,random,5,1,TP-GMM SE(2),True,,12.179861393757164,0.004294722713588628,0.0022213234480430053,6.259076090740042e-05,False,left_censored,
circular_placebo,20280818,1,random,5,1,Generic RBF,True,,0.36468660831451416,0.0006141386508321578,0.0021360078258306466,0.000167943730607018,False,left_censored,
circular_placebo,20280818,1,random,5,1,Full operator,True,,0.00207049073651433,0.0006135205267835014,0.0021363518984758925,0.00018899195411448054,False,left_censored,
circular_placebo,20280818,1,random,5,1,Pdiag pointwise,True,,0.007690544705837965,-0.0020246422162454717,0.0035847843632775826,0.00029650055396033783,False,left_censored,
circular_placebo,20280818,1,random,5,1,Pdiag finite,True,,2.112812001258135,0.02626335333978697,0.030024778145402192,0.0010618839657325102,False,left_censored,
circular_placebo,20280818,2,random,5,2,Frame-weighted,True,,0.006110236048698425,0.3621378559037094,0.5578912275565453,0.2879253424856771,False,right_censored,
circular_placebo,20280818,2,random,5,2,Phase scalar GP,True,,0.21832340816035867,0.3621512864153204,0.5578807452030262,0.2878847768753121,False,right_censored,
circular_placebo,20280818,2,random,5,2,TP-GMM additive,True,,13.652476461138576,0.010627767586874799,0.0012881464705585155,0.00012495502045963886,False,left_censored,
circular_placebo,20280818,2,random,5,2,TP-GMM SE(2),True,,12.218351510353386,0.01059543935371952,0.0012067691910697745,0.0001173554398294373,False,left_censored,
circular_placebo,20280818,2,random,5,2,Generic RBF,True,,0.3954365109093487,0.002592319201574986,-0.004635611016024411,8.317133600836529e-05,False,left_censored,
circular_placebo,20280818,2,random,5,2,Full operator,True,,0.002247720956802368,0.0026079484747444782,-0.004641170954352211,9.908247347809393e-05,False,left_censored,
circular_placebo,20280818,2,random,5,2,Pdiag pointwise,True,,0.008319229818880558,0.004596020735459107,-0.0023826326775822308,0.00022254290315784002,False,left_censored,
circular_placebo,20280818,2,random,5,2,Pdiag finite,True,,3.131337338592857,0.05655100403405466,0.015715120996311976,0.008456185389607952,False,left_censored,
circular_placebo,20280818,3,qualified,5,0,Frame-weighted,True,,0.006104581989347935,0.5441385014754416,0.6036973350421253,0.344925186666039,False,right_censored,
circular_placebo,20280818,3,qualified,5,0,Phase scalar GP,True,,0.24838970601558685,0.5443752615443468,0.6034974629102201,0.3445767026045272,False,right_censored,
circular_placebo,20280818,3,qualified,5,0,TP-GMM additive,True,,14.952577190939337,0.008624762155872,0.003044911109029129,0.00011349608206718379,False,left_censored,
circular_placebo,20280818,3,qualified,5,0,TP-GMM SE(2),True,,12.410825541242957,0.009098814686021747,0.0032942031764891157,0.00013289136204384423,False,left_censored,
circular_placebo,20280818,3,qualified,5,0,Generic RBF,True,,0.44178732903674245,0.01103728464875657,-0.005401279502868803,0.00030630469103299745,False,left_censored,
circular_placebo,20280818,3,qualified,5,0,Full operator,True,,0.00216117687523365,0.011870543664716498,-0.00561283074772806,0.0007413266841713407,False,left_censored,
circular_placebo,20280818,3,qualified,5,0,Pdiag pointwise,True,,0.008060972206294537,0.00816026552771617,-0.00018827250617932292,0.00020405775788344947,False,left_censored,
circular_placebo,20280818,3,qualified,5,0,Pdiag finite,True,,2.951645066961646,0.00735401563255508,0.008539403918094312,0.00010570597608156275,False,left_censored,
circular_placebo,20280818,4,qualified,5,1,Frame-weighted,True,,0.006395871751010418,0.5540731462415179,0.48564797229950146,0.30357740161296765,False,left_censored,
circular_placebo,20280818,4,qualified,5,1,Phase scalar GP,True,,0.3077847049571574,0.5540664757765166,0.48565532036973313,0.3035656314557343,False,left_censored,
circular_placebo,20280818,4,qualified,5,1,TP-GMM additive,True,,16.279302068986,0.005356603471188561,0.001718703120719697,3.4142742760211524e-05,False,left_censored,
circular_placebo,20280818,4,qualified,5,1,TP-GMM SE(2),True,,14.808604434132576,0.0038154741134711284,0.0017239982487659883,3.753213139034335e-05,False,left_censored,
circular_placebo,20280818,4,qualified,5,1,Generic RBF,True,,0.3707132670097053,0.0005374169035515265,0.001170109645936255,3.003306279336481e-05,False,left_censored,
circular_placebo,20280818,4,qualified,5,1,Full operator,True,,0.0021667499095201492,0.0005559706240977795,0.0011714250218017163,3.2018781894023334e-05,False,left_censored,
circular_placebo,20280818,4,qualified,5,1,Pdiag pointwise,True,,0.007807686924934387,-0.0010945885776159512,0.000837888992687115,2.196078213098694e-05,False,left_censored,
circular_placebo,20280818,4,qualified,5,1,Pdiag finite,True,,2.5076411650516093,0.013929496690614556,0.01792918211209992,0.00029762721164689816,False,left_censored,
circular_placebo,20280818,5,qualified,5,2,Frame-weighted,True,,0.008312284015119076,0.4849720516242305,0.570934180225153,0.2979803403738922,False,right_censored,
circular_placebo,20280818,5,qualified,5,2,Phase scalar GP,True,,0.25776737183332443,0.4850537354598462,0.5708627997546953,0.29792738331229063,False,right_censored,
circular_placebo,20280818,5,qualified,5,2,TP-GMM additive,True,,14.643484291154891,0.02464788273001671,0.003060566593368504,0.00046569360623709274,False,left_censored,
circular_placebo,20280818,5,qualified,5,2,TP-GMM SE(2),True,,13.549119115807116,0.01470485785128352,0.00365058168393459,0.00027004408755613237,False,left_censored,
circular_placebo,20280818,5,qualified,5,2,Generic RBF,True,,0.25967981200665236,0.01604881866306837,-0.023207931417804063,0.001147634777624929,False,left_censored,
circular_placebo,20280818,5,qualified,5,2,Full operator,True,,0.002176361158490181,0.017865311080693762,-0.024650255525853634,0.00212465712997019,False,left_censored,
circular_placebo,20280818,5,qualified,5,2,Pdiag pointwise,True,,0.008110173977911472,0.014021441839284363,-0.005054177389711272,0.0005719457133593316,False,left_censored,
circular_placebo,20280818,5,qualified,5,2,Pdiag finite,True,,1.087118353229016,0.011023023381524317,1.803552467146144e-05,0.0004179928242029323,False,left_censored,
circular_placebo,20280818,6,random,10,0,Frame-weighted,True,,0.006152932997792959,0.4676412560811979,0.47648352556327167,0.2315776304130666,False,left_censored,
circular_placebo,20280818,6,random,10,0,Phase scalar GP,True,,0.21821131324395537,0.46763597792187356,0.47649163357846525,0.23156744144061758,False,left_censored,
circular_placebo,20280818,6,random,10,0,TP-GMM additive,True,,18.207792486064136,0.008299254581635836,0.0015698172839846037,6.148067076571642e-05,False,left_censored,
circular_placebo,20280818,6,random,10,0,TP-GMM SE(2),True,,18.73832647688687,0.008275079174492083,0.0015725317291824426,6.951987488446176e-05,False,left_censored,
circular_placebo,20280818,6,random,10,0,Generic RBF,True,,0.4065886726602912,0.00035093465795710835,-0.0033769480439156496,2.3568218264739645e-05,False,left_censored,
circular_placebo,20280818,6,random,10,0,Full operator,True,,0.0021914090029895306,0.0003528482998113653,-0.0033772416247746595,2.780656379303121e-05,False,left_censored,
circular_placebo,20280818,6,random,10,0,Pdiag pointwise,True,,0.008053791243582964,-0.002353457176905801,-0.0022352358081788896,1.9694264677467028e-05,False,left_censored,
circular_placebo,20280818,6,random,10,0,Pdiag finite,True,,3.2540523624047637,0.01083372706723582,0.014555413583132535,0.00019469975413826987,False,left_censored,
circular_placebo,20280818,7,random,10,1,Frame-weighted,True,,0.006413971073925495,0.41467450452826754,0.5060126013368782,0.22688333210631634,True,detected,0.5252343186118006
circular_placebo,20280818,7,random,10,1,Phase scalar GP,True,,0.2248672558926046,0.41467931106711226,0.5060089837625023,0.2268795823158844,True,detected,0.5094090466488094
circular_placebo,20280818,7,random,10,1,TP-GMM additive,True,,17.392667073756456,0.005777205693861602,0.005091301546634786,3.673878419734202e-05,False,left_censored,
circular_placebo,20280818,7,random,10,1,TP-GMM SE(2),True,,17.547259164974093,0.005032158914260564,0.001267646109615896,5.728854438989705e-05,False,left_censored,
circular_placebo,20280818,7,random,10,1,Generic RBF,True,,0.8255710760131478,-0.0006949430142621336,-0.0012467207764375896,1.6267458915676407e-05,False,left_censored,
circular_placebo,20280818,7,random,10,1,Full operator,True,,0.002198985777795315,-0.0006949180015776914,-0.0012466621051974327,1.8322172759408804e-05,False,left_censored,
circular_placebo,20280818,7,random,10,1,Pdiag pointwise,True,,0.007956300862133503,-0.0006247026319303208,-0.00013335972303303527,2.1923452893399727e-05,False,left_censored,
circular_placebo,20280818,7,random,10,1,Pdiag finite,True,,1.9606946050189435,0.021956182888094228,0.027407012962232056,0.0007091452394956587,False,left_censored,
circular_placebo,20280818,8,random,10,2,Frame-weighted,True,,0.00588252954185009,0.5403466077578781,0.5759914874538169,0.32262238716029834,False,right_censored,
circular_placebo,20280818,8,random,10,2,Phase scalar GP,True,,0.17905658017843962,0.540350736650041,0.5759914259679297,0.32260552404556686,False,right_censored,
circular_placebo,20280818,8,random,10,2,TP-GMM additive,True,,17.85223728697747,0.0038571182218549594,0.001708683064868072,2.9687316539021044e-05,False,left_censored,
circular_placebo,20280818,8,random,10,2,TP-GMM SE(2),True,,18.910968066193163,0.005702798502735224,0.0017454838486858268,4.239008564066427e-05,False,left_censored,
circular_placebo,20280818,8,random,10,2,Generic RBF,True,,0.4017016771249473,-0.0031309739741350296,-0.00029363129111472687,0.0001242985101931239,False,left_censored,
circular_placebo,20280818,8,random,10,2,Full operator,True,,0.002206487115472555,-0.003132352384407353,-0.00029368528571460005,0.00013337157265323193,False,left_censored,
circular_placebo,20280818,8,random,10,2,Pdiag pointwise,True,,0.008219354320317507,-0.0007428176555060221,0.00015498254946361639,2.661543102598611e-05,False,left_censored,
circular_placebo,20280818,8,random,10,2,Pdiag finite,True,,3.0703172679059207,0.0219534944658121,0.029123854444424942,0.0007403225812026004,False,left_censored,
circular_placebo,20280818,9,qualified,10,0,Frame-weighted,True,,0.006555297877639532,0.4122985433078631,0.5643073372651137,0.28086551355256395,False,right_censored,
circular_placebo,20280818,9,qualified,10,0,Phase scalar GP,True,,0.22669740114361048,0.4122966380421921,0.5643108887070385,0.2808537593393202,False,right_censored,
circular_placebo,20280818,9,qualified,10,0,TP-GMM additive,True,,19.710126875899732,0.00528673087060179,0.0014399491022889588,3.0242478565825114e-05,False,left_censored,
circular_placebo,20280818,9,qualified,10,0,TP-GMM SE(2),True,,18.396017771679908,0.004690028320555905,0.001439946286649157,3.974355733282256e-05,False,left_censored,
circular_placebo,20280818,9,qualified,10,0,Generic RBF,True,,0.25161172915250063,0.0003706255400723697,-0.002784716994892249,4.698350013404043e-05,False,left_censored,
circular_placebo,20280818,9,qualified,10,0,Full operator,True,,0.0021067308261990547,0.0003706329984581943,-0.002784974667135402,5.5657010732309165e-05,False,left_censored,
circular_placebo,20280818,9,qualified,10,0,Pdiag pointwise,True,,0.007787417154759169,0.0015034288854960166,-0.0017867341599503586,3.822521152953117e-05,False,left_censored,
circular_placebo,20280818,9,qualified,10,0,Pdiag finite,True,,2.1418349877931178,0.02488140622191126,0.025547662528748467,0.0007144544541523366,False,left_censored,
circular_placebo,20280818,10,qualified,10,1,Frame-weighted,True,,0.006368751171976328,0.4571389729617337,0.5613014438608996,0.2856910750241219,False,right_censored,
circular_placebo,20280818,10,qualified,10,1,Phase scalar GP,True,,0.17050779005512595,0.45717604109544235,0.5612667203977701,0.2856800193934509,False,right_censored,
circular_placebo,20280818,10,qualified,10,1,TP-GMM additive,True,,17.90860631596297,0.009298701703260514,0.0022111331243261233,8.854685978366846e-05,False,left_censored,
circular_placebo,20280818,10,qualified,10,1,TP-GMM SE(2),True,,19.695089721120894,0.02965838425418364,0.035366304016452264,0.0011254835848634596,False,left_censored,
circular_placebo,20280818,10,qualified,10,1,Generic RBF,True,,0.2152667110785842,0.009980022477565942,-0.001403521719098361,0.00014202018237625968,False,left_censored,
circular_placebo,20280818,10,qualified,10,1,Full operator,True,,0.0021103261969983578,0.00997979988253709,-0.0014034931348364669,0.00014750167394159277,False,left_censored,
circular_placebo,20280818,10,qualified,10,1,Pdiag pointwise,True,,0.007909121923148632,0.010205349803289566,-0.0014135837521194682,0.00016031616969747946,False,left_censored,
circular_placebo,20280818,10,qualified,10,1,Pdiag finite,True,,3.4111756100319326,0.028502066217993692,0.017256761508583778,0.0015813844247343977,False,left_censored,
circular_placebo,20280818,11,qualified,10,2,Frame-weighted,True,,0.006371153984218836,0.5777889499073633,0.6593758294127767,0.4002744110780061,False,right_censored,
circular_placebo,20280818,11,qualified,10,2,Phase scalar GP,True,,0.23962169513106346,0.577785912058447,0.659381198423256,0.4002666956698491,False,right_censored,
circular_placebo,20280818,11,qualified,10,2,TP-GMM additive,True,,20.232158435042948,0.01841604184850904,0.02709309331990016,0.0005856023314105438,False,left_censored,
circular_placebo,20280818,11,qualified,10,2,TP-GMM SE(2),True,,18.234271009918302,0.004340143302651348,0.0018216493247485452,5.778906927881092e-05,False,left_censored,
circular_placebo,20280818,11,qualified,10,2,Generic RBF,True,,0.4550665677525103,-0.001076868748843929,0.00785498985551954,0.00032276764839232893,False,left_censored,
circular_placebo,20280818,11,qualified,10,2,Full operator,True,,0.002195166889578104,-0.0010511619579832148,0.007861769847972619,0.00035476798066632004,False,left_censored,
circular_placebo,20280818,11,qualified,10,2,Pdiag pointwise,True,,0.008215293288230896,0.00016845458830264248,0.0016130987476510135,3.273445208012635e-05,False,left_censored,
circular_placebo,20280818,11,qualified,10,2,Pdiag finite,True,,4.268364739604294,0.028316537326899715,0.03386449990711289,0.001047642288820258,False,left_censored,
circular_placebo,20280818,12,random,20,0,Frame-weighted,True,,0.006476385053247213,0.4823718333749021,0.5619457250441972,0.2875497199622155,False,right_censored,
circular_placebo,20280818,12,random,20,0,Phase scalar GP,True,,0.18492775689810514,0.4823704458090388,0.5619493577611189,0.287542042747483,False,right_censored,
circular_placebo,20280818,12,random,20,0,TP-GMM additive,True,,29.2191279027611,0.007162212311217771,0.001547581643410707,5.193896731915264e-05,False,left_censored,
circular_placebo,20280818,12,random,20,0,TP-GMM SE(2),True,,33.990798629354686,0.009154831681155348,0.0015022545411679234,0.00011256268861307765,False,left_censored,
circular_placebo,20280818,12,random,20,0,Generic RBF,True,,0.39403333328664303,-0.0013402765116370733,-0.0011416355663374646,7.161963181191532e-06,False,left_censored,
circular_placebo,20280818,12,random,20,0,Full operator,True,,0.0021881968714296818,-0.0013402705724644937,-0.001141623342057476,7.935065917697703e-06,False,left_censored,
circular_placebo,20280818,12,random,20,0,Pdiag pointwise,True,,0.008022868074476719,-0.001537824995423278,-0.0008735045438426804,1.1405558768329644e-05,False,left_censored,
circular_placebo,20280818,12,random,20,0,Pdiag finite,True,,4.207529150880873,0.02607527630126795,0.029790268753503817,0.0008351580655087625,False,left_censored,
circular_placebo,20280818,13,random,20,1,Frame-weighted,True,,0.006190646905452013,0.43967312820739596,0.5383471578125064,0.2616922151482579,False,right_censored,
circular_placebo,20280818,13,random,20,1,Phase scalar GP,True,,0.2474704049527645,0.43967408271131925,0.5383476027256825,0.26168666939388757,False,right_censored,
circular_placebo,20280818,13,random,20,1,TP-GMM additive,True,,28.5212588920258,0.006855216645197009,0.0014156667483502347,4.722304415428697e-05,False,left_censored,
circular_placebo,20280818,13,random,20,1,TP-GMM SE(2),True,,29.169678553938866,0.00609371699522812,0.001428732112035171,4.769357968533511e-05,False,left_censored,
circular_placebo,20280818,13,random,20,1,Generic RBF,True,,0.4784981980919838,0.003697566608715908,-0.001083045495105825,4.244699559025823e-05,False,left_censored,
circular_placebo,20280818,13,random,20,1,Full operator,True,,0.0021243258379399776,0.0036975303956687786,-0.0010830366059112115,4.3041766802501266e-05,False,left_censored,
circular_placebo,20280818,13,random,20,1,Pdiag pointwise,True,,0.007910333573818207,0.002565981249988019,-0.0009524918242691238,3.156735431453991e-05,False,left_censored,
circular_placebo,20280818,13,random,20,1,Pdiag finite,True,,3.6451767650432885,0.03331007232397153,0.026127095049430418,0.0018203233654873197,False,left_censored,
circular_placebo,20280818,14,random,20,2,Frame-weighted,True,,0.005055482033640146,0.45552092978177555,0.5479275396202443,0.26974622802710957,False,right_censored,
circular_placebo,20280818,14,random,20,2,Phase scalar GP,True,,0.27448139898478985,0.45550217993188835,0.5479471996768117,0.26974307283856264,False,right_censored,
circular_placebo,20280818,14,random,20,2,TP-GMM additive,True,,29.524414365179837,0.00811887962518495,0.0015477532236003,6.460259128807401e-05,False,left_censored,
circular_placebo,20280818,14,random,20,2,TP-GMM SE(2),True,,30.898651443887502,0.00731489464620741,0.0015593502389210701,7.036722238300124e-05,False,left_censored,
circular_placebo,20280818,14,random,20,2,Generic RBF,True,,0.3783612581901252,0.002443233027269868,-0.0005119581011698477,3.0972972508210844e-05,False,left_censored,
circular_placebo,20280818,14,random,20,2,Full operator,True,,0.002124092075973749,0.0024432210181767485,-0.0005119523028731605,3.122936811268294e-05,False,left_censored,
circular_placebo,20280818,14,random,20,2,Pdiag pointwise,True,,0.007910481188446283,0.002944973680809771,-0.0003458967053570952,3.81753595185282e-05,False,left_censored,
circular_placebo,20280818,14,random,20,2,Pdiag finite,True,,3.075052567757666,0.025665711749734116,0.02695657027795298,0.0007703216732872523,False,left_censored,
circular_placebo,20280818,15,qualified,20,0,Frame-weighted,True,,0.006254490930587053,0.5043606263257484,0.5928912663221647,0.31858175199061983,False,right_censored,
circular_placebo,20280818,15,qualified,20,0,Phase scalar GP,True,,0.23953049583360553,0.5043563401374273,0.5928987656518775,0.318570893816001,False,right_censored,
circular_placebo,20280818,15,qualified,20,0,TP-GMM additive,True,,29.032009174115956,0.005234345910563094,0.0015600450179358754,3.161928082307094e-05,False,left_censored,
circular_placebo,20280818,15,qualified,20,0,TP-GMM SE(2),True,,33.04275288293138,0.0044183637745211024,0.0015035203279444747,3.053313562915742e-05,False,left_censored,
circular_placebo,20280818,15,qualified,20,0,Generic RBF,True,,0.4122752482071519,0.0007790739037418019,0.000837612965121827,1.4191367981271409e-05,False,left_censored,
circular_placebo,20280818,15,qualified,20,0,Full operator,True,,0.0021968712098896503,0.000779070842580287,0.0008376081332557418,1.5031941279670157e-05,False,left_censored,
circular_placebo,20280818,15,qualified,20,0,Pdiag pointwise,True,,0.008038409054279327,0.0010336757376050907,0.0009464868685102942,1.892590737593258e-05,False,left_censored,
circular_placebo,20280818,15,qualified,20,0,Pdiag finite,True,,3.4510625558905303,0.024143828574068982,0.03252260973704371,0.0008837798677009048,False,left_censored,
circular_placebo,20280818,16,qualified,20,1,Frame-weighted,True,,0.006275874096900225,0.44277328328974297,0.5509068588798379,0.27041720758878207,False,right_censored,
circular_placebo,20280818,16,qualified,20,1,Phase scalar GP,True,,0.26684320624917746,0.4427735521539225,0.5509073891088857,0.27041381741786585,False,right_censored,
circular_placebo,20280818,16,qualified,20,1,TP-GMM additive,True,,32.83970696106553,0.007605632180640836,0.0014321263244500874,5.5247755454535484e-05,False,left_censored,
circular_placebo,20280818,16,qualified,20,1,TP-GMM SE(2),True,,32.58765309583396,0.007126922536700212,0.0014445295290693252,5.545546653092908e-05,False,left_censored,
circular_placebo,20280818,16,qualified,20,1,Generic RBF,True,,0.41840264294296503,0.0020719515602245246,-0.0009723096298139289,2.4685016443070357e-05,False,left_censored,
circular_placebo,20280818,16,qualified,20,1,Full operator,True,,0.002100930083543062,0.0020719352664567746,-0.0009723030892170987,2.5371085465117505e-05,False,left_censored,
circular_placebo,20280818,16,qualified,20,1,Pdiag pointwise,True,,0.0078178271651268,0.0018227558445407708,-0.0009802883600153653,2.4590134417456908e-05,False,left_censored,
circular_placebo,20280818,16,qualified,20,1,Pdiag finite,True,,3.3811970809474587,0.027973542737370093,0.02990526390190855,0.0009527001599922024,False,left_censored,
circular_placebo,20280818,17,qualified,20,2,Frame-weighted,True,,0.00627167196944356,0.45573205647565507,0.5474949434736051,0.26938183174691477,False,right_censored,
circular_placebo,20280818,17,qualified,20,2,Phase scalar GP,True,,0.26017017289996147,0.45571711762127637,0.5475120501800155,0.2693742899079723,False,right_censored,
circular_placebo,20280818,17,qualified,20,2,TP-GMM additive,True,,29.344414283987135,0.007353225753524924,0.0015062834509902811,5.3894164895923104e-05,False,left_censored,
circular_placebo,20280818,17,qualified,20,2,TP-GMM SE(2),True,,31.868390906136483,0.009048563538044153,0.0015594216813285644,0.00012559352479099594,False,left_censored,
circular_placebo,20280818,17,qualified,20,2,Generic RBF,True,,0.5274685369804502,-5.4507985843423834e-05,-0.0002754244019276215,9.439245551863526e-06,False,left_censored,
circular_placebo,20280818,17,qualified,20,2,Full operator,True,,0.0022769980132579803,-5.4504057682332135e-05,-0.0002754213860274472,1.0184469910108164e-05,False,left_censored,
circular_placebo,20280818,17,qualified,20,2,Pdiag pointwise,True,,0.008326733019202948,0.00023705042699564,-0.00015049735691064696,1.2832886074716723e-05,False,left_censored,
circular_placebo,20280818,17,qualified,20,2,Pdiag finite,True,,3.5024818130768836,0.026156694898307922,0.029552977497982455,0.0008909521491018623,False,left_censored,
