frame_index,time_s,stage,contact_state,tcp_x_m,tcp_y_m,tcp_z_m,speed_m_s,angular_speed_deg_s,gripper_state,aux_action_tail_norm,aux_action_tail_robust_z,reference_distance_m,reference_axis_error_deg,axial_distance_proxy_m,lateral_distance_proxy_m,axial_velocity_m_s,lateral_speed_m_s
0,0.0,approach,unknown_no_ground_truth,0.4965656265618819,-0.0990723147783093,0.3806958710588561,0.0011717409308293725,0.06727692205718207,0.87330014,1.3644971,-5.980626,0.31072701352727367,9.700366534303948,0.257411170735043,0.174042426196583,-0.0004299045028056054,0.0010900270306044475
1,0.033333335,approach,unknown_no_ground_truth,0.4965409769988499,-0.09909848427402135,0.3806806038887388,0.002236777824797767,0.06727692205718207,0.87330014,1.4010777,-5.8114505,0.310734272488205,9.699077332349505,0.2573968405842021,0.17407657670130378,-0.0010255272716834238,0.0019878301870483264
2,0.06666667,approach,unknown_no_ground_truth,0.496432627953826,-0.09910756301306808,0.380638379594019,0.004806174986064755,0.15818877249107824,0.87330014,1.4661394,-5.510557,0.31071649661295003,9.695763135791314,0.2573428022459173,0.17412473517465601,-0.0022169952149668887,0.0042642994985681365
3,0.1,approach,unknown_no_ground_truth,0.49624057942681,-0.0990995509954495,0.3805691981746966,0.007458781131741972,0.8845235342795742,0.87330014,1.477594,-5.457583,0.3106737786691764,9.676088587463797,0.2572490557201884,0.17418702616341952,-0.0034080046669121363,0.0066346755882661776
4,0.13333334,approach,unknown_no_ground_truth,0.49596483141780145,-0.09907444822116541,0.38047305963077116,0.011701098494264693,2.2897842093449956,0.87330014,1.4863955,-5.4168787,0.3106062829557796,9.625710432094142,0.2571156010070151,0.17426368161612804,-0.005444584617067777,0.010357229567798158
5,0.16666667,approach,unknown_no_ground_truth,0.4955103229758819,-0.09901925159332725,0.3803069197880198,0.015045699757371401,2.2897842093449956,0.87330014,1.4773546,-5.45869,0.31048083609336746,9.54506972849823,0.25688608429615034,0.17437858032518683,-0.00696277209789249,0.013337649189485216
6,0.2,approach,unknown_no_ground_truth,0.4950262059581316,-0.09895224253761153,0.38014117019070304,0.014425507331315085,2.2897842093449956,0.87330014,1.4957685,-5.3735304,0.31035117440198734,9.426148850284848,0.256651416200489,0.174493272119518,-0.006344087770066505,0.01295560929217603
7,0.23333333,approach,unknown_no_ground_truth,0.4946033400295696,-0.09889160626946938,0.38001373650666437,0.011264614307765016,2.2897842093449956,0.87330014,1.5943017,-4.917841,0.31025034821700037,9.343940654724964,0.2564631451114793,0.1745907608331503,-0.004469485917612247,0.010339982163184332
8,0.26666668,approach,unknown_no_ground_truth,0.4943082136459256,-0.09884847477513412,0.3799470432160363,0.006753556250727494,1.3766102381949892,0.87330014,1.5915576,-4.9305315,0.3101966588943711,9.315474548727678,0.2563534486594473,0.1746564529287107,-0.0019783150417197214,0.006457305291485443
9,0.3,approach,unknown_no_ground_truth,0.4941622307740302,-0.09883203312650299,0.3799460220041663,0.002593726455584507,0.12508111127316623,0.87330014,1.588364,-4.945301,0.3101975861249855,9.313147274602619,0.25633125916883287,0.17469066377654077,0.0003514356116867126,0.0025698073735666172
10,0.33333334,approach,unknown_no_ground_truth,0.4941421853759538,-0.09883817316942645,0.37999424619553984,0.0015039962532317696,0.11645660001693092,0.87330014,1.6343672,-4.7325487,0.31023978238720473,9.31194305041338,0.2563768777002264,0.1746986524170788,0.0014796342732036234,0.00026960554018117997
11,0.36666667,approach,unknown_no_ground_truth,0.4941571150667151,-0.09884609883578158,0.3800451650307266,0.0012671695895010299,0.10239168525304686,0.87330014,1.6668736,-4.5822153,0.3102822103328068,9.310858821967894,0.25642990145371314,0.17469618109578444,0.0012584650721436926,0.0001482714765239055
12,0.4,approach,unknown_no_ground_truth,0.49416211881899985,-0.09885378453294351,0.38007484068069686,0.0007583054483234175,0.10239168525304686,0.873315,1.6740007,-4.549254,0.31030923792400483,9.311287341001329,0.2564607753717027,0.1746988661575161,0.0006747399795855928,0.00034605362721088943
13,0.43333334,approach,unknown_no_ground_truth,0.4941541825477533,-0.09887392376470538,0.3800872702548477,0.0008130029234280509,0.10239168525304686,0.873315,1.6684718,-4.574824,0.31033236373613915,9.311238725956185,0.2564748841190188,0.1747192313347195,0.00034207688000129793,0.0007375345155795318
14,0.46666667,approach,unknown_no_ground_truth,0.49414141225362673,-0.09890009788966159,0.3800939187378996,0.0010409904886722868,0.10239168525304686,0.873315,1.6596864,-4.6154537,0.3103554289604115,9.311005982165575,0.25648358049703607,0.1747474326581694,0.0005012284471025562,0.0009123766992428764
15,0.5,approach,unknown_no_ground_truth,0.49413049963298783,-0.098932630120828,0.3801157123941472,0.0015892846271838292,0.23581662602943898,0.873315,1.7018312,-4.4205456,0.31039392432351637,9.31048090724833,0.2565082993488257,0.1747795200305976,0.0011134506423851806,0.0011340428974138817
16,0.53333336,approach,unknown_no_ground_truth,0.49411985300316974,-0.09897956693310705,0.3801605711718894,0.002850744592863174,0.3230944537979541,0.873315,1.7483828,-4.205257,0.3104591922571784,9.311012565418082,0.2565577783378958,0.17482281439017852,0.0023738943491121685,0.001578407537042299
17,0.56666666,approach,unknown_no_ground_truth,0.49412447539062887,-0.09905692034853356,0.3802593664940212,0.004597818432973694,0.34060628443639174,0.873315,1.7683486,-4.1129203,0.31058370648391975,9.316502572886105,0.2566665660239668,0.17488428350985202,0.004120128668899334,0.002040704313296389
18,0.6,approach,unknown_no_ground_truth,0.49415246013830183,-0.09915422923538954,0.3804103332320828,0.006983139391568867,0.674739813283754,0.873315,1.7832439,-4.0440335,0.3107586749909748,9.32698564753765,0.2568324464974229,0.17495156046258836,0.006460573964162967,0.0026505131230877576
19,0.6333333,approach,unknown_no_ground_truth,0.4942528293279811,-0.09927729593730536,0.38064884951292005,0.010051498242371911,0.86966462029442,0.873315,1.7980957,-3.9753478,0.31101053207991425,9.339765056811041,0.2570972779232513,0.1750101161335705,0.009190623587339741,0.004070019040771191
20,0.6666667,approach,unknown_no_ground_truth,0.4944290311276781,-0.09942188027551997,0.38095887093474945,0.012889226354850106,1.520012547896166,0.873315,1.9472512,-3.2855434,0.3113242024012986,9.366395132147028,0.25744514766936316,0.1750564335930118,0.011542261682465842,0.005736580103166291
21,0.7,approach,unknown_no_ground_truth,0.49467792171932223,-0.09957655947546423,0.3813330413527489,0.015082453177956128,1.7144805803188596,0.873315,1.8322339,-3.8174677,0.31168716563534304,9.401046640617762,0.2578667690368156,0.17508174847284166,0.013465713760120429,0.006793743209434856
22,0.73333335,approach,unknown_no_ground_truth,0.49496549551795926,-0.09970109956701054,0.3817621439472374,0.017212999829893133,2.062577936432928,0.873315,1.7986419,-3.9728217,0.31206944401779957,9.464121027701605,0.25834285477160385,0.17506086735200574,0.015532815305000447,0.0074174801546512325
23,0.76666665,approach,unknown_no_ground_truth,0.49528938772226866,-0.0998269573681518,0.382271265331253,0.01904860432561436,2.155290009215511,0.873315,1.7847375,-4.037126,0.31251081758482235,9.510797181819619,0.2589022970388048,0.17502174635045956,0.017330315246525528,0.007906294973618114
24,0.8,approach,unknown_no_ground_truth,0.4956221953047625,-0.0999827165892595,0.3828119424469303,0.020004892423366463,2.224274791049076,0.873315,1.772078,-4.0956726,0.31299534631230763,9.560118481335516,0.2594982019080518,0.17500505712592815,0.01775112475240953,0.009224602478961287
25,0.8333333,approach,unknown_no_ground_truth,0.49600478636834344,-0.10022249708118945,0.38332503273706287,0.020528207182871776,2.831984304274524,0.873315,1.680081,-4.5211344,0.3135098303858971,9.605429658196275,0.2600857125095837,0.17505380857603794,0.01661331700274461,0.012058399077374464
26,0.8666667,approach,unknown_no_ground_truth,0.49644252657319243,-0.10054996350544407,0.38374905635507606,0.02190513660222322,2.224274791049076,0.873315,1.4818482,-5.437908,0.3140095771043191,9.674879977403938,0.2606057489607825,0.17517607748155264,0.01322827952346736,0.01745988632297111
27,0.9,approach,unknown_no_ground_truth,0.49706873020519693,-0.10098638577047131,0.38397088405108765,0.0255601292502598,2.831984304274524,0.873315,1.3635587,-5.9849663,0.3144126052828524,9.746471485167044,0.260967605268522,0.17536018750321763,0.007114172799660921,0.024550127345220666
28,0.93333334,approach,unknown_no_ground_truth,0.4978685387596453,-0.10146898553444106,0.38390876292563325,0.03118173748597818,2.94465335085638,0.87332237,1.2831031,-6.357052,0.31461882703225486,9.780917230904324,0.2610800194356147,0.17556260927273484,-0.0030513394809003813,0.03103208146445796
29,0.96666664,approach,unknown_no_ground_truth,0.4988345438696894,-0.1019188290556832,0.38339312130902836,0.04025512573402272,2.965520575390598,0.87332237,1.1841127,-6.814856,0.3144511080308774,9.821603708727203,0.26076419065113987,0.17573143206581598,-0.01751053045041001,0.03624715811215056
30,1.0,approach,unknown_no_ground_truth,0.499888374303744,-0.10227114017613614,0.382334307109749,0.05447016617992346,2.965520575390598,0.87332237,1.2700986,-6.4171944,0.3138076402495467,9.885775288130176,0.25991264262508706,0.1758426947093131,-0.03686198201938902,0.040102285287383785
31,1.0333333,approach,unknown_no_ground_truth,0.500970734169334,-0.1025180927719096,0.38051836431465796,0.07266891580346133,4.594416350370368,0.873315,1.0711921,-7.3370833,0.3125289006495571,9.886993266056574,0.2583067339031636,0.17593164854994378,-0.05933780884713138,0.041949919729027466
32,1.0666667,approach,unknown_no_ground_truth,0.501962604206335,-0.10265104482862686,0.3779727291792722,0.09055473881275103,8.0243496745769,0.873315,1.1477674,-6.982943,0.31064231619173643,9.82598126623889,0.2559567970298265,0.17602490353128722,-0.07993398299423815,0.04255254497820789
33,1.1,approach,unknown_no_ground_truth,0.5029010997757466,-0.10272220768929445,0.3748019583923745,0.10293075673891655,8.0243496745769,0.873315,1.0197194,-7.5751314,0.30826427531305,9.74655082993866,0.2529777850682629,0.17615079817087315,-0.09322717254680779,0.043628373586162325
34,1.1333333,approach,unknown_no_ground_truth,0.5038350560926919,-0.1027757937250275,0.3713722735746016,0.10629608519322922,8.0243496745769,0.873315,1.8341236,-3.8087285,0.3057002502288834,9.637821746409568,0.24974165772544346,0.17630016275247556,-0.09524272425045274,0.047198317817041584
35,1.1666666,approach,unknown_no_ground_truth,0.5049846541331858,-0.10288739435142705,0.36803080113047726,0.10008165741259505,8.0243496745769,0.873315,1.5905602,-4.9351444,0.3032492022715934,9.585297443708798,0.24662827576990576,0.17644991433582807,-0.08515129076170311,0.052588932600576115
36,1.2,approach,unknown_no_ground_truth,0.5063733029062217,-0.10306637251645623,0.3652086770111717,0.08785413701242,7.227574041586223,0.873315,1.2750719,-6.394194,0.3012337336470636,9.68210751002896,0.24406491613588485,0.17656182769368228,-0.06520232769374053,0.05888128610615721
37,1.2333333,approach,unknown_no_ground_truth,0.508146271985719,-0.10332249252291825,0.36311971954032773,0.07699404617029583,7.227574041586223,0.873315,1.6358573,-4.725657,0.29980757506406575,9.785561137223539,0.2422814334482975,0.17659073891921287,-0.03983800409707256,0.06588639142672238
38,1.2666667,approach,unknown_no_ground_truth,0.5102597539478997,-0.10364208429560168,0.36190549013358425,0.07131891967524806,7.227574041586223,0.873315,1.4887816,-5.4058433,0.2990655489507451,9.903072100620085,0.24140905156005454,0.17652725680213083,-0.015508368129056345,0.06961234676131925
39,1.3,approach,unknown_no_ground_truth,0.512525514298689,-0.10398840465806267,0.36139202518434055,0.06782980344271468,7.227574041586223,0.873315,1.6369773,-4.7204776,0.2988631840489856,10.04001032775417,0.2412475431599554,0.1764052881837257,0.003689661312590583,0.0677293779277182
40,1.3333334,approach,unknown_no_ground_truth,0.5147105757888029,-0.1043137410672948,0.36147236456603427,0.06312452296558435,10.038786899515403,0.873315,1.5001047,-5.353477,0.2990955986273739,10.309218751180934,0.24165504508940056,0.1762413580891469,0.015747299010375974,0.0611287818749106
41,1.3666667,approach,unknown_no_ground_truth,0.5166686514019441,-0.10458163713614699,0.3618304072388538,0.0564027579875989,10.811086533977974,0.873315,1.3915354,-5.8555813,0.29950824087988415,10.55243181985348,0.24229734928524171,0.17606016268397645,0.01940470975866638,0.052959686062037506
42,1.4,approach,unknown_no_ground_truth,0.5183601763959562,-0.10479136640650222,0.3622412904262214,0.04999359450811445,11.169782286858327,0.873315,1.3216383,-6.1788363,0.29993366681215267,10.754815567708746,0.2429486912551757,0.17588671895507266,0.0157241584212301,0.04745640456024697
43,1.4333333,approach,unknown_no_ground_truth,0.5199289057694677,-0.10494957987617137,0.36241658488468664,0.04711954540228359,11.598514708242497,0.873315,1.337117,-6.107252,0.3001627629265678,10.952799958752085,0.24334562558025716,0.17572874198225014,0.005734547609901951,0.04676929037977412
44,1.4666667,approach,unknown_no_ground_truth,0.5214907982185105,-0.10504372293198572,0.3621827362097295,0.05347157208644135,11.598514708242497,0.873315,1.3230627,-6.1722493,0.30005965300452236,11.141495696386595,0.24333100719905168,0.17557282334316274,-0.00988104375114933,0.05255068025994874
45,1.5,approach,unknown_no_ground_truth,0.5233109121210212,-0.1050138531564865,0.3612916754535429,0.06865477912041784,13.020440156277125,0.873315,1.3440869,-6.075018,0.2994065281910712,11.360169460467505,0.24268687710644546,0.17534921956983945,-0.028844982668184756,0.06230124935300642
46,1.5333333,approach,unknown_no_ground_truth,0.525360378755305,-0.10480541173317712,0.3597499782781367,0.08643772825688714,14.228170261039022,0.873315,1.4834881,-5.4303246,0.2981768398746668,11.597387250492769,0.24140801006615814,0.17501885759409014,-0.050377155681318446,0.07023975406898625
47,1.5666667,approach,unknown_no_ground_truth,0.5275216655321665,-0.10435432740874423,0.3574133646906829,0.10471519507658256,14.702530891572328,0.873315,1.308211,-6.2409344,0.2962277989235588,11.709684271322427,0.2393284081605369,0.17456466395705586,-0.07372122759782168,0.07436701339570466
48,1.6,approach,unknown_no_ground_truth,0.5296331681320131,-0.10366396140773515,0.3543485945068262,0.1203790848673187,15.049594641558189,0.873315,1.1658745,-6.899203,0.29361250208925366,11.832182979708012,0.23649324626300938,0.1740093269198395,-0.0959342558132801,0.07271686623504378
49,1.6333333,approach,unknown_no_ground_truth,0.53147194019536,-0.1027606260183836,0.35061187020838147,0.13503865663690065,16.320707770056924,0.873315,1.2742997,-6.3977647,0.2903864368895419,11.933614486394438,0.23293279679902648,0.1733972171195009,-0.11814966250462051,0.06539186521535398
50,1.6666666,approach,unknown_no_ground_truth,0.532884132627285,-0.10172675861780953,0.34618007410659435,0.1497676606596371,16.92526988041118,0.873315,1.3420727,-6.084333,0.28658770347134366,11.99085243833438,0.2286166091069981,0.1728205943208067,-0.13927530177467834,0.05507034133753383
51,1.7,approach,unknown_no_ground_truth,0.533854954174597,-0.10066629891060838,0.34114479271520703,0.16324476896117668,17.21192065147329,0.873315,1.3557872,-6.0209074,0.2823584793913291,11.909315578699061,0.22364777981862427,0.17236003442324954,-0.15710676632046455,0.044343190790863296
52,1.7333333,approach,unknown_no_ground_truth,0.5344337927481766,-0.0997000414988648,0.3356003441837524,0.17387125902826017,21.196275375702854,0.873315,1.3004756,-6.2767086,0.2778624639005417,11.756981669392095,0.21814280432813482,0.1721082966179636,-0.170127053927404,0.03588872020641752
53,1.7666667,approach,unknown_no_ground_truth,0.534766729308713,-0.09889335945660199,0.32972612086148845,0.1805679918474982,21.196275375702854,0.87332237,1.259703,-6.4652705,0.2732908833002128,11.570277322519809,0.2123059863187494,0.17208740531553587,-0.1778864685461986,0.031003289954462512
54,1.8,approach,unknown_no_ground_truth,0.5349190001834189,-0.09832400603463573,0.3236512411639617,0.1843606204553948,21.196275375702854,0.87332237,1.174265,-6.860399,0.26880640530140015,11.422895353120301,0.20628371698078146,0.17234822784018836,-0.18179711977483373,0.030637323908476306
55,1.8333334,approach,unknown_no_ground_truth,0.5350208426789214,-0.09798935401112793,0.31747133721964754,0.18091810829160726,21.196275375702854,0.87332237,1.4554834,-5.5598383,0.264492924949808,11.318571097318856,0.20018618040236563,0.17286410999515278,-0.17787146066738602,0.03306214433251853
56,1.8666667,approach,unknown_no_ground_truth,0.535136496616998,-0.09787531761123217,0.3116003237934519,0.16948567774856085,18.996959370791128,0.87332237,1.2502999,-6.5087576,0.2606225717678363,11.274802738788717,0.19442559566707765,0.17355924828249011,-0.16554069734340762,0.03635481377957168
57,1.9,approach,unknown_no_ground_truth,0.5354068624336666,-0.09792612651004534,0.3061790750100242,0.15604951573876877,17.36289366669558,0.87332237,1.5200766,-5.261112,0.25724691035362346,11.270984551192354,0.18915014373593747,0.17435078437207954,-0.14987038542051218,0.04347779819875167
58,1.9333333,approach,unknown_no_ground_truth,0.5361442218036216,-0.09810180312523523,0.30124843148750235,0.14535297788991433,17.36289366669558,0.87332237,1.347593,-6.058803,0.25437013356332216,11.374333590819232,0.18443424553230456,0.175180403938203,-0.132867877177355,0.05893738538355126
59,1.9666667,approach,unknown_no_ground_truth,0.5377050316280715,-0.09839681656118476,0.29677711446834515,0.13986831645479827,17.36289366669558,0.87332237,1.4176478,-5.734818,0.25198577622804336,11.48425150274772,0.18029229176304964,0.17604408809180988,-0.11542768569493837,0.07899110913900448
60,2.0,approach,unknown_no_ground_truth,0.5400211213283137,-0.09877369929204724,0.2927946925966752,0.13820015503975233,13.03845429920245,0.87332237,1.4116746,-5.7624426,0.25008116585620105,11.647072056862282,0.17673904585146122,0.17692907954180911,-0.09898633755373806,0.0964416291375722
61,2.0333333,approach,unknown_no_ground_truth,0.5429394452024712,-0.09922102974888342,0.28924006347942016,0.13939738912280664,12.412098915567817,0.87332237,1.1887672,-6.79333,0.24860674893320775,11.89252866601202,0.17369320846661823,0.1778650751207524,-0.08857176611561106,0.10764141554911225
62,2.0666666,approach,unknown_no_ground_truth,0.5461071444947341,-0.09971951606944954,0.2858356403474822,0.13587690330594693,11.647572576655422,0.87332237,1.5198387,-5.2622128,0.24736285281576226,12.246837214751201,0.17083426669957427,0.17889671398427417,-0.0836884395061321,0.10704568158053888
63,2.1,approach,unknown_no_ground_truth,0.5490272626889385,-0.10021216085717305,0.2826059325742123,0.12220934321545363,11.647572576655422,0.87332237,1.2936789,-6.3081417,0.2462654387940205,12.504302610246942,0.16811398413225487,0.1799565355400893,-0.08006841678844624,0.09232644367755212
64,2.1333334,approach,unknown_no_ground_truth,0.5512706814677804,-0.10056485301934232,0.2795904903910281,0.10352877228612299,9.901033876736218,0.87332237,1.3543168,-6.027707,0.2451572844581864,12.713485735007636,0.16549635892463943,0.18086749101372265,-0.07791056714883245,0.0681773438733072
65,2.1666667,approach,unknown_no_ground_truth,0.55270736446241,-0.10055402038750746,0.27677697301189585,0.0866947081895659,8.364379515104865,0.87332237,1.4073688,-5.782356,0.2438013321433289,12.82140416597131,0.16291993229592563,0.18137305537359397,-0.07454723963175945,0.044256993699968133
66,2.2,approach,unknown_no_ground_truth,0.5535483697410144,-0.10000746445613715,0.27430790422929807,0.07620172288942094,8.364379515104865,0.87332237,1.7059021,-4.4017186,0.24213310159790832,12.88573587257057,0.16052654737279834,0.18127235442281797,-0.06813114029396983,0.03412990321638051
67,2.2333333,approach,unknown_no_ground_truth,0.5541102883302254,-0.09878796623637048,0.272225008776796,0.0735779798670635,8.364379515104865,0.87332237,1.6065472,-4.8612084,0.24008428449340097,12.929116132581381,0.15837786031920792,0.18043535413387746,-0.05908195589568145,0.04385249831946583
68,2.2666667,approach,unknown_no_ground_truth,0.5544444582872996,-0.0968755282228449,0.2706406257033016,0.07884326490480811,8.364379515104865,0.87332237,1.7956885,-3.9864805,0.2376931958811855,12.911493949438993,0.1565877538189907,0.17882486047005539,-0.05112764575925477,0.06001853263756042
69,2.3,approach,unknown_no_ground_truth,0.554664461015768,-0.09443994394297783,0.26932408311751804,0.08685624638111793,8.719181132062419,0.87332237,1.5643536,-5.056343,0.2349915552374896,12.888672290298253,0.1549693536358225,0.17665087168375226,-0.05123736007749109,0.07013373273758487
70,2.3333333,approach,unknown_no_ground_truth,0.5548592073150796,-0.09181536550717972,0.2678564563071012,0.09017080158318223,9.364997517247788,0.87332237,1.2688439,-6.4229965,0.23205010473799745,12.86413186465776,0.15317193285423333,0.1743146869733409,-0.058971357464665516,0.0682140195042651
71,2.3666666,approach,unknown_no_ground_truth,0.5551064949578834,-0.08945068036791382,0.2660001454575464,0.09066257054488196,9.364997517247788,0.87332237,1.365716,-5.974989,0.22913001071319689,12.831708709778537,0.15103793330418647,0.17230236363042103,-0.071628120023834,0.05557979956474233
72,2.4,approach,unknown_no_ground_truth,0.5556429251880857,-0.08770274568532115,0.2634970581894398,0.09968313694119874,9.525818048393466,0.873315,1.3631002,-5.9870863,0.22643400674104372,12.863492572310404,0.14839670865140123,0.1710285831965937,-0.08835089134675163,0.0461611068830923
73,2.4333334,approach,unknown_no_ground_truth,0.5568089127939673,-0.08674366054633206,0.26017457836690366,0.11884491820348342,10.277313113732452,0.873315,1.6171362,-4.8122373,0.224090646445484,12.948699905371624,0.14514786266023338,0.1707299498902314,-0.10279997689460296,0.05963454815173635
74,2.4666667,approach,unknown_no_ground_truth,0.5587028594598443,-0.08656156618251462,0.2562784542776204,0.13895109378899212,10.740238794725215,0.873315,1.4637696,-5.5215173,0.22227727432108615,13.073591917436103,0.14154338295854568,0.17138453086630037,-0.10906402506665237,0.08609555680415751
75,2.5,approach,unknown_no_ground_truth,0.5613996259432861,-0.08693613021455765,0.25213101877870714,0.15482790170756766,14.02524879368861,0.873315,1.096092,-7.221928,0.2210353464315908,13.331526238479135,0.1378769341276145,0.17276161439307866,-0.10907710681594919,0.1098811353956185
76,2.5333333,approach,unknown_no_ground_truth,0.5647142966779604,-0.08748541315557286,0.24793880585038852,0.16117352108803196,16.333177033158627,0.873315,2.0229244,-2.9355748,0.22015122879123344,13.712355607310876,0.1342715823100833,0.1744640528081259,-0.10574697814786958,0.1216325635366955
77,2.5666666,approach,unknown_no_ground_truth,0.5682740112521818,-0.08778070379817575,0.24391626237449998,0.15790832395915116,16.333177033158627,0.873315,1.4973316,-5.3663015,0.21930486373243835,14.076436734830835,0.1308271418594153,0.1760081879049943,-0.10140133602945733,0.12104878283993323
78,2.6,approach,unknown_no_ground_truth,0.5717565216216298,-0.08754508082675388,0.24011412024104534,0.14916025890879,16.333177033158627,0.873315,1.4137241,-5.7529645,0.21820380290457606,14.472882701103796,0.12751149925857588,0.1770698087163627,-0.09842228694120592,0.11207959792486853
79,2.6333334,approach,unknown_no_ground_truth,0.5748393268433768,-0.08666894076959633,0.23653083313474726,0.13955285687411395,16.333177033158627,0.873315,1.4439944,-5.6129723,0.21665333949727597,14.7950999028004,0.12426563927429869,0.17747315405737227,-0.09706703260975597,0.10026460513094093
80,2.6666667,approach,unknown_no_ground_truth,0.5774350297509446,-0.08523818486649012,0.2331149184322209,0.13365159201712754,13.790829135195768,0.873315,1.5826613,-4.971675,0.21465398995732082,15.045854380747622,0.12104034650590935,0.1772725864941531,-0.09716196489625169,0.0917730931494208
81,2.7,approach,unknown_no_ground_truth,0.5797013903638282,-0.08352999506171066,0.22975608530442834,0.12618557573720943,11.639879845363694,0.873315,1.3517276,-6.0396814,0.21242035447261523,15.246424381183244,0.11778818071344206,0.1767720325121851,-0.09417738816309376,0.08398463599319217
82,2.7333333,approach,unknown_no_ground_truth,0.5816606927403902,-0.08188897232154377,0.22665779681860923,0.11323136571597733,9.884993219261782,0.873315,1.5237447,-5.2441483,0.21032509138910796,15.384594481408211,0.1147618595501594,0.17625651664669342,-0.08582727855980227,0.07385811016349872
83,2.7666667,approach,unknown_no_ground_truth,0.5834271548953496,-0.08063233700228764,0.2238649141122852,0.09865743439577758,9.062455655746557,0.873315,1.5845774,-4.962813,0.20867958239420525,15.547334564526738,0.11206636723575202,0.17603493245035623,-0.07620950227435885,0.062653021672156
84,2.8,approach,unknown_no_ground_truth,0.5849698930361584,-0.07987066493895448,0.22134417135837242,0.08259375848556343,8.865557888765453,0.873315,1.4416418,-5.6238523,0.20754535979198327,15.748651330064686,0.10968123058744982,0.17619620889226434,-0.06516380040144344,0.050748478381252175
85,2.8333333,approach,unknown_no_ground_truth,0.5862032452047155,-0.07957129041199487,0.21922958844448315,0.06459391605653009,7.033462573079578,0.873315,1.3877813,-5.872943,0.20690251655573239,15.902073757276488,0.107722117742455,0.1766482287094206,-0.051576423586750526,0.0388876139859228
86,2.8666666,approach,unknown_no_ground_truth,0.5870827253806906,-0.07960192380526043,0.21760150264713513,0.04707916623747056,4.366227032798237,0.873315,1.6914946,-4.4683495,0.2066331654230353,15.902073757276488,0.10624280540886169,0.1772279079366402,-0.03865739633650748,0.026871055098331473
87,2.9,approach,unknown_no_ground_truth,0.587551893777591,-0.07973827216709868,0.21640042413071484,0.031178265087545613,4.366227032798237,0.87330014,1.547243,-5.1354747,0.20648654609045386,15.908315053483085,0.1051449539380124,0.17771109244427702,-0.02742903983056763,0.01482335953292641
88,2.9333334,approach,unknown_no_ground_truth,0.5877019712584878,-0.07979725041215796,0.2156269661773093,0.01802555199008823,4.366227032798237,0.87330014,1.6003275,-4.889973,0.206321389066374,15.909736682305718,0.10441419528038748,0.1779499688401973,-0.017305871486606658,0.005042552591339885
89,2.9666667,approach,unknown_no_ground_truth,0.5877228678882409,-0.0796588914336199,0.2152135984476029,0.010261615191962165,4.366227032798237,0.87330014,1.5306176,-5.212363,0.2060651465469231,15.873376637128738,0.10399123019916354,0.17790072698859177,-0.008421643744421699,0.005863161518323676
90,3.0,approach,unknown_no_ground_truth,0.5877455296504144,-0.0793441674575675,0.21511625981674634,0.011934176271934558,6.963627065291446,0.87330014,1.6361891,-4.724123,0.2057619189691915,15.722291764925323,0.10385275286383039,0.177630439453626,-0.0017731722225913925,0.011801712738354384
91,3.0333333,approach,unknown_no_ground_truth,0.5878470184357398,-0.0788732800555059,0.21519364008239353,0.01650027616100378,8.799802830578722,0.87330014,1.6429887,-4.6926765,0.2054066076115533,15.52785421316847,0.10387301882287693,0.17720685768645886,0.0011833234970027007,0.01645779021894589
92,3.0666666,approach,unknown_no_ground_truth,0.5880134170637286,-0.07829639431704594,0.21531737204820084,0.01948246134084192,9.01874670845277,0.87330014,1.8160992,-3.8920865,0.2049958296604544,15.309863924396703,0.10393164102674585,0.1766960785407126,0.0012815979932061243,0.019440262510604378
93,3.1,approach,unknown_no_ground_truth,0.5881976464388501,-0.07764291385220393,0.2154177323378899,0.02232584900078109,11.035890317915113,0.87330014,1.8168749,-3.8884993,0.20451662501721526,15.124185904811403,0.10395845861304107,0.17612407215151732,-0.0003807243720879206,0.022322602504147592
94,3.1333334,approach,unknown_no_ground_truth,0.5883746266096062,-0.07685934303253361,0.21545783588434714,0.027528398333951404,11.924018142089214,0.87330014,1.870666,-3.6397295,0.20390123390327933,14.842794983351439,0.1039062587923674,0.1754400255672958,-0.0028590999053115062,0.027379522686930582
95,3.1666667,approach,unknown_no_ground_truth,0.588544496084056,-0.07584097885085513,0.21544590770563643,0.03455593706800313,13.09390595028093,0.87330014,1.8625233,-3.6773872,0.20306103648827314,14.528095014360353,0.10376785204380068,0.17454517301233996,-0.005163226461804105,0.034168024220781607
96,3.2,approach,unknown_no_ground_truth,0.5887236588039311,-0.07458295241375806,0.21539969148679527,0.0412081355096301,15.63321476908558,0.87330014,1.8420938,-3.7718682,0.2020042332807173,14.129435249907353,0.10356204400129801,0.1734376352052912,-0.006851496416884422,0.04063455954024182
97,3.2333333,approach,unknown_no_ground_truth,0.5889205017565715,-0.07312187319372838,0.21533532651102655,0.045179407352372254,18.425890391777653,0.87330014,1.7438076,-4.226416,0.20077240800048812,13.60221962031074,0.103311086022574,0.1721521981246559,-0.007450176577662008,0.04456089897739098
98,3.2666667,approach,unknown_no_ground_truth,0.5891326441416656,-0.07160116740823924,0.21528316243916512,0.04568939057851806,18.425890391777653,0.87330014,1.6764458,-4.537946,0.1995015474071728,13.03379926377509,0.10306536600487834,0.17081685440300345,-0.006712788857606953,0.04519357119314166
99,3.3,approach,unknown_no_ground_truth,0.5893661572589824,-0.0701094324888314,0.21526866204104678,0.042429481172428084,18.425890391777653,0.87330014,1.7570432,-4.1652045,0.19828036236476715,12.58115038281362,0.10286356716373499,0.1695116180379833,-0.0054750164511136725,0.04207475570245731
100,3.3333333,approach,unknown_no_ground_truth,0.5895854981892517,-0.06880907067850636,0.2152669065656174,0.03469818090498649,18.425890391777653,0.87330014,1.6610287,-4.6092463,0.19722851032533023,12.182653413930199,0.10270036523302316,0.16837969077698337,-0.004941034283760819,0.03434457654887987
101,3.3666666,approach,unknown_no_ground_truth,0.5897541976314653,-0.06782949912871555,0.2152210274620564,0.024960406240785032,15.674375016600026,0.87330014,1.5831515,-4.969408,0.19642357017951242,11.861307643554028,0.10253416517135033,0.16753794762584415,-0.005796886061705877,0.02427793219556848
102,3.4,approach,unknown_no_ground_truth,0.5898536766181615,-0.06717741747859118,0.21508040923631827,0.017174057026293932,12.684720539543719,0.87330014,1.4099021,-5.77064,0.19584477368755074,11.559654453355886,0.10231390477836486,0.16699413244102815,-0.008755114049161569,0.01477485068379947
103,3.4333334,approach,unknown_no_ground_truth,0.5898696516694922,-0.06678515308260075,0.21476616202404797,0.016092663990562917,7.291741769634553,0.87330014,1.3294644,-6.142643,0.1953992516441573,11.390306333358346,0.10195049036284771,0.16669422622835983,-0.01475202668668739,0.0064305165382279655
104,3.4666667,approach,unknown_no_ground_truth,0.5897795436901719,-0.06661214002687521,0.21417158665641078,0.02353432719515192,5.19489659768305,0.87330014,1.3517863,-6.03941,0.1950062183316989,11.329917845294792,0.10133043720796628,0.1666120274268116,-0.02348262827684385,0.0015590784906607477
105,3.5,approach,unknown_no_ground_truth,0.5895816015987458,-0.06661423283779523,0.2132333772068785,0.03463211944672676,5.19489659768305,0.87330014,1.2844042,-6.3510346,0.19460705433358963,11.29773695098831,0.10038498320450982,0.16671760777862363,-0.033686376867845154,0.008038141009577839
106,3.5333333,approach,unknown_no_ground_truth,0.5892765719282482,-0.06677379005881445,0.21192403834881948,0.04557563746784661,5.19489659768305,0.8733076,1.2079343,-6.7046876,0.19418249396637602,11.207425267271917,0.0990846807490488,0.16700020061024098,-0.04349899452162285,0.013600595803434845
107,3.5666666,approach,unknown_no_ground_truth,0.5888930292339278,-0.06703706313777036,0.21030441938998123,0.05486881496795021,5.19489659768305,0.8733076,1.219163,-6.652758,0.1937244488760861,11.08625250573846,0.09748505281761818,0.16740915915650936,-0.05184786457534831,0.017955104983360552
108,3.6,approach,unknown_no_ground_truth,0.5884369430271882,-0.0673936506115293,0.20841816350640469,0.06380087117109044,5.837411275883574,0.8733076,1.2352434,-6.5783896,0.19324866031142673,10.973699516717394,0.09562815952066142,0.1679294489327352,-0.05964339045253116,0.022654296226477525
109,3.6333334,approach,unknown_no_ground_truth,0.5878992379690229,-0.06788055015879192,0.2062556713046775,0.07108838255210938,6.460077422524346,0.8733076,1.2319787,-6.5934887,0.1927902435308576,10.856810677436053,0.09350881444089185,0.16859472003163756,-0.06551983885285492,0.02758095086415571
110,3.6666667,approach,unknown_no_ground_truth,0.5873086990492293,-0.06849608337789301,0.20394915102517935,0.07452088619753626,6.460077422524346,0.8733076,1.4060909,-5.788266,0.1924092562534581,10.741582763307411,0.09126015964195233,0.16938980239121323,-0.06762238374498064,0.03131414530707692
111,3.7,approach,unknown_no_ground_truth,0.5866934307497297,-0.06920316192983744,0.20162120325151528,0.07439335121577376,6.460077422524346,0.873315,1.2636677,-6.446935,0.19212575642234764,10.61352253172676,0.08900065953725061,0.17026799136300888,-0.06655979076115415,0.03322897769936424
112,3.7333333,approach,unknown_no_ground_truth,0.5860829796204801,-0.06995284203730687,0.19936956311398474,0.07115248895765551,6.460077422524346,0.873315,1.2939711,-6.3067904,0.19193607345554775,10.483961794601015,0.08682284420751224,0.17117607898667234,-0.06285407779660764,0.03334728758395928
113,3.7666667,approach,unknown_no_ground_truth,0.5855077511430604,-0.07070651529594218,0.1972812910706791,0.06545834672471627,6.4455960089010045,0.873315,1.4279046,-5.687383,0.19183747160779904,10.385818205428233,0.08481039141388444,0.17207211575701864,-0.05723464283459462,0.03176461577808806
114,3.8,approach,unknown_no_ground_truth,0.5849725580203271,-0.07140944092257093,0.19540865618720293,0.05738377902731662,5.8014752882947445,0.873315,1.3052429,-6.254661,0.19179031017319878,10.304651957646984,0.08300720474815813,0.17289686820827369,-0.05000836033715979,0.028143595929530515
115,3.8333333,approach,unknown_no_ground_truth,0.5845029768667862,-0.07199588616417578,0.1938225300192186,0.04859406331687429,5.201607603577894,0.873315,1.2973546,-6.2911425,0.19175430085546016,10.234903651014518,0.08147650369222068,0.17358367216607065,-0.04276391423176806,0.023078791762619903
116,3.8666666,approach,unknown_no_ground_truth,0.5840695345444256,-0.07242856986272311,0.19246910832542355,0.041813894549221145,5.101833692381454,0.873315,1.2179235,-6.6584897,0.19166375338371375,10.169424763229522,0.08015627967030402,0.17409757376410806,-0.03755705421276738,0.018381225645550354
117,3.9,approach,unknown_no_ground_truth,0.5836334139531285,-0.07272325162385143,0.1912758639597691,0.03637232183374423,4.1554244724109095,0.873315,1.2833576,-6.3558745,0.19149642320327076,10.107741692094997,0.07897269446982905,0.17445398713649743,-0.03322664217729526,0.014796487596705214
118,3.9333334,approach,unknown_no_ground_truth,0.5832024730574059,-0.07290077923428848,0.19025438052295135,0.03062091149390875,3.647989790665639,0.873315,1.3658111,-5.9745493,0.19127287426452638,10.056403295299429,0.07794116323897628,0.17467251501701284,-0.028286080836683148,0.011727653286929124
119,3.9666667,approach,unknown_no_ground_truth,0.5828404212579412,-0.07300343974950815,0.18941577265800164,0.024502817506329332,3.428280130605045,0.873315,1.2720921,-6.4079747,0.19105190961156546,10.037336067503515,0.07708695742587057,0.17480970556879213,-0.022927663001318384,0.008643514045019838
120,4.0,approach,unknown_no_ground_truth,0.5825978905232463,-0.07308478870226362,0.1887480581377468,0.02045215595571735,3.428280130605045,0.873315,1.3136319,-6.215864,0.19089347804411066,10.041029087762118,0.07641265373274196,0.17493263363162811,-0.019440533165015646,0.006352665070418197
121,4.0333333,approach,unknown_no_ground_truth,0.5824655328790843,-0.07318220968205852,0.18811709394161608,0.02102763325441834,3.381204653576179,0.873315,1.3012432,-6.2731586,0.1907964214976479,10.055688075431243,0.07579092303513124,0.17509714572713894,-0.020080667262967235,0.006239243748750015
122,4.0666666,approach,unknown_no_ground_truth,0.5823811247081592,-0.07329935841919795,0.1873797999307995,0.026647425457138635,3.2413542373581525,0.873315,1.2266457,-6.618152,0.19071160892115283,10.085394924690949,0.07507394377345791,0.17531349275966873,-0.025343748391359208,0.008232842824276302
123,4.1,approach,unknown_no_ground_truth,0.5823303595732349,-0.07347078770188381,0.1863694155161033,0.035942365685891674,3.2413542373581525,0.873315,1.1365336,-7.0348964,0.19063120914931625,10.185949894657051,0.07410134131293063,0.1756395431483324,-0.03391954834142099,0.011887720194064469
124,4.133333,approach,unknown_no_ground_truth,0.5823132120938264,-0.07371682870618645,0.18502126903257732,0.04497012538947787,3.2413542373581525,0.873315,1.1546453,-6.9511347,0.19056485695431502,10.285078708064471,0.07281264256347174,0.17610588800191393,-0.04216698449185739,0.015628742636847687
125,4.1666665,approach,unknown_no_ground_truth,0.5823268201905876,-0.07402046979090389,0.1834222346265474,0.05157365800827103,3.2413542373581525,0.873315,1.311312,-6.226593,0.19052084520902107,10.37087342318701,0.07129021151564893,0.17668021451541707,-0.04801292079418338,0.018830869262080597
126,4.2,approach,unknown_no_ground_truth,0.5824053605397459,-0.07437559832407498,0.18164798708462593,0.055736764563356855,3.2413542373581525,0.873315,1.3570269,-6.0151734,0.1905257588892577,10.482896732686589,0.06961178402626432,0.17735350102269842,-0.051011621509156835,0.022458882318530455
127,4.233333,approach,unknown_no_ground_truth,0.5826235091416943,-0.07479743928849523,0.17980072631060406,0.05733201983855532,3.2413542373581525,0.87332976,1.25485,-6.487715,0.190641920518303,10.585670271435928,0.06788943977538521,0.17814422759632514,-0.050758162905614725,0.026656507595999503
128,4.266667,approach,unknown_no_ground_truth,0.5830043807132088,-0.07528516061795748,0.17798427345736334,0.05788979667095025,3.3840348148997563,0.87332976,1.2650276,-6.4406457,0.19089685201238485,10.67884497126201,0.06622786980891426,0.17904043501067532,-0.04922520329990684,0.030464863674187086
129,4.3,approach,unknown_no_ground_truth,0.5834999586952142,-0.07582930362271198,0.176186640466448,0.05766874469897534,3.3840348148997563,0.87332976,1.162545,-6.914601,0.19126402103161982,10.799884366735803,0.06460775509712942,0.18002156460405863,-0.04791190573131447,0.03209569136736631
130,4.3333335,approach,unknown_no_ground_truth,0.5839951687395344,-0.07638114418344272,0.17443491420702023,0.056165657228324915,3.08342866911008,0.87332237,1.2945595,-6.304069,0.1916642533233428,10.934337048628679,0.06303374560323723,0.18100257710104817,-0.04687380235832912,0.030942328683568505
131,4.366667,approach,unknown_no_ground_truth,0.5844145210772611,-0.07690974479653101,0.17272014976388128,0.05278992262329684,2.896826449060787,0.87332237,1.5008565,-5.35,0.1920408871289785,11.054136367612466,0.06148283772138402,0.18193285298431125,-0.04511333464968778,0.02741464877321881
132,4.4,approach,unknown_no_ground_truth,0.5847027807635679,-0.07736222641536346,0.17113000700236847,0.0460586256700148,2.896826449060787,0.87332237,1.2888081,-6.3306675,0.19233647604757664,11.122322407575304,0.06002619263693565,0.18272979017093385,-0.040748443832687796,0.02147000987016153
133,4.4333334,approach,unknown_no_ground_truth,0.5848334278755866,-0.07768902477151199,0.1697798004418703,0.03738604008234174,2.4108813516328707,0.87332237,1.2826192,-6.3592896,0.19250681526847682,11.165330079040539,0.058766277217204545,0.183317753059659,-0.03450715745566005,0.014386524158696163
134,4.4666667,approach,unknown_no_ground_truth,0.5848053695455674,-0.07788029890831132,0.16869420396120016,0.029783953665538373,2.228919802415154,0.87332237,1.3183326,-6.1941247,0.19253969622351266,11.191195707926775,0.05772571752086875,0.18368254179029483,-0.028575155948445768,0.008399068905119262
135,4.5,approach,unknown_no_ground_truth,0.5846098359681848,-0.07796411507446563,0.16782610648970853,0.024926222535222396,2.228919802415154,0.87332237,1.3287575,-6.145912,0.19244812246195203,11.156896824363484,0.056861268516282176,0.18385612848597063,-0.023946289056673214,0.006920390905843506
136,4.5333333,approach,unknown_no_ground_truth,0.5842818141083043,-0.07798147890581583,0.16712033790158357,0.023124467759307533,1.9819212273669216,0.87332237,1.2171938,-6.6618643,0.1922730006659882,11.119817155550924,0.05612929967138906,0.1838978208231476,-0.021276487802301895,0.009058260095059773
137,4.5666666,approach,unknown_no_ground_truth,0.5838719852505097,-0.07799145520602133,0.16647279524977687,0.024293176117144627,1.9819212273669216,0.87332237,1.1555337,-6.9470263,0.19207341800958375,11.080955246756991,0.055442837258668734,0.18389749781493236,-0.021275840850756282,0.011725911561661055
138,4.6,approach,unknown_no_ground_truth,0.5833582576742704,-0.07801591080553788,0.1657903831894259,0.028961736018852605,1.9819212273669216,0.87332237,1.2147856,-6.6730022,0.19185242264166694,11.033911505739397,0.0547109115438403,0.18388601967392432,-0.024553322299898196,0.01535957412375181
139,4.633333,approach,unknown_no_ground_truth,0.5826888122896646,-0.07806270049919722,0.1649486758655019,0.0369690293355095,1.9819212273669216,0.87332237,1.2798532,-6.3720813,0.19158873947001195,11.006680499212987,0.053805950562328536,0.18387812478865553,-0.03092120051931149,0.020262983207175917
140,4.6666665,approach,unknown_no_ground_truth,0.5818072236814499,-0.07811496795737806,0.16387760164923681,0.045871446983018184,2.228919802415154,0.87332237,1.2131326,-6.6806464,0.19124505349411616,10.99916536465705,0.0526495000107404,0.18385510771960187,-0.03812848084569194,0.025503109549926472
141,4.7,approach,unknown_no_ground_truth,0.5807376978621682,-0.07817511661885383,0.16259655927589176,0.052813191883978886,2.6253257603573323,0.87332237,1.1919731,-6.778504,0.19083943474420903,10.9753810615201,0.05126405410181437,0.18382515227937518,-0.04361308209465007,0.02978476636099881
142,4.733333,approach,unknown_no_ground_truth,0.5795277163551366,-0.07822324744558715,0.16119642802603368,0.05731858502269373,2.708963570138599,0.87332237,1.2788806,-6.3765798,0.19038246756211347,10.927612389548948,0.04974196379241684,0.183769477860479,-0.04670913418037581,0.03322163411277986
143,4.766667,approach,unknown_no_ground_truth,0.5781955445950491,-0.07824906886039878,0.15974449106179472,0.057583898123194324,2.8774196377599006,0.87332237,1.2473948,-6.522193,0.18988006721505918,10.869723665519466,0.048150076089766375,0.1836736510720716,-0.046093744484543134,0.03451480903114014
144,4.8,approach,unknown_no_ground_truth,0.5768998695947116,-0.0782890060268103,0.15839867891021495,0.050663179053843384,2.8774196377599006,0.87332237,1.3509444,-6.0433035,0.18942859855898725,10.818071531739506,0.046669042195798725,0.18358974495474606,-0.039540359715773576,0.03167519006081929
145,4.8333335,approach,unknown_no_ground_truth,0.5758495802252465,-0.07850002547066576,0.15732762041984039,0.038960990329536746,3.0241512128316295,0.87332237,1.4100099,-5.7701416,0.18924710911785733,10.789611056732769,0.04551405445502721,0.1836925125216894,-0.02794750167815897,0.027145826887526512
146,4.866667,approach,unknown_no_ground_truth,0.5751556964630893,-0.07902200593135711,0.1566190602353954,0.031926225845048305,3.1810274215137375,0.87332237,1.4893005,-5.403444,0.1894992236925716,10.789611056732769,0.04480587707565069,0.18412601434769876,-0.0149200631724783,0.028225442629625622
147,4.9,approach,unknown_no_ground_truth,0.5748054444594797,-0.07999388801729668,0.1562283944276383,0.037592653297591705,3.1810274215137375,0.87332237,1.4274783,-5.689355,0.19030445083008024,10.817851326856601,0.0445193844622138,0.1850238049896392,-0.004421318169502858,0.03733174959196201
148,4.9333334,approach,unknown_no_ground_truth,0.5746782940369433,-0.08140975811223154,0.1560260696355853,0.04840439438513371,5.564193996349442,0.87332237,1.3108121,-6.2289047,0.19161157754848865,10.880165712040704,0.04451112279337678,0.18636994553385855,0.0005167523358200685,0.04840163595184556
149,4.9666667,approach,unknown_no_ground_truth,0.5746001045411193,-0.08318771764549807,0.1558154323081915,0.05574033589912254,5.564193996349442,0.87332237,1.2727871,-6.4047604,0.19328078895501538,11.031309882485505,0.04455383458727121,0.1880755677982743,-0.0006356738190516475,0.055736711106260856
150,5.0,approach,unknown_no_ground_truth,0.5744091662137908,-0.0850745364689521,0.15547310701848122,0.056551258599630706,5.564193996349442,0.87332237,1.270149,-6.416961,0.1950183141372339,11.196812914838265,0.04446874457649399,0.18988068254753926,-0.0068598380795000715,0.056133657200696865
151,5.0333333,approach,unknown_no_ground_truth,0.573964670467923,-0.08678858388487093,0.1548970134358337,0.052605875749974856,5.564193996349442,0.87332237,1.259312,-6.467079,0.19651238840339688,11.321796897177881,0.04409651245569849,0.19150095661706748,-0.015135767451285347,0.05038141231726641
152,5.0666666,approach,unknown_no_ground_truth,0.5732988858425421,-0.08812108184680378,0.15413696504749227,0.04634777772716394,3.869752943870306,0.87332237,1.2931736,-6.3104787,0.1975777330137376,11.37238170448063,0.04345969431122661,0.1927387235436162,-0.02104197730219408,0.0412959040518614
153,5.1,approach,unknown_no_ground_truth,0.5725289980648154,-0.08902617640060087,0.1533224684430673,0.039577875256211,1.9659313178058686,0.87332237,1.3329142,-6.1266885,0.19820981032019686,11.39322556234513,0.042693715217509795,0.19355716361864417,-0.0228555493779383,0.03231148514737172
154,5.133333,approach,unknown_no_ground_truth,0.5717499775490464,-0.0895735866274595,0.1525707866307966,0.03386785224199292,1.9659313178058686,0.87332237,1.3112239,-6.2270007,0.19850502601991585,11.400621451456024,0.04193599237560511,0.19402478681508878,-0.021177862177326784,0.026429709969721892
155,5.1666665,approach,unknown_no_ground_truth,0.5710243381230358,-0.08998398264200684,0.15193808627385774,0.02947373299704764,1.9659313178058686,0.87332237,1.3195887,-6.188316,0.19869243585733212,11.375303407068357,0.041281858995708964,0.19435661085946737,-0.01734862313852014,0.023827005938196654
156,5.2,approach,unknown_no_ground_truth,0.570405066457863,-0.0904501676226198,0.15143777908670214,0.02812474236464796,1.9659313178058686,0.87332237,1.3587217,-6.0073357,0.19897003366853883,11.34284324315008,0.040779418529165556,0.19474627935465832,-0.013592472467428696,0.024622059729031948
157,5.233333,approach,unknown_no_ground_truth,0.5698696904580558,-0.09112227646975764,0.15099647581058057,0.03117943782393107,2.3643816188878835,0.87332237,1.3399295,-6.094245,0.1994734580869128,11.333878311245115,0.040375694971120035,0.19534447454880938,-0.011939641412461288,0.028802817673939874
158,5.266667,approach,unknown_no_ground_truth,0.5693768673879596,-0.09201148581373521,0.15052897349320643,0.03550658025778002,2.3797798730837685,0.87332237,1.3304144,-6.1382494,0.20020039515694435,11.363909052421706,0.03998342282240276,0.19616708215294848,-0.012539635148767868,0.03321859105889291
159,5.3,approach,unknown_no_ground_truth,0.5689134119317627,-0.09303683213804231,0.14998494701478354,0.03819873141133794,2.3797798730837685,0.87332237,1.2587885,-6.4695005,0.20106819843696475,11.407553633178791,0.03953972966339656,0.19714215734041296,-0.014551291417903386,0.03531859283021887
160,5.3333335,approach,unknown_no_ground_truth,0.5685085698206435,-0.09409190566265524,0.14934449833345215,0.03777156348976515,2.3797798730837685,0.87332237,1.1694002,-6.8828974,0.20198073309927003,11.450539544519465,0.03901333759134489,0.19817713297275827,-0.017131151308696448,0.033663253902436525
161,5.366667,approach,unknown_no_ground_truth,0.568169853239813,-0.09502016576971148,0.14862320334738607,0.035514388653106375,2.3797798730837685,0.87332237,1.26825,-6.4257436,0.20278833333924046,11.49169110652471,0.03839765392604054,0.19911988426945948,-0.02103306742785948,0.028616112174420328
162,5.4,approach,unknown_no_ground_truth,0.567807608103168,-0.09571143934287915,0.14776607956746715,0.034647541402512444,2.3797798730837685,0.87332237,1.2833552,-6.3558855,0.20336228641592807,11.528390289258143,0.03761113434424981,0.19985400198558134,-0.026324815299540394,0.022526789045132427
163,5.4333334,approach,unknown_no_ground_truth,0.5673705278775372,-0.09614599179671272,0.14677146686422593,0.035388411551579,2.0971414305610683,0.87332237,1.2061532,-6.7129245,0.20367295849566983,11.565339815674735,0.03664266780151069,0.200349666630037,-0.030740486932220576,0.01753174649924832
164,5.4666667,approach,unknown_no_ground_truth,0.5668711107946407,-0.0963667141250873,0.14570221621421758,0.03579738405957461,1.8871675403409827,0.873315,1.1642035,-6.9069304,0.20376720925613767,11.584619445612326,0.03556177037289917,0.20064006592896594,-0.03267388080134509,0.014624302338511022
165,5.5,approach,unknown_no_ground_truth,0.5663429777651481,-0.09645447318261344,0.14463972691289437,0.034567865314311504,1.7409182868088706,0.873315,1.1981381,-6.749992,0.20373245890487665,11.551887063091277,0.034464411020278744,0.20079621307298737,-0.03197170286328036,0.013143345404062496
166,5.5333333,approach,unknown_no_ground_truth,0.5658356064353663,-0.09648833055377233,0.1436470366085839,0.031032014043328508,1.58346553587316,0.873315,1.2163441,-6.6657944,0.20365623567976857,11.558128915358633,0.03343032541253781,0.2008936924695877,-0.02876059368927854,0.011653932650636401
167,5.5666666,approach,unknown_no_ground_truth,0.5653939492301356,-0.09650429829839008,0.14280212195203296,0.025800500468036034,1.455758141320757,0.873315,1.1980778,-6.7502713,0.20358145261330174,11.567950471767142,0.03254703981430467,0.20096292704742358,-0.023821445468510984,0.009909821400604814
168,5.6,approach,unknown_no_ground_truth,0.5650367759630037,-0.09654275388235689,0.14212472997517223,0.020235201348112457,1.455758141320757,0.873315,1.2124181,-6.683951,0.20354905690415415,11.570789774481332,0.031842230461527454,0.20104300765210797,-0.01847013666387819,0.008265435573296485
169,5.633333,approach,unknown_no_ground_truth,0.5647512372082144,-0.09658647689951971,0.14161890518798131,0.016305783248903385,1.1442618956136605,0.873315,1.1317778,-7.056891,0.2035372953112626,11.587024529968977,0.03131569846605817,0.2011137926950985,-0.014518683071038626,0.007422021910702952
170,5.6666665,approach,unknown_no_ground_truth,0.5644640202001097,-0.09660935687653058,0.14120321204522152,0.01536401152028347,1.0964865166955198,0.873315,1.1316794,-7.057346,0.20350476904709985,11.587029933283207,0.03087431911832559,0.20114911743254865,-0.01303024421062341,0.008140367670254108
171,5.7,approach,unknown_no_ground_truth,0.5641169719852128,-0.09659850130804859,0.1408147379475342,0.01600351504683605,1.0964865166955198,0.873315,1.164223,-6.906841,0.2034271418734232,11.587031240099554,0.030447016291893836,0.20113572842662986,-0.012815761409232053,0.009584818900529432
172,5.733333,approach,unknown_no_ground_truth,0.5637239641263164,-0.09656385029092793,0.14043606024640864,0.015574075254227448,1.0772444968896138,0.873315,1.2052368,-6.7171626,0.20331757267199585,11.571610929937915,0.030019935784859998,0.20108913151313076,-0.012090597064175135,0.009816785759916496
173,5.766667,approach,unknown_no_ground_truth,0.5633657536778126,-0.09653831897928965,0.1401004999483194,0.012332290073155486,1.0772444968896138,0.873315,1.2158396,-6.6681275,0.20322461522385626,11.573630382725547,0.02964095799050033,0.20105138110018003,-0.00983896407700165,0.007435063169867518
174,5.8,approach,unknown_no_ground_truth,0.5631527953921851,-0.09654561134422802,0.13984501932744092,0.007519589952534456,1.0964865166955198,0.873315,1.2345451,-6.5816193,0.20319328248817847,11.573630382725547,0.02936401348713267,0.20106035103980144,-0.0066840687883817996,0.0034449176312993926
175,5.8333335,approach,unknown_no_ground_truth,0.5631115656188579,-0.09659134140206402,0.13967168261138452,0.00508344331504321,1.0964865166955198,0.873315,1.2248633,-6.626395,0.203233833433753,11.57927017328553,0.029195353801238735,0.20112588686839633,-0.004287287947495312,0.002731402202627606
176,5.866667,approach,unknown_no_ground_truth,0.5631867178717606,-0.09666829255169233,0.13953093489473428,0.005986858079360766,2.3133793184652607,0.873315,1.198376,-6.748892,0.20332858836469558,11.630056406976625,0.029078194545039286,0.20123859830653928,-0.0036198564018179347,0.004768554214080511
177,5.9,approach,unknown_no_ground_truth,0.5633101201541539,-0.09676721388669818,0.13937344688709208,0.007114938967400092,2.3133793184652607,0.873315,1.188484,-6.79464,0.20345554277198713,11.725282613713098,0.028954030255918667,0.2013847611329696,-0.004497179943091763,0.005513413558702217
178,5.9333334,approach,unknown_no_ground_truth,0.5634086530952127,-0.09687385164884538,0.1391655883950906,0.00821257963741753,2.3133793184652607,0.873315,1.1247188,-7.089537,0.2035864046850889,11.812140488066227,0.028778382815694403,0.20154212675049882,-0.006740438720436033,0.004691796048100525
179,5.9666667,approach,unknown_no_ground_truth,0.5634039911296379,-0.09696861395044545,0.13887305925314153,0.010244257612294597,2.3133793184652607,0.873315,1.1455594,-6.9931545,0.20368666955814893,11.874573625130413,0.028504668074531746,0.20168228294436605,-0.009464700794730963,0.003919726124778988
180,6.0,approach,unknown_no_ground_truth,0.563286392969838,-0.09703778965418201,0.1385139770404421,0.01298107987645496,1.3566876031771957,0.873315,1.1362482,-7.0362163,0.2037407112499691,11.891890557830012,0.02814740332434467,0.20178701917303787,-0.011995893925991747,0.004960540663602934
181,6.0333333,approach,unknown_no_ground_truth,0.5630590233864572,-0.09707728352443626,0.13808685748302862,0.015506145646231375,1.3508754915447212,0.87332237,1.1450347,-6.9955816,0.2037457976868434,11.90119379764436,0.027704942524631508,0.20185337806129225,-0.014198670880704513,0.0062320380313003534
182,6.0666666,approach,unknown_no_ground_truth,0.5628027186741045,-0.09710313244388048,0.13760270744682718,0.01663590176722893,1.1219000805954205,0.87332237,1.0990928,-7.2080503,0.20373476506680488,11.907643841116956,0.02720082610817566,0.2019107960359202,-0.01556914768765509,0.005861302576123755
183,6.1,approach,unknown_no_ground_truth,0.5625948338262916,-0.09713379381225129,0.13708120008864724,0.016599635808371323,1.1219000805954205,0.87332237,1.0681679,-7.35107,0.20374137489411998,11.922683124646612,0.02666700026932277,0.20198866042523844,-0.016016206976562464,0.004362226845829455
184,6.133333,approach,unknown_no_ground_truth,0.5625249465939726,-0.09720133013578934,0.13653600454635156,0.016869693554368227,1.1219000805954205,0.87332237,1.0777713,-7.306657,0.20381500446179335,11.934401697486232,0.026133079926801465,0.20213267468991808,-0.015643423983565476,0.006314257413877054
185,6.1666665,approach,unknown_no_ground_truth,0.5626830536972056,-0.09732972746914506,0.1359772733867599,0.01871810535080047,1.3508754915447212,0.87332237,1.165364,-6.9015636,0.20399726123853962,11.96208474030018,0.025624106265360908,0.20238154009426473,-0.014305809825894421,0.012071092458804538
186,6.2,approach,unknown_no_ground_truth,0.5630521745341333,-0.0975116216904752,0.13544837601397447,0.021103796864854554,3.032379105775707,0.87332237,1.1122769,-7.1470776,0.20427583350515438,12.018742440888467,0.02517936012064405,0.2027180701815713,-0.012642585008210968,0.016897789394568867
187,6.233333,approach,unknown_no_ground_truth,0.5635567927819107,-0.09771886398754578,0.13494549213259954,0.022446114562395737,3.032379105775707,0.87332237,1.1438962,-7.0008464,0.20460817483128996,12.172902775654975,0.02478126801502048,0.20310192998432938,-0.01162437243150837,0.019201615153985933
188,6.266667,approach,unknown_no_ground_truth,0.5641070521162637,-0.09790270465711848,0.13446172086378166,0.021667172801479787,3.032379105775707,0.87332237,1.0681231,-7.351277,0.20492855401583082,12.3365057352095,0.024404383601424745,0.2034702393768037,-0.011527212043406763,0.018346382741988233
189,6.3,approach,unknown_no_ground_truth,0.5645907967541843,-0.09801734177194675,0.1339819810383365,0.019162275831862738,3.032379105775707,0.87332237,1.0712609,-7.3367653,0.20516920567104988,12.428108252918841,0.024012796490324333,0.20375914350135022,-0.01225938172773206,0.014727537971777229
190,6.3333335,approach,unknown_no_ground_truth,0.5649457868218786,-0.0980036466157834,0.13350344116751206,0.016284470814454655,2.030886364161447,0.87332237,1.1583205,-6.934138,0.2052588360070073,12.487624534798677,0.02358709221371041,0.20389908984557398,-0.012731310878960048,0.010153704398400569
191,6.366667,approach,unknown_no_ground_truth,0.5651527376888341,-0.0978690917572857,0.13306500899361406,0.014212334042550973,1.6304702754700262,0.87332237,1.1555623,-6.946894,0.2051977967704066,12.521109381534888,0.023164043187198936,0.20388615181676922,-0.012064208841664512,0.007513008981876512
192,6.4,approach,unknown_no_ground_truth,0.565268190829191,-0.09762329292366745,0.13269776107529915,0.013389601106128999,1.6304702754700262,0.87332237,1.1725352,-6.8683987,0.20500532424025159,12.533979108655187,0.022782812340152416,0.20373543243315356,-0.010330684057240459,0.008518120960090244
193,6.4333334,approach,unknown_no_ground_truth,0.5653654761776359,-0.09728837116208797,0.13242133919590782,0.013162327264338568,1.6304702754700262,0.87332237,1.1620944,-6.916685,0.2047173066902147,12.540083206435229,0.022475331529735763,0.2034798150459251,-0.007794713675237086,0.010606097196170812
194,6.4666667,approach,unknown_no_ground_truth,0.565448383381452,-0.09688824067057916,0.1322536738105881,0.01316617230721351,1.6304702754700262,0.87332237,1.1883247,-6.795377,0.2043563742253123,12.545035541570432,0.022263165224339136,0.20314004814587808,-0.0053839380942300495,0.012015044894661627
195,6.5,approach,unknown_no_ground_truth,0.5655194222707065,-0.09646545965007434,0.13215761236340373,0.01309220879242587,1.2444587769157271,0.87332237,1.1700499,-6.879893,0.20396655683896256,12.487284349147437,0.022116402642934928,0.2027639540028684,-0.0039037780800865113,0.012496657463734427
196,6.5333333,approach,unknown_no_ground_truth,0.5655898077166703,-0.09604156858615927,0.13209572343616444,0.012936265830739112,1.2444587769157271,0.87332237,1.2479634,-6.519563,0.20357353943046563,12.421078749884346,0.022002913583982313,0.20238097180827833,-0.0030997489933497257,0.012559400058194486
197,6.5666666,approach,unknown_no_ground_truth,0.5656636769010974,-0.09562158857298031,0.13205352004803902,0.012839189627002192,1.1139135555216964,0.87332237,1.2645663,-6.4427795,0.20318400927720948,12.375087128420164,0.02190975289398306,0.201999268201857,-0.002731922055033871,0.012545174058710393
198,6.6,approach,unknown_no_ground_truth,0.5657414833261077,-0.09520305936358195,0.13201485934489177,0.01218647353351358,1.1139135555216964,0.87332237,1.2586023,-6.4703617,0.2027966986277897,12.353131142177176,0.02182078560909144,0.2016193301490029,-0.0024742059467301454,0.011932662825882248
199,6.633333,approach,unknown_no_ground_truth,0.5658110940817004,-0.09482563975551567,0.13198440034042166,0.011356758229799185,1.0200905527937347,0.87332976,1.2569143,-6.478168,0.20244716159467752,12.331320755896014,0.021744805977686313,0.2012759713694962,-0.002270837221973982,0.011127410112034561
200,6.6666665,approach,unknown_no_ground_truth,0.5658722605202124,-0.09445981819381284,0.1319539057039478,0.010915036132671124,1.0200905527937347,0.87332976,1.2715269,-6.4105883,0.20210713530424176,12.308728435421973,0.0216693965957106,0.20094210955413228,-0.0022553698500981773,0.010679481289687449
201,6.7,approach,unknown_no_ground_truth,0.5659296244688419,-0.09411041224706052,0.13192193835747007,0.010622353547128923,0.9805452223804826,0.87332976,1.2428071,-6.54341,0.20178241946493508,12.293797883309825,0.021594448121512698,0.20062358937934074,-0.0021693221805390334,0.010398482396831943
202,6.733333,approach,unknown_no_ground_truth,0.5659944795658249,-0.09376488375053126,0.13189378972306504,0.010755141000523433,0.9805452223804826,0.87332976,1.2063341,-6.7120876,0.20146301950377649,12.284173803386523,0.021524775245734897,0.20030984069236243,-0.0020615718155862963,0.01055570838884442
203,6.766667,approach,unknown_no_ground_truth,0.5660684681897452,-0.09340904839192887,0.13186790563600875,0.011130314652792616,0.9805452223804826,0.87332976,1.1959404,-6.760156,0.20113563668923903,12.278189037656084,0.02145699552549442,0.19998785385468906,-0.001957904668711114,0.010956756526381757
204,6.8,approach,unknown_no_ground_truth,0.5661566434949955,-0.09304231159791662,0.13184692495311007,0.01136106836194318,0.8875214255516185,0.87332976,1.2645674,-6.4427743,0.20080069438859313,12.276805052713867,0.02139426103242932,0.1996577182625742,-0.0017006551659638687,0.011233060416966815
205,6.8333335,approach,unknown_no_ground_truth,0.5662614290101672,-0.09267733949292467,0.13183582992340395,0.010891695099561586,0.8875214255516185,0.873315,1.2819536,-6.362368,0.2004707599008243,12.273098175057187,0.021343618615346508,0.19933132096992834,-0.0011831114533127779,0.010827246622796305
206,6.866667,approach,unknown_no_ground_truth,0.566378707618871,-0.09235102195095017,0.13184019377898798,0.009352781846828018,0.8875214255516185,0.873315,1.2637364,-6.4466176,0.20018038470737293,12.267319879914323,0.021315387005747248,0.19904230881495283,-0.0005862710624387264,0.009334388813184434
207,6.9,approach,unknown_no_ground_truth,0.5664864163832604,-0.09209607898058415,0.13185291464954002,0.007153114270350321,0.832425370858973,0.873315,1.292659,-6.312858,0.19995673305007555,12.271186167906396,0.021304533912639714,0.1988185401989069,-0.00014041811671331123,0.0071517359093571185
208,6.9333334,approach,unknown_no_ground_truth,0.5665745234282544,-0.09191719350683221,0.13186948078014885,0.004647474918849436,0.6733895851279449,0.873315,1.3166972,-6.201688,0.19980227053280486,12.279432422984332,0.02130602580629872,0.1986630327323266,0.00023920081803096638,0.004641315125046766
209,6.9666667,approach,unknown_no_ground_truth,0.5666376987388658,-0.09182813417329316,0.13188917366986389,0.002386351567135231,0.444889277157804,0.873315,1.3898801,-5.8632364,0.1997291086373758,12.286073065929871,0.02132048061964769,0.198587899790566,0.00047569709208525204,0.0023384580557603354
210,7.0,approach,unknown_no_ground_truth,0.5666757106798096,-0.09179997819633179,0.13190596813950917,0.0010597527978009921,0.08816446525982254,0.873315,1.3642669,-5.981691,0.19970946266877598,12.286705794693972,0.021337738917543366,0.19856628711172997,0.00042848536595011357,0.0009692658477495364
211,7.0333333,approach,unknown_no_ground_truth,0.5666910839763016,-0.09179101786998775,0.13191681126061372,0.00039172917602130794,0.04769831190802678,0.873315,1.2664132,-6.434238,0.19970360945635132,12.285842897320542,0.021349046285284848,0.19855918476012047,0.00024105078336533723,0.00030878190877266454
212,7.0666666,approach,unknown_no_ground_truth,0.5666929106353571,-0.09178836607846964,0.13192182142938225,0.00019825851805073592,0.04769831190802678,0.873315,1.2134403,-6.6792235,0.19970112897415357,12.285641851169602,0.021353808955463842,0.19855617783550597,-0.00012023816581421834,0.00015763636465392913
213,7.1,approach,unknown_no_ground_truth,0.5666805526355804,-0.09178575507720113,0.13191080386080134,0.0010532035796128256,0.04769831190802678,0.873315,1.2050143,-6.7181916,0.19969645925988935,12.285641851169602,0.021341030414698793,0.1985528550834149,-0.0009529677958885321,0.0004484307751577972
214,7.133333,approach,unknown_no_ground_truth,0.5666552141749268,-0.09178239720221865,0.13186288683597175,0.002347597472628387,0.04769831190802678,0.873315,1.1626034,-6.914331,0.19969049622658536,12.285548632093448,0.021290277825620083,0.1985523063409937,-0.002272555943066726,0.0005888152334334563
215,7.1666665,approach,unknown_no_ground_truth,0.5666275228586064,-0.09178401760763989,0.13176356573964984,0.003955135417422619,0.25267672288092097,0.873315,1.1328552,-7.0519085,0.19969224879277145,12.280872482952208,0.021189526820013748,0.1985648462871967,-0.003879853678075553,0.0007680049523762168
216,7.2,approach,unknown_no_ground_truth,0.5666212126688308,-0.09179531337413477,0.13160173205775372,0.005891863013747051,0.4333814127144381,0.873315,1.1005092,-7.2015,0.19971258406108625,12.272842899094995,0.021031621143977674,0.19860208242718058,-0.005599186631073947,0.0018338917206758042
217,7.233333,approach,unknown_no_ground_truth,0.5666560997316679,-0.09182181662107458,0.13137364396812362,0.008273889727212946,0.45690715444558394,0.873315,1.1822239,-6.823591,0.1997618533001183,12.27245578491135,0.020816248043529443,0.1986743109999082,-0.007572791460699499,0.00333317876970868
218,7.266667,approach,unknown_no_ground_truth,0.5667221692307411,-0.0918630739901079,0.1310637015893606,0.010687522048376882,0.5480711547103164,0.873315,1.1381843,-7.0272627,0.19983862264619598,12.284019576444303,0.020526750587143545,0.19878160782995472,-0.00959972948505368,0.004697693194359653
219,7.3,approach,unknown_no_ground_truth,0.566817235636965,-0.09191612682040746,0.13068603565227216,0.01249467682532229,0.5742144666654035,0.87332976,1.200523,-6.7389627,0.19993888892140052,12.29938038575151,0.02017627656793914,0.19891826755473763,-0.011180275390507515,0.005578386071406133
220,7.3333335,approach,unknown_no_ground_truth,0.5669178168316265,-0.09197400114907055,0.13026166103364528,0.013752360769330299,0.619354483293326,0.87332976,1.1685883,-6.8866525,0.2000492803681405,12.311974815019044,0.01978139955787703,0.19906885946160058,-0.01253226415727055,0.005663018790557465
221,7.366667,approach,unknown_no_ground_truth,0.5669926388993287,-0.09203339118292143,0.12979382065044232,0.01430202535765722,0.6426924789585386,0.87332976,1.247319,-6.522544,0.20015936679335827,12.313313793744554,0.019340793034448342,0.19922275432268466,-0.013223370176346337,0.005448890759630294
222,7.4,approach,unknown_no_ground_truth,0.5670599185521181,-0.09209373962308695,0.1293264765124743,0.013496122936263635,0.7398141422724915,0.87332976,1.3344239,-6.1197066,0.20026966666621182,12.328316769016652,0.0188998423307912,0.1993758645033717,-0.012273075500589103,0.005613996087243101
223,7.4333334,approach,unknown_no_ground_truth,0.5671602500191996,-0.09215969525854188,0.12891889941340973,0.011780288821991293,0.7735837178022669,0.87332237,1.2246428,-6.627415,0.20038934947212134,12.3420329737701,0.018522588729356148,0.19953146390638019,-0.010056096442644307,0.0061359700998105835
224,7.4666667,approach,unknown_no_ground_truth,0.5673007811605643,-0.09222893212251479,0.1285912991313922,0.01003439604480943,0.7735837178022669,0.87332237,1.3583262,-6.009165,0.20051584514350776,12.360106738077004,0.018229436498007137,0.19968548219282317,-0.007547562243430064,0.006612367818386701
225,7.5,approach,unknown_no_ground_truth,0.5674735926459339,-0.0922979177681707,0.12834425407211328,0.008550312820829986,0.7398141422724915,0.87332237,1.332416,-6.1289926,0.20064351204748387,12.40491301055288,0.018019418360997408,0.19983272877254157,-0.005410305687355251,0.006620909431748865
226,7.5333333,approach,unknown_no_ground_truth,0.5676477543088796,-0.09236024183227826,0.12815852830189697,0.007069765798301765,0.6452233855201325,0.87332237,1.2378197,-6.5664754,0.20076027340775315,12.452526287620003,0.017868749773229282,0.19996348456730176,-0.0037799010606900637,0.005974440259491389
227,7.5666666,approach,unknown_no_ground_truth,0.5678037576931246,-0.09241045886677143,0.12802729107684965,0.0053613432834689985,0.6452233855201325,0.87332237,1.2518374,-6.5016475,0.20085668441210192,12.472316026476921,0.01776742518124954,0.20006930368112796,-0.002362502602700379,0.004812752149802863
228,7.6,approach,unknown_no_ground_truth,0.567925488182285,-0.09244278524518425,0.1279492405281185,0.003758385083355008,0.6452233855201325,0.87332237,1.3422626,-6.0834546,0.2009233223073933,12.48967787646321,0.017711249739906076,0.20014118286772295,-0.0011905327969583413,0.0035648408231156664
229,7.633333,approach,unknown_no_ground_truth,0.5680192382919982,-0.09246226244896665,0.12791039709117627,0.003262129461955472,0.6452233855201325,0.87332237,1.2991782,-6.2827086,0.20096764346791143,12.507247513358328,0.01768805639876483,0.2001877278503347,0.00044290547193425426,0.003231922550044879
230,7.6666665,approach,unknown_no_ground_truth,0.5681395865910744,-0.09248078555751041,0.12794559794264404,0.005311908450587833,0.6452233855201325,0.87332237,1.363722,-5.984211,0.20101107725352546,12.518638789779745,0.017740776745086492,0.20022666660338673,0.0030954769036521737,0.004316757362463449
231,7.7,approach,unknown_no_ground_truth,0.5683309003453635,-0.09249972462781321,0.12807431542894473,0.008137518330890476,0.7810916363166464,0.87332237,1.3641388,-5.982283,0.20106394722501217,12.533012402782774,0.017894421341990357,0.20026607440736882,0.0056373923686837135,0.0058684761111454774
232,7.733333,approach,unknown_no_ground_truth,0.5685755691010894,-0.09251139819447038,0.12826698426692063,0.00972880680237173,0.9971242794109492,0.87332237,1.3876735,-5.873441,0.20111744901795828,12.551409778822073,0.018116602568477674,0.20029981780038364,0.006869923386187944,0.006888674362007716
233,7.766667,approach,unknown_no_ground_truth,0.568839650452674,-0.0924869936224258,0.12847635927568207,0.009707516680457256,1.1421922553829271,0.87332237,1.4005511,-5.813886,0.20113981537675393,12.572715700649946,0.01835240583335438,0.2003008101080036,0.006467280800906847,0.00723948611046237
234,7.8,approach,unknown_no_ground_truth,0.5690832799446206,-0.09240920261948285,0.128655132689185,0.008236005837985763,2.3633154011700266,0.87332237,1.4609432,-5.5345883,0.20110867400424287,12.577586286746996,0.018547771321198534,0.200251539167022,0.00451626623636822,0.006887316708673707
235,7.8333335,approach,unknown_no_ground_truth,0.5692648036970527,-0.09228328220997117,0.1287578205952007,0.00592429281184833,3.60390569638093,0.87332237,1.3643849,-5.981145,0.20102255403868727,12.537949850741144,0.01865348998111847,0.20015522612153114,0.0014559064569322497,0.005742611053273657
236,7.866667,approach,unknown_no_ground_truth,0.5693598218665128,-0.09214623210390413,0.12875690966430542,0.0045612993693614715,3.60390569638093,0.87332237,1.338431,-6.101175,0.20091324194319723,12.45469419355314,0.018644831665267654,0.20004624725372766,-0.002036140336132323,0.0040816154238870065
237,7.9,approach,unknown_no_ground_truth,0.5693667069509427,-0.09201982137246718,0.12864524784267237,0.006155574891178307,3.60390569638093,0.87332237,1.229369,-6.6055574,0.20080182783317976,12.367209020645818,0.0185177474128669,0.19994616048301408,-0.005017117990264738,0.003566458931863192
238,7.9333334,approach,unknown_no_ground_truth,0.5693270979894404,-0.09186228712052025,0.12846244575592908,0.008641873233672718,3.60390569638093,0.87332237,1.2605541,-6.4613347,0.20065495924419952,12.310017145803057,0.018310357430297533,0.1998177756859137,-0.006678898369486576,0.005484003059530375
239,7.9666667,approach,unknown_no_ground_truth,0.5692990867076937,-0.09159358332993776,0.1282635831693465,0.01197311190153971,2.111876795751624,0.8377338,1.2552658,-6.4857917,0.20040502956995696,12.28190280356839,0.0180724879178915,0.19958847927020482,-0.007209108108895815,0.0095595067279146
240,8.0,approach,unknown_no_ground_truth,0.5693053953412746,-0.0911623122246927,0.12807943380387546,0.01651930447673278,2.0854039550947845,0.8377338,1.321278,-6.180503,0.20000542448350403,12.253074215873475,0.01782975065082399,0.1992091107719626,-0.007268890005131165,0.014834104573189039
241,8.033334,approach,unknown_no_ground_truth,0.5693445077564393,-0.09054856225122285,0.12791900299283043,0.02134140583970611,1.8202833118983281,0.8377338,1.3228401,-6.173279,0.1994358877472486,12.215325149494433,0.017587878842863836,0.1986588529095592,-0.0071681733006443826,0.020101564485058645
242,8.066667,approach,unknown_no_ground_truth,0.5694110872882105,-0.08977441693815225,0.12778480409229093,0.024505399336441476,1.7141925808105691,0.8377338,1.3280419,-6.1492214,0.19871639537180397,12.174522271250057,0.017351872740910004,0.19795736485906854,-0.006550726785797977,0.02361360995731689
243,8.1,approach,unknown_no_ground_truth,0.5695126448768691,-0.0889396156415259,0.12769102317369457,0.024169377128684767,1.646219180582453,0.8377338,1.3504311,-6.0456777,0.19794401702648964,12.142026192770505,0.01715116512800763,0.19719957254348963,-0.004845050382670997,0.02367877272110972
244,8.133333,approach,unknown_no_ground_truth,0.5696634769107223,-0.08818804731837092,0.12765833460489845,0.0204607487440941,1.646219180582453,0.8377338,1.3838192,-5.8912663,0.19725940164845318,12.118703140664179,0.01702886746894282,0.19652299919203084,-0.0018124177407840816,0.02038031847400426
245,8.166667,approach,unknown_no_ground_truth,0.5698902842964033,-0.08762907683115355,0.1277132134672637,0.016220057738077408,1.8202833118983281,0.7766099,1.449651,-5.586812,0.19677238520676654,12.104105448144441,0.017030340912818936,0.19603402528222819,0.0020469478641845563,0.016090378412824072
246,8.2,approach,unknown_no_ground_truth,0.5701990488205939,-0.08727133808724077,0.1278635217463972,0.014561107948725852,1.8202833118983281,0.7766099,1.4698616,-5.4933434,0.1964922744859046,12.115012636982492,0.01716532673208091,0.19574106746113595,0.00581457383358009,0.013349778868142082
247,8.233334,approach,unknown_no_ground_truth,0.5705816575967775,-0.08706877172104259,0.12810102311209057,0.014887547432879952,1.8202833118983281,0.7766099,1.3787959,-5.9144983,0.19637374394518267,12.138275718265888,0.01741798214309748,0.1955997474668894,0.00851788973807004,0.012210021415883412
248,8.266666,approach,unknown_no_ground_truth,0.5709933095977697,-0.08697867849741726,0.12838174970368998,0.014238266452997438,1.6252882632881536,0.7766099,1.4001254,-5.8158545,0.19636844810997936,12.16029464300654,0.017733183739131374,0.195566105467169,0.009020930159477346,0.011015945290549705
249,8.3,approach,unknown_no_ground_truth,0.5713631051553265,-0.08695720807454409,0.1286281876598864,0.011206271260562064,1.515712432914536,0.7766099,1.3843641,-5.8887463,0.19642249989320784,12.16213312172191,0.018019376061343236,0.19559422422622075,0.006910881440059537,0.008821577709612942
250,8.333333,approach,unknown_no_ground_truth,0.571629649548163,-0.08695045112447942,0.12877215385548496,0.006594962073961982,1.515712432914536,0.7766099,1.4001622,-5.8156843,0.19647324797051577,12.15112025941843,0.018193911945853798,0.1956290334694477,0.0030464775378725357,0.005849145182694222
251,8.366667,approach,unknown_no_ground_truth,0.5717739125560245,-0.08694003745772,0.12878388779859357,0.003167922441222882,1.0054238476877977,0.76681525,1.3228139,-6.1734,0.19649987203509334,12.13872897368448,0.018222470171456354,0.19565311469705368,-0.00132692635584539,0.002876629805825981
252,8.4,approach,unknown_no_ground_truth,0.5718082717518808,-0.08692577327254492,0.1286622057798511,0.005161278510603291,0.9015425162804861,0.76681525,1.3576165,-6.012447,0.19650523488355673,12.130515354572138,0.018105454460335572,0.1956693636097039,-0.005099528637157488,0.0007959921751035075
253,8.433333,approach,unknown_no_ground_truth,0.5717712673291301,-0.08692241853706112,0.12844026157729277,0.007734318686741494,0.8615486136814594,0.76681525,1.3709928,-5.9505854,0.1965109757468637,12.126319190335831,0.017882498866640895,0.19569563056764713,-0.0076084218116515825,0.0013898212417656883
254,8.466666,approach,unknown_no_ground_truth,0.5716914030196348,-0.08692859816337115,0.1281600140929312,0.008862206404296599,0.7393619875321179,0.76681525,1.390016,-5.862608,0.19651996852175982,12.109471914437664,0.017598228599753074,0.19573042782854255,-0.00863437628384165,0.0019965591755288664
255,8.5,approach,unknown_no_ground_truth,0.5716071532139047,-0.08693644121013623,0.12787287241950446,0.008370542433884227,0.6755299023134007,0.76681525,1.3860236,-5.8810716,0.19653045395195026,12.091387894799732,0.017306874105119267,0.19576693142425558,-0.008164554342275325,0.0018455441012041932
256,8.533334,approach,unknown_no_ground_truth,0.5715446434486307,-0.08694529826648953,0.12762187336001657,0.006831150365182049,0.6732950094929876,0.76681525,1.375216,-5.931054,0.1965448101010378,12.077935124905071,0.017053917674993483,0.19580353998226785,-0.006696785829873808,0.001348211726891668
257,8.566667,approach,unknown_no_ground_truth,0.5715154180277834,-0.08695403036337565,0.12742714295067692,0.004848560391641768,0.4522202528973087,0.76681525,1.4329798,-5.663912,0.1965629742170275,12.070258877078125,0.016860420463242803,0.19583852801439883,-0.0047389896758069806,0.0010249462054138397
258,8.6,approach,unknown_no_ground_truth,0.5715218658303506,-0.08696405491141188,0.1272999878510682,0.002988350415007061,0.31248745492259,0.76681525,1.420844,-5.720037,0.19658572526595966,12.067781873098708,0.01673798734226222,0.19587186413079763,-0.0027258131813168844,0.0012248186410371144
259,8.633333,approach,unknown_no_ground_truth,0.5715576524467539,-0.08697358275081399,0.12723343071191032,0.0019323375302189136,0.16441963488780734,0.76681525,1.4218946,-5.715178,0.1966102002767336,12.069986441817534,0.0166786979733544,0.19590148515713432,-0.001059833447020845,0.001615760314919402
260,8.666667,approach,unknown_no_ground_truth,0.5716155933316336,-0.08698066862272205,0.1272131879506082,0.0019220436880355693,0.16441963488780734,0.76681525,1.427926,-5.6872845,0.19663390917621493,12.071964566262636,0.01666733319552908,0.19592624694529612,0.0002215650593287146,0.001909230437428137
261,8.7,approach,unknown_no_ground_truth,0.5716850837454368,-0.08698651361626664,0.12722984425106248,0.0021195114265108164,0.16300121081237143,0.76681525,1.438169,-5.639913,0.1966561027067697,12.07373171626091,0.01669346791246661,0.19594629585902104,0.000967014062181145,0.001886057393255528
262,8.733334,approach,unknown_no_ground_truth,0.5717485064454935,-0.08699201741815701,0.12725978352846085,0.0015633075902023144,0.16300121081237143,0.76681525,1.4281429,-5.686281,0.19667520825917217,12.07478787060849,0.016731801065078617,0.19596220139840076,0.0006288730065576344,0.0014312404980321544
263,8.766666,approach,unknown_no_ground_truth,0.5717849012037861,-0.08699698697160471,0.1272579315378126,0.0010938564289707598,0.16441963488780734,0.76681525,1.4418545,-5.622869,0.1966896435921259,12.075726196838376,0.01673539375563804,0.19597638248585278,-0.0008332790832725932,0.0007086380293076642
264,8.8,approach,unknown_no_ground_truth,0.5717842878157675,-0.08700179799706023,0.12719699792237904,0.0031135435472703873,0.16553238044099358,0.76681525,1.3688675,-5.960414,0.19669962758847434,12.07649349930843,0.016676247362075364,0.19599144437286892,-0.0030399134533598444,0.0006731118902759717
265,8.833333,approach,unknown_no_ground_truth,0.5717416558768218,-0.08700870029184184,0.12705525783185062,0.005627083375231352,0.43946910532329464,0.76681525,1.4067619,-5.7851624,0.19670805830088026,12.074231457574701,0.016532735487845875,0.19601206304151644,-0.005423025339361523,0.0015016202850414299
266,8.866667,approach,unknown_no_ground_truth,0.5716658253662132,-0.08701867352511256,0.1268414525642253,0.00761123899986094,0.6275429662078968,0.6988071,1.3942531,-5.8430123,0.19671756559623493,12.060841394942598,0.016314710530305532,0.19603987052235405,-0.007299977181156238,0.002154365862058343
267,8.9,approach,unknown_no_ground_truth,0.5715697529011872,-0.08703091302387866,0.1265783670474965,0.008499556726466873,0.6275429662078968,0.6988071,1.4001359,-5.8158064,0.19672887425294278,12.047542200715528,0.016046072276686564,0.19607338812118671,-0.00815685507850792,0.002389179728410531
268,8.933333,approach,unknown_no_ground_truth,0.571474633981526,-0.08704268151884546,0.12630858606300266,0.007951833588479227,0.6275429662078968,0.6988071,1.4297342,-5.6789217,0.19674101380047865,12.03298005487859,0.015770920501936847,0.19610789014662752,-0.007652122686349969,0.0021625623255560862
269,8.966666,approach,unknown_no_ground_truth,0.5713970779522507,-0.08705309443144449,0.12607764591328488,0.006295580999573714,0.6275429662078968,0.6988071,1.371962,-5.946103,0.19675306271516999,12.023100510578045,0.015535930123763825,0.1961387329493824,-0.006071615321328386,0.0016642798779063477
270,9.0,approach,unknown_no_ground_truth,0.5713443664867219,-0.08706235326668799,0.12591009631059494,0.004244213324969887,0.4874802805151075,0.6988071,1.3736182,-5.938443,0.19676455026405892,12.015632124428278,0.015366148376843025,0.19616362997425954,-0.004108887070130169,0.0010631997896769264
271,9.033334,approach,unknown_no_ground_truth,0.5713175945060335,-0.0870684679651353,0.12580652324149888,0.002272357364437283,0.27830124642751164,0.6988071,1.4154145,-5.7451468,0.19677360749176032,12.013099881008078,0.015262000644319394,0.19618084499169164,-0.0022187224941854953,0.0004907937301022182
272,9.066667,approach,unknown_no_ground_truth,0.571315829945641,-0.0870719012335332,0.12576162287580736,0.0008299222660781704,0.09680398813356504,0.55637175,1.4144,-5.7498384,0.19678084641505078,12.013865943083594,0.015218231979467006,0.19619150575711203,-0.0007473669666921485,0.0003608511948569694
273,9.1,approach,unknown_no_ground_truth,0.5713308141855188,-0.08707434353032088,0.12575312083424833,0.0006264837174176991,0.08774190162137374,0.55637175,1.4161361,-5.7418094,0.19678789890436338,12.0143438717605,0.015212177284433855,0.19619904897185642,0.00017417482729265206,0.0006017848267670715
274,9.133333,approach,unknown_no_ground_truth,0.5713569671013352,-0.08707619227453833,0.12576742401989108,0.0009606488789319795,0.08727872553256064,0.55637175,1.4453675,-5.606622,0.19679503428010645,12.014817420200659,0.015229842966860665,0.196204835313794,0.0006067534488277566,0.0007447795116199774
275,9.166667,approach,unknown_no_ground_truth,0.5713852458852284,-0.08707815528240612,0.12578664993178704,0.0009414822891764971,0.0660900795553135,0.55637175,1.4794245,-5.4491177,0.19680235185551767,12.016985916802787,0.01525262760027241,0.19621040504303128,0.0006074984639578232,0.0007192597007492516
276,9.2,approach,unknown_no_ground_truth,0.5714097029990844,-0.08707954624295888,0.12580129439759166,0.0007270824046995141,0.05383794609007695,0.55637175,1.471112,-5.4875603,0.19680858423294434,12.019248572791888,0.015270342992829759,0.19621527833646715,0.00042896789033696045,0.0005870565324425626
277,9.233334,approach,unknown_no_ground_truth,0.5714277304487785,-0.08708082569148036,0.12580983283766867,0.00048583783089557026,0.044709898425676825,0.55637175,1.4608359,-5.5350847,0.1968136454032068,12.020364960665553,0.015281225214891381,0.19621950762559515,0.00024920788980192554,0.0004170537442462111
278,9.266666,approach,unknown_no_ground_truth,0.5714393987825737,-0.08708235359020847,0.1258139179752081,0.00031559929824700767,0.025816806808569574,0.5265078,1.4503466,-5.583595,0.1968177355562059,12.021032316455928,0.01528695700562716,0.19622316370648168,0.00013615543110271088,0.00028471848488505035
279,9.3,approach,unknown_no_ground_truth,0.5714477047919205,-0.08708259142430383,0.1258162030314835,0.00014123589312022683,0.02282163710412328,0.5265078,1.4530946,-5.570886,0.19681989180294895,12.021569483503978,0.0152903021447253,0.19622506585461383,7.667912897388567e-06,0.00014102758814241344
280,9.333333,approach,unknown_no_ground_truth,0.57144876054343,-0.08708296998810544,0.1258131192494391,0.00014057440852380016,0.02282163710412328,0.5265078,1.4917772,-5.3919897,0.19682083032290254,12.021800849036794,0.015287468398079495,0.1962262280098522,-0.00013591247514988216,3.5902136850735316e-05
281,9.366667,approach,unknown_no_ground_truth,0.5714465879524342,-0.08708363550341625,0.12580695684261667,0.00010508706688203407,0.02282163710412328,0.5265078,1.4276581,-5.6885233,0.19682150944625865,12.022113494199008,0.015281241202635246,0.19622739423436925,-5.089950363385119e-05,9.193765363384401e-05
282,9.4,approach,unknown_no_ground_truth,0.5714539104574995,-0.08708475608917408,0.12580871821380887,0.0005663987691874692,0.02282163710412328,0.5265078,1.4551613,-5.561328,0.1968243105675739,12.022451860214648,0.015284074863806965,0.19622998314722023,0.00034106517535485806,0.00045219698351187614
283,9.433333,approach,unknown_no_ground_truth,0.571479410416687,-0.08708649145665066,0.12582540632997471,0.0013736720242934436,0.023678888506916726,0.5265078,1.456443,-5.555401,0.19683095406427278,12.022799380961665,0.015303979325740104,0.1962350954713483,0.0009348144849079396,0.0010065270533536348
284,9.466666,approach,unknown_no_ground_truth,0.5715283643588744,-0.08708875997642324,0.1258618875131466,0.0021780325016878864,0.1518944185223753,0.5211082,1.4639919,-5.520489,0.19684226614101405,12.025956320700674,0.015346395147948031,0.19624312954978282,0.0015279366852557642,0.001552171080860103
285,9.5,approach,unknown_no_ground_truth,0.5715948512041235,-0.08709174325722309,0.12591332474237665,0.0026711459181657194,0.1518944185223753,0.5211082,1.5057107,-5.3275504,0.1968573813621765,12.034190164911577,0.015405842139572107,0.19625363340520346,0.0018951772621868179,0.0018823718179529414
286,9.533334,approach,unknown_no_ground_truth,0.5716686906776762,-0.08709506977975233,0.1259713441883988,0.0027184641039097795,0.1518944185223753,0.5211082,1.5846646,-4.96241,0.19687413509361287,12.041868796641264,0.015472741993705788,0.19626517603501223,0.0019414135560654486,0.0019028821530960112
287,9.566667,approach,unknown_no_ground_truth,0.571736826638595,-0.08709720677061387,0.12602583166043504,0.0022117352499835237,0.1518944185223753,0.5211082,1.6093593,-4.8482037,0.1968886456144979,12.04827708857077,0.015535269733618552,0.19627479248801935,0.001587454183177888,0.001540052607001042
288,9.6,approach,unknown_no_ground_truth,0.5717837332878699,-0.08709964756241934,0.12606345915981385,0.0012526111363523713,0.1312505110550318,0.5211082,1.5866545,-4.953207,0.19689957709484077,12.051462307911594,0.01557857159960748,0.19628232617085792,0.0009017018703189837,0.000869464430541713
289,9.633333,approach,unknown_no_ground_truth,0.5718018995132064,-0.08710078179762519,0.1260780465970355,0.0003986539025663155,0.058686267334345794,0.5211082,1.6266103,-4.768422,0.19690399554491403,12.052738142864012,0.015595383914180366,0.19628542345808778,0.0002845414041390771,0.00027921519185373085
290,9.666667,approach,unknown_no_ground_truth,0.5718046269703498,-0.08710156192877143,0.12607977134711715,2.9848827477071983e-05,0.058686267334345794,0.5211082,1.6247818,-4.7768784,0.19690528979815486,12.053709507233174,0.015597540567158537,0.19628655042756035,-1.0002415177237281e-06,2.983206360046568e-05
291,9.7,approach,unknown_no_ground_truth,0.5718033809279353,-0.08710203267754428,0.1260775983352723,0.0005082613667315447,0.058686267334345794,0.5211082,1.594798,-4.915546,0.19690562650325102,12.054389508718694,0.015595317378783969,0.1962870648425229,0.0003344530468127086,0.00038271500674720604
292,9.733334,approach,unknown_no_ground_truth,0.5718327974862055,-0.08710400114523878,0.12609844410844617,0.0022061541702272486,0.058686267334345794,0.5211082,1.6040667,-4.87268,0.19691318073850778,12.05520011903431,0.015619838158833,0.1962926932018818,0.0015351573923803178,0.0015844267112842877
293,9.766666,approach,unknown_no_ground_truth,0.5719211400563685,-0.08710916802331545,0.12616542115282162,0.0046220508226419744,0.2819433849428628,0.5211082,1.5994309,-4.8941197,0.19693477063948425,12.062030988863597,0.0156976596043993,0.19630814392115953,0.0032726377342799833,0.0032639234162664013
294,9.8,approach,unknown_no_ground_truth,0.572076159402292,-0.0871169949074724,0.12628700625539085,0.006795836236617702,0.5411897639792635,0.5211082,1.6540908,-4.6413326,0.1969712239994186,12.074858515733977,0.01583801556683147,0.19633344174320874,0.004841006854171505,0.004769490831607788
295,9.833333,approach,unknown_no_ground_truth,0.5722771216956772,-0.08712681476300582,0.12644510546333043,0.008362175744825482,0.9157571267034099,0.5211082,1.6858966,-4.494239,0.19701840568094467,12.099144122637682,0.016020391906708186,0.1963659828489058,0.005966378609270805,0.005859036565697757
296,9.866667,approach,unknown_no_ground_truth,0.5725136413921907,-0.08713899535957262,0.12663183728558788,0.009671005339105537,0.9644482701227175,0.5211082,1.6724832,-4.556272,0.1970748833555475,12.12534092823831,0.016235774683727906,0.19640496243736272,0.006916359103161697,0.006759609532001101
297,9.9,approach,unknown_no_ground_truth,0.5727821287306747,-0.08715252667277124,0.1268450880485914,0.011418642142072994,1.0299934521289626,0.5211082,1.735355,-4.2655067,0.1971391320853695,12.147823611304599,0.016481481228353242,0.19644897092092947,0.008190619831540683,0.00795607536062208
298,9.933333,approach,unknown_no_ground_truth,0.5731084124701219,-0.0871690104413743,0.12710600935386163,0.014280658867976921,1.1227595399858157,0.5211082,1.7176641,-4.3473225,0.197217864364298,12.169485041789416,0.016781817025947162,0.1965025614126245,0.01027920724915677,0.009913380656083513
299,9.966666,approach,unknown_no_ground_truth,0.5735236497458329,-0.08718809270560784,0.12744112608623895,0.017917936572343703,1.4189223097839738,0.5211082,1.6900307,-4.4751196,0.19731720592143365,12.20281813649972,0.0171667586596303,0.19656902642523175,0.012927798509024913,0.012406630353185562
300,10.0,grasp_lift,unknown_no_ground_truth,0.5740366783721786,-0.08721049791932811,0.12785668024698776,0.021303243753155378,1.7936087661810078,0.49044654,1.7118562,-4.374182,0.19744061371404067,12.248048756259793,0.017643672047121996,0.19665069738109403,0.015401156348205757,0.014718443448424672
301,10.033334,grasp_lift,unknown_no_ground_truth,0.5746252121733856,-0.08723515823140053,0.1283363430261496,0.022832703872543714,1.7936087661810078,0.49044654,1.7355896,-4.264422,0.19758356123090853,12.305078144896509,0.018193516190148838,0.19674414765712084,0.016552980593966874,0.015726766978213565
302,10.066667,grasp_lift,unknown_no_ground_truth,0.575214272158922,-0.08725894724613159,0.12881998381877094,0.021126811374266353,1.7936087661810078,0.49044654,1.7191814,-4.3403053,0.19772830883927736,12.363238745091488,0.01874720294664438,0.19683756373750916,0.015344453355914549,0.014522049099627536
303,10.1,grasp_lift,unknown_no_ground_truth,0.5757129407763586,-0.08727865793383352,0.12923003416478598,0.016619572744360437,1.7936087661810078,0.49044654,1.7773912,-4.0711007,0.19785259979932265,12.405669100772457,0.0192164763342234,0.1969171863617982,0.012098640319980626,0.011394432878069335
304,10.133333,grasp_lift,unknown_no_ground_truth,0.5760681784342163,-0.0872928976601257,0.12952518007509,0.010846612577925175,1.253153376925955,0.49044654,1.7825687,-4.0471563,0.19794233071477732,12.435487219568722,0.019553781996768507,0.1969741503304967,0.00792794537113824,0.007402478409820076
305,10.166667,grasp_lift,unknown_no_ground_truth,0.5762682111474273,-0.0873008174870492,0.1296926990952167,0.005396913066592027,0.5634032425491655,0.49044654,1.7789104,-4.064075,0.1979931176109731,12.448827275081637,0.01974500131961397,0.1970061154994968,0.003912302157776117,0.003717601710056107
306,10.2,grasp_lift,unknown_no_ground_truth,0.5763466208422963,-0.08730520799494429,0.12975271750844636,0.0015746133468878183,0.23342405160317867,0.24050695,1.6986793,-4.435122,0.19801478142425297,12.449537335915114,0.019814605393754132,0.19702090009840195,0.0009808593012690585,0.0012317963400299706
307,10.233334,grasp_lift,unknown_no_ground_truth,0.5763580516044186,-0.0873074993376472,0.12974657905561449,0.000711811781565303,0.2263144826057668,0.24050695,1.664875,-4.591458,0.19802067232104498,12.449658046712846,0.019810389742898463,0.19702724462549118,-0.0006965288931179004,0.0001467089411969262
308,10.266666,grasp_lift,unknown_no_ground_truth,0.5763383458333741,-0.08730787587515927,0.12970606788559033,0.001503844985338792,0.16462284617830392,0.24050695,1.5562308,-5.093909,0.1980186062940247,12.450049285015867,0.019768171288206005,0.1970294085728019,-0.001398945461780185,0.0005518163959989375
309,10.3,grasp_lift,unknown_no_ground_truth,0.5763144580915462,-0.08731269779715914,0.12965644603712828,0.0017646717041337912,0.16462284617830392,0.24050695,1.4855294,-5.4208837,0.19802032996698932,12.449058849115099,0.01971712652609644,0.19703625555158427,-0.0016308969744136563,0.0006739742444773692
310,10.333333,grasp_lift,unknown_no_ground_truth,0.5762897838126222,-0.08732071579341133,0.1295996861293396,0.0019062914211632625,0.16462284617830392,0.24050695,1.5217713,-5.2532744,0.19802546036713278,12.445668811743328,0.019659445139241144,0.19704717498718943,-0.0018053563897108573,0.0006120745775890637
311,10.366667,grasp_lift,unknown_no_ground_truth,0.5762679613476627,-0.08732166522058317,0.1295385116908721,0.001974663888319876,0.18371621497112894,0.24050695,1.494194,-5.380812,0.19802499982619742,12.443860801517811,0.01959676938291519,0.19705295528339156,-0.0019476306085383199,0.0003256262958042944
312,10.4,grasp_lift,unknown_no_ground_truth,0.576251762950863,-0.08729912756217856,0.12947551486780443,0.002282805143663116,0.23342405160317867,0.24050695,1.5026894,-5.3415236,0.1980038277039361,12.443860095992125,0.019529603373384608,0.19703834747959165,-0.0021069856451939686,0.0008785276403627466
313,10.433333,grasp_lift,unknown_no_ground_truth,0.5762427576595164,-0.08724381400256892,0.12941019581384677,0.0028786723450128955,1.2223586362940912,0.24050695,1.5031334,-5.33947,0.19795354489175268,12.426198962171725,0.019456303609294377,0.1969950714740704,-0.0022670367807687826,0.0017740627679379208
314,10.466666,grasp_lift,unknown_no_ground_truth,0.5762403901729223,-0.0871602188241521,0.12934358786395211,0.0033085481565149825,2.139395698475408,0.24050695,1.532149,-5.205281,0.1978782168332979,12.380698494465328,0.019378467884312967,0.19692705167036423,-0.0022214858488645386,0.0024518343188872464
315,10.5,grasp_lift,unknown_no_ground_truth,0.5762448817954977,-0.0870615126067483,0.12928604764631,0.003328168024394692,2.139395698475408,0.19657896,1.5517832,-5.1144776,0.19778968115138867,12.32417977604931,0.019308204888202993,0.1968449928089693,-0.0018209773917779878,0.0027858111452926416
316,10.533334,grasp_lift,unknown_no_ground_truth,0.5762578339242401,-0.08696115909775773,0.1292471407272935,0.0028673867519338823,2.139395698475408,0.19657896,1.5289198,-5.220215,0.19770049419194252,12.280488718921358,0.01925706776294287,0.1967603891663963,-0.001158381686140309,0.0026229865905834657
317,10.566667,grasp_lift,unknown_no_ground_truth,0.5762760019049409,-0.08688141695100216,0.12923001994134437,0.002076641202014992,2.139395698475408,0.19657896,1.6016742,-4.883745,0.19763075801563837,12.254774986749776,0.01923097882185766,0.19669287218246892,-0.0004984828822855317,0.0020159249732999937
318,10.6,grasp_lift,unknown_no_ground_truth,0.5762942135295945,-0.08682893902076214,0.12922815365508689,0.0013792797820714278,1.1508191173989226,0.19657896,1.6139572,-4.8269396,0.19758588510363423,12.241516638670314,0.019223836122158548,0.19664848363751736,-6.276470652019899e-05,0.0013778509748323432
319,10.633333,grasp_lift,unknown_no_ground_truth,0.5763099412711576,-0.08679604978984601,0.12923399739399707,0.000923293969540352,0.9866805968726402,0.19657896,1.6255422,-4.773362,0.19755842267257126,12.230075797332232,0.01922679424547316,0.1966206010364035,9.12300744792982e-06,0.0009232488965196143
320,10.666667,grasp_lift,unknown_no_ground_truth,0.5763156185886777,-0.0867715778300711,0.12923449635032877,0.0007537248126181191,0.9815907901947136,0.19657896,1.6796854,-4.522964,0.19753659535113194,12.223295054932294,0.01922444414782582,0.19659889941229064,-0.0002900145234739482,0.0006956958166687489
321,10.7,grasp_lift,unknown_no_ground_truth,0.5763076834892069,-0.08674735023447928,0.12922182640708985,0.0007118828477316233,0.9815907901947136,0.19064753,1.6536531,-4.6433563,0.19751220856127916,12.211394824436642,0.01920746040339815,0.19657605651657103,-0.00025825266627665217,0.0006633873297369236
322,10.733334,grasp_lift,unknown_no_ground_truth,0.5763170022846555,-0.08672540035846055,0.1292236311498418,0.0015317263845508065,0.9815907901947136,0.19064753,1.6314276,-4.7461433,0.19749371779342992,12.200363314299102,0.019207227776701565,0.1965575004140133,0.0008539409414400747,0.0012716015829109069
323,10.766666,grasp_lift,unknown_no_ground_truth,0.5763858365818086,-0.0867091329594916,0.12927529237880295,0.0045705720828121766,0.9815907901947136,0.19064753,1.6637813,-4.596516,0.19749351268486298,12.193668915557353,0.019264388125555382,0.19655170033035607,0.003158265974054756,0.0033038591376313253
324,10.8,grasp_lift,unknown_no_ground_truth,0.5765556483730657,-0.08669782491322062,0.12941107372934632,0.008989335021761838,1.1818030491795921,0.19064753,1.6818779,-4.5128245,0.19752005510339105,12.190211516048983,0.01941778137170034,0.19656327717721708,0.00644325735163686,0.006268379282880978
325,10.833333,grasp_lift,unknown_no_ground_truth,0.5768516088336961,-0.0867071982188028,0.12965237793697731,0.01407570863677663,1.739542333938365,0.19064753,1.8021885,-3.9564197,0.1975942979211738,12.203674836325119,0.019693934716222362,0.19661041555918335,0.01006648492012958,0.009838264835845392
326,10.866667,grasp_lift,unknown_no_ground_truth,0.5772847779844484,-0.08668407069638598,0.1300016213991767,0.01975013063947804,3.2674088041609677,0.19064753,1.891183,-3.5448437,0.1976693589196068,12.21114555999238,0.02008888310268765,0.19664590570712345,0.013126268388806334,0.014756989478259885
327,10.9,grasp_lift,unknown_no_ground_truth,0.5778538827382025,-0.08641847954248238,0.1304559342762875,0.027285988980533107,4.325422652026987,0.19064753,2.0195963,-2.9509664,0.1975462432847221,12.194327867412118,0.020569016026254695,0.19647247597467254,0.014553249986789352,0.023080903566970463
328,10.933333,grasp_lift,unknown_no_ground_truth,0.5785174449396162,-0.0857577587028368,0.13096676563195853,0.040315965172677576,4.882694168351427,0.19064753,2.3282208,-1.5236601,0.1970732193202624,12.186010035070867,0.021059099105359136,0.19594480885729765,0.01520591615884306,0.03733841402061404
329,10.966666,grasp_lift,unknown_no_ground_truth,0.5793053867256,-0.08446125933875692,0.131590051025674,0.059405404869570695,5.011820629638548,0.19064753,2.4450989,-0.9831302,0.1960292969541361,12.148696964781628,0.021582741865835038,0.19483754904505857,0.017466512771171342,0.056779600732412006
330,11.0,grasp_lift,unknown_no_ground_truth,0.5801994535295263,-0.08248031092072422,0.13242064415415486,0.07766766350093902,7.52600297517069,0.19064753,2.554498,-0.47718856,0.19436259291403052,12.063830452162659,0.022223535508697607,0.19308788670902896,0.021367534102265606,0.07467057278529214
331,11.033334,grasp_lift,unknown_no_ground_truth,0.5811016129747502,-0.07998455429657281,0.13347246263372886,0.09042663604659691,7.52600297517069,0.19064753,2.6552713,-0.0111386925,0.19221108293635777,11.98187011183425,0.023007263249300434,0.19082915458950397,0.026778262891495645,0.08637071924684689
332,11.066667,grasp_lift,unknown_no_ground_truth,0.5819108650972531,-0.0772121510268547,0.13479961424219128,0.09614890026696349,7.945102592075769,0.19064753,2.506844,-0.6975753,0.18977165004047294,11.848688842511114,0.024008745125069078,0.18824680426664142,0.03527265550211706,0.08944523909284084
333,11.1,grasp_lift,unknown_no_ground_truth,0.5826016553225124,-0.07452880819976374,0.13648440763685385,0.09563940160036713,7.99368089833762,0.19064753,2.3775065,-1.295727,0.1873822859004809,11.674150913312491,0.025358781322863972,0.18565843174795135,0.046960020481943844,0.08331657467042028
334,11.133333,grasp_lift,unknown_no_ground_truth,0.5831104758278938,-0.07221743288391033,0.13857672231704565,0.0940940145990531,7.995750664686418,0.19064753,2.927018,1.2456173,0.1852922827316331,11.517908505774214,0.027139397875595238,0.18329398005076325,0.06045618157698694,0.0721022447119173
335,11.166667,grasp_lift,unknown_no_ground_truth,0.5834542542644428,-0.07036761080983328,0.14110037307105433,0.09548658767420494,8.009408321180572,0.19064753,2.8768013,1.0133785,0.18359965991057642,11.350718819622003,0.02938920298467003,0.18123219875950627,0.07469366569354585,0.059485668281733524
336,11.2,grasp_lift,unknown_no_ground_truth,0.5837460421915912,-0.06902143962055807,0.14404523465799582,0.10134200632952993,7.99368089833762,0.19048503,2.4620636,-0.9046731,0.18239714672736804,11.098341138114073,0.03211895713161314,0.1795469067599401,0.08863965219922068,0.04912447765519423
337,11.233334,grasp_lift,unknown_no_ground_truth,0.5841045123912106,-0.0679943800104589,0.14739245539524665,0.1071330975352029,7.99368089833762,0.19048503,2.3809505,-1.2797996,0.1815719481634861,10.750436088325065,0.03529852034113033,0.17810779551050113,0.09842236294460807,0.04231476172551537
338,11.266666,transport,unknown_no_ground_truth,0.5845288653424683,-0.06719026221262292,0.1509041667741527,0.1085832310948833,7.99368089833762,0.19048503,2.5119658,-0.6738887,0.18104846418651666,10.425263656815272,0.03868043597178785,0.17686822851300577,0.10117368254332848,0.03942339452186508
339,11.3,transport,unknown_no_ground_truth,0.5850271083836636,-0.06637829996992514,0.1543880546428842,0.10717431801775891,7.606925275759563,0.16183251,2.8410168,0.8478848,0.18061397820114108,10.189253927074923,0.04204342551234472,0.17565238254242438,0.09790888027825992,0.04359111842140653
340,11.333333,transport,unknown_no_ground_truth,0.5856136147063435,-0.06527378925893135,0.15770128066958183,0.10448714246178356,7.606925275759563,0.16183251,2.7659497,0.5007196,0.17999866653832694,10.065079868766881,0.045207694142348154,0.17422911451852047,0.09001459625159433,0.05305596480596234
341,11.366667,transport,unknown_no_ground_truth,0.5863128621506766,-0.06378307187189058,0.16072319453789155,0.10165494490561934,7.606925275759563,0.16183251,2.8328547,0.81013757,0.17910915473613612,9.963331348450629,0.048044383475603886,0.17254514344583066,0.07907839850138647,0.06387749771414358
342,11.4,transport,unknown_no_ground_truth,0.5870767928269571,-0.06188912196555827,0.16338729526236745,0.10047830402384691,7.355469769894942,0.16183251,2.4948225,-0.7531717,0.17789697112642253,9.857840420907767,0.05047959385990272,0.17058470898557843,0.06763544833714287,0.0743056909512474
343,11.433333,transport,unknown_no_ground_truth,0.5878707691085414,-0.059620405299440925,0.16573474804137756,0.09789979802055507,7.291769524932715,0.16183251,2.6993217,0.19258295,0.17637075395800098,9.916343823632719,0.052553398699064696,0.16835908985525808,0.05682478597701034,0.07972022422906527
344,11.466666,transport,unknown_no_ground_truth,0.5886174421708275,-0.05727084792949842,0.1677341487164316,0.08834334774308869,7.291769524932715,0.16183251,2.6115344,-0.21341038,0.17475812094631277,9.98132546302683,0.05426791961727494,0.16611861345767084,0.04468999472004368,0.0762059804895834
345,11.5,transport,unknown_no_ground_truth,0.5890779425674821,-0.05508184114868683,0.16928873528781915,0.07199026047236286,7.606925275759563,0.16065805,2.4387445,-1.0125173,0.17315780875116443,9.892048181762608,0.055532715946327506,0.16401141481960743,0.02945235560068784,0.0656898496911759
346,11.533334,transport,unknown_no_ground_truth,0.589067872929111,-0.05322629091992745,0.1702783688054761,0.058810984310240934,8.1999526821194,0.16065805,2.4990585,-0.73358136,0.17161447897622778,9.803080693822766,0.056231436331267565,0.16214054077375198,0.014687859557554332,0.05694733230939765
347,11.566667,transport,unknown_no_ground_truth,0.5885972926101768,-0.051530174591220286,0.17087832887399973,0.05557972312917319,8.1999526821194,0.16065805,2.6775694,0.09198408,0.16998230357880095,9.733961422665766,0.05651191764183129,0.16031340148096954,0.004141946401369427,0.055425173911533496
348,11.6,transport,unknown_no_ground_truth,0.5877916959488362,-0.04987901282882907,0.17122517191830355,0.05848341542008069,7.291769524932715,0.16065805,2.7326946,0.34692365,0.1682215135921835,9.427776892570574,0.05650755765236758,0.15844675308572762,-0.0019003525738851522,0.058452532359964185
349,11.633333,transport,unknown_no_ground_truth,0.5868534490880842,-0.048096832390538,0.1714886427743425,0.06490949208569453,6.548858365915035,0.16065805,2.9936645,1.5538399,0.1662785566959038,9.068482808780342,0.05638523099239631,0.15642654551835825,-0.0022353926720943638,0.06487098875787534
350,11.666667,transport,unknown_no_ground_truth,0.5860195528739904,-0.04598670041908104,0.17188469123658393,0.075768778110742,6.705102549960414,0.16065805,2.9500442,1.3521074,0.16410501223938695,8.755048523290052,0.05635853432607052,0.1541238808579205,0.0038339998089746818,0.07567171322138568
351,11.7,transport,unknown_no_ground_truth,0.5854415802665499,-0.04338444091373063,0.1726353573676512,0.08737546977538202,9.419612237430368,0.16065805,2.8693411,0.9788774,0.1616545918489711,8.540235603776864,0.05664082192207055,0.15140681740876044,0.013384222778383659,0.08634428353450672
352,11.733334,transport,unknown_no_ground_truth,0.5851416404346892,-0.040528940428058546,0.17372130529952465,0.09809006491158515,9.419612237430368,0.16065805,2.7386456,0.3744451,0.15916035811538903,8.370931485806917,0.057250824343371726,0.14850711332263947,0.022004722481063544,0.09559002575002458
353,11.766666,transport,unknown_no_ground_truth,0.5849018166038845,-0.037351084740168836,0.1750990889580088,0.10941083762711451,9.419612237430368,0.16065805,2.7196915,0.28678772,0.15647971625885312,8.222595439773357,0.0581077949823401,0.14529069399910483,0.027163027553363635,0.1059853825977999
354,11.8,transport,unknown_no_ground_truth,0.5845518632551896,-0.03386838174280564,0.17663548037842075,0.12081731037685078,9.881328838247548,0.16065805,2.9455087,1.3311322,0.15354739524443164,8.065314778034535,0.05906169386663522,0.14173397230005788,0.028654722823318848,0.1173700530229712
355,11.833333,transport,unknown_no_ground_truth,0.5840402934275273,-0.029990632876277373,0.17825439872977294,0.1314805090429,9.881328838247548,0.16060634,2.7277665,0.32413244,0.15025761751995345,7.865209761543955,0.06001810797000418,0.13775042046568695,0.02774621635338963,0.12851953834437393
356,11.866667,transport,unknown_no_ground_truth,0.5834500259851363,-0.025795121044914573,0.17986659222030676,0.13921130699516449,9.881328838247548,0.16060634,2.7447307,0.40258732,0.14670380079124692,7.525936512802975,0.060911438027971526,0.13346086274246263,0.02563619890182818,0.13683045458218662
357,11.9,transport,unknown_no_ground_truth,0.5829375086609261,-0.02133944562673469,0.1814281877875934,0.14284139105230662,9.881328838247548,0.16060634,2.9062345,1.1494994,0.1430017913928589,7.248265865350702,0.06172718851320336,0.12899328098712037,0.02370049458208667,0.14086145517607884
358,11.933333,transport,unknown_no_ground_truth,0.5826296120723704,-0.016812899967329115,0.1829210011713211,0.1409744365201028,9.596497501114994,0.16060634,2.6576798,0.0,0.1393752332992331,7.1561605221471,0.06249146799384651,0.12458038403051146,0.022816081286632164,0.13911584448538666
359,11.966666,transport,unknown_no_ground_truth,0.5825916132814352,-0.012414146590457946,0.18435175913039742,0.13190379330454857,9.429762526808771,0.16060634,2.46834,-0.8756466,0.1360324916161731,7.084566552247281,0.06324825938952142,0.12043461487255241,0.022462893292161775,0.12997703302150743
360,12.0,transport,unknown_no_ground_truth,0.5828129181187442,-0.00846072713772096,0.18566588559597297,0.1179206950698855,8.517623758617981,0.16060634,2.6629386,0.024320545,0.1332216864126189,7.029424095421831,0.06398899229874425,0.1168478780090311,0.02134881353768218,0.11597205907587482
361,12.033334,transport,unknown_no_ground_truth,0.5831355475536386,-0.0049759197882769945,0.1868376927674586,0.10235249107245639,7.342727363871427,0.16060634,2.6282616,-0.13605149,0.13086964754887645,7.055568058633491,0.06467153271860525,0.11377371183798794,0.01760976053612586,0.10082623052855627
362,12.066667,transport,unknown_no_ground_truth,0.583395014406771,-0.0019890627322441843,0.18774891146278297,0.08649002915524245,6.98727171926539,0.16056941,2.5493808,-0.50085413,0.12886442207396864,7.01636259378092,0.065162980709223,0.111174750827458,0.010333172465010275,0.08587054611496915
363,12.1,transport,unknown_no_ground_truth,0.5834530874787114,0.0005857437762857428,0.1883255161505456,0.0736252336025667,6.98727171926539,0.16056941,2.587355,-0.32523394,0.1270189470816961,6.984502820062483,0.0653604017866122,0.10891203237491866,0.000828582671817079,0.07362057099607745
364,12.133333,transport,unknown_no_ground_truth,0.5832335879945234,0.0028513890631598387,0.18854635129158395,0.06572475078770072,6.98727171926539,0.16056941,2.650638,-0.032565955,0.12518290810944585,6.956164462589237,0.06521822924438662,0.10685196796018592,-0.008865453852692842,0.06512408612864476
365,12.166667,transport,unknown_no_ground_truth,0.5826957334290713,0.004899216209440888,0.18846389495402865,0.06178037750643934,6.98727171926539,0.16056941,2.5118356,-0.67449075,0.12326514094194006,6.806461469755525,0.06476936329165672,0.10487718794013186,-0.015948530013815042,0.05968634211640546
366,12.2,transport,unknown_no_ground_truth,0.5818602866172315,0.0067204829430722235,0.18821806868568164,0.059644353467281884,8.464397811734857,0.16056941,2.6881201,0.14077844,0.12132268775652368,6.5542224509715385,0.06415499968618447,0.10297247486456082,-0.017617986397319763,0.0569829400420329
367,12.233334,transport,unknown_no_ground_truth,0.5807784626203605,0.008355881814871593,0.18803217928924254,0.05745283510384913,8.464397811734857,0.16056941,2.7240026,0.30672532,0.11942534099361893,6.2394582183940575,0.06359483350880116,0.10108466363613236,-0.01249468384613989,0.05607772407164087
368,12.266666,transport,unknown_no_ground_truth,0.5795732797300401,0.009791542988070698,0.18812571230295588,0.053596876576326245,8.464397811734857,0.16056941,2.8688338,0.976531,0.11772681460091712,5.890701685227059,0.06332201336349881,0.09924679087845405,-0.0011759813383988389,0.0535839737853557
369,12.3,transport,unknown_no_ground_truth,0.5784438722435086,0.010989285693259878,0.18865027311344168,0.049733902933805176,8.464397811734857,0.16056941,2.8307383,0.8003496,0.11641861202808813,5.596087529531398,0.06351644816893336,0.09756512716411388,0.013149390033555319,0.047964097435212835
370,12.333333,transport,unknown_no_ground_truth,0.5775288752634964,0.01194061003182766,0.18960729228300258,0.04780632772795953,8.305435750205607,0.16056941,2.7375734,0.3694866,0.11558579511084378,5.346199102281133,0.06419862460235466,0.09611770196260365,0.02634742959608465,0.039890574381831544
371,12.366667,transport,unknown_no_ground_truth,0.5769139312430965,0.012662013432110538,0.19089053423930327,0.04692639661365948,8.107729872748367,0.16056941,2.9452503,1.329937,0.11522503827476197,5.201552150833055,0.06527295299267108,0.09495394174565325,0.03462242882590962,0.03167608121812568
372,12.4,transport,unknown_no_ground_truth,0.5765738737514512,0.013254282254331918,0.19228110585817182,0.04380454983525605,8.107729872748367,0.16056941,2.812833,0.71754265,0.11516268329899743,5.160562780655131,0.06650677978677214,0.094017508300417,0.03542059764964098,0.025772462986910646
373,12.433333,transport,unknown_no_ground_truth,0.5763773383184511,0.013779756715343709,0.19353455461464408,0.03737636894673117,8.107729872748367,0.16056941,2.5273457,-0.60276073,0.1151840903072983,5.106733179296598,0.06763432084914509,0.09323611587359669,0.028179392006038837,0.024554323892385318
374,12.466666,transport,unknown_no_ground_truth,0.5760402953576977,0.014387905502389303,0.19443495637566893,0.03363218922707623,8.107729872748367,0.16056941,2.4864094,-0.7920799,0.11493887053392352,5.0145677930056145,0.06838541492658844,0.09238170265226966,0.01499893551485714,0.030102426573733552
375,12.5,transport,unknown_no_ground_truth,0.5753628823842597,0.015236912604645467,0.19490378462700625,0.04257837154176292,11.928220271964562,0.16051032,2.4459987,-0.9789689,0.1141688412001122,4.823701556698776,0.06863423453215846,0.09123522428953142,-0.0005536234896351975,0.042574772156526344
376,12.533334,transport,unknown_no_ground_truth,0.5742379630808148,0.016519358682155712,0.19495083813932196,0.06071544811455445,13.975884662459446,0.16051032,2.5916898,-0.30518606,0.11267643660471771,4.482491708295218,0.06834850619881482,0.08957935625091051,-0.014981251888036212,0.05883814860801081
377,12.566667,transport,unknown_no_ground_truth,0.5727721757982931,0.018339313687485502,0.19468696021146326,0.07753110976295775,13.975884662459446,0.16051032,2.7023358,0.2065223,0.11048188523020568,3.93919823364696,0.06763549761087191,0.08735952396247407,-0.024866114619549646,0.07343534111586343
378,12.6,transport,unknown_no_ground_truth,0.5712192996269299,0.020659865673553043,0.1942727219111326,0.08831851346976073,13.975884662459446,0.16051032,2.7213712,0.2945557,0.10780616062722789,3.459221057760095,0.06669076014785975,0.08470248390740558,-0.028766362494457416,0.08350243236185269
379,12.633333,transport,unknown_no_ground_truth,0.5698335347934469,0.023375018251794083,0.19386641535958055,0.09302729830823289,13.975884662459446,0.16051032,2.723847,0.30600533,0.10492390292157329,3.031202148889785,0.06571774277660258,0.08179366533322756,-0.027740008739519838,0.08879510203643168
380,12.666667,transport,unknown_no_ground_truth,0.5687522361607511,0.02630384951679736,0.19355052846745907,0.09089008391740458,11.985093433501484,0.16051032,2.53926,-0.54766047,0.1020806114412217,2.7694185066651826,0.06484143073506038,0.07884186763670714,-0.02374874988414278,0.08773257224915543
381,12.7,transport,unknown_no_ground_truth,0.5680054443310345,0.029128701767868283,0.19334795432060525,0.08308133154483303,9.935901582355585,0.16047338,2.493373,-0.7598756,0.09954569326193088,2.663806714808991,0.06413448947565667,0.07613220282308476,-0.019292836437523306,0.08081023520233957
382,12.733334,transport,unknown_no_ground_truth,0.567424490907858,0.03167040661854553,0.19321169223391843,0.07386237628158857,9.584608425406937,0.16047338,2.5347488,-0.5685232,0.09735038745258998,2.6014535502749094,0.06355524649221822,0.07374163396943935,-0.016415511473696187,0.07201514849682618
383,12.766666,transport,unknown_no_ground_truth,0.5669140567653244,0.03392338449076408,0.19308860059027694,0.06884739497320531,8.468257390632798,0.16047338,2.5073645,-0.6951682,0.09542299769651187,2.521135989580009,0.06304012128034805,0.07163443025771558,-0.01635685938888427,0.06687613135886977
384,12.8,transport,unknown_no_ground_truth,0.5663276629128642,0.0361166972436364,0.19290522142785171,0.06870398495895855,8.013280963691313,0.16047338,2.4302807,-1.0516604,0.0934870050219503,2.448885363009487,0.06246478849004465,0.0695555196003031,-0.018472714613416517,0.06617398555363027
385,12.833333,transport,unknown_no_ground_truth,0.5656438743889178,0.038302192919495215,0.19265103918275672,0.07094898127873892,7.981066705941948,0.16047338,2.4895127,-0.7777282,0.09148721359983643,2.373370704415728,0.06180861048715744,0.06745076665175086,-0.02100572606894925,0.06776811504540399
386,12.866667,transport,unknown_no_ground_truth,0.5649166953782939,0.04059430857650767,0.19232866661507036,0.07526359187764706,7.981066705941948,0.16047338,2.4342988,-1.033078,0.08937108205100595,2.3290225335335455,0.061064405542311496,0.06525587086792846,-0.023754136103927757,0.07141672969466675
387,12.9,transport,unknown_no_ground_truth,0.5641711485179755,0.04304504664179742,0.19193524723598426,0.07889229878132847,7.981066705941948,0.16042906,2.3530593,-1.4087888,0.08711616919559635,2.3062933815712827,0.06022500567411755,0.06294581500678405,-0.026355692549035137,0.07435974903980738
388,12.933333,transport,unknown_no_ground_truth,0.563416190730853,0.04556207966433215,0.19147315169141593,0.07924006866668638,7.693334744874382,0.16042906,2.3456922,-1.4428599,0.08479394689780087,2.2825326514271147,0.05930735878268535,0.06060239784636338,-0.028147557592301566,0.07407228553169694
389,12.966666,transport,unknown_no_ground_truth,0.5626716729517245,0.04801530860645653,0.19095818674897672,0.07694902528404075,7.693334744874382,0.16042906,2.1755285,-2.2298214,0.08251031533758182,2.2739930509670834,0.058348504829724285,0.058338701744578045,-0.028584784933092543,0.071442722250015
390,13.0,transport,unknown_no_ground_truth,0.5619217405797569,0.050359515481921,0.19044000972598055,0.07455786853220935,7.693334744874382,0.16042906,2.3246772,-1.5400484,0.08031241649249571,2.261114216932193,0.057401708589677185,0.05617052691447605,-0.027201961000583287,0.06941850673839764
391,13.033334,prealignment,unknown_no_ground_truth,0.5611583505471784,0.05265143713306613,0.18999748650792636,0.07400916514140006,6.465561581437716,0.16042906,2.4546773,-0.93883234,0.07820314486900927,2.253236853828042,0.056535016435037964,0.05403261777938617,-0.02360374766831253,0.07014427717880951
392,13.066667,prealignment,unknown_no_ground_truth,0.5603562035511256,0.05498416166914809,0.18972902839636002,0.07344629934405651,6.128385503036353,0.16042906,2.5757244,-0.3790221,0.07617107337756993,2.2415924151493156,0.05582812236690743,0.0518194285232552,-0.016469392187126453,0.07157595970941202
393,13.1,prealignment,unknown_no_ground_truth,0.5595423032863718,0.0572682091538729,0.1897768637566369,0.07189852032434026,5.809043098971394,0.1604069,2.7159975,0.2697037,0.07437930933936816,2.226288527522791,0.05543706701298562,0.04958843876146093,-0.0056526923568262465,0.07167596733877155
394,13.133333,prealignment,unknown_no_ground_truth,0.5587609654201248,0.05947714106495609,0.1902224018374583,0.06959774496998539,5.6705767876953255,0.1604069,2.8002982,0.65957224,0.072931140618268,2.233328935516527,0.05545126500096759,0.04737202214043695,0.0066842916177300826,0.06927601569429545
395,13.166667,prealignment,unknown_no_ground_truth,0.5580701527114771,0.061479872383281994,0.19105075544383643,0.06453207749216884,5.5692108021343145,0.1604069,2.80006,0.65847075,0.07194136147301755,2.2657153465027142,0.05588269794019319,0.04530655097793809,0.018289979978958943,0.06188590839459792
396,13.2,prealignment,unknown_no_ground_truth,0.5575325894410512,0.06311260720187964,0.19216736827095188,0.05659455031849708,5.523187063229448,0.1604069,2.6377175,-0.092320375,0.07148152592246963,2.307803325898388,0.056670585664697376,0.04356665317217853,0.026368147482065424,0.0500765805952937
397,13.233334,prealignment,unknown_no_ground_truth,0.5571522718820703,0.06430020902726075,0.1933827941857725,0.04646981395471087,5.0849995686828455,0.1604069,2.478413,-0.8290608,0.07145992123769301,2.3521159412562054,0.057640577946302576,0.04223841991970706,0.028816460765352103,0.03645620931946113
398,13.266666,prealignment,unknown_no_ground_truth,0.5568881939649202,0.0650487349855026,0.19449840641074467,0.03498505406585775,4.222414705880667,0.1604069,2.4400501,-1.0064794,0.07169633188439252,2.385849586008994,0.058591681783761625,0.04132044084260691,0.02618680920447975,0.023199246360154982
399,13.3,prealignment,unknown_no_ground_truth,0.5567118236938559,0.0654112494853814,0.19538562386859173,0.024536387276735853,2.5560630784470084,0.16038473,2.4356828,-1.0266773,0.07203744703594789,2.4096977867227536,0.05938635905979043,0.04077565613302433,0.020997030395030036,0.012694842070075147
400,13.333333,prealignment,unknown_no_ground_truth,0.5565959742660018,0.06552743326818286,0.19603502191433886,0.017648971955449493,1.8785606387040785,0.16038473,2.5474436,-0.50981295,0.07237619612826468,2.4280732799605085,0.05999148792474898,0.040488703888513576,0.01622224474940372,0.006951617536565587
401,13.366667,prealignment,unknown_no_ground_truth,0.556478988143418,0.06551550510750478,0.19653422660659373,0.014289744273339886,1.8785606387040785,0.16038473,2.664751,0.03270268,0.07267670967199497,2.4427256864483926,0.06046783730064418,0.04031804535106175,0.013130228076851432,0.005638608165789889
402,13.4,prealignment,unknown_no_ground_truth,0.5563376347227604,0.06542889827771634,0.19694666595179883,0.01308409686131725,1.8785606387040785,0.16038473,2.6543689,-0.015312119,0.07294327879288262,2.4686956834236944,0.060866837868075126,0.040198880195817084,0.011347978507547875,0.006512831524656801
403,13.433333,prealignment,unknown_no_ground_truth,0.5561459101043145,0.06540743613997782,0.19733312487719545,0.013916939155147256,1.7012550088737644,0.16038473,2.6343753,-0.10777694,0.07313578581054718,2.503492798137052,0.06122436726642173,0.040005249892389634,0.010098944442386503,0.009575620951022528
404,13.466666,prealignment,unknown_no_ground_truth,0.5558792067355824,0.06564138173954333,0.19772480019951505,0.020211260649497628,1.8785606387040785,0.16038473,2.5396473,-0.5458687,0.07317042084955959,2.5311943903024106,0.06154010141137878,0.03958189492152796,0.008149173360132522,0.01849556786336764
405,13.5,prealignment,unknown_no_ground_truth,0.5555246732353722,0.06632109477224798,0.19810438922970058,0.03326228103971445,2.04829568128718,0.16036259,2.7803378,0.5672607,0.07293860045076807,2.5563098424247177,0.0617676424222839,0.03879172315468416,0.005326887479282293,0.032832965290208155
406,13.533334,prealignment,unknown_no_ground_truth,0.5551282180573796,0.06758833866996203,0.19847496562106526,0.05003732677569348,2.1709799434576227,0.16036259,2.7378614,0.3708186,0.07240804802419318,2.5962417775535442,0.06189523200741454,0.03757533331085957,0.002901767897305227,0.04995311615833091
407,13.566667,prealignment,unknown_no_ground_truth,0.5547518352804603,0.06947404922807773,0.19887196566624488,0.0653471846971487,2.364128223260126,0.16036259,2.8418252,0.8516237,0.07164606617428974,2.6424282564225474,0.06196109522380272,0.03597195403251757,0.0014719033253792028,0.06533060575598548
408,13.6,prealignment,unknown_no_ground_truth,0.5543907906227593,0.07180223914376471,0.19929850912551453,0.07317149557390762,2.364128223260126,0.16036259,2.7980118,0.6489981,0.07076995402961146,2.703049087455458,0.06199335781401403,0.03413517218789069,0.0005485013839292355,0.07316943973240611
409,13.633333,prealignment,unknown_no_ground_truth,0.553983748342659,0.07421687274554406,0.19971544292280907,0.07034690787122658,2.610142046959178,0.16036259,2.5947227,-0.2911596,0.06990082213572828,2.779397207024456,0.06199766277459278,0.03228644832957928,-0.00040028946024851797,0.07034576899423912
410,13.666667,prealignment,unknown_no_ground_truth,0.5534821929451619,0.07633882272072531,0.200065262140476,0.05898241803692152,2.939911061968531,0.16036259,2.394244,-1.2183207,0.06911966749413752,2.862369366722461,0.061966670838734576,0.030621236742888948,-0.0011185409237834372,0.058971811093809785
411,13.7,prealignment,unknown_no_ground_truth,0.5528273867676708,0.07792252265222867,0.20034230451777857,0.04494527749714646,3.461153648283401,0.16033304,2.5378394,-0.5542299,0.06845707892047675,2.927637409879965,0.061923093837707964,0.029187362057760468,-0.0015083890026988019,0.04491995917086342
412,13.733334,prealignment,unknown_no_ground_truth,0.5519749601209412,0.07888473839376414,0.20053917587587305,0.03677262778838676,4.155419773471245,0.16033304,2.7222645,0.29868722,0.0678841067918021,3.0124685109196405,0.06186611125739893,0.02794344704591632,-0.003010083459928375,0.03664922307536
413,13.766666,prealignment,unknown_no_ground_truth,0.5508275947750501,0.0793155388593319,0.20060731537333384,0.04032566122202499,4.226749263710012,0.16033304,2.499868,-0.72983795,0.06726870420774622,3.135642296219329,0.061722424305898874,0.026747353207221075,-0.006698200602433383,0.03976547575074503
414,13.8,prealignment,unknown_no_ground_truth,0.549340536244947,0.07941982023121871,0.20050918589810657,0.04687294018814606,5.0100891320006955,0.16033304,2.2815433,-1.7395315,0.06649353524380724,3.2251469345026025,0.06141956039551241,0.025476024612200405,-0.010501451296114237,0.04568141900769785
415,13.833333,prealignment,unknown_no_ground_truth,0.5477176117149871,0.0793960175845336,0.2003136300219126,0.0494347345324817,5.0100891320006955,0.16033304,1.9594201,-3.2292655,0.0656486993277628,3.318965856347389,0.06102233094710607,0.024207991432765825,-0.012373016956624032,0.04786127275457719
416,13.866667,prealignment,unknown_no_ground_truth,0.5460723808960384,0.07936153973031373,0.20008841194096616,0.048928061473195526,5.0100891320006955,0.16033304,2.380188,-1.2833258,0.06480381242992203,3.4193908898961487,0.060594692488291656,0.022974275781880237,-0.012708530324883206,0.0472487931751312
417,13.9,prealignment,unknown_no_ground_truth,0.5444866743339697,0.07935346251697563,0.19986750886229904,0.04629525951102802,4.226749263710012,0.16030349,2.9762154,1.4731423,0.06400752417279834,3.5183846468541984,0.060175096196725876,0.02181561249303239,-0.011604858038957073,0.044817165495924474
418,13.933333,prealignment,unknown_no_ground_truth,0.5430102128419743,0.07937166777286311,0.19970299490122012,0.043244923784631656,2.691649000531244,0.16030349,2.5449178,-0.52149415,0.06331981630910109,3.571939206178245,0.05982103787189506,0.020756747465525582,-0.008698546667272407,0.042361051911111516
419,13.966666,prealignment,unknown_no_ground_truth,0.5416115673445088,0.0793596639597796,0.19965448519806245,0.04149488597247246,2.597862998514367,0.16030349,2.1411471,-2.3888261,0.06279776529471366,3.6309590119590327,0.05959518999711881,0.019798299301133297,-0.00463516097607785,0.04123518939685298
420,14.0,prealignment,unknown_no_ground_truth,0.5402453940626586,0.07928756228023814,0.19973824504733276,0.04287747052858861,1.998981145339315,0.16030349,2.1647413,-2.2797096,0.06245080095182989,3.6683818214120305,0.05951203149061403,0.018932000617611466,-0.001740314955366369,0.04284213793435282
421,14.033334,prealignment,unknown_no_ground_truth,0.5387698448699705,0.07914449685545369,0.19987707618020073,0.0476389096067102,1.998981145339315,0.16030349,2.2935596,-1.6839592,0.062174516159717474,3.683504808018447,0.05947916744364965,0.018107984424149928,-0.0020775419820009107,0.047593587045203146
422,14.066667,prealignment,unknown_no_ground_truth,0.5370929410942955,0.07897545750822854,0.19996427479350073,0.05023003953326474,1.998981145339315,0.16030349,2.4874928,-0.7870696,0.06184224530024259,3.689843476727326,0.059373530932532684,0.017298760891432688,-0.003521134910835032,0.05010647144284895
423,14.1,prealignment,unknown_no_ground_truth,0.535439453661563,0.07882936078901742,0.20002788619353634,0.04852347844556972,1.998981145339315,0.16028133,2.5727491,-0.3927817,0.06153042081854913,3.7082685591787516,0.05924442464206676,0.01661598131132245,-0.004039736849758851,0.04835502545384885
424,14.133333,prealignment,unknown_no_ground_truth,0.533865891323072,0.07878526627368018,0.20008486242153856,0.04596595415583118,2.143435302281209,0.16028133,2.3527844,-1.4100602,0.06123470325966677,3.7412863311245514,0.05910421574360868,0.01601188822820104,-0.005225133266957009,0.04566800766180317
425,14.166667,prealignment,unknown_no_ground_truth,0.5323761801888108,0.07889041584200068,0.20008378437581115,0.04286610266188102,4.191765500357723,0.16028133,2.2881427,-1.7090108,0.060885209502656544,3.837122903499129,0.058896080786538005,0.015435686060812737,-0.0076251655614835295,0.04218245615867915
426,14.2,prealignment,unknown_no_ground_truth,0.5310308755294547,0.07913227149099039,0.19999022590497614,0.03943448480935482,5.812217523598508,0.16028133,2.2425282,-1.9199657,0.06045959323868279,3.9860232283039223,0.05859587451835275,0.014895835123162322,-0.010559986254939745,0.03799427960199693
427,14.233334,prealignment,unknown_no_ground_truth,0.5298258344792015,0.0794539917683194,0.19978453451787104,0.03604803121716435,5.812217523598508,0.16028133,2.3763187,-1.3012203,0.05995140038095854,4.203503071959477,0.05819207938405732,0.014417083775769866,-0.013694832552330519,0.03334534624197632
428,14.266666,prealignment,unknown_no_ground_truth,0.5287811720362435,0.07978341758770544,0.19945149744675617,0.0338616988975796,5.812217523598508,0.16028133,2.5867116,-0.32820883,0.05936831811863947,4.406114477266159,0.05768288959404882,0.014045691307897625,-0.017437124810551454,0.029026907010075906
429,14.3,prealignment,unknown_no_ground_truth,0.5278095491765489,0.08003201801040138,0.1989499496877623,0.03421939332555475,5.812217523598508,0.16025917,2.4290352,-1.0574205,0.058686189403078244,4.543871426043517,0.05702960135621382,0.013845338414257254,-0.02152690725555979,0.026599983901866336
430,14.333333,prealignment,unknown_no_ground_truth,0.5268492234914036,0.08015834379543703,0.19829768370924644,0.034626935921710573,4.112609771405621,0.16025917,2.4438071,-0.9891042,0.05792635349650886,4.625702146577395,0.056247767516377126,0.013843810126771248,-0.02400346706132241,0.024957128447845516
431,14.366667,prealignment,unknown_no_ground_truth,0.5259553034421194,0.08015969933726871,0.19758084192770853,0.034245507223479875,3.197946978410826,0.16025917,2.3459153,-1.4418278,0.057174930232633855,4.640067546914612,0.055429370672556495,0.014019897073476803,-0.02451317250738664,0.023913576449718185
432,14.4,prealignment,unknown_no_ground_truth,0.5250860114867667,0.08007112384678003,0.196850026916906,0.03451965790334852,2.9544049987256478,0.16025917,2.414232,-1.1258812,0.056460888519900644,4.657251221203831,0.05461355752664168,0.014324498830355224,-0.0244198885139092,0.024398275076989714
433,14.433333,prealignment,unknown_no_ground_truth,0.5241945999632789,0.07992633466793184,0.19611745967607794,0.03403952113670353,2.3702994955690997,0.16025917,2.4634428,-0.89829445,0.05578015921277587,4.669353698693446,0.05380137973545643,0.014725410023623903,-0.023630399490246798,0.024500882007540664
434,14.466666,prealignment,unknown_no_ground_truth,0.5233480393082839,0.07975635636709394,0.19542521105419008,0.031661577760670606,1.2813371118587764,0.16025917,2.357071,-1.3902361,0.05516487796469323,4.666152552613867,0.0530381976872285,0.015169487366090065,-0.02180115780521619,0.022960074578429683
435,14.5,prealignment,unknown_no_ground_truth,0.5225835950945042,0.079586686505497,0.194796611616472,0.028094214441420014,1.1413465232031608,0.16022223,2.3820012,-1.2749404,0.054626054492048035,4.650704536305833,0.052347972662580323,0.015610752303650973,-0.019551847022867202,0.02017449288271931
436,14.533334,prealignment,unknown_no_ground_truth,0.5219421396782209,0.07942813546203512,0.19423200352399514,0.02416587884967801,1.1413465232031608,0.16022223,2.4995747,-0.7311942,0.05415716200818182,4.633048328356875,0.05173472373290986,0.016016134273286572,-0.017518754732780535,0.016645808276860415
437,14.566667,prealignment,unknown_no_ground_truth,0.5214313788294548,0.0792838327563485,0.19371208703083892,0.019094632491611675,1.1413465232031608,0.16022223,2.4652557,-0.8899101,0.05373484452709519,4.6237313986205955,0.05118005514399687,0.016371788900683165,-0.014896078185177478,0.011946206288642099
438,14.6,prealignment,unknown_no_ground_truth,0.5211335746375496,0.07916062969561755,0.19328590011919095,0.012133661488007316,1.1413465232031608,0.16022223,2.4370575,-1.0203195,0.05339734397894969,4.615740496617515,0.05074165610173169,0.01663011365144179,-0.010631198462747913,0.005848363903795516
439,14.633333,prealignment,unknown_no_ground_truth,0.5211811898072742,0.07903264737410785,0.19298499916564987,0.010145360849498469,2.00764065144594,0.16022223,2.491543,-0.76833826,0.05318153551948156,4.602844863006574,0.0504713044735378,0.016760762063501793,-0.00567526963352065,0.008409498281905686
440,14.666667,prealignment,unknown_no_ground_truth,0.5215318733442301,0.07889460312981875,0.19280835420715298,0.015019092173501628,4.631993287442155,0.16022223,2.399617,-1.193472,0.05308825304251634,4.573342517416925,0.05036330977306485,0.01678986717662041,-0.001925800785251623,0.014895113999283862
441,14.7,prealignment,unknown_no_ground_truth,0.5220877966727729,0.07872704164684119,0.1926896953213213,0.01868373459224662,4.757181503458502,0.16017792,2.2783837,-1.7541435,0.05306895519533491,4.534347774005468,0.05034291539633932,0.016790023076859836,-0.0002618587433765617,0.018681899483511576
442,14.733334,prealignment,unknown_no_ground_truth,0.5227047515551279,0.07854036356199423,0.192583971593829,0.018291306056801845,4.757181503458502,0.16017792,2.2549415,-1.8625576,0.05307885064359656,4.487442916980235,0.05034585318205267,0.016812479085977446,-0.0011587617045822557,0.018254565143426164
443,14.766666,axial_advance_candidate,unknown_no_ground_truth,0.5232089779841198,0.07834022684029043,0.1924062946688727,0.014982591400184953,4.757181503458502,0.16017792,2.2600017,-1.8391557,0.053032594948467376,4.463329687890704,0.05026566709353713,0.016906177528048908,-0.004634542795270704,0.014247773796060228
444,14.8,axial_advance_candidate,unknown_no_ground_truth,0.5234880817136622,0.07814433110269411,0.19210729191767223,0.013204873966112196,4.757181503458502,0.16017792,2.2118409,-2.0618865,0.05286922519174105,4.439411088037815,0.05003687967987802,0.017072364929219316,-0.00922470452261686,0.009448466697370518
445,14.833333,axial_advance_candidate,unknown_no_ground_truth,0.5235282381092464,0.07795768312015303,0.19168055157158304,0.014865729320218743,2.3285856840916397,0.16017792,2.1617022,-2.2937646,0.05257730180326291,4.425202391914567,0.04965069190738384,0.01729686266435166,-0.012960587813621846,0.0072810076052293865
446,14.866667,axial_advance_candidate,unknown_no_ground_truth,0.5233862373021291,0.07779053811767692,0.19118716259753865,0.016669313539799085,2.14473271400623,0.16017792,2.085718,-2.6451716,0.052209500392783825,4.406389173455323,0.049172838668179335,0.01754604994228905,-0.014696040441367767,0.007867172886991375
447,14.9,axial_advance_candidate,unknown_no_ground_truth,0.5231728692980385,0.07763059024327207,0.19067971254457672,0.016468971382145637,2.034704664843214,0.16008928,2.0296402,-2.9045162,0.05182517677602511,4.388931170949963,0.048670957525268205,0.017804124281744126,-0.014447646711360151,0.00790522124229653
448,14.933333,axial_advance_candidate,unknown_no_ground_truth,0.5229689614571158,0.07749400889737337,0.19021587507591758,0.014304634729121437,2.034704664843214,0.16008928,1.9697474,-3.1815042,0.05147193753907271,4.390690267989992,0.048209664275074,0.018032987121130443,-0.012788502148199241,0.00640911753200786
449,14.966666,axial_advance_candidate,unknown_no_ground_truth,0.5228679763503642,0.07737611588562748,0.18981269465115702,0.012144240950508147,2.034704664843214,0.16008928,1.9068447,-3.4724126,0.051170395276502134,4.392203026199688,0.04781838955063095,0.01821567933231097,-0.011304195667965521,0.004438214569435393
450,15.0,axial_advance_candidate,unknown_no_ground_truth,0.5228364300112445,0.07731277012812467,0.18943801742076827,0.01224782688515693,2.034704664843214,0.16008928,1.9453729,-3.2942297,0.05087222599156497,4.396597973700398,0.04745605275178797,0.018327750395407953,-0.011796682596172905,0.0032935608593017093
451,15.033334,axial_advance_candidate,unknown_no_ground_truth,0.5228449215678206,0.07728963733425771,0.1890010816505937,0.014569617018473407,5.0948914964921395,0.16008928,1.8984247,-3.5113528,0.050503135415388395,4.437981731248082,0.047031933493896685,0.018400106483679273,-0.014006912796995553,0.004010004234705014
452,15.066667,axial_advance_candidate,unknown_no_ground_truth,0.5229129775077135,0.0772755143164261,0.1884704513656798,0.017396648959095234,6.2492929516654385,0.16008928,1.8985333,-3.5108504,0.05005224861028847,4.53113777827152,0.046522261928818295,0.018463659874806738,-0.01625033935841596,0.006210464213108918
453,15.1,axial_advance_candidate,unknown_no_ground_truth,0.5230540120071584,0.0772378500296991,0.18786148324439844,0.018953920309525845,6.2492929516654385,0.15995632,1.8891407,-3.5542889,0.04955084066585036,4.673499379286451,0.04594857671315345,0.018547617332906732,-0.01705433966957637,0.008270465134112481
454,15.133333,axial_advance_candidate,unknown_no_ground_truth,0.5232458889553153,0.07718799103732688,0.18725464824096605,0.018227151196963418,6.2492929516654385,0.15995632,1.901023,-3.4993362,0.049063161452188114,4.794454485174986,0.04538530676232808,0.01863780410275991,-0.0160050098979956,0.00872173715047799
455,15.166667,axial_advance_candidate,unknown_no_ground_truth,0.5234296215792671,0.07714060144998197,0.18670995096795823,0.015595071741100095,6.2492929516654385,0.15995632,1.8529818,-3.7215142,0.048630439065010876,4.88034627992129,0.044881578749243436,0.018723340851226206,-0.01350765461185396,0.0077941984512147995
456,15.2,axial_advance_candidate,unknown_no_ground_truth,0.5235937376122206,0.07710416848417877,0.18627848405459596,0.012112241478059189,5.079254129157907,0.15995632,1.7392853,-4.24733,0.048290433518675416,4.937002396101021,0.04448479427905539,0.018790131648600314,-0.010310201941815214,0.0063565815924762
457,15.233334,axial_advance_candidate,unknown_no_ground_truth,0.5237407471068887,0.07711871876701754,0.18596513970367223,0.009766737248566765,4.126718854148896,0.15995632,1.728223,-4.2984905,0.04802538514421319,4.972977612773121,0.04419423562274246,0.01879646658208758,-0.008264879637441762,0.005203933229888912
458,15.266666,axial_advance_candidate,unknown_no_ground_truth,0.523856887881317,0.07727296714575392,0.18570733531245717,0.011795038493161483,4.126718854148896,0.15995632,1.7284139,-4.2976074,0.04773375921591783,5.002103911808613,0.043933801991805174,0.018663676257052803,-0.008603850630999532,0.008068251816509577
459,15.3,axial_advance_candidate,unknown_no_ground_truth,0.5239782925783525,0.07764032976304844,0.1854267864695271,0.017608469265568763,3.704491699629214,0.15847161,1.8338392,-3.8100438,0.04731326134894291,5.053380351275151,0.04362064459428716,0.018324411713674778,-0.010720788012808968,0.013968639671095082
460,15.333333,axial_advance_candidate,unknown_no_ground_truth,0.5241164249663686,0.0782357115695327,0.1850878334262101,0.02505868797761892,2.374326193626977,0.15847161,1.8633875,-3.6733909,0.04672862724441021,5.157545914608315,0.04321908602667108,0.01776725097380686,-0.014604955348719468,0.020362542140449302
461,15.366667,axial_advance_candidate,unknown_no_ground_truth,0.524187549049833,0.07908937512778519,0.18462221501566883,0.032660103160928225,2.125562379383802,0.15847161,1.9921647,-3.0778303,0.045903068312240086,5.289049678430853,0.0426469769285508,0.01698019550340442,-0.01982257019104896,0.02595665713267814
462,15.4,axial_advance_candidate,unknown_no_ground_truth,0.5241221692364189,0.08013446438054202,0.18402224571846962,0.03865425960275216,2.125562379383802,0.15847161,2.0229845,-2.935297,0.04486188314000053,5.372903832533018,0.041897587704405735,0.016036854536307713,-0.025128687076012686,0.02937176997173971
463,15.433333,axial_advance_candidate,unknown_no_ground_truth,0.523832149746617,0.0812628980566967,0.1832842400889496,0.04223889859308754,1.7763360663891183,0.15847161,1.8957137,-3.5238907,0.04365079890170039,5.419403381199584,0.0409717276474992,0.015056884748706758,-0.02932015529975481,0.030404819479079172
464,15.466666,axial_advance_candidate,unknown_no_ground_truth,0.5233067020469758,0.08233329481729629,0.1824635365917107,0.043304168822446025,1.7763360663891183,0.15847161,1.8448184,-3.759268,0.04238750250301798,5.421066003406144,0.03994291551868344,0.014186749744415495,-0.03148025606099962,0.029736249187427843
465,15.5,axial_advance_candidate,unknown_no_ground_truth,0.5225937985524428,0.08325712700227858,0.18160377263290642,0.04219949763396736,1.7763360663891183,0.15647724,1.8266703,-3.843198,0.04115821131327599,5.42107603339896,0.038873044712310574,0.013523488947123902,-0.03146991159098929,0.028114805085835737
466,15.533334,axial_advance_candidate,unknown_no_ground_truth,0.5218019564077241,0.08400161857042503,0.18077022481499183,0.04029264862102811,1.7763360663891183,0.15647724,1.8885602,-3.5569737,0.04004491224895234,5.406315489679572,0.03784489326760972,0.013090418274047725,-0.030005582838972904,0.02689168145340066
467,15.566667,axial_advance_candidate,unknown_no_ground_truth,0.5209799353988551,0.08466943578798104,0.17998625347429034,0.0378444564478236,2.9426383264866347,0.15647724,1.9076713,-3.4685898,0.03902605840248682,5.368566663832777,0.03687267285487999,0.012784335374641449,-0.02734729614399737,0.026159668909290962
468,15.6,axial_advance_candidate,unknown_no_ground_truth,0.5201889987216084,0.08528325567658088,0.17931382791714495,0.035234342472197415,2.9426383264866347,0.15647724,1.921925,-3.4026706,0.038149249355212494,5.326563916656136,0.036021745376022374,0.01256181063506339,-0.02422723233404104,0.025583199621636285
469,15.633333,axial_advance_candidate,unknown_no_ground_truth,0.5194314582517436,0.08590807115123997,0.1787270498931088,0.03334425700129443,2.9426383264866347,0.15647724,2.0515704,-2.8030946,0.03736231347389568,5.286116720053813,0.035257523116420865,0.012363233064886191,-0.0221655122582317,0.02491043037160444
470,15.666667,axial_advance_candidate,unknown_no_ground_truth,0.5187185300456081,0.08650762241332483,0.17818239552902304,0.030507836359113367,2.9426383264866347,0.15647724,2.0180533,-2.9581025,0.03664085988809913,5.242821600709028,0.03454404739586009,0.012217258401617102,-0.020527991029585357,0.022568333203932065
471,15.7,axial_advance_candidate,unknown_no_ground_truth,0.5180953314979062,0.08702157032439556,0.17767279162069116,0.025391781124124522,1.7130812104534858,0.15647724,2.003025,-3.027604,0.035998716649851104,5.215890608356292,0.03388899003887208,0.01214265022890374,-0.018050017746602885,0.017858874768662422
472,15.733334,axial_advance_candidate,unknown_no_ground_truth,0.517625379938194,0.08738010764235184,0.1772288293001078,0.018913186610354158,1.2572512217827612,0.15642554,1.945046,-3.295742,0.035481625363166985,5.199819846625983,0.03334071705821446,0.01213846466634981,-0.014876159032193144,0.011679405815664514
473,15.766666,axial_advance_candidate,unknown_no_ground_truth,0.5173105809906637,0.08755817160039672,0.17684450783365932,0.013775534458238915,1.2292880380270672,0.15642554,1.8733057,-3.6275218,0.03508643103862091,5.177287003505345,0.03289724407470196,0.012199548160378245,-0.012166559502921748,0.00646066401169355
474,15.8,axial_advance_candidate,unknown_no_ground_truth,0.5171011835392078,0.0875689744844718,0.17649880129060952,0.012016816046910097,1.0000979562874304,0.15642554,1.889514,-3.5525627,0.03478860775363747,5.1605639708013875,0.032529616011007526,0.012331719734605076,-0.010852545101972153,0.005160051619406174
475,15.833333,axial_advance_candidate,unknown_no_ground_truth,0.5169118821073523,0.08750662655713112,0.17615156038587126,0.01172022969647909,1.0000979562874304,0.15642554,1.8505784,-3.7326293,0.03452023540259698,5.14661269697213,0.03217374144539319,0.012509876644303827,-0.01022488461325741,0.005728483113687445
476,15.866667,axial_advance_candidate,unknown_no_ground_truth,0.5167720217870797,0.08737277232012845,0.1758178745674699,0.011681575878290974,1.0000979562874304,0.15642554,1.7290285,-4.2947655,0.034291772648489406,5.135936023255503,0.03184795852406196,0.012713504993718905,-0.00975860514909135,0.006420968816650437
477,15.9,axial_advance_candidate,unknown_no_ground_truth,0.5166580102938162,0.08721037930845817,0.17547756447218005,0.012887205161742174,1.2292880380270672,0.15642554,1.7684762,-4.11233,0.03406974012431808,5.122398947663605,0.03152316838452056,0.012924281300704223,-0.010760804413363346,0.007091201961457176
478,15.933333,axial_advance_candidate,unknown_no_ground_truth,0.5165087066399646,0.08703877268512544,0.17507138602851344,0.015338295706994581,1.2292880380270672,0.15636644,1.7642858,-4.1317096,0.03380050960440892,5.108617890524358,0.03113057028365615,0.01316670206741551,-0.012950962597754717,0.008218021841463238
479,15.966666,axial_advance_candidate,unknown_no_ground_truth,0.5162907827711168,0.08685352662445184,0.17459246144716395,0.018675758743090996,1.3512560871420667,0.15636644,1.7104175,-4.380836,0.033486038845273056,5.099148608743183,0.030659773962296893,0.013464511061601826,-0.015639504796525087,0.01020734315821745
480,16.0,axial_advance_candidate,unknown_no_ground_truth,0.5159578142538536,0.0866534878090399,0.1740234210473509,0.022280963408849372,1.5519296534908644,0.15636644,1.7549369,-4.174946,0.033121411364884626,5.070054650826038,0.03008793471044995,0.0138471685070129,-0.018323072170569162,0.012677001090896792
481,16.033333,axial_advance_candidate,unknown_no_ground_truth,0.5155180642961464,0.08645261816467877,0.17338889554330544,0.02436108349520479,1.5519296534908644,0.15636644,1.7729993,-4.091412,0.03272685394080292,5.044780835894137,0.02943823923354099,0.014298148121048954,-0.019710935996944998,0.014315774208357614
482,16.066668,axial_advance_candidate,unknown_no_ground_truth,0.5150338367320808,0.0862612555207615,0.17274663032441673,0.02353747847045587,1.5720645357793386,0.15636644,1.7360127,-4.262465,0.03234333972820558,5.0297046986387315,0.02877384033761496,0.014770163743153404,-0.018874067854823495,0.014063515042786844
483,16.1,axial_advance_candidate,unknown_no_ground_truth,0.51458921364543,0.08609725252683374,0.17217513061096867,0.019112086878860613,1.5720645357793386,0.15636644,1.8066729,-3.9356804,0.03201557187814235,5.0192214893637725,0.028179960675620706,0.015194955051100675,-0.015437012668626944,0.01126811895276968
484,16.133333,axial_advance_candidate,unknown_no_ground_truth,0.514302935090034,0.08595748165048156,0.17174818904549935,0.011915345027889237,1.5720645357793386,0.15626304,1.7962377,-3.9839406,0.03177961236059072,5.0014348981427394,0.027744721928236807,0.015497553578362822,-0.009919481408110768,0.006601464665344317
485,16.166666,axial_advance_candidate,unknown_no_ground_truth,0.5142383145013102,0.08584338477136574,0.17150924503205422,0.005627408091159071,1.6079541898829806,0.15626304,1.8303863,-3.8260126,0.03165006477028776,4.985661127914029,0.02751867204758726,0.015634874118481096,-0.003964900395071433,0.003993405399105502
486,16.2,axial_advance_candidate,unknown_no_ground_truth,0.5143683828606405,0.08575401922188869,0.1714398577785593,0.005820470981660259,1.6079541898829806,0.15626304,1.8861617,-3.5680661,0.031612621775818806,4.992793992266697,0.02748038900656973,0.01562645435115001,0.0005550930268473775,0.00579394116123857
487,16.233334,axial_advance_candidate,unknown_no_ground_truth,0.5145934989457522,0.08569030873402653,0.17147760680788043,0.006775102904424039,1.6079541898829806,0.15626304,1.9282502,-3.3734179,0.03163437616288815,5.0054580269289,0.02755568567611945,0.015537629875048899,0.0025604646248156547,0.006272642208081271
488,16.266666,axial_advance_candidate,unknown_no_ground_truth,0.5147961042395579,0.08565144166161599,0.17154249787523768,0.0054280336617580985,1.6079541898829806,0.15626304,1.9538769,-3.2549014,0.031671745013816345,5.017467118198607,0.0276510840327722,0.01544399508005525,0.0024928120576357877,0.004821767049379786
489,16.3,axial_advance_candidate,unknown_no_ground_truth,0.5149308811727112,0.08563020082531758,0.17159381940627777,0.003693564711053218,0.9719445691477683,0.15626304,1.9606901,-3.2233918,0.03170183467222558,5.024195268526822,0.027721870600282063,0.01537869344275842,0.0017337720792038249,0.0032613577927162315
490,16.333334,axial_advance_candidate,unknown_no_ground_truth,0.5150249222146089,0.08561215487091897,0.17162445305643698,0.002690497282764403,0.9719445691477683,0.15590847,1.9137875,-3.440304,0.031720543175806894,5.027619817136339,0.02776665545630043,0.015336417578408939,0.0011519108510773886,0.002431435176954715
491,16.366667,axial_advance_candidate,unknown_no_ground_truth,0.5150994249033696,0.0855960635067051,0.1716449321164179,0.002435565377207954,0.9719445691477683,0.15590847,1.9391587,-3.3229692,0.03173333644201359,5.028875622304444,0.027798679858907865,0.015304837138760343,0.0009731616961154509,0.0022326968042857545
492,16.4,axial_advance_candidate,unknown_no_ground_truth,0.5151783527904434,0.08557834146877014,0.17166543175982832,0.002727431293049039,0.6697398265596578,0.15590847,1.9357845,-3.338574,0.03174644540861311,5.03263543985194,0.027831531908647303,0.015272282989127701,0.0010857191768524441,0.0025020182507963454
493,16.433332,axial_advance_candidate,unknown_no_ground_truth,0.5152712734848193,0.08555796161031862,0.17169050615258016,0.0031594561682313487,0.6697398265596578,0.15590847,1.9199106,-3.4119866,0.03176269008383048,5.041737991941227,0.027871060028329148,0.015233925766483723,0.0012685711927987614,0.002893594720719584
494,16.466667,axial_advance_candidate,unknown_no_ground_truth,0.5153773787086692,0.0855351984300424,0.17171910643137472,0.0038639512112388203,0.7325949454825409,0.15590847,1.9647971,-3.204398,0.03178131105324274,5.051788419640648,0.027916091317400853,0.015190246140912475,0.001551640917105616,0.0035387186137354285
495,16.5,axial_advance_candidate,unknown_no_ground_truth,0.5155147280626432,0.08550514048500069,0.17175617718431774,0.004730512361195898,1.2057103804476264,0.15590847,1.9680817,-3.1892078,0.03180633580330351,5.056991814668906,0.027974516827946494,0.01513503899814748,0.0019075915909304714,0.004328838357069775
496,16.533333,axial_advance_candidate,unknown_no_ground_truth,0.5156752322761136,0.08547050680429868,0.17180004994492715,0.005163127568795285,1.31955412626832,0.15483004,1.9448602,-3.296601,0.03183660421366822,5.0628782954576,0.02804326214157148,0.015071324305344263,0.0020917011461376806,0.004720452584964732
497,16.566668,axial_advance_candidate,unknown_no_ground_truth,0.515839625043307,0.08543458813394887,0.17184520386275098,0.005271753663138146,1.31955412626832,0.15483004,1.9634262,-3.2107382,0.03186893173321423,5.074863545291164,0.02811395208740901,0.015007814892353227,0.0021402007818458126,0.004817772026382842
498,16.6,axial_advance_candidate,unknown_no_ground_truth,0.5160067837873245,0.08539763051565494,0.17189118140280607,0.005408941823561981,0.793259530107947,0.15483004,1.9555134,-3.247333,0.03190302576681115,5.093028167119311,0.02818595749338633,0.014945061166112219,0.002201939495039075,0.004940456872685468
499,16.633333,axial_advance_candidate,unknown_no_ground_truth,0.5161796484117397,0.0853598275910162,0.1719391216374381,0.005223746235489624,0.9691548307825502,0.15483004,1.9412675,-3.3132164,0.031939393734766855,5.106048507091166,0.0282607458045177,0.014881368173555115,0.0021304652958454885,0.004769553685198439
500,16.666666,axial_advance_candidate,unknown_no_ground_truth,0.5163350741456012,0.08532535108040926,0.1719821500521369,0.0043270699854178005,0.9691548307825502,0.15483004,1.9654346,-3.20145,0.031973146174775244,5.1130464023017295,0.028327986336891247,0.014825898502635434,0.001771456058602198,0.003947844739999938
501,16.7,axial_advance_candidate,unknown_no_ground_truth,0.5164513948462397,0.08529976242474666,0.17201491530607216,0.0030811020108364746,0.8112076533692115,0.15483004,1.9511486,-3.2675188,0.03199930181437294,5.120342114104849,0.028378830039576697,0.014785037104862148,0.0012650360852437897,0.002809425796174662
502,16.733334,axial_advance_candidate,unknown_no_ground_truth,0.5165287051091673,0.08528339493268719,0.17203649702973267,0.0022307998099812985,0.8112076533692115,0.1545715,1.9587405,-3.2324085,0.03201643818866982,5.128704263706356,0.028412337677454432,0.014757756672042627,0.0009071992739123204,0.0020380032555483213
503,16.766666,axial_advance_candidate,unknown_no_ground_truth,0.5165918179926348,0.08526986129504882,0.17205369957166922,0.0017997553261197953,0.793259530107947,0.1545715,1.960932,-3.222273,0.032030315514543065,5.134673750524837,0.028439309064489007,0.014735902140542715,0.0007361348927752981,0.001642322944349031
504,16.8,axial_advance_candidate,unknown_no_ground_truth,0.5166418906924581,0.0852591504531105,0.17206807032976723,0.0012094250278414983,0.7885789778928968,0.1545715,1.9596522,-3.228192,0.03204201580080349,5.137695584563424,0.02846141258502902,0.014718653819004378,0.0005086166001256482,0.0010972775638123818
505,16.833334,axial_advance_candidate,unknown_no_ground_truth,0.5166676132333792,0.08525383101359404,0.17207592428509536,0.000498467908834786,0.7885789778928968,0.1545715,1.963329,-3.211188,0.03204836095194966,5.139513615445572,0.028473203215438427,0.014709661395110324,0.00020757669415102342,0.00045319109896759565
506,16.866667,axial_advance_candidate,unknown_no_ground_truth,0.5166731943372286,0.0852524172576338,0.17207708390244936,0.00010180700931175765,0.7690382291841874,0.1545715,1.9561274,-3.2444932,0.03204941741033282,5.141135764816948,0.028475265260002797,0.014707971468364443,3.2602989075993874e-05,9.644538479530752e-05
507,16.9,axial_advance_candidate,unknown_no_ground_truth,0.5166741431607296,0.08525237552976073,0.1720770668223145,0.0005423945821934418,0.7885789778928968,0.1545715,1.9569666,-3.240612,0.03204931235971098,5.142274446557378,0.02847537671474032,0.014707526769785186,0.00020355130629142585,0.0005027511795111497
508,16.933332,axial_advance_candidate,unknown_no_ground_truth,0.5167076389766553,0.08524511374207544,0.17208531220036966,0.002369073012653392,0.7885789778928968,0.15290214,1.9250743,-3.3881054,0.032056119169998835,5.143815268582098,0.02848883513916621,0.014696293704692201,0.0009499620062867755,0.0021702716709882715
509,16.966667,axial_advance_candidate,unknown_no_ground_truth,0.5168233072441959,0.08521952149710345,0.17211716151726564,0.00592016844485706,0.7885789778928968,0.15290214,1.8992399,-3.507583,0.03208303056137293,5.149813733720953,0.02853869695656577,0.014658227246952255,0.0024996697058906636,0.005366567411011786
510,17.0,axial_advance_candidate,unknown_no_ground_truth,0.5170782763450201,0.08516465589408659,0.17219461533415104,0.00996836146396837,1.4695368542233265,0.15290214,1.9098465,-3.45853,0.032149232893557776,5.164485091953875,0.028655491679726773,0.014575183437518962,0.004354135111884428,0.008967147690530405
511,17.033333,axial_advance_candidate,unknown_no_ground_truth,0.5174445984974712,0.08508626390941673,0.17231174476271266,0.012218399152685638,1.6824300247132016,0.15290214,1.9149067,-3.435128,0.032252843600540565,5.196126112173524,0.02882896818304902,0.014461552953319981,0.005206125684153929,0.011053756520529206
512,17.066668,axial_advance_candidate,unknown_no_ground_truth,0.5178414441395771,0.0849947132679677,0.17242302732198844,0.01153925820051308,1.6824300247132016,0.15290214,1.88448,-3.5758433,0.032360370146798725,5.242184721914601,0.029002557868206606,0.014354274385671651,0.0040569293410048935,0.01080258321607392
513,17.1,axial_advance_candidate,unknown_no_ground_truth,0.5181751536061566,0.08489908466002638,0.1724637978562264,0.008787884096671715,1.6824300247132016,0.15290214,1.8555527,-3.7096245,0.032419937366086254,5.290055189581871,0.029099451664169797,0.014292454361151603,0.0007192510768113912,0.008758400812079868
514,17.133333,axial_advance_candidate,unknown_no_ground_truth,0.5183902864460496,0.08479665632676109,0.1723704369235117,0.00772038825554986,1.8463285437512449,0.15261406,1.6879876,-4.4845686,0.032380890604488115,5.3061699163282725,0.029050507205296693,0.014303499832377796,-0.004070254594289964,0.0065602913314953964
515,17.166666,axial_advance_candidate,unknown_no_ground_truth,0.518485249391485,0.08468313784738168,0.17211435847439477,0.010989113463065494,1.8463285437512449,0.15261406,1.6686857,-4.573835,0.032220117652458295,5.301269316019304,0.028828105515549155,0.014390146417692167,-0.009234215028737364,0.005957338961916496
516,17.2,axial_advance_candidate,unknown_no_ground_truth,0.5185174986392247,0.08455587959646861,0.1716902950120868,0.015302863790294843,1.6916058269889342,0.15261406,1.677024,-4.535272,0.03193222467294507,5.292100623103873,0.02843486135204647,0.014530162850200123,-0.013725047127340748,0.006767623034462881
517,17.233334,axial_advance_candidate,unknown_no_ground_truth,0.5185527285114351,0.0844139335381334,0.17113264640833883,0.018464527937383787,1.6824300247132016,0.15261406,1.7289715,-4.295029,0.03154538077890165,5.291430179968665,0.027913110961862563,0.014695893471192744,-0.016603960590872616,0.008077579132832772
518,17.266666,axial_advance_candidate,unknown_no_ground_truth,0.5186400833819288,0.08426003005040983,0.1705017315462431,0.019976622255619057,1.0381876033890207,0.15261406,1.731327,-4.284135,0.031108129909549274,5.299235259887135,0.027327947606527347,0.01486267223901174,-0.017827379403566032,0.00901387709839691
519,17.3,axial_advance_candidate,unknown_no_ground_truth,0.5187649096449809,0.08412456852318624,0.1698501422691625,0.01953981879168006,1.671077248473386,0.15261406,1.6713077,-4.561709,0.030649017415840776,5.3033671284062125,0.026724637211856212,0.01500520024695376,-0.01744089353430017,0.008810207213051214
520,17.333334,axial_advance_candidate,unknown_no_ground_truth,0.5188998862654151,0.08402431402519464,0.16924718020744328,0.01725504532259495,1.671077248473386,0.15261406,1.7393963,-4.2468166,0.03021547165449335,5.3040570661680615,0.026165194937166267,0.015111495664016178,-0.015620166148696261,0.007331234450754475
521,17.366667,axial_advance_candidate,unknown_no_ground_truth,0.5190016315927302,0.08397214398886446,0.16873477578750698,0.013751550817758114,1.3463717438237977,0.15261406,1.7514498,-4.1910725,0.02983302222511804,5.307198764876898,0.02568328777845137,0.015178206217258931,-0.012792996318848851,0.005044243756927657
522,17.4,axial_advance_candidate,unknown_no_ground_truth,0.5190597240547561,0.08395812286061163,0.16834689570330988,0.009555874057218841,1.0197742928357765,0.15261406,1.7941278,-3.9936981,0.0295317190927849,5.311287853071907,0.02531234158364205,0.01521209374570711,-0.009058717478026343,0.0030420990534050854
523,17.433332,axial_advance_candidate,unknown_no_ground_truth,0.519099678867398,0.08396612642419612,0.1681053464235894,0.005494603693109066,0.9410280714338,0.15261406,1.7596257,-4.1532617,0.029334678780302974,5.328638311073589,0.025079382533174283,0.015216699737402669,-0.005132294382024573,0.0019621987974124296
524,17.466667,axial_advance_candidate,unknown_no_ground_truth,0.5191426967129595,0.08398427369749127,0.16799106897943034,0.0024787685357681244,0.8998584360496271,0.20337462,1.7320567,-4.2807603,0.029231727235932932,5.344867016807784,0.02497017784138859,0.015198160933659359,-0.001967271809055594,0.0015080235685191344
525,17.5,axial_advance_candidate,unknown_no_ground_truth,0.5191812510882026,0.08400302256269049,0.1679664310242609,0.0009995221469865465,0.7406933643362686,0.20337462,1.7512197,-4.192137,0.02919907068610696,5.354446862643258,0.024948237608490232,0.015171393118714719,-0.00013558480306539745,0.0009902834359385765
526,17.533333,axial_advance_candidate,unknown_no_ground_truth,0.519199558530286,0.08401694089403705,0.16797925162729133,0.0007697940269601458,0.7406933643362686,0.20337462,1.7975419,-3.9779093,0.0291997346650416,5.364746328991195,0.024961138993014095,0.01515143705000497,0.0003741470258000266,0.0006727531843317518
527,17.566668,axial_advance_candidate,unknown_no_ground_truth,0.5192087159566843,0.08403700802704053,0.16799329775256763,0.0008579647984921295,0.7406933643362686,0.20337462,1.8560508,-3.7073207,0.02919798735119995,5.372454201910209,0.02497316775289825,0.01512823048959908,0.0003923379915023993,0.0007630036014826559
528,17.6,axial_advance_candidate,unknown_no_ground_truth,0.5192230204864363,0.0840596758653753,0.16800920830075752,0.001105198650685399,0.7406933643362686,0.20337462,1.8826299,-3.5843997,0.02919590630253002,5.383632959594223,0.0249873083636859,0.01510083989598541,0.0003743857517320635,0.0010398554545593556
529,17.633333,axial_advance_candidate,unknown_no_ground_truth,0.5192477035491935,0.08409260207867997,0.16802189551190028,0.00163751683776878,0.8451239801345276,0.20337462,1.8873534,-3.5625546,0.02918457140794424,5.393983752193691,0.024998126420587845,0.015060972203868664,0.0005293953892770837,0.0015495812065808071
530,17.666666,axial_advance_candidate,unknown_no_ground_truth,0.5192947706364792,0.08413292805873793,0.16804666858810755,0.002602690186164839,1.4976869540065756,0.20337462,1.9142843,-3.4380062,0.029177363212486405,5.4072033466268685,0.025022600848873287,0.015006264384960069,0.0011591071503789423,0.002330336203018606
531,17.7,axial_advance_candidate,unknown_no_ground_truth,0.5193827456801839,0.08417336815837378,0.16809495679057793,0.003710862234065712,1.9243671598212415,0.20337462,1.9984607,-3.0487132,0.02918724277762232,5.422291291088321,0.02507538960579624,0.014937201112570997,0.0019247025620160846,0.003172698940647204
532,17.733334,axial_advance_candidate,unknown_no_ground_truth,0.519499902732312,0.08420940712329877,0.16816195413316826,0.004284302415370318,1.9243671598212415,0.20337462,2.062678,-2.7517247,0.02921402150813679,5.440373977205489,0.02515092805071711,0.014862364242122792,0.002374865409914092,0.0035658465293870283
533,17.766666,axial_advance_candidate,unknown_no_ground_truth,0.5196227905800452,0.08423980361066563,0.16823474646547404,0.004107182763192718,1.9243671598212415,0.20337462,2.0835931,-2.654998,0.029249304974752033,5.4562550395350735,0.02523371154059032,0.014791269160972387,0.0023516594496748597,0.0033672909115522384
534,17.8,axial_advance_candidate,unknown_no_ground_truth,0.5197298428633939,0.08426489659284886,0.16829986450127804,0.0033292471977508452,1.9243671598212415,0.20337462,2.1159885,-2.5051782,0.02928279726327801,5.47095338385414,0.02530770294519958,0.014731000889273569,0.0019265247970338263,0.0027152143764619455
535,17.833334,axial_advance_candidate,unknown_no_ground_truth,0.5198076121344002,0.08428649359136112,0.16834836338414827,0.002209678891253715,1.2876207974137732,0.20337462,2.1494195,-2.3505685,0.029306360995968346,5.4769714368589515,0.02536213383176312,0.014684173872770354,0.0012599384623628535,0.0018152784561909433
536,17.866667,axial_advance_candidate,unknown_no_ground_truth,0.5198514572489679,0.08430083086900833,0.16837489975867764,0.0011699292711892398,0.8793516149765546,0.20337462,2.1064394,-2.5493405,0.02931782083100833,5.481272378702233,0.025391714686834387,0.01465590132136216,0.0006058477994920666,0.0010008411179782766
537,17.9,axial_advance_candidate,unknown_no_ground_truth,0.5198718753690055,0.08431147443533352,0.16838482256871612,0.0005587627523075719,0.8558578831485766,0.20337462,2.1089625,-2.5376713,0.029318851094554763,5.485937404383398,0.02540252306620388,0.014639223045491685,0.0001952221220731076,0.0005235495548843545
538,17.933332,axial_advance_candidate,unknown_no_ground_truth,0.5198806180909394,0.08432043959570625,0.16838725801290425,0.00037843763611261546,0.6802987186658817,0.20337462,2.1150362,-2.509582,0.02931518958032032,5.489688374626648,0.02540472929555797,0.014628057613693617,8.202146686463385e-05,0.00036944217869631246
539,17.966667,axial_advance_candidate,unknown_no_ground_truth,0.5198905095117424,0.0843275231978391,0.16839032565897485,0.00029946588197968694,0.5170259771738931,0.2927079,2.123877,-2.4686956,0.029313151086949568,5.493302486411187,0.025407977995383746,0.014618326882117122,9.971789209814e-05,0.00028237591339449526
540,18.0,axial_advance_candidate,unknown_no_ground_truth,0.519897914284371,0.08432866872584516,0.16839300343675395,0.0001690029186126596,0.47766502261416116,0.2927079,2.104124,-2.560048,0.029314444764286504,5.496084572433117,0.025411390536240062,0.014614988978890592,8.05456494225725e-05,0.00014857450945129615
541,18.033333,axial_advance_candidate,unknown_no_ground_truth,0.5199010049583109,0.0843263325602719,0.1683942456405707,0.0003768812565732328,0.47766502261416116,0.2927079,2.0866835,-2.640706,0.029316785552349196,5.4978156277252666,0.02541334762306984,0.01461628125452712,9.076739578215583e-05,0.0003657878639582571
542,18.066668,axial_advance_candidate,unknown_no_ground_truth,0.5199051595482824,0.08430466991732895,0.16839463902253882,0.00022362562361654613,0.47766502261416116,0.130085,2.055141,-2.7865818,0.029330116908109674,5.499183424053818,0.025417428596475087,0.014635917510920573,4.3304299266414503e-05,0.00021939270088800579
543,18.1,axial_advance_candidate,unknown_no_ground_truth,0.5199036814303079,0.08431166976508193,0.1683946707080759,0.001399219374956333,0.6802987186658817,0.130085,2.0577686,-2.7744298,0.029325937064872912,5.499942963234966,0.02541624821806504,0.01462959026256691,-0.00023184456786313101,0.0013798778770621513
544,18.133333,axial_advance_candidate,unknown_no_ground_truth,0.5198899403239484,0.08439669981851114,0.16839456672052655,0.0050094018690582665,1.172897185030195,0.130085,2.0395555,-2.8586602,0.029274780428203404,5.499500842841297,0.02540197252877443,0.014551720199581576,-0.0008195696131922106,0.004941903756130468
545,18.166666,axial_advance_candidate,unknown_no_ground_truth,0.5198509771511254,0.08464143959024588,0.16839493240139572,0.011660531316193337,1.228752231383148,0.130085,2.0555713,-2.7845917,0.029128978197615524,5.497515242120179,0.025361611081022507,0.014327807027319882,-0.0019107423118800036,0.011502915038959342
546,18.2,axial_advance_candidate,unknown_no_ground_truth,0.5197660757429925,0.08516416358011167,0.16839508434427086,0.020838726267470863,1.495701799408547,0.130085,2.156541,-2.3176332,0.028821766428791973,5.490244964436961,0.02527457203489894,0.013852444857444638,-0.0034236328621223507,0.02055556495151559
547,18.233334,axial_advance_candidate,unknown_no_ground_truth,0.5196270258511211,0.08601251793998431,0.1683955676576523,0.03029466722460045,1.4970787231145972,0.130085,2.1957176,-2.1364524,0.028337389544848927,5.475922194029171,0.025133382225941282,0.013088955042372641,-0.0049836927524721875,0.029881928799832126
548,18.266666,axial_advance_candidate,unknown_no_ground_truth,0.5194365919898694,0.08715671935631286,0.16839596268504714,0.037694106570186,1.5680324108502086,0.130085,2.1710916,-2.2503412,0.027712831949545765,5.4541762616596285,0.024942330942120877,0.012078128242301618,-0.006199857536514777,0.03718074013049579
549,18.3,axial_advance_candidate,unknown_no_ground_truth,0.5192126040588131,0.08849101103301736,0.1683972101522155,0.0410279658069525,2.3634686738299577,0.10205294,2.0915272,-2.6183052,0.02702996316557586,5.424853270027415,0.024720064723176238,0.010933311886814788,-0.006749068310081746,0.04046905058439491
550,18.333334,axial_advance_candidate,unknown_no_ground_truth,0.5189806396635815,0.08985368398490201,0.1683981947542928,0.04086025425081119,1.8633538580455962,0.10205294,1.9327121,-3.352783,0.026385911706098046,5.396835480078488,0.024492373462849982,0.009815293104043499,-0.006735653514583472,0.0403012574142844
551,18.366667,axial_advance_candidate,unknown_no_ground_truth,0.5187518471954047,0.09117581624318855,0.16839920286618537,0.03881435060946357,1.8633538580455962,0.10205294,2.015225,-2.9711828,0.0258167600113504,5.370619727092141,0.024271028029083805,0.008798994027449351,-0.006406956119486679,0.03828191121818942
552,18.4,axial_advance_candidate,unknown_no_ground_truth,0.5185356405392992,0.09240271537560055,0.16840026549582107,0.03488214771990471,1.8633538580455962,0.10205294,2.0020137,-3.0322814,0.02534119246910345,5.349014529466897,0.024065249599432955,0.007939760542556523,-0.005767499458391522,0.03440203743313333
553,18.433332,axial_advance_candidate,unknown_no_ground_truth,0.51834575074417,0.09346552310840987,0.1684010591649231,0.030006998231681223,1.8633538580455962,0.10205294,2.0496361,-2.8120403,0.02497228634586605,5.328855318175515,0.02388653395655045,0.007283445673751557,-0.004973276525716006,0.02959199999112737
554,18.466667,axial_advance_candidate,unknown_no_ground_truth,0.5181819757623393,0.0943716889146062,0.1684014955637811,0.024522869776015966,1.437955992875524,0.10205294,2.0123074,-2.9846756,0.024690651443379286,5.308495187824064,0.0237336816633413,0.006807394758762308,-0.004076546218363971,0.02418166480995425
555,18.5,axial_advance_candidate,unknown_no_ground_truth,0.5180546168733712,0.09507428407902022,0.16840147966593555,0.017985748922005156,0.8045476980662011,0.10205294,1.965295,-3.2020957,0.02449359301980666,5.291740894181652,0.023614771830581065,0.006502203504160464,-0.0029988343302892262,0.017733983109975277
556,18.533333,axial_advance_candidate,unknown_no_ground_truth,0.5179674839867887,0.09555137951239429,0.16840128506158264,0.011165066303866199,0.7202296383657893,0.10205294,1.9861579,-3.1056101,0.024370692399262952,5.284185861135264,0.023533762437891174,0.0063318775680200326,-0.0018554890178226105,0.011009807721957188
557,18.566668,axial_advance_candidate,unknown_no_ground_truth,0.5179216809725165,0.09580665157815804,0.16840172804369538,0.00487777685502937,0.47510465827596593,0.10205294,1.9723952,-3.169259,0.024309092394451462,5.2814168814523414,0.02349105990977839,0.006253165387000449,-0.000805776626106644,0.004810762005782493
558,18.6,axial_advance_candidate,unknown_no_ground_truth,0.5179101426966883,0.09587148472685679,0.16840166520809535,0.0005983722007677965,0.14341067286155665,0.10204556,1.9642717,-3.206828,0.024293684890628855,5.281353242965856,0.02348005465005953,0.006234593747421455,-8.764781381527371e-05,0.0005919181965314965
559,18.633333,axial_advance_candidate,unknown_no_ground_truth,0.5179154848361954,0.09584605178578343,0.16840244424874412,0.0008194439513143731,0.11304477158997016,0.10204556,1.8964887,-3.5203066,0.024300348044005746,5.281291785656896,0.0234852168117208,0.006241114192696728,0.00015497022797765486,0.0008046568323119281
560,18.666666,axial_advance_candidate,unknown_no_ground_truth,0.5179208826518984,0.0958179346332987,0.16840282375447646,0.0007715434041886319,0.025219260266193356,0.10204556,1.8899848,-3.550385,0.02430733512817264,5.281246677102201,0.02349038584029308,0.006248865025542958,0.00015262029361516133,0.0007562977393353788
561,18.7,axial_advance_candidate,unknown_no_ground_truth,0.5179256031292522,0.09579564439700358,0.1684039789229076,0.0002861203241126222,0.020010609108966827,0.10204556,1.8823802,-3.5855541,0.02431367122440533,5.281254282949202,0.023495378438491095,0.006254742236140796,7.524411068717644e-05,0.0002760492051740195
562,18.733334,axial_advance_candidate,unknown_no_ground_truth,0.5179249158772332,0.09579937829077817,0.16840466238980792,0.00011919449252365767,0.020010609108966827,0.10204556,1.8568429,-3.7036579,0.024313440142840644,5.2812544087078654,0.02349541565072437,0.006253704100706336,-5.626404694239073e-05,0.00010507941791633952
563,18.766666,axial_advance_candidate,unknown_no_ground_truth,0.5179224404337147,0.09580253307059812,0.16840159454168024,0.000168556967639495,0.020010609108966827,0.10204556,1.8288196,-3.833258,0.024309941972270342,5.281198287501266,0.023491627559500624,0.006254335560302316,-0.00015287754885303254,7.099229814923875e-05
564,18.8,axial_advance_candidate,unknown_no_ground_truth,0.5179190013084943,0.09579986211288029,0.16839512021812875,0.00027097129670940445,0.020010609108966827,0.10203079,1.787802,-4.0229535,0.02430476964670085,5.281052920255199,0.023485223970294837,0.006258281125379377,-0.00024149869894226085,0.00012289760798962434
565,18.833334,axial_advance_candidate,unknown_no_ground_truth,0.5179143946847555,0.09579923555043678,0.16838573242543386,0.00034297806072507446,0.020010609108966827,0.10203079,1.7366359,-4.259583,0.024296397225857833,5.280073216339755,0.023475514056438936,0.0062622007267900915,-0.00031902371412561214,0.00012592783633586568
566,18.866667,axial_advance_candidate,unknown_no_ground_truth,0.5179093238202198,0.09579829835811417,0.1683744881790249,0.0004306916905626032,0.020010609108966827,0.10203079,1.6752945,-4.5432706,0.02428637215270858,5.278796699305785,0.02346396872766381,0.006266581515234084,-0.00038217318227300515,0.000198592525214313
567,18.9,axial_advance_candidate,unknown_no_ground_truth,0.5178981023319162,0.09580096701292268,0.16836215362749687,0.000685131194257864,0.019861320507502035,0.10203079,1.6333292,-4.7373495,0.024275025884422572,5.27810748547422,0.023450036234667956,0.0062747655161086106,-0.000488407317543283,0.0004804820969769651
568,18.933332,axial_advance_candidate,unknown_no_ground_truth,0.5178736384544995,0.09580657378376653,0.16834720720725005,0.0006830145375846873,0.034967784467203555,0.10203079,1.680791,-4.517851,0.02426183742252854,5.2779836278823415,0.023431408738723684,0.0062933170614605,-0.00044486591764337634,0.0005182694027929304
569,18.966667,axial_advance_candidate,unknown_no_ground_truth,0.5178606749739267,0.09581144600282193,0.1683383743678235,0.0005674585910139793,0.034967784467203555,0.10203079,1.7587667,-4.157234,0.02425349482759569,5.277924270072324,0.023420365361651707,0.006302261314715214,0.00010833108859085251,0.0005570221070660405
570,19.0,axial_advance_candidate,unknown_no_ground_truth,0.517911346286839,0.09580387203614665,0.1683492321270071,0.003282662327667808,0.034967784467203555,0.10203079,1.7869203,-4.027031,0.024260464943369215,5.277913594665873,0.023438642412448623,0.006261006399119174,0.0012668747825445958,0.003028349425486104
571,19.033333,axial_advance_candidate,unknown_no_ground_truth,0.518069127521174,0.09577066401041232,0.16839105891270556,0.00670508007300039,0.5862497470619711,0.10203079,1.7751147,-4.0816293,0.024293069318348934,5.285123021715089,0.023504822386406436,0.006138121983929076,0.0027232703006220466,0.006127144331178826
572,19.066668,axial_advance_candidate,unknown_no_ground_truth,0.5183338100010564,0.0957159302858296,0.16846579863670164,0.009507369170661034,2.1134602920912315,0.10203079,1.8268443,-3.8423932,0.02435437059601308,5.316011764070623,0.02362018582194734,0.005934828461263596,0.0039231096262349946,0.008660212434333132
573,19.1,axial_advance_candidate,unknown_no_ground_truth,0.5186680013909073,0.09565197510584296,0.16856147546534223,0.010783684618372587,2.1134602920912315,0.10202339,1.8251426,-3.850263,0.024436059095625035,5.367488101515927,0.02376637795879311,0.005681572215916303,0.0044740323390573215,0.009811772957911063
574,19.133333,axial_advance_candidate,unknown_no_ground_truth,0.5190136486674974,0.09558841486319442,0.168661702371059,0.010070594578722251,2.1134602920912315,0.10202339,1.8451787,-3.7576015,0.024526162500548336,5.418665947215726,0.023918450074436715,0.005425900205494191,0.004196859676086378,0.009154411178673926
575,19.166666,axial_advance_candidate,unknown_no_ground_truth,0.5193034388667954,0.0955393607156276,0.1687465837261784,0.0074928678461982,2.1134602920912315,0.10202339,1.9414217,-3.312503,0.024605333757651334,5.451704834509465,0.024046164316876204,0.005215786706835909,0.0031253023010211706,0.006809959918224382
576,19.2,axial_advance_candidate,unknown_no_ground_truth,0.5194872251033746,0.09551121540425614,0.16880047881482518,0.00417319563612267,1.0496796291922021,0.10202339,1.9502764,-3.2715528,0.02465665431886362,5.467993323083775,0.024126790437519096,0.0050841504092594665,0.001723604031786114,0.0038006250747691425
577,19.233334,axial_advance_candidate,unknown_no_ground_truth,0.5195682867540281,0.09550240785796593,0.16882349870090912,0.001535297679348532,0.43495310441676993,0.10202339,1.910354,-3.456183,0.0246780581380211,5.475013295160143,0.02416108866370994,0.005024773432493904,0.0005784981663437834,0.001422138824359235
578,19.266666,axial_advance_candidate,unknown_no_ground_truth,0.5195860787140153,0.09550246397134997,0.16882552333972578,0.0002164545520904364,0.1866231526050965,0.10202339,1.9020507,-3.4945834,0.024679347411978695,5.478016700706363,0.02416535639102029,0.005010562760420671,-0.00011453314960714741,0.00018367016840450227
579,19.3,axial_advance_candidate,unknown_no_ground_truth,0.5195772418431902,0.09549675222259854,0.16881369832112642,0.00039023517415612545,0.1866231526050965,0.10202339,1.8625913,-3.677073,0.024669789498966015,5.479026900628429,0.024153453237395612,0.005020877476321974,-0.00027261745349237734,0.0002792189377531421
580,19.333334,axial_advance_candidate,unknown_no_ground_truth,0.5195770340664518,0.09548781542852422,0.16880598948035772,0.0004489779357511504,0.1866231526050965,0.10202339,1.9083635,-3.4653888,0.0246647453286287,5.480132886595064,0.02414716874652983,0.0050263210853191895,0.00014990156701509146,0.00042321472918340657
581,19.366667,axial_advance_candidate,unknown_no_ground_truth,0.5196055759718624,0.09548856057131813,0.16881896250750622,0.001921679201163581,0.1866231526050965,0.10202339,1.8744632,-3.6221685,0.024676023478647387,5.481227403026868,0.02416345874322274,0.0050033385137655435,0.001144802686634679,0.0015434629120450933
582,19.4,axial_advance_candidate,unknown_no_ground_truth,0.5196836484354403,0.0955107503672711,0.16887321695136526,0.004561815198397181,0.3138770987381717,0.10202339,1.8832732,-3.5814245,0.024719800657531533,5.487338137197409,0.02422348775625091,0.004928608877853725,0.002913765017036908,0.0035100044629344015
583,19.433332,axial_advance_candidate,unknown_no_ground_truth,0.5198416178978753,0.09556048606052617,0.16899671989722143,0.007940189515058876,0.8494635883134849,0.10202339,2.0126214,-2.9832234,0.02482129592836418,5.503656793488384,0.024357706768018943,0.004774814401275977,0.005268676108261172,0.00594034187579207
584,19.466667,axial_advance_candidate,unknown_no_ground_truth,0.5200861425554213,0.09562890008211625,0.16919605982659242,0.01123001000768566,1.0151014969326797,0.10202339,2.052447,-2.7990403,0.024991051806301044,5.523659129304185,0.024574729028418316,0.004542616378810452,0.007638476702856984,0.008232059185442677
585,19.5,axial_advance_candidate,unknown_no_ground_truth,0.5204064419995064,0.09571184914601626,0.16946428677302308,0.013367847862935857,1.1724463978647002,0.10202339,2.1183045,-2.4944673,0.025226495699613997,5.551489612939183,0.02486695431382646,0.004243897788202638,0.00924779285362082,0.00965285884197622
586,19.533333,axial_advance_candidate,unknown_no_ground_truth,0.5207540954001637,0.09579612760774087,0.16976180621496306,0.0137215531345499,1.1724463978647002,0.10202339,2.0559666,-2.7827635,0.02549524242561559,5.586643214039274,0.025191239105599172,0.0039254119102891975,0.00959608097036523,0.009807968721120114
587,19.566668,axial_advance_candidate,unknown_no_ground_truth,0.5210905390067734,0.09587086667108044,0.17005036951910413,0.013082553399103624,1.1724463978647002,0.10202339,2.1140633,-2.514082,0.02576290915197991,5.617438868728993,0.02550668781324786,0.0036244123345286036,0.009194985138544566,0.009306205012911673
588,19.6,axial_advance_candidate,unknown_no_ground_truth,0.5214084278470484,0.0959349794165095,0.17032156291404532,0.011782014606156651,1.1724463978647002,0.10197908,2.105226,-2.5549517,0.026020532107459242,5.644272807966946,0.02580426064874464,0.0033478685050291742,0.00829098552769052,0.00837110668665231
589,19.633333,axial_advance_candidate,unknown_no_ground_truth,0.5216813803802365,0.09598989175847955,0.17055403608339323,0.009665614513024843,0.8961944998924578,0.10197908,2.1031978,-2.5643318,0.026244811466145383,5.662771323881923,0.02605941171272195,0.003114031162394843,0.006764644481392948,0.0069038894077727226
590,19.666666,axial_advance_candidate,unknown_no_ground_truth,0.5218924478318568,0.09604080772179208,0.17073354657848638,0.007316684147235773,0.8546273687258263,0.10197908,2.1142485,-2.513225,0.02641817861605534,5.682704982202154,0.026255230037585536,0.0029296854887973533,0.005044764357392756,0.005299454640695675
591,19.7,axial_advance_candidate,unknown_no_ground_truth,0.5220459635292442,0.09608623917145664,0.17086338411703456,0.005182303894449263,0.8210495335263005,0.10195692,2.1508415,-2.3439925,0.02654284735509716,5.702151830566244,0.026395717320388715,0.0027908516367086927,0.003518710857171767,0.0038045955840332792
592,19.733334,axial_advance_candidate,unknown_no_ground_truth,0.5221496220272438,0.09611910606191376,0.17095061684512136,0.003659008935282538,0.4310858283539574,0.10195692,2.1965609,-2.1325524,0.026626686516973027,5.710984233755805,0.026489829914415966,0.002696172468234574,0.002490567179652637,0.002680563655672919
593,19.766666,axial_advance_candidate,unknown_no_ground_truth,0.5222260327419664,0.09614370801207045,0.1710175734463656,0.002834185492989206,0.4310858283539574,0.10195692,2.124821,-2.4643304,0.02669128477168402,5.7137647059211005,0.026561752588312195,0.002626400997643308,0.001986321301274111,0.002021666415800389
594,19.8,axial_advance_candidate,unknown_no_ground_truth,0.5222864359483286,0.0961612386085687,0.17107393019750108,0.0030865233256745558,0.4310858283539574,0.10195692,2.1581104,-2.3103757,0.02674628580313149,5.716500551221796,0.02662224930552234,0.0025728673066072166,0.0021393129435510728,0.0022248519882203323
595,19.833334,axial_advance_candidate,unknown_no_ground_truth,0.5223846789113934,0.09616957944163926,0.17114599328835714,0.004998135499295358,0.4310858283539574,0.10195692,2.1636443,-2.2847826,0.026821407573533053,5.725482775281263,0.02670436322114724,0.0025029760643311945,0.0031672174595336507,0.00386653488712331
596,19.866667,axial_advance_candidate,unknown_no_ground_truth,0.522567684751406,0.09616362290164596,0.17125265551890426,0.007796138101473656,0.8754508516594801,0.10195692,2.166141,-2.273236,0.026940115694296125,5.743723308325972,0.02683341065800076,0.0023953926778613483,0.004387270088587079,0.006444503896114765
597,19.9,axial_advance_candidate,unknown_no_ground_truth,0.5228483657789024,0.0961319650961579,0.17137773383284344,0.010046231648286084,1.592687946660809,0.10193475,2.1521115,-2.3381188,0.027091857355026533,5.775722562906268,0.026996843412230766,0.0022669761182239163,0.004820026903473787,0.008814426299017639
598,19.933332,axial_advance_candidate,unknown_no_ground_truth,0.5231896107057139,0.09607778933674332,0.17148587298050733,0.010892910155220283,1.643466723703018,0.10193475,2.1080008,-2.5421195,0.02724070581758018,5.829147397040251,0.027154740861359595,0.0021624296965113564,0.0038187369229350497,0.01020160477391247
599,19.966667,axial_advance_candidate,unknown_no_ground_truth,0.5235473603141194,0.09600294946497545,0.17152635444269027,0.010506381772783487,1.643466723703018,0.10193475,2.0667152,-2.733054,0.027334379853220472,5.884787887780607,0.027251412372139988,0.0021281084755530952,0.0016059372031921786,0.01038291980393186
600,20.0,axial_advance_candidate,unknown_no_ground_truth,0.5238712985896758,0.09591674187383119,0.17148164060897791,0.009286057076244221,1.643466723703018,0.10193475,2.0782318,-2.679793,0.02734863462415503,5.933665046992688,0.027261823120812392,0.00217734148333933,-0.0010876575853956346,0.009222139502317057
601,20.033333,axial_advance_candidate,unknown_no_ground_truth,0.5241180746217579,0.0958373036651464,0.17135290948664636,0.008222564757735496,1.643466723703018,0.10193475,1.9865878,-3.1036222,0.02727409273245784,5.958648983926383,0.027178902977462543,0.002276700972984271,-0.0034699896380141716,0.0074545115941440495
602,20.066668,axial_advance_candidate,unknown_no_ground_truth,0.5242965203903684,0.09577035580184609,0.1711682132586757,0.007683036303987188,1.643466723703018,0.10193475,2.0398326,-2.857379,0.02713597344002855,5.9731066161586925,0.02703047022684335,0.0023905509519083425,-0.004630849751133014,0.00613060171849521
603,20.1,axial_advance_candidate,unknown_no_ground_truth,0.5244431897135651,0.09571317320106068,0.17097706032198237,0.007181735916617454,1.643466723703018,0.10193475,2.0572166,-2.7769823,0.026986568855577896,5.978079242098862,0.026870189606326103,0.002503559289677745,-0.004494765340432028,0.005601286933418437
604,20.133333,axial_advance_candidate,unknown_no_ground_truth,0.524591105156205,0.09565917863313572,0.17080754026341383,0.0069968656201302515,1.643466723703018,0.10193475,2.113355,-2.5173578,0.02685879776802333,5.984471716221164,0.02673082379544059,0.0026187929969133015,-0.0036247176199070193,0.005984776577458534
605,20.166666,axial_advance_candidate,unknown_no_ground_truth,0.5247756870441418,0.09559974949767827,0.1706702106610451,0.007202344016151082,1.4789476422887038,0.10193475,2.1238751,-2.4687045,0.026770412871048907,6.0152682086688225,0.026628545467559227,0.0027523756227215597,-0.00260839208766963,0.006713423124157286
606,20.2,axial_advance_candidate,unknown_no_ground_truth,0.5249846083289286,0.09553792328368074,0.17056057779506015,0.007262428642411098,1.4789476422887038,0.10193475,2.0697253,-2.7191334,0.02671498921401065,6.045004297480888,0.02655691703968982,0.002901862514272151,-0.0020903070929953887,0.006955105034655212
607,20.233334,axial_advance_candidate,unknown_no_ground_truth,0.5251916491928525,0.09547645684130554,0.17045523575947968,0.006651965431872302,1.4789476422887038,0.10193475,2.108744,-2.5386825,0.0266653488849994,6.071755349298075,0.02648920294361522,0.003059895189496768,-0.002278505939627256,0.006249564368010572
608,20.266666,axial_advance_candidate,unknown_no_ground_truth,0.5253523219791839,0.09542386193247646,0.17034050668478565,0.0053811128213265644,1.4789476422887038,0.10193475,2.100978,-2.5745983,0.02659810896162984,6.094777584545253,0.026405018971152668,0.003199120733545587,-0.0029096926973950035,0.004526595144539803
609,20.3,axial_advance_candidate,unknown_no_ground_truth,0.5254396983425755,0.09538773700490208,0.17021173736710887,0.004434642944355188,0.6727237045189801,0.10191999,2.1192827,-2.4899433,0.026500975130891797,6.089128403768056,0.026295226402635364,0.0032958688266212415,-0.0035476871129248395,0.0026608220896381382
610,20.333334,axial_advance_candidate,unknown_no_ground_truth,0.5254692245079278,0.0953653749339621,0.17007533093168908,0.004143069361169539,0.5318217175559304,0.10191999,2.0858252,-2.6446755,0.02638270758524718,6.086388229082129,0.026168489007244312,0.003355211261067243,-0.0039478025259621595,0.0012569323559637414
611,20.366667,axial_advance_candidate,unknown_no_ground_truth,0.5254494510566001,0.09535640662865504,0.16993749477687026,0.004417856881259522,0.5318217175559304,0.10191999,2.1261973,-2.4579651,0.026250508883006205,6.084520441359341,0.02603204994770185,0.0033795846101472155,-0.004311615264459618,0.0009630333507054343
612,20.4,axial_advance_candidate,unknown_no_ground_truth,0.5253975445455373,0.0953533950384492,0.16978991882436906,0.0048771520439592495,0.5318217175559304,0.10191999,2.0600781,-2.7637486,0.026101547856890207,6.074560716976376,0.025881052393823056,0.0033855468559326985,-0.004703816049436498,0.0012886918300972928
613,20.433332,axial_advance_candidate,unknown_no_ground_truth,0.5253411338754794,0.09534960590868422,0.16963100468784673,0.004984628700046038,0.4930492932923903,0.10191999,2.0591133,-2.7682111,0.02594128519799766,6.060705629609835,0.025718467015905622,0.0033927469807852047,-0.004815321344662925,0.001288100782142571
614,20.466667,axial_advance_candidate,unknown_no_ground_truth,0.5252911058037749,0.09534420752301254,0.16947522615241267,0.004681844898405258,0.4930492932923903,0.10191999,2.0528288,-2.797275,0.025785710462370444,6.04554693177831,0.025560013590389664,0.003404198776260918,-0.004540947737855532,0.001139940917235656
615,20.5,axial_advance_candidate,unknown_no_ground_truth,0.5252487862209863,0.0953397282200805,0.16933303462425975,0.004187679765270639,0.40762931395311897,0.10191999,2.0710564,-2.7129774,0.025644298673701462,6.0313257672719285,0.025415745614709318,0.0034161278246562592,-0.00407171226621055,0.0009786833183659084
616,20.533333,axial_advance_candidate,unknown_no_ground_truth,0.5252119490861191,0.09533585359785363,0.16920763923802618,0.0035680133491885796,0.3888499618796042,0.10192737,2.1091294,-2.5368996,0.025519726888168958,6.0212903670972135,0.025288570265129973,0.003427050392439262,-0.0034701484547004233,0.0008299331071406727
617,20.566668,axial_advance_candidate,unknown_no_ground_truth,0.5251816324005156,0.09533266634434237,0.16910493078347735,0.0030387049979171943,0.3888499618796042,0.10192737,2.091303,-2.6193416,0.025417716160214845,6.014484686660773,0.025184387308775834,0.003436121459264447,-0.0029559641553999504,0.0007042754974848942
618,20.6,axial_advance_candidate,unknown_no_ground_truth,0.5251547305201563,0.09533015800605649,0.16901340721904606,0.0031422405435494053,0.3888499618796042,0.10192737,2.0594738,-2.7665439,0.02532678294957064,6.007546102481724,0.02509151599188112,0.003444090562664746,-0.003056556640436061,0.0007287915595915463
619,20.633333,axial_advance_candidate,unknown_no_ground_truth,0.5251226962284905,0.09532648440528148,0.16890400798905103,0.004164766592077364,0.3888499618796042,0.10192737,2.0721147,-2.708083,0.02521833538878507,5.997844660245328,0.024980619988277806,0.0034544268384935923,-0.004043511296396864,0.0009976458100922675
620,20.666666,axial_advance_candidate,unknown_no_ground_truth,0.5250754797260304,0.09532012955300494,0.16874750025007523,0.005796977301308394,0.48497260200307335,0.10192737,2.0923808,-2.6143577,0.025063315813255597,5.985420037780626,0.024821952702469063,0.0034699371163432738,-0.0056184098404877935,0.0014277313109246725
621,20.7,axial_advance_candidate,unknown_no_ground_truth,0.5250106266893865,0.09531054480140615,0.16853446349253734,0.007387581008636333,0.6313558375829301,0.10192737,2.0436268,-2.8398318,0.024852628462636153,5.9688182487410835,0.024606037779246068,0.0034922838241110863,-0.007153180630906487,0.0018461744285924045
622,20.733334,axial_advance_candidate,unknown_no_ground_truth,0.5249319849011306,0.09529809984438058,0.1682768938495648,0.008588348071051815,0.9405137305464847,0.101912595,2.0687628,-2.7235847,0.02459837967886618,5.944726768202168,0.024345083440331438,0.003520965082041686,-0.008315659130372022,0.002146982956848947
623,20.766666,axial_advance_candidate,unknown_no_ground_truth,0.5248442042359363,0.09528448316570942,0.1679872566745399,0.009413780093578222,0.9439119497540736,0.101912595,2.0635533,-2.7476768,0.024312883922503654,5.917966738473829,0.02405166899813007,0.003554369569069295,-0.009114662712754018,0.0023541833579781317
624,20.8,axial_advance_candidate,unknown_no_ground_truth,0.5247497987382406,0.09526925413516646,0.16767703768680894,0.009629278519701216,1.015224453309968,0.101912595,2.0742998,-2.6979773,0.024007688303622453,5.892575824953041,0.023737448569885872,0.0035920235349888034,-0.009316724123865743,0.0024334453784207555
625,20.833334,axial_advance_candidate,unknown_no_ground_truth,0.524656123729011,0.0952541888434686,0.16737419431629846,0.008809283060954753,1.015224453309968,0.101912595,2.030231,-2.901784,0.023710036391165732,5.869350521550246,0.023430532961157137,0.0036298692574984357,-0.008523564807363038,0.002225378849253905
626,20.866667,axial_advance_candidate,unknown_no_ground_truth,0.5245768995769002,0.09524242595806945,0.16711643069264825,0.007213421800155299,1.015224453309968,0.101912595,2.0738816,-2.6999114,0.023456879657546517,5.845892866182312,0.023169213885395286,0.003662339580299176,-0.006986299253525706,0.0017958498843561196
627,20.9,axial_advance_candidate,unknown_no_ground_truth,0.524514752652696,0.09523440182128012,0.16691498259861764,0.005391558345249918,0.9439119497540736,0.101912595,2.0856316,-2.6455708,0.02325891181277687,5.825432918048171,0.022964786813922312,0.003687213759145425,-0.005228245337243241,0.001316948018650828
628,20.933332,axial_advance_candidate,unknown_no_ground_truth,0.5244706651043429,0.09523050943586622,0.1667732639816026,0.0035704516294896953,0.6846182451307488,0.10190521,2.0693557,-2.7208424,0.023119199073332843,5.814099992047031,0.022820669536770272,0.003703296867106341,-0.0034567125995128073,0.0008940150126787767
629,20.966667,axial_advance_candidate,unknown_no_ground_truth,0.5244445753243754,0.09522429184021385,0.1666877374982247,0.0019219373317767964,0.3466348629538145,0.10190521,2.0636692,-2.7471411,0.023036170663440887,5.810534971822333,0.02273432638216373,0.0037169292143419664,-0.0018505232053275652,0.0005190442888824666
630,21.0,axial_advance_candidate,unknown_no_ground_truth,0.5244337331038125,0.09522110669013761,0.16665094896444338,0.0008251944153174332,0.34056056249162864,0.10190521,2.084855,-2.649162,0.023000688890503235,5.8072857613695685,0.022697309990819873,0.003723413570683143,-0.0008093543030367748,0.00016090815773893186
631,21.033333,axial_advance_candidate,unknown_no_ground_truth,0.5244271317075292,0.09523367131309304,0.1666364142202871,0.000943841081238103,0.3089179780258639,0.10190521,2.0687683,-2.7235591,0.022982172661000683,5.80585118477153,0.022680370255363565,0.0037122857244111795,-0.0006745014643930948,0.0006602149355810441
632,21.066668,axial_advance_candidate,unknown_no_ground_truth,0.5244130847587917,0.09526832610794034,0.16661482405083522,0.001885423694742666,0.27340677275514946,0.10190521,2.094656,-2.6038353,0.022949217352713058,5.803685591384966,0.0226523288532908,0.0036794802111759315,-0.0010535139787822465,0.0015636274508998252
633,21.1,axial_advance_candidate,unknown_no_ground_truth,0.5243885257835562,0.09534214868208282,0.16658602487507843,0.0029296487705190695,0.3089179780258639,0.10190521,2.1279266,-2.4499676,0.02289621908333594,5.8001373534285,0.022610148993540403,0.003608048059826903,-0.001305748946512832,0.002622567750752023
634,21.133333,axial_advance_candidate,unknown_no_ground_truth,0.5243595701408725,0.09544792238708488,0.16655981353072308,0.0036777722144863377,0.2559027738227552,0.10190521,1.9998546,-3.0422668,0.022835834301390794,5.793684775577008,0.02256528025731384,0.0035047760484029156,-0.001444508309209385,0.0033822188288566996
635,21.166666,axial_advance_candidate,unknown_no_ground_truth,0.5243253240985971,0.09557241860129462,0.16653039159094618,0.004159571826382704,0.2559027738227552,0.10190521,2.1082544,-2.5409462,0.02276659189900951,5.787071050628457,0.022513849915122966,0.003382937879323694,-0.0016629737379831614,0.003812683585824433
636,21.2,axial_advance_candidate,unknown_no_ground_truth,0.524287817861623,0.09570779410615415,0.16649484002995144,0.004344380811301126,0.2559027738227552,0.10190521,2.0456166,-2.8306293,0.022688526927614944,5.782719768504241,0.022454400272627014,0.003251024844838357,-0.00194786628279741,0.0038832282418037743
637,21.233334,axial_advance_candidate,unknown_no_ground_truth,0.52424732972878,0.09583885827545595,0.1664478788118275,0.004314963022504155,0.32318345178725627,0.10190521,2.082655,-2.659337,0.022601002092062665,5.778299280081933,0.022384004173872336,0.0031243643688735785,-0.002273969392923541,0.003667147268057983
638,21.266666,axial_advance_candidate,unknown_no_ground_truth,0.5242049558918317,0.09596211224940493,0.1663889895080546,0.0042727544414181366,0.33296980368045553,0.10190521,2.076923,-2.6858463,0.022504555003990654,5.769994772795385,0.022302804635902805,0.003006642862129311,-0.002628587969845859,0.003368524276510418
639,21.3,axial_advance_candidate,unknown_no_ground_truth,0.5241603516174627,0.09607581753217476,0.16631588516218881,0.0041813937177121495,0.33296980368045553,0.10190521,2.0394785,-2.8590164,0.022397281076432327,5.760019435741809,0.02220876766092083,0.0028997997516985244,-0.002977887281452327,0.0029353433805071427
640,21.333334,axial_advance_candidate,unknown_no_ground_truth,0.5241147960558932,0.09617236838740542,0.16622968206484537,0.004023552796491416,0.32318345178725627,0.10189044,2.051121,-2.8051732,0.022282305343192907,5.749693373767263,0.022104262453527243,0.0028111764072837725,-0.003181931090629661,0.002462578250662958
641,21.366667,axial_advance_candidate,unknown_no_ground_truth,0.5240702856824161,0.09625539636555352,0.16613816210447718,0.0036767965966079527,0.33296980368045553,0.10189044,2.0418317,-2.8481336,0.02216622149443361,5.740797003195454,0.021996649361940845,0.002736565765355892,-0.0031331338099919773,0.0019241376617885164
642,21.4,axial_advance_candidate,unknown_no_ground_truth,0.5240298596354236,0.0963146277229182,0.16604904444999571,0.00306741161396491,0.33296980368045553,0.10189044,1.9974307,-3.0534766,0.0220594266753396,5.733111333836826,0.02189539006661389,0.002685181385960751,-0.0027819163314553915,0.0012922675939094777
643,21.433332,axial_advance_candidate,unknown_no_ground_truth,0.523997919349307,0.09635167978598083,0.16597290722449431,0.0023679034412045796,0.3202420112246719,0.10189044,2.0562894,-2.7812705,0.021972172892288887,5.725752310814453,0.021811191114836554,0.00265486793658547,-0.002218053102729036,0.000828979577759662
644,21.466667,axial_advance_candidate,unknown_no_ground_truth,0.5239760678883754,0.09637782086151012,0.16591473678372787,0.0018111110530758443,0.3159053114726888,0.10189044,1.9803615,-3.1324172,0.021906495484885227,5.717842049911591,0.02174750597000516,0.0026344882831181794,-0.0016600765413063965,0.0007240643090069318
645,21.5,axial_advance_candidate,unknown_no_ground_truth,0.5239545300004298,0.09640512755487002,0.16587373321513843,0.0014478730679257901,0.3159053114726888,0.10189044,1.9911699,-3.0824308,0.021856935170439667,5.713527176423508,0.02170052998873446,0.0026100983224466544,-0.0011540490602215234,0.0008743610166439597
646,21.533333,axial_advance_candidate,unknown_no_ground_truth,0.5239354747888432,0.0964373169929243,0.16585047811999798,0.0012232546923568648,0.3202420112246719,0.101883054,2.0558183,-2.7834492,0.02182345101847878,5.713233102347295,0.02167057054482324,0.0025786404591920326,-0.000664586270744405,0.0010269747470659308
647,21.566668,axial_advance_candidate,unknown_no_ground_truth,0.5239151038497415,0.09646973730958655,0.1658433342566309,0.0014035556650926928,0.33316334110666784,0.101883054,2.0848193,-2.6493273,0.021805103400715502,5.710082407592848,0.0216562114611501,0.0025438237882852467,-0.0004790081494120208,0.0013192875720670846
648,21.6,axial_advance_candidate,unknown_no_ground_truth,0.5238730030173536,0.09650548941653023,0.1658362719528541,0.0021347586682328693,0.3738908267761475,0.101883054,2.0738766,-2.6999345,0.02178263882351239,5.7009321855566375,0.021638649498528683,0.0025004403602993048,-0.0008986354167641157,0.0019364010326718374
649,21.633333,axial_advance_candidate,unknown_no_ground_truth,0.5237952727525395,0.09653796309889666,0.16580813017672413,0.0033946050598669397,0.43546203197781097,0.101883054,2.05884,-2.7694747,0.021735519537953368,5.693946272502156,0.0215963033512999,0.0024561130151899498,-0.0018828629671435381,0.002824565552334316
650,21.666666,axial_advance_candidate,unknown_no_ground_truth,0.523675261484664,0.09656377281241516,0.16574291980965744,0.0046503165300997434,0.7875869792368195,0.101883054,1.949236,-3.276364,0.021648621799884575,5.678136652423682,0.02151312722401751,0.002418301651505518,-0.002952408254025365,0.00359287201715867
651,21.7,axial_advance_candidate,unknown_no_ground_truth,0.5235331199231684,0.09658095594739281,0.1656482438223636,0.0054991904987031544,0.7875869792368195,0.101883054,1.9234264,-3.3957267,0.02153311085062107,5.65112615595122,0.021399458690415703,0.0023954186820526364,-0.0038045123962747065,0.003970740682494783
652,21.733334,axial_advance_candidate,unknown_no_ground_truth,0.5233803141216377,0.09658599260739234,0.1655263625976614,0.006376117691338673,0.8713813042818424,0.101883054,1.881804,-3.5882192,0.02139395171053201,5.6300389160819,0.021259504232060623,0.0023947128428210432,-0.004652185659760669,0.004360280426866967
653,21.766666,axial_advance_candidate,unknown_no_ground_truth,0.5232070668745561,0.09658587087974205,0.16537557542062575,0.007510673389249296,0.9626806710045078,0.101883054,1.8879786,-3.5596635,0.021226681073156957,5.611102698858132,0.021089317731858688,0.0024109473213304753,-0.0056137312355694375,0.004989612848184671
654,21.8,axial_advance_candidate,unknown_no_ground_truth,0.5230069385353837,0.096579265359575,0.16519282129812252,0.008656292985949958,1.1122297208308234,0.101883054,1.8312739,-3.8219075,0.021028390538103174,5.594940447854161,0.0208852612173116,0.0024493004118823847,-0.006505290615960687,0.005710744457643004
655,21.833334,axial_advance_candidate,unknown_no_ground_truth,0.5227814608390705,0.09656591955311686,0.16498629902877004,0.009514966444460213,1.1122297208308234,0.101883054,1.6963583,-4.445856,0.020807911811975693,5.570178600189866,0.02065561139504295,0.0025129488398949627,-0.007083688571202122,0.006352632734970934
656,21.866667,axial_advance_candidate,unknown_no_ground_truth,0.5225350515644258,0.09655475344108051,0.164769656613597,0.009950248353086045,1.1122297208308234,0.101883054,1.7345849,-4.2690682,0.02057723366779849,5.534077287158754,0.020413022746257663,0.0025944262910992744,-0.0072990607936868545,0.00676248133588219
657,21.9,axial_advance_candidate,unknown_no_ground_truth,0.5222803680559389,0.0965414380246784,0.16455233328138003,0.009975032535625143,1.1122297208308234,0.101883054,1.6407424,-4.703065,0.020348429571926382,5.4951624183211205,0.020169014797942305,0.002696187701928884,-0.007205203238306848,0.00689828387220131
658,21.933332,axial_advance_candidate,unknown_no_ground_truth,0.5220255835899315,0.09652933577927765,0.16434302954153232,0.009377269100360006,1.178578457652309,0.10187567,1.7454276,-4.2189236,0.020129950446253143,5.468073003195376,0.01993268322364249,0.0028112354000560504,-0.006658230112054113,0.00660311650325075
659,21.966667,axial_advance_candidate,unknown_no_ground_truth,0.521792890631367,0.09652463633545827,0.1641612522933038,0.007933356121842658,1.178578457652309,0.10187567,1.6920754,-4.465664,0.019940323652249382,5.449261144634297,0.019725115524571377,0.0029216989747011058,-0.005544676675969479,0.005674037355793353
660,22.0,axial_advance_candidate,unknown_no_ground_truth,0.5216074393852566,0.09651821225347942,0.16401940165880455,0.007046407181647451,1.014538612350363,0.10187567,1.7220113,-4.327218,0.019794694276423767,5.429833441722251,0.019563043520600346,0.0030194783834597535,-0.004825515467841205,0.0051348081404467335
661,22.033333,axial_advance_candidate,unknown_no_ground_truth,0.5214149323473376,0.09652086935581183,0.16388232310793652,0.007446371851912946,1.014538612350363,0.10187567,1.7470355,-4.211488,0.019652440618318074,5.405180250478256,0.01940341942252781,0.0031186113848937153,-0.005018932320265769,0.005500797407790356
662,22.066668,axial_advance_candidate,unknown_no_ground_truth,0.5212013649052775,0.09653762279016267,0.16373443967620877,0.008444795294732129,1.014538612350363,0.10187567,1.791685,-4.004996,0.019496873480104374,5.383621366527897,0.019228429737600847,0.003224215458889924,-0.005734067713522373,0.006199599585995068
663,22.1,axial_advance_candidate,unknown_no_ground_truth,0.5209559936079843,0.09657804027221129,0.16356133800044237,0.009758107586066683,1.0831200198515234,0.10187567,1.7749586,-4.0823507,0.019311854531081783,5.366780781938189,0.019021157899346802,0.003338154819324714,-0.006730059831754853,0.007065901097684002
664,22.133333,axial_advance_candidate,unknown_no_ground_truth,0.5206790048617339,0.09664255115684936,0.16336118372684538,0.011297169435282596,1.178578457652309,0.10186829,1.7925782,-4.0008645,0.019096710847419835,5.328936966262125,0.018779765956741783,0.0034647879877367322,-0.00791825184476142,0.00805774937388944
665,22.166666,axial_advance_candidate,unknown_no_ground_truth,0.520361932418674,0.09672830793017714,0.16312347913684777,0.013007383503086807,1.3450725947447795,0.10186829,1.8271161,-3.841136,0.01884369429145468,5.303807428417872,0.018493282531329678,0.003617086640684497,-0.0092134787167925,0.009181712015282688
666,22.2,axial_advance_candidate,unknown_no_ground_truth,0.5200025920709989,0.096828611149562,0.16285139143896948,0.014008166110669086,1.3450725947447795,0.10186829,1.8194308,-3.8766785,0.018560024821847692,5.272451790453996,0.018165510577382804,0.00380640865522817,-0.00995297823325479,0.00985732935801854
667,22.233334,axial_advance_candidate,unknown_no_ground_truth,0.5196348879602715,0.09692643812828097,0.16257189384127435,0.01328439128759722,1.3450725947447795,0.10186829,1.8004153,-3.9646204,0.018277587467278342,5.239587359597768,0.01782975508865281,0.0040211984659638015,-0.009502096239525528,0.009283599460165423
668,22.266666,axial_advance_candidate,unknown_no_ground_truth,0.5193137596766068,0.09699793926901087,0.16232115804773659,0.011355244170358323,1.1973335807949352,0.10186829,1.7730476,-4.091189,0.018034950804749948,5.2054011915888285,0.017532047200906335,0.004229275526014247,-0.00817050412842102,0.007885710650024622
669,22.3,axial_advance_candidate,unknown_no_ground_truth,0.5190451661738649,0.09703815805841634,0.1621105881337929,0.008549484212709759,1.1973335807949352,0.10186829,1.8010863,-3.961517,0.017841513240912016,5.178313477248496,0.017285063159394567,0.004421106909064689,-0.006155554606569082,0.005933197096753113
670,22.333334,axial_advance_candidate,unknown_no_ground_truth,0.518868654019282,0.09704953401583266,0.1619688583581371,0.005202427111681984,0.588885845938717,0.101853505,1.7899728,-4.012914,0.017717912128149424,5.1646425437601335,0.01712166337178564,0.004557746544519387,-0.0037580159939086307,0.0035975774685044204
671,22.366667,axial_advance_candidate,unknown_no_ground_truth,0.518775658654391,0.09705393239611365,0.16189288812919916,0.002390664452632154,0.3539879273655946,0.101853505,1.7553138,-4.173203,0.01765282580202284,5.1596604304660705,0.01703453384505292,0.004631081458829035,-0.0017331398979132755,0.0016466640881916863
672,22.4,axial_advance_candidate,unknown_no_ground_truth,0.5187453924503327,0.09707442416876107,0.1618709424936836,0.0012545306047038794,0.3539879273655946,0.101853505,1.7631248,-4.137079,0.01762903393715949,5.159383574025095,0.017006122482284718,0.004644850447005945,-0.0004738563891055313,0.0011615968150105046
673,22.433332,axial_advance_candidate,unknown_no_ground_truth,0.5187422347862884,0.09712875841398624,0.1618761976090075,0.0022897391300462024,0.3539879273655946,0.101853505,1.8071476,-3.933485,0.017619115319094117,5.158416204114739,0.01700294390314524,0.004618779411709683,-8.633761866045053e-05,0.0022881108144643656
674,22.466667,axial_advance_candidate,unknown_no_ground_truth,0.518739229074146,0.09722594470996015,0.1618884062319974,0.003597788317870374,0.3539879273655946,0.101853505,1.8389262,-3.7865176,0.01760421051227235,5.156225560298067,0.01700035380473821,0.004571235967889151,-0.0002415246740356712,0.0035896722151244533
675,22.5,axial_advance_candidate,unknown_no_ground_truth,0.5187237280520995,0.09736693685925793,0.16189764905214424,0.004731503220653965,0.47935256471396187,0.101853505,1.8650233,-3.6658256,0.017576521869019694,5.153013386432836,0.016986855459318984,0.0045145168751852364,-0.0007187043776828207,0.004676599912816832
676,22.533333,axial_advance_candidate,unknown_no_ground_truth,0.5186856192883847,0.09753675295973424,0.16189282176647513,0.005423390385802074,0.5316363142923581,0.101853505,1.8516375,-3.7277315,0.017531277305581794,5.149755919955746,0.016952440913698276,0.004467709819670033,-0.0013912939841480626,0.005241895108306134
677,22.566668,axial_advance_candidate,unknown_no_ground_truth,0.5186207457074568,0.09771225503758388,0.1618679465422012,0.005641652687934733,0.5934317678031377,0.101853505,1.8250973,-3.8504725,0.01746974979842036,5.145613642080167,0.016894087126752274,0.004447693579048745,-0.002135563879836852,0.005221839902411541
678,22.6,axial_advance_candidate,unknown_no_ground_truth,0.5185278263506025,0.09786984261619906,0.16181793619034346,0.005534063734035351,0.5934317678031377,0.101853505,1.8386359,-3.7878602,0.017393213105642014,5.136658539706336,0.01681008233627039,0.004465981861370168,-0.0028158300751873425,0.0047641329116677395
679,22.633333,axial_advance_candidate,unknown_no_ground_truth,0.5184133297890223,0.09799164227761586,0.16174534076995745,0.00524413040861328,0.5934317678031377,0.101853505,1.7930503,-3.9986815,0.01730751678977172,5.123726839963127,0.016706367998041212,0.004521880774882765,-0.003228513385221669,0.00413250590610431
680,22.666666,axial_advance_candidate,unknown_no_ground_truth,0.5182907912148818,0.09807234961751635,0.16165973457150692,0.004605334827920045,0.5934317678031377,0.101853505,1.78264,-4.0468264,0.01722121872796287,5.110996335326339,0.01659485140843629,0.004602312593496796,-0.0031357037939802952,0.0033729023990727827
681,22.7,axial_advance_candidate,unknown_no_ground_truth,0.5181843809607931,0.09811246082554756,0.16158021777840734,0.0034847537646526005,0.44607224861732825,0.101853505,1.780144,-4.0583696,0.01714914963728133,5.100806457436079,0.016497306311477625,0.004683184573252146,-0.0024780981137627746,0.0024500078650538755
682,22.733334,axial_advance_candidate,unknown_no_ground_truth,0.5181103547622891,0.09812319790839802,0.16152255761489315,0.0025001056574069707,0.3110948496953543,0.101846114,1.7558622,-4.170666,0.017101171330655817,5.094420258095989,0.016429653709279998,0.004745159625722445,-0.0017840348804141395,0.0017514987421245977
683,22.766666,axial_advance_candidate,unknown_no_ground_truth,0.5180537227331111,0.09811751590246595,0.16147686329997946,0.0022998419781302083,0.3110948496953543,0.101846114,1.7063586,-4.3996077,0.017066398508722738,5.090521286242086,0.01637837247513128,0.00479696499094957,-0.001594315966862616,0.0016575372460903531
684,22.8,axial_advance_candidate,unknown_no_ground_truth,0.5179929827897876,0.09810137445730423,0.16142635617399953,0.0028081957588982492,0.3110948496953543,0.101846114,1.7201791,-4.3356915,0.01703025579459875,5.08864209947767,0.016323367606710548,0.004855644386243409,-0.0019459975437971322,0.0020246127975071288
685,22.833334,axial_advance_candidate,unknown_no_ground_truth,0.5179101109827593,0.09809148865129969,0.16135955993464085,0.0036550995108248652,0.3110948496953543,0.101846114,1.6800284,-4.5213776,0.01698063662373981,5.082268519834304,0.016248623688611893,0.004931961919294819,-0.0025926678403199776,0.002576397854331259
686,22.866667,axial_advance_candidate,unknown_no_ground_truth,0.5178024389011597,0.09809740071297345,0.16127456784970134,0.004257743720291571,0.3849292305820376,0.101846114,1.7508196,-4.1939874,0.01691429098190602,5.069258924997129,0.0161505348531285,0.005025282417782003,-0.0030460228715681083,0.0029749161758890422
687,22.9,axial_advance_candidate,unknown_no_ground_truth,0.5176873871605379,0.09812320648216213,0.16118648135697408,0.004401978627785012,0.3849292305820376,0.101846114,1.7166712,-4.3519144,0.016842411649212123,5.057331113484568,0.016045558608611763,0.005119265484336702,-0.0031031775113616613,0.00312213151107625
688,22.933332,axial_advance_candidate,unknown_no_ground_truth,0.5175764246366543,0.09817700963974066,0.16110515952619286,0.004366434545863842,0.4645075587367029,0.101846114,1.7631215,-4.1370945,0.016770801196310282,5.04685307670228,0.015943659522190883,0.005201874066777703,-0.0029276236449050407,0.0032395633096308054
689,22.966667,axial_advance_candidate,unknown_no_ground_truth,0.5174759405480922,0.09825351618683054,0.16103461560996135,0.004164733071147709,0.49012102140267655,0.101846114,1.7907923,-4.009124,0.016703448158865007,5.039654897278956,0.015850368850340815,0.005269818564622165,-0.0025767298068886434,0.0032719206983365346
690,23.0,axial_advance_candidate,unknown_no_ground_truth,0.5173891245436497,0.09833818595294408,0.16097858978328333,0.0040549866501438615,0.4645075587367029,0.101846114,1.7650456,-4.128196,0.01664661256049313,5.035758737635134,0.0157718871122912,0.005325156021780998,-0.002455501167438013,0.0032269847767777728
691,23.033333,axial_advance_candidate,unknown_no_ground_truth,0.5172946611840944,0.09841485269844522,0.16091551182044184,0.0042050624856032,0.4645075587367029,0.101846114,1.7794286,-4.0616784,0.016587124390807086,5.026771648157716,0.015686671280745915,0.005390829220623551,-0.0028355069882350314,0.003105229561159313
692,23.066668,axial_advance_candidate,unknown_no_ground_truth,0.5171894334868822,0.09846893432757542,0.16083150602744756,0.004295328776458552,0.3914667609814423,0.101846114,1.7745327,-4.0843205,0.01651556259686711,5.015477850328234,0.0155828370051185,0.005471654115799486,-0.0031996297523690744,0.0028656969040056456
693,23.1,axial_advance_candidate,unknown_no_ground_truth,0.5170866271903366,0.09849961130389195,0.16073796187964962,0.003980944436703027,0.3914667609814423,0.101846114,1.7980887,-3.9753804,0.016440397822938574,5.006480693903083,0.015473372804741287,0.005555305088109575,-0.003136634083448567,0.0024514169850650773
694,23.133333,axial_advance_candidate,unknown_no_ground_truth,0.5170012092057958,0.09851194827792145,0.16064942237776753,0.0036010900976194424,0.3914667609814423,0.10183873,1.7120099,-4.3734717,0.016371147626150148,4.994749100950634,0.015373731270216823,0.005626976224257495,-0.0029766495973223713,0.0020266738923500676
695,23.166666,axial_advance_candidate,unknown_no_ground_truth,0.5169279142140397,0.09851131456234652,0.16055822221475488,0.0035013499884614407,0.3914667609814423,0.10183873,1.6568155,-4.6287313,0.016300175316684522,4.986741354265733,0.015274932538827779,0.005689653002504788,-0.002961074549211928,0.0018685527168662678
696,23.2,axial_advance_candidate,unknown_no_ground_truth,0.5168584117406916,0.09850002530538327,0.16046512021357995,0.003334941808261613,0.35240349659623665,0.10183873,1.7010453,-4.42418,0.016229409079687434,4.98444203144364,0.01517631098010718,0.005750939411167467,-0.002810031340159833,0.0017959846134671562
697,23.233334,axial_advance_candidate,unknown_no_ground_truth,0.5167984268626462,0.09848211570864084,0.1603798951903722,0.0027976486269601403,0.27398683645411,0.10183873,1.68384,-4.50375,0.016165938785189952,4.9782541923694135,0.015087606724173502,0.005805316541170111,-0.002333324618924372,0.0015435135446938554
698,23.266666,axial_advance_candidate,unknown_no_ground_truth,0.5167539679428161,0.09846393482176502,0.1603148742484054,0.0023730190759904584,0.24326692151380697,0.10183873,1.6757025,-4.541384,0.016118515838022537,4.965196063620396,0.015020758388946148,0.005846654619651082,-0.0019186362342173376,0.001396443531175867
699,23.3,axial_advance_candidate,unknown_no_ground_truth,0.5167045127335708,0.09844918441988987,0.16025692144516124,0.0021280391015546353,0.18565416790362696,0.10183873,1.9210162,-3.4068732,0.0160784488517895,4.96392579560866,0.014959699601732246,0.005892699322512827,-0.0016601862710253952,0.0013312895865454117
700,23.333334,axial_advance_candidate,unknown_no_ground_truth,0.5166673474234772,0.09842869402831698,0.16020814984851456,0.0016213427445784456,0.24326692151380697,0.101823956,2.134937,-2.4175463,0.016045704545328485,4.963131924599429,0.014910065807071705,0.00592912910845821,-0.0011205774090417716,0.0011717758171862042
701,23.366667,axial_advance_candidate,unknown_no_ground_truth,0.5166530681633208,0.09839427230043457,0.16017935457535504,0.0013188335422445706,0.23230538729080896,0.101823956,2.166782,-2.2702723,0.01602970605835707,4.962605796668588,0.014885004702282488,0.005948790745215164,-0.0004912879654258046,0.0012239109637457843
702,23.4,axial_advance_candidate,unknown_no_ground_truth,0.5166549645193225,0.09835302345973143,0.1601651299524659,0.0013154404977819803,0.18565416790362696,0.101823956,2.3182294,-1.5698676,0.016025283158770172,4.961513475416325,0.014877313777881943,0.005956109054845041,-0.00024754491992725084,0.001291938549553776
703,23.433332,axial_advance_candidate,unknown_no_ground_truth,0.5166580448052884,0.09831191957937721,0.16014962881321448,0.0012191530992158178,0.1849404617916173,0.101823956,2.5408785,-0.5401748,0.016019458732317023,4.962662660070596,0.014868501960481742,0.005962441406635263,-0.0003602787429001771,0.0011647031839665425
704,23.466667,axial_advance_candidate,unknown_no_ground_truth,0.5166481382655488,0.09827973723985878,0.16013062553136362,0.0010919772878470607,0.1849404617916173,0.101823956,2.3776689,-1.2949761,0.016011450114129962,4.960964939660096,0.014853281843338891,0.005978842132019519,-0.0005257766090219885,0.000957064968839191
705,23.5,axial_advance_candidate,unknown_no_ground_truth,0.5166352355787892,0.09825628382711588,0.16010862499387424,0.001455702485771901,0.23230538729080896,0.101823956,2.4427593,-0.99395025,0.015999357592724712,4.960329908214906,0.014833462643278011,0.00599565087295397,-0.0008266844676323585,0.0011981913528555845
706,23.533333,axial_advance_candidate,unknown_no_ground_truth,0.5166082581118873,0.09821522787343123,0.16007007873908846,0.002669194384421882,0.2844185205007169,0.10181657,2.5624259,-0.44052416,0.01597937820525226,4.960268759751699,0.014798170389934641,0.006029484301078534,-0.001422806131373252,0.0022583669707016154
707,23.566668,axial_advance_candidate,unknown_no_ground_truth,0.5165534158566231,0.09813702265899497,0.16000490583848037,0.0040219206705668815,0.2844185205007169,0.10181657,2.6877577,0.13910244,0.01595051547508996,4.959194120287214,0.014738593583411251,0.006098590255469945,-0.0019331689520613255,0.0035268546444557755
708,23.6,axial_advance_candidate,unknown_no_ground_truth,0.5164985605996288,0.0980190520671935,0.15992391819830695,0.004870920704107532,0.516040856526061,0.10181657,3.5572553,4.1602974,0.015917667547974784,4.9537848931449595,0.014669303946325778,0.006179292993390148,-0.002070488229650551,0.004408962122380044
709,23.633333,axial_advance_candidate,unknown_no_ground_truth,0.5164583149753854,0.09787537461238041,0.15983774963847763,0.00507031010560408,0.6179771896053783,0.10181657,4.026737,6.3315263,0.015884434982282,4.9487622705901595,0.014600563149720884,0.00625610345321725,-0.001853125134614843,0.004719530887964351
710,23.666666,axial_advance_candidate,unknown_no_ground_truth,0.5164599582518685,0.09772625954192549,0.1597594892762069,0.004904832331056354,0.7790320200643824,0.10181657,4.60227,8.993213,0.01585116217132668,4.947002483006024,0.014545764163606716,0.006299213211063161,-0.0014245535633722571,0.004693402533435536
711,23.7,axial_advance_candidate,unknown_no_ground_truth,0.516515981147754,0.09758902580288031,0.15969075999008503,0.004466251844241405,0.9098853332825859,0.10181657,4.791267,9.867273,0.015811378526600327,4.957043108585724,0.014505579832728085,0.006291887207173235,-0.0010227294574246498,0.004347577485578105
712,23.733334,axial_advance_candidate,unknown_no_ground_truth,0.5166047884155068,0.0974968069873629,0.15963685943852904,0.004082961588610639,0.9098853332825859,0.10180919,4.8756833,10.257676,0.01576576927288845,4.973887619169308,0.01447759323147106,0.006241696483330232,-0.0005705025128729003,0.0040429076438716245
713,23.766666,axial_advance_candidate,unknown_no_ground_truth,0.5167202477661759,0.097432593067414,0.15960191673855922,0.004218628762517511,1.0053991798184823,0.10180919,4.7203865,9.53947,0.015724164696961508,4.997871764650854,0.014467546914624211,0.006159500116918428,0.0008251002202227034,0.0041371534008939614
714,23.8,axial_advance_candidate,unknown_no_ground_truth,0.516854274994517,0.09736705841449386,0.1596409025858959,0.004124889739341848,1.0053991798184823,0.10180919,5.1750007,11.641939,0.015748226050215114,5.015081412653138,0.01453259906999956,0.006067140018107533,0.0009721892228297051,0.004008686003760014
715,23.833334,axial_advance_candidate,unknown_no_ground_truth,0.5169601275195382,0.09729899041247911,0.1596166292111748,0.005424817094588541,1.2882735533813892,0.10180919,5.388248,12.628152,0.01572212753157441,5.026142813675009,0.014532344018594703,0.005999689278979761,-0.003729661239839474,0.003939323234488272
716,23.866667,axial_advance_candidate,unknown_no_ground_truth,0.5169998540852908,0.09721668037218428,0.15934597070484136,0.014220814725383257,1.500312120351692,0.10180919,5.9424014,15.190964,0.015488128861917099,5.036210587591305,0.01428397849233695,0.005987494807831149,-0.013239388947648156,0.00519135355630583
717,23.9,axial_advance_candidate,unknown_no_ground_truth,0.5169764935694187,0.0971134107485711,0.15868707459635914,0.028880210317647374,1.500312120351692,0.10180919,5.281054,12.132408,0.014921240787308712,5.032242926811772,0.013649731612463023,0.006027292388840351,-0.027785757706779397,0.007875164547594876
718,23.933332,axial_advance_candidate,unknown_no_ground_truth,0.516918184990553,0.09699471669094996,0.15743523495062883,0.046908613485586025,1.736144099486726,0.10178703,2.537245,-0.55697876,0.013843947742966349,4.989968509057053,0.012431623027689204,0.006091768052660129,-0.04561902584279018,0.010923483889993398
719,23.966667,axial_advance_candidate,unknown_no_ground_truth,0.5168126723144612,0.09687785692984724,0.15557293506197112,0.06300634666085951,2.491492694485214,0.10178703,1.8846359,-3.5751224,0.012285566449602155,4.931733487051246,0.010608375396583086,0.006196572797342156,-0.06165867358636319,0.012961778084766052
720,24.0,axial_advance_candidate,unknown_no_ground_truth,0.5166888954917006,0.09679941331153899,0.15324560591050235,0.07242097396237465,2.491492694485214,0.10178703,1.796852,-3.9810996,0.010444734518617799,4.865426724478512,0.008321028722529262,0.006312920097961737,-0.07120176976046433,0.013232741690094958
721,24.033333,axial_advance_candidate,unknown_no_ground_truth,0.5166174083318936,0.09681051473639925,0.15074936442772702,0.07224150715758838,2.699030145372999,0.10178703,1.668138,-4.5763674,0.008649777454539907,4.765482273879907,0.005861663476749194,0.006360782286669729,-0.07144305250713671,0.01071100391477848
722,24.066668,axial_advance_candidate,unknown_no_ground_truth,0.5165900043789439,0.09701843947271974,0.14843544081325372,0.06414089214555654,2.779519145774422,0.10178703,1.65049,-4.6579847,0.007201231558584554,4.702953361506221,0.0035580916030434604,0.0062608082628927185,-0.06364172320938853,0.00798655821787431
723,24.1,axial_advance_candidate,unknown_no_ground_truth,0.5165964795714857,0.0974945329084562,0.14652835014204874,0.05169091309317117,2.989188449322108,0.10178703,2.0094984,-2.9976668,0.006160865321584111,4.649142881572832,0.0016188162918878172,0.005944383510829048,-0.05010444009704986,0.012708091082728242
724,24.133333,axial_advance_candidate,unknown_no_ground_truth,0.5166228213644479,0.09821400476124476,0.1452036428124847,0.03898769434509597,2.989188449322108,0.101764865,1.845774,-3.7548482,0.0054358041369357325,4.602139635072379,0.00021784677703173778,0.005431437139180063,-0.0335862048584306,0.01979917052692263
725,24.166666,axial_advance_candidate,unknown_no_ground_truth,0.5166545557955882,0.0990868551891881,0.1444748982686924,0.03044363388175559,2.79270959339029,0.101764865,1.611393,-4.8387985,0.004865907020073126,4.56981557559733,-0.0006202297245219971,0.004826216553037825,-0.019102222929486753,0.02370485020156355
726,24.2,axial_advance_candidate,unknown_no_ground_truth,0.5166902461303845,0.09995022925604957,0.14415473472405094,0.023797396085658073,2.79270959339029,0.101764865,2.7405968,0.38346896,0.004416812949498768,4.578226819701802,-0.0010556404932466521,0.0042888063350864855,-0.008533663236149538,0.02221469451128428
727,24.233334,axial_advance_candidate,unknown_no_ground_truth,0.51671004146439,0.10063158068655997,0.14411736244795006,0.01632795243131811,2.79270959339029,0.101764865,2.7390506,0.37631845,0.0041272226115191355,4.5939162840026,-0.0011891537862485533,0.003952199357027118,-0.0015829405941754655,0.016251040879731317
728,24.266666,axial_advance_candidate,unknown_no_ground_truth,0.5167268735244707,0.10103701093717003,0.14420398526019823,0.008732469949342134,1.2914445964954044,0.101764865,3.0762718,1.9358766,0.0039712541138370765,4.592554453539878,-0.0011611682492566314,0.003797702928559078,0.0018505675676973577,0.008534133294807978
729,24.3,axial_advance_candidate,unknown_no_ground_truth,0.5167884588019505,0.10117405176511526,0.14431352860084368,0.0036294836638385846,1.2914445964954044,0.101764865,3.3471246,3.1884987,0.003857791995598401,4.600967708502217,-0.00106578450537817,0.0037076491837010287,0.002389373637176143,0.0027320404989748604
730,24.333334,axial_advance_candidate,unknown_no_ground_truth,0.5168642235608625,0.10115334312520557,0.1443656482360136,0.003487533837399169,1.2914445964954044,0.101764865,3.3037546,2.987924,0.0037805731830917013,4.610619084868749,-0.001001888041702876,0.0036454017535252404,0.0018988383231619932,0.002925287214872332
731,24.366667,axial_advance_candidate,unknown_no_ground_truth,0.5169889174558668,0.10110012437861735,0.14440529890295534,0.0042735134756886044,1.2914445964954044,0.101764865,3.2833838,2.893715,0.0036679102401587604,4.623555795049018,-0.0009391818183200093,0.003545631543462831,0.001776461796231506,0.0038867854215819567
732,24.4,axial_advance_candidate,unknown_no_ground_truth,0.5171306604496446,0.10108687324495376,0.14444153745713254,0.0041207636967231015,1.6032027457217126,0.101764865,3.5275671,4.022998,0.0035306920923314825,4.6555994059494985,-0.0008834590698996493,0.003418374865731391,0.0010109845775302952,0.003994822102200163
733,24.433332,axial_advance_candidate,unknown_no_ground_truth,0.5172610604364767,0.10111356324163187,0.14444029934594424,0.0036548028531369304,1.702099088945189,0.101764865,3.487019,3.8354735,0.0034002637764086138,4.683285135654574,-0.0008717838791806251,0.003286607158934172,-0.0006582367102620976,0.003595039405703528
734,24.466667,axial_advance_candidate,unknown_no_ground_truth,0.5173537663004535,0.10116187471810725,0.14437866412329986,0.004115427549539052,1.7048703416164248,0.101764865,3.522251,3.9984114,0.003311390872351202,4.711947553127289,-0.0009273576616016467,0.0031788861692359453,-0.0026974597013970387,0.0031081272616873337
735,24.5,axial_advance_candidate,unknown_no_ground_truth,0.5174120436602715,0.10125200480793692,0.14425775870744853,0.006350410859906512,1.7637529943170167,0.101764865,3.8512914,5.5201364,0.00326031672046899,4.734347992866713,-0.001051601297737071,0.0030860654284002764,-0.004761087529346246,0.004202352154153937
736,24.533333,axial_advance_candidate,unknown_no_ground_truth,0.517443757851541,0.10145512757538785,0.14408688836593003,0.010047618021810825,2.6104258253728396,0.15552437,4.421055,8.155141,0.0032331808325103324,4.774652031728178,-0.0012447586335570988,0.0029839628415744843,-0.006393891915262836,0.0077506628160534915
737,24.566668,axial_advance_candidate,unknown_no_ground_truth,0.5174805514145775,0.10181260548338136,0.1438975662331474,0.014273653459356973,2.6861734817574745,0.15552437,4.8162627,9.982872,0.003214908418809269,4.805182446436286,-0.0014778804376552393,0.002855084158711731,-0.007148175454938567,0.01235478736131169
738,24.6,axial_advance_candidate,unknown_no_ground_truth,0.5175304121015417,0.10232869812148002,0.143719624609997,0.017489822952690925,2.6861734817574745,0.15552437,5.034951,10.994248,0.0032410798832212613,4.8564347967622945,-0.001721297778445377,0.0027462215437470726,-0.006901317194119999,0.016070648023730028
739,24.633333,axial_advance_candidate,unknown_no_ground_truth,0.5175939807348882,0.10292864207320501,0.14357963081011144,0.017633655504484858,2.6861734817574745,0.15552437,5.409303,12.725527,0.0033501496056948313,4.910651067609095,-0.0019379612010701056,0.002732729178620551,-0.005942903380075275,0.016602039208059322
740,24.666666,axial_advance_candidate,unknown_no_ground_truth,0.5176496046926307,0.10347125097657088,0.14347001469016576,0.014022841518603515,2.6104258253728396,0.15552437,5.693144,14.038214,0.003534269044484714,4.9518555405307865,-0.002117485266586836,0.002829719743117783,-0.00456196355036261,0.013260036682492002
741,24.7,axial_advance_candidate,unknown_no_ground_truth,0.5176977442914432,0.10383841989323239,0.1433912611478687,0.008445131392424178,2.3127970420457276,0.15552437,6.0271564,15.582933,0.003695495207480649,4.983485680696541,-0.0022421046705014035,0.0029376268440746926,-0.003061154519659038,0.007870805374425123
742,24.733334,axial_advance_candidate,unknown_no_ground_truth,0.5177123723242778,0.10401411110677827,0.14333447383282683,0.003270001224413382,0.8732568162270483,0.15552437,6.198919,16.377289,0.003798321434882962,4.997767909470813,-0.002321555920760645,0.0030062640984239155,-0.0017615036453046714,0.0027549978067583597
743,24.766666,axial_advance_candidate,unknown_no_ground_truth,0.5177099086035417,0.10403568925633183,0.1432992861123692,0.0009176877807096257,0.3955931755591429,0.15552437,6.1958065,16.362896,0.0038272615654774884,5.002650970254774,-0.0023595364475222187,0.0030133899255482062,-0.0006703622976325497,0.0006267098633152081
744,24.8,axial_advance_candidate,unknown_no_ground_truth,0.5177098083983134,0.10397948894545396,0.14328410012683446,0.0018100006053793952,0.2859153291640047,0.15552437,6.003792,15.474878,0.003805442464365874,5.002475399046576,-0.0023662460558441737,0.0029803140694901454,0.00017711385376543529,0.0018013142075379669
745,24.833334,axial_advance_candidate,unknown_no_ground_truth,0.5177208735830203,0.1039157348492227,0.14329203358240716,0.0015391615585919063,0.24589251948466084,0.15552437,5.9573116,15.25992,0.0037616600165930546,5.002440381177574,-0.0023477388777885305,0.002939082891337894,0.0007246441295367673,0.0013579061782667341
746,24.866667,axial_advance_candidate,unknown_no_ground_truth,0.5177402812158536,0.10388668579402166,0.14331556128854217,0.0010442923208168785,0.14249826276180003,0.15552437,6.003496,15.473511,0.0037220788158488574,5.004250017071458,-0.0023179248254979272,0.0029122319987822465,0.0008829773628674052,0.0005575817679774199
747,24.9,axial_advance_candidate,unknown_no_ground_truth,0.5177590222581028,0.10388718883483183,0.14334279309620596,0.0009543786529585391,0.14249826276180003,0.15552437,6.213919,16.446661,0.0036959552017537868,5.011552619397543,-0.0022888746222037674,0.0029019196779377678,0.0007776666733265241,0.0005532387896923107
748,24.933332,axial_advance_candidate,unknown_no_ground_truth,0.5177736152228094,0.10390460505157012,0.1433667061001188,0.0010574125340710341,0.24091515276719422,0.15552437,6.4581842,17.576323,0.003683009937416203,5.011405746068664,-0.002266081174976962,0.002903349497997362,0.0004755511726873301,0.0009444428777677509
749,24.966667,axial_advance_candidate,unknown_no_ground_truth,0.5177759255699492,0.10394374844625666,0.14338129614819184,0.0017675453109174649,0.24589251948466084,0.28166494,6.4565024,17.568544,0.0036946256107561045,5.011284059812968,-0.0022571832078052178,0.002924958524502026,-9.477856729478797e-05,0.0017650023935756756
750,25.0,axial_advance_candidate,unknown_no_ground_truth,0.5177578015057592,0.1040206622155189,0.14337961410885464,0.0027642599108400586,0.2859153291640047,0.28166494,6.2917285,16.806509,0.003748559419962096,5.011253846970738,-0.002272386825060434,0.0029812674892196987,-0.0007361704177589802,0.002664429764638966
751,25.033333,axial_advance_candidate,unknown_no_ground_truth,0.5177252964366641,0.10412010540523658,0.1433641362047764,0.0034009875800834746,0.24589251948466084,0.28166494,5.900147,14.995548,0.003831920760008634,5.00978302031439,-0.002306260483675756,0.003060192688773179,-0.001124734291239245,0.003209624478656748
752,25.066668,axial_advance_candidate,unknown_no_ground_truth,0.5176886785396984,0.10423363753792712,0.14334390425141733,0.0037122355209937654,0.3046291414623271,0.117306225,5.48013,13.053082,0.003929170876965348,5.005328221058664,-0.002347382153478613,0.003150901586200805,-0.0011310467351303055,0.003535735545297319
753,25.1,axial_advance_candidate,unknown_no_ground_truth,0.5176574803339932,0.10435582876539024,0.14333123293415648,0.003549335505114154,0.3046291414623271,0.117306225,5.1839547,11.68335,0.0040256417406281456,5.001721545379036,-0.002381653378456299,0.0032455382617949994,-0.0008516355563718361,0.0034456493447516073
754,25.133333,axial_advance_candidate,unknown_no_ground_truth,0.5176375645695513,0.10446405031310367,0.14332700029046597,0.002934200861980213,0.3046291414623271,0.117306225,5.1038857,11.313051,0.004104190333044243,5.001343443016159,-0.0024041569873118557,0.003326320410034697,-0.000502289255091417,0.002890889171633035
755,25.166666,axial_advance_candidate,unknown_no_ground_truth,0.5176285374882461,0.10454927974288133,0.14332966543103576,0.002165748814855015,0.26846458975483234,0.117306225,5.164314,11.592516,0.004160024394421699,5.000768065911033,-0.0024151388157195508,0.0033871680594544456,-0.0002270968430187168,0.002153809404969909
756,25.2,axial_advance_candidate,unknown_no_ground_truth,0.5176263812144908,0.10460780541310095,0.14333440243776557,0.0013697411470181278,0.21913380432006307,0.117306225,5.2353144,11.920875,0.004195017398666151,5.000117104429729,-0.0024193082075868984,0.0034271152259319195,-5.1171772974111776e-05,0.001368784957356422
757,25.233334,axial_advance_candidate,unknown_no_ground_truth,0.5176291039135298,0.10464005932086902,0.1433396266047156,0.0007253607427211364,0.12237934971396765,0.117306225,5.326274,12.341538,0.004210825517617233,5.002322499938345,-0.0024185389778794706,0.0034469871993226438,1.7708813368101753e-05,0.0007251445407710469
758,25.266666,axial_advance_candidate,unknown_no_ground_truth,0.5176318750132778,0.10465525364137211,0.14334194224052255,0.0002256186420869937,0.10020493760780531,0.07656187,5.268242,12.073155,0.004217395733298511,5.002281656035367,-0.002418127638118141,0.0034552981777284664,3.3482904017643034e-05,0.00022312029669154768
759,25.3,axial_advance_candidate,unknown_no_ground_truth,0.5176351436383981,0.10465339125182269,0.14334309263888015,9.937734178418762e-05,0.08001438583444834,0.07656187,5.265943,12.062524,0.004213576291401063,5.00234961921244,-0.0024163068184802705,0.0034519105611853394,4.086596200336062e-05,9.058603208900988e-05
760,25.333334,axial_advance_candidate,unknown_no_ground_truth,0.5176355105850021,0.10464993911717332,0.14334344036296187,6.656950586887284e-05,0.06807085474760155,0.07656187,5.2675376,12.069899,0.004211053719704731,5.002331254502058,-0.002415414874958598,0.0034494556689523915,-2.794706135561303e-06,6.651081663339995e-05
761,25.366667,axial_advance_candidate,unknown_no_ground_truth,0.5176333706926164,0.1046574004163637,0.14334374358209373,0.00024120218001281394,0.06807085474760155,0.07656187,5.202082,11.767184,0.004216988703273031,5.002241101728661,-0.002416481405011014,0.003455953029595216,-3.556185200023811e-05,0.000238566230479603
762,25.4,axial_advance_candidate,unknown_no_ground_truth,0.5176315780599512,0.10466552514688732,0.14334385758566892,0.0002951553151823423,0.08001438583444834,0.07656187,5.136577,11.464241,0.004223183485172993,5.002218312721034,-0.0024177856287663896,0.0034625989376144365,-4.469569563227551e-05,0.0002917515293401816
763,25.433332,axial_advance_candidate,unknown_no_ground_truth,0.5176293206711509,0.10467665250914263,0.1433441007105853,0.00039359266204138385,0.08001438583444834,0.07656187,5.1594195,11.569881,0.004231511555487868,5.002058985155072,-0.0024194610723976095,0.003471584388053957,-6.277809607512518e-05,0.0003885538498921421
764,25.466667,axial_advance_candidate,unknown_no_ground_truth,0.517625889695759,0.10469114022832193,0.14334413510085214,0.00044908064128754664,0.08819831406038542,0.0762147,5.1546693,11.547913,0.004242819058903333,5.001574638261256,-0.002421982557024596,0.0034836064731915343,-5.093267796681673e-05,0.0004461830170393789
765,25.5,axial_advance_candidate,unknown_no_ground_truth,0.5176239822153215,0.10470606803636329,0.14334572629149267,0.0004594877018279955,0.9130199008684298,0.0762147,5.2058597,11.784655,0.0042527799092434305,5.001312751257535,-0.0024228451072754436,0.0034951335514706735,-1.9894128945714427e-05,0.00045905682846970495
766,25.533333,axial_advance_candidate,unknown_no_ground_truth,0.5176224904821135,0.10472137064372827,0.1433477252898001,0.0005350526995237418,1.0146441056008229,0.0762147,5.2481256,11.980123,0.004262565685054424,5.001101693028209,-0.002423308811966274,0.0035067136497367586,-2.5278043074817744e-05,0.0005344552477111168
767,25.566668,axial_advance_candidate,unknown_no_ground_truth,0.5176199730347384,0.10474127895641636,0.1433497594296156,0.000681773128612766,1.0146441056008229,0.0762147,5.2285047,11.889381,0.0042759570649944685,5.000937747214109,-0.002424541993930202,0.003522130738820617,-3.786969493826733e-05,0.0006807205631562204
768,25.6,axial_advance_candidate,unknown_no_ground_truth,0.5176168385248875,0.10476621160811532,0.14335257421473668,0.0008322642429364058,1.0146441056008229,0.0762147,5.220774,11.85363,0.004292685192840035,5.000806772440889,-0.0024258218722645396,0.0035415440712874163,-5.544377888405506e-05,0.0008304154125818986
769,25.633333,axial_advance_candidate,unknown_no_ground_truth,0.5176124054901268,0.10479598183100128,0.14335512031458308,0.00094396255445512,1.0146441056008229,0.0762147,5.2263017,11.879193,0.004313545595398684,5.000341453947322,-0.002428238189221328,0.0035651556627993844,-9.017767552433858e-05,0.0009396453006589574
770,25.666666,terminal_settle_candidate,unknown_no_ground_truth,0.5176064963971747,0.10482812705062333,0.14335701124697736,0.0009281674444027585,0.7665342454904382,0.0762147,5.236403,11.925909,0.004337270036680486,4.999120846103749,-0.002431833625185225,0.0035913920129254664,-0.00010337841665154855,0.0009223923827849874
771,25.7,terminal_settle_candidate,unknown_no_ground_truth,0.5176013441022876,0.10485676440379699,0.14335857402295202,0.0007945027713655217,0.7665342454904382,0.07620731,5.2824655,12.138936,0.0043584772560547585,4.998908111220705,-0.002435141776179599,0.0036147487494224933,-9.96637067298492e-05,0.0007882269972973273
772,25.733334,terminal_settle_candidate,unknown_no_ground_truth,0.5175963416147892,0.10488006229466351,0.1433593062528612,0.0005500827101554256,0.6796907845373589,0.07620731,5.3197455,12.311346,0.004376538632920831,4.9985481429480885,-0.0024384663437771164,0.0036342774103960205,-7.421478691095506e-05,0.0005450533491463927
773,25.766666,terminal_settle_candidate,unknown_no_ground_truth,0.5175938981367838,0.10489264965649295,0.1433598444011172,0.00021509011047159495,0.6796907845373589,0.07620731,5.3118916,12.275023,0.004386094728649474,4.998484714660236,-0.0024400893528317294,0.003644693528801007,-1.6815525030696966e-05,0.00021443179274684276
774,25.8,terminal_settle_candidate,unknown_no_ground_truth,0.5175940901297114,0.10489416822388642,0.1433605568392975,5.9315129819120505e-05,0.6614744625975173,0.07620731,5.307822,12.256204,0.004386680275435771,4.998451652494524,-0.00243958736160249,0.003645734129637905,3.3635922278547314e-05,4.8856006364935754e-05
775,25.833334,terminal_settle_candidate,unknown_no_ground_truth,0.5175951559765146,0.10489539846924013,0.14336236252780898,0.00012283858309395076,0.6614744625975173,0.07620731,5.2166266,11.834449,0.004386085770222051,4.998367829448077,-0.002437858474074973,0.003646175317250283,6.91644334870581e-05,0.0001015164944082673
776,25.866667,terminal_settle_candidate,unknown_no_ground_truth,0.5175967118856248,0.10489993083262808,0.14336578253435944,0.00023973977611437932,0.6614744625975173,0.07620731,5.2410617,11.947454,0.004386698896196472,4.998374984008953,-0.002434964787930965,0.003648845528030428,5.2155842568839986e-05,0.00023399771011124683
777,25.9,terminal_settle_candidate,unknown_no_ground_truth,0.5175962154076119,0.104910320690879,0.14336798767099956,0.0004256870364207445,0.43558140038834525,0.07620731,5.131514,11.440825,0.004392945611276251,4.998360205034721,-0.002434381471179628,0.003656741445113201,3.805233580018632e-05,0.00042398286842374437
778,25.933332,terminal_settle_candidate,unknown_no_ground_truth,0.517595565531499,0.10492745154684047,0.1433726123826795,0.0005553135686328972,0.22782931339487722,0.07620731,5.1056867,11.321381,0.004402795643331159,4.9987040182491995,-0.002432428004413831,0.0036698642318591544,8.579970142469172e-05,0.0005486452139071635
779,25.966667,terminal_settle_candidate,unknown_no_ground_truth,0.5175960265918808,0.10494563070907109,0.14337908394469046,0.0005732348767181876,0.1140445658797212,0.07620731,5.1037946,11.312631,0.0044119607133297715,4.998983640471458,-0.0024286729281703143,0.003683333428287205,0.00012699256740080953,0.000558991155306653
780,26.0,terminal_settle_candidate,unknown_no_ground_truth,0.5176003425451421,0.1049629728621177,0.1433859117409751,0.0005093359130141564,0.11039546312722306,0.07620731,5.1276207,11.42282,0.004417996634564098,4.998996002647939,-0.00242395015839063,0.003693664832203612,4.957858313463748e-05,0.0005069171888783474
781,26.033333,terminal_settle_candidate,unknown_no_ground_truth,0.5175963776001319,0.10497857327522839,0.14338730709665648,0.0004989079457245915,0.11039546312722306,0.07620731,5.0770802,11.189084,0.004430360491815683,4.99873340661394,-0.002425367739937999,0.0037075174191781414,-1.1617475103567227e-05,0.0004987726662311698
782,26.066668,terminal_settle_candidate,unknown_no_ground_truth,0.517586257995531,0.1049926136035606,0.14339136707029776,0.0006745182276541748,0.11039546312722306,0.07620731,4.9335856,10.525459,0.004444716531132196,4.998626178988365,-0.002424736167005087,0.0037250717526696453,3.4430910997009905e-05,0.0006736388882818786
783,26.1,terminal_settle_candidate,unknown_no_ground_truth,0.5175661626416429,0.10500999139333178,0.14339829656935146,0.0009072921475748668,0.1140445658797212,0.07620731,4.925386,10.487538,0.004466740075022568,4.998413478482731,-0.0024230607577107413,0.003752405023748751,5.3349301373027506e-05,0.000905722304624339
784,26.133333,terminal_settle_candidate,unknown_no_ground_truth,0.5175397072449749,0.10502819062664973,0.14340639253046103,0.0010212104161518843,0.11039546312722306,0.07620731,5.0107136,10.882155,0.0044930937580073054,4.986757529847276,-0.002421179601408556,0.003784941327942524,3.64074735921875e-05,0.0010205612230159142
785,26.166666,terminal_settle_candidate,unknown_no_ground_truth,0.5175106792870594,0.10504640939977804,0.14341346776203742,0.0009715066163261069,0.11039546312722306,0.07620731,5.083613,11.2192955,0.004521603626649516,4.9840762686631175,-0.0024206336299939304,0.0038190878735468326,5.5147581594122274e-05,0.0009699401269200698
786,26.2,terminal_settle_candidate,unknown_no_ground_truth,0.51748669245313,0.10506195386754767,0.14342210703238223,0.0007307167144172369,0.06995012861088046,0.07620731,4.9648085,10.669857,0.004544556625699388,4.978960728358086,-0.002417514516993562,0.003848196783470616,0.0001044459421193495,0.0007232136350370638
787,26.233334,terminal_settle_candidate,unknown_no_ground_truth,0.5174718619626053,0.10507115377813535,0.14342935206419766,0.00034400812994858697,0.04171661892639845,0.07620731,4.9629116,10.661084,0.00455783970343585,4.978281559969753,-0.002413658898542721,0.0038662841959304717,0.00011234163047573744,0.00032514758423333974
788,26.266666,terminal_settle_candidate,unknown_no_ground_truth,0.517469793760164,0.10507244751913489,0.14343352035672008,6.612939224895271e-05,0.035349679429123836,0.07620731,4.9400153,10.555195,0.004558584205011908,4.978294916980457,-0.0024100251897160698,0.0038694274174763976,5.35825100466626e-05,3.875578842334584e-05
789,26.3,terminal_settle_candidate,unknown_no_ground_truth,0.5174697795205295,0.10507026549398663,0.1434331348905491,0.00011114179922097584,0.035349679429123836,0.07620731,4.913036,10.430422,0.004557282095294579,4.978332960849796,-0.002410086785939497,0.0038678549326897427,5.556295756884715e-05,9.62562064506918e-05
790,26.333334,terminal_settle_candidate,unknown_no_ground_truth,0.5174739668425871,0.10506682723040922,0.14343590164810216,0.00017376145017832624,0.03235078487283437,0.07620731,4.822109,10.009911,0.004551261419589818,4.978377228478185,-0.0024063323427565104,0.003863100460206889,0.0001268778966440703,0.0001187225375034225
791,26.366667,terminal_settle_candidate,unknown_no_ground_truth,0.5174769614880836,0.10506418021738809,0.14343992262995348,8.718863401021509e-05,0.016898104117622485,0.07620731,4.815501,9.97935,0.004546108871314151,4.978536674927375,-0.0024016165830189583,0.003859966794936139,4.387120198445879e-05,7.53470340292573e-05
792,26.4,terminal_settle_candidate,unknown_no_ground_truth,0.5174756838526738,0.10506164104026258,0.14343788666898322,0.00025519392388983716,0.025527896602904183,0.07620731,4.7333355,9.599356,0.0045459866565540265,4.9796917157507306,-0.0024034076407709135,0.003858707865834268,-0.00023152150034679307,0.00010733933886260854
793,26.433332,terminal_settle_candidate,unknown_no_ground_truth,0.5174741377298382,0.10505938743309493,0.14342384511564163,0.0002879815811278652,0.035349679429123836,0.07620731,4.558732,8.791861,0.0045505001767184375,4.979760133021655,-0.002417051113215208,0.0038555046069768425,0.00011670544836528593,0.000263274057572642
794,26.466667,terminal_settle_candidate,unknown_no_ground_truth,0.5174940595086132,0.10506060328337946,0.14344324339100845,0.001602486969901259,0.035349679429123836,0.07620731,4.491048,8.47884,0.0045312998849717685,4.980095220103578,-0.0023956367860851284,0.003846245316760345,0.001438049013709197,0.0007070923015231635
795,26.5,terminal_settle_candidate,unknown_no_ground_truth,0.5175245179466322,0.10507327592277901,0.14351704766561568,0.0034695639768744166,0.04486907679981874,0.07620731,4.472743,8.394185,0.004494156325473378,4.980332531590683,-0.002321171310968484,0.0038483249372849512,0.003242199203948643,0.0012353212179588772
796,26.533333,terminal_settle_candidate,unknown_no_ground_truth,0.5175772330793289,0.10509001873887552,0.1436570585253436,0.0046569542512273345,0.30642235018289,0.07620731,4.7818556,9.823749,0.004425183690816611,4.98319985786564,-0.0021794934843156095,0.0038512412089214986,0.004532204838771727,0.0010706737119395853
797,26.566668,terminal_settle_candidate,unknown_no_ground_truth,0.5176182549800427,0.10507482676508831,0.14381300470558414,0.004417416908245003,0.43071103451275955,0.07620731,4.7854977,9.840591,0.004341090143918759,4.987730515473059,-0.0020190308356464485,0.003842990778331038,0.004399298286621399,0.00039968328283639435
798,26.6,terminal_settle_candidate,unknown_no_ground_truth,0.5175913553746614,0.10503505365846624,0.14394604751573442,0.004149469534829215,0.5903728380793994,0.07620731,4.5836506,8.907103,0.004295310368093283,4.9931208215304395,-0.0018861897853459746,0.00385901273020784,0.0022799344897645748,0.0034669866084047303
799,26.633333,terminal_settle_candidate,unknown_no_ground_truth,0.5174099104698233,0.10502399313329905,0.14398773604030757,0.008517955720256766,0.7090725246111464,0.07620731,4.4716845,8.389289,0.004401448326882927,4.995916777134962,-0.0018670375318927187,0.00398583971437945,-0.002269822459728768,0.00820996197637759
800,26.666666,post_settle_motion_unresolved,unknown_no_ground_truth,0.5170323677561296,0.10510605960129078,0.14387568903998144,0.01543630384670522,2.875736777596051,0.07620731,4.0189724,6.295616,0.004751224705326064,4.927377957602154,-0.002037508964093186,0.004292166518407767,-0.008265283644209403,0.01303704578225339
801,26.7,post_settle_motion_unresolved,unknown_no_ground_truth,0.5165093952584804,0.1053219143663286,0.14358842338728986,0.02149602942618868,2.875736777596051,0.07620731,3.3242326,3.0826294,0.0053450728340663015,4.818735411167678,-0.0024180874724954596,0.004766828775699216,-0.01376160197051004,0.016513557832787698
802,26.733334,post_settle_motion_unresolved,unknown_no_ground_truth,0.5159265680850759,0.10568491499814778,0.143171577941192,0.025349868620143306,2.875736777596051,0.12294957,2.1037233,-2.5619016,0.006117968850769441,4.686884585769556,-0.0029549408191275736,0.005357039071580384,-0.017420437895055728,0.018415867685315095
803,26.766666,post_settle_motion_unresolved,unknown_no_ground_truth,0.5153591525261167,0.10616380804791611,0.1426806020613367,0.02558383886628221,2.875736777596051,0.12294957,1.7912903,-4.006821,0.00697910241153856,4.5879582774726835,-0.0035794322042819173,0.0059912883060067165,-0.0183627848993379,0.017814065843499628
804,26.8,post_settle_motion_unresolved,unknown_no_ground_truth,0.514912852282724,0.10665377140694807,0.14220067985035034,0.02170114051261497,2.666081224114033,0.4956467,1.7109464,-4.37839,0.007761957790997704,4.534948824333692,-0.004179107721948449,0.006540875124750572,-0.016466971579419967,0.014134296818407124
805,26.833334,post_settle_motion_unresolved,unknown_no_ground_truth,0.5146266634819523,0.107034494383841,0.14178701138307193,0.015384156616149454,2.083827319193185,0.4956467,1.6364849,-4.722755,0.008348128355452279,4.484550578994923,-0.004677250706229276,0.006914808230904461,-0.012504156782994802,0.00896204987357804
806,26.866667,post_settle_motion_unresolved,unknown_no_ground_truth,0.5144873595179673,0.10726783728825691,0.14149798443896233,0.00903097222125582,1.281105859507032,0.4956467,1.6235423,-4.782611,0.00869996851501366,4.452564542658177,-0.005012727152692881,0.00711069748019732,-0.007838165866873987,0.004485712329660232
807,26.9,post_settle_motion_unresolved,unknown_no_ground_truth,0.5144269721001761,0.10737285386856396,0.14133082376334505,0.004021253777998314,0.41556963119524537,0.4956467,1.6348126,-4.730489,0.008873441209952445,4.441203987230565,-0.005199787090859796,0.007190283243114289,-0.0037852286512784156,0.0013573967749360171
808,26.933332,post_settle_motion_unresolved,unknown_no_ground_truth,0.5144108346329676,0.10738179487717865,0.14126771456206438,0.00098347486460336,0.2129924774040488,0.4956467,1.5429561,-5.1553006,0.008916369812870601,4.440985892098622,-0.005265071862926445,0.007195878606403139,-0.0007964558862751333,0.0005769582571766256
809,26.966667,post_settle_motion_unresolved,unknown_no_ground_truth,0.5144285519565637,0.10734365019566389,0.14127213367428898,0.0013088368600178543,0.2129924774040488,0.4956467,1.5764012,-5.0006256,0.008879650800369055,4.4405746588907755,-0.00525289187563497,0.007159282455622417,0.0005697665301433645,0.0011783123640485942
810,27.0,released,unknown_no_ground_truth,0.514442114236885,0.10730364580812476,0.14129072264306566,0.0010404303462103407,0.2129924774040488,0.75862354,1.6054647,-4.866215,0.00883867885467392,4.440421049399564,-0.005227076253063135,0.007127406101852434,0.00041275458786003874,0.0009550544254208025
811,27.033333,released,unknown_no_ground_truth,0.5144201239913991,0.1072775726481458,0.1412914642183018,0.0014612473400136957,0.2129924774040488,0.75862354,1.5958457,-4.9107003,0.008837929970822323,4.440295211890461,-0.005225375324729666,0.007127724663934894,-0.00024189720546505098,0.00144108623291089
812,27.066668,released,unknown_no_ground_truth,0.514371134356608,0.10723901367738073,0.14127396969200887,0.002302451772005914,0.31421464369021584,0.75862354,1.5746391,-5.008775,0.00885631748255638,4.435180831515347,-0.005243215514439077,0.0071374400467519965,-0.00046881474165302536,0.002254217580541413
813,27.1,released,unknown_no_ground_truth,0.5143260530327183,0.10716199875064124,0.14125476594463313,0.003268816607063257,0.6218860818383067,0.75862354,1.626738,-4.767832,0.008850880922191863,4.41447756744695,-0.005256618866310312,0.007120818154760756,-0.000174475429626406,0.0032641569103015293
814,27.133333,released,unknown_no_ground_truth,0.5143039343184285,0.10703443555745824,0.14124050177631792,0.0046218484751972344,0.8028109606261539,0.75862354,1.6319948,-4.7435203,0.008799443096081872,4.39616090156596,-0.005254847031525125,0.0070581004155831125,5.81430923352926e-05,0.004621482739175458
815,27.166666,released,unknown_no_ground_truth,0.5142740666673448,0.10686021928878872,0.141220654498195,0.005960724587838515,0.907018907676556,0.75862354,1.5893022,-4.9409623,0.008731761505636117,4.394673265621514,-0.005252742719546383,0.006975123863671611,-7.547675549984952e-05,0.005960246712296551
816,27.2,released,unknown_no_ground_truth,0.5142156669596438,0.10665028908872981,0.14118980653318342,0.0068926747965734145,0.930365068840076,0.8107285,1.618481,-4.806018,0.00867360080998878,4.392581245693455,-0.005259890857692444,0.006896731050012131,-0.00042682737506704335,0.006879446507039046
817,27.233334,released,unknown_no_ground_truth,0.514123554495271,0.10643223493332185,0.14114775129540325,0.007367071804265165,0.9884680248397916,0.8107285,1.6422572,-4.696059,0.00864632285563692,4.383629133472165,-0.0052811860041018744,0.00684601879299114,-0.0009440707844610449,0.007306331317639921
818,27.266666,released,unknown_no_ground_truth,0.5139881196732978,0.10622608966191985,0.14109240868866588,0.007585634366352376,1.0616434055871578,0.8107285,1.6222771,-4.788462,0.0086698581128205,4.332857282511708,-0.00532282794564467,0.006843532885688766,-0.0015600176353116888,0.00742348932224616
819,27.3,released,unknown_no_ground_truth,0.5138134716476627,0.10605181650722975,0.1410258326269706,0.007389210600548699,1.0616434055871578,0.8107285,1.6274358,-4.7646046,0.008750262186653531,4.289911508706436,-0.005385185586269528,0.006896873533465257,-0.001894367649285472,0.0071422548616387185
820,27.333334,released,unknown_no_ground_truth,0.5136396795671525,0.10590341193911541,0.14096137168794676,0.006338508081135809,1.0616434055871578,0.8107285,1.5920867,-4.928085,0.008846932733812566,4.263908307376881,-0.005449132341317592,0.006969589336783834,-0.0016346280458366697,0.006124106126316569
821,27.366667,released,unknown_no_ground_truth,0.5135133762689039,0.10577650442884959,0.1409131727297237,0.004690100131961962,1.0616434055871578,0.8107285,1.5963099,-4.9085536,0.008913133505614594,4.243795663674445,-0.005494151896124124,0.0070184217478878545,-0.0009096921719815467,0.004601032427625903
822,27.4,released,unknown_no_ground_truth,0.5134540006679515,0.10566274959234498,0.14088811457760408,0.003651314074599237,0.7027641955600714,0.8201981,1.6107509,-4.841768,0.008924474665716081,4.23102424982431,-0.00550977755688809,0.007020583973760337,-0.00022715771335899164,0.0036442411891404775
823,27.433332,released,unknown_no_ground_truth,0.5134322886585571,0.1055502343602264,0.14087472025352585,0.0037819039225911754,0.7027641955600714,0.8201981,1.5621783,-5.0664034,0.008902927207391149,4.227748487362494,-0.005509295511645356,0.006993552446751929,0.000213568328606997,0.003775868886591076
824,27.466667,released,unknown_no_ground_truth,0.5134365634942595,0.10541204877404632,0.1408676197310738,0.004644514040510835,0.7027641955600714,0.8201981,1.6035248,-4.8751864,0.008849411875242748,4.227274495053913,-0.00549555014969683,0.006936210715502704,0.0005937235913262816,0.004606408901693911
825,27.5,released,unknown_no_ground_truth,0.5134631339466709,0.10524228762945662,0.1408652352382288,0.005750439448231792,0.6018927721012438,0.8201981,1.5994378,-4.894088,0.008766129403542393,4.225768378513529,-0.00546970266997971,0.006850356006928937,0.0009284679890500495,0.0056749890784995975
826,27.533333,released,unknown_no_ground_truth,0.5135050140675697,0.1050348578381989,0.1408656400190125,0.006654897131430614,0.5928767582231138,0.8201981,1.6245769,-4.777826,0.008658726457917099,4.222650597669891,-0.005433653232167457,0.0067415841184093935,0.0011431474943687293,0.006555979685450673
827,27.566668,released,unknown_no_ground_truth,0.5135527629413481,0.10480777039785633,0.14086653165555496,0.006923363407889586,0.5928767582231138,0.8201981,1.576416,-5.0005574,0.008543848718924404,4.224022516641407,-0.005393503017586938,0.006626271661435772,0.0011970152991872577,0.006819099299116867
828,27.6,released,unknown_no_ground_truth,0.5135999730719585,0.10458317075381338,0.14086736763979935,0.006222007827805207,0.5928767582231138,0.8201981,1.5811445,-4.9786897,0.008435006922144665,4.224734653725663,-0.005353839678904294,0.006518108810783875,0.0010748786182145737,0.006128459624193864
829,27.633333,released,unknown_no_ground_truth,0.5136382588747245,0.10440188556858473,0.14086799831081376,0.004589509977337393,0.5928767582231138,0.8201981,1.5889592,-4.9425483,0.008350596498951668,4.225828412768705,-0.005321845541001465,0.006435093000573238,0.0008022356930589678,0.004518851593586768
830,27.666666,released,unknown_no_ground_truth,0.5136631622369787,0.10428380917572022,0.14086907478841504,0.0027742989362380894,0.3760412115187654,0.8201981,1.5951382,-4.9139724,0.00829707312623578,4.226264794422916,-0.00530035811883114,0.006383386740143889,0.0004917530742495443,0.0027303687482788685
831,27.7,released,unknown_no_ground_truth,0.5136764001644005,0.10422091501341466,0.14086948770391225,0.0014452968278577357,0.17501154855832213,0.8201981,1.6042012,-4.8720584,0.008269244311922733,4.22604212006305,-0.00528907359056117,0.006356579429527712,0.0002505637556404836,0.0014234116498662536
832,27.733334,released,unknown_no_ground_truth,0.5136826006407995,0.10418943495378966,0.14086952952719542,0.0005087822638765965,0.05344326272687803,0.8201981,1.5958272,-4.9107857,0.008255901366337658,4.2259131560234104,-0.0052836418663930376,0.006343739906269386,6.856284356839073e-05,0.0005041413775095346
833,27.766666,released,unknown_no_ground_truth,0.5136803232631102,0.10418723544411637,0.14086862350504198,0.0001474597876870608,0.05344326272687803,0.8201981,1.6156665,-4.8190346,0.008257662812061441,4.2259131560234104,-0.005284502804358523,0.00634531521899656,-5.720479835782478e-05,0.00013591173617297973
834,27.8,released,unknown_no_ground_truth,0.5136748635958651,0.10419515221811768,0.1408675072038742,0.00018172420903470998,0.05344326272687803,0.8201981,1.6180238,-4.8081326,0.008264773943467653,4.225882673593773,-0.005287455461183577,0.006352110128344895,-6.645676773857462e-05,0.00016913659027848504
835,27.833334,released,unknown_no_ground_truth,0.5136719363248379,0.10419573203182222,0.14086645931918446,0.00033904704005535143,0.05344326272687803,0.8201981,1.6190144,-4.803551,0.008267862695201536,4.224672943385788,-0.005288944675023799,0.006354889280801248,0.00011087143240235504,0.000320406649193404
836,27.866667,released,unknown_no_ground_truth,0.5136913796744234,0.1041800139553885,0.14087063506880493,0.0009123610678809327,0.06827845801088021,0.8201981,1.6089137,-4.8502645,0.00824567913328864,4.22369950908009,-0.0052800530833151255,0.006333424334949153,0.00032324845926608956,0.0008531782649405311
837,27.9,released,unknown_no_ground_truth,0.5137122753874012,0.10415133904354767,0.14087653289304303,0.00099348892991151,0.07506390853592153,0.8201981,1.5873612,-4.949939,0.008218118459547601,4.223234402702029,-0.0052673951079297955,0.006308091612533404,-4.464548889775914e-05,0.0009924852815925268
838,27.933332,released,unknown_no_ground_truth,0.5136692704549923,0.10411828037762158,0.14086132002462098,0.0029889401124336924,0.18161581880558358,0.82134306,1.5402062,-5.1680183,0.008252875491317571,4.223266755980944,-0.00528302940363738,0.006340311837401463,-0.0011015689656932212,0.002778544368826365
839,27.966667,released,unknown_no_ground_truth,0.5135307252808321,0.10409458670692981,0.14081703041774798,0.005745861375984069,0.2209703032410047,0.82134306,1.5413988,-5.162503,0.008383898912938486,4.220216746904971,-0.005340847878464734,0.006462592739873823,-0.002315032437201646,0.005258854225658832
840,28.0,released,unknown_no_ground_truth,0.5133041262440168,0.10409384627646116,0.1407482681105496,0.008072943649712404,1.4995587206785048,0.82134306,1.5649382,-5.0536394,0.008606459450321614,4.1792746280209805,-0.005437353311850265,0.006671306710993069,-0.003318493457757175,0.00735934917925863
841,28.033333,released,unknown_no_ground_truth,0.5130157177883684,0.10411879133666868,0.1406626680560133,0.009139159046616385,1.4995587206785048,0.82134306,1.5535454,-5.106328,0.008895839763574182,4.113786566134533,-0.005562077385888763,0.006942568707083309,-0.0037787086602549284,0.008321393449432883
842,28.066668,released,unknown_no_ground_truth,0.5127225349058764,0.10415344813338223,0.1405766099033934,0.008292341678708421,1.4995587206785048,0.82134306,1.5633833,-5.06083,0.00919249458676676,4.067629157519423,-0.00568928216313194,0.0072203895460013065,-0.00341050358011662,0.0075585313286680575
843,28.1,released,unknown_no_ground_truth,0.51248757721098,0.1041708739136725,0.14050792532246636,0.00557512426895022,1.4995587206785048,0.82134306,1.627184,-4.765769,0.009428264083184139,4.041160161625774,-0.0057894374615559095,0.007441409644750994,-0.002216151914627019,0.005115728814698128
844,28.133333,released,unknown_no_ground_truth,0.512366007074339,0.10414695323367859,0.14047180647893703,0.0028214510422349933,0.845530671365594,0.8205157,1.6610694,-4.609058,0.009543421070518369,4.029600599364151,-0.005837023360362172,0.007550234699650088,-0.0007045388710617785,0.002732070819523521
845,28.166666,released,unknown_no_ground_truth,0.512344459898409,0.10405779091463893,0.14046200181950286,0.0038592636552687728,0.845530671365594,0.8205157,1.6701956,-4.566852,0.009547251875964224,4.029600599364151,-0.005836405999957503,0.007555553148960205,0.0003638855145854679,0.0038420701832675257
846,28.2,released,unknown_no_ground_truth,0.512370246434077,0.10389007318075044,0.14045776537590987,0.006107240359652893,0.845530671365594,0.8205157,1.6641978,-4.59459,0.009493359664125811,4.029600599364151,-0.0058127740958576184,0.007505700168736932,0.0010811597524467624,0.006010780182327619
847,28.233334,released,unknown_no_ground_truth,0.5124303697107082,0.10365981785539535,0.1404650300958221,0.007858481582263632,0.845530671365594,0.8205157,1.6476135,-4.671288,0.009396309575935558,4.0270540149601,-0.005764317726095976,0.0074204632469566205,0.0018309060940945668,0.007642219288491014
848,28.266666,released,unknown_no_ground_truth,0.5125194820249384,0.10338880256980404,0.1404880643134861,0.009328704369801802,0.9773104009714414,0.8205157,1.5885048,-4.94465,0.009265725196635608,4.028391476831519,-0.005690715559810375,0.00731227870344806,0.00253352349297601,0.00897808353323235
849,28.3,released,unknown_no_ground_truth,0.5126298741500511,0.10307372871769552,0.14052387060474045,0.010810043399528853,1.073453196809103,0.8205157,1.5684229,-5.0375233,0.009112525922489687,4.032675881373935,-0.005595418747829769,0.00719231657565778,0.0031362085151485104,0.010345106787714047
850,28.333334,released,unknown_no_ground_truth,0.5127602873257661,0.10271442396259052,0.14056931060093292,0.012193847508749647,1.0834871723308934,0.8205157,1.5903249,-4.9362326,0.008943793222892177,4.042070596660633,-0.005481642562341499,0.007067038420199665,0.0035685013398747013,0.011660004942278215
851,28.366667,released,unknown_no_ground_truth,0.5129022558048311,0.10231353974935653,0.14061761372960058,0.012831079076925569,1.2167787063882956,0.8205157,1.6613826,-4.6076097,0.008775915724275298,4.051219617692967,-0.005357504635043623,0.006950815843127232,0.0035990835248515627,0.012315972883189504
852,28.4,released,unknown_no_ground_truth,0.5130346132442651,0.10190909834223463,0.14065814579586522,0.01238856459514837,1.2167787063882956,0.8205157,1.6472386,-4.673022,0.008638308113714806,4.058852638225592,-0.0052417073370603735,0.006866212293548641,0.003157735187729427,0.011979367312689726
853,28.433332,released,unknown_no_ground_truth,0.5131438013626108,0.10152651053481834,0.14068347554990776,0.011381006848476542,1.2167787063882956,0.8205157,1.6703731,-4.566031,0.008546217890762686,4.064512847124704,-0.005146992181410804,0.006822485743545988,0.002463113609681907,0.011111273024764971
854,28.466667,released,unknown_no_ground_truth,0.513224937049089,0.1011753721600319,0.14069143878384877,0.010085205547318607,1.2167787063882956,0.8205157,1.6689034,-4.5728283,0.008501427007456944,4.069517515272411,-0.005077510460893072,0.006818588467024515,0.0017860339799349219,0.009925797376240551
855,28.5,released,unknown_no_ground_truth,0.5132786626902595,0.10086784049537562,0.14068921678187107,0.008766406538832984,1.0069317635597699,0.8203015,1.5624108,-5.0653276,0.008494009299429778,4.069186091523421,-0.005027909062334788,0.006846044437461041,0.0013324477709279134,0.008664552298984808
856,28.533333,released,unknown_no_ground_truth,0.5133168848789071,0.10059827917625017,0.14068410010010646,0.00811978424765242,0.9974045217721613,0.8203015,1.5206579,-5.258424,0.008506029520484244,4.067274056295759,-0.004988681970560635,0.006889527589026165,0.0011575128382912067,0.008036856366615957
857,28.566668,released,unknown_no_ground_truth,0.5133503634855392,0.10033138539205436,0.14067868016346957,0.008287570977631002,0.9974045217721613,0.8203015,1.4681413,-5.501299,0.008530312656207647,4.064953821567684,-0.0049507520431654305,0.006946674615940325,0.0010854126230024428,0.008216185985425272
858,28.6,released,unknown_no_ground_truth,0.5133784799606507,0.10004944590782414,0.14066817173530344,0.009207896645784051,0.9974045217721613,0.8203015,1.4216503,-5.7163076,0.008573515665077629,4.062733774379805,-0.004916308496948886,0.007023893622639774,0.0006968372874563127,0.009181491079026964
859,28.633333,released,unknown_no_ground_truth,0.5133769558836074,0.09971992063286211,0.14063160606980446,0.010277434246710198,1.0069317635597699,0.8203015,1.5120623,-5.2981763,0.008676020006178233,4.061783314969982,-0.004904296935803915,0.007156898400359565,-0.00023205863254340637,0.010274814036590332
860,28.666666,released,unknown_no_ground_truth,0.5133154385287793,0.0993757549260417,0.14056047211888978,0.010596742255209707,1.1345557488112477,0.8203015,1.5379361,-5.178517,0.008860226115314744,4.05254552520861,-0.004931778835409558,0.007360785578531122,-0.0010880440000964648,0.010540735585204715
861,28.7,released,unknown_no_ground_truth,0.5132039789017638,0.09905172224689202,0.14048095729572102,0.009530291930065686,1.5491198708893354,0.8203015,1.5260478,-5.233497,0.009092172398892108,4.029088504630332,-0.0049768466443954095,0.007609112721556017,-2.3205647490177244e-05,0.009530263677894734
862,28.733334,released,unknown_no_ground_truth,0.5130167316740689,0.09881685831602367,0.14051496998428137,0.009339480730273311,2.6983011129073136,0.8169849,1.641122,-4.7013097,0.00930472713596933,3.9864053847187804,-0.004933319503295346,0.007889252547184035,0.003583995348889616,0.008624434917737168
863,28.766666,released,unknown_no_ground_truth,0.5127450640359762,0.09871617125373348,0.14073484992107133,0.015076881247138206,3.3954250953978353,0.8169849,1.9672625,-3.1929963,0.009456205772219471,3.939864193454545,-0.004737917282099562,0.00818364023125034,0.010145178649721366,0.011152923307615158
864,28.8,released,unknown_no_ground_truth,0.512373665243494,0.09880689000448661,0.14128737683466291,0.0259336008804354,4.458348603447004,0.8169849,2.0717645,-2.7097025,0.009499667509488484,3.8963679161513034,-0.0042569846230320705,0.008492453397581859,0.019799586951762597,0.016748970450905693
865,28.833334,released,unknown_no_ground_truth,0.5119711377675465,0.09908325404310067,0.14223670992371273,0.03863471147521213,5.103232326613537,0.8169849,2.0373018,-2.8690834,0.009432753506597169,3.847039523390125,-0.0034179181776958587,0.008791738966029269,0.03130773251503487,0.02263772991136515
866,28.866667,released,unknown_no_ground_truth,0.5115635706523912,0.0995165158484266,0.14362707393925322,0.052676597823756464,5.901190879645637,0.8169849,2.1632805,-2.2864654,0.009370916569479212,3.8256982832889057,-0.0021697863589404095,0.00911625496071145,0.04423893340032604,0.02859616634948296
867,28.9,released,unknown_no_ground_truth,0.511106071588643,0.10004854684724551,0.1455004567452405,0.06459234900172856,6.016581213137808,0.8169849,2.3436897,-1.4521208,0.00958953375232952,3.835989141417636,-0.00046870113999430014,0.009578072709498248,0.055692097022125825,0.03271944190904283
868,28.933332,released,unknown_no_ground_truth,0.5106541673079198,0.10060377873385018,0.14769318527663383,0.07239230284380178,6.016581213137808,0.8169849,2.28954,-1.7025484,0.010272256083410284,3.8876527783790933,0.0015429632210883797,0.010155713147855653,0.06430354259892479,0.03325206640581869
869,28.966667,released,unknown_no_ground_truth,0.5102850602607524,0.10110958152170521,0.15013646808356512,0.07807330795090753,5.901190879645637,0.8169849,2.269414,-1.7956263,0.011428233587009702,3.9555496179034404,0.0038182622931598052,0.010771508528515895,0.0716638067833352,0.030979674170624246
870,29.0,released,unknown_no_ground_truth,0.5100318953183156,0.10151118969602055,0.15278051523977293,0.08119360443010841,5.103232326613537,0.8169849,2.5004733,-0.72703844,0.013005552015920161,4.0463146222745925,0.006320613290378104,0.011366364012836323,0.07695961869223242,0.025876987674362528
871,29.033333,released,unknown_no_ground_truth,0.5099172813864677,0.10170526950307207,0.15550382855694211,0.08258499522920097,3.93134813698489,0.8169849,2.1669235,-2.2696173,0.014863471111747574,4.134976219343599,0.00894882492694324,0.011867657979427702,0.08058110120695297,0.018082244475782046
872,29.066668,released,unknown_no_ground_truth,0.5098505149025986,0.1015255819231562,0.15828324260574406,0.0829506492725869,3.93134813698489,0.8169849,2.362053,-1.3671957,0.016980835894067174,4.231791745895419,0.011692752913102443,0.01231374504260887,0.08206376820763495,0.012097444453573084
873,29.1,released,unknown_no_ground_truth,0.5098217685198648,0.10087929432414248,0.1609710894702877,0.08322062383681333,3.93134813698489,0.8169849,2.2366886,-1.9469723,0.019194641309538626,4.320897467940657,0.014419829462251468,0.012668968911534637,0.08096907463654869,0.01922709505592023
874,29.133333,released,unknown_no_ground_truth,0.5097649377340923,0.09972235587626505,0.16352927678404922,0.0866359535001009,3.93134813698489,0.8169849,2.475299,-0.84346324,0.02148743843690269,4.410628219910424,0.017090608514279244,0.013023866983017326,0.08026315103863287,0.03261311123185358
875,29.166666,released,unknown_no_ground_truth,0.509633828604876,0.09811718075229228,0.16603995962810722,0.08871537674245435,4.690710577461936,0.8169849,2.3005776,-1.6515025,0.023951782445786808,4.495871148013582,0.019770624211317558,0.013520735949835175,0.07790322104481813,0.04244415414869067
876,29.2,released,unknown_no_ground_truth,0.50949279025614,0.09630972836211389,0.1683521816701451,0.08622564855572644,4.690710577461936,0.8169849,2.135176,-2.4164414,0.0263944770365123,4.56142657588896,0.022284203612484295,0.01414505876227869,0.07365517488024671,0.04483054407673324
877,29.233334,released,unknown_no_ground_truth,0.5093509172287364,0.09457148836274287,0.1705558052506343,0.0786298171629432,4.690710577461936,0.81688887,2.3666162,-1.3460915,0.02881565304906578,4.614161549958102,0.024681054708666737,0.014872370325941114,0.06804443997938299,0.03940307519686787
878,29.266666,released,unknown_no_ground_truth,0.509233220137821,0.09317353378982147,0.1725443769324868,0.06726435695018773,4.690710577461936,0.81688887,2.3099422,-1.6081938,0.031003843361014055,4.693798275253528,0.026820430105381134,0.01555322577848919,0.06023784340545695,0.02993152080636589
879,29.3,released,unknown_no_ground_truth,0.5090874336217469,0.09215697733100463,0.17432528235091893,0.05639693327035773,4.690710577461936,0.81688887,2.2443066,-1.9117413,0.032935173264754376,4.759416738727308,0.028696849404215668,0.016162192680795464,0.051687519544350864,0.022561347602781417
880,29.333334,released,unknown_no_ground_truth,0.5088436279729496,0.09142083056667975,0.17584778648861502,0.04563174021004528,4.032875115315662,0.81688887,2.3870504,-1.2515891,0.03459642914791876,4.827649200156826,0.03026627980150807,0.01675903388515543,0.04113821649017115,0.019745958032085283
881,29.366667,released,unknown_no_ground_truth,0.5084865225399126,0.0908497437654435,0.1770057483674104,0.03604981958086461,3.781247962125072,0.81688887,2.3879535,-1.2474123,0.0359233180011895,4.859496005359553,0.03143947013124867,0.01737942732315737,0.02954394173397605,0.020657807207743944
882,29.4,released,unknown_no_ground_truth,0.5080630319557736,0.09022396412815817,0.17778013140729995,0.030668402834011062,2.8701093781439013,0.81688887,2.2756414,-1.7668258,0.03695024017855844,4.892435929454715,0.032235845738693675,0.018060190994679426,0.019738956074216454,0.02347178189846973
883,29.433332,released,unknown_no_ground_truth,0.5076692779820515,0.08944431015322762,0.17824549268035994,0.028486446300713404,2.8701093781439013,0.81688887,2.2811975,-1.7411302,0.03774884402758143,4.893343166942263,0.03275538037333631,0.018763269491661762,0.01205269947502294,0.02581104527538957
884,29.466667,released,unknown_no_ground_truth,0.5073943883262266,0.08857410535394869,0.17844162802516944,0.028551223190050188,2.8701093781439013,0.81688887,2.3342676,-1.4956954,0.038312440057782476,4.885082105317162,0.03303934257223899,0.01939703342203161,0.007183781049955806,0.027632691426539607
885,29.5,released,unknown_no_ground_truth,0.5072676257076488,0.08760301699370722,0.1785126085210939,0.03161276805682013,2.2631970556775074,0.81688887,2.305662,-1.627989,0.03876893844567387,4.885082105317162,0.03323432437177158,0.01996272205277424,0.004867554565059275,0.0312357810334635
886,29.533333,released,unknown_no_ground_truth,0.5073218824331315,0.08646804164962915,0.1784687210797627,0.03710881325019557,2.2631970556775074,0.81688887,2.140783,-2.3905098,0.03915022271759269,4.885082105317162,0.03336384123782184,0.020483994646907373,0.004648699250698952,0.03681648565676036
887,29.566668,released,unknown_no_ground_truth,0.5074919812476182,0.08514053365685956,0.17843286134972658,0.04280046314421548,2.021874631078,0.81688887,2.131259,-2.4345562,0.039610896955942665,4.876341818738392,0.03354423092912913,0.02106674462340029,0.006167238806220253,0.0423538051521513
888,29.6,released,unknown_no_ground_truth,0.5077352405805086,0.08364528344908786,0.17841382091589075,0.047283478855865146,1.8377187519932003,0.81688887,2.0949,-2.6027074,0.04017822207755959,4.866481691304174,0.033775006906609166,0.02176093834769539,0.007514516098932487,0.046682538711084805
889,29.633333,released,unknown_no_ground_truth,0.5079917204618881,0.08202826643817282,0.17841511080826827,0.04895626413446355,1.810478812750845,0.81688887,2.0178423,-2.9590783,0.04086603806624885,4.857492008834104,0.034045190993163804,0.022604380935365116,0.007992291716916603,0.048299472782992875
890,29.666666,released,unknown_no_ground_truth,0.5082036544270848,0.08041537161126716,0.17841515479230313,0.04539779071822613,1.8377187519932003,0.81688887,2.0788872,-2.6767616,0.04161691199987864,4.855696491193265,0.034307818190473405,0.023557185218422524,0.0066870680089512686,0.044902589274333826
891,29.7,released,unknown_no_ground_truth,0.5082750710420382,0.0790151683174467,0.178384260743731,0.036254343060825596,1.8377187519932003,0.81688887,2.0903945,-2.6235437,0.04231662353335144,4.855696491193265,0.034490983108838,0.024516702703447815,0.0036759541099760104,0.036067502715788125
892,29.733334,released,unknown_no_ground_truth,0.5081560704617549,0.07800103108202923,0.17831216898112107,0.025072543228800377,2.5263483175305326,0.81688887,2.088338,-2.633055,0.042855054712797484,4.855696491193265,0.034552905862685154,0.025350589951345988,0.0001160475429058342,0.02507227466601004
893,29.766666,released,unknown_no_ground_truth,0.5078844632909112,0.07740009123407673,0.17820318654133743,0.016392655228572812,2.241597312459937,0.81688887,2.1503682,-2.3461812,0.04318961969808467,4.849814267170323,0.03449871949315865,0.025984256829810214,-0.0021638948365560913,0.016249206275359463
894,29.8,released,unknown_no_ground_truth,0.5075839419191789,0.07709323990156972,0.17810515492812115,0.009754163891593143,2.241597312459937,0.81688887,2.1151717,-2.5089557,0.04337890254779758,4.855504357746982,0.03440864841728034,0.02641541406730757,-0.001980258871075666,0.00955103596619684
895,29.833334,released,unknown_no_ground_truth,0.5073658723506403,0.0770271723583216,0.1780811660833463,0.005594858210412182,2.241597312459937,0.8181741,2.214515,-2.0495195,0.04346394756450817,4.866481091853815,0.03436668937340629,0.026609122484631455,0.0016900319911512531,0.005333500751242277
896,29.866667,released,unknown_no_ground_truth,0.5072470739844096,0.07709931543190329,0.178265128347675,0.00967311626409696,2.5263483175305326,0.8181741,2.5474708,-0.50968724,0.043598471379584364,4.87261619268583,0.03452132132545525,0.026629027030312346,0.008010169547118124,0.005422763325571061
897,29.9,released,unknown_no_ground_truth,0.507214696121549,0.07722747355027765,0.17867519929035003,0.015942148482394346,3.5773898592498816,0.8181741,2.621832,-0.16578701,0.04384881474894148,4.881175763927972,0.03490069249435552,0.02654543686401533,0.014231600290456706,0.007184264152116132
898,29.933332,released,unknown_no_ground_truth,0.5071314870501515,0.07736649962697645,0.17928727439064268,0.021494314448725085,3.5773898592498816,0.8181741,2.4536934,-0.94338286,0.044267276738158744,4.880589430242891,0.03547008014092124,0.026485188400488212,0.018567728426227496,0.010827973712128017
899,29.966667,released,unknown_no_ground_truth,0.5068248722546687,0.07749450347355993,0.18002803592358954,0.026908974409708575,3.6075855612235195,0.8181741,2.4462256,-0.9779192,0.04486472362587879,4.883160080536084,0.0361385493785786,0.026586625864116767,0.02032616109802692,0.017633493096928025
900,30.0,released,unknown_no_ground_truth,0.5062400284115762,0.07761938187836637,0.18082336428887966,0.03153626384550591,4.631988105907918,0.8181741,2.3642004,-1.3572644,0.04559945988363602,4.882671648958589,0.03682518859491573,0.026892679796335268,0.02035431611888467,0.024088124722897696
901,30.033333,released,unknown_no_ground_truth,0.5054824309429047,0.07775055011028129,0.1816256327795785,0.0327703347976084,4.631988105907918,0.8181668,2.5021007,-0.7195119,0.04640161965639239,4.8865099535501955,0.037495482995068906,0.027334942138277866,0.020067987725047094,0.025906962604958214
902,30.066668,released,unknown_no_ground_truth,0.5047555350290162,0.07782631385182676,0.18241286010691846,0.029727659000617603,4.631988105907918,0.8181668,2.4965563,-0.7451534,0.04722255645435355,4.8421998498069785,0.038163058159787294,0.02781278177344547,0.020636290924856304,0.021398065485498784
903,30.1,released,unknown_no_ground_truth,0.5042610218446296,0.07773603153883228,0.18318632297265688,0.026579577853276255,4.631988105907918,0.8181668,2.5195713,-0.638715,0.048047305034157724,4.796281947601422,0.038871265885461734,0.028241250140656614,0.022653154873908805,0.013903543904957308
904,30.133333,released,unknown_no_ground_truth,0.5040478896282627,0.07741243661098246,0.18398376165036023,0.027396606073910666,2.8559726366702214,0.8181668,2.4151502,-1.1216351,0.048916286042850775,4.753523444888935,0.039673245345071745,0.028615321840156558,0.024527979988654046,0.012204598397539582
905,30.166666,released,unknown_no_ground_truth,0.504064226032511,0.07679496004883973,0.1847392035819954,0.03141812892060187,2.8559726366702214,0.8181668,2.4766011,-0.8374407,0.04982440155993675,4.723680371807894,0.04050643949664127,0.029012055254855142,0.024575144737208364,0.01957450091360747
906,30.2,released,unknown_no_ground_truth,0.5041172215080671,0.07588764585549158,0.18541814155673259,0.03564521529767266,2.8559726366702214,0.8181668,2.4720936,-0.85828686,0.05081082182606208,4.726866876822371,0.041311594435233585,0.02958195023757907,0.023000737776416952,0.027231368591349624
907,30.233334,released,unknown_no_ground_truth,0.5040376975369606,0.07478523914090907,0.18600706547189677,0.037768803480056345,2.8559726366702214,0.8181668,2.4758017,-0.8411378,0.051876177192151526,4.726866876822371,0.042039861198259955,0.030393878174766367,0.0203699127669502,0.03180486079488409
908,30.266666,released,unknown_no_ground_truth,0.5037542763104352,0.07365178131868025,0.18651764534049492,0.036833470008958986,3.4435007073303536,0.8181668,2.5126274,-0.67082894,0.052968931602578886,4.726866876822371,0.04266956781232997,0.03138495973914342,0.017707381694415887,0.03229788145419366
909,30.3,released,unknown_no_ground_truth,0.5032815392224894,0.07266814831336268,0.1869948731906265,0.03313696454855313,3.4435007073303536,0.8181668,2.5855992,-0.33335367,0.054022013388921264,4.779763062704927,0.04322033522356435,0.03240957503201039,0.016353363128787005,0.028820581775357988
910,30.333334,released,unknown_no_ground_truth,0.5027415835305435,0.07195765619990664,0.18751001471728634,0.02907756178344141,3.4435007073303536,0.8181668,2.52668,-0.60583925,0.05498155800966087,4.840354618811597,0.04375979158532536,0.03328742047048091,0.017808973881280523,0.022985757515594746
911,30.366667,released,unknown_no_ground_truth,0.5022302236559653,0.0715473044547095,0.1881765321794463,0.027074971863244195,3.7029931456477927,0.8181668,2.540871,-0.54021007,0.05588632380893552,4.8675779731604365,0.044407624252937664,0.033929988168095435,0.02053419638281927,0.01764655434659347
912,30.4,released,unknown_no_ground_truth,0.5017990649749546,0.0714064937382202,0.18894730282438701,0.028372312813537557,3.9383615932210865,0.8181668,2.6257405,-0.14771062,0.05669999456380728,4.885877630492563,0.04512871703566803,0.03432620401749052,0.02347841935252305,0.01592959381454212
913,30.433332,released,unknown_no_ground_truth,0.5013854675721541,0.07141914720838556,0.18986400907851592,0.03217575858571041,3.9383615932210865,0.8181668,2.5403697,-0.5425278,0.05754182899873605,4.892675969701286,0.04597282822714227,0.03460579646991891,0.02727792963120991,0.01706440727364058
914,30.466667,released,unknown_no_ground_truth,0.5009466703938499,0.0714237419439312,0.19091568547761062,0.03604799006831519,3.4435007073303536,0.8181668,2.4171748,-1.1122715,0.058507253857726996,4.906941071829091,0.04694726292276993,0.03491494319102957,0.030943223747920256,0.018492552340104232
915,30.5,released,unknown_no_ground_truth,0.50043822379106,0.07124920601426316,0.19206612781573643,0.03939048749701933,3.9383615932210865,0.8181668,2.5076458,-0.69386715,0.05967242591110479,4.898619652440276,0.04803574550158261,0.03540290338691839,0.032995684645359256,0.021515001743826086
916,30.533333,released,unknown_no_ground_truth,0.4998341622804998,0.07080229195657058,0.19321176060231537,0.04318520674437353,3.9383615932210865,0.8181594,2.5240498,-0.61800337,0.06100937687703125,4.902139028882387,0.04914694152817689,0.03614861277213271,0.03367010479931552,0.027042302497335455
917,30.566668,released,unknown_no_ground_truth,0.49917367745524494,0.07000929564562669,0.19433605574753138,0.04776535012953524,3.9383615932210865,0.8181594,2.3508902,-1.4188205,0.06252676238614402,4.921337070265623,0.05028043573315573,0.03716818258910855,0.03518826935073498,0.03230037729032307
918,30.6,released,unknown_no_ground_truth,0.4986353367167544,0.0689161588204971,0.19548015865296378,0.05241668174153281,3.5838910898287515,0.8181594,2.38342,-1.2683786,0.06417282589360647,4.9493835770266275,0.05149286783999803,0.03829668581984121,0.038978455280799705,0.0350455210935126
919,30.633333,released,unknown_no_ground_truth,0.49831480508422843,0.06762659035416915,0.19674350845623084,0.05601050222612872,3.4001305181180284,0.8132769,2.712936,0.2555449,0.06594234849755891,4.916081142967582,0.05287895960300506,0.039398083159936446,0.043274272916711716,0.03556000088797975
920,30.666666,released,unknown_no_ground_truth,0.4982260942008978,0.06626855488066338,0.19808117628340402,0.05874491362977127,3.311704109926195,0.8132769,2.9053268,1.1453017,0.0677330182173718,4.884937633086239,0.054377775164168994,0.040383404079273766,0.047819322863724735,0.03412150697469471
921,30.7,released,unknown_no_ground_truth,0.4982388843957381,0.06495504296937869,0.199606218199725,0.06063956821114672,2.7015079813019787,0.8132769,2.7436557,0.3976156,0.06962036544767529,4.866136341124842,0.05606695295810171,0.04127338211319579,0.05265181238319202,0.03008228524563027
922,30.733334,released,unknown_no_ground_truth,0.49825281887065137,0.06381048138390608,0.20129062604697806,0.06032314784419379,2.7015079813019787,0.8132769,2.3889556,-1.242778,0.07154881710549152,4.835068412376658,0.05788795058552231,0.042050189133976595,0.05550922091809042,0.023613736656850723
923,30.766666,released,unknown_no_ground_truth,0.4981605375054544,0.06294906330913429,0.20309078723955198,0.058397968116581184,2.7015079813019787,0.8132769,2.4456081,-0.980775,0.0734554178422719,4.801623722958211,0.059767510984664894,0.042702962907516344,0.0555354975949752,0.018059102608483524
924,30.8,released,unknown_no_ground_truth,0.49787680608071905,0.06242040049142684,0.20490764342493645,0.05658189367026879,3.5129123617282016,0.8132769,2.579282,-0.36256874,0.0752613953239254,4.790734932393027,0.06159026036370351,0.043254103324833724,0.05331395879587169,0.01895079124537281
925,30.833334,released,unknown_no_ground_truth,0.4974026206892977,0.06210366597237431,0.2066880259813479,0.05581055217306033,3.5129123617282016,0.8132769,2.6015284,-0.25968525,0.07698998335320821,4.798065927064751,0.0633218017650186,0.04379277289643766,0.051363997084311545,0.021830197832010685
926,30.866667,released,unknown_no_ground_truth,0.49687807965115527,0.06178940910149078,0.20843587687235948,0.05546383502098689,3.5129123617282016,0.8132769,2.5080068,-0.69219774,0.07871261826418126,4.798212627004467,0.06501459047679305,0.044370928535896255,0.05109324054639718,0.021580495029151818
927,30.9,released,unknown_no_ground_truth,0.4964482078981933,0.06127178213649285,0.21016204540570654,0.05792711191444277,3.5129123617282016,0.8132769,2.6111066,-0.21538849,0.08049791372361248,4.770764501154548,0.06672796561095137,0.04502546745207483,0.0536512640896023,0.021842439340333024
928,30.933332,released,unknown_no_ground_truth,0.49622001129289767,0.06033517272213897,0.211952301539957,0.06603729093322103,3.5129123617282016,0.8132769,2.7575457,0.4618533,0.08248964883662382,4.699325326785421,0.06859128661264777,0.0458233299315002,0.059328418600115215,0.029001078259409254
929,30.966667,released,unknown_no_ground_truth,0.4961437133029032,0.05894747313535521,0.21388862420940655,0.07488259302728124,3.241677824881815,0.8132769,2.6641927,0.03012034,0.08478675639310745,4.63463534230132,0.07068324361250498,0.04682598778541059,0.06480316905296205,0.037522686726601175
930,31.0,released,unknown_no_ground_truth,0.49608560032662585,0.05731517062964569,0.2159251999215484,0.07916723636656525,3.241677824881815,0.8132769,2.6868982,0.1351275,0.0872900060766855,4.64701564703175,0.07291156394518,0.04799426011447327,0.06789644909563075,0.040712694753897515
931,31.033333,released,unknown_no_ground_truth,0.49591179720052553,0.05571282924563517,0.21805249012959066,0.07785451759239052,3.241677824881815,0.8132769,2.6005235,-0.2643328,0.08988913637001762,4.654946683605021,0.07520960419765407,0.04922979051123251,0.06795338337916823,0.03799557338516725
932,31.066668,released,unknown_no_ground_truth,0.49557376885293425,0.05437835060994074,0.22017407263168437,0.07194572980107296,3.241677824881815,0.8132769,2.4056656,-1.1654985,0.09239317911105441,4.6635518628155435,0.07744183005409842,0.050391095484415865,0.06430153967274,0.032272279627011805
933,31.1,released,unknown_no_ground_truth,0.49508676882217006,0.05343538326223557,0.22219237498212924,0.06453736847651921,4.406132219793253,0.8132769,2.5910099,-0.30833074,0.09465259257391521,4.761084214270885,0.07949645748827104,0.051375349417586515,0.05874261737856012,0.026727828819230765
934,31.133333,released,unknown_no_ground_truth,0.494579881145768,0.0528435386000978,0.22406860763018904,0.057113008481637736,4.82862175279799,0.81205803,2.846217,0.87193406,0.09662301338402197,4.845368018775547,0.08135794454185767,0.05212381006155345,0.05300622696212039,0.021265832715033885
935,31.166666,released,unknown_no_ground_truth,0.49422539112819597,0.05240180913462676,0.22575420360311116,0.050400860134827655,4.82862175279799,0.81205803,2.7511249,0.43215856,0.09832291573600166,4.9015324004024965,0.08303015180784994,0.05266298177652194,0.04811500349278403,0.015006436659641752
936,31.2,released,unknown_no_ground_truth,0.4941485986994767,0.051839479252408054,0.2272460315699505,0.04655528763363199,4.82862175279799,0.81205803,2.4025733,-1.1797994,0.09985295842564659,4.903569421034156,0.08456562976244741,0.05309677550694181,0.04377234024839303,0.015854874197833296
937,31.233334,released,unknown_no_ground_truth,0.4943194664703046,0.05096362783003372,0.22850302149867635,0.048293012001125686,5.187504855639171,0.81205803,2.6126547,-0.20822915,0.1012846990697651,4.855520640541383,0.08594837249602823,0.053586075905377284,0.03933794573418165,0.028013229616655224
938,31.266666,released,unknown_no_ground_truth,0.4946322830099039,0.04961823300905762,0.22952576774170283,0.05585087370252101,5.187504855639171,0.81205803,2.5551896,-0.47398984,0.10272947716415454,4.800299219172799,0.08718811929531152,0.05432842103509982,0.036062140384965656,0.04264788534253465
939,31.3,released,unknown_no_ground_truth,0.4949972204920529,0.04783180910557731,0.2303992232243533,0.06397174161027998,5.318396485007733,0.81205803,2.6648743,0.033272736,0.10427592904147832,4.76520732484474,0.08835247835176618,0.05538329122184876,0.03521350957662118,0.053407794074925394
940,31.333334,released,unknown_no_ground_truth,0.4954313939168233,0.045798445043186135,0.23124609790096906,0.06776812296344938,5.566450367603209,0.81205803,2.7390814,0.3764607,0.10593125789701707,4.5831205784842295,0.08953570198663889,0.056610859995270615,0.0368118367937962,0.05689821756308459
941,31.366667,released,unknown_no_ground_truth,0.49592208233199175,0.04378289730371676,0.2321776357970975,0.0655701819511994,6.01753031420623,0.81205803,2.605909,-0.23942566,0.10765391640471744,4.317461583379845,0.09080664581523955,0.05782316830699899,0.03913911628834252,0.0526077782963793
942,31.4,released,unknown_no_ground_truth,0.4964281238013917,0.04202463624703261,0.2332140847661166,0.060494010841355535,6.464341667593089,0.81205803,2.453763,-0.94306093,0.10933636120138736,4.122785153281809,0.09214493642621316,0.05885363686102482,0.04177503207860147,0.04375353748562349
943,31.433332,released,unknown_no_ground_truth,0.4969470799142671,0.04058184762684494,0.23440624962899387,0.05505446274962157,6.595651550290837,0.81205803,2.582861,-0.34601727,0.11098051392264795,3.9945885527886626,0.09359160528164095,0.05964298694180708,0.04357075982608033,0.03365386689263945
944,31.466667,released,unknown_no_ground_truth,0.4974279748415183,0.039483272016277264,0.23566622822879968,0.05101489335865095,7.668761695323988,0.81205803,2.5282373,-0.5986369,0.1125046817013564,3.8785381955052483,0.09504967584686168,0.06019021952219511,0.044266253120461396,0.025357803119942606
945,31.5,released,unknown_no_ground_truth,0.49789317021300783,0.03858821988179679,0.23699421660035125,0.051261498371583517,7.668761695323988,0.81205803,2.4482965,-0.9683418,0.11397948266840775,3.761083292406917,0.09654274383349015,0.060587301330055646,0.046219022354162816,0.022170773282076974
946,31.533333,released,unknown_no_ground_truth,0.49840892165191303,0.037704175277304866,0.23841414564155097,0.054908258747294526,7.668761695323988,0.81205803,2.2901027,-1.6999463,0.11551802285098046,3.5784619892984,0.09813089679220667,0.060948672652953874,0.04955679542633396,0.023644045883315548
947,31.566668,released,unknown_no_ground_truth,0.4990499876262804,0.03674235056182563,0.23993606129765188,0.061895563350476315,7.668761695323988,0.81205803,2.3291688,-1.519276,0.11716545699346388,3.3656527238353386,0.09984656400074665,0.0613058559171311,0.05505630015150808,0.028281877167187438
948,31.6,released,unknown_no_ground_truth,0.49989818244723977,0.03562302174114504,0.24165116975892625,0.07217565963759767,7.668761695323988,0.81205803,2.3469172,-1.4371946,0.11902941513616229,3.0995711942174156,0.10180137005554718,0.061680488993444305,0.06316136826606415,0.034928031763627486
949,31.633333,released,unknown_no_ground_truth,0.5008802840751827,0.03424128887146233,0.24361662581272456,0.07968139909217675,6.0974217395343775,0.81205803,2.7878401,0.6019569,0.1212337764826425,2.968972351545132,0.10405725736736036,0.062207039388048765,0.06890368785681124,0.04001758564703609
950,31.666666,released,unknown_no_ground_truth,0.5018211744086627,0.03269824408916807,0.24564682337483662,0.08232682876042313,4.810193435366162,0.81205803,2.9179401,1.2036349,0.12360272652138211,2.9647462614886853,0.1063948788625719,0.06291076025083653,0.0705447165485055,0.042439954062640645
951,31.7,released,unknown_no_ground_truth,0.5026376839521924,0.031025374641042984,0.24770235803198157,0.08133957528778439,4.810193435366162,0.81205803,2.5948625,-0.29051346,0.12609703454166518,2.9229285867993218,0.10876028479845194,0.06380958055622628,0.06919690648715122,0.04275411840519687
952,31.733334,released,unknown_no_ground_truth,0.5032439296021985,0.029345718540240172,0.24966458429536967,0.07567947846666818,4.810193435366162,0.81205803,2.3969555,-1.2057806,0.12855865236814684,2.904281512956247,0.11100809277263567,0.0648423506490622,0.06423436090223972,0.04001662580063081
953,31.766666,released,unknown_no_ground_truth,0.5036125430596841,0.027804081372898005,0.25146097173394466,0.06572273190183833,4.810193435366162,0.81307006,2.5381002,-0.55302364,0.13084491492721076,2.9259782162524512,0.11304250991144166,0.06589220526914122,0.0563882769330734,0.03376151230558164
954,31.8,released,unknown_no_ground_truth,0.5037379808664137,0.02657126608637851,0.2530194935881318,0.05342388497753501,4.810193435366162,0.81307006,2.5200665,-0.6364249,0.1327963883104324,2.9756785596025823,0.11476725363559691,0.06680836954482361,0.0469996554073946,0.025399682629494692
955,31.833334,released,unknown_no_ground_truth,0.5037170573319939,0.02569307458948427,0.25432763351219345,0.044864165806413885,4.810193435366162,0.81307006,2.5940635,-0.29420835,0.13436188532640433,3.0174013789892213,0.11617582541486939,0.06750032457432792,0.04105328576518737,0.01809478105386362
956,31.866667,released,unknown_no_ground_truth,0.5037160925029431,0.02503147865049931,0.2555836093489804,0.044877515573014,4.810193435366162,0.81307006,2.5404086,-0.542348,0.13575972880529888,3.057587588327209,0.11750419936359668,0.06799608148421811,0.04232810313629357,0.014910502637047776
957,31.9,released,unknown_no_ground_truth,0.5037577580092134,0.02434613911065639,0.256998758159321,0.05326676808114766,4.350888832358229,0.81307006,2.8162215,0.7332131,0.13729602513644734,3.097341836502278,0.1189976557201684,0.06848179649638472,0.05015321804906625,0.017944450427181836
958,31.933332,released,unknown_no_ground_truth,0.5036988209835376,0.023439339539428308,0.258757699211027,0.0677008144180102,4.350888832358229,0.81307006,3.120494,2.140392,0.13925100426798953,3.1404708410688067,0.12084769600325065,0.0691858118428161,0.06245836796949626,0.026121878635520485
959,31.966667,released,unknown_no_ground_truth,0.5034721990543598,0.02220775515555074,0.2609632467794973,0.08365144034790675,4.350888832358229,0.8138973,3.0052378,1.6073635,0.14177479889207276,3.1974118904047537,0.12316161009613433,0.0702232966999945,0.07548985482629438,0.03603949625874928
960,32.0,released,unknown_no_ground_truth,0.5030824327460187,0.020666553274868608,0.26355693042579525,0.09540904972554344,4.21294264533762,0.8138973,2.5043626,-0.7090513,0.14481022700147855,3.331704514344457,0.12588041640799857,0.0715829770907067,0.08426310600575349,0.044750594809391885
961,32.033333,released,unknown_no_ground_truth,0.5025218774690311,0.018922746869786164,0.26632623514459897,0.10006998047308092,4.21294264533762,0.8138973,2.3848555,-1.2617397,0.14812403997965723,3.570192313505026,0.12877906442381912,0.07318936935116287,0.08577929442785075,0.05153555703922185
962,32.066666,released,unknown_no_ground_truth,0.5017949304682625,0.017059639142150362,0.2690193305882901,0.09772582987260017,6.37115975704112,0.8138973,2.4154243,-1.120367,0.1514630635987207,3.66466019922941,0.1315989484150738,0.0749851746064304,0.08019023814330686,0.055855738566490426
963,32.1,released,unknown_no_ground_truth,0.5010200182262403,0.01513545055990554,0.27141007725926763,0.09100723302789211,6.803071604717719,0.8138973,2.3072393,-1.6206942,0.1545958181455666,3.69134028897003,0.13412499838767553,0.07687881239719525,0.07042047102511123,0.057647842318637815
964,32.133335,released,unknown_no_ground_truth,0.5003390806435775,0.013136990458175736,0.27341322698952764,0.08383285260604356,7.032981465758436,0.8138973,2.8013268,0.664329,0.15744351496947515,3.69134028897003,0.13629378818918658,0.07881918362292575,0.05946884918417678,0.05908809654047305
965,32.166668,released,unknown_no_ground_truth,0.4998086470599259,0.01102646475562524,0.2749999333595773,0.07950865455102402,6.803071604717719,0.8138973,2.7293723,0.3315586,0.1599991526133744,3.508432327885561,0.13808981214652388,0.08081418574938205,0.05011980233041728,0.061722212880566514
966,32.2,released,unknown_no_ground_truth,0.4993730974105388,0.00879849214308847,0.276301057317101,0.07446508663200849,6.803071604717719,0.8138973,2.5300684,-0.5901688,0.16238328307905456,3.319269723101556,0.13963505714839738,0.08288776410723218,0.0419118242525074,0.06155037055078923
967,32.233334,released,unknown_no_ground_truth,0.4990361474879417,0.006698813729391691,0.27730613989451625,0.06461317162182545,6.803071604717719,0.8138973,2.344249,-1.449534,0.16444911075636948,3.1554866886252957,0.14088389095145581,0.08482475640365249,0.03347916387317451,0.055263075677929804
968,32.266666,released,unknown_no_ground_truth,0.49885380847972327,0.004903320673827094,0.2780652431406425,0.05169359023873266,4.45164477968788,0.8138973,2.3928733,-1.2246597,0.16612751925469588,3.069448318834361,0.14186696720846317,0.08644140367203781,0.026071753590146834,0.04463732671772205
969,32.3,released,unknown_no_ground_truth,0.49882879550969683,0.003525184012200835,0.2786332726240326,0.03874995052216925,3.7437681885588865,0.8138973,2.3933263,-1.2225647,0.16739333437323373,3.0232188338598127,0.142621981225808,0.0876327499500872,0.020268783398081337,0.03302627870396886
970,32.333332,released,unknown_no_ground_truth,0.4988527581544787,0.002532088772151193,0.279090254227524,0.029040869099084377,3.0817298240770112,0.8138973,2.5607014,-0.44849944,0.16834031945877898,2.9839347741572855,0.14321819873093614,0.08847039452692546,0.016858829904273818,0.02364639364234886
971,32.366665,released,unknown_no_ground_truth,0.4987909742052508,0.0018091412525566136,0.27952880167390237,0.025909824498530503,3.0817298240770112,0.8138973,2.6198282,-0.17505345,0.16912513383402047,2.9839347741572855,0.14374588599854443,0.08910909691422537,0.017158991569006177,0.019413603835440406
972,32.4,released,unknown_no_ground_truth,0.4985065967432145,0.001173918667179867,0.28009993158409924,0.032476260061427974,3.0817298240770112,0.8138973,2.654683,-0.013858862,0.16999239505289515,2.994958776787215,0.14436217467875406,0.08976066453542152,0.0223671681316904,0.02354606670648402
973,32.433334,released,unknown_no_ground_truth,0.4979538662301979,0.0004068831376580381,0.28095032145830934,0.04541654131971106,3.0817298240770112,0.8138973,2.6984224,0.18842386,0.17119508872008948,3.0240151922236786,0.14523707860015472,0.09063084133765834,0.031449539355648176,0.032765663426254005
974,32.466667,released,unknown_no_ground_truth,0.49719556169547374,-0.0006392338385842781,0.28213972859296427,0.058926139654399246,4.247761532328915,0.8140672,2.7041385,0.21485923,0.17286104816031322,3.1330930603889833,0.14645877851086317,0.09181921459143534,0.041751395168634776,0.04158257971846221
975,32.5,released,unknown_no_ground_truth,0.49638120788892526,-0.001987785730604207,0.28363811489368984,0.07178300554124487,4.859031681489753,0.8140672,2.6557982,-0.008701897,0.17496106939948813,3.1756374313971163,0.14802046229670288,0.09328085841630568,0.05185917392606605,0.049632912107193776
976,32.533333,released,unknown_no_ground_truth,0.4956204009240188,-0.0037612156104294726,0.2854066429461958,0.08515766831120912,5.488891369363274,0.8140672,2.7580678,0.46426803,0.1775220857077343,3.1756374313971163,0.14991600379972503,0.095075142486062,0.06107831954834323,0.05934026755376473
977,32.566666,released,unknown_no_ground_truth,0.4949521199724576,-0.006012606598425954,0.2873781531029208,0.09723339262599702,5.767175971430716,0.8174207,2.7430136,0.39464626,0.18051755091903107,3.1756374313971163,0.15209228787658513,0.09723436716650617,0.06779851491460248,0.06969715931754836
978,32.6,released,unknown_no_ground_truth,0.49432054622361155,-0.008651747675548424,0.2894576974290713,0.10847245536653727,5.767175971430716,0.8174207,2.3586056,-1.3831385,0.183828322159494,3.0902799601210433,0.1544358355395096,0.0997117080847994,0.0732480229972081,0.08000625413207327
979,32.633335,released,unknown_no_ground_truth,0.4934860276545499,-0.011609758289505287,0.2917165872587191,0.11539912709933903,5.488891369363274,0.8174207,2.5252397,-0.6125002,0.18750564397827474,2.8656107256073966,0.1569757014677685,0.10255240451793188,0.07654888464255737,0.08635523606168793
980,32.666668,released,unknown_no_ground_truth,0.4923911212391817,-0.014522501772639109,0.2940405935536488,0.11452735053428727,5.468992638577023,0.8174207,2.5590951,-0.4559278,0.19124952274861187,2.663038265664269,0.15953932169767604,0.1054684065671671,0.07628366931070864,0.0854243280154896
981,32.7,released,unknown_no_ground_truth,0.491030138011192,-0.01711264675336876,0.29640494049516575,0.10928137533486464,5.468992638577023,0.8174207,2.6363604,-0.098596506,0.19487273748623066,2.555513022766564,0.1620612014999161,0.10821991860919582,0.07489642837366918,0.07957979650606932
982,32.733334,released,unknown_no_ground_truth,0.48955417603142554,-0.01925328739053388,0.2987995010517639,0.10076564258489623,5.283765669028251,0.8174207,2.3276808,-1.5261575,0.19826705536564007,2.551297575370596,0.16453234041772033,0.11062971662274644,0.07268095694488726,0.06979393399947091
983,32.766666,released,unknown_no_ground_truth,0.48820255112663813,-0.020940121270815588,0.30114639906177115,0.09243200340840672,5.283765669028251,0.8174207,2.1959584,-2.1353388,0.20133182168323224,2.55044109387716,0.16690652438775805,0.11259091676990453,0.07042115339554125,0.059870998058603964
984,32.8,released,unknown_no_ground_truth,0.48713375121104424,-0.02254244275489818,0.3034140137112318,0.08639848857645954,5.283765669028251,0.8174207,2.5055156,-0.7037191,0.2042410760566758,2.5490344821826865,0.16922701204393986,0.11435311776890507,0.06780239623400215,0.05354935941002453
985,32.833332,released,unknown_no_ground_truth,0.486429772621231,-0.024281392294934492,0.3054901977324293,0.084301535984848,5.283765669028251,0.8174207,2.490912,-0.77125686,0.20702680792427197,2.5586549924688478,0.17142661487820454,0.11607331696265576,0.06401874609652228,0.054848419463405115
986,32.866665,released,unknown_no_ground_truth,0.48605957007344225,-0.02643005205040294,0.30732773469204694,0.08951784748214728,8.388361173428084,0.8174207,2.6506648,-0.03244246,0.20982362200478746,2.4482305724862323,0.17349486305679362,0.11800629154461366,0.06055546228799664,0.06592784696108314
987,32.9,released,unknown_no_ground_truth,0.4858350889728526,-0.029094804255273856,0.3089681325359389,0.0981869294311111,9.425525083906372,0.8174207,2.4677868,-0.87820464,0.21276366253394124,2.3261399160506957,0.17546378754922237,0.12033634261410056,0.05506323374959519,0.08129399362897258
988,32.933334,released,unknown_no_ground_truth,0.48568339414921996,-0.032275373320065325,0.31025029875650273,0.10830305098316288,10.376584082707641,0.8174207,2.3285203,-1.5222751,0.215743432708789,2.2035680000678317,0.17716594639551597,0.1231156212458555,0.04645626096527617,0.09783336174019443
989,32.966667,released,unknown_no_ground_truth,0.4854536054811225,-0.035965594048926006,0.31115364336040685,0.11804411808483842,10.594564310421449,0.8174207,2.3124714,-1.596497,0.2187819331517494,2.0946686519448328,0.1785608241596415,0.12641822000426262,0.03739601591220059,0.1119640648079629
990,33.0,released,unknown_no_ground_truth,0.48510911353512376,-0.03998493225612067,0.3117205820777612,0.12483346186140817,10.594564310421449,0.8174207,2.473026,-0.8539745,0.22181983931317237,2.0257718260599233,0.17965897592388175,0.13010262673329734,0.029886454984420746,0.12120310643200463
991,33.033333,released,unknown_no_ground_truth,0.48467761840955237,-0.04420152992208656,0.3120617222675657,0.12773321732519533,10.376584082707641,0.8174207,2.488499,-0.7824165,0.22486472319371303,1.8315915899821515,0.1805532239636545,0.13403237315408395,0.026006415766972987,0.12505775124797708
992,33.066666,released,unknown_no_ground_truth,0.4842172142984602,-0.04843016120183832,0.31234903762204996,0.1237304950473715,9.425525083906372,0.8459846,2.3706582,-1.3273988,0.22792129076112314,1.6424978144131965,0.1813927104100966,0.13800289631850218,0.025796553271470027,0.12101145914325565
993,33.1,released,unknown_no_ground_truth,0.48377890433165477,-0.052374750671361235,0.3127172653865845,0.11386107487223818,9.08463906135137,0.8459846,2.8306577,0.7999769,0.2308812188619806,1.509242420294541,0.1822729678312052,0.14171345180044914,0.02917489678246162,0.11005984630551753
994,33.133335,released,unknown_no_ground_truth,0.48338777632197855,-0.0559119408224973,0.3133280553996265,0.10005144566874453,8.949466838654034,0.8459846,2.6727974,0.069915086,0.23376300171250064,1.3684746348960457,0.18333778961647446,0.14502550075136417,0.035254439619017405,0.09363448225709797
995,33.166668,released,unknown_no_ground_truth,0.4830685940307873,-0.05882850201021937,0.31424675549483827,0.08521948122365088,7.256378458382343,0.8459846,2.6013753,-0.26039314,0.23645054861428,1.2360168705100434,0.18462335400782548,0.1477263656051117,0.04129270527931947,0.07454711577749637
996,33.2,released,unknown_no_ground_truth,0.48281147088145504,-0.061158546254670154,0.31542976181180116,0.07211534832559353,6.7215242858189885,0.8459846,2.475291,-0.8434996,0.23892470848663894,1.0523519824275276,0.18609059445560872,0.14985094921482336,0.04439414321849576,0.056831184327069705
997,33.233334,released,unknown_no_ground_truth,0.48259055135268186,-0.06292489273365152,0.3167174298965245,0.059238723635941924,6.703466991001805,0.8459846,2.3661153,-1.3484081,0.24108470181305475,0.837419166587498,0.18758291820819536,0.15144134919098887,0.04235697400857052,0.04141392435948065
998,33.266666,released,unknown_no_ground_truth,0.4823751850926852,-0.06419753051090395,0.317913773313272,0.048491355007331816,5.948128617301967,0.8680926,2.4690413,-0.87240267,0.24284131090713584,0.6548887282710032,0.18891434945623528,0.15258856724087694,0.03685990883770016,0.031508072472360434
999,33.3,released,unknown_no_ground_truth,0.48217641814719997,-0.06524307313177592,0.3189321377558061,0.04397143895170253,5.948128617301967,0.8680926,2.4766042,-0.83742636,0.24431318647271394,0.502618995712216,0.19004020781254796,0.1535371371981863,0.032620229185495515,0.029485726909286965
1000,33.333332,released,unknown_no_ground_truth,0.4821062458238562,-0.06639091544680882,0.31983984402499627,0.04754715535171988,5.948128617301967,0.8680926,2.4413373,-1.0005263,0.24575633036606315,0.34703798110102957,0.19108899808116991,0.15453533164725863,0.03202736735952041,0.03514227827075119
1001,33.366665,released,unknown_no_ground_truth,0.48221067379980137,-0.06786399874734203,0.32071454210497574,0.059027092639266046,5.948128617301967,0.8680926,2.6788995,0.09813561,0.24737246324370207,0.17288660569505773,0.19217533292134478,0.1557619240630618,0.035438508859752374,0.047204975958491366
1002,33.4,released,unknown_no_ground_truth,0.4825227483575219,-0.06984438400670559,0.32168024402790285,0.07418106476193445,6.882439766560778,0.8680926,2.637713,-0.092341326,0.24937215121719175,0.13266184853989949,0.19345166914491632,0.15736238911422193,0.04169250734582158,0.061356052679690264
1003,33.433334,released,unknown_no_ground_truth,0.4829966706894275,-0.07228475254762654,0.32278765120890224,0.08580917573988356,7.563052853512658,0.8680926,2.3360412,-1.4874929,0.2517698785738124,0.4029021293356984,0.19495494137770364,0.15931303333214258,0.04789650682133271,0.07119788813913128
1004,33.466667,released,unknown_no_ground_truth,0.48354312230396773,-0.07495388092014868,0.32404165755966186,0.08995033353102425,7.827079290087058,0.8725984,2.3810399,-1.2793862,0.25442584904397053,0.6388831343745699,0.19664472067456334,0.16144152654310556,0.05238436137480772,0.0731227815779464
1005,33.5,released,unknown_no_ground_truth,0.4840234426659311,-0.07757044852934272,0.3254270324086307,0.08638041206773274,7.954012325369998,0.8725984,2.4603992,-0.9123705,0.25715414063486225,0.7993269937747043,0.1984471786266822,0.16354500707989894,0.05415451604006161,0.06729683485467958
1006,33.533333,released,unknown_no_ground_truth,0.4842897110045147,-0.07990385428593132,0.32688804315004,0.07957227500352647,8.223243086170658,0.8725984,2.3817115,-1.27628,0.25977260764225035,1.01607645090664,0.20025496642638912,0.16546829334594682,0.05520969064599775,0.05730302791310483
1007,33.566666,released,unknown_no_ground_truth,0.4841529579853804,-0.08187693420613362,0.32852180899073447,0.07507961760333978,8.223243086170658,0.8725984,2.5697055,-0.4068578,0.2623174902658113,1.2512324405999846,0.20212776827440207,0.16719698260364524,0.056982628032124345,0.04888690092464736
1008,33.6,released,unknown_no_ground_truth,0.48368224819580885,-0.08351145800527571,0.33030396516136384,0.07398240889792579,9.482941780932318,0.8725984,2.451164,-0.9550806,0.26477527876715234,1.459198241462317,0.20405375008883864,0.16872467312430928,0.0594942610251132,0.04397533094151294
1009,33.633335,released,unknown_no_ground_truth,0.48291614092525115,-0.0848067410553413,0.3322920505501734,0.07758220361458536,10.09717444955347,0.8725984,2.178347,-2.2167861,0.26718131619842383,1.6791888956811256,0.20609421433022368,0.17003243968469656,0.06466759176045395,0.04286141497428952
1010,33.666668,released,unknown_no_ground_truth,0.481976806311455,-0.0858882964244497,0.3345695594151068,0.08333588617169506,10.09717444955347,0.8725984,2.8054647,0.6834661,0.2696678451317715,1.9890300573043247,0.2083650953250518,0.1711862545539074,0.07156585483071452,0.04269892675900427
1011,33.7,released,unknown_no_ground_truth,0.4810121120726442,-0.08682343586988708,0.3371058597324403,0.08778031228974208,10.09717444955347,0.8725984,2.88849,1.0674356,0.27224277385761714,2.248902531602098,0.21086519821617022,0.17219754963107028,0.07799988447721812,0.040266626966077905
1012,33.733334,released,unknown_no_ground_truth,0.4801647847155729,-0.08765607989906513,0.33984560126034014,0.09148086792314263,10.09717444955347,0.8725984,2.5150957,-0.65941346,0.27487966538670994,2.5675261632533894,0.2135650079485616,0.17305726746669853,0.08470471274850298,0.03455229130123012
1013,33.766666,released,unknown_no_ground_truth,0.4795616184396386,-0.08837798661137174,0.34282186719361174,0.09557089814783078,8.618995019485428,0.8725984,2.2691379,-1.7969031,0.27757997909911214,2.740518261153007,0.21651209254228115,0.17370422729348362,0.09185962001860423,0.02637435843429542
1014,33.8,released,unknown_no_ground_truth,0.47925710835094315,-0.0889861888254955,0.3460100429472881,0.09774240502580268,8.618995019485428,0.8725984,2.7796183,0.56393296,0.2803192977592605,2.8663901636282625,0.21968888878411677,0.17411404550192075,0.09589685334435206,0.01890426562656929
1015,33.833332,released,unknown_no_ground_truth,0.4791460467180963,-0.08950215448083597,0.34922675525676516,0.09450034145148957,8.072421480778704,0.8725984,2.8186183,0.74429774,0.2829994839769371,2.9374996873221875,0.22290511814228461,0.17436173960243345,0.09370066642407202,0.012267829723830703
1016,33.866665,released,unknown_no_ground_truth,0.47925079186696573,-0.08987850458982174,0.3522464524293682,0.08882292862210317,8.072421480778704,0.8725984,2.2028878,-2.1032922,0.28542359164521597,2.9663391026264856,0.2259355041661193,0.17441265614873389,0.08857100917163342,0.006684981924108957
1017,33.9,released,unknown_no_ground_truth,0.47951232750360007,-0.09017086429139264,0.35509920643916315,0.08501798428111104,8.072421480778704,0.8725984,2.5650513,-0.42838207,0.287659105091967,2.90626017979887,0.2288100635822959,0.1743379349016646,0.08490130967625463,0.00445255729665038
1018,33.933334,released,unknown_no_ground_truth,0.4799483627875633,-0.0904129031688774,0.35784605386600454,0.08334408796776094,8.710073798230235,0.8725984,2.637435,-0.09362698,0.28977033676838854,2.8700782381360592,0.23159585810460886,0.17415569637440853,0.08295782440868951,0.008014759419652956
1019,33.966667,released,unknown_no_ground_truth,0.4806300840652937,-0.09063029886525317,0.360522375119407,0.08303099066076837,9.8252261349337,0.87319684,2.508494,-0.6899451,0.29179100265490904,2.857959680538799,0.23434050047015623,0.1738577552764151,0.08172142072577447,0.014688594373511873
1020,34.0,released,unknown_no_ground_truth,0.4815582033742155,-0.09084866188149684,0.363124143950893,0.08433795671017488,10.25741591163014,0.87319684,2.369734,-1.3316725,0.2937364339839358,2.916123875405429,0.237043869343231,0.17346843129626877,0.08163515723168972,0.021179991638445746
1021,34.033333,released,unknown_no_ground_truth,0.4827047652431426,-0.09113008231889896,0.3657240858376197,0.08664497832227143,10.37941713871037,0.87319684,2.4427207,-0.9941289,0.29570687555789715,3.040577121579596,0.23978276089728875,0.17305139071584294,0.08251861378510766,0.02642026963244558
1022,34.066666,released,unknown_no_ground_truth,0.48401140276756427,-0.09154534043893496,0.36830694621772964,0.08920334165817852,10.723494997297156,0.87321156,2.7335346,0.35080817,0.29774620412072733,3.24654059076162,0.24254502597149544,0.1726983278575343,0.08353169548025874,0.031300032159393205
1023,34.1,released,unknown_no_ground_truth,0.4854773063140652,-0.09213839594838136,0.3708874887805525,0.09243389406519352,11.237896648874152,0.87321156,2.565406,-0.4267414,0.299894897397191,3.562757611393998,0.24535145527039184,0.17245176972583565,0.0853282025520674,0.035540436425130995
1024,34.133335,released,unknown_no_ground_truth,0.4870303134026045,-0.0928707904365405,0.3735132729374004,0.09570065167587793,13.016366186368238,0.87321156,2.3177528,-1.5720718,0.3021730513658221,3.978433198422212,0.248233800877962,0.17230360725594832,0.08795595807654487,0.0377142435960845
1025,34.166668,released,unknown_no_ground_truth,0.4886329906144191,-0.09361933560367895,0.3762313655612383,0.09726026528164107,13.016366186368238,0.87321156,2.0292835,-2.9061656,0.30454173609568375,4.464880771042298,0.25121544033278176,0.17215246603688156,0.08971788426659104,0.03755343453509644
1026,34.2,released,unknown_no_ground_truth,0.49022382739404624,-0.09423374289790537,0.37898913140602986,0.09385972227288825,13.016366186368238,0.87321156,2.3577018,-1.3873186,0.30687199409922655,4.986540838316785,0.25421490151778026,0.17188718570254452,0.08695815562835288,0.035326005079245444
1027,34.233334,released,unknown_no_ground_truth,0.4917086249070676,-0.0945866711244801,0.3815939698339804,0.0825395840178658,13.016366186368238,0.87321156,2.424744,-1.0772666,0.30894500597725894,5.377004230254976,0.2570125618823793,0.17143966796790266,0.076280405028541,0.031529077666878624
1028,34.266666,released,unknown_no_ground_truth,0.4929425780621409,-0.09464757378002783,0.38375518283019683,0.06334585523382599,9.408652687424588,0.87321156,2.1517394,-2.33984,0.31052960299725135,5.629732157053613,0.25930018393445103,0.17085680831968741,0.05773376372941279,0.02606741070649672
1029,34.3,released,unknown_no_ground_truth,0.4938087995200257,-0.09449103440788752,0.38525645317979185,0.040294001111696245,5.226794834763704,0.87321156,2.1751316,-2.2316573,0.31151102478761944,5.754638312920204,0.2608614204907147,0.17026578594597158,0.03547882222140197,0.01910130098636039
1030,34.333332,released,unknown_no_ground_truth,0.49427569135937877,-0.09424244093141207,0.3860518073502496,0.01996843749173027,2.6460252839862575,0.87321156,2.242088,-1.9220011,0.31192870909892256,5.811451120538242,0.2616654025084634,0.1697961621774889,0.016043800738530633,0.011888437816780768
1031,34.366665,released,unknown_no_ground_truth,0.4944487896120817,-0.0940345652839088,0.3863307740849108,0.006200999146668068,0.9705523730355766,0.87321156,2.1664815,-2.2716615,0.31199913184037503,5.822655735367978,0.26193099081826726,0.16951582320865663,0.0028145316299149426,0.005525468497891056
1032,34.4,released,unknown_no_ground_truth,0.4944324988059686,-0.09392780736271637,0.3862692660311027,0.0018249516874741553,0.9705523730355766,0.87321156,1.9652294,-3.202399,0.31188583373433226,5.826237042620584,0.2618529862748957,0.16942782198646966,-0.00040957966468992726,0.0017783962325329116
1033,34.433334,released,unknown_no_ground_truth,0.4945153046433459,-0.09393502319586651,0.38630901873831025,0.01061463274287248,0.9705523730355766,0.87321156,1.8943661,-3.5301228,0.3119142121780364,5.8331529562680675,0.2619036898746741,0.16940169122141502,0.009034121585175884,0.005572708089458816
1034,34.466667,released,unknown_no_ground_truth,0.49487591220001825,-0.09405160019169245,0.3868066690560336,0.029213360590268477,0.9705523730355766,0.87321156,1.9949802,-3.0648093,0.3123427093777339,5.854209708042778,0.26245525181910684,0.169337559017463,0.026916379525037424,0.011354688469579323
1035,34.5,released,unknown_no_ground_truth,0.495495364798895,-0.09423081471508223,0.3879657785146138,0.04919239388212582,1.4946898767008068,0.87321156,2.0223863,-2.9380634,0.313302975832874,5.933615902276461,0.2636980876819209,0.16918059350478817,0.04719366228250707,0.013879836318158771
1036,34.533333,released,unknown_no_ground_truth,0.4961945961525197,-0.09440921331114638,0.3897879321708292,0.06572562077549751,3.5956026531745566,0.87321156,1.9331349,-3.3508275,0.3147744724076152,6.040501106451383,0.26560144776410394,0.1689344234462132,0.0646634276066738,0.011768532469299927
1037,34.566666,released,unknown_no_ground_truth,0.4967610858902232,-0.09453077943872476,0.3921498851561718,0.07563680312647532,4.854211734681036,0.87321156,2.316535,-1.577704,0.3166469266761164,6.040501106451383,0.26800891680359173,0.16863124469443752,0.07505636182403354,0.009352461544050604
1038,34.6,released,unknown_no_ground_truth,0.4969565023512935,-0.09453156381345577,0.3947709119875902,0.07750779766516984,6.000960073827004,0.87321156,1.992225,-3.0775511,0.318682530158252,6.040501106451383,0.2706051285508044,0.16831939707017676,0.07565482231005483,0.016846559296750743
1039,34.633335,released,unknown_no_ground_truth,0.4967323484026231,-0.09439804824068215,0.39731547839413117,0.07332786566315769,6.000960073827004,0.87321156,1.9439596,-3.3007662,0.3206150811209298,6.040501106451383,0.2730527458040259,0.16803638966325846,0.0689000308737668,0.025095051869005628
1040,34.666668,released,unknown_no_ground_truth,0.4962734262921181,-0.0941663394036985,0.39959792738568434,0.06647952955557908,4.854211734681036,0.87321156,1.9373317,-3.3314185,0.32230706226184747,5.884380090371546,0.2751987120905529,0.1677722004611115,0.06109470773660692,0.02621000832715806
1041,34.7,released,unknown_no_ground_truth,0.4959283844443395,-0.09390763105747632,0.40164616852611285,0.061030343755872976,4.720292075614493,0.87321156,2.204336,-2.0965948,0.3237964891922375,5.864380843486301,0.2771256639130522,0.1674680053442115,0.05756271214769666,0.020278979983259494
1042,34.733334,released,unknown_no_ground_truth,0.4959391448067536,-0.09369045601140258,0.40362477708808353,0.06029692776079253,4.720292075614493,0.87321156,1.881645,-3.5889547,0.32523515941918674,5.864380843486301,0.2790361674348322,0.1670829919103201,0.058430183208599135,0.014887349918631361
1043,34.766666,released,unknown_no_ground_truth,0.4963201755133481,-0.09350243459242849,0.4056261903521038,0.06270158343327456,3.544932461859057,0.87321156,1.8565332,-3.70509,0.3266876753106541,5.864380843486301,0.28102094977529124,0.16658950443312043,0.06048371214448823,0.016529038999971497
1044,34.8,released,unknown_no_ground_truth,0.4969400837544121,-0.09329132300929571,0.40766353446247205,0.0646455117230634,3.495154061677136,0.87321156,1.6005602,-4.888897,0.32814430793000493,5.842392682611008,0.28306835312850104,0.1659849218573185,0.06163688981830832,0.01949194704134118
1045,34.833332,released,unknown_no_ground_truth,0.49756688407498995,-0.0930207890289303,0.40972334631354096,0.06408451307996714,3.495154061677136,0.8732337,1.7232741,-4.3213778,0.3295907863959105,5.842392682611008,0.2851300128026052,0.16532078597762861,0.06089922105055494,0.019952686338739607
1046,34.866665,released,unknown_no_ground_truth,0.49790522981658003,-0.09263576136909113,0.4117733674789832,0.06149098156109973,3.544932461859057,0.8732337,2.169277,-2.2587333,0.330989463465319,5.842392682611008,0.28712823899147544,0.1646553955955101,0.05751163022521884,0.02176127758623565
1047,34.9,released,unknown_no_ground_truth,0.4978836881071702,-0.09215936003239839,0.4137188188117601,0.05780399686810075,4.720292075614493,0.8732337,1.8053312,-3.9418855,0.33228199533372926,5.842392682611008,0.28896424257661635,0.16404569770367916,0.051731979254277166,0.025789617607914195
1048,34.933334,released,unknown_no_ground_truth,0.4975798662595492,-0.09163590597718987,0.41548094670270075,0.05261549315114997,5.282187933469905,0.8732337,1.7335316,-4.2739396,0.3334247701578344,5.742909718754343,0.2905772294005614,0.16351437584719636,0.04429807430717254,0.02839138482383219
1049,34.966667,released,unknown_no_ground_truth,0.49714318350066855,-0.09110971800122607,0.41698278627149077,0.04654539982841976,5.282187933469905,0.8732337,1.4964466,-5.3703947,0.3343699557039342,5.608187930492568,0.29191740228103,0.1630567309955225,0.03721868994998624,0.02795073100286021
1050,35.0,released,unknown_no_ground_truth,0.496759532848686,-0.09056887032123243,0.4182768307064707,0.04040854666601919,5.282187933469905,0.8732337,1.8025744,-3.9546351,0.33513898992833774,5.52084100279883,0.2930584373792471,0.16258811411361038,0.03138301020721214,0.025455005676563294
1051,35.033333,released,unknown_no_ground_truth,0.4965789224293135,-0.0899727130444827,0.4193588588201085,0.03533964636893644,5.282187933469905,0.8732337,1.9895936,-3.089721,0.33569315638538333,5.460469780548925,0.2940095709045346,0.16201317063903445,0.02576563303492569,0.024187243741092712
1052,35.066666,released,unknown_no_ground_truth,0.49667852067770035,-0.08925903885535191,0.42023341788287605,0.03418858717454225,4.168756043007761,0.8732337,1.9213727,-3.4052248,0.335994264433049,5.434908028523322,0.29477611992927905,0.16124262727748184,0.02033378674998381,0.02748447942744154
1053,35.1,released,unknown_no_ground_truth,0.49701691865013226,-0.08837227285780211,0.4209213959895037,0.03638449194350678,4.088986093229521,0.8732337,1.843079,-3.7673123,0.336030911413268,5.466603255463519,0.29536513591740177,0.16023797898665085,0.015637188968648283,0.03285284729130634
1054,35.133335,released,unknown_no_ground_truth,0.49747082884316185,-0.08733393947797238,0.4214785736548854,0.038015711405996695,3.7250498558356497,0.8732337,1.6641023,-4.5950317,0.33587059844392914,5.507020974196233,0.29581860573782204,0.15906103042044614,0.011350544513493785,0.03628166827684779
1055,35.166668,released,unknown_no_ground_truth,0.4979451661110843,-0.08622235530627582,0.4218908746286094,0.03620815118554531,3.3365104176301514,0.8732337,1.7505422,-4.1952705,0.33555295861804213,5.545270424729405,0.29612190959088636,0.15782142661111787,0.006632331767723056,0.0355955388721418
1056,35.2,released,unknown_no_ground_truth,0.4983448417189925,-0.08518169816119057,0.4221347605139433,0.03038557186325987,3.3365104176301514,0.8732337,1.7373408,-4.256323,0.3351451494614863,5.578827174931905,0.2962607544142392,0.15669025688110885,0.001809134224227871,0.030331666799173058
1057,35.233334,released,unknown_no_ground_truth,0.49862698205094214,-0.0843407874919777,0.42220421747119674,0.022607891999884836,2.824010006628034,0.8732337,1.877686,-3.6072638,0.33471507594972166,5.602021178174348,0.29624251669118185,0.1558029312063891,-0.0016812780965723903,0.022545289633101696
1058,35.266666,released,unknown_no_ground_truth,0.4988097161940348,-0.08374851424669008,0.42217265661027137,0.014551582498460688,2.081645598941955,0.8732337,1.8753952,-3.6178584,0.33434757852041747,5.616975492195071,0.29614867092518543,0.15519106923954412,-0.002705939643208209,0.014297777584534653
1059,35.3,released,unknown_no_ground_truth,0.49892416640292203,-0.08342136661319818,0.4221180632473115,0.007579299548653876,0.8339138006484815,0.8732337,1.8113898,-3.913866,0.3341132200444438,5.618148755344634,0.296062123479019,0.1548510989614249,-0.001796590684445095,0.007363290267318677
1060,35.333332,released,unknown_no_ground_truth,0.49899730001006154,-0.08328585912529446,0.4220947508219975,0.0033559149893367776,0.5025091846110665,0.87324846,1.8308506,-3.8238652,0.3340139711313412,5.618153678797664,0.2960289000480624,0.15470043066282224,-0.00035038414929133724,0.0033375734244478657
1061,35.366665,released,unknown_no_ground_truth,0.4990448023167263,-0.08323331544633272,0.42210638979037823,0.0016750920963071617,0.4933170942493028,0.87324846,1.7956166,-3.9868128,0.3339914230307365,5.618148755344634,0.2960387648936418,0.15463285659375076,0.0006324382662763779,0.0015511142351419675
1062,35.4,released,unknown_no_ground_truth,0.49907457946710243,-0.08321767984392664,0.42213771720607174,0.0013124609908046637,0.44106749438444837,0.87324846,1.8066922,-3.9355912,0.3340068289479794,5.619500314638817,0.2960710451777148,0.15460432720742426,0.0008998810007052667,0.000955388945379654
1063,35.433334,released,unknown_no_ground_truth,0.4990933282977674,-0.08319318187603239,0.4221671776102529,0.0011270630764990378,0.44106749438444837,0.87324846,1.8524547,-3.723952,0.3340164822463741,5.605510441066817,0.2960987817577277,0.15457206039201227,0.0005459539144339222,0.0009860048183055463
1064,35.466667,released,unknown_no_ground_truth,0.499101904353645,-0.08316158757293768,0.4221795798909723,0.0014728438990778054,0.47231607363622174,0.87324846,1.8187073,-3.8800244,0.3340087030493532,5.592569189966012,0.2961074415476652,0.1545386578588253,0.00013116868651508225,0.001466991454211176
1065,35.5,released,unknown_no_ground_truth,0.4991155800676068,-0.08309964332614156,0.42218708487538703,0.002916010256023307,0.4933170942493028,0.87324846,1.8170481,-3.8876982,0.3339797116531184,5.585529017437436,0.29610752620284314,0.1544758256878165,0.0004124268297845186,0.0028866970612288025
1066,35.533333,released,unknown_no_ground_truth,0.49915514845229547,-0.08298086966067028,0.42222750243152973,0.004705777183892078,0.5025091846110665,0.87324846,1.7987392,-3.9723718,0.3339449003973967,5.572252233632945,0.296134936248367,0.154347970620293,0.0015857564197819625,0.004430543474739815
1067,35.566666,released,unknown_no_ground_truth,0.4992238190125818,-0.08283677555386107,0.42231975413762657,0.007062306219019811,1.346546660254856,0.87324846,1.8321817,-3.8177092,0.33393730037870634,5.531164062670283,0.2962132416776839,0.15418117926328223,0.003257291147357507,0.00626627668656215
1068,35.6,released,unknown_no_ground_truth,0.49933651051383376,-0.0826257974451449,0.4224778953113856,0.010408306694020694,1.5763018994190467,0.87324846,1.8922065,-3.54011,0.3339447517869385,5.478061424134753,0.29635208566428095,0.153930304256409,0.004844433754987212,0.009212182685462578
1069,35.633335,released,unknown_no_ground_truth,0.4994924045546018,-0.08231583875041952,0.422691242441388,0.014523229315275497,1.9766017527302975,0.87324846,1.9394801,-3.3214827,0.33394096688001623,5.438790406625206,0.29653620089995264,0.1535670893016568,0.005722490575767105,0.013348306684907052
1070,35.666668,released,unknown_no_ground_truth,0.4996866222491495,-0.08184826691848701,0.42293656752943365,0.019443339957061646,2.2278557766611415,0.87324846,1.9280933,-3.3741434,0.3338750616162407,5.4257983345163625,0.29673362131361714,0.15304154583431054,0.005492355894187647,0.01865147434969826
1071,35.7,released,unknown_no_ground_truth,0.49990453649011996,-0.08118752277362515,0.4231782660860961,0.02512556795696132,2.245875964941753,0.87324846,2.1101167,-2.5323336,0.3336994988739412,5.423496801709208,0.29690235234925805,0.15232973681522755,0.004110353211622571,0.024787076504412246
1072,35.733334,released,unknown_no_ground_truth,0.5001360589008954,-0.08029893382074119,0.42338738846273977,0.031056659526748995,2.996425494424084,0.87324846,2.0500758,-2.810007,0.3333727717390077,5.4310492189855495,0.29700764066243357,0.1514062955265841,0.0020815720239080668,0.03098682234224239
1073,35.766666,released,unknown_no_ground_truth,0.5003709255661791,-0.07920550035363971,0.42355333304006826,0.0353651369400881,3.1430526870317546,0.87324846,1.9668248,-3.1950207,0.33290049882509726,5.435856808398759,0.2970411216912438,0.15029741894791895,6.776321398064503e-05,0.03536507201940943
1074,35.8,released,unknown_no_ground_truth,0.500594283263015,-0.07800398163538312,0.4236732025998419,0.035368967349254044,3.1430526870317546,0.87324846,1.879793,-3.5975194,0.33233489491462576,5.435998983722246,0.2970121581408138,0.1490981565763025,-0.0014110107950291695,0.035340810685224947
1075,35.833332,released,unknown_no_ground_truth,0.500780026178822,-0.0768915334919067,0.4237479172506196,0.030534174479581982,3.1430526870317546,0.87324846,1.9161669,-3.4292998,0.33178519472429807,5.461087442863147,0.2969470557462215,0.1479995321678106,-0.0019596056257483803,0.03047122834644332
1076,35.866665,released,unknown_no_ground_truth,0.500922358195836,-0.07599872190121928,0.42379521888193694,0.022418052721242587,3.1430526870317546,0.87324846,1.9137576,-3.4404426,0.33133589955840925,5.479976339762506,0.29688151976745303,0.14712185954761337,-0.0017063733621939035,0.022353017195922507
1077,35.9,released,unknown_no_ground_truth,0.5010119494426044,-0.07541687618675581,0.423820816009199,0.013363271365818665,2.022980256308669,0.87324846,1.9053506,-3.4793227,0.3310398804102984,5.491919875333547,0.2968332729288071,0.1465517332017501,-0.0010934606489582481,0.013318459573302343
1078,35.933334,released,unknown_no_ground_truth,0.5010575547728995,-0.07511893893865443,0.42383403055126695,0.005782171550874845,0.8264668472557609,0.8732633,1.8391533,-3.7854674,0.33088871227322625,5.495650970268048,0.29680863841987903,0.14625994690677083,-0.00042231302179280043,0.005766728670170866
1079,35.966667,released,unknown_no_ground_truth,0.5010719714352457,-0.07503663009284767,0.42384079307509204,0.0009357478452621962,0.165216464723735,0.8732633,1.812999,-3.906424,0.33084950216399023,5.495786163798803,0.2968051191587367,0.14617836475801851,3.5121363684644755e-05,0.000935088509033115
1080,36.0,released,unknown_no_ground_truth,0.501070963970872,-0.07505877224041234,0.42384360682044275,0.0010316965094198918,0.04785473309123865,0.8732633,1.8231999,-3.8592477,0.33086378406802763,5.495984311884181,0.2968109798082491,0.14619878889061147,0.0001610234334655909,0.0010190530611426183
1081,36.033333,released,unknown_no_ground_truth,0.5010644228973012,-0.07510497040690647,0.42384256295417655,0.0010780139860905931,0.04785473309123865,0.8732633,1.8501792,-3.7344756,0.3308880195478756,5.4962464402678135,0.29681585388981957,0.1462437361392707,1.181135253368234e-05,0.0010779492781009014
1082,36.066666,released,unknown_no_ground_truth,0.5010546392303816,-0.07512836709694612,0.42383620058567073,0.0004975047766593297,0.04785473309123865,0.8732633,1.8131355,-3.9057927,0.3308957598464539,5.496212741851802,0.29681176721968633,0.1462695413416233,-1.2624245782325895e-05,0.0004973445799616971
1083,36.1,released,unknown_no_ground_truth,0.5010564922804328,-0.07513685043434679,0.4238380039676788,0.0009186770342932599,0.04785473309123865,0.8732633,1.7758067,-4.0784287,0.33090171289542947,5.496263979105221,0.2968150122863294,0.14627642352271045,0.0006227218156979019,0.0006754147123003524
1084,36.133335,released,unknown_no_ground_truth,0.5010761785480846,-0.07517561356992528,0.42386865433869636,0.002780120831351479,0.1064243602102684,0.8732633,1.7572597,-4.164203,0.3309471384397552,5.496839544217725,0.29685326596516115,0.1463015616023282,0.0019850256095971077,0.0019464699242880865
1085,36.166668,released,unknown_no_ground_truth,0.5011112294119775,-0.07527816607739812,0.42394473763598645,0.00504906497724163,0.3165977684256162,0.8732633,1.772748,-4.092574,0.33106410682082266,5.499359280707495,0.29694736828737706,0.1463752140639595,0.003559519687224807,0.0035809044584667474
1086,36.2,released,unknown_no_ground_truth,0.5011545405936845,-0.07544057853228747,0.4240608832716972,0.007168561483139418,0.9690693350008505,0.8732633,1.724658,-4.3149776,0.33124642275168364,5.510005885265583,0.29709056364168057,0.1464970633864572,0.005091770600437544,0.005046002961757938
1087,36.233334,released,unknown_no_ground_truth,0.5012274935232064,-0.07565106789267889,0.42422007782822413,0.00898026303289433,1.1544671601345426,0.8732633,1.7488395,-4.2031446,0.33148906827037256,5.521654372248027,0.29728681445962063,0.14664771505622187,0.006714952268452633,0.005962762796923194
1088,36.266666,released,unknown_no_ground_truth,0.5013457906278214,-0.07587324113689659,0.42442781417180314,0.010416921213819643,1.1581843163331016,0.8732633,1.7642428,-4.131909,0.33177628579127005,5.53264976719738,0.2975382202670848,0.14678729949742322,0.008437653083437809,0.006108867163269976
1089,36.3,released,unknown_no_ground_truth,0.5015097879656627,-0.07607326841375309,0.4246937005100617,0.011625796990949556,1.1652609845061466,0.8732633,1.777621,-4.070038,0.3320980467613121,5.545764390691609,0.2978493160463272,0.14688395961919642,0.010055265047136719,0.005835306376412671
1090,36.333332,released,unknown_no_ground_truth,0.5017054631034938,-0.0762372919762373,0.425009872284949,0.012668547464446315,1.3439823729422458,0.8732633,1.7115847,-4.375438,0.33244115447148676,5.578687304452074,0.2982085609990204,0.14693119251278286,0.011355432197517822,0.005616605243962293
1091,36.366665,released,unknown_no_ground_truth,0.5019256654626894,-0.07636811396817748,0.42536704169218587,0.01321179337349013,1.3439823729422458,0.8732633,1.6776055,-4.5325828,0.3327997662483296,5.61358948098179,0.29860633326019925,0.14693516308849178,0.012059172258210717,0.0053970221966005314
1092,36.4,released,unknown_no_ground_truth,0.502139405090325,-0.07648246447747112,0.4257360859874916,0.012300178579090888,1.3439823729422458,0.8732633,1.6482424,-4.66838,0.333160104985366,5.643239668241661,0.29901251867005324,0.14692572692503902,0.01138723474260686,0.004650298699470136
1093,36.433334,released,unknown_no_ground_truth,0.5023089208503182,-0.07658718627549485,0.4260581676508443,0.009558802614363135,1.3439823729422458,0.8732633,1.6419574,-4.697446,0.33347831243918663,5.665267316820604,0.29936554209476607,0.14692874828839542,0.008937587202571933,0.0033897260091013126
1094,36.466667,released,unknown_no_ground_truth,0.5024104978720697,-0.07667686687357794,0.4262790371830484,0.00597533016790131,0.9582499730940138,0.8732633,1.6253407,-4.774294,0.33370696072194506,5.677352179617355,0.29960834868736497,0.14695296196779473,0.005376903684225042,0.0026064300078840943
1095,36.5,released,unknown_no_ground_truth,0.5024610054094165,-0.076773000792864,0.42637601253396046,0.003401327211221784,0.8509248221822958,0.8732633,1.5633895,-5.0608015,0.33383744585997627,5.6777866796524625,0.2997239968480057,0.1470134890809999,0.0017469623981634173,0.0029184155251096235
1096,36.533333,released,unknown_no_ground_truth,0.5024774861226136,-0.07687818535540457,0.4263590357104824,0.003713630582744483,0.8509248221822958,0.8732854,1.5354037,-5.1902285,0.3338786069223039,5.678238103872774,0.29972481106276333,0.14710527452735736,-0.00025935760210399903,0.003704562827018324
1097,36.566666,released,unknown_no_ground_truth,0.5024949495717412,-0.07701138903934862,0.4263184753771682,0.004777439731249688,0.8509248221822958,0.8732854,1.436743,-5.6465077,0.33391490228916276,5.67864861251045,0.29970670660612614,0.14722449519726852,-0.001550379215743129,0.00451887758996798
1098,36.6,released,unknown_no_ground_truth,0.502492424103724,-0.07715920904067411,0.42620990782201035,0.006331382550784956,0.8509248221822958,0.8732854,1.4621227,-5.529134,0.3339029037763829,5.672946830217381,0.29962145403205476,0.14737073465928613,-0.003564205329267324,0.005232862063460742
1099,36.633335,released,unknown_no_ground_truth,0.5024699097185626,-0.07732164535938112,0.42603333304500923,0.008172627516743698,1.0553319530223997,0.8732854,1.425267,-5.6995816,0.33384269239507974,5.667248368119696,0.29946905334054963,0.14754399125993195,-0.005579452069696344,0.005971729659771737
1100,36.666668,released,unknown_no_ground_truth,0.5024274064162572,-0.07749869799546967,0.4257887510461649,0.009147656662240858,1.0553319530223997,0.8732854,1.4566088,-5.554634,0.33373437538315015,5.662319409952752,0.2992495045316108,0.14774426334029642,-0.006586564771167256,0.006347975025585559
