frame_index,time_s,stage,contact_state,tcp_x_m,tcp_y_m,tcp_z_m,speed_m_s,angular_speed_deg_s,gripper_state,aux_action_tail_norm,aux_action_tail_robust_z,reference_distance_m,reference_axis_error_deg,axial_distance_proxy_m,lateral_distance_proxy_m,axial_velocity_m_s,lateral_speed_m_s
0,0.0,approach,unknown_no_ground_truth,0.5187541846808518,-0.08944880050787936,0.4056907364321745,0.01367798068249811,0.6732401490324748,0.87400186,1.4197917,-6.002232,0.3234332828187121,6.609135461689807,0.283380302180734,0.15589962402406526,-0.010626635628218126,0.00861172286919851
1,0.033333335,approach,unknown_no_ground_truth,0.5185318991890769,-0.08962311467570429,0.40533285604712443,0.01324708018302636,0.6732401490324748,0.87400186,1.4574498,-5.756015,0.32324953623629027,6.593004754348318,0.2830260809746526,0.1561617756210083,-0.00946309490713512,0.009270111550250246
2,0.06666667,approach,unknown_no_ground_truth,0.5183330654729038,-0.08987189491408015,0.4050399033034648,0.01289208659205971,1.467666254111309,0.87400186,1.5273303,-5.29912,0.3231626314373084,6.560702586758034,0.2827494291468151,0.15648273602744744,-0.007136248898252914,0.010736845363483159
3,0.1,approach,unknown_no_ground_truth,0.5181576835323325,-0.09019514122300695,0.4048118782011956,0.01324670969978167,1.6461894297255857,0.87400186,1.5002991,-5.475856,0.3231725986653726,6.526142407570799,0.2825503466972215,0.15686245602249746,-0.004808918401379763,0.012342998893265806
4,0.13333334,approach,unknown_no_ground_truth,0.5180057533673623,-0.09059285360248465,0.4046487807403162,0.015376161120037094,1.6604307590285847,0.87400186,1.5524241,-5.135051,0.32327947677714464,6.510402891026175,0.2824288336258711,0.15730090286465118,-0.003189761210846971,0.015041667268195918
5,0.16666667,approach,unknown_no_ground_truth,0.5178418905742661,-0.09111885663631689,0.4044991360345752,0.017281423239266028,1.7199655952158859,0.87400186,1.5000883,-5.477234,0.3234744454643859,6.505028768256853,0.2823376968700898,0.1578643145064307,-0.0009632529759435312,0.017254556872866363
6,0.2,approach,unknown_no_ground_truth,0.5177280090876611,-0.09169421481682463,0.40445594866519696,0.017619005507139986,1.7543510873887715,0.87400186,1.6033176,-4.8022966,0.32378469863935916,6.499742835510459,0.2823646167608082,0.15845111004503112,0.002953436621190044,0.017369702564674
7,0.23333333,approach,unknown_no_ground_truth,0.5176862000365762,-0.09228209703573564,0.40454728426533815,0.017263351306652512,1.860819166103757,0.87400186,1.7337766,-3.9493253,0.32421026660357083,6.499742835510459,0.28253459264483577,0.159017297581663,0.006920294685214342,0.015815587874204843
8,0.26666668,approach,unknown_no_ground_truth,0.5177192484300202,-0.09280350641574742,0.40476244842391984,0.0159659201428737,1.860819166103757,0.87400186,1.8302274,-3.3187072,0.32469486060501807,6.514901606507384,0.2828259679869186,0.15948737986303055,0.009976714032290458,0.01246498227541936
9,0.3,approach,unknown_no_ground_truth,0.5178081184006833,-0.09319959721870495,0.4050728969613434,0.014863651223831384,1.860819166103757,0.87400186,1.9480653,-2.5482554,0.32518016226944524,6.550188119323665,0.28319970889994533,0.15981258652737265,0.012329556147648557,0.008301215146331644
10,0.33333334,approach,unknown_no_ground_truth,0.5179509266196466,-0.09345381898231839,0.40547330816536364,0.015031655255949405,1.860819166103757,0.87400186,2.0250862,-2.0446746,0.3256518521298837,6.600797133354302,0.2836479383967619,0.1599780479906241,0.014215921756922701,0.00488448854382557
11,0.36666667,approach,unknown_no_ground_truth,0.5181452982804264,-0.09357389821938787,0.4059391726934035,0.01647100793475653,1.860819166103757,0.87400186,2.1957028,-0.9291431,0.3260951022987333,6.649429645558071,0.28414743701707357,0.159994530468543,0.015690432933178355,0.005010430795475047
12,0.4,approach,unknown_no_ground_truth,0.518411203805936,-0.09366072990229957,0.4064485437005743,0.019067406358143028,2.130287179349754,0.87400186,2.2133355,-0.8138562,0.32655301206286846,6.698379088939091,0.2846939672589738,0.15995691511678486,0.01740747734503897,0.007781112883675971
13,0.43333334,approach,unknown_no_ground_truth,0.518792110579178,-0.09386444211739925,0.4069941925589706,0.024041835142583966,2.6167941778304438,0.87400186,2.230188,-0.7036714,0.3271097464745184,6.771282241726419,0.28530793550674277,0.16000052554758695,0.019989397284389716,0.013357912757239375
14,0.46666667,approach,unknown_no_ground_truth,0.5193060213477468,-0.0943467245810885,0.40758768613088436,0.03199210903312413,3.947020678646743,0.87400186,2.3004897,-0.24402186,0.3278716279512343,6.881740558790281,0.2860265937445997,0.16027661116411948,0.023287319514963985,0.0219361753775648
15,0.5,approach,unknown_no_ground_truth,0.5198874650576925,-0.09521160434835224,0.408232828637913,0.04055381646655942,5.557301247517187,0.87400186,2.353486,0.102481045,0.3289048728310996,7.0599652271777975,0.28686042347440704,0.16090218400048414,0.025564123003130268,0.03148154451554453
16,0.53333336,approach,unknown_no_ground_truth,0.5204172856820112,-0.09645396965534703,0.40886589461884126,0.046486524019919165,5.557301247517187,0.87400186,2.314301,-0.15372,0.3301566020159655,7.271283957900593,0.2877308348187374,0.16190845731227604,0.024970853555122005,0.03921037347671114
17,0.56666666,approach,unknown_no_ground_truth,0.5207928647873873,-0.0979332735085275,0.40940638519456096,0.04743059263828252,5.557301247517187,0.87400186,2.2738268,-0.41834968,0.3314791561142665,7.422849748961053,0.2885251547373653,0.16319211384747023,0.020881763876008708,0.04258653608178667
18,0.6,approach,unknown_no_ground_truth,0.520944904341104,-0.09943703362331066,0.4097722113175567,0.04214273267976746,5.557301247517187,0.87400186,2.2264657,-0.7280079,0.33267974115868654,7.489989622810271,0.2891229442964758,0.1645713622072431,0.013734124908362273,0.03984198452286034
19,0.6333333,approach,unknown_no_ground_truth,0.5208752376953777,-0.10069452549786981,0.40991834047761533,0.032081570854571945,4.438286301409942,0.87400186,2.1698613,-1.0981007,0.3335587642815954,7.489989622810271,0.2894407711898909,0.1657874820427229,0.0056177876543639736,0.03158587738796242
20,0.6666667,approach,unknown_no_ground_truth,0.5206708935247908,-0.1015556930362739,0.4098748579580338,0.020895810215262968,2.7138447742290395,0.87400186,1.9899517,-2.274392,0.33404823691724145,7.491293297804385,0.289497455294559,0.16667167715449516,-0.0007947183901279311,0.02088069221153074
21,0.7,approach,unknown_no_ground_truth,0.5204933794535878,-0.10201907023010737,0.409717437654373,0.011015654645227363,2.7138447742290395,0.87400186,1.7682168,-3.7241466,0.33420612879828476,7.495697692215081,0.2893877979544504,0.16717786612291097,-0.004305381438908848,0.010139444655819093
22,0.73333335,approach,unknown_no_ground_truth,0.5204768899734793,-0.10216681397456953,0.4095167958901911,0.006721809750134755,2.7138447742290395,0.87400186,1.7163582,-4.063211,0.3341375300883973,7.506970532099803,0.2892104220736582,0.1673476046364306,-0.005273242228802476,0.004168410094194303
23,0.76666665,approach,unknown_no_ground_truth,0.5206642888585274,-0.1021341703345807,0.40931950297586095,0.010621518111556483,2.7138447742290395,0.87400186,1.5357744,-5.2439103,0.3339614892537405,7.506970532099803,0.2890362561756841,0.16729709776478646,-0.004980326918383627,0.009381523905003165
24,0.8,approach,unknown_no_ground_truth,0.5210523732199834,-0.1020568301409545,0.4091191449319169,0.01593497927872293,2.000415502369767,0.87400186,1.4172922,-6.018574,0.33375610757163693,7.573144838320333,0.2888783926454809,0.16715984447209048,-0.005589207561412388,0.014922611147141098
25,0.8333333,approach,unknown_no_ground_truth,0.5215998881870848,-0.1019841394151645,0.4088391887546685,0.02100589881477534,1.7591064303508752,0.87400186,1.2199519,-7.308832,0.3334915673232276,7.689181050036074,0.2886636501444421,0.16700276213581014,-0.008993498433838025,0.018983276085468837
26,0.8666667,approach,unknown_no_ground_truth,0.5222301688308378,-0.1019338896707634,0.4083716320036389,0.02737373725052716,1.7591064303508752,0.87400186,1.1869811,-7.5244026,0.33309380315672676,7.790886808129413,0.28827881814072587,0.16687361898394404,-0.01563769492059269,0.022467398350306783
27,0.9,approach,unknown_no_ground_truth,0.5229484607245404,-0.10189177195878006,0.4076131617722335,0.03610702249965328,2.8988761362937687,0.87400186,1.094606,-8.128372,0.3324732563576793,7.8254934717719875,0.2876211453734359,0.16677092950257255,-0.024091208909279217,0.02689480855258007
28,0.93333334,approach,unknown_no_ground_truth,0.523791377755095,-0.1018549730729119,0.406541141088671,0.04728238262643205,3.088010741604395,0.87400186,1.0622735,-8.33977,0.3316120248363194,7.856594521352056,0.286672729470051,0.16668917539610867,-0.03346460168270696,0.03340275648880029
29,0.96666664,approach,unknown_no_ground_truth,0.5248467720451695,-0.10184082575675349,0.4050972291658135,0.06097943532066107,3.088010741604395,0.87400186,1.2265035,-7.265996,0.3304781621779145,7.897691149389133,0.28539018031076613,0.1666381128634154,-0.04361748286762906,0.04261463035529902
30,1.0,approach,unknown_no_ground_truth,0.5261951511315575,-0.10184545008858552,0.4032626629343533,0.07354356301379752,3.088010741604395,0.87400186,1.1984662,-7.4493103,0.3290600490780784,7.963715312133292,0.2837648892278089,0.16660733339441186,-0.05168810864801461,0.052316298465730965
31,1.0333333,approach,unknown_no_ground_truth,0.5278112219207458,-0.101862078720687,0.4011920985302901,0.08213716065789439,4.121272040389944,0.87400186,1.0725372,-8.272664,0.3274803506388003,8.097244585982747,0.2819443145675853,0.166585664261743,-0.054556759483146026,0.06140092145594324
32,1.0666667,approach,unknown_no_ground_truth,0.5297320765182809,-0.10189850427200844,0.3990827203738627,0.08656325320611868,4.6333341020409895,0.87400186,1.5617198,-5.074273,0.3259048111938265,8.23419022807172,0.2801277839693011,0.16656041128591242,-0.05229340960945777,0.06898257835891672
33,1.1,approach,unknown_no_ground_truth,0.5318699021896041,-0.10196010502191098,0.3970908032180369,0.09081211001250444,4.726685112449099,0.87400186,1.5139929,-5.3863225,0.32446133682271605,8.364071340624427,0.27845806865080713,0.16654207605300947,-0.05062732554776736,0.07539040544262642
34,1.1333333,approach,unknown_no_ground_truth,0.5342327610844424,-0.10200813914284579,0.39503495894261725,0.09754092332785635,4.834412633558856,0.87400186,1.594632,-4.859085,0.3229893102001956,8.473407755309863,0.2767526319369927,0.16652349749973913,-0.054568552696921936,0.08084865354607958
35,1.1666666,approach,unknown_no_ground_truth,0.5367049833130323,-0.10199329705861719,0.3927426670805938,0.10817208314442348,5.800728087404497,0.87400186,1.3445826,-6.4939675,0.3213243518120597,8.595436839928349,0.27482016837575957,0.1665028952341655,-0.06835348509683693,0.08383913553299889
36,1.2,approach,unknown_no_ground_truth,0.5391579317822082,-0.10182320350456131,0.3897705526351786,0.12808701244049317,6.46329619097843,0.87400186,1.5544082,-5.122078,0.31906436617417905,8.72132045996644,0.27219574145471137,0.1664678590480773,-0.09559028494557195,0.08525714151879249
37,1.2333333,approach,unknown_no_ground_truth,0.5415020494474634,-0.10142047772440119,0.3857015781733574,0.15556548230639639,8.398236571314616,0.87400186,1.5412499,-5.2081103,0.31584191717745896,8.87126362197264,0.2684474664424674,0.16640935793083625,-0.13035615665574038,0.08489930333734078
38,1.2666667,approach,unknown_no_ground_truth,0.5436436051121487,-0.10075954178877322,0.38048047863162215,0.18654209118725357,13.26586579147329,0.87400186,1.5092947,-5.4170403,0.3116031715548991,8.721185241362454,0.2635053387462883,0.16631738626877146,-0.16673617321233858,0.08364807425768182
39,1.3,approach,unknown_no_ground_truth,0.5455996347030737,-0.09983728671978792,0.37406712118203866,0.2173003240564385,17.097496655021143,0.8740093,1.7693944,-3.7164476,0.30633161618681765,8.45795324301797,0.2573317314557165,0.1661909716610105,-0.19924230059892573,0.08672909827203616
40,1.3333334,approach,unknown_no_ground_truth,0.5476677498906655,-0.09875007138494324,0.36670976031085645,0.23839212465662682,17.097496655021143,0.8740093,1.878808,-3.0010755,0.3003225150950284,8.245068965945965,0.25022251830964803,0.16607921123301805,-0.21826266049275375,0.09587604566796452
41,1.3666667,approach,unknown_no_ground_truth,0.5500652356346536,-0.09763744614019765,0.3589740413896868,0.24588825280364798,17.097496655021143,0.8740093,1.6704729,-4.3632197,0.2941335699883181,8.142269161778927,0.2427808619891476,0.16604821602739156,-0.21998669935415752,0.10984937402686565
42,1.4,approach,unknown_no_ground_truth,0.5530412032060441,-0.09661020587764782,0.3513715010111976,0.24046596434866552,17.097496655021143,0.8740093,2.1676726,-1.1124108,0.2882626502324964,8.194884320999162,0.2355567514066451,0.1661576732679252,-0.20523275138249858,0.12531319870669333
43,1.4333333,approach,unknown_no_ground_truth,0.5565845292069069,-0.09575335470267084,0.3444501446831831,0.2230060672079858,12.07147936966481,0.8740093,2.555788,1.425179,0.2831798053527517,8.502024980763755,0.22909869074209396,0.16644696470612116,-0.17826806887069424,0.13398582623802452
44,1.4666667,approach,unknown_no_ground_truth,0.5603605110671417,-0.09510955218882697,0.33851825854851014,0.19604053029506635,10.75085320863345,0.8740093,2.3425496,0.030975645,0.2790931676726358,8.797440130968859,0.22367222045404492,0.16692433626857153,-0.145289111636606,0.1316167297808932
45,1.5,approach,unknown_no_ground_truth,0.5640284066783556,-0.09460910252532045,0.33376893990495093,0.1616740265095237,10.56546730406992,0.8740093,2.470468,0.86733675,0.2760195661674792,9.0611973911722,0.2194127241663482,0.16746598872960872,-0.10966055368952628,0.1187983746198099
46,1.5333333,approach,unknown_no_ground_truth,0.5672702393971515,-0.09412156082590832,0.3303054398423415,0.12921230494773728,8.868646283025093,0.8740093,1.6276977,-4.642894,0.27384831164848433,9.267230539002012,0.21636152338196563,0.16787075085481848,-0.08098212272468737,0.10068622323292659
47,1.5666667,approach,unknown_no_ground_truth,0.5699861327253404,-0.09346395278207172,0.3276535555359651,0.10817156852736348,8.868646283025093,0.8740093,1.8795205,-2.996417,0.2720686494255539,9.428234210509265,0.2140139269403242,0.16798627645086525,-0.06695334518164164,0.08496080158907424
48,1.6,approach,unknown_no_ground_truth,0.5722466846395486,-0.09250811459320059,0.32534190607464986,0.10017507514135031,8.868646283025093,0.8740093,2.0569673,-1.8362286,0.27025648029490323,9.573322423031685,0.21189794938606993,0.16774332829465377,-0.066733530943611,0.07471065203418652
49,1.6333333,approach,unknown_no_ground_truth,0.5741071167040132,-0.09119085593297702,0.32291534433492397,0.10368573458633433,8.868646283025093,0.8740093,2.0958984,-1.5816877,0.2680573317821734,9.635021533920366,0.2095650288373633,0.16714434423746827,-0.07779510525232675,0.06854672242702177
50,1.6666666,approach,unknown_no_ground_truth,0.5756159179426702,-0.08962022209203016,0.3200419732512597,0.11642382110661316,9.804216535842107,0.8740093,1.7996607,-3.5185595,0.2653307310524704,9.676044909639803,0.2067116136522516,0.16634514006162202,-0.09729178957601516,0.06394383318320113
51,1.7,approach,unknown_no_ground_truth,0.5768877473613263,-0.08799029116399087,0.31641405106054654,0.1334726770148007,11.193104052048943,0.8740093,1.4325517,-5.918804,0.26203729721290236,9.691215137864384,0.20307891392099206,0.16559740291234407,-0.12033604135548381,0.05774246842999176
52,1.7333333,approach,unknown_no_ground_truth,0.57793984474242,-0.08657187653514414,0.31201173498723767,0.14966583500035424,11.193104052048943,0.8740093,1.5008348,-5.4723535,0.25837340518539714,9.684657288221807,0.19868919408929464,0.16516482875976957,-0.14072294268413885,0.050959940822864244
53,1.7666667,approach,unknown_no_ground_truth,0.5788926164004591,-0.08554728216610005,0.30695006813013936,0.16188747961819935,11.193104052048943,0.8740093,2.158866,-1.1699911,0.25459209659710635,9.699858417078724,0.1936973927591709,0.1652224430518137,-0.1540116629358279,0.04987949214731294
54,1.8,approach,unknown_no_ground_truth,0.5799159863388241,-0.08501032541631273,0.30151724871768415,0.16932284919151996,11.193104052048943,0.8740093,2.0488183,-1.8895081,0.25101176549274945,9.790394352617513,0.18842175903257594,0.16584374314051445,-0.1594521691452912,0.05696694667257196
55,1.8333334,approach,unknown_no_ground_truth,0.5811689492824166,-0.08487414336957033,0.2959142841635174,0.17054170175631483,7.93029097136119,0.87400186,2.0352778,-1.9780391,0.24775894522921657,9.953478363884262,0.18306725091568843,0.1669457294550127,-0.1572688900679114,0.06596186970323872
56,1.8666667,approach,unknown_no_ground_truth,0.5826538979117091,-0.08491883002895326,0.2904827515839637,0.16342670878897494,6.688986760192643,0.87400186,1.9088451,-2.8046863,0.24489646377483767,10.132281582683829,0.1779371445530973,0.1682636340915961,-0.14779477546802172,0.0697495053025716
57,1.9,approach,unknown_no_ground_truth,0.5842480835043593,-0.08488758103380106,0.28546334890051606,0.14987293560272347,6.542109004764741,0.87400186,1.716325,-4.0634274,0.24233978994626088,10.326390270149819,0.173214274654582,0.16948565970926532,-0.1346227325426664,0.0658681767542097
58,1.9333333,approach,unknown_no_ground_truth,0.5857289607522624,-0.08455984169907443,0.28098298365264285,0.13156677767458896,6.542109004764741,0.87400186,2.3044279,-0.218273,0.23991469280141187,10.496934568836268,0.16896230370538975,0.17032556986126146,-0.11903374892905665,0.0560426944709926
59,1.9666667,approach,unknown_no_ground_truth,0.5869248982675752,-0.08388531636821922,0.27717102210966654,0.11072160387740354,6.453294401481624,0.87400186,2.0765684,-1.708072,0.2375782919274822,10.610983583142342,0.16527869817777463,0.17066457372237523,-0.10069667935245734,0.04603751006052627
60,2.0,approach,unknown_no_ground_truth,0.5878516471017907,-0.08293912631468543,0.2741016083181342,0.0887874022058414,5.952592384131264,0.87400186,1.7579892,-3.7910178,0.2354035711187149,10.690093176419538,0.16224917219958593,0.17055804705727892,-0.07955343630513134,0.0394265591005259
61,2.0333333,approach,unknown_no_ground_truth,0.5885690729723767,-0.08189532225820081,0.2718443902041242,0.06754032748505379,5.744686763333795,0.87400186,2.0926738,-1.602771,0.23355818770882497,10.743188462982294,0.15997514047810815,0.17016868535321147,-0.05737190280163859,0.035639312643591284
62,2.0666666,approach,unknown_no_ground_truth,0.5892391680804273,-0.08092834695409265,0.2703193180696223,0.05285189352026393,5.744686763333795,0.87400186,2.0607555,-1.8114603,0.2321678477712682,10.784521578876108,0.1584243820839072,0.16971630652378386,-0.03906567207443939,0.03559769534744747
63,2.1,approach,unknown_no_ground_truth,0.5900708163172022,-0.08001293932366493,0.26927220307235206,0.04835809429680229,5.952592384131264,0.87400186,2.0746636,-1.7205255,0.2311310622362497,10.832688363940605,0.1573707646579568,0.16928086236024176,-0.02663927676599212,0.04035906611163463
64,2.1333334,approach,unknown_no_ground_truth,0.5911543754789983,-0.0790438234961367,0.2685377558121229,0.05324158730075365,7.2217835165716835,0.87400186,2.0192719,-2.08269,0.23030348694823827,10.884826124639241,0.1566484280097762,0.16882229148599814,-0.02107859471893065,0.04889130252896564
65,2.1666667,approach,unknown_no_ground_truth,0.5925463950936785,-0.0779204522224749,0.26782597451877055,0.06492405527078038,8.80457092253922,0.87400186,1.9668608,-2.425366,0.2294722577704216,10.975777970881934,0.15596552099370947,0.16832193364922943,-0.026220346823631824,0.05939382430229431
66,2.2,approach,unknown_no_ground_truth,0.5942024788437554,-0.07656270044258229,0.26672475135663476,0.07857782684969337,8.80457092253922,0.87400186,1.7251669,-4.005617,0.22834822932068952,11.090472737567751,0.15490040644410782,0.16777597538784986,-0.04100912807514624,0.0670278023430326
67,2.2333333,approach,unknown_no_ground_truth,0.5959391060344612,-0.07508664282575306,0.26501508525249334,0.09195526130581225,8.80457092253922,0.87400186,1.4412165,-5.862152,0.2268562842712589,11.211759126104095,0.1532315815555017,0.1672837593054444,-0.06169499185486999,0.06818722799650778
68,2.2666667,approach,unknown_no_ground_truth,0.5975928058100175,-0.07366690375086632,0.2625174745599332,0.1057112188844704,8.824454934635162,0.87400186,1.5118884,-5.4000826,0.22499359468044616,11.34498435314889,0.15078741064807769,0.16698884524804908,-0.08479979947940251,0.06311779310379555
69,2.3,approach,unknown_no_ground_truth,0.5990377706397338,-0.07252813138306723,0.25922558951603947,0.11960314428817474,9.960948062436504,0.87400186,1.8627065,-3.106351,0.22290268562748594,11.459893237347709,0.14757826662220136,0.16705167607878788,-0.10631928509377526,0.05478249483883044
70,2.3333333,approach,unknown_no_ground_truth,0.6002259105758907,-0.07182703122390924,0.2552196048424913,0.13250967116583656,9.883314896328974,0.87400186,1.3452911,-6.4893346,0.22075021515604487,11.583258840618477,0.14369946461744532,0.16757422641951739,-0.12323150414143856,0.04871149083652393
71,2.3666666,approach,unknown_no_ground_truth,0.6011889724575344,-0.07154338038175992,0.25071432486513867,0.1394593200410853,8.824454934635162,0.87400186,1.396875,-6.1520667,0.21866461221564754,11.71608648842948,0.13936284032529042,0.16849988537648064,-0.13160218266401078,0.04614940372735282
72,2.4,approach,unknown_no_ground_truth,0.6019476378148889,-0.07157655033859292,0.24608653610118653,0.1381188740286317,8.479930986450203,0.87400186,1.6993141,-4.174649,0.2167767842272001,11.835484232444335,0.13492596193248116,0.16966779003830018,-0.1307760701702869,0.04443470303437659
73,2.4333334,approach,unknown_no_ground_truth,0.6025447551565406,-0.07179800526745514,0.2416102943913757,0.12854648228485846,8.479930986450203,0.87400186,1.7317547,-3.9625452,0.21513310635140723,11.948291352633749,0.13064441150779563,0.17092188622346657,-0.12169948833097122,0.04139363052199243
74,2.4666667,approach,unknown_no_ground_truth,0.6030242281769638,-0.07207742819724512,0.23759943858180665,0.11115677933960914,7.906161485593098,0.8740093,1.4258237,-5.962794,0.21377533445812757,12.043628924752426,0.12681266993202542,0.17210008822599562,-0.10527368804039765,0.03568305199289426
75,2.5,approach,unknown_no_ground_truth,0.6033845643957692,-0.07232632010656093,0.2342665688855083,0.0884384303023385,7.450345561376731,0.8740093,1.609835,-4.759684,0.21269796928119172,12.123719810736805,0.12362617188534303,0.1730808936922802,-0.08404098939385271,0.027540298764608954
76,2.5333333,approach,unknown_no_ground_truth,0.6036036318474669,-0.07250619124903805,0.23174777439380756,0.0633992596265262,6.76346969126735,0.8740093,1.7223895,-4.023777,0.21188782668300038,12.185449028822307,0.12120994229273419,0.17379470931486163,-0.060617333695604216,0.01857430959221476
77,2.5666666,approach,unknown_no_ground_truth,0.6037019586066419,-0.07261649976762252,0.23006189068743627,0.0404530587255768,6.218176041784127,0.8740093,1.534965,-5.249202,0.21133346869818911,12.223234207458122,0.11958501990264941,0.17424482203753264,-0.038916241393168446,0.011044279790172291
78,2.6,approach,unknown_no_ground_truth,0.6037253814608474,-0.07268804044709974,0.229059800084452,0.02219883218141588,6.095761903995761,0.8740093,1.5700084,-5.02008,0.21100082491481276,12.228614643433984,0.11861552850913372,0.1745041676041875,-0.021368744631352483,0.00601372622412343
79,2.6333334,approach,unknown_no_ground_truth,0.6037111923936702,-0.0727519119278598,0.22858820546121,0.008730610218126838,5.8367448978780985,0.8740093,1.4383266,-5.881047,0.21086083751295137,12.22459372875754,0.11816043687142289,0.174643648481752,-0.008238944011222368,0.002888486863533196
80,2.6666667,approach,unknown_no_ground_truth,0.6036861584700985,-0.07279517374090447,0.22848904598230954,0.002270991016198052,4.115569415080247,0.8740093,1.3867855,-6.2180343,0.21084756082243414,12.223630231431653,0.11806626152068776,0.1746913042921674,-0.002088753961457837,0.0008913512686626153
81,2.7,approach,unknown_no_ground_truth,0.6036420172542941,-0.07270356750788588,0.22846250997604084,0.007216645254586732,4.115569415080247,0.8740093,1.473667,-5.649983,0.21074367620939172,12.223002998471296,0.11802118673127171,0.17459638182044676,-0.0031518278839865847,0.006491991198413151
82,2.7333333,approach,unknown_no_ground_truth,0.6035743502944366,-0.07234647896031646,0.22835623769429542,0.01743284778976525,4.115569415080247,0.8740093,1.488306,-5.5542693,0.21037883106657193,12.187887318970688,0.11785613984878376,0.17426756112622085,-0.009081959343475915,0.014880261978358235
83,2.7666667,approach,unknown_no_ground_truth,0.603480932290211,-0.07163911261736042,0.22802470834343558,0.030799688542853264,4.115569415080247,0.8740093,1.4332683,-5.9141192,0.20962439278058803,12.118537323085953,0.11741572331396057,0.17365463992444805,-0.018443909564296142,0.02466663767765749
84,2.8,approach,unknown_no_ground_truth,0.6033582537015405,-0.07054267168318479,0.22739933301135956,0.04403847779882335,4.763665120921705,0.8740093,1.3382984,-6.535054,0.20842017616980163,11.983955707560481,0.11662654697228643,0.17273453150997983,-0.028687885074069257,0.03341246439301434
85,2.8333333,approach,unknown_no_ground_truth,0.6032087804905464,-0.06915748251834025,0.22647973901542,0.053394158381903374,5.248034052144566,0.8740093,1.3572356,-6.411239,0.20685109987913808,11.814070549165036,0.11550319934468593,0.17159950018094722,-0.037982193634390246,0.03752717836490599
86,2.8666666,approach,unknown_no_ground_truth,0.603013309642974,-0.06769910281580703,0.22528605724451367,0.05729248235230742,5.248034052144566,0.8740093,1.359177,-6.3985453,0.2050971716006003,11.626168744023213,0.11409440298384507,0.17043273455039692,-0.04544263386452501,0.034891196046340715
87,2.9,approach,unknown_no_ground_truth,0.6027879173431687,-0.06641552599337007,0.22385424877846555,0.056560285273654684,5.248034052144566,0.8740093,1.3751756,-6.293943,0.20338596511958829,11.437622160907523,0.11247368093453441,0.16945654872167945,-0.04969321160428703,0.0270120452888846
88,2.9333334,approach,unknown_no_ground_truth,0.6026209586666476,-0.06543424011967758,0.22229697575357582,0.053285993450071775,5.487574100542255,0.8740093,1.3233052,-6.6330833,0.20190520070053014,11.299288152242204,0.11078151395696638,0.16879918908372699,-0.04971042398102157,0.019190384195950025
89,2.9666667,approach,unknown_no_ground_truth,0.6026650022608802,-0.06469757678268265,0.22074731096375638,0.04905118092553152,5.985371103318165,0.8740093,1.3502533,-6.4568906,0.2007229744285053,11.213985721746042,0.10915965561893373,0.1684454868750783,-0.045415817443176194,0.018531645263098473
90,3.0,approach,unknown_no_ground_truth,0.6030834728972512,-0.06409831155369532,0.21934828599259643,0.045777655759422824,6.201547274269059,0.8740093,1.4991618,-5.4832916,0.1998732832980679,11.095150203977612,0.10775379548904816,0.1683402772186564,-0.037615470639409995,0.026089655716469363
91,3.0333333,approach,unknown_no_ground_truth,0.6038987662391324,-0.06356074894783187,0.21819796155372528,0.04522727022818101,8.21076373205282,0.8740093,1.6101094,-4.75789,0.19934075943618398,10.877665771984098,0.1066519598083965,0.16841050395276047,-0.02861479184331834,0.035024272441500776
92,3.0666666,approach,unknown_no_ground_truth,0.6050238679398197,-0.0630164282158527,0.21730977747096597,0.04514361095525631,8.21076373205282,0.8740093,1.5272009,-5.2999654,0.1990391425128995,10.653178833502515,0.10584614439748627,0.1685620774921121,-0.020660177911943568,0.0401385433059843
93,3.1,approach,unknown_no_ground_truth,0.6062474701218725,-0.06250050085815193,0.21664329632281626,0.04142490455469601,8.21076373205282,0.8740093,1.3691735,-6.3331857,0.19889457654241885,10.484138629707669,0.1052746158402353,0.16874924544328776,-0.015990805344393597,0.03821409245034332
94,3.1333334,approach,unknown_no_ground_truth,0.6073157930765047,-0.06212197066546084,0.2160552557925516,0.03423080329704783,8.21076373205282,0.8740093,1.2133448,-7.3520308,0.1988345396067252,10.389452860522042,0.10478008846850259,0.16898611540937655,-0.01714454392195025,0.02962790083805296
95,3.1666667,approach,unknown_no_ground_truth,0.6080370052571874,-0.06200393622604872,0.21531710205406146,0.030017018473960592,6.234970176174148,0.8740093,1.2042423,-7.411545,0.19879117050025022,10.34830234489806,0.10413164430797098,0.16933555480931275,-0.022839176006139085,0.019478024474435085
96,3.2,approach,unknown_no_ground_truth,0.6083693049198349,-0.06218669963752825,0.21435512186422168,0.03495817704311888,4.791492726084564,0.8740093,1.15682,-7.7216024,0.19875099919307027,10.372795013747147,0.10325747809002943,0.16982300462166755,-0.030392830938371355,0.017272810128338163
97,3.2333333,approach,unknown_no_ground_truth,0.6083740768471679,-0.0626673370793302,0.2131085475462439,0.045904775643144546,4.630665241003635,0.8740093,1.2785579,-6.925652,0.19872005416053554,10.398890594693578,0.10210545738224715,0.17048206796706886,-0.039287870461867797,0.023742612775744215
98,3.2666667,approach,unknown_no_ground_truth,0.6081007312438008,-0.06336739968069306,0.21154454408021967,0.059844512458994595,4.624651871961682,0.8740093,1.0398958,-8.486081,0.19865129751869234,10.433695459967659,0.10063828905723465,0.1712725102913264,-0.050380536878627216,0.032298098632520804
99,3.3,approach,unknown_no_ground_truth,0.6074912064091262,-0.064267756782363,0.20956223269978758,0.07297460825124776,3.6136178359094875,0.8740093,0.96567094,-8.97138,0.19848136398513552,10.51192209237611,0.09874675791323709,0.1721741259627137,-0.06093422215135242,0.04015363022483407
100,3.3333333,approach,unknown_no_ground_truth,0.606597032439802,-0.06525389208543,0.20731985887696847,0.08177343036850691,3.809166447589411,0.8740093,1.0081795,-8.693449,0.19820372084701365,10.55773183265738,0.09657601119629523,0.17308318525788105,-0.06801554311231676,0.04539581268541878
101,3.3666666,approach,unknown_no_ground_truth,0.605390488192931,-0.06621803654641203,0.20492511426056365,0.08839890968823176,4.624651871961682,0.8740093,1.6953369,-4.2006526,0.1977608616987741,10.58830727165286,0.09421239240843668,0.1738774957736636,-0.07331701719920053,0.04938605292064037
102,3.4,approach,unknown_no_ground_truth,0.6038673691197052,-0.0670740598423143,0.20242428450803573,0.09329423561442263,4.624651871961682,0.8740093,1.0625905,-8.337698,0.19710041481202173,10.592529610459694,0.09168819602648373,0.1744759244952728,-0.07727494869105153,0.05227233210480241
103,3.4333334,approach,unknown_no_ground_truth,0.6021250853711222,-0.06778417886061686,0.1998686178599136,0.0942023441653689,4.630665241003635,0.8740093,0.94313866,-9.118702,0.1962523099394814,10.573516019800216,0.08906071628676825,0.17488041048405065,-0.07824529576208461,0.05245717622360661
104,3.4666667,approach,unknown_no_ground_truth,0.6003465110712976,-0.0683391806993303,0.19738014726951766,0.09015785134002319,4.1668176213592,0.8740093,0.97834617,-8.888507,0.1953198756436025,10.531434303941852,0.0864718476187291,0.17513558573526866,-0.07573591617672706,0.04891328203179063
105,3.5,approach,unknown_no_ground_truth,0.5986891565072452,-0.06873816113636198,0.1950301637511559,0.08476113158675282,4.7074161404771555,0.8740093,1.520884,-5.3412666,0.19437984043167822,10.484594857814315,0.084011659702465,0.17528708851561745,-0.07272155061220585,0.04354337497740853
106,3.5333333,approach,unknown_no_ground_truth,0.597134777069266,-0.06893928119699891,0.19276978138426168,0.08252209946615621,5.549084887644598,0.8740093,1.1417091,-7.8204017,0.1933666663794319,10.428176207595005,0.08162374855985578,0.1752946985442856,-0.07236034928522167,0.039672115542568415
107,3.5666666,approach,unknown_no_ground_truth,0.5956120299971361,-0.06899869055013465,0.1904771898404532,0.08069342305709626,5.610568703143938,0.8740093,1.1677306,-7.650267,0.19226614785271562,10.346963337491337,0.07918764071062367,0.17520156725556846,-0.07177741486247895,0.03687046569181222
108,3.6,approach,unknown_no_ground_truth,0.5941721699436047,-0.06894360544292752,0.18827950621077533,0.0768680704547359,6.150367864939416,0.8740093,0.9595564,-9.011359,0.19114986723710273,10.215584386715253,0.07683859182827285,0.17502600535523308,-0.06853965936460268,0.03479964582604934
109,3.6333334,approach,unknown_no_ground_truth,0.5927670360131863,-0.0688207882649636,0.18621862451187798,0.07308975663617691,5.610568703143938,0.8740093,1.3488246,-6.466232,0.19004525470363517,10.032579320869838,0.07461831897176695,0.1747835956524445,-0.06438515672650663,0.034592833339273384
110,3.6666667,approach,unknown_no_ground_truth,0.5913569907671781,-0.06869218980696887,0.18431032332014524,0.06799409604674478,5.610568703143938,0.8740093,1.5169616,-5.366913,0.18899176553657446,9.856460521303115,0.07254623564083959,0.17451341247874133,-0.058594228844493,0.034495122022296695
111,3.7,approach,unknown_no_ground_truth,0.5900085778966301,-0.06862887968549601,0.18262674673109353,0.06072985396005562,5.610568703143938,0.8740093,1.2452437,-7.1434684,0.18808922929425606,9.71868346488248,0.07071204052576367,0.1742910367781143,-0.05087482011418288,0.0331642554621571
112,3.7333333,approach,unknown_no_ground_truth,0.5887708663920991,-0.06866923765031527,0.18119535499330877,0.052566535271539226,4.991517301074468,0.8740093,1.2740369,-6.9552116,0.18739051428710388,9.613215945929936,0.0691545839854564,0.1741632807413312,-0.042500142417863325,0.03093506949911884
113,3.7666667,approach,unknown_no_ground_truth,0.5876673738959562,-0.0687773505086117,0.18002333207953242,0.0462315669194627,4.368155367537329,0.8740093,1.3927002,-6.179363,0.186866947371848,9.542002398480843,0.06787870021985108,0.17410266533438423,-0.036053264699449736,0.028939935804009134
114,3.8,approach,unknown_no_ground_truth,0.5866289985317479,-0.06890218430736039,0.1789913838221181,0.04302660865451698,4.173641235388692,0.8740093,1.3580256,-6.406074,0.1864197717254909,9.491280894857743,0.06675103514488236,0.1740592732297559,-0.033013457467388,0.027593489782155492
115,3.8333333,approach,unknown_no_ground_truth,0.5856493231547197,-0.0690522662108176,0.17800347335705777,0.040815054977478886,3.702893949331521,0.8740093,1.4183818,-6.0114503,0.18603470681823006,9.45185910696313,0.06567780501436662,0.17405556029452107,-0.031735880409279764,0.02566520226810061
116,3.8666666,approach,unknown_no_ground_truth,0.5847728237920535,-0.06923082318417324,0.17702912502421872,0.03944204306531592,3.4228050273650106,0.8740093,1.4679359,-5.687454,0.18572368680612014,9.43870529292008,0.06463531166746075,0.17411365347527463,-0.03170251321624785,0.023465408944654407
117,3.9,approach,unknown_no_ground_truth,0.5839826324541351,-0.0694482106021426,0.17600860093854237,0.040155335665469416,1.879332437516054,0.8740093,1.4759433,-5.6351,0.18547930631445894,9.43870529292008,0.0635642983724072,0.1742473903486548,-0.03328104941020282,0.022468260559334777
118,3.9333334,approach,unknown_no_ground_truth,0.5832473305768722,-0.06974666789350492,0.17489060705173337,0.04211971192313499,1.7681331550137567,0.8740093,1.3663294,-6.351781,0.18532186427606875,9.43870529292008,0.06241656971515832,0.1744945993541073,-0.03528964383705628,0.02299372023709072
119,3.9666667,approach,unknown_no_ground_truth,0.5825467693896893,-0.07013744195349375,0.1736960267208135,0.04395718000879929,1.5712414730697686,0.8740093,1.2460402,-7.1382604,0.18526001441239714,9.460544013639623,0.06121165754401302,0.17485538573574472,-0.03666190252062036,0.024251568565651888
120,4.0,approach,unknown_no_ground_truth,0.5818198956046805,-0.07056256358297763,0.17246482190965126,0.046051442679153044,1.5712414730697686,0.8740093,1.2065668,-7.3963466,0.18522718760691997,9.487949061150454,0.059972445055955975,0.1752495844867527,-0.03796463901726162,0.026065716125215802
121,4.0333333,approach,unknown_no_ground_truth,0.5809621296486043,-0.07096598097600476,0.17120044788096367,0.04886230545974838,1.7681331550137567,0.8740167,1.303206,-6.7644973,0.1851385973140327,9.515228751522958,0.058680683862338545,0.17559293139775256,-0.03914682487502228,0.029241255052512596
122,4.0666666,approach,unknown_no_ground_truth,0.5799450376160854,-0.07137816845876288,0.16992890016912746,0.05012265455939712,1.879332437516054,0.8740167,1.2344444,-7.2140765,0.18501943828921907,9.533292362292574,0.05736265905391462,0.17590258068352063,-0.03815260046731817,0.032506300584069024
123,4.1,approach,unknown_no_ground_truth,0.5789083955426749,-0.07190445259139178,0.168737295737129,0.04751893811665355,2.701773251946249,0.8740167,1.337642,-6.5393467,0.18502676865512166,9.531620790801757,0.05613717942848051,0.17630519619333543,-0.03335130799617235,0.03384877744732888
124,4.133333,approach,unknown_no_ground_truth,0.5780700243135852,-0.07265593398538585,0.1677181541470065,0.04424804690651682,4.144605022774032,0.8740167,1.2453911,-7.142504,0.1853439652965114,9.534561583416435,0.055139240499892495,0.17695211111746997,-0.026351602859092466,0.03554550156908723
125,4.1666665,approach,unknown_no_ground_truth,0.5775688477759664,-0.07373353516755021,0.16685002654071046,0.04603128779371817,4.279649888450975,0.8740167,1.2539365,-7.0866323,0.18610205760958992,9.567557937056026,0.05438040746823676,0.1779796256039204,-0.0199820485468406,0.04146802613845772
126,4.2,approach,unknown_no_ground_truth,0.5774749329952642,-0.07517128573385401,0.1660640389254164,0.05269579652474125,4.6590800389500675,0.8740167,1.2965963,-6.807713,0.1873422733193426,9.641796693891415,0.05380710511583154,0.17944894207409842,-0.016002188915056476,0.05020733931711355
127,4.233333,approach,unknown_no_ground_truth,0.5777588557987711,-0.07686624602110348,0.16527156533307114,0.058301566659387016,4.790641715455002,0.8740167,1.1040349,-8.066725,0.18894581262321675,9.755286171238385,0.05331359582346447,0.18126825593087173,-0.015341816151036547,0.056246789705073325
128,4.266667,approach,unknown_no_ground_truth,0.5783054618076005,-0.0785863869786961,0.1644043897526962,0.05950913388202749,4.790641715455002,0.8740167,0.99349433,-8.789465,0.19065043426381048,9.907167664172682,0.05278429486154191,0.18319772460636438,-0.01931873972820305,0.05628608452098104
129,4.3,approach,unknown_no_ground_truth,0.5789252113079648,-0.08011856695569222,0.16332180272641628,0.0579771302861747,6.300126955521282,0.8740167,1.0999943,-8.0931425,0.19218424864143985,10.05867284961015,0.052025690757205575,0.18500841312521546,-0.02754583401284691,0.051015435553925854
130,4.3333335,approach,unknown_no_ground_truth,0.5795145198868599,-0.08133031735205161,0.16196547177540155,0.056323893285766605,6.379691059881794,0.8740167,1.1492473,-7.7711153,0.19338881829804536,10.191267661786101,0.050947907561913156,0.18655708444810443,-0.0361703454440573,0.04317507458388449
131,4.366667,approach,unknown_no_ground_truth,0.5800673155997025,-0.0821899072067776,0.1604055391646282,0.05469590781836401,6.300126955521282,0.8740167,1.1637067,-7.6765766,0.19424330188585637,10.31762612394341,0.049614336540605236,0.1878001010041142,-0.041462089230379306,0.03567264342219453
132,4.4,approach,unknown_no_ground_truth,0.5806067812217603,-0.08275611144545203,0.15879210749559936,0.05150967818980706,5.6963086574919215,0.8740167,1.3306106,-6.585319,0.19482566878825733,10.464967217302789,0.048183770740235096,0.18877331764856017,-0.04233908155980588,0.0293368219118839
133,4.4333334,approach,unknown_no_ground_truth,0.5810791995731415,-0.08311603331601139,0.15725743355712002,0.045832542157779724,4.790641715455002,0.8740167,1.275914,-6.942939,0.19521117626047818,10.620052399027177,0.0467917336156725,0.18952028124250825,-0.0396776784291285,0.022941311102884387
134,4.4666667,approach,unknown_no_ground_truth,0.581400480710727,-0.08335295707506593,0.1559024886244179,0.03822731123472285,4.764900572713736,0.8740167,1.1155995,-7.991112,0.19545584991594467,10.727286542173362,0.04553859453275404,0.1900768941095832,-0.03495536061277049,0.01547417489456356
135,4.5,approach,unknown_no_ground_truth,0.5814712819684582,-0.08351435670152557,0.1547709930447414,0.030706561728073987,2.6202712699326263,0.8740167,1.0757164,-8.251878,0.19557148920443682,10.779485148721482,0.04446137831572779,0.19045050072894762,-0.029491469160442752,0.008552553999751909
136,4.5333333,approach,unknown_no_ground_truth,0.5812560058210661,-0.08361751912609161,0.15387770178976645,0.026516830109362743,2.5259954644108684,0.87400186,1.0783664,-8.234551,0.19555999531058077,10.784292836155142,0.04357249833873893,0.19064403781496805,-0.02485666040880653,0.00923518881074321
137,4.5666666,approach,unknown_no_ground_truth,0.5807933430600615,-0.08367652288525401,0.1531464401222794,0.025705108774497568,2.342202273184208,0.87400186,1.1201661,-7.961255,0.19544107711276162,10.784292836155142,0.04280426909679369,0.19069611734402384,-0.021740015918362398,0.013715842116986525
138,4.6,approach,unknown_no_ground_truth,0.5802065183638738,-0.08370035985229471,0.1525255233393779,0.025473697440584277,2.2837475087319943,0.87400186,1.1484399,-7.7763944,0.19525866573400555,10.767445839327051,0.04212316523422706,0.19066091758636355,-0.019718363724809788,0.01612747324631281
139,4.633333,approach,unknown_no_ground_truth,0.5795773022053811,-0.08370653861305115,0.15196137484011088,0.025328971866143586,2.342202273184208,0.87400186,1.1436677,-7.8075957,0.19505216763234312,10.754139982535325,0.04148971268522114,0.19058843574407522,-0.018798392953154733,0.016975783875116803
140,4.6666665,approach,unknown_no_ground_truth,0.578935550958124,-0.08370622497607458,0.15141378326020652,0.025613572314931533,2.5259954644108684,0.87400186,1.1841277,-7.543059,0.19483970553832777,10.730162396531085,0.040869940152840754,0.19050501002904224,-0.018822172791363445,0.01737184210566872
141,4.7,approach,unknown_no_ground_truth,0.5782789205560857,-0.08370765755897663,0.1508523216242858,0.02630937483114861,2.342202273184208,0.87400186,1.1166346,-7.9843445,0.19462750087870453,10.707367852354059,0.04023490228269867,0.19042325681647138,-0.019345467354681692,0.017830762654323595
142,4.733333,approach,unknown_no_ground_truth,0.5776029475489772,-0.08370920202008567,0.15027337823996184,0.02719295829458611,2.2267018068812967,0.87400186,1.1539881,-7.7401185,0.19441285512093792,10.679609005501202,0.039580243477149196,0.19034117411260337,-0.020023888762276874,0.018398392855003984
143,4.766667,approach,unknown_no_ground_truth,0.5769028982994903,-0.08370726201939876,0.14967198123205047,0.02737409179596855,2.2267018068812967,0.87400186,1.1587703,-7.7088513,0.1941911843807459,10.652622706468238,0.038899952932695395,0.19025511754754698,-0.020365919021718203,0.018291261412350143
144,4.8,approach,unknown_no_ground_truth,0.5762317447981997,-0.08370896326079585,0.1490691662493439,0.02520621311017117,2.146043531360674,0.87400186,1.182016,-7.5568657,0.19398541252532006,10.6413616285607,0.038222521833659456,0.19018248893442855,-0.019834008625661127,0.01555523324134245
145,4.8333335,approach,unknown_no_ground_truth,0.575724950942066,-0.08373800927988038,0.14847394888254115,0.020368564390352492,2.146043531360674,0.87400186,1.1899842,-7.504768,0.19385674843229225,10.6413616285607,0.03757768686792842,0.1901798000903276,-0.018022879674745033,0.009489690382388562
146,4.866667,approach,unknown_no_ground_truth,0.5755110542679911,-0.08381434068453568,0.14792312892715892,0.01716761027116832,2.146043531360674,0.87400186,1.0824726,-8.207705,0.19386011537471523,10.6413616285607,0.03702099759148174,0.19029238048442562,-0.0161857435627521,0.005722634685488234
147,4.9,approach,unknown_no_ground_truth,0.5755614633365026,-0.08395761451503284,0.14736267029951622,0.019564316968974,2.146043531360674,0.87400186,1.2091833,-7.379239,0.19400428768997632,10.666208334448685,0.03649863825753515,0.19054005628066947,-0.01684077063942154,0.00995745663976908
148,4.9333334,approach,unknown_no_ground_truth,0.5757544872278342,-0.08417362611032662,0.1466931622575657,0.024566800059462785,1.8117443374260755,0.87400186,1.1638573,-7.6755915,0.19425941097931276,10.750043492875212,0.03589828054817961,0.19091367737203568,-0.020252254588417968,0.013905892608801637
149,4.9666667,approach,unknown_no_ground_truth,0.5759759414989136,-0.08445409448921998,0.14585799229690954,0.029837553536666263,1.7853103825358536,0.87400186,1.0039172,-8.721317,0.1945860612391096,10.841854320675415,0.035148489153403,0.19138526311809803,-0.02529339910539282,0.01582793614937649
150,5.0,approach,unknown_no_ground_truth,0.5761263845173787,-0.08477910113920653,0.14483523772236925,0.03445710009607125,1.7853103825358536,0.87400186,1.0328625,-8.532066,0.19493890588646112,10.90784577617544,0.03421205544205567,0.19191329367878676,-0.03048180170599421,0.01606709406791166
151,5.0333333,approach,unknown_no_ground_truth,0.5761509183177385,-0.08511517810097947,0.1436650047487542,0.03719127639989263,1.7422958854978425,0.87400186,1.1411799,-7.8238616,0.19527278491663516,10.962195829377631,0.033116370848450455,0.19244419063958867,-0.03393851801954538,0.015210786793923708
152,5.0666666,approach,unknown_no_ground_truth,0.576059144155472,-0.08542256244337845,0.14244171707811348,0.03657744018872111,1.7198185953005611,0.87400186,1.2084821,-7.383824,0.19555378102093285,11.016884820208713,0.03194948958798689,0.19292618118505864,-0.03393032217777747,0.013661711740177104
153,5.1,approach,unknown_no_ground_truth,0.5759545523661134,-0.0856792577502273,0.14130079097241194,0.031619135597667505,1.6726039265115438,0.87400186,1.3038851,-6.760057,0.19578871427226277,11.07135970762458,0.030854351383346502,0.1933422603496161,-0.02957311749964881,0.011189301019082904
154,5.133333,approach,unknown_no_ground_truth,0.5758950901248132,-0.08586561248592567,0.14038740306284467,0.023782301058281757,1.4107622417285304,0.87400186,1.2050415,-7.406319,0.19597016274920764,11.114993719886881,0.029977950176203024,0.19366369611051013,-0.022345767405630473,0.008140302370318465
155,5.1666665,approach,unknown_no_ground_truth,0.575873708754723,-0.08598506672348738,0.13974717940535814,0.015734102181292984,1.4107622417285304,0.87400186,1.1185775,-7.9716415,0.1960949226592316,11.143866001606263,0.029364634882295227,0.19388382323174752,-0.014762702068164294,0.005442848436066015
156,5.2,approach,unknown_no_ground_truth,0.5758928661605013,-0.08605641448921936,0.13935596565829914,0.009022294900705195,1.4107622417285304,0.87400186,1.1756016,-7.5988045,0.19617970668083293,11.158647788136145,0.02899377091433946,0.19402535546042543,-0.007918864054275597,0.0043235861695116945
157,5.233333,approach,unknown_no_ground_truth,0.5760042386841301,-0.08610942477301828,0.13917334827146766,0.006426323687832967,1.4107622417285304,0.87400186,1.1504208,-7.7634425,0.19626739734511026,11.1653998619043,0.02883671108191306,0.19413741358790598,-0.0025140455460956846,0.005914153458692085
158,5.266667,approach,unknown_no_ground_truth,0.576233099951221,-0.08617282914261756,0.1391231260892376,0.009098560725184071,1.4636868061679684,0.87400186,1.2083007,-7.3850102,0.1963945451304532,11.184533838090099,0.028826154817761226,0.1942675221322908,0.0010174400912549226,0.009041494507578338
159,5.3,approach,unknown_no_ground_truth,0.5765908609410726,-0.08626084676638728,0.1391430175058054,0.01218719939114654,2.787178386211646,0.87400186,1.2419729,-7.164853,0.19658013115813103,11.2358970513073,0.028904553683757894,0.19444350012919112,0.002722564392552438,0.011879203345678033
160,5.3333335,approach,unknown_no_ground_truth,0.5770211293635753,-0.08636333043941759,0.13917643097155635,0.013385357156110774,2.787178386211646,0.87400186,1.1778256,-7.584264,0.19680050233406898,11.301850384467308,0.029007658949041944,0.19465095283927578,0.002734309330571818,0.013103104162044727
161,5.366667,approach,unknown_no_ground_truth,0.577456704731383,-0.08647288145218546,0.1391837075195318,0.012868397326513422,2.787178386211646,0.87400186,1.1707596,-7.630463,0.19703069848271748,11.355459108146878,0.029086840810209624,0.19487188569998765,0.00181608705267229,0.012739602724187825
162,5.4,approach,unknown_no_ground_truth,0.5778496788058183,-0.08658503225922501,0.1391581695302992,0.011328080655341794,2.787178386211646,0.87400186,1.1952828,-7.4701242,0.1972527158815217,11.39981638958069,0.029128731311454062,0.19509010978217592,0.0004666442143544083,0.011318465201216045
163,5.4333334,approach,unknown_no_ground_truth,0.5781748236397911,-0.08668675676336515,0.13908938503634766,0.009713868432200304,2.6164225101844725,0.87400186,1.1134262,-8.0053215,0.19744683457631712,11.430841623228405,0.029117950396809426,0.19528798593076963,-0.0010424335355556484,0.0096577726335862
164,5.4666667,approach,unknown_no_ground_truth,0.5784438602292412,-0.08677239710808474,0.1389814876055282,0.008657207582371457,2.25176611458187,0.87400186,1.194908,-7.4725747,0.19761073595609305,11.47082758835029,0.02905923580427469,0.19546243572507813,-0.0022603428695441986,0.00835691888415644
165,5.5,approach,unknown_no_ground_truth,0.5786739644645806,-0.08684508785142661,0.13884671660219805,0.007678359124263902,1.7862710327909177,0.87400186,1.1411859,-7.8238225,0.19775197367934114,11.516118178261626,0.028967261006301155,0.1956188663801824,-0.003106506202027869,0.007021881375951114
166,5.5333333,approach,unknown_no_ground_truth,0.5788507361256763,-0.08689949275429563,0.13869806172456917,0.00629843290363541,1.695968221540465,0.87400186,1.1820987,-7.5563245,0.19786073909570204,11.531536083156961,0.028852135575145262,0.19574582076828845,-0.0035874432340454046,0.0051769207144883944
167,5.5666666,approach,unknown_no_ground_truth,0.5789626130466663,-0.08692667799484524,0.138552885044659,0.004640462533210256,0.7449396960800442,0.87400186,1.2009424,-7.4331203,0.1979244420076736,11.536965311629697,0.028728098336909227,0.19582844816316608,-0.0036679733091376093,0.002842510215563392
168,5.6,approach,unknown_no_ground_truth,0.5789949103534958,-0.08692710165391715,0.1384257428686183,0.0033676278141323113,0.7449396960800442,0.87400186,1.2143342,-7.3455615,0.19793860484577808,11.541632859524178,0.028607604238859122,0.19586039994854978,-0.003250111919508182,0.0008818671131119527
169,5.633333,approach,unknown_no_ground_truth,0.5789859696652823,-0.08692182282791125,0.13832964776737833,0.0023037132070180505,0.7449396960800442,0.87400186,1.1942202,-7.477072,0.19793415945547413,11.54232230457778,0.028511424401802613,0.19586993173513223,-0.0017524726320359088,0.0014953040540821542
170,5.6666665,approach,unknown_no_ground_truth,0.5790721853904908,-0.08694357700767924,0.1382940455784729,0.005257923753041959,0.7449396960800442,0.87400186,1.1930363,-7.4848123,0.19798164035373603,11.544599651844807,0.028490772834047908,0.1959209171591302,0.0004194956675235929,0.005241162616989838
171,5.7,approach,unknown_no_ground_truth,0.5793264388904837,-0.08700040315395498,0.13830179683368155,0.009974301061260325,1.3024356230139345,0.87400186,1.1933205,-7.482954,0.19811100404641405,11.55489425433891,0.028539390754744758,0.19604456916636653,0.00176543739017726,0.00981681783889377
172,5.733333,approach,unknown_no_ground_truth,0.5797193498903022,-0.08709584654596697,0.13830646895814339,0.013649376515738268,3.1686730869816366,0.87400186,1.2315177,-7.233212,0.19831894646095055,11.603308054186474,0.028608468555299235,0.19624464337225064,0.0014366501188487054,0.013573559433855194
173,5.766667,approach,unknown_no_ground_truth,0.5802053651402654,-0.08723011984477896,0.13824993031408833,0.016259745452534512,3.46160656038477,0.87400186,1.1722703,-7.6205854,0.1985945768048912,11.696626723215603,0.028635153320063857,0.19651929658598483,-0.00046656951328668357,0.01625305002362597
174,5.8,approach,unknown_no_ground_truth,0.5807400008649233,-0.08739460194548292,0.13809641462425487,0.01813255116053574,3.979221525309464,0.8740093,1.0853109,-8.189146,0.19891798162327937,11.784954443325915,0.0285773790333606,0.19685450673190832,-0.0035425599437604403,0.017783129101322695
175,5.8333335,approach,unknown_no_ground_truth,0.5812787360429151,-0.08757841457271573,0.13781651439352172,0.019504613927151686,3.979221525309464,0.8740093,1.0777012,-8.2389,0.19926674220461757,11.85418465117348,0.028398982867360867,0.19723268573170336,-0.007319870370028548,0.0180789784615508
176,5.866667,approach,unknown_no_ground_truth,0.5817778995668217,-0.08776706554113464,0.1374073326359871,0.020221556896370486,3.979221525309464,0.8740093,1.2090636,-7.3800216,0.19961425863039745,11.938174495205308,0.02808938810971748,0.19762803071473659,-0.010774575746997996,0.017111980621346886
177,5.9,approach,unknown_no_ground_truth,0.5822032464778467,-0.08794855251201852,0.13690785661236823,0.020378130199149552,3.9738464037033885,0.8740093,1.0916677,-8.147584,0.19993747732222986,12.031606567075823,0.027680678456920908,0.19801205740596137,-0.012689660132702712,0.015944927598769032
178,5.9333334,approach,unknown_no_ground_truth,0.582597309466831,-0.08812413902943275,0.13638424952305045,0.019554249299054756,3.46160656038477,0.8740093,1.1302323,-7.8954396,0.20024821956785768,12.121811460394484,0.027243411520537712,0.19838635529899626,-0.012945533660837717,0.014655436666496874
179,5.9666667,approach,unknown_no_ground_truth,0.5829336058944963,-0.08828570260547439,0.13588203099195972,0.01707913574727007,2.959834244931034,0.8740093,1.1437144,-7.8072906,0.20052848775578133,12.192880478714452,0.026817643647715578,0.1987271707412066,-0.012373643420288403,0.01177241803459391
180,6.0,approach,unknown_no_ground_truth,0.5831476595305366,-0.08840818236157073,0.1354288111664401,0.013624393011686322,2.448834178703749,0.8740093,1.1463608,-7.789988,0.20073268452091492,12.206524308554071,0.026418502693433203,0.1989866160082386,-0.01129126042479842,0.007624403121311734
181,6.0333333,approach,unknown_no_ground_truth,0.5832423377514381,-0.08846662621367218,0.1350471982225325,0.010257275816535013,2.448834178703749,0.8740093,1.1602256,-7.699336,0.20083634744112155,12.208563274460529,0.02606489362274884,0.19913779092358555,-0.00964303473272669,0.003496224866895827
182,6.0666666,approach,unknown_no_ground_truth,0.583256949320188,-0.08843904449054457,0.13475448926564348,0.007800009653025451,2.448834178703749,0.8740093,1.1015854,-8.08274,0.20082953880161564,12.211329455156259,0.025775634283466055,0.19916857265280244,-0.007703329920916634,0.0012242788558170673
183,6.1,approach,unknown_no_ground_truth,0.583239079945852,-0.0883396226612837,0.13454295654208964,0.006561382686193581,2.448834178703749,0.8740093,1.2303215,-7.2410326,0.20074060876405178,12.207611544529682,0.025551338751800885,0.19910781274212425,-0.0058094807698384175,0.0030498649051324436
184,6.133333,approach,unknown_no_ground_truth,0.5832257737727351,-0.08818193705037557,0.13440197743926452,0.006188487836081982,3.1322183756500808,0.8740093,1.168543,-7.6449556,0.20059433110465444,12.115563622889054,0.025388335910209562,0.19898120029549046,-0.00404473877644413,0.004683745288512591
185,6.1666665,approach,unknown_no_ground_truth,0.5832272663440945,-0.08799183945089231,0.13432133172466676,0.005963975377043257,3.434211404487507,0.8740093,1.2048584,-7.4075165,0.2004188324093512,12.007426163239563,0.02528168974005147,0.19881786777906904,-0.0025376772738037834,0.005397147056732663
186,6.2,approach,unknown_no_ground_truth,0.5832532027056944,-0.08780382139042528,0.1342821426589441,0.005848889563526444,3.7259269054444526,0.8740093,1.1699913,-7.635486,0.20025079349614974,11.93374299972002,0.025219157575874285,0.19865642296940927,-0.0015937496829244572,0.005627563511370329
187,6.233333,approach,unknown_no_ground_truth,0.5832934577110993,-0.08761237611634112,0.13426076545695162,0.006493938350362663,4.4409727980630125,0.8740093,1.2238123,-7.2835913,0.2000830865975804,11.872165487081952,0.025175439855762427,0.19849291869102972,-0.001419416515307787,0.006336915026602648
188,6.266667,approach,unknown_no_ground_truth,0.5833400325756348,-0.08738209737856667,0.13423698751696772,0.008492034176866345,5.2137249540201065,0.8740093,1.2388668,-7.1851616,0.19988074653027518,11.80390725816903,0.025124515237888865,0.19829541489293495,-0.0017513921996777783,0.008309468684818177
189,6.3,approach,unknown_no_ground_truth,0.5834027934604273,-0.08705925075408674,0.13420966654138589,0.011596199564341436,5.2137249540201065,0.8740093,1.1945224,-7.475096,0.19959606813391234,11.700726033446387,0.025058693742251816,0.19801679798049815,-0.002341440536479199,0.011357354469688993
190,6.3333335,approach,unknown_no_ground_truth,0.5834821916054551,-0.08662500208175478,0.13417180240099585,0.014151522267809741,5.2137249540201065,0.8739945,1.1549108,-7.734086,0.19921185211759967,11.551364732125718,0.02496841934106392,0.19764093720616988,-0.002928108679743701,0.013845279414151401
191,6.366667,approach,unknown_no_ground_truth,0.583567197929598,-0.08613396364381717,0.13412670507362667,0.014946100782147411,5.2137249540201065,0.8739945,1.2120192,-7.3606977,0.1987762940903715,11.416338282696499,0.0248634866706886,0.19721516707109102,-0.0031035948006653087,0.01462031558836507
192,6.4,approach,unknown_no_ground_truth,0.5836499903739476,-0.08564672801846351,0.13408434948649817,0.013670614146362118,5.2137249540201065,0.8739945,1.1839811,-7.544018,0.19834378382190934,11.299585462729898,0.0247615132051859,0.19679208328736628,-0.0027916285112578017,0.01338254465316102
193,6.4333334,approach,unknown_no_ground_truth,0.5837173303351262,-0.08523827784745827,0.13405048953644533,0.010431737973835543,3.3873202758508354,0.8739945,1.2165774,-7.330895,0.1979806883943305,11.22417027114223,0.024677378268925767,0.19643670731018004,-0.002130268091698982,0.010211910448699188
194,6.4666667,approach,unknown_no_ground_truth,0.5837613150697987,-0.08496267247102604,0.13402669927851768,0.006466774717920202,1.7516141344714913,0.8739945,1.235519,-7.2070503,0.19773539009513552,11.185080978420698,0.0246194954588154,0.19619675058325706,-0.0013869720309721556,0.006316287187710269
195,6.5,approach,unknown_no_ground_truth,0.5837842107352207,-0.08481425946761981,0.1340105133448753,0.003039642739426185,1.078673186331302,0.8739945,1.2547221,-7.081496,0.19760327106864783,11.161678785766883,0.024584913549163444,0.19606793405044506,-0.0007802136244270815,0.0029378043984589373
196,6.5333333,approach,unknown_no_ground_truth,0.5837906915531698,-0.08476404308445201,0.13399935992442008,0.0009501243930634827,0.7408440064301033,0.8740093,1.250884,-7.1065903,0.19755848556464917,11.14740897157655,0.024567481263484563,0.19602498331326554,-0.0003895784974525027,0.0008665823426639281
197,6.5666666,approach,unknown_no_ground_truth,0.5837911770500059,-0.08475406278597987,0.13399207467774227,0.0002894954189815262,0.5881894496761443,0.8740093,1.2237945,-7.283708,0.1975496113711272,11.13718714267437,0.024558941672450724,0.19601710980629358,-0.000246193470619688,0.00015230355424454886
198,6.6,approach,unknown_no_ground_truth,0.58379016286853,-0.08475170028334358,0.13398453247346337,0.00023188835238069458,0.32970483491967717,0.8740093,1.2083704,-7.384554,0.19754747453982097,11.130380427484532,0.024551068380052284,0.1960159425619743,-0.00023149209468268937,1.3550574499037647e-05
199,6.633333,approach,unknown_no_ground_truth,0.5837883562072693,-0.08475215214841496,0.1339769955704781,0.0002083645250515724,0.2211080197016051,0.8740093,1.2269254,-7.2632375,0.19754774494829141,11.126414931136223,0.024543508879875223,0.19601716176401163,-0.00020313160222780826,4.640395970529687e-05
200,6.6666665,approach,unknown_no_ground_truth,0.5837886724700734,-0.08474667024664567,0.13397167027687462,0.0002094357599330962,0.1534326500783543,0.8740093,1.2141323,-7.346882,0.19754296116786355,11.123161921304487,0.024537526285290857,0.19601308964139794,-0.00016049561040477412,0.00013455295083926057
201,6.7,approach,unknown_no_ground_truth,0.5837890820759126,-0.08474192992568035,0.1339675125806083,0.0001544561259556955,0.07703754513888421,0.8740093,1.2105095,-7.3705683,0.19753884322286497,11.121537992240759,0.024532809182038665,0.1960095300118474,-9.692936433582489e-05,0.00012025553282362767
202,6.733333,approach,unknown_no_ground_truth,0.5837914052526041,-0.08473857130691734,0.13396592844432464,0.00015135992555170993,0.06434504775991265,0.8740093,1.2346227,-7.2129107,0.1975365008816918,11.120704979113874,0.02453106433342022,0.19600738777722695,-2.5758745543434483e-05,0.0001491519831951549
203,6.766667,approach,unknown_no_ground_truth,0.5837952021554028,-0.084734051236496,0.1339661165584608,0.000118419446628779,0.05703266467550982,0.8740093,1.3349344,-6.5570498,0.19753343337088858,11.120693815103952,0.024531078106690862,0.19600429461166075,4.1910494075553253e-05,0.00011075502618937549
204,6.8,approach,unknown_no_ground_truth,0.5837985147907401,-0.08473593926353559,0.13396824958537418,0.00016398922319763823,0.05703266467550982,0.8740093,1.3981994,-6.1434073,0.19753616090310042,11.120867231618424,0.02453387218409636,0.19600669371220464,8.312328352862026e-05,0.00014136118654137496
205,6.8333335,approach,unknown_no_ground_truth,0.5838003236818081,-0.08474299491221338,0.13396976381596215,0.0002198443535792725,0.045858557458524865,0.8740093,1.3540428,-6.432114,0.19754332743077369,11.121185832105581,0.024536619653993598,0.19601357225553825,4.99354535341465e-05,0.00021409808565474675
206,6.866667,approach,unknown_no_ground_truth,0.583800714095708,-0.08475039809786203,0.1339692043778858,0.00024023203966386003,0.03897022927732215,0.8740093,1.3407229,-6.5192027,0.19755048415105664,11.121007269703554,0.024537201211368813,0.19602071203071803,-1.35665991184133e-06,0.00024022820890757607
207,6.9,approach,unknown_no_ground_truth,0.5837993930782639,-0.08475881366952122,0.13396744095244534,0.0002475122860577346,0.031231259547838324,0.8740093,1.2974879,-6.8018837,0.197558117099856,11.120961073924539,0.024536529210079983,0.1960284886601009,6.063029534717538e-05,0.0002399714546266704
208,6.9333334,approach,unknown_no_ground_truth,0.5838029390412869,-0.0847666876427515,0.13397061039700317,0.0005469916285503285,0.031231259547838324,0.8740093,1.2780423,-6.9290233,0.19756652143988362,11.1208627131738,0.024541243227460846,0.19603636850009898,0.00041185379378166665,0.00035996707384396826
209,6.9666667,approach,unknown_no_ground_truth,0.5838248012510538,-0.08477175140617257,0.13399017450546288,0.0007007889964417204,0.031231259547838324,0.8740093,1.2421463,-7.16372,0.19757722258932228,11.120649630067136,0.02456398610522615,0.1960443048719673,0.000534577201124884,0.0004531362196638877
210,7.0,approach,unknown_no_ground_truth,0.5838374825495422,-0.08477158512970337,0.134001682034055,0.0006937719077511873,0.031231259547838324,0.8740093,1.2088602,-7.3813524,0.1975804882425232,11.120564730270237,0.024576881675814188,0.19604597986504815,-0.00055955654946211,0.0004101413511690563
211,7.0333333,approach,unknown_no_ground_truth,0.5837933083132445,-0.08476205667619488,0.1339577183678222,0.004262722490697352,0.031231259547838324,0.8740093,1.2401539,-7.1767464,0.19755977877370426,11.120428159557541,0.02452668236846591,0.19603139554956842,-0.0033292962685068203,0.0026620648732147
212,7.0666666,approach,unknown_no_ground_truth,0.5836332623299856,-0.08475348886650413,0.13380489380268504,0.009307492561176066,0.2523398878817876,0.8740093,1.1517942,-7.7544627,0.19750907670045165,11.116586372947637,0.02435492878880645,0.19600171637706915,-0.00711856238638601,0.005996289463282951
213,7.1,approach,unknown_no_ground_truth,0.5833414963303922,-0.08476706991276464,0.13353244228248023,0.014475712115182707,1.2265251016536483,0.8740093,1.0400106,-8.485331,0.19744452099961868,11.097704530700517,0.02405211196512006,0.19597406660776878,-0.010812685178112139,0.009624556118631214
214,7.133333,approach,unknown_no_ground_truth,0.5829257368901045,-0.08482384239616687,0.13315238088893885,0.018361705251194023,1.5868391032349558,0.8740093,1.09865,-8.101933,0.1973888235746639,11.069779308565126,0.023634083751886942,0.19596881832934185,-0.013350923512094288,0.012605755078769942
215,7.1666665,approach,unknown_no_ground_truth,0.582440543994476,-0.08492743208356672,0.13271941060722478,0.019614514055171717,1.5868391032349558,0.8740093,1.0706067,-8.285286,0.1973605691414165,11.040292779349635,0.023162051189886672,0.1959967184329904,-0.0137850239676316,0.013953575736432267
216,7.2,approach,unknown_no_ground_truth,0.5819611162632963,-0.08507201982914722,0.13230513868678181,0.01774666076683858,1.5868391032349558,0.8740093,1.1173146,-7.979899,0.19737396356451978,11.019469644775786,0.022715082972043783,0.19606250661139052,-0.011866525453121926,0.013195815323187017
217,7.233333,approach,unknown_no_ground_truth,0.5815691718322868,-0.08523659671874328,0.13198125326488946,0.013718210027271688,1.5868391032349558,0.8740093,1.0988181,-8.100833,0.1974295123249788,10.999017822473037,0.022370950197167727,0.19615797950670988,-0.008526080262661974,0.010746871251996248
218,7.266667,approach,unknown_no_ground_truth,0.5812925588936797,-0.08538721316233744,0.13176649023512796,0.009161056482434142,0.9598579630242978,0.8740093,1.1049228,-8.06092,0.19750135693511633,10.988062985797285,0.022146662104761194,0.19625572946752348,-0.005262927207092835,0.00749843670955424
219,7.3,approach,unknown_no_ground_truth,0.5811261331924673,-0.0854879219474731,0.13164432004097693,0.005274383037487927,0.6569267733586134,0.8740093,1.1589571,-7.70763,0.19755402438931174,10.98147210236311,0.022020098502885384,0.19632296812735894,-0.0029171065126166154,0.00439426967995708
220,7.3333335,approach,unknown_no_ground_truth,0.5810352132190231,-0.08553726289049521,0.1315796786183553,0.002586261073026816,0.3109650814134335,0.8740093,1.2111064,-7.366666,0.19757737066477135,10.978323070903674,0.021952188510353597,0.19635406493986915,-0.0013828606980186683,0.0021855074073837263
221,7.366667,approach,unknown_no_ground_truth,0.5809980604396054,-0.08556233428356468,0.1315560710591567,0.0011724267619150526,0.2667604621665329,0.8740093,1.2496498,-7.1146603,0.1975914010165091,10.977189685635874,0.021927907871742657,0.19637089553198886,-0.00040091697300634983,0.0011017486522841957
222,7.4,approach,unknown_no_ground_truth,0.5809858008174766,-0.08559059357371418,0.13155098181673588,0.001098778645965797,0.26154775504181954,0.8740093,1.2975445,-6.801513,0.19761482597554136,10.977190371607985,0.021925460735943446,0.1963947392800024,0.0001502123141583907,0.001088462573314127
223,7.4333334,approach,unknown_no_ground_truth,0.5809844696473401,-0.08563430276943629,0.13155735952102054,0.0017082241615411576,0.2295917382877164,0.8740093,1.3254732,-6.618909,0.19765548594663107,10.977274063201738,0.021937922017106343,0.19643426051066099,0.00045484053893327445,0.0016465569744821707
224,7.4666667,approach,unknown_no_ground_truth,0.5809799794903963,-0.08570334498444043,0.13156588918787848,0.002266864270980901,0.18976891428809636,0.8740093,1.349113,-6.4643464,0.1977190894206935,10.978991464959979,0.021955783411548906,0.19649626433124204,0.0005144236364235963,0.0022077232492634796
225,7.5,approach,unknown_no_ground_truth,0.580968679621072,-0.0857838703553501,0.13157214874321785,0.002305362452747485,0.18976891428809636,0.8740093,1.3811102,-6.2551413,0.19779167350475013,10.981436729675723,0.021972216895675505,0.19656746371792833,0.0003783033137825551,0.0022741113959784463
226,7.5333333,approach,unknown_no_ground_truth,0.5809532771878203,-0.08585454873287074,0.13157261545954452,0.0021077381303664746,0.22718438215948078,0.8740093,1.3518132,-6.4466915,0.19785405323826974,10.983461312943371,0.02198100361001934,0.19662924976490248,0.00015230760491865707,0.002102227965679437
227,7.5666666,approach,unknown_no_ground_truth,0.5809306134343133,-0.08591904799658459,0.13156738987631944,0.002317205653650916,0.2295917382877164,0.8740093,1.3248293,-6.6231184,0.19790874042759135,10.984725430022023,0.021982370726965527,0.19668412471487876,1.2067143048696632e-06,0.002317205339444987
228,7.6,approach,unknown_no_ground_truth,0.5808990409005361,-0.08599849531479382,0.13155840451088568,0.0030129383219595417,0.2295917382877164,0.8740093,1.325877,-6.616269,0.19797517117239483,10.984477395919722,0.021981084057568052,0.19675111268908532,9.775926099524679e-05,0.0030113519320766947
229,7.633333,approach,unknown_no_ground_truth,0.580864920593293,-0.08610842505765279,0.13155448741622738,0.003911992530360071,0.2295917382877164,0.8740093,1.32467,-6.624161,0.19806945109616558,10.98613107088121,0.021988888005230876,0.1968451072844579,0.0004220319447878939,0.0038891611685775568
230,7.6666665,approach,unknown_no_ground_truth,0.5808321186577892,-0.08625056211532403,0.13155837862497374,0.004747806294740919,0.3655157446757322,0.8740093,1.3539263,-6.4328756,0.198194221829954,10.99025777698469,0.02200921949551068,0.19696838280287385,0.0007588169505103882,0.004686775165078822
231,7.7,approach,unknown_no_ground_truth,0.5808012020962147,-0.086418155031701,0.13156835442789486,0.005142049089653162,0.3655157446757322,0.86338747,1.3593335,-6.397522,0.1983433692307815,10.996160433459943,0.022039475756903605,0.19711507711532106,0.0009913357685876786,0.0050455844294116795
232,7.733333,approach,unknown_no_ground_truth,0.5807763350200923,-0.08658790575700795,0.1315829006093655,0.004695989771172347,0.3655157446757322,0.86338747,1.4120876,-6.0526037,0.19849612967925473,11.001177487321783,0.02207530848792431,0.197264782089471,0.0010220640810084576,0.004583416296308643
233,7.766667,approach,unknown_no_ground_truth,0.580758830125659,-0.08672697453399963,0.13159743402288485,0.0034592457322458994,0.3655157446757322,0.86338747,1.4053898,-6.0963955,0.19862199593765847,11.003650627972533,0.022107600049299674,0.19738781950849812,0.0008086435289043158,0.003363402544927182
234,7.8,approach,unknown_no_ground_truth,0.580750618484902,-0.08681577958066966,0.1316073568633615,0.002060774456761904,0.2590358090923622,0.86338747,1.3688649,-6.3352036,0.1987032372458516,11.004707844152707,0.022129232229726015,0.19746714555313763,0.0005043626295513722,0.0019981015238356493
235,7.8333335,approach,unknown_no_ground_truth,0.580746796578395,-0.0868629351680616,0.1316130703395631,0.0010219138652422727,0.08332225366655802,0.86338747,1.4013927,-6.122529,0.1987465127114924,11.005485986607372,0.022141224194674385,0.1975093478955884,0.00021521431866088943,0.0009989948673630566
236,7.866667,approach,unknown_no_ground_truth,0.5807429731039456,-0.08688324508176143,0.1316129528179374,0.00037208490222646326,0.04216895337356582,0.86338747,1.3913754,-6.1880245,0.1987646660797119,11.006000724472177,0.022143579838199316,0.19752735090039725,6.661453395418857e-05,0.00036607332370843816
237,7.9,approach,unknown_no_ground_truth,0.5807435764184792,-0.08688749668856187,0.13161436724389375,3.913564756075417e-05,0.01983331118151785,0.6985707,1.3402951,-6.522,0.19876879467574848,11.006031420767377,0.022145665159651787,0.19753127157867043,3.0326266701269014e-05,2.4736945202734022e-05
238,7.9333334,approach,unknown_no_ground_truth,0.5807441209108781,-0.08688489312956786,0.13161461822233939,9.84952453980776e-05,0.01983331118151785,0.6985707,1.4406872,-5.8656125,0.19876646807407564,11.005993734956725,0.022145601587513195,0.19752893752807374,-7.273315773791546e-05,6.641687384617734e-05
239,7.9666667,approach,unknown_no_ground_truth,0.5807391588916858,-0.08688465601664355,0.13161042606239323,0.0002909247754177509,0.01983331118151785,0.6985707,1.3867093,-6.2185326,0.19876502149452563,11.005884780858223,0.022140816286785207,0.1975280183261961,-0.00021095452830696256,0.0002003382438244274
240,8.0,approach,unknown_no_ground_truth,0.5807291438853343,-0.08688452304282303,0.13160230089648334,0.0004705157906014857,0.01983331118151785,0.6985707,1.4342595,-5.907638,0.19876240820880867,11.005877817177403,0.022131537964810693,0.19752642847041313,-0.0003374239062541315,0.0003279180030031048
241,8.033334,approach,unknown_no_ground_truth,0.580714823873132,-0.08688522018594937,0.1315905879912494,0.0005870846897300268,0.03105712910497644,0.6985707,1.4093491,-6.0705085,0.1987595228255059,11.004809632307824,0.022118307475451796,0.19752500699466938,-0.0004209405901844013,0.0004092400914507396
242,8.066667,approach,unknown_no_ground_truth,0.5806989504520863,-0.08688596606083934,0.1315774388369698,0.0005861487583835462,0.03105712910497644,0.6985707,1.3477691,-6.4731326,0.19875631206902783,11.003307181687898,0.022103475354067002,0.197523436494389,-0.0004197807994571866,0.00040908977909703164
243,8.1,approach,unknown_no_ground_truth,0.5806846815501342,-0.08688683479854686,0.13156577248505388,0.00039387513436153304,0.03105712910497644,0.6985707,1.3358306,-6.55119,0.19875360568531156,11.002648356914948,0.022090322140862796,0.19752218467965876,-0.00027803100138295195,0.0002789917270069289
244,8.133333,approach,unknown_no_ground_truth,0.5806786629537721,-0.08688803499292219,0.13156089649023314,0.00018132728795779902,0.03105712910497644,0.6985707,1.3474189,-6.4754224,0.19875325417189826,11.002275222740327,0.02208493977200607,0.19752243285051463,0.00013656199420546738,0.00011929126999389548
245,8.166667,approach,unknown_no_ground_truth,0.5806936807147437,-0.08688897995189458,0.1315735546328947,0.00035372271551439616,0.03105712910497644,0.6759678,1.3685924,-6.3369856,0.19875784356423926,11.00214179093606,0.022099426810915843,0.1975254305473996,0.0002685655087836513,0.00023020062328902793
246,8.2,approach,unknown_no_ground_truth,0.5806961482269344,-0.08688927650526354,0.131576670976884,0.0009677020070737787,0.03105712910497644,0.6759678,1.403481,-6.1088753,0.19875866186714594,11.002039170744617,0.022102844461561782,0.19752587155592163,-0.0006848477163664099,0.0006836890959217743
247,8.233334,approach,unknown_no_ground_truth,0.5806430382519294,-0.08688941805908224,0.1315335871150414,0.0034672536139535187,0.03105712910497644,0.6759678,1.3880196,-6.209966,0.19874563566021505,11.00166397937645,0.022053768815507666,0.19751824972648752,-0.0024990501915483827,0.0024034549639208405
248,8.266666,approach,unknown_no_ground_truth,0.5805172600690844,-0.08688934083626002,0.13143028764176712,0.006652503460136313,0.2421109868118404,0.6759678,1.4050444,-6.0986533,0.19871457125349706,10.997824698567095,0.021936243255385755,0.1975000811653041,-0.004800565937634332,0.004605471633345562
249,8.3,approach,unknown_no_ground_truth,0.5803001836535595,-0.08688970062936724,0.1312522585393216,0.010356449646793456,1.0322771264812336,0.6759678,1.4434915,-5.8472776,0.19866171188907622,10.982116014167346,0.021733728937334117,0.19746929076992406,-0.007471542413006177,0.00717161789676626
250,8.333333,approach,unknown_no_ground_truth,0.5799833352001098,-0.08688928104170537,0.13099255290138073,0.013754662142344077,1.339920612864584,0.6759678,1.3885443,-6.206535,0.19858433526855757,10.96195246672266,0.021438143588303066,0.19742376810693837,-0.00992966527820313,0.009518008095861261
251,8.366667,approach,unknown_no_ground_truth,0.5795914426453268,-0.08688945036008511,0.13067041884274877,0.015878250203526404,1.3481848159573526,0.6759678,1.3269861,-6.6090174,0.19849048200358063,10.941746571795775,0.021071749834976675,0.19736882429833225,-0.011463981637773072,0.010986171058862503
252,8.4,approach,unknown_no_ground_truth,0.5791653774157074,-0.08688988880796109,0.13032063928528032,0.016549773428001895,1.5086634602758604,0.6738109,1.3000561,-6.785092,0.19839007551104917,10.917580476599305,0.020673879797760614,0.19730994084279574,-0.011933180040744505,0.011467092684432901
253,8.433333,approach,unknown_no_ground_truth,0.5787379065193232,-0.08689003151655766,0.12997128744619618,0.016849356227391053,1.5499794537700697,0.6738109,1.3648134,-6.361693,0.198290423325002,10.892490113467758,0.020276205240678604,0.1972510265713372,-0.012132923644617955,0.011691576844523252
254,8.466666,approach,unknown_no_ground_truth,0.5782952602260629,-0.08688961555465186,0.12961023545948563,0.017216452900698075,1.615317523720809,0.6738109,1.3080883,-6.7325754,0.19818820922301425,10.870574051914543,0.019865019401892947,0.19719012977121264,-0.01239893312420169,0.011944568132148154
255,8.5,approach,unknown_no_ground_truth,0.5778488022535951,-0.08688876776281451,0.12924544236286994,0.016955781717288877,1.615317523720809,0.6738109,1.3215852,-6.6443295,0.19808637204252602,10.847874673382593,0.01944961034409336,0.19712920495561526,-0.012203813427064053,0.011771383584004003
256,8.533334,approach,unknown_no_ground_truth,0.5774190498642747,-0.08688764876711136,0.1288960526554193,0.016549852493329013,1.5499794537700697,0.6738109,1.3841652,-6.235167,0.1979894496359636,10.82339084850969,0.019051420925649876,0.19707071199918438,-0.011891212438209623,0.011510720407529554
257,8.566667,approach,unknown_no_ground_truth,0.5769923590613033,-0.0868871722295309,0.1285498684338738,0.016325003747207818,1.5086634602758604,0.6738109,1.3364999,-6.5468135,0.19789525038750627,10.799094926427701,0.01865686352268381,0.19701383598475958,-0.011724827092841106,0.011359321150021617
258,8.6,approach,unknown_no_ground_truth,0.5765738817938095,-0.0868856029513903,0.1282103749341711,0.015444975930028146,1.4063517611343892,0.6738109,1.3210768,-6.6476536,0.19780324857581286,10.779663460034765,0.018269766722699955,0.1969577131544813,-0.011094754276459,0.010744938763163962
259,8.633333,approach,unknown_no_ground_truth,0.5761927723799127,-0.08688448152922064,0.12790112754936783,0.013372129088819013,1.3728017098690066,0.6738109,1.3621335,-6.3792152,0.1977210026158235,10.760581587683312,0.017917212976967266,0.19690751218413297,-0.009602346417097899,0.009306383811883473
260,8.666667,approach,unknown_no_ground_truth,0.5758814803535102,-0.08688388622235267,0.12764885962194616,0.010686940402066587,1.3403744581566475,0.6738109,1.3912731,-6.1886935,0.197654980328794,10.741373284826778,0.017629612741483894,0.1968671836628981,-0.007660380396006237,0.007451796249617033
261,8.7,approach,unknown_no_ground_truth,0.5756385442635302,-0.08688300750528818,0.1274534282210692,0.008318462831870396,0.9318726972748348,0.6738109,1.3719845,-6.314807,0.19760348053129081,10.728265597163508,0.01740651961425144,0.19683533370052975,-0.005953948389505618,0.0058092445688155275
262,8.733334,approach,unknown_no_ground_truth,0.5754495342153407,-0.08688260930701361,0.12730106711554628,0.0061769056485991005,0.5798885151964173,0.6738109,1.4297867,-5.9368825,0.1975640444281199,10.72026394409333,0.017232684614487424,0.19681104194575502,-0.004427765600636086,0.004306861406815784
263,8.766666,approach,unknown_no_ground_truth,0.5753181830708037,-0.08688188921425852,0.12719469499177666,0.00407138728924842,0.3819231937342041,0.6738109,1.4117646,-6.054715,0.1975364299072454,10.716547813597312,0.017111334042966112,0.19679391095196544,-0.0029097595367389194,0.002847717313465383
264,8.8,approach,unknown_no_ground_truth,0.5752378563973952,-0.08688197096262897,0.1271311761970782,0.0026230934176571983,0.33567053329941327,0.67339724,1.4234322,-5.97843,0.1975199722825962,10.71116131720332,0.017038702202063268,0.1967836936277673,-0.001864626089257865,0.0018449359406265144
265,8.833333,approach,unknown_no_ground_truth,0.5751813627936798,-0.08688274428559029,0.12708579030088324,0.00184044783215241,0.2784806474820169,0.67339724,1.4349146,-5.903355,0.1975091782389215,10.706750120941605,0.016987025178194375,0.19677732710911958,-0.0013129218383449183,0.0012897614001324065
266,8.866667,approach,unknown_no_ground_truth,0.5751421217298582,-0.08688243171788115,0.12705443685653559,0.0012143918107141397,0.14820992292055737,0.67339724,1.3709756,-6.3214035,0.19750086735899205,10.704835172043811,0.016951174593632524,0.19677207700141391,-0.000861491338200233,0.0008559089578544781
267,8.9,approach,unknown_no_ground_truth,0.5751178472579879,-0.0868826406438899,0.12703558802995027,0.0005034117078354067,0.14820992292055737,0.67339724,1.3872107,-6.2152543,0.1974960674829889,10.704792981386964,0.016929592091015286,0.19676911745209696,-0.0003479982875469253,0.00036375890291533527
268,8.933333,approach,unknown_no_ground_truth,0.5751153718703279,-0.08688317913459917,0.12703418443929232,3.951067232233706e-05,0.14820992292055737,0.67339724,1.4751663,-5.64018,0.19749602574100725,10.704792981386964,0.016927975279004335,0.1967692146562719,3.461136761462213e-05,1.90564020530786e-05
269,8.966666,approach,unknown_no_ground_truth,0.5751193515266715,-0.08688331304169611,0.12703764287113112,0.00015984543216244554,0.14820992292055737,0.67339724,1.5494276,-5.154642,0.19749693954431544,10.704792981386964,0.01693189937693494,0.19676979420851243,0.00012820003924846293,9.547414372431702e-05
270,9.0,grasp_lift,unknown_no_ground_truth,0.5751227714836087,-0.08688391245255334,0.12704181757709465,0.00020381137102956293,0.7444535212097548,0.48966354,1.5919626,-4.8765388,0.19749807862327337,10.704859069880174,0.01693652193798049,0.19677053967636765,0.0001766963886037409,0.00010157490445649429
271,9.033334,grasp_lift,unknown_no_ground_truth,0.5751275509905633,-0.08688424959828474,0.12704843706947977,0.0004029641429169149,0.8411827750135792,0.48966354,1.586971,-4.9091744,0.19749912037231698,10.705092862775276,0.016943679294203002,0.1967709690981222,0.00034156958394684423,0.0002137997188939769
272,9.066667,grasp_lift,unknown_no_ground_truth,0.5751398354348274,-0.08688716881473971,0.12706230884308484,0.0006937863091470721,0.9368010273956228,0.48966354,1.5879941,-4.9024854,0.19750404910395597,10.70527307787063,0.016959293002063388,0.19677457100277976,0.0005588967534854379,0.0004110643036111921
273,9.1,grasp_lift,unknown_no_ground_truth,0.5751595056946195,-0.08689013637607779,0.1270813542913972,0.0009148968408567761,1.1102339323795258,0.48966354,1.4111146,-6.058965,0.19751059989608424,10.70697060089844,0.016980939192683186,0.19677927933460237,0.0007147662124230964,0.0005710914909084623
274,9.133333,grasp_lift,unknown_no_ground_truth,0.5751837069664576,-0.08689454693167983,0.12710403403810136,0.0009953779277637649,1.1102339323795258,0.48966354,1.3198904,-6.655411,0.19751945944408977,10.710423954451112,0.01700694393489364,0.19678592611536225,0.0007683781195643263,0.0006327497802876559
275,9.166667,grasp_lift,unknown_no_ground_truth,0.5752077693367937,-0.08690048007052345,0.1271257059036609,0.0008652799172649818,0.9368010273956228,0.48966354,1.2743403,-6.953228,0.19752983363841353,10.713835449550814,0.01703216430721366,0.1967941578305398,0.0006516015692537448,0.000569319532572132
276,9.2,grasp_lift,unknown_no_ground_truth,0.5752264382618253,-0.08690626749810623,0.12714097031556243,0.0005781286169441556,0.9114839518106425,0.38749978,1.2644945,-7.0176015,0.19753915909243114,10.716081581251581,0.01705038422051746,0.1968019404703052,0.0003982459635617114,0.00041908573136837556
277,9.233334,grasp_lift,unknown_no_ground_truth,0.5752375753893885,-0.08691226985237435,0.12714710795591166,0.0004517813948691977,0.8411827750135792,0.38749978,1.2536947,-7.088214,0.19754743145796386,10.717226723357857,0.017058713707678967,0.19680952203152766,0.000324374896480174,0.00031446359929797015
278,9.266666,grasp_lift,unknown_no_ground_truth,0.5752488118919898,-0.08691599024095423,0.12715863457150056,0.0005674487889520645,0.7416470292385052,0.38749978,1.2316599,-7.232282,0.19755306127253455,10.717973096076113,0.017072009073070982,0.19681402014175403,0.0004912654448670575,0.00028400068796173144
279,9.3,grasp_lift,unknown_no_ground_truth,0.5752604654346203,-0.08691475046161667,0.12717712462906222,0.0007487745985637109,0.45744831126528784,0.38749978,1.2233723,-7.286468,0.1975534335434743,10.718543657530173,0.017091464860199697,0.1968127052142429,0.000627637017105685,0.0004083321861094524
280,9.333333,grasp_lift,unknown_no_ground_truth,0.5752754226697885,-0.08690505189243894,0.12719942717483296,0.0009934718098186747,0.33506652560952543,0.38749978,1.2561423,-7.072211,0.19754628939827237,10.720351066532045,0.017113851439279668,0.19680358874761467,0.0007241179387037016,0.000680176041736178
281,9.366667,grasp_lift,unknown_no_ground_truth,0.5752973550546115,-0.08688841252352814,0.12722541641098378,0.0010755117220552274,0.33506652560952543,0.38749978,1.4358892,-5.8969827,0.19753411351464167,10.722941559447696,0.017139739421425725,0.196789113861974,0.0009105288007293469,0.0005724183499160191
282,9.4,grasp_lift,unknown_no_ground_truth,0.5753203592458145,-0.08690586990549704,0.1272552932413557,0.001923919594396822,0.33506652560952543,0.37030387,1.5328897,-5.2627707,0.1975545034374614,10.724000761164005,0.017174553068234715,0.19680654601747458,0.0011810331747276965,0.0015187584554156891
283,9.433333,grasp_lift,unknown_no_ground_truth,0.5753339363041212,-0.0869960085725481,0.1272848828093957,0.0043034320127390766,0.33506652560952543,0.37030387,1.6174132,-4.7101364,0.19764182593976362,10.72789802871214,0.017218475129748202,0.19689036409893215,0.001452019640232926,0.004051069741765173
284,9.466666,grasp_lift,unknown_no_ground_truth,0.5753300214452179,-0.08718716081852773,0.12731087488801424,0.007721149069758998,0.7997415573042818,0.37030387,1.6748469,-4.3346214,0.19782125187490684,10.735805402292288,0.017271354051178713,0.1970658469207543,0.0017647898351984648,0.007516758596298035
285,9.5,grasp_lift,unknown_no_ground_truth,0.5753040948043802,-0.08750766507490601,0.12733264309154357,0.01156171258177104,0.7997415573042818,0.37030387,1.7071413,-4.123473,0.19811874117886313,10.743184439566017,0.017336127991369705,0.19735879578210902,0.0021949002566538996,0.011351458526851224
286,9.533334,grasp_lift,unknown_no_ground_truth,0.5752568536803979,-0.0879531594697191,0.12735572559738606,0.014933109502226757,0.7997415573042818,0.37030387,1.6873211,-4.2530622,0.1985299211965461,10.744915485439831,0.01741768269795719,0.19776438996882145,0.0025489198740198254,0.014713965029227227
287,9.566667,grasp_lift,unknown_no_ground_truth,0.5751862155216347,-0.08849531384295183,0.1273744526994512,0.01717077949231766,0.7997415573042818,0.37030387,1.7035174,-4.1471667,0.19902775059834182,10.744915485439831,0.01750605564803431,0.19825635809195044,0.0026428803978161613,0.016966167851834895
288,9.6,grasp_lift,unknown_no_ground_truth,0.5751011437264739,-0.089086802777814,0.127387171171689,0.017976580347938646,0.607372692365868,0.37030387,1.7353996,-3.9387136,0.1995696658953398,10.746310250641828,0.01759387451839662,0.19879262341698817,0.0026371643786486385,0.01778209225726491
289,9.633333,grasp_lift,unknown_no_ground_truth,0.57501452245078,-0.0896811168857379,0.12739984920175398,0.01743808948326153,0.4741348360319161,0.36728275,1.7527183,-3.8254797,0.20011418697089797,10.746530309900526,0.017681866456202032,0.19933148127089348,0.0025954701834278557,0.017243853958821772
290,9.666667,grasp_lift,unknown_no_ground_truth,0.5749339966534752,-0.09023693781119833,0.12741444228921286,0.015417672871482878,0.19760068395523173,0.36728275,1.7407306,-3.903858,0.20062362145472296,10.746453161387578,0.01776690559224473,0.199835368619482,0.0023846758370216323,0.015232135698068878
291,9.7,grasp_lift,unknown_no_ground_truth,0.5748677666616351,-0.0906979875765882,0.12742993921478635,0.011937617946567019,0.19760068395523173,0.36728275,1.7514772,-3.833594,0.2010462615227448,10.746453886993145,0.017840845033514845,0.20025309865458263,0.001947759014308339,0.011777646499211102
292,9.733334,grasp_lift,unknown_no_ground_truth,0.574820900122714,-0.09102412049770248,0.1274445817768592,0.00795796150026977,0.19760068395523173,0.36728275,1.7199622,-4.0396466,0.20134501375536115,10.750093441009755,0.017896755531317088,0.20054805086462157,0.0014128356971650471,0.007831541772383776
293,9.766666,grasp_lift,unknown_no_ground_truth,0.574795538295893,-0.09122286532466936,0.12745737441213334,0.004378526652644429,0.19760068395523173,0.36728275,1.7338405,-3.9489076,0.20152764472365536,10.751991176382075,0.017935034516848667,0.20072799038684985,0.0008960314543042375,0.004285863189698786
294,9.8,grasp_lift,unknown_no_ground_truth,0.5747886306946705,-0.09131338596063193,0.12746669124870688,0.001741797232731335,0.1722068961550167,0.36728275,1.7366396,-3.9306061,0.20161178415855405,10.752674871929784,0.01795649040107899,0.20081054744228785,0.00045119297489769333,0.0016823443462482663
295,9.833333,grasp_lift,unknown_no_ground_truth,0.574791748723319,-0.09133807421783005,0.12747140216641775,0.0005389597207622144,0.16394065336526673,0.36728275,1.7137228,-4.0804415,0.2016358913644898,10.752755045007696,0.017965114409191896,0.2008339795717273,0.00017515558914636735,0.0005097039338624659
296,9.866667,grasp_lift,unknown_no_ground_truth,0.5747949001209613,-0.09134827065874895,0.12747258441869527,0.0006863847022818214,0.1722068961550167,0.36728275,1.7812257,-3.639092,0.2016464164714131,10.755313012904407,0.01796816724757929,0.20084427360899687,0.00012332282693341805,0.0006752151063799261
297,9.9,grasp_lift,unknown_no_ground_truth,0.5747934652824076,-0.09138378005765041,0.12747276060188512,0.0015260273723220834,0.19446528207208738,0.36728275,1.8206085,-3.3815978,0.20168007128952561,10.756630158594456,0.017973335884861476,0.20087760042503017,7.820690524385702e-05,0.0015240220539901712
298,9.933333,grasp_lift,unknown_no_ground_truth,0.5747812634730086,-0.09144878286192669,0.12746473947490788,0.0021730960145472386,0.19446528207208738,0.36728275,1.787316,-3.5992723,0.20173982996891607,10.756995403294201,0.01797338086745255,0.20093759373517106,0.00037373055519821766,0.002140717580754716
299,9.966666,grasp_lift,unknown_no_ground_truth,0.5747851704892483,-0.09152832884773726,0.12747774985451937,0.002602097572322317,0.19446528207208738,0.36728275,1.8153837,-3.4157588,0.20181604492665803,10.75703629898796,0.017998250543456034,0.2010118876266124,0.0013843904576558291,0.0022032645861623564
300,10.0,grasp_lift,unknown_no_ground_truth,0.5748168100490638,-0.09160515096090685,0.12753090984127358,0.0033193960639605956,0.21822585167806813,0.36728275,1.7771137,-3.6659772,0.20189362621426415,10.759540767198267,0.018065674671852758,0.20108373306808233,0.002576327158904159,0.002093066792945203
301,10.033334,grasp_lift,unknown_no_ground_truth,0.5748772262619495,-0.09167114040733593,0.12761953324673936,0.0039654104018749204,0.3421249413704655,0.36664015,1.5478534,-5.164935,0.2019655217286802,10.764340214739729,0.018170007991512353,0.20114652066771221,0.00337182317400393,0.002086932710594157
302,10.066667,grasp_lift,unknown_no_ground_truth,0.5749549815300852,-0.09171992026861069,0.1277248760888283,0.004104696190546745,0.3421249413704655,0.36664015,1.4329802,-5.9160028,0.20202420464647228,10.777731338847651,0.01829046223012497,0.20119452839092836,0.0035524961897105494,0.0020562834529269033
303,10.1,grasp_lift,unknown_no_ground_truth,0.5750343260420291,-0.09175263446349938,0.12782824473176296,0.0036218149824281225,0.3421249413704655,0.36664015,1.8114896,-3.4412193,0.20206815608834533,10.787144035408286,0.01840684070607472,0.20122804953625398,0.00313434831785177,0.001814773922371765
304,10.133333,grasp_lift,unknown_no_ground_truth,0.5750988651831586,-0.09177471951932345,0.12791087345211052,0.002538907979345346,0.3421249413704655,0.36664015,2.0396986,-1.9491352,0.2020997488028889,10.79232216242424,0.01849941928858593,0.20125128559136182,0.0021741875293893416,0.0013110920313354594
305,10.166667,grasp_lift,unknown_no_ground_truth,0.575138100015951,-0.09178848334355894,0.12795706414258745,0.0010496455983302602,0.1487053607210372,0.36664015,2.0909405,-1.6141037,0.20211964569947388,10.795061482763558,0.018551785230340824,0.2012664463899737,0.0008434294433209046,0.0006248060949074355
306,10.2,grasp_lift,unknown_no_ground_truth,0.5751446882253062,-0.09179689549368442,0.12795888782451748,0.00027914287976746284,0.08053469065462729,0.36664015,2.0552583,-1.8474023,0.20212934073323022,10.796509537593955,0.018555649274475262,0.20127582633106478,-5.869865264086989e-05,0.0002729014758168572
307,10.233334,grasp_lift,unknown_no_ground_truth,0.575145501836785,-0.09180393731826783,0.12794980457204927,0.00031440384792168734,0.08053469065462729,0.2290208,2.0220478,-2.0645406,0.20213708201502872,10.797970699384566,0.018547871635182796,0.20128431728119114,-0.00011986406769343364,0.00029065853654064157
308,10.266666,grasp_lift,unknown_no_ground_truth,0.5751531883801885,-0.09181219168220339,0.127947350646304,0.00037097996075873886,0.08053469065462729,0.2290208,2.0530462,-1.8618653,0.20214728458482734,10.799157966343671,0.018547658150146615,0.20129458274420717,7.534439157345899e-05,0.0003632483364627851
309,10.3,grasp_lift,unknown_no_ground_truth,0.5751642143914304,-0.09182010653709635,0.12795006525263258,0.0006172281893956049,0.08053469065462729,0.2290208,2.0324116,-1.9967794,0.2021576279564132,10.800152879292162,0.01855289472344924,0.2013044873775649,0.0003953641437013156,0.0004739808346968285
310,10.333333,grasp_lift,unknown_no_ground_truth,0.5751851867517838,-0.0918282493087104,0.12796763427268268,0.0012444690229296694,0.24793789805810112,0.2290208,2.145326,-1.258519,0.20216962635395833,10.80417297157431,0.018574015302454894,0.20131458907799826,0.0010047310630050777,0.0007343150822802243
311,10.366667,grasp_lift,unknown_no_ground_truth,0.5752210452688207,-0.09183465946037898,0.12800873119692435,0.002511450074582442,0.39015162628880706,0.2290208,2.173577,-1.0738063,0.20218201288092474,10.808294824876556,0.018619877415985964,0.20132279179863385,0.0021572621506900985,0.0012859243719286464
312,10.4,grasp_lift,unknown_no_ground_truth,0.5752882139412305,-0.09183845688892323,0.12809921473433208,0.005404341585801678,0.4109084605339115,0.2290208,2.285334,-0.34311244,0.2021962484185238,10.812270635804156,0.018717831173976546,0.2013280051822595,0.004749743552542,0.0025781474281179315
313,10.433333,grasp_lift,unknown_no_ground_truth,0.5754267988756083,-0.09183505733955599,0.12830449508578917,0.010018150541932424,0.7489238972811078,0.18256663,2.3109546,-0.17559984,0.20221350353496423,10.819951358722252,0.018936530116392652,0.201324883804849,0.008871269642505474,0.0046544511180999365
314,10.466666,grasp_lift,unknown_no_ground_truth,0.575656790070868,-0.09182371183253908,0.1286559787114124,0.0156381570246762,1.058439429427407,0.18256663,2.3577394,0.13029069,0.20223646197654288,10.830697157004998,0.01930924420206914,0.2013125421853654,0.013889701160578614,0.007185273606359788
315,10.5,grasp_lift,unknown_no_ground_truth,0.5759940977197175,-0.09180436264897246,0.12917864457604886,0.02213823154339384,1.8378429364739945,0.18256663,2.4885356,0.98546696,0.20226854723705212,10.846994311139017,0.019862514454041837,0.20129094793594313,0.019670194295016732,0.010157989577923835
316,10.533334,grasp_lift,unknown_no_ground_truth,0.5764578356314296,-0.09177713972294962,0.12989470526447683,0.028237088781727107,2.8117486093887365,0.18256663,2.374276,0.23841006,0.20231536874319858,10.871947749469227,0.020620608080374574,0.20126176723881764,0.02513621443192611,0.012864832175328538
317,10.566667,grasp_lift,unknown_no_ground_truth,0.577007731490938,-0.09173999299292025,0.13076359904573603,0.03301527657654905,3.0053118828765713,0.18256663,2.479134,0.92399734,0.20236948277513186,10.899738122451616,0.02153825594236799,0.2012200563801617,0.029581070019127874,0.01466181380148725
318,10.6,grasp_lift,unknown_no_ground_truth,0.5776145220024309,-0.09169578170957851,0.13176552013730544,0.03630754588716205,3.4859605062239893,0.18256663,2.3329573,-0.031741034,0.20242933171661295,10.931685643457165,0.022592681424884357,0.20116462185301917,0.03280189517005434,0.015565139305548906
319,10.633333,grasp_lift,unknown_no_ground_truth,0.5782387238341695,-0.09164529391805543,0.1328455460816224,0.038946728822870334,3.5001255267660656,0.18103023,2.3641903,0.17246814,0.2024901896130765,10.967071431307984,0.023725044661136323,0.20109549757606898,0.03554032172195329,0.01592900555283517
320,10.666667,grasp_lift,unknown_no_ground_truth,0.5788759247978782,-0.09158361481425414,0.13403219801772692,0.04217365733792188,3.8444203905671492,0.18103023,2.3596046,0.14248547,0.2025459470189526,10.995677588004531,0.02496203691736342,0.20100188398803764,0.03890543864840234,0.01627833581272524
321,10.7,grasp_lift,unknown_no_ground_truth,0.5795278466284561,-0.09151114343370162,0.13534056086587753,0.04547336356120436,4.185533416205507,0.18103023,2.6530735,2.0612545,0.20259877445753346,11.031061251278109,0.02631873469567266,0.20088202412289985,0.042400871192164014,0.016431461155812788
322,10.733334,grasp_lift,unknown_no_ground_truth,0.5801745852028142,-0.09142626866087296,0.1367669859593333,0.04794547358123186,4.467480189640691,0.18103023,2.6684144,2.1615562,0.20264393133336264,11.069839254617312,0.027788762186998463,0.2007295384400488,0.04519236734823445,0.016013068737466735
323,10.766666,grasp_lift,unknown_no_ground_truth,0.580785435922175,-0.09133216708590916,0.13827367440059507,0.049804150807654435,4.467480189640691,0.18103023,2.4510317,0.74025726,0.20267903269710644,11.11319826695498,0.02933155425377219,0.2005453819465628,0.047347039788890224,0.015450283521697347
324,10.8,grasp_lift,unknown_no_ground_truth,0.5813801549370778,-0.09123717306350745,0.1398548772745935,0.05021278473805244,4.467480189640691,0.18103023,2.394055,0.36772957,0.20271959051481803,11.153440307640345,0.030945230500588998,0.20034376727954606,0.04798351865339591,0.014795461763297539
325,10.833333,grasp_lift,unknown_no_ground_truth,0.5819276195233885,-0.09113603474925709,0.1414141867590657,0.04940263384211403,4.467480189640691,0.18103023,2.2963703,-0.27095544,0.20275446908818368,11.183054966665477,0.032530453284291945,0.20012782001598314,0.04733704631222732,0.014135921511243512
326,10.866667,grasp_lift,unknown_no_ground_truth,0.5824077395434015,-0.09098948569272086,0.14297415567944138,0.04742280504919053,4.0983414588668765,0.18103023,2.6275573,1.8944231,0.2027390364581969,11.203295838285538,0.03410103013566841,0.19985053577032097,0.045460625271350495,0.013500147727761334
327,10.9,grasp_lift,unknown_no_ground_truth,0.5827667367908997,-0.09080027024684105,0.1444437670982009,0.04522668293750657,3.8240888279588603,0.18103023,2.650039,2.0414135,0.2026592410601812,11.229036970972487,0.035561161929203174,0.19951484092501398,0.04319741050279101,0.013395393812169509
328,10.933333,grasp_lift,unknown_no_ground_truth,0.5829384564338751,-0.09053780651103156,0.14590761861716733,0.04395955443105714,3.8240888279588603,0.17947166,2.3889585,0.3344079,0.20246335025221948,11.186050872860838,0.036980853575014225,0.19905734014151866,0.04120213975970774,0.015324036837549892
329,10.966666,transport,unknown_no_ground_truth,0.5829199787352857,-0.09021429030263836,0.14731113011139318,0.04283430774301679,2.957664254755691,0.17947166,2.1871896,-0.98480445,0.20216078719653854,11.11709030342535,0.03830797129975675,0.19849806854178997,0.03865322760265847,0.01845822081676752
330,11.0,transport,unknown_no_ground_truth,0.5827402945154536,-0.08982740961543778,0.14866635343901607,0.043715233549753936,2.869376416684962,0.17947166,2.2962031,-0.27204818,0.20175712092241635,11.043394755489471,0.03955773072007186,0.19784115290601403,0.03775741683786793,0.022031775190415763
331,11.033334,transport,unknown_no_ground_truth,0.5824673806649725,-0.08936723508584052,0.15006273143795318,0.04477413199962122,2.84854765285512,0.17947166,2.3255486,-0.080180325,0.20126525769539014,10.925849707360399,0.04082516619049785,0.1970812263020251,0.03778703373401656,0.024017971977329803
332,11.066667,transport,unknown_no_ground_truth,0.5822067303678314,-0.08887851761434462,0.1514457017038194,0.04402556809865884,2.7473475661772038,0.17947166,2.451642,0.7442479,0.20075952412024656,10.854630697559985,0.04207686437479687,0.19630059604945882,0.03713151526975938,0.023653778137567645
333,11.1,transport,unknown_no_ground_truth,0.5820545142199609,-0.08836373787022006,0.15278981016373666,0.04299373997087967,2.84854765285512,0.17947166,2.3943124,0.36941314,0.2002706215358157,10.779924183692106,0.043300597356195035,0.19553357798326765,0.03682705738158726,0.022186246219153338
334,11.133333,transport,unknown_no_ground_truth,0.5820855356325262,-0.08784855385756948,0.1541177533174973,0.041560609813125406,2.84854765285512,0.17947166,2.3915842,0.35157537,0.19984630387640057,10.706505851100111,0.04453199899767067,0.19482157539228065,0.03646524450710778,0.019939163249136155
335,11.166667,transport,unknown_no_ground_truth,0.5823052858075588,-0.08740623653471558,0.1553776853089469,0.04041125428048877,2.84854765285512,0.17947166,2.510468,1.128866,0.1995553195535384,10.676439026396418,0.04573161040371694,0.19424455043062977,0.0363187106890073,0.017720629966525157
336,11.2,transport,unknown_no_ground_truth,0.582622889710164,-0.0870508529162484,0.15663429818585323,0.03975457377173412,2.84854765285512,0.17947166,2.6706643,2.176267,0.19938584586685013,10.680460044078915,0.04695324346297158,0.1937785036074596,0.036624131178125255,0.01546283128084001
337,11.233334,transport,unknown_no_ground_truth,0.5829137086019095,-0.08678031970418897,0.15788011351443187,0.039166095872525765,3.0654076719828565,0.17946427,2.5988398,1.7066612,0.1992965931754375,10.684765838122855,0.04817321674765648,0.19338684867260014,0.03685303856297109,0.013260339911632942
338,11.266666,transport,unknown_no_ground_truth,0.5830066901364515,-0.08653619469693713,0.1591652097245019,0.041637550047474214,3.176555243101586,0.17946427,2.4138184,0.4969478,0.1991814593394472,10.651058693028908,0.049410109898784124,0.19295568088134107,0.03866718223659115,0.015444565122986453
339,11.3,transport,unknown_no_ground_truth,0.5827988405087059,-0.08624909390983725,0.16060222407000696,0.04670604919062954,3.6254404010446493,0.17946427,2.2013316,-0.8923405,0.1989516099528078,10.58554096022917,0.05075102938904391,0.1923696340870008,0.04026595164931621,0.02366660450450033
340,11.333333,transport,unknown_no_ground_truth,0.5822114801178943,-0.08588144982875293,0.16210362022400998,0.05330607790492095,5.747496346309599,0.17946427,2.3389616,0.0075167106,0.19854350325850603,10.47512948267302,0.05209450406794579,0.19158727862797978,0.04047430739200034,0.034689600498468816
341,11.366667,transport,unknown_no_ground_truth,0.5812734754187717,-0.08535795143546562,0.16368576306920152,0.059149249054559934,6.699388649022414,0.17946427,2.4205081,0.5406872,0.1979004136297298,10.226619778754793,0.053449314273713966,0.1905459118388214,0.040653477479388744,0.04296426925424418
342,11.4,transport,unknown_no_ground_truth,0.5802092411780571,-0.08473191069810126,0.16530034120210485,0.060905854122619715,6.699388649022414,0.17946427,2.287443,-0.3293245,0.1971416727509332,9.970118012955277,0.05480473332377541,0.18937074837562928,0.041690605472119016,0.04440063605145712
343,11.433333,transport,unknown_no_ground_truth,0.5792644789142882,-0.08407665162308066,0.16697345848509862,0.05922775079401154,6.699388649022414,0.17946427,2.386816,0.32040018,0.1964155979943507,9.713002250387232,0.05622868725592968,0.18819516961110677,0.0437336628536878,0.039941121635696505
344,11.466666,transport,unknown_no_ground_truth,0.5785900515683009,-0.08346922928279951,0.168672972001222,0.056230632098062956,6.699388649022414,0.17946427,2.6661985,2.1470685,0.19583646093297144,9.536212590290944,0.057720306157194194,0.1871370772665615,0.04568833001548325,0.03277896408588899
345,11.5,transport,unknown_no_ground_truth,0.5781933639362984,-0.08295451156907974,0.1703861238704996,0.0532830213579733,2.8019885101460695,0.17946427,2.4970076,1.0408586,0.195446013427394,9.45469509104247,0.05927457478485383,0.18624088957244556,0.04661472346395571,0.025809841561179245
346,11.533334,transport,unknown_no_ground_truth,0.5779944838470628,-0.08255935741706692,0.17205467361208612,0.05023390572226865,2.783170909001929,0.17946427,2.1471155,-1.2468184,0.19523708381348726,9.380695793504946,0.060827996077843005,0.18551947010798772,0.04608002267863033,0.020001919759130352
347,11.566667,transport,unknown_no_ground_truth,0.5779267236206491,-0.08227356500561461,0.173654231111592,0.04624688505768445,2.2822314742402954,0.17946427,2.307492,-0.19823882,0.19517493014926515,9.317889015514272,0.062346574390679727,0.18494906872033165,0.04339011849912867,0.016002249659665048
348,11.6,transport,unknown_no_ground_truth,0.577886535105278,-0.08205032690879364,0.1750935633498501,0.04094719684295899,2.149551073256598,0.17946427,2.1968846,-0.9214159,0.19516868751766162,9.25518250933772,0.0637206637250281,0.18447355800170528,0.03828832425896999,0.014514721999955812
349,11.633333,transport,unknown_no_ground_truth,0.5777974306751676,-0.08181353954997019,0.1763418981513692,0.035161987709903704,1.9636018781546785,0.17946427,2.4105659,0.47568214,0.1951154577598288,9.199034658617396,0.06489913253075857,0.18400582722724457,0.032118763422363784,0.014309102555004824
350,11.666667,transport,unknown_no_ground_truth,0.577707970237235,-0.08154367291043824,0.1773753030201723,0.02921977888305576,1.7717865233969143,0.17946427,2.3886607,0.3324609,0.1950035403438147,9.161275021247553,0.06586190637955676,0.18354451785513035,0.02583158114426805,0.013657411671388049
351,11.7,transport,unknown_no_ground_truth,0.5776608824182645,-0.08124492955825334,0.17820004190318,0.023700701970907755,1.471414561330827,0.17946427,2.4109073,0.4779144,0.1948471078468505,9.130047625620167,0.0666212421457211,0.18310381080480928,0.01972826225309061,0.013134646641119465
352,11.733334,transport,unknown_no_ground_truth,0.5776604071729166,-0.08090101419016144,0.17881795858213398,0.019405158235728324,1.471414561330827,0.17942733,2.3977149,0.3916593,0.1946297509244024,9.09321016973219,0.06717711676039784,0.18266903111544333,0.014192640024529793,0.013233636510338717
353,11.766666,transport,unknown_no_ground_truth,0.5776534422932769,-0.08052236426407058,0.17927309836454774,0.01767039867227129,1.471414561330827,0.17942733,2.3594823,0.14168578,0.1943514578463999,9.063941892599656,0.06756742200939046,0.18222824328304846,0.009915971284530355,0.014625884681665464
354,11.8,transport,unknown_no_ground_truth,0.57752333101419,-0.0800630472780007,0.17963451599440006,0.020181201851414393,1.471414561330827,0.17942733,2.5380132,1.308963,0.19394585417421364,9.043760407571671,0.06783817743447057,0.1816947330929948,0.007088967779202888,0.018895169858801346
355,11.833333,transport,unknown_no_ground_truth,0.5772133877650417,-0.07945945466334833,0.17997073492317756,0.025770000292310778,2.5575246800967313,0.17942733,2.5002403,1.0619949,0.1933484463904275,8.977428941056896,0.06804002140967697,0.18098115152734198,0.00504654239919621,0.02527103727350368
356,11.866667,transport,unknown_no_ground_truth,0.576722796158154,-0.07869000046613066,0.18028676248278125,0.03245700973235644,4.573805728514799,0.17942733,2.435517,0.6388191,0.19253995742218205,8.857224218611409,0.06817461132192011,0.18006625884723879,0.004239745830926435,0.03217890669453241
357,11.9,transport,unknown_no_ground_truth,0.5760656271793776,-0.07776047411794235,0.18066218706871318,0.03819311353836205,5.402704193667877,0.17942733,2.4813187,0.938281,0.19154530293695607,8.667950658073005,0.06832267050433306,0.17894584592095625,0.005525975763438343,0.03779123593660449
358,11.933333,transport,unknown_no_ground_truth,0.5753259370356464,-0.07673787116966227,0.18113597291732145,0.04148535038347404,5.402704193667877,0.17941995,2.3477633,0.06506429,0.19046045492118657,8.480444576036675,0.068543011395288,0.17769929790984196,0.008995157696865385,0.04049841273986097
359,11.966666,transport,unknown_no_ground_truth,0.5746410560775438,-0.0756657466484518,0.18177201984747998,0.04380495330008748,5.402704193667877,0.17941995,2.456966,0.7790567,0.1893795774871656,8.320133783585863,0.06892234259103011,0.17639255953974375,0.015148225137212713,0.04110237473449876
360,12.0,transport,unknown_no_ground_truth,0.5741221360189535,-0.07454928119481513,0.1826490044649916,0.04813428659820599,5.402704193667877,0.17941995,2.5308626,1.2622104,0.1883568112196455,8.170257706810178,0.06955289926802992,0.17504480151162577,0.02339719165747911,0.04206519902319996
361,12.033334,transport,unknown_no_ground_truth,0.5737918297319555,-0.07334478542401068,0.18381887246907996,0.05526399377783784,5.402704193667877,0.17941995,2.5844064,1.6122924,0.18737219107626588,8.05061470632924,0.0704821762933937,0.1736104858977926,0.031084982054437542,0.04569281014505669
362,12.066667,transport,unknown_no_ground_truth,0.5735389002052795,-0.07197653177637545,0.18522087783710667,0.06181420628762683,5.402704193667877,0.17941995,2.4627526,0.81689125,0.18631700556225797,7.941393982693841,0.07162522334041102,0.17199957541553032,0.0354455520795364,0.050641968136577765
363,12.1,transport,unknown_no_ground_truth,0.5732939675091214,-0.07046266973851273,0.18672193208011076,0.06460461812545283,4.956943970567368,0.17941995,2.2529423,-0.55489755,0.18516573774296324,7.829289431032118,0.07284521301860508,0.17023491232461654,0.03600603544829207,0.05364067574548183
364,12.133333,transport,unknown_no_ground_truth,0.5730403232701946,-0.06889793956517551,0.18819134607256677,0.06395879166749165,4.426043071520848,0.17939779,2.1889825,-0.973082,0.18397511547107376,7.683761458432981,0.07402562457476641,0.16842520600821798,0.03434201008993028,0.05395695853686275
365,12.166667,transport,unknown_no_ground_truth,0.5727175442353648,-0.06736303986504252,0.18959264471115844,0.05963092444005616,4.426043071520848,0.17939779,2.5176811,1.1760269,0.1827935561255509,7.527228853049427,0.07513467610478343,0.1666381247123665,0.0314802957366939,0.05064423096371371
366,12.2,transport,unknown_no_ground_truth,0.5723384471721129,-0.06602694732870464,0.1908500225780274,0.05169525441406368,4.016582813889405,0.17939779,2.5936995,1.6730527,0.18176003915738967,7.407420174386014,0.07612431240048292,0.16505090395405145,0.02810192540742772,0.04338987344220008
367,12.233334,transport,unknown_no_ground_truth,0.5719213609404752,-0.0649886098841162,0.19196022226934045,0.04399705355378,4.011340437954288,0.17939779,2.3280115,-0.06407754,0.18096574402243493,7.308546421017489,0.07700813295619029,0.1637630848762784,0.02476681597502529,0.03636406946249853
368,12.266666,transport,unknown_no_ground_truth,0.5714487170419892,-0.06415785737742244,0.19292804928343343,0.04090394145852254,4.011340437954288,0.17939779,2.1805785,-1.0280294,0.1803194306426559,7.19381827228469,0.07777543525289922,0.16268398427169672,0.02093326300007656,0.035141584013983554
369,12.3,transport,unknown_no_ground_truth,0.570906249953421,-0.06322761088329573,0.19377806825782423,0.04394063188244671,4.011340437954288,0.17939779,2.2362566,-0.66399276,0.17953788773688936,7.109344496060921,0.07840367848494002,0.16151382706460163,0.016213091121277678,0.04084011271436256
370,12.333333,transport,unknown_no_ground_truth,0.5703196990659952,-0.06196224155115426,0.19450468489337683,0.05199912342646623,4.011340437954288,0.17938301,2.3127985,-0.16354379,0.17840884589890643,6.99328368804332,0.07885631201632731,0.1600356158802264,0.011427705908772423,0.05072786586072272
371,12.366667,transport,unknown_no_ground_truth,0.5697863865020074,-0.06024531111810279,0.1951452590568813,0.06278224495527496,4.011340437954288,0.17938301,2.5175138,1.1749326,0.1768625774275568,6.805419818008388,0.07916552068692972,0.15815559309959867,0.008054483142351378,0.06226343696692085
372,12.4,transport,unknown_no_ground_truth,0.5693808117968665,-0.058079111140998146,0.1957528566367181,0.07371250949082161,4.011340437954288,0.17938301,2.4580553,0.78617907,0.1749381691067013,6.614745235588628,0.07939327940602055,0.1558847978334076,0.006304016735841697,0.07344244977142779
373,12.433333,transport,unknown_no_ground_truth,0.5690409187415228,-0.055545108690281245,0.19637060230124798,0.07850577976638269,4.1156794837362005,0.17938301,2.3556616,0.11670543,0.17270831866704708,6.479467777682078,0.07958578703129625,0.15327839325686918,0.004952585540507284,0.07834940557012376
374,12.466666,transport,unknown_no_ground_truth,0.5687213813019093,-0.053021881713232924,0.1969281644495685,0.07290986861746793,4.532547069275924,0.17938301,2.1421735,-1.27913,0.17048711781305886,6.383609955542873,0.0797234530582443,0.15069846838197704,0.002560449544752156,0.07286489580000244
375,12.5,transport,unknown_no_ground_truth,0.5683243417010071,-0.0508361250528874,0.1973390262252961,0.06321434374055651,4.532547069275924,0.17938301,2.1142678,-1.461584,0.16851527074387937,6.292332757443724,0.07975648048237423,0.14844628757549858,-0.0020959405374637594,0.06317958758818115
376,12.533334,transport,unknown_no_ground_truth,0.5677489297492484,-0.048963747292006005,0.19751688866451986,0.05781796577306316,4.532547069275924,0.17936824,2.2246425,-0.73992836,0.16671019785642188,6.170324071122049,0.07958372181458281,0.1464879561310978,-0.009223373559060746,0.057077548531144204
377,12.566667,transport,unknown_no_ground_truth,0.5670201419244747,-0.047209905479618716,0.19742263304747254,0.058297390815452835,4.532547069275924,0.17936824,2.2817335,-0.36665398,0.16488605311945298,6.053887208119402,0.07914159723349293,0.14465136743440296,-0.01656029416304261,0.05589581767112046
378,12.6,transport,unknown_no_ground_truth,0.5662990141675495,-0.04538035418442808,0.19711457592877157,0.062428916477463556,4.532547069275924,0.17936824,2.37094,0.21659881,0.1629288974230442,5.917113024093143,0.07847969694010241,0.1427822215252254,-0.021139784525395527,0.05874077904462936
379,12.633333,transport,unknown_no_ground_truth,0.5657521300291256,-0.04330633141302724,0.19673283602239,0.06842073133076111,4.532547069275924,0.17936824,2.3315141,-0.041176673,0.160776746131189,5.771350503794476,0.07773228208434027,0.14073682680270064,-0.02114752157383898,0.0650705679022414
380,12.666667,transport,unknown_no_ground_truth,0.5654812258064872,-0.04094318180769671,0.19644454052185883,0.07334567203895065,4.107872244422134,0.17936824,2.2330453,-0.68498874,0.1584726670559587,5.683170828320435,0.07706986591635497,0.13846957056141904,-0.016367308119147845,0.07149614557287814
381,12.7,transport,unknown_no_ground_truth,0.5654736568576992,-0.03843724800897155,0.19638115292935432,0.07208515031155743,3.3572187820599444,0.17936824,2.39645,0.38338965,0.15619227033475347,5.638152183695371,0.07664112259334789,0.13609615586031856,-0.007345694041585575,0.07170989941763439
382,12.733334,transport,unknown_no_ground_truth,0.5656567344283306,-0.036144538574311894,0.1966359852408823,0.06295016112019915,3.3572187820599444,0.17936085,2.5456898,1.3591545,0.15427197424455347,5.595443115835635,0.07658016394127377,0.13392281556194893,0.004000884264181024,0.06282289160937804
383,12.766666,transport,unknown_no_ground_truth,0.5658835390754806,-0.034343326970928484,0.19720818008726548,0.050994422483715295,3.3572187820599444,0.17936085,2.4112082,0.47988164,0.15292212139600697,5.551944997615577,0.07690783686615191,0.13217548880493865,0.014105756758647975,0.049004680906149206
384,12.8,transport,unknown_no_ground_truth,0.5660146478197435,-0.0330544434495991,0.19800732944581906,0.04168343766115791,2.7528053550934777,0.17936085,2.2934248,-0.29021332,0.15208940621963124,5.526899801396966,0.07752055495514099,0.13085010907021427,0.020396603443014506,0.036352270124987325
385,12.833333,transport,unknown_no_ground_truth,0.5660024896091336,-0.03214630364347835,0.1989055975181384,0.037140857944971115,2.7528053550934777,0.17936085,2.134681,-1.328118,0.15159642631390752,5.481091112505322,0.07826760531745376,0.1298293434822008,0.021900688742109112,0.02999671917909989
386,12.866667,transport,unknown_no_ground_truth,0.5658762075840367,-0.031322631243266515,0.1997715566295084,0.037073060338046915,2.7528053550934777,0.17936085,2.1981533,-0.91312134,0.15114112395814513,5.432665006476216,0.07898059847592528,0.1288631227920388,0.018941661277157493,0.031868876210025036
387,12.9,transport,unknown_no_ground_truth,0.5656863886637808,-0.030293146155056107,0.20051007921324254,0.042529251599179516,3.0795923619280288,0.17936085,2.2705398,-0.43984136,0.15044690786874554,5.380988619874545,0.0795303862296339,0.12770743812884225,0.012946488515783533,0.04051080938091707
388,12.933333,transport,unknown_no_ground_truth,0.5655069184380197,-0.028829696757070825,0.2010706980733115,0.05198383271900868,2.7528053550934777,0.17936085,2.3470857,0.060634073,0.1493163552122919,5.32649798311827,0.07984369009264594,0.12617590533169493,0.005867985922130223,0.05165157892432291
389,12.966666,transport,unknown_no_ground_truth,0.5654038067086703,-0.02696684419570161,0.20144071406086414,0.061345984619516,2.5477603311667796,0.17932393,2.228151,-0.7169885,0.14779566006684305,5.272865808419215,0.07992159168167079,0.12432254951400458,-0.0003655970419176209,0.061344895205231495
390,13.0,transport,unknown_no_ground_truth,0.5653945099298642,-0.024784528622873017,0.20166224339584254,0.0680767006980896,2.2596686241566615,0.17932393,2.2512882,-0.56571275,0.14597747102905836,5.22269564104921,0.0798193117959945,0.12222233638927621,-0.0049172592861355825,0.06789887877609016
391,13.033334,transport,unknown_no_ground_truth,0.565438680446025,-0.022440806112103116,0.2017751005134116,0.07196645471669337,2.2596686241566615,0.17932393,2.3572662,0.1271964,0.1440040339335206,5.175980664438794,0.07959376999819441,0.12000830624003107,-0.00792117608037136,0.07152919385812781
392,13.066667,transport,unknown_no_ground_truth,0.5654562184992006,-0.019990064263823867,0.20182887762782475,0.0745358909891825,2.5477603311667796,0.17932393,2.354859,0.11145838,0.14191784698330914,5.13519484520666,0.0792912361257144,0.11770121140427633,-0.009557064298375955,0.07392064371708355
393,13.1,transport,unknown_no_ground_truth,0.5653949761287467,-0.017472851558176853,0.20187018335984863,0.0763647821219914,2.8474559508081603,0.17932393,2.3345857,-0.021094179,0.13975626070168343,5.081445746493539,0.07895663203971545,0.11531549185717364,-0.00993028350499773,0.07571637483430904
394,13.133333,transport,unknown_no_ground_truth,0.5652486143819013,-0.014904481867842715,0.20193759650896626,0.07581604849407603,2.8474559508081603,0.17932393,2.336662,-0.0075182696,0.13754637420321852,5.006712780808532,0.07862921767966963,0.11285588679167315,-0.009613880034731964,0.07520403260420194
395,13.166667,transport,unknown_no_ground_truth,0.5650125040305263,-0.012435064508946528,0.2020162437698169,0.07058409911704601,3.8138819730456337,0.17927222,2.1992583,-0.9058961,0.13540814863599065,4.909150405940699,0.07831570768450304,0.11046273872624203,-0.009811530086788088,0.06989884781254287
396,13.2,transport,unknown_no_ground_truth,0.5646614149170295,-0.010236821958260752,0.20204203727003894,0.059725793475911906,4.056108730330493,0.17927222,2.253756,-0.54957724,0.13344912768405845,4.818739572130202,0.0779751171010355,0.10829843393473398,-0.010320287126656285,0.05882739225862943
397,13.233334,transport,unknown_no_ground_truth,0.5642452804377269,-0.008528027771243361,0.20199659796389438,0.04724021442451028,4.056108730330493,0.17927222,2.2196012,-0.77289,0.1318562471678905,4.750243646157272,0.07762768897471277,0.10658335621308368,-0.01018795361863247,0.04612855362937693
398,13.266666,transport,unknown_no_ground_truth,0.563802506816306,-0.0072096204774824,0.2019125554200933,0.04029742309884612,4.056108730330493,0.17927222,2.1611834,-1.1548393,0.13056841765262003,4.694391738840292,0.07729592042133396,0.10523047265183137,-0.01013708021804223,0.039001562956635386
399,13.3,transport,unknown_no_ground_truth,0.5632531331509962,-0.006038584254732941,0.2018080745266058,0.041884347211340996,4.269467396015625,0.17927222,2.52873,1.2482666,0.12936158313452356,4.641266613087393,0.07695188389188751,0.10398474290279185,-0.011088575106895168,0.040389875506355706
400,13.333333,transport,unknown_no_ground_truth,0.5625091187217498,-0.004744509667819349,0.201695273486045,0.05174939636846186,4.300776569805911,0.17927222,2.5203278,1.1933316,0.12798615826271476,4.59057573742971,0.07655668427808045,0.10256476392599448,-0.013202078603456208,0.05003703773254706
401,13.366667,transport,unknown_no_ground_truth,0.5614805338684346,-0.0030874467170722043,0.2015823113103058,0.06677051754549769,4.388462086627522,0.17922051,2.2309163,-0.6989091,0.12621838830664028,4.508864737666976,0.0760717435617908,0.10071827727972203,-0.015984378532387086,0.06482901862767151
402,13.4,transport,unknown_no_ground_truth,0.5601799291854834,-0.0009574167442096609,0.2014777828269056,0.0804726192251818,6.305991372843096,0.17922051,2.2856734,-0.34089422,0.12397966300814182,4.390805382823097,0.07549106282632356,0.09834661292065161,-0.018101582296632765,0.07841030010986651
403,13.433333,transport,unknown_no_ground_truth,0.5587003777903491,0.001497158329291968,0.20139870982579833,0.08680558650293378,6.305991372843096,0.17922051,2.4377844,0.6536436,0.12143761917444265,4.274447081581189,0.07486497123205961,0.09561553970553033,-0.018255376922896915,0.08486430970391075
404,13.466666,transport,unknown_no_ground_truth,0.5571624853345605,0.00397944016615189,0.20136725604982006,0.08241084602476388,6.305991372843096,0.17922051,2.2079222,-0.8492496,0.11889203811443895,4.1604213546067985,0.07427403788109987,0.09283686780499514,-0.015231063718667115,0.08099112445518486
405,13.5,transport,unknown_no_ground_truth,0.5557881493882811,0.006155680594353102,0.20143853376896048,0.06945627441354402,6.305991372843096,0.17922051,2.2077959,-0.8500758,0.11671458506388516,4.076154959258212,0.07384957268705267,0.09037994788986442,-0.009224425859891342,0.06884100538897509
406,13.533334,transport,unknown_no_ground_truth,0.5546735466348676,0.007874147360062107,0.20164616261267998,0.05370774463661165,3.3998027040540384,0.17922051,2.158642,-1.1714549,0.11507239546312073,4.016441538948861,0.0736590679072734,0.08840813261602429,-0.003164417489258016,0.053614441113427315
407,13.566667,transport,unknown_no_ground_truth,0.5537763761179091,0.009077863871904918,0.20192205707873145,0.03828540762454197,2.9664865576956645,0.17912449,2.1491635,-1.233428,0.11396112166084431,3.971033121859199,0.07363860688538694,0.08697409284480755,0.00021939074022984343,0.03828477902091688
408,13.6,transport,unknown_no_ground_truth,0.5530350204136256,0.009763245396128814,0.20215704469496715,0.026396829390206485,2.9283616228412495,0.17912449,2.207429,-0.8524748,0.11330545359400332,3.940121025748007,0.07367369550387914,0.08608317143869955,0.00021138450155090563,0.02639598299833088
409,13.633333,transport,unknown_no_ground_truth,0.5523847408438709,0.010097049262644485,0.20227061487547793,0.02015491613991927,2.4553284249088745,0.17912449,2.1590765,-1.1686147,0.11290566170785037,3.913775800107144,0.07365270080469052,0.08557434259088578,-0.0024450113227674703,0.02000606318691204
410,13.666667,transport,unknown_no_ground_truth,0.5517990071269387,0.010285035370440801,0.20223065580039495,0.017952733670085638,2.4553284249088745,0.17912449,2.220036,-0.77004665,0.11256794530324656,3.8987365177831506,0.07351069141414031,0.08525092701906384,-0.006131516274410683,0.016873208183557253
411,13.7,transport,unknown_no_ground_truth,0.5512730329131809,0.010485857762428745,0.20205758959914688,0.018469543392670196,2.9283616228412495,0.17912449,2.44565,0.7050712,0.11217079830333154,3.8961433063284723,0.0732439370399408,0.0849565399418778,-0.009819580930878693,0.015642885394825688
412,13.733334,transport,unknown_no_ground_truth,0.5507775756468318,0.010798828960773544,0.2017737068455242,0.020621668556577467,2.9664865576956645,0.17912449,2.406518,0.44921622,0.11163562105881367,3.897619349508579,0.07285604981605175,0.08458432416463481,-0.012881812242653046,0.01610317134611595
413,13.766666,transport,unknown_no_ground_truth,0.5503162021353568,0.011239213481948665,0.201419675514296,0.023862240977671503,2.9283616228412495,0.17912449,2.32521,-0.08239388,0.11097092649332048,3.9022038705338535,0.07238515277902649,0.08411263985836452,-0.014804069833801852,0.01871486203081345
414,13.8,transport,unknown_no_ground_truth,0.5498478155581512,0.011866588567539742,0.20104835232754997,0.029890137357935723,3.4073199157633196,0.17876993,2.2382271,-0.651109,0.11014325055617716,3.9108332871038147,0.07186911144881124,0.08346476180184767,-0.015905764168758687,0.025306658757807146
415,13.833333,transport,unknown_no_ground_truth,0.5493370761290701,0.012819461707768789,0.20070214763267175,0.04113633496045706,3.7947720170079973,0.17876993,2.3434038,0.036560956,0.10905128393605308,3.92298308431927,0.07132477034992714,0.08249217940284899,-0.016517894593013872,0.03767435748878811
416,13.866667,transport,unknown_no_ground_truth,0.5487717314683943,0.014312287861035809,0.200430662826228,0.05838066831568222,3.895233460557712,0.17876993,2.4852953,0.96428084,0.10754323668051395,3.9250258639345263,0.07076791914036686,0.0809780796034553,-0.016183599326854738,0.05609272275272015
417,13.9,transport,unknown_no_ground_truth,0.5482030297209365,0.016520989300100253,0.20030156626385004,0.0775304396629977,3.895233460557712,0.17876993,2.7584002,2.7499049,0.10553066558933968,3.908832534494197,0.07024586378932493,0.07875430147122538,-0.014527113254512843,0.07615728497542625
418,13.933333,transport,unknown_no_ground_truth,0.5476413169137959,0.01935508388786029,0.2003416820467947,0.09306487896561971,3.4073199157633196,0.17876993,2.5187378,1.1829357,0.10311922898995854,3.875602028839766,0.0697994479833447,0.07590528603927309,-0.012374100949098472,0.0922385674356826
419,13.966666,transport,unknown_no_ground_truth,0.5470467129201267,0.022612735746889323,0.20051832336465097,0.10118782975053324,3.0968815949904993,0.17876993,2.2509108,-0.5681804,0.10046411087892237,3.8348111303670667,0.06942092259809507,0.07262074827707095,-0.01082084364324226,0.10060758536249344
420,14.0,transport,unknown_no_ground_truth,0.5463691772509205,0.02596689603135046,0.20075655807957185,0.09761216870811137,3.0968815949904993,0.17750682,2.2806604,-0.3736703,0.0977873042853493,3.807276172524562,0.06907806008778167,0.0692140050416411,-0.009412388517250691,0.09715730761142531
421,14.033334,transport,unknown_no_ground_truth,0.5456490530489234,0.028949814050285468,0.20100452338756666,0.08258660691499758,2.5583092925432016,0.17750682,2.3803592,0.27818376,0.0954373459028209,3.796704445322284,0.0687934216123409,0.06614946814481122,-0.007469561618930311,0.08224812028826756
422,14.066667,transport,unknown_no_ground_truth,0.5449231022506079,0.03125863273694671,0.2012256862344361,0.0622433804227354,2.4265107539944273,0.17750682,2.3454583,0.04999345,0.09362081987993966,3.7917244104888423,0.0685800877756209,0.06373091459943311,-0.005401699148260759,0.06200854822329773
423,14.1,transport,unknown_no_ground_truth,0.5442308836573875,0.03282932954991103,0.20140049316263042,0.044768517110838756,1.8561639256010958,0.17750682,2.436611,0.64597106,0.0923647870388486,3.78487380716535,0.06843331055586802,0.0620333449936079,-0.0032631521441520575,0.04464943406570321
424,14.133333,transport,unknown_no_ground_truth,0.5436112385363413,0.03391704954854628,0.20157143257734306,0.03494381941429149,1.5432026891757562,0.17750682,2.4586675,0.7901821,0.09149915992959157,3.7748709011973642,0.06836254235971148,0.060816601926921496,-0.0012266596617417995,0.034922282590530505
425,14.166667,transport,unknown_no_ground_truth,0.5430855089160508,0.034825012372495315,0.20176423807871915,0.03174872734916449,1.3106882464402403,0.17750682,2.3415158,0.024216529,0.090812908935588,3.7686305700793072,0.06835153500531577,0.05979173932710515,-0.00012211105091906134,0.03174849251827287
426,14.2,transport,unknown_no_ground_truth,0.5426130801122727,0.03574142391820012,0.20196545018968132,0.0342958809276008,1.3106882464402403,0.17396127,2.5717888,1.5297956,0.09014622669580313,3.7609527667657856,0.06835440126134727,0.05877089429040413,-0.0004812059184666883,0.03429250485841192
427,14.233334,transport,unknown_no_ground_truth,0.5421320327105883,0.03686506337867962,0.20216006417029245,0.041198071286452274,1.2766474459160948,0.17396127,2.4383128,0.657098,0.08932928889374599,3.741394756576517,0.06831945353195254,0.05755149106111594,-0.001994565534913329,0.04114976046164229
428,14.266666,transport,unknown_no_ground_truth,0.5416068995890941,0.03826971467601903,0.2023379562332362,0.04699283745483532,1.1817881735014544,0.17396127,2.1436453,-1.2695073,0.088297567202234,3.727963894379624,0.06822143218456986,0.056056191134603195,-0.0034272103298304303,0.0468676967794629
429,14.3,transport,unknown_no_ground_truth,0.5410961151264084,0.03980209903475013,0.20249989299863907,0.04728782494519932,1.0941318636482278,0.17396127,2.3213172,-0.10784656,0.08718142009753468,3.719297441068144,0.06809097210560115,0.05444464645800419,-0.004109706541368782,0.047108902557708186
430,14.333333,transport,unknown_no_ground_truth,0.5406424568862966,0.0412568964241406,0.20262948022606841,0.04154448033975889,1.0941318636482278,0.17396127,2.3553333,0.11455891,0.08612787992455845,3.7116593982960655,0.06794745241090433,0.05292594270456643,-0.0042725455812901905,0.04132419631349666
431,14.366667,transport,unknown_no_ground_truth,0.5402894886993119,0.04244345489306342,0.20270820577132098,0.031972467414126245,1.1817881735014544,0.1733925,2.4014974,0.41639024,0.08526498444149232,3.704470108014466,0.06780613604070897,0.0516957008564232,-0.0036234710925803,0.03176647808285645
432,14.4,transport,unknown_no_ground_truth,0.5400663438304822,0.043304695712642616,0.20276337825637147,0.02225540907384407,1.343215739490542,0.1733925,2.313038,-0.16197717,0.08465084524331856,3.6986139714108552,0.06770588675430507,0.05081022042091026,-0.0024627737550028525,0.022118724612323608
433,14.433333,transport,unknown_no_ground_truth,0.5399609146693869,0.04388746543387782,0.20279870916124235,0.014968182429966238,1.1817881735014544,0.1733925,2.2894797,-0.31600738,0.08424724586104508,3.6959489052177004,0.06764195229180274,0.05022115814400202,-0.0017490611420154338,0.014865640597641316
434,14.466666,transport,unknown_no_ground_truth,0.5399237282048621,0.04429123670682927,0.2028099467870022,0.012434212711120832,1.343215739490542,0.1733925,2.1822212,-1.017289,0.0839681217387504,3.695611091894279,0.06758928249454114,0.04982303041974385,-0.0019417164466811196,0.012281668574997738
435,14.5,transport,unknown_no_ground_truth,0.5398982997049582,0.04471404406398427,0.20279789449007077,0.01600991750261451,1.432228283750243,0.1733925,2.2729523,-0.4240675,0.08366363888186518,3.696033970365424,0.06751250393493792,0.0494132197229662,-0.0030738185290714844,0.015712068549075878
436,14.533334,transport,unknown_no_ground_truth,0.5398375717085493,0.04535436272482811,0.20277045758255635,0.0231929557394224,1.432228283750243,0.1733925,2.269175,-0.44876415,0.08319295697989162,3.696256189207576,0.06738435851021063,0.04878951034008747,-0.004515793245055858,0.022749083658440274
437,14.566667,transport,unknown_no_ground_truth,0.5397447505519792,0.0462514916338449,0.20273979550199828,0.030076082873806167,1.432228283750243,0.1733925,2.1850715,-0.9986532,0.08254106188338459,3.6953875779576277,0.06721145264707112,0.04791291610732163,-0.005674047066204568,0.029536011086850437
438,14.6,transport,unknown_no_ground_truth,0.5396341217597573,0.047348113773995344,0.20270805025973204,0.033668267750585214,1.432228283750243,0.1720703,2.1778173,-1.0460824,0.08175538515338744,3.694495588710751,0.0670060881104862,0.04684151105278824,-0.006234025079760642,0.0330860874784253
439,14.633333,transport,unknown_no_ground_truth,0.5395209428888432,0.04848398486778009,0.20267751028774772,0.03232821028341021,1.5786648024020347,0.1720703,2.2061772,-0.8606587,0.08095138303390582,3.694492953247169,0.06679585153821128,0.04573227123582837,-0.0059537254495764785,0.03177524718077666
440,14.666667,transport,unknown_no_ground_truth,0.5394198614204169,0.04949186928618057,0.2026503652153,0.027271234388955363,1.5786648024020347,0.1720703,2.171657,-1.0863595,0.08024464702752042,3.694328380938449,0.06660917410570952,0.04474842233561556,-0.005022547976469756,0.026804742806477388
441,14.7,prealignment,unknown_no_ground_truth,0.5393372797132071,0.05029212495355765,0.20262917939924427,0.019708606573152057,1.5786648024020347,0.1720703,2.1728776,-1.0783799,0.07968793013926932,3.6939888815284565,0.06646101425112003,0.04396703076844614,-0.003626085693044381,0.01937216238838585
442,14.733334,prealignment,unknown_no_ground_truth,0.5392844369317542,0.05079831699434975,0.20261600018868148,0.012444973637437734,1.2249957344808518,0.1720703,2.206644,-0.8576065,0.07933800059331407,3.693555543547385,0.06636743682433208,0.04347276926436818,-0.00227478939297993,0.01223530555622156
443,14.766666,prealignment,unknown_no_ground_truth,0.5392518904139445,0.051117129045020936,0.2026084812113531,0.009327445244455838,1.507412847190465,0.1720703,2.205842,-0.8628504,0.07911923667542851,3.693372221029329,0.06630936078116573,0.043161583438234445,-0.0016774260658268918,0.009175373375618363
444,14.8,prealignment,unknown_no_ground_truth,0.5392216279245519,0.051416811957198175,0.20260222551973173,0.011303268631765305,1.507412847190465,0.17203337,2.1813545,-1.0229554,0.07891490420712942,3.693264944688476,0.06625560862298564,0.042869061478158846,-0.0020216056498660578,0.011121015797051955
445,14.833333,prealignment,unknown_no_ground_truth,0.5391753082702411,0.051866605497222114,0.20259260348942731,0.01850624638025814,1.2249957344808518,0.17203337,2.2632935,-0.4872191,0.07860900787571301,3.693045830576925,0.06617458800716819,0.0424299425086278,-0.003320767059496452,0.018205868867576212
446,14.866667,prealignment,unknown_no_ground_truth,0.5390941856494662,0.05264368400171957,0.20257572533681478,0.028519330329113923,1.2249957344808518,0.17203337,2.3362563,-0.01017141,0.07808343005868316,3.6925094559276155,0.06603422263831678,0.041671374950707794,-0.0051171632981818465,0.028056493761709746
447,14.9,prealignment,unknown_no_ground_truth,0.5389762581321791,0.05375700051303278,0.20255209792895446,0.03779113200470436,0.9183749165174651,0.17203337,2.2368224,-0.66029364,0.07733797887849612,3.691749341827486,0.0658334458682961,0.04058473089866234,-0.00677722632629556,0.03717847309289553
448,14.933333,prealignment,unknown_no_ground_truth,0.5388266334046334,0.05514829104152058,0.2025227318142349,0.04352775011379358,1.4173832035904992,0.17203337,2.2389479,-0.6463966,0.07641882724251875,3.6908807487901774,0.06558240651549535,0.03922735158990775,-0.007779929623043786,0.042826834170054444
449,14.966666,prealignment,unknown_no_ground_truth,0.538664833754425,0.05664148451064133,0.2024932142407351,0.043221734407287354,1.507412847190465,0.17203337,2.2761452,-0.40319157,0.07545001292043159,3.690862001973749,0.06531478488971965,0.037771461773446695,-0.007628791170814764,0.04254315303837018
450,15.0,prealignment,unknown_no_ground_truth,0.5385196556493638,0.05801286017677931,0.20247057507211866,0.03718279787454082,1.5656050491195548,0.17201121,2.194255,-0.93860835,0.07458007815830069,3.691026770841473,0.06507382165795933,0.03643605073174567,-0.006446706260010208,0.0366196728026904
451,15.033334,prealignment,unknown_no_ground_truth,0.5384041198894397,0.059106339822565294,0.20245587011442198,0.02813104383501738,1.5656050491195548,0.17201121,2.2559545,-0.5352032,0.07390018954738853,3.670994320560918,0.06488499870679595,0.035371951571252606,-0.004837865547307289,0.027711923141381697
452,15.066667,prealignment,unknown_no_ground_truth,0.5383229907020536,0.05987775429241905,0.20244494289129536,0.020135105415489025,1.7735528436396073,0.17201121,2.2376306,-0.65500915,0.07342632981782678,3.640464325077014,0.06475129604588285,0.03462218321964565,-0.003492928667114095,0.019829823988611398
453,15.1,prealignment,unknown_no_ground_truth,0.538258956622595,0.060440652390032525,0.20243597684124504,0.018599893489611524,2.3250310290520932,0.17201121,2.2438717,-0.6142035,0.07308185774069438,3.596990441569248,0.06465213797890729,0.034074315629039786,-0.0033922215621217415,0.018287943315156287
454,15.133333,prealignment,unknown_no_ground_truth,0.5381687672320534,0.06110781041936892,0.20241757654976,0.02361136287839845,3.077687867318397,0.17201121,2.2869484,-0.33255756,0.07266756935537788,3.546867982200292,0.06452514898080078,0.03342275848915108,-0.004583736766179009,0.023162163418683303
455,15.166667,prealignment,unknown_no_ground_truth,0.5380358855813967,0.061998039147812434,0.20238534509788536,0.03260579215536597,3.077687867318397,0.17201121,2.3524728,0.09585599,0.07211168851823394,3.478836204035352,0.06434655431567995,0.03255175215944669,-0.006528521090765542,0.03194551759553059
456,15.2,prealignment,unknown_no_ground_truth,0.5378419481460994,0.06325526459969885,0.20233614650823703,0.043083246537610816,3.077687867318397,0.17199643,2.3111858,-0.17408776,0.07133415451198594,3.4081490646125627,0.06408991691641393,0.031321624312717934,-0.00863048650540605,0.04220996132313507
457,15.233334,prealignment,unknown_no_ground_truth,0.537600319879018,0.0648350089051291,0.20227787300808636,0.050206566582247286,3.077687867318397,0.17199643,2.208016,-0.8486369,0.07038101418172943,3.3572379342799765,0.06377118729381241,0.02977789160411289,-0.009914290065386935,0.04921794571573462
458,15.266666,prealignment,unknown_no_ground_truth,0.537341703520483,0.06656272545935644,0.20221988719712836,0.050939769097099276,2.149836471417103,0.17199643,2.1005168,-1.5514915,0.06937192319867254,3.3300018558683004,0.06342896557488178,0.028093238588368267,-0.009936381023153099,0.04996126907744151
459,15.3,prealignment,unknown_no_ground_truth,0.5370981348616586,0.06819184438933178,0.20216771041163137,0.04508283978418772,2.051025231304991,0.17199643,2.0393357,-1.9515077,0.06844984162640676,3.3193225157568027,0.06310876312697097,0.02650782592488559,-0.008682075265957023,0.04423894225773257
460,15.333333,prealignment,unknown_no_ground_truth,0.5369038021814565,0.06953480173060679,0.20212931016287095,0.03498046762850261,1.718540290527201,0.17199643,1.9867401,-2.2953901,0.06771590407463454,3.321475647862602,0.06285015937376881,0.025205180644799374,-0.0065818413183289706,0.034355676101178054
461,15.366667,prealignment,unknown_no_ground_truth,0.5367650867090856,0.07049916568235909,0.20210725121914533,0.02481626644807673,1.571339072324828,0.17199643,2.077467,-1.7021967,0.06720572826697299,3.3241848353887335,0.06266997634089297,0.024271052250080322,-0.004691754882687296,0.024368720043176636
462,15.4,prealignment,unknown_no_ground_truth,0.5366604929600891,0.07117065513700346,0.20208566322045937,0.016024943872082035,1.571339072324828,0.17197427,2.1633368,-1.1407598,0.06684932864562805,3.324375701338776,0.06253737467883551,0.02362010814221924,-0.0033697333480742896,0.015666643650324583
463,15.433333,prealignment,unknown_no_ground_truth,0.5365832464443453,0.07155076689872694,0.20205849525892472,0.009297129290639727,1.718540290527201,0.17197427,2.1204436,-1.4212055,0.066632657987272,3.323199738914569,0.06244532879865435,0.02324848428772752,-0.00257989861800069,0.008932006278978385
464,15.466666,prealignment,unknown_no_ground_truth,0.5365113972503037,0.07176854176883771,0.20201880831801783,0.006075438563973302,1.718540290527201,0.17197427,2.1198328,-1.4251993,0.0664818964131386,3.3255051535466396,0.062365381282432304,0.02303045306076572,-0.0026723380077207553,0.005456149128928299
465,15.5,prealignment,unknown_no_ground_truth,0.5364187531184478,0.07190497414735952,0.20195113475461773,0.005361412628105256,2.098717182222147,0.17197427,2.0776386,-1.7010744,0.06633950434655483,3.330894216683432,0.06226717255201868,0.022885127470121284,-0.0035086938026672007,0.004053863979949411
466,15.533334,prealignment,unknown_no_ground_truth,0.5362880642851626,0.0719842263112927,0.20184171959332428,0.006657989763479533,2.1885428294125107,0.17197427,2.038,-1.9602404,0.0661783004865707,3.338692280264072,0.06213146522426617,0.022787024473955517,-0.004992097490173806,0.004405427373047775
467,15.566667,prealignment,unknown_no_ground_truth,0.5360970941111818,0.0720321523487934,0.20167296942186896,0.009662361243648339,2.4026614934423636,0.17197427,2.1492078,-1.2331381,0.0659662387196605,3.350078221702413,0.061934368153310666,0.022708559889817174,-0.00730278406167969,0.0063269716098015285
468,15.6,prealignment,unknown_no_ground_truth,0.5358190302316046,0.07214638393845971,0.20143104370428055,0.013821753386412797,2.4026614934423636,0.1719595,2.162352,-1.1471978,0.06564106175014645,3.3700323300416257,0.06164461073989985,0.022554178203001825,-0.010101150052464116,0.009434385740069029
469,15.633333,prealignment,unknown_no_ground_truth,0.535454804348223,0.07240246379790477,0.20112580039335407,0.019023244167741354,2.1885428294125107,0.1719595,2.166366,-1.1209532,0.06517765231986991,3.394682168208433,0.06126096150511449,0.022253560555531914,-0.0126713776228571,0.014188728195453665
470,15.666667,prealignment,unknown_no_ground_truth,0.5350238744117823,0.07289420952101511,0.20078539046644023,0.025446140880676222,2.098717182222147,0.1719595,2.1977642,-0.9156654,0.06456332840860765,3.428095057842845,0.06079985079436058,0.0217209925781769,-0.014476975042134719,0.02092661652892388
471,15.7,prealignment,unknown_no_ground_truth,0.5345589261305175,0.07367387002963208,0.20044852269009705,0.03251688599687051,2.09310374683106,0.1719595,2.1356313,-1.3219044,0.06381864369465584,3.464583772875714,0.0602958320104036,0.02091009146796408,-0.015325704161510157,0.028678749395455585
472,15.733334,prealignment,unknown_no_ground_truth,0.5340870592808475,0.07473995271187343,0.20014122119990457,0.03957390269744163,2.09310374683106,0.1719595,2.1308932,-1.3528832,0.06297963320404096,3.4937660657001994,0.05977813774003299,0.019824440644042967,-0.01613953046074768,0.03613321645263782
473,15.766666,prealignment,unknown_no_ground_truth,0.5335790229660238,0.07604474449206416,0.19983280114389926,0.043644666994323504,2.09310374683106,0.1719595,2.0041459,-2.1815872,0.062043642781820375,3.521749750923663,0.05921986552671496,0.018504624736425473,-0.017077181362965387,0.04016499512936332
474,15.8,prealignment,unknown_no_ground_truth,0.5330467296697143,0.0773829655102648,0.19951017482006775,0.042558115768170424,2.09310374683106,0.17193735,2.100482,-1.5517191,0.061095794656108066,3.546714071828636,0.05863965941413538,0.017148949485479473,-0.01774242758188165,0.038683323037695214
475,15.833333,prealignment,unknown_no_ground_truth,0.5324846157596781,0.07857073907222523,0.19914623383230629,0.03772671363467369,2.0975973304719053,0.17193735,2.2060764,-0.8613181,0.06018460947975383,3.5886450955537925,0.058037038817080576,0.01593390547151442,-0.018213724565265915,0.033038843186971645
476,15.866667,prealignment,unknown_no_ground_truth,0.5319049551596782,0.07948556631197869,0.1987348175073535,0.03046462200349164,2.0975973304719053,0.17193735,2.1463172,-1.2520374,0.05934759359688302,3.6425915750017723,0.05742541198366414,0.01498195328544425,-0.01761751579512366,0.024853899714616122
477,15.9,prealignment,unknown_no_ground_truth,0.5313642358458439,0.08004701998202415,0.19831543534341226,0.022329033806929625,2.0975973304719053,0.17193735,2.105911,-1.5162228,0.058653152120139045,3.6864588649643975,0.056862537515729915,0.014382074985911458,-0.015190015843268423,0.016366098173732812
478,15.933333,prealignment,unknown_no_ground_truth,0.5309272823440241,0.08028823529597733,0.19795009590118362,0.014869040579653794,2.0975973304719053,0.17193735,2.1116478,-1.4787141,0.058150853791314024,3.7278833811476724,0.05641274843560645,0.014111116561057877,-0.01114579391976151,0.00984172981023146
479,15.966666,prealignment,unknown_no_ground_truth,0.5306389436647501,0.08030697914830529,0.19769173768408255,0.008863154120502212,1.901417111869407,0.17193735,2.1020553,-1.5414324,0.05785751428002936,3.7534720521412708,0.05611948084454023,0.014074651981597415,-0.006540089051591709,0.00598186728045897
480,16.0,prealignment,unknown_no_ground_truth,0.5304948363337334,0.08022342528699386,0.19755270545401282,0.005035566643763841,1.1980985004887486,0.1719004,2.1246932,-1.3934208,0.05773736616595213,3.765133626660811,0.0559767471952021,0.014149460245029425,-0.0030427382530880264,0.004012315459554727
481,16.033333,prealignment,unknown_no_ground_truth,0.53043151372277,0.08013999442191799,0.19748731663461427,0.002899516236507501,0.696908290213804,0.1719004,2.1391892,-1.2986419,0.05769856543269075,3.766117268703584,0.05591662948369131,0.014228668250194035,-0.0011960295651603382,0.002641345809437491
482,16.066668,prealignment,unknown_no_ground_truth,0.5304081998935761,0.08007694742046809,0.1974609846948904,0.0017191511781927287,0.5993381834503155,0.1719004,2.1633666,-1.140565,0.057694592065042356,3.766816910975745,0.05589699799108221,0.01428956154458911,-0.0007595452695720594,0.0015422618963561781
483,16.1,prealignment,unknown_no_ground_truth,0.5303742041013955,0.08005824875329004,0.19743107093286993,0.0020231061624698763,0.4690154356761577,0.1719004,2.1677582,-1.1118512,0.05766869768578667,3.7686035020295163,0.05586600825111284,0.01430621595185986,-0.0014452085108209902,0.001415743940433497
484,16.133333,prealignment,unknown_no_ground_truth,0.5303072779757796,0.08005899034710415,0.19737333379959465,0.0032324741556559824,0.42437631961571104,0.1719004,2.091505,-1.6104124,0.05760451061938259,3.776701597299399,0.055800652233272574,0.01430268695175609,-0.0023987230705428122,0.002166798744191421
485,16.166666,prealignment,unknown_no_ground_truth,0.5302126216535339,0.08005366728228605,0.1972885640664331,0.003959217889366216,0.3796195587000468,0.1719004,2.0752048,-1.716987,0.05751344933728309,3.7862815595695283,0.05570609582998016,0.014304815344956262,-0.0029482892034155845,0.0026425361054298897
486,16.2,prealignment,unknown_no_ground_truth,0.5301115996748414,0.08004572850667306,0.19719663728125547,0.0037470554953166106,0.3796195587000468,0.17187825,2.0485191,-1.8914645,0.05741595796193124,3.7948957673300145,0.055604081427360876,0.01431007887139956,-0.0028026478448267486,0.002487084627203183
487,16.233334,prealignment,unknown_no_ground_truth,0.5300283384259294,0.08004120074598962,0.19712041961234172,0.0028749873307078963,0.3796195587000468,0.17187825,2.086397,-1.6438105,0.05733454283337218,3.802681289636352,0.055519264285338564,0.01431296947270269,-0.0021510838596852863,0.0019074565212167658
488,16.266666,prealignment,unknown_no_ground_truth,0.5299695150756646,0.0800394838137352,0.19706815525101273,0.0022170000177950265,0.3037732114900603,0.17187825,2.0927708,-1.6021365,0.057277956415140205,3.807425185906062,0.055460678033994674,0.014313541948248906,-0.001645699451476253,0.001485517550994908
489,16.3,prealignment,unknown_no_ground_truth,0.5299177452664077,0.08003702380876018,0.19702246106397,0.002285993067317683,0.3037732114900603,0.17187825,2.1404757,-1.2902305,0.05722883882922872,3.8106332557197655,0.05540955266961518,0.014315078298597541,-0.001689914988297836,0.0015394647239059538
490,16.333334,axial_advance_candidate,unknown_no_ground_truth,0.5298554455492498,0.08003282290847158,0.19696725901269113,0.0028474228375716037,0.3037732114900603,0.17187825,2.1535842,-1.204524,0.057170069124362385,3.8138441050573686,0.055347999813303454,0.014318370031219827,-0.0021063480909463313,0.001916015275432602
491,16.366667,axial_advance_candidate,unknown_no_ground_truth,0.5297763272565348,0.08002652408497679,0.1968963114462616,0.0036462024512807605,0.3037732114900603,0.17187825,2.1439958,-1.2672158,0.0570951281015336,3.8202349133918156,0.05526914368739068,0.014323945301246283,-0.002697495788521077,0.0024532241615141657
492,16.4,axial_advance_candidate,unknown_no_ground_truth,0.5296750224978921,0.08001656094952006,0.1968051811721821,0.004543900905295103,0.5535939561509173,0.17182654,2.112407,-1.4737507,0.056999790919084775,3.8330750573989905,0.055168169516161276,0.014333500516463989,-0.003355396850885571,0.003064041026195447
493,16.433332,axial_advance_candidate,unknown_no_ground_truth,0.52955228439164,0.0800016248204709,0.19669395875608325,0.0056901076150240966,0.5791491446733976,0.17182654,2.0018556,-2.1965616,0.05688488205694817,3.8466575974009762,0.055045453991454024,0.014348790942362445,-0.0041990289277856864,0.003839984470564199
494,16.466667,axial_advance_candidate,unknown_no_ground_truth,0.5293947368583074,0.07998357644391746,0.19655164339452885,0.007555149877993931,0.5861068341957915,0.17182654,2.1168418,-1.4447548,0.05673772957142181,3.8599166848364015,0.05488821343804892,0.014368506620347813,-0.005580604165688456,0.005092852523375516
495,16.5,axial_advance_candidate,unknown_no_ground_truth,0.5291801961751473,0.0799591826014513,0.1963571958541237,0.01023251563782593,0.7210510352600313,0.17182654,2.1052797,-1.5203506,0.05653735878540685,3.8770428696339003,0.05467342711137335,0.01439754514933593,-0.007550215600729895,0.006906418801437336
496,16.533333,axial_advance_candidate,unknown_no_ground_truth,0.5288910867081451,0.07992297152765873,0.19609557092929847,0.013624256841751644,1.0257683283984407,0.17182654,2.1374023,-1.3103254,0.056270271475458176,3.902464368758862,0.05438487344369388,0.01444399503029415,-0.010037035467727199,0.009212941631726684
497,16.566668,axial_advance_candidate,unknown_no_ground_truth,0.5285095476126813,0.07987469878295436,0.19575042928547598,0.01671136256456985,1.5652665117380227,0.17182654,2.128911,-1.3658434,0.05592034635756427,3.9415111586873364,0.05400426213815812,0.014512918647296725,-0.012310485395516935,0.011301397616722934
498,16.6,axial_advance_candidate,unknown_no_ground_truth,0.5280689460299768,0.07981785281621492,0.19535113499465717,0.01789787476673579,1.5652665117380227,0.17182654,2.0876226,-1.6357965,0.055519276842917666,3.991084560263228,0.05356418186686301,0.014603716037165279,-0.01318967465930659,0.01209819835956591
499,16.633333,axial_advance_candidate,unknown_no_ground_truth,0.5276299323108795,0.07976027428656196,0.19495240256684176,0.01643799546915327,1.5652665117380227,0.17182654,2.0793638,-1.6897947,0.05512277310740167,4.040321079865447,0.05312496396713394,0.014705724006005467,-0.01210449026533332,0.01112155611685497
500,16.666666,axial_advance_candidate,unknown_no_ground_truth,0.5272611648688569,0.07971031557391667,0.19461846069783834,0.0126054944636189,1.5652665117380227,0.17182654,2.1428754,-1.2745408,0.05479404860193986,4.083188175087681,0.05275722821361444,0.014800764622422458,-0.009261269872381881,0.008551454322116122
501,16.7,axial_advance_candidate,unknown_no_ground_truth,0.5270094231611947,0.07967631877564912,0.19439187374666256,0.0077609845285067465,0.9182818767434875,0.17182654,2.1708105,-1.091895,0.05457234075520998,4.104812439107826,0.05250752950613774,0.014869422337966825,-0.005694656705407275,0.005272927636454065
502,16.733334,axial_advance_candidate,unknown_no_ground_truth,0.5268763257854424,0.07966662158016205,0.19427542251414023,0.0035160019486554063,0.429981132768239,0.17182654,2.1260068,-1.3848315,0.05445524056485198,4.113411291695952,0.052377587445217796,0.014898374354085203,-0.002575542291150814,0.002393501955178276
503,16.766666,axial_advance_candidate,unknown_no_ground_truth,0.5268309014091473,0.07967454840664254,0.19423999028128974,0.0008111271821882365,0.39386412383190106,0.17182654,2.2225435,-0.75365233,0.05441462638559842,4.114092278548791,0.05233582931758106,0.014896728980728871,-0.0005085666537200622,0.0006318918138483888
504,16.8,axial_advance_candidate,unknown_no_ground_truth,0.5268369953988541,0.07969369915982769,0.19425004620388844,0.0007407215938504774,0.33333593944816486,0.22149388,2.2172687,-0.78814006,0.05441656023779826,4.110359736374373,0.05234368352112485,0.01487618309763128,0.0003003484307587662,0.000677096226349799
505,16.833334,axial_advance_candidate,unknown_no_ground_truth,0.5268499249829706,0.07971345123451924,0.19426367880570375,0.0007101014354685838,0.33333593944816486,0.22149388,2.1581259,-1.1748297,0.05442229155054508,4.102118293672339,0.0523558381284245,0.014854360689129034,7.872271747135693e-05,0.0007057242963144093
506,16.866667,axial_advance_candidate,unknown_no_ground_truth,0.5268484839925625,0.07973842160785857,0.19426055724094105,0.0012604725482191692,0.33333593944816486,0.22149388,2.147306,-1.2455729,0.054409056768631996,4.096308956636801,0.05234894779422372,0.014830142389399335,-0.0005791596529412557,0.0011195379141498915
507,16.9,axial_advance_candidate,unknown_no_ground_truth,0.526833842875524,0.079791857722607,0.1942380884639351,0.002422231386839769,0.429981132768239,0.22149388,2.105351,-1.5198845,0.054365123479209895,4.089694969290113,0.05231722807649249,0.014780876066796763,-0.0012043441478889112,0.00210160892290584
508,16.933332,axial_advance_candidate,unknown_no_ground_truth,0.5268105363688821,0.07988542381992093,0.19420554819985028,0.003692533507575329,0.60791636631496,0.22149388,2.1043887,-1.526176,0.05429470045242666,4.07896755962396,0.05226865941457252,0.014693595210912841,-0.0017473889534415001,0.0032529118570839236
509,16.966667,axial_advance_candidate,unknown_no_ground_truth,0.5267718438801351,0.0800172786917033,0.19416097135367383,0.004837971762241481,1.8514369095596004,0.22149388,2.0745065,-1.7215527,0.05419610774428562,4.049131929359622,0.052200717885355054,0.014570626166496388,-0.0023713753803829337,0.004216936041435729
510,17.0,axial_advance_candidate,unknown_no_ground_truth,0.5267107500810084,0.08017351136274528,0.19410033276790117,0.005444479608964092,1.8514369095596004,0.22149388,2.0470412,-1.9011277,0.05407069836677539,4.003449685921703,0.052110581799173536,0.014426631152921717,-0.0029550047594132964,0.004572778704931014
511,17.033333,axial_advance_candidate,unknown_no_ground_truth,0.5266284140298663,0.08032134469723162,0.1940241812975662,0.0050573541812463105,1.8514369095596004,0.22149388,2.0550458,-1.8487912,0.05393245351836891,3.9665710187726355,0.0520037205865258,0.014294145223467404,-0.003195531924999058,0.003919873343729534
512,17.066668,axial_advance_candidate,unknown_no_ground_truth,0.5265395342154848,0.08041690425462111,0.19394179592098437,0.004098683817419678,1.8514369095596004,0.22149388,2.025508,-2.041917,0.053809079862292906,3.9510589797803877,0.051897528613424185,0.014214907648150036,-0.0030357608180039833,0.002753791076143891
513,17.1,axial_advance_candidate,unknown_no_ground_truth,0.5264520233254556,0.08045037897098746,0.19386020341033824,0.0038495387602420373,1.681542309366908,0.22149388,1.9772251,-2.357602,0.05371167279075621,3.9458071034736912,0.051801348155639464,0.014197328031692779,-0.002861038637720076,0.0025755400560035276
514,17.133333,axial_advance_candidate,unknown_no_ground_truth,0.5263612631956114,0.08051483181637752,0.19378530434958646,0.005150882011887397,1.681542309366908,0.22149388,1.9809375,-2.3333292,0.053607653650540016,3.945860739808782,0.05170679562672371,0.014148774361494438,-0.002813272018161856,0.004314752142616385
515,17.166666,axial_advance_candidate,unknown_no_ground_truth,0.5262749137988452,0.08071496594606335,0.19373159356430814,0.00973246870561889,1.681542309366908,0.22149388,1.9942173,-2.2465026,0.05346924341190572,3.9452487713872935,0.05161379956145048,0.013963369431195246,-0.0029414617831369956,0.009277324489538757
516,17.2,axial_advance_candidate,unknown_no_ground_truth,0.5261809220267859,0.0811323800606289,0.19370088160070625,0.01639262805657794,1.681542309366908,0.2994666,2.051705,-1.8706353,0.053265885907671284,3.9448352140474157,0.05151068008349295,0.013561137078619069,-0.00355400428759869,0.016002728146320436
517,17.233334,axial_advance_candidate,unknown_no_ground_truth,0.5260588549016142,0.08178487153671246,0.193677538375875,0.02254056236170433,1.6660402241729348,0.2994666,2.0417657,-1.9356201,0.05297865569299841,3.946803128041628,0.0513768794073143,0.012928813611602457,-0.004550270827127839,0.022076503051472424
518,17.266666,axial_advance_candidate,unknown_no_ground_truth,0.5259100531023992,0.08260945894637448,0.1936468577355793,0.025754236154775043,1.6660402241729348,0.2994666,2.0839615,-1.659734,0.052624891837595125,3.951716932591084,0.05120733334300795,0.01213211658436613,-0.00536549483537644,0.02518912751739271
519,17.3,axial_advance_candidate,unknown_no_ground_truth,0.525756625730243,0.08347336924971399,0.19360366823204012,0.024574129971354747,1.6660402241729348,0.15243678,1.9696907,-2.4068635,0.052256104518853534,3.9572381076865284,0.0510191852323441,0.011302353635995806,-0.005478155063554488,0.023955744216130875
520,17.333334,axial_advance_candidate,unknown_no_ground_truth,0.525626577542976,0.08422020607851738,0.19355128073214195,0.01962434993288461,1.6660402241729348,0.15243678,2.0296226,-2.0150146,0.05193335655696435,3.9558337472136755,0.05084210389895095,0.01059027829667704,-0.004725757194893867,0.019046845650217702
521,17.366667,axial_advance_candidate,unknown_no_ground_truth,0.5255470983126197,0.08476074986982404,0.1935014579428932,0.013435594344323325,0.6857138153135486,0.15243678,1.9955757,-2.2376213,0.05169574407790494,3.9548852583824767,0.050704143139864655,0.010076697088846124,-0.003608698400609562,0.012941889013534729
522,17.4,axial_advance_candidate,unknown_no_ground_truth,0.5255014751004622,0.0851017172190211,0.1934535430223222,0.00788516611682997,0.6857138153135486,0.15243678,1.9402056,-2.599644,0.05153325356414195,3.9578209709911487,0.05060152769177399,0.00975508165853976,-0.002811991029281125,0.0073667191572127895
523,17.433332,axial_advance_candidate,unknown_no_ground_truth,0.5254669504210456,0.0852695687607569,0.1933965376343963,0.004182141954144996,0.6857138153135486,0.15243678,1.9057161,-2.8251445,0.051421339952859024,3.957850156202295,0.05051667994362588,0.009603085442750268,-0.0028002247831348383,0.003106292402292027
524,17.466667,axial_advance_candidate,unknown_no_ground_truth,0.5254044145756112,0.08531900519896496,0.19330825983706015,0.0045474696251375755,0.6857138153135486,0.15243678,1.8529537,-3.1701174,0.05131616268891095,3.957850156202295,0.05041482774743541,0.009575682550669335,-0.0038682349854506897,0.002390865552239228
525,17.5,axial_advance_candidate,unknown_no_ground_truth,0.5252770423949273,0.08528390902459367,0.19316069819657217,0.007275463640662779,0.8744105746739053,0.12989296,1.8047408,-3.4853446,0.05117677935353677,3.9578732371419583,0.05025881207255037,0.009649588284307916,-0.005629057403636645,0.004609347451990311
526,17.533333,axial_advance_candidate,unknown_no_ground_truth,0.5250913319757232,0.08521825662790779,0.19295178152780687,0.008938535395026847,1.2331653931646145,0.12989296,1.7997013,-3.5182936,0.05098488524255127,3.9790135230624255,0.050039563003803876,0.009772443787736255,-0.007264571135902673,0.005208015094021666
527,17.566668,axial_advance_candidate,unknown_no_ground_truth,0.5248877802340155,0.08524046215556053,0.19271154999035606,0.010365013132274507,1.391259244371964,0.12989296,1.6577404,-4.446468,0.0507337585909201,3.9935642145635954,0.04977448343514593,0.009819117044120737,-0.008392273493668582,0.006083029084238439
528,17.6,axial_advance_candidate,unknown_no_ground_truth,0.5246889828961575,0.08552230644070932,0.19247942350442254,0.016333165168112573,1.4448165643863788,0.12989296,1.7314202,-3.9647322,0.05040565345525467,3.993569828719655,0.04948008706932126,0.009615138265444464,-0.008857775314193513,0.01372268562971949
529,17.633333,axial_advance_candidate,unknown_no_ground_truth,0.5245171552996815,0.08617681957273507,0.19229743622641038,0.026376120040782654,1.625739727921166,0.12989296,1.879802,-2.9945767,0.05000876804427739,3.993678654693476,0.049183974128866874,0.00904508541680474,-0.00862811516304972,0.024924994225454255
530,17.666666,axial_advance_candidate,unknown_no_ground_truth,0.524367430358939,0.0872264101291669,0.1921886683883592,0.037269336964616456,1.391259244371964,0.12989296,1.8395512,-3.2577457,0.049570244057115215,4.000896701159477,0.048904888205192905,0.008094504649424225,-0.008304250333792928,0.03633239469365908
531,17.7,axial_advance_candidate,unknown_no_ground_truth,0.5242074582598649,0.08863705891146798,0.19213956789088815,0.04502299498826682,1.2887745622233597,0.12984863,1.7718136,-3.7006302,0.04910742249301651,3.9952334325400383,0.04863033556625461,0.006828572809972474,-0.008242593007107064,0.04426205754630808
532,17.733334,axial_advance_candidate,unknown_no_ground_truth,0.5240169083462849,0.09020659361917063,0.1921177099764353,0.045854160309858366,1.2887745622233597,0.12984863,1.7472279,-3.8613772,0.0486668598676761,3.9916239658924804,0.04835538938001382,0.005497232693571309,-0.008133486830327729,0.04512704742948596
533,17.766666,axial_advance_candidate,unknown_no_ground_truth,0.5238051843476742,0.0916669698230421,0.19209021257384362,0.03941980759733905,1.2887745622233597,0.12984863,1.6719633,-4.3534746,0.048290475791588225,3.9893177276373604,0.048088111419056986,0.004416287165292717,-0.007898928007848166,0.03862030770641349
534,17.8,axial_advance_candidate,unknown_no_ground_truth,0.5235793415460074,0.09279614022977782,0.19202343064845362,0.028575094189123247,1.090595579015381,0.12984863,1.6544812,-4.4677773,0.04797990362145807,4.012163161845046,0.0478288022480521,0.0038048425777069475,-0.007768741880651939,0.027498775563815015
535,17.833334,axial_advance_candidate,unknown_no_ground_truth,0.5233541824716238,0.09350751467552271,0.19189511300475665,0.01786304497112022,1.0036511011986569,0.12984863,1.6746708,-4.3357725,0.04770774062043657,4.028039234216754,0.04757017374257966,0.0036203708660354976,-0.007924512653929112,0.016009074765206785
536,17.866667,axial_advance_candidate,unknown_no_ground_truth,0.5231266518157756,0.09384935852348764,0.19170089465910914,0.011522603464859546,1.0022280650527322,0.12984863,1.5732437,-4.9989266,0.04744352606560552,4.039657673567085,0.04730050960800387,0.003681026536297321,-0.008456465077283468,0.007826786633419769
537,17.9,axial_advance_candidate,unknown_no_ground_truth,0.5228786912800346,0.0939058644782837,0.19144201466716035,0.011095882744091193,0.8512263137067053,0.12984863,1.5072536,-5.4303856,0.04716589959932051,4.069135622000511,0.047006418042166036,0.0038754029285108277,-0.008938432333347334,0.006574423266933128
538,17.933332,axial_advance_candidate,unknown_no_ground_truth,0.5226348058670949,0.09379999723730711,0.19115059646958518,0.011455183592777413,0.8512263137067053,0.12984863,1.5737023,-4.9959283,0.04688589781995108,4.087998368984126,0.04670462324950372,0.004118929655239426,-0.008956549951882109,0.007141529535308064
539,17.966667,axial_advance_candidate,unknown_no_ground_truth,0.5224463679030529,0.09367620624190387,0.1908558268586351,0.010233701490211541,1.0022280650527322,0.12984863,1.4426186,-5.8529844,0.046609787534925416,4.091525104603586,0.0464092924999301,0.004318548796392092,-0.008533750535094427,0.005648340286804037
540,18.0,axial_advance_candidate,unknown_no_ground_truth,0.5223440346225255,0.09357613426202452,0.19057546103748468,0.008636757426675584,1.090595579015381,0.12984863,1.5467386,-5.1722236,0.04634820608878829,4.0949966533036,0.046135712261853624,0.004433087156851465,-0.007810505587712653,0.003686404930490584
541,18.033333,axial_advance_candidate,unknown_no_ground_truth,0.522356871875867,0.09350969488097799,0.19031196907798342,0.008562595666371412,1.5477050434907373,0.12984863,1.5565349,-5.1081734,0.0461021763774899,4.096575308587675,0.04588860010565609,0.004432498966087666,-0.0075063648999717635,0.004119773116839614
542,18.066668,axial_advance_candidate,unknown_no_ground_truth,0.5224592807034321,0.09344840142333394,0.19003114656757425,0.010264919817327425,1.9153339314863358,0.12978214,1.4678687,-5.6878934,0.045842258961958884,4.0131626445363295,0.04563526634087449,0.0043514563921459,-0.0086937992165492,0.00545769493820329
543,18.1,axial_advance_candidate,unknown_no_ground_truth,0.5225569409072777,0.09336607788725171,0.1896734909151901,0.013416884652634048,1.9153339314863358,0.12978214,1.4759265,-5.6352096,0.04551134175741799,3.9517179371415354,0.045309024429739324,0.004286552669195165,-0.012258639977536293,0.005453305390608163
544,18.133333,axial_advance_candidate,unknown_no_ground_truth,0.5225232175298484,0.09325328379720416,0.18916058724249168,0.019260704788168603,1.9153339314863358,0.12978214,1.4798934,-5.609273,0.04502885799627014,3.8860963729157976,0.044818036197605875,0.00435220448030092,-0.018015115304408743,0.006813983380214464
545,18.166666,axial_advance_candidate,unknown_no_ground_truth,0.522267640156359,0.09310996719596387,0.18844897528601012,0.026957751464699378,1.9153339314863358,0.12978214,1.3534983,-6.4356737,0.04434950832858297,3.8922610076241106,0.04410803514477773,0.004621701489073456,-0.02438476056221618,0.01149364243205295
546,18.2,axial_advance_candidate,unknown_no_ground_truth,0.521782140874725,0.09293891552322628,0.1875537039231311,0.03290659771743339,1.591541698632837,0.12978214,1.4232885,-5.9793696,0.043491916543788985,3.902384744573487,0.04319233753968195,0.00509595746745278,-0.028825821901700407,0.015871867093333467
547,18.233334,axial_advance_candidate,unknown_no_ground_truth,0.5211737592942224,0.092755762112274,0.1865806645417878,0.035111673298588796,1.429560982157389,0.12978214,1.4980484,-5.4905715,0.04256664435582713,3.91516261150836,0.04218630750948059,0.005677558492081949,-0.030045683577024227,0.0181682828086798
548,18.266666,axial_advance_candidate,unknown_no_ground_truth,0.5205037103092374,0.09258002166923643,0.18562604076285072,0.03355871708300577,1.429560982157389,0.12978214,1.4041907,-6.1042356,0.04166940089136666,3.950327154103708,0.04118932265881017,0.0063070333401573555,-0.028130632762013694,0.018299043490465433
549,18.3,axial_advance_candidate,unknown_no_ground_truth,0.5198713325281448,0.09242947472964762,0.18479115471381097,0.028240124816393118,1.3459798405106096,0.12978214,1.4957205,-5.5057917,0.04089636374694347,3.991137831273966,0.040310960726765314,0.00689485409617178,-0.023283768226916877,0.01598032499045869
550,18.333334,axial_advance_candidate,unknown_no_ground_truth,0.5193593213967561,0.09231639541267299,0.18415447940579194,0.02152932932382287,1.3459798405106096,0.12973784,1.5010248,-5.471111,0.04031595216045469,4.019784576888263,0.039637048158058526,0.007367524137715511,-0.017354040784401573,0.012741636063981203
551,18.366667,axial_advance_candidate,unknown_no_ground_truth,0.5189538866636378,0.09223962168669375,0.18370381458846613,0.01593767119471523,1.2036075025317943,0.12973784,1.4949853,-5.5105987,0.03991112638871304,4.062206324696073,0.03915401243735374,0.007737009737060877,-0.012396675800002567,0.010016575873045956
552,18.4,axial_advance_candidate,unknown_no_ground_truth,0.518634890979319,0.09218804320534368,0.18338791421684847,0.012098394999789071,0.9922749970772055,0.12973784,1.562005,-5.072408,0.03963155210740311,4.096036953379513,0.03881061576762568,0.008024713464014316,-0.009105762666066698,0.007965942997548192
553,18.433332,axial_advance_candidate,unknown_no_ground_truth,0.5183798310641762,0.09214195529500613,0.183145746487415,0.010552673706125495,0.9659585748696419,0.12973784,1.4848794,-5.5766735,0.03942159928164013,4.1232529964695575,0.038546970894262796,0.00825793707889973,-0.007992076641097315,0.006890982028040637
554,18.466667,axial_advance_candidate,unknown_no_ground_truth,0.5181463830819302,0.09208146017378131,0.182892955365431,0.010539850481723192,0.8869885810909623,0.12973784,1.5267851,-5.302684,0.03920584568669889,4.126856453826712,0.03827778911402195,0.00847992904166707,-0.008482532987364195,0.006255803888818679
555,18.5,axial_advance_candidate,unknown_no_ground_truth,0.5179426135081298,0.09202249892898655,0.18260883906627523,0.011249476124468794,0.8869885810909623,0.12973784,1.4969819,-5.497545,0.038959493330291875,4.129673402794112,0.037981476758845334,0.008674649489768942,-0.010017652612919224,0.005118334612143495
556,18.533333,axial_advance_candidate,unknown_no_ground_truth,0.5177679561272011,0.09200356812238028,0.18225018305250218,0.012866152746434328,0.8869885810909623,0.12973784,1.4720023,-5.660867,0.038630575517352696,4.13337025436365,0.03760995583928077,0.008821144289106684,-0.0124147175841846,0.003378264909612227
557,18.566668,axial_advance_candidate,unknown_no_ground_truth,0.5176296859773689,0.09205411737576277,0.18181080181898612,0.015344244581405677,0.8869885810909623,0.12973784,1.5542555,-5.1230764,0.03820439363285865,4.137671989717755,0.03715379896278104,0.008897803969950177,-0.015184555402677831,0.002207967163932692
558,18.6,axial_advance_candidate,unknown_no_ground_truth,0.5174973156550645,0.0921885066511691,0.18128118478912725,0.01921070919040121,1.4785368733633089,0.12973784,1.5596896,-5.087547,0.03766983839172314,4.101356015579363,0.03659765832818916,0.008923459494594301,-0.01889655498008616,0.0034599938558827798
559,18.633333,axial_advance_candidate,unknown_no_ground_truth,0.5172996295060666,0.09238962718763824,0.18061972086446162,0.023226433583198765,1.4785368733633089,0.12973784,1.5697078,-5.0220456,0.03699742035060539,4.0383039882075105,0.03589404793314333,0.008968078700178668,-0.02260887108737933,0.005320353855619624
560,18.666666,axial_advance_candidate,unknown_no_ground_truth,0.5170217694270635,0.09261329723831083,0.1798701683666389,0.026156688237748835,1.4785368733633089,0.12973784,1.4837967,-5.5837526,0.0362438116669381,3.992006221078267,0.035090423350105204,0.00907061592500035,-0.025169600591976773,0.007117832929140083
561,18.7,axial_advance_candidate,unknown_no_ground_truth,0.5166432650538354,0.09279151768048667,0.17905491897711678,0.02807823386405781,1.4785368733633089,0.12973784,1.4754548,-5.6382937,0.03545312614915046,3.968260857449095,0.0342160341687525,0.00928370397580286,-0.026498407557670807,0.009285559424843354
562,18.733334,axial_advance_candidate,unknown_no_ground_truth,0.5161806792979525,0.0928725488685107,0.17821810959379553,0.028813372384765456,0.8331917916868509,0.12973784,1.545986,-5.177144,0.03468388212009759,3.9771160457410177,0.03332385405579506,0.009617298466248004,-0.0263064910085403,0.01175495465753708
563,18.766666,axial_advance_candidate,unknown_no_ground_truth,0.5156613521867849,0.09285420849108522,0.17740518322919746,0.028251203693028592,0.8331917916868509,0.12973784,1.5324712,-5.265507,0.03398184725718978,3.9859425760857468,0.032462294972952666,0.010048151476763684,-0.02492301503858737,0.013303151186517431
564,18.8,axial_advance_candidate,unknown_no_ground_truth,0.5151484376250506,0.0927780825801254,0.17664563025888363,0.025997129322780473,0.8331917916868509,0.12973784,1.499772,-5.4793024,0.03335853389787004,3.9953827793595966,0.031662345178138616,0.010501794210312197,-0.022605649156260756,0.012838822346672597
565,18.833334,axial_advance_candidate,unknown_no_ground_truth,0.51470420953575,0.0926888471212898,0.17596975081281907,0.022781912611223067,0.8331917916868509,0.12973784,1.4514331,-5.7953534,0.03281958279120584,4.003487682633962,0.0309552231551304,0.010904089783420405,-0.02002839385186304,0.01085720875455839
566,18.866667,axial_advance_candidate,unknown_no_ground_truth,0.5143394347048564,0.09263104246068263,0.1753686688185453,0.019850487321457597,0.8331917916868509,0.12970829,1.4339995,-5.909338,0.032337886805145204,4.055078894765304,0.030327110170320835,0.011225208761515617,-0.018073239839070197,0.00820974108110571
567,18.9,axial_advance_candidate,unknown_no_ground_truth,0.5140571897548909,0.09262653507516774,0.17481704701625464,0.017147429532713813,0.8331917916868509,0.12970829,1.5011092,-5.470559,0.031878170320016,4.109076060832404,0.02975035896056417,0.011451370427574515,-0.01641796392104484,0.004948211825160261
568,18.933332,axial_advance_candidate,unknown_no_ground_truth,0.5138937685423142,0.09266639848309319,0.17431657050372218,0.015125683146394864,1.3000032582025802,0.1297009,1.4676222,-5.6895056,0.03143316144273975,4.115809829472855,0.0292325960127992,0.011554175376798528,-0.015073728077465046,0.0012526022879491819
569,18.966667,axial_advance_candidate,unknown_no_ground_truth,0.5138631437373022,0.09272032343594393,0.1738319418020124,0.014390580942065093,1.8122291755428666,0.1297009,1.4786481,-5.6174154,0.03097262122920074,4.122067500379406,0.02874541852229545,0.011532743809935703,-0.014114746231945528,0.00280406110095814
570,19.0,axial_advance_candidate,unknown_no_ground_truth,0.5139529150653208,0.09276385021918764,0.1733639897533295,0.01462080324188356,1.9059258434014652,0.1297009,1.5424806,-5.200063,0.030505618020597085,4.127138704026077,0.028291611932239294,0.011409532203125287,-0.013414333058548517,0.005815802269008571
571,19.033333,axial_advance_candidate,unknown_no_ground_truth,0.5141247692217321,0.09278130503955424,0.17289498730184882,0.015031961851457795,1.9402530736347325,0.1297009,1.5373985,-5.2332916,0.03002856879936232,4.110164302477785,0.027851143354138186,0.011226253070605556,-0.01295118492351216,0.0076306412692953764
572,19.066668,axial_advance_candidate,unknown_no_ground_truth,0.5143296625580518,0.09277118704002145,0.172435390374871,0.014606104107804097,1.9402530736347325,0.1297009,1.4295734,-5.9382772,0.029562739059662856,4.0558643073212215,0.027428175599996087,0.011029538701391596,-0.012219195504828816,0.008001845938455892
573,19.1,axial_advance_candidate,unknown_no_ground_truth,0.5145216906173202,0.09274245670155916,0.17200664666839233,0.013225901999364522,1.9402530736347325,0.1297009,1.4785515,-5.6180468,0.029135278274173608,4.0133515751001685,0.027036531050700092,0.01085773589925923,-0.011375706106369007,0.006746687652345659
574,19.133333,axial_advance_candidate,unknown_no_ground_truth,0.5146395844265648,0.09270879287913618,0.1716123024513127,0.011617373828036782,1.9402530736347325,0.12967874,1.4859568,-5.569629,0.028757513859489128,3.9958333689720695,0.026669806812909987,0.010757137534714785,-0.010788293117268782,0.004310000728102609
575,19.166666,axial_advance_candidate,unknown_no_ground_truth,0.5146550048571553,0.09267845588531484,0.17124641640836585,0.010799781470388032,1.1367240173134112,0.12967874,1.4221616,-5.9867373,0.028426677697667026,3.999952678381531,0.026317322529526,0.010745908049296865,-0.010493668379449652,0.0025530773098900047
576,19.2,axial_advance_candidate,unknown_no_ground_truth,0.5146031114393814,0.09265223415797857,0.1708954478465256,0.010693270934463348,0.9738540315574186,0.12967874,1.3991872,-6.136949,0.0281230684186302,4.004507677599519,0.025970206508575244,0.010791448057647857,-0.010437195752644438,0.002326153068656392
577,19.233334,axial_advance_candidate,unknown_no_ground_truth,0.5145359806333404,0.09262886880682117,0.1705452958797286,0.01059994909506799,0.9738540315574186,0.12967874,1.3486476,-6.467389,0.027823724256118454,3.996349360169338,0.025621513592815576,0.010848855824172473,-0.010371028615040148,0.002191046846612636
578,19.266666,axial_advance_candidate,unknown_no_ground_truth,0.5145109169366715,0.09260859772049736,0.1701961955933246,0.010599304936508142,0.9738540315574186,0.12967874,1.4662192,-5.6986785,0.027516515179368255,4.002150345719765,0.025278815194657595,0.01086922766210884,-0.010206252612684276,0.002859663047137069
579,19.3,axial_advance_candidate,unknown_no_ground_truth,0.5145719049014544,0.09258771736031429,0.1698408010295217,0.011043993968782001,0.9738540315574186,0.12967874,1.4820937,-5.5948873,0.027186018012120602,4.007067583031551,0.024941107177407,0.01081761286608293,-0.010074857131109534,0.004524053113108267
580,19.333334,axial_advance_candidate,unknown_no_ground_truth,0.5146835882312664,0.09256257570322246,0.16948193032617623,0.011398228687449713,0.9925137799657958,0.12967874,1.4058175,-6.093599,0.026843671700459218,4.011106921117259,0.024607136003877404,0.010727141653241817,-0.010130570792737534,0.0052240934739660695
581,19.366667,axial_advance_candidate,unknown_no_ground_truth,0.5147920164912355,0.09253430221526596,0.16911545190559446,0.01187475841917592,0.9925137799657958,0.12967874,1.4251662,-5.967092,0.026497167883613258,4.0139809793138275,0.024265740430190325,0.010643014010467742,-0.010929881872800796,0.004641935992709291
582,19.4,axial_advance_candidate,unknown_no_ground_truth,0.5148447007104163,0.09250328903191593,0.16870913069761723,0.01274526471836471,0.9925137799657958,0.12967874,1.3559062,-6.4199305,0.02612853685220413,4.019302491982308,0.023878488376963956,0.010607461094351789,-0.012231327005021905,0.003582793942918594
583,19.433332,axial_advance_candidate,unknown_no_ground_truth,0.5148322807498931,0.092469391156164,0.1682692210538661,0.013395928906793347,0.9925137799657958,0.12967874,1.3420385,-6.510601,0.02574612757213335,4.020307074982807,0.023450331123856447,0.010627561109777481,-0.01301286856381951,0.0031805916142471895
584,19.466667,axial_advance_candidate,unknown_no_ground_truth,0.5148050183055597,0.09243416941851151,0.1678196076974936,0.013267578977867255,0.9925137799657958,0.12967874,1.4442247,-5.8424835,0.02536073400752752,4.010408507764789,0.023010938369926247,0.01066131064813417,-0.01287359025664382,0.003209256274900847
585,19.5,axial_advance_candidate,unknown_no_ground_truth,0.5148055526834827,0.09240174544733767,0.16738771000066602,0.012367678292592981,0.7840722381984417,0.12967874,1.4419158,-5.85758,0.024986000759821034,4.017794502878241,0.022592092268730043,0.010672281897090494,-0.011814030142709148,0.0036589832107069443
586,19.533333,axial_advance_candidate,unknown_no_ground_truth,0.5148662044677562,0.09237349785066115,0.1669996234095768,0.011100800176717388,0.7840722381984417,0.12964919,1.4830742,-5.5884767,0.024636797704682325,4.022202835710708,0.022223348428154717,0.01063459382309798,-0.010161990163640633,0.00446785412446286
587,19.566668,axial_advance_candidate,unknown_no_ground_truth,0.5149686833295571,0.09234900350201145,0.16666777847992315,0.009466392286173601,0.6229344091600323,0.12964919,1.3517809,-6.4469028,0.024327912533215947,4.015352420420873,0.02191460751367959,0.01056396259673347,-0.008313683613012376,0.004527167734738415
588,19.6,axial_advance_candidate,unknown_no_ground_truth,0.5150644383938361,0.09232972263847089,0.16640206139803043,0.007420086829098341,0.5342053949564189,0.12964919,1.4298136,-5.9367065,0.024078137482334172,4.0149809879306195,0.021669104909880235,0.010497932988107231,-0.006435100820917201,0.003694207083528134
589,19.633333,axial_advance_candidate,unknown_no_ground_truth,0.515136509664625,0.09231660890842189,0.1662035821303576,0.00547480769178827,0.5342053949564189,0.12964919,1.4260383,-5.9613905,0.02389140443780318,4.014374177936516,0.021485607365582974,0.010448343511901215,-0.004861729826388904,0.0025173601961706866
590,19.666666,axial_advance_candidate,unknown_no_ground_truth,0.515172732859377,0.09230798498094955,0.16605419455298875,0.0037032458234567377,0.3069145240205205,0.12964919,1.45384,-5.7796164,0.023754636901368024,4.014325927926195,0.021344994554258905,0.010424681376161725,-0.0034087812014261458,0.0014471490419972295
591,19.7,axial_advance_candidate,unknown_no_ground_truth,0.5151901085472843,0.09230366656718329,0.1659629320811437,0.0020558902976967166,0.20005544191162222,0.12964919,1.4455925,-5.8335404,0.023671857573263018,4.014374990786018,0.021258342274341778,0.010413439619827013,-0.0017941978051095007,0.0010037624979564357
592,19.733334,axial_advance_candidate,unknown_no_ground_truth,0.5152191048731909,0.09230234242042028,0.16592533595858514,0.0012123985562076678,0.20005544191162222,0.12965658,1.4244076,-5.9720526,0.023632725174744042,4.00360753398461,0.021225389745827626,0.010391752947539527,-0.0004342684351460232,0.0011319545862490514
593,19.766666,axial_advance_candidate,unknown_no_ground_truth,0.5152609350979926,0.09230283884986254,0.16592400074558714,0.0012738136194524736,0.20005544191162222,0.12965658,1.4509289,-5.79865,0.0236220741444109,3.999166082663929,0.021229391488926608,0.01035931097582925,0.0003200229581076744,0.0012329584110531164
594,19.8,axial_advance_candidate,unknown_no_ground_truth,0.5153033156350708,0.09230355949869244,0.16593621740711667,0.0009903801825374855,0.20005544191162222,0.12965658,1.478618,-5.617612,0.023623262459725406,3.9956689343184966,0.02124672428280585,0.010326433870969202,0.00027814253646571093,0.0009505207180127131
595,19.833334,axial_advance_candidate,unknown_no_ground_truth,0.5153261119814976,0.09230287978748355,0.1659343447154344,0.0006544354154315146,0.257991263194839,0.12965658,1.488405,-5.5536222,0.02361690726036057,3.9956689343184966,0.021247920600257847,0.010309421841675215,-0.0005476996207028836,0.00035820502293091384
596,19.866667,axial_advance_candidate,unknown_no_ground_truth,0.5153204611293093,0.09230010959215054,0.16589624504994963,0.0020339810814281505,0.257991263194839,0.12965658,1.4390981,-5.8760023,0.023585595395094493,3.9957480016075544,0.021210225760085716,0.010315359099289705,-0.001968039081878836,0.0005137131610199766
597,19.9,axial_advance_candidate,unknown_no_ground_truth,0.5152970744592235,0.09229015664238006,0.16580250618396375,0.003823858051466929,0.27455341685786633,0.12965658,1.4511646,-5.7971087,0.02351203756785103,3.9969871247589364,0.02111672000510295,0.010339247884547648,-0.003681664286766329,0.0010330723485399453
598,19.933332,axial_advance_candidate,unknown_no_ground_truth,0.5152512743108109,0.09227832866514782,0.16565186222839268,0.005415189988565309,0.5905973772290818,0.12964919,1.3920449,-6.183647,0.023394278438692327,4.008067449307531,0.020964785235031192,0.010381235172949444,-0.005240316269155712,0.001365052384152312
599,19.966667,axial_advance_candidate,unknown_no_ground_truth,0.5151933178034032,0.09227167677713498,0.16545719160740324,0.006187950370859878,0.7849975965696225,0.12964919,1.4297737,-5.936968,0.02323889654826763,4.027330324433351,0.020767345276490046,0.010428982833820943,-0.006069981596204799,0.0012025195274755188
600,20.0,axial_advance_candidate,unknown_no_ground_truth,0.5151648774718326,0.0922651992682468,0.16524870614565434,0.005932031753206207,1.072599819301358,0.12964919,1.4846326,-5.578287,0.023065274488880794,4.031012451676331,0.020560127959393732,0.010454091330229103,-0.005839948873544497,0.001041152186490081
601,20.033333,axial_advance_candidate,unknown_no_ground_truth,0.5151778216590669,0.09226979428041789,0.16506203709093306,0.005065438675154396,1.072599819301358,0.12964919,1.4503739,-5.8022785,0.022896992113529087,4.033517299375044,0.020378021316951794,0.01044071334023071,-0.004813326046887949,0.0015781512405659826
602,20.066668,axial_advance_candidate,unknown_no_ground_truth,0.5152274092643061,0.09230408331239398,0.16491913008168996,0.004379773810899212,1.072599819301358,0.12964919,1.4750882,-5.6406903,0.02274598363041059,4.035164531708954,0.020239224741376998,0.01038044089540226,-0.0035448266564167053,0.0025722796524865208
603,20.1,axial_advance_candidate,unknown_no_ground_truth,0.515303074577861,0.09237560471610821,0.16482042189968238,0.00438621003534903,1.072599819301358,0.12964919,1.5142907,-5.3843756,0.022611711796603918,4.019101127406954,0.020141707005141292,0.01027624198292932,-0.0026235625594089058,0.003515075812989576
604,20.133333,axial_advance_candidate,unknown_no_ground_truth,0.5153757499152711,0.09248997564093354,0.16474900535688866,0.005886515571468158,1.0303262532143718,0.12964919,1.5209363,-5.340925,0.022483877226036945,4.0070463266853995,0.02006432325065463,0.01014631300565593,-0.00266512269704773,0.005248636640387494
605,20.166666,axial_advance_candidate,unknown_no_ground_truth,0.515408181802938,0.09272566728168588,0.16467756292036156,0.009628601139900958,1.0303262532143718,0.12964919,1.5220616,-5.3335676,0.022314469573744337,4.007347841756165,0.019964034881029,0.009968593864062228,-0.0035877509808438907,0.008935211402689684
606,20.2,axial_advance_candidate,unknown_no_ground_truth,0.5153728170835545,0.09311395676391787,0.16459833524873008,0.014546597827832334,1.0303262532143718,0.12964919,1.5949556,-4.85697,0.022093048825887158,4.007487006651561,0.01982512146976467,0.009750249490762274,-0.004716544180188971,0.013760731062012
607,20.233334,axial_advance_candidate,unknown_no_ground_truth,0.5152754134668764,0.09367250143416345,0.16451525897869945,0.019276091676126574,1.0303262532143718,0.12964919,1.6906179,-4.231507,0.021821948052470307,4.008038151476529,0.019649609450900545,0.009491589183682182,-0.005504412038463493,0.018473471747813247
608,20.266666,axial_advance_candidate,unknown_no_ground_truth,0.5151626014320434,0.09437163019177847,0.1644388724988522,0.022609896859305242,1.0303262532143718,0.12964919,1.6561971,-4.456558,0.021521937897705224,4.011383544342616,0.01945816628982249,0.00919638926483084,-0.005816863160630285,0.02184883381233248
609,20.3,axial_advance_candidate,unknown_no_ground_truth,0.5150487833388511,0.09515559695963367,0.1643702421797104,0.023604560185948923,1.0303262532143718,0.12964919,1.6338961,-4.6023674,0.021221192682333332,4.015243335123856,0.019261824515308442,0.008906241362223491,-0.00577160348564569,0.022888072325483583
610,20.333334,axial_advance_candidate,unknown_no_ground_truth,0.5149475026675625,0.09592482877987962,0.1643058212924071,0.02129734499810115,1.0919998361627044,0.12961964,1.6448904,-4.5304837,0.02095118980098194,4.0236196172539,0.01907337509625536,0.008669412697196701,-0.005375880721985568,0.02060768813892349
611,20.366667,axial_advance_candidate,unknown_no_ground_truth,0.5148771068578122,0.09655863083457618,0.1642360795139884,0.016076408769447745,1.1640300899528584,0.12961964,1.5916688,-4.878459,0.020729091361943813,4.02814084396567,0.01890343953010173,0.00850618613854651,-0.004862153949004819,0.0153235236776191
612,20.4,axial_advance_candidate,unknown_no_ground_truth,0.5148376064621231,0.09697896268057606,0.16414657276243824,0.010517242770984848,1.0919998361627044,0.12961964,1.6318289,-4.6158834,0.02054932182824318,4.0353149215485065,0.01874923646622622,0.008410752614020025,-0.004626402927886852,0.009445040574432332
613,20.433332,axial_advance_candidate,unknown_no_ground_truth,0.5148088685150632,0.09722523954366692,0.1640297498280599,0.006307744681094169,0.9154026094129492,0.12961964,1.6674266,-4.383137,0.020389084887116854,4.039082923802752,0.01859501739399989,0.008363020426311207,-0.004509349608923846,0.0044106018938881945
614,20.466667,axial_advance_candidate,unknown_no_ground_truth,0.5147806859984396,0.09731273693101661,0.16389718859039043,0.004221606095476222,0.7429385715137158,0.12961964,1.6222064,-4.6787972,0.02025298539642467,4.041561443099066,0.018448596692305586,0.00835659605057241,-0.004156114427487316,0.000740723221583989
615,20.5,axial_advance_candidate,unknown_no_ground_truth,0.5147538919305266,0.09731017642806103,0.16376713329011547,0.0036158687524792325,0.7429385715137158,0.12961964,1.5602257,-5.0840416,0.020140185669990707,4.049693074530493,0.018317951368867883,0.008371364074599208,-0.0034590313059404644,0.001053379921813364
616,20.533333,axial_advance_candidate,unknown_no_ground_truth,0.5147396930219921,0.09727762563574191,0.16366225474565543,0.0028679166577324717,0.3882185707957002,0.12961964,1.5283558,-5.292414,0.02005450866880707,4.057842536927175,0.018217998138558646,0.008383785646754785,-0.0025981246535583,0.0012143698943369577
617,20.566668,axial_advance_candidate,unknown_no_ground_truth,0.5147317451765486,0.09725536635559125,0.1635852909500729,0.0020596412550897983,0.31729443925390827,0.12961964,1.5389296,-5.223281,0.019990691883163398,4.062184510477206,0.018144729400122874,0.008390265607469876,-0.001922998730059683,0.0007376977591512149
618,20.6,axial_advance_candidate,unknown_no_ground_truth,0.5147218458844006,0.09724768183804083,0.16352945602150365,0.0015166340234658436,0.31729443925390827,0.12961964,1.5387675,-5.224341,0.019943623538368423,4.064364906856379,0.018089808320204175,0.00839684195268882,-0.0014609301900328725,0.00040726126870193366
619,20.633333,axial_advance_candidate,unknown_no_ground_truth,0.5147064226074295,0.0972456980918702,0.16348788460730437,0.001440916390482868,0.29109294047892126,0.12961964,1.4986446,-5.4866734,0.019910043299773302,4.064966735471485,0.0180473355464251,0.008408537558552547,-0.0013587484072424521,0.0004796277829507761
620,20.666666,axial_advance_candidate,unknown_no_ground_truth,0.5146867393153316,0.09723915872487732,0.16344044851560804,0.0019407922688281802,0.265762873988817,0.12961964,1.4791958,-5.613834,0.0198734183353305,4.069093999005789,0.01799922648098289,0.008424998659782374,-0.0018317366848437746,0.0006414166727960646
621,20.7,axial_advance_candidate,unknown_no_ground_truth,0.5146611731799653,0.09723256053781307,0.16336735718582382,0.0025788738406543193,0.265762873988817,0.12961964,1.5021876,-5.4635086,0.019814874532424708,4.070509441517522,0.017925203797904108,0.008444899143230636,-0.0025048687354444444,0.000613370120077683
622,20.733334,axial_advance_candidate,unknown_no_ground_truth,0.514661469797209,0.09722318647831203,0.16327115640011758,0.0033428619453705756,0.265762873988817,0.12961225,1.4933196,-5.521489,0.019728162710908232,4.071839590012863,0.017832246928617436,0.008438683157038423,-0.0027937166605369133,0.0018357214403185542
623,20.766666,axial_advance_candidate,unknown_no_ground_truth,0.5147473911454565,0.09721110459564569,0.16316298000547202,0.005250552873847549,0.3589770807683046,0.12961225,1.4967065,-5.4993453,0.019605977110089223,4.073556893304697,0.017738958874248093,0.008350070448749365,-0.0027112903231072383,0.004496355220052549
624,20.8,axial_advance_candidate,unknown_no_ground_truth,0.5149283586289497,0.09719065317547461,0.16304702701080817,0.007328105629409718,0.8149630295860447,0.12961225,1.5393461,-5.2205577,0.01945159869659547,4.062269248123261,0.017651497009926954,0.008172474849269008,-0.0030173612678408095,0.006678073307108907
625,20.833334,axial_advance_candidate,unknown_no_ground_truth,0.5151535033682747,0.0971579472476228,0.1628966925915007,0.008591303852635276,0.8149630295860447,0.12961225,1.5611649,-5.0779014,0.019257395166606205,4.014893177603652,0.01753778443078071,0.007954456980982029,-0.00454207377061062,0.007292466506651694
626,20.866667,axial_advance_candidate,unknown_no_ground_truth,0.5153587350099901,0.09713368526804123,0.16267339216363907,0.009689138550161076,1.004896517672939,0.12961225,1.4886917,-5.551748,0.019000556986465838,3.9642296919388125,0.017348705174795746,0.00774878019780863,-0.007427948295183297,0.006221333455803589
627,20.9,axial_advance_candidate,unknown_no_ground_truth,0.5154962319972628,0.09717522543359478,0.1623494562906735,0.012056001359036077,1.2074723029548513,0.12961225,1.4795305,-5.611646,0.01865239258574603,3.968149751674863,0.017042595465235722,0.007580348869354255,-0.011101004896621474,0.004702643836637622
628,20.933332,axial_advance_candidate,unknown_no_ground_truth,0.5155649572283432,0.09732318029625918,0.16192004519707479,0.015619428372217555,1.5533364558027734,0.12960488,1.5769964,-4.9743905,0.01819715994408861,3.9684782934216978,0.016608649521092245,0.007435683634761866,-0.014747340237732368,0.005146114902272835
629,20.966667,axial_advance_candidate,unknown_no_ground_truth,0.515565993427437,0.09759955032483855,0.1614010728557697,0.01967469425976602,1.5533364558027734,0.12960488,1.7359372,-3.9351983,0.017645032056857718,3.9741875004479015,0.01605940692859654,0.007310444951525317,-0.017991294019626337,0.007962847085975458
630,21.0,axial_advance_candidate,unknown_no_ground_truth,0.5155047298373432,0.09801659037721444,0.16080829932346813,0.02292998484565098,1.5533364558027734,0.12960488,1.6932483,-4.2143087,0.017011136815227448,3.9900308543000422,0.015409232375523482,0.00720654794915746,-0.019669429438601397,0.011785488983562133
631,21.033333,axial_advance_candidate,unknown_no_ground_truth,0.5154524447976664,0.09856709192024422,0.1602230588281453,0.023724171992912428,1.8350624899614865,0.12960488,1.6676482,-4.381688,0.01636032392728596,4.00486925511438,0.014748131724530144,0.0070818648420901895,-0.018312980511086565,0.015082144461244696
632,21.066668,axial_advance_candidate,unknown_no_ground_truth,0.5154565752136702,0.09918537342071045,0.15974378315666668,0.021654693266938054,1.8869767231460062,0.12960488,1.6464055,-4.5205784,0.015791769992389685,4.01830285260168,0.014188343806334998,0.006933318074758622,-0.014412685561359447,0.016161690363156733
633,21.1,axial_advance_candidate,unknown_no_ground_truth,0.5155187809563951,0.09975966475834429,0.15941215701039185,0.017412139193273564,1.8869767231460062,0.12960488,1.6249797,-4.6606646,0.015367647137256578,4.030476420581163,0.013787276706476304,0.0067878994950047854,-0.009607796198587655,0.014521461479215445
634,21.133333,axial_advance_candidate,unknown_no_ground_truth,0.5156110568817458,0.10021127443940722,0.15922311108578507,0.012395629911953527,1.8869767231460062,0.12960488,1.5187784,-5.355034,0.015099694869130712,4.022570874525844,0.01354783387389095,0.00666760695199599,-0.005178476594390411,0.011262105534733178
635,21.166666,axial_advance_candidate,unknown_no_ground_truth,0.5157156233156674,0.10051718992604167,0.1591470457864681,0.007743589386047699,1.8350624899614865,0.12960488,1.8242396,-3.3578568,0.014960422926187664,3.9778993808763268,0.013442050223203938,0.006567003877512518,-0.0015611204047359791,0.007584594891068841
636,21.2,axial_advance_candidate,unknown_no_ground_truth,0.515828961750221,0.10067460258617801,0.1591573207918679,0.004643291596572038,1.4738273517788683,0.12960488,1.8070337,-3.4703534,0.014919166660266804,3.947687818306344,0.013443751356947007,0.006468932159901052,0.0009378013367747008,0.004547602170764291
637,21.233334,axial_advance_candidate,unknown_no_ground_truth,0.5159498178431887,0.10071004133154257,0.15920874750159236,0.003595712135048405,1.4738273517788683,0.12960488,1.5847816,-4.923489,0.01492753708796721,3.9403121363854665,0.013504580345083355,0.006360634655113035,0.001382750266041724,0.0033192088605413037
638,21.266666,axial_advance_candidate,unknown_no_ground_truth,0.5160596984646846,0.10068102291517805,0.15922197724642814,0.0037932571113417114,1.4738273517788683,0.12960488,1.5698568,-5.0210714,0.01490981274821576,3.9352787197992383,0.013535933295570941,0.006251481904693578,0.000554305516345521,0.0037525384618006764
639,21.3,axial_advance_candidate,unknown_no_ground_truth,0.5161959358951322,0.10065204461203899,0.15920550013365858,0.004695883201329381,1.4738273517788683,0.12960488,1.515162,-5.378679,0.014857031797324227,3.9228540809397394,0.013541533479963544,0.006112140773716653,0.00011835876071637441,0.004694391360367089
640,21.333334,axial_advance_candidate,unknown_no_ground_truth,0.5163683423401753,0.10064497420627262,0.15918414835974848,0.005560881888108169,0.5937865336344557,0.12960488,1.4965113,-5.5006213,0.014788561181776684,3.8842399223300723,0.013543811211776719,0.005938578928237252,0.00010362958260791906,0.0055599162118774755
641,21.366667,axial_advance_candidate,unknown_no_ground_truth,0.5165643194008314,0.10064874319814165,0.15916372774489826,0.005772324995058158,0.5937865336344557,0.12960488,1.551132,-5.143499,0.014715405052107503,3.843341998602283,0.013548454659544781,0.005743041196600486,0.00013407047980780988,0.005770767795971111
642,21.4,axial_advance_candidate,unknown_no_ground_truth,0.5167510045717774,0.10065142656030913,0.15914400909579376,0.004944967187076907,0.5937865336344557,0.12960488,1.3560674,-6.4188766,0.014647673848455833,3.8101826245617794,0.013552749106814204,0.005556738325536281,7.38182015262858e-05,0.004944416179327012
643,21.433332,axial_advance_candidate,unknown_no_ground_truth,0.5168918310001339,0.10065289909183911,0.15912638849848043,0.003221056968735383,0.43317847568211787,0.12960488,1.3163812,-6.6783543,0.014595374271844918,3.802449707307424,0.013553375797576388,0.005415805999563053,-2.964627973417779e-05,0.0032209205351788326
644,21.466667,axial_advance_candidate,unknown_no_ground_truth,0.5169636598549454,0.10065571610647264,0.1591147156106778,0.0014890256774725036,0.4049477826794176,0.12960488,1.246413,-7.135823,0.014566367838933654,3.7950141425342703,0.013550759892119393,0.00534377940836344,-2.9004248192170417e-05,0.001488743168501288
645,21.5,axial_advance_candidate,unknown_no_ground_truth,0.5169898270182464,0.10066153803326108,0.15911285619235488,0.0005398052715715934,0.38755580149191404,0.12960488,1.2991117,-6.7912664,0.01455773203477748,3.786985736337163,0.01355145454981671,0.005318424727364155,-5.004507432897468e-05,0.0005374804384830103
646,21.533333,axial_advance_candidate,unknown_no_ground_truth,0.516997385805692,0.10066662955940789,0.1591085121779733,0.0003293103864983969,0.07065808905654153,0.1295901,1.2818278,-6.9042726,0.014551242992340844,3.786175013298466,0.013547423604950634,0.005310930830859589,-0.00012988805754984988,0.00030261266193213135
647,21.566668,axial_advance_candidate,unknown_no_ground_truth,0.5170075684876687,0.10066973737140625,0.15910290689444057,0.00031722851402902184,0.06395777683188798,0.1295901,1.2128702,-7.3551335,0.014543101065934063,3.7861166402995052,0.013542782611409869,0.005300455428929387,-0.00023822805787796088,0.000209478692359763
648,21.6,axial_advance_candidate,unknown_no_ground_truth,0.5170091320808441,0.10067079332038759,0.15909141193280862,0.0003603569671399307,0.06182188572449263,0.1295901,1.1856126,-7.5333505,0.014531517982350676,3.785884303558437,0.013531554482097726,0.00529736237852405,-0.0003593252454572228,2.7249068670244085e-05
649,21.633333,axial_advance_candidate,unknown_no_ground_truth,0.51700595570828,0.10067222207825254,0.1590790667948239,0.000325323768860492,0.0454968541647459,0.1295901,1.2487686,-7.120422,0.014520209401626651,3.7860573785492675,0.013518827962087962,0.0052988462516434355,-0.00032223722906972696,4.470707759470734e-05
650,21.666666,axial_advance_candidate,unknown_no_ground_truth,0.5170069013937321,0.10067103812779807,0.15906984042538339,0.00024526138842148094,0.033547053440981196,0.1295901,1.3236885,-6.6305776,0.014511179168556227,3.7861660914958755,0.01351007232931716,0.005296439041333246,-0.0002207823872367072,0.00010680957886113604
651,21.7,axial_advance_candidate,unknown_no_ground_truth,0.517008165860393,0.10066873346720062,0.15906323951095663,0.00016724114496247415,0.02571108943382632,0.1295901,1.2824416,-6.9002595,0.014504716760822921,3.7862059939512362,0.013504096516728844,0.0052939763485086834,-0.000146188284049667,8.123168208878336e-05
652,21.733334,axial_advance_candidate,unknown_no_ground_truth,0.5170097777410875,0.10066908381177259,0.1590592491673434,0.00010318022146917543,0.02571108943382632,0.12959749,1.2738719,-6.9562902,0.014500442169667324,3.7862437036414356,0.01350033876760084,0.005291849986146649,-8.304063444808279e-05,6.124060036354947e-05
653,21.766666,axial_advance_candidate,unknown_no_ground_truth,0.5170111343502082,0.10067129287256274,0.15905758687257426,9.202394489023227e-05,0.02571108943382632,0.12959749,1.3022506,-6.7707434,0.014498301918470029,3.7863323689952617,0.013498560559256268,0.005290521840726384,-3.779261683947054e-05,8.390545003505716e-05
654,21.8,axial_advance_candidate,unknown_no_ground_truth,0.5170120941875764,0.1006743673840784,0.1590571625078317,0.00012147171761765652,0.017325289857842492,0.12959749,1.3262433,-6.613874,0.01449737117338501,3.786338798531487,0.013497819298415759,0.005289862486512269,-0.00010030750772268554,6.851118211976105e-05
655,21.833334,axial_advance_candidate,unknown_no_ground_truth,0.5170106806843305,0.10067676728212119,0.15905162997193587,0.0002651809494523888,0.02571108943382632,0.12959749,1.3523258,-6.4433403,0.014492135010176864,3.786544094628307,0.013491860423395183,0.005290716347416172,-0.00025764970429394883,6.275002653155676e-05
656,21.866667,axial_advance_candidate,unknown_no_ground_truth,0.5170070742519801,0.1006798409247912,0.1590411369472926,0.00035741877972119606,0.03501861632449768,0.12959749,1.3397801,-6.525367,0.014482567152457614,3.7869631268038897,0.013480655302040005,0.005293078872737962,-0.0003458466437295427,9.021243328056108e-05
657,21.9,axial_advance_candidate,unknown_no_ground_truth,0.5170040330186587,0.10068474176536683,0.15903018309648911,0.0004398128958608132,0.03501861632449768,0.12959749,1.4610763,-5.732304,0.014472249240337251,3.7872512504529228,0.01346880433375375,0.005295026713199695,-0.00042281967395704496,0.00012107397193589013
658,21.933332,axial_advance_candidate,unknown_no_ground_truth,0.5169972003170724,0.10068882674603957,0.15901503240945292,0.0005447449695599094,0.043145197605257354,0.12958272,1.5920167,-4.876185,0.014458867539144377,3.7897357453692297,0.013452467755676123,0.0052999963959437955,-0.0004836833879572509,0.000250594217960076
659,21.966667,axial_advance_candidate,unknown_no_ground_truth,0.516983632271047,0.10069250323214379,0.15900112743022085,0.000593409272202071,0.03501861632449768,0.12958272,1.8723652,-3.0432,0.014448360952165366,3.790634567646385,0.01343654578866716,0.0053117201990605396,-0.0004390988235859517,0.0003991575972730882
660,22.0,axial_advance_candidate,unknown_no_ground_truth,0.5169676708965928,0.10069817537897986,0.15899046633821257,0.0004547987453299389,0.03501861632449768,0.12958272,1.9881812,-2.2859678,0.014441400452930702,3.790767084441698,0.013423206538372026,0.005326497279649504,-0.00042249947789174127,0.00016833327043366274
661,22.033333,axial_advance_candidate,unknown_no_ground_truth,0.5169693129235744,0.10069947979206986,0.15897532911522982,0.0006957761580733216,0.10556832468080792,0.12958272,2.176379,-1.0554868,0.014426264051440115,3.7909768665749257,0.013408379588380558,0.005322823620577057,-0.0005259569860741761,0.00045549282205435557
662,22.066668,axial_advance_candidate,unknown_no_ground_truth,0.5169915316352214,0.10069384895220536,0.15895093153106948,0.001516767388235653,0.10556832468080792,0.12958272,2.517182,1.1727643,0.014397846252735418,3.7909768665749257,0.013388129384497382,0.005296788489392896,-0.0006667695409914681,0.0013623515292395098
663,22.1,axial_advance_candidate,unknown_no_ground_truth,0.5170509728828775,0.10068573952159432,0.15891726573759501,0.002720341704956783,0.6024614094788054,0.12958272,2.6132329,1.8007666,0.014351808902290618,3.781065653939458,0.013363940490140808,0.005232543678159153,-0.0006341516359874125,0.002645394241753328
664,22.133333,axial_advance_candidate,unknown_no_ground_truth,0.517160168407057,0.10068655005273933,0.1588846186565179,0.004248043681428344,1.5127657924728883,0.12958272,2.9704154,4.13611,0.014294472133840289,3.752166087224098,0.01334585325653526,0.005120559973300163,-0.00016317498699055773,0.004244908602425252
665,22.166666,axial_advance_candidate,unknown_no_ground_truth,0.5173300387468496,0.10070241910616597,0.15887203890183543,0.005305987102569942,1.548771835842918,0.12958272,3.370266,6.7504272,0.01424233092746919,3.7242474935882695,0.013353062324354037,0.00495375784727737,-8.127880271035221e-05,0.0053053645387351606
666,22.2,axial_advance_candidate,unknown_no_ground_truth,0.5175072129580697,0.10073949032735383,0.158841417044279,0.005749969685909718,1.548771835842918,0.12958272,3.6605027,8.648063,0.014170998039335341,3.6867262088392785,0.013340420889900569,0.004780204588838281,-0.0003492687733855038,0.0057393521161206405
667,22.233334,axial_advance_candidate,unknown_no_ground_truth,0.5176969087982507,0.10079751839222453,0.15881431872325888,0.005826618884680533,1.8728604205767256,0.12958272,3.6752377,8.744404,0.01410079028297217,3.6505226726931252,0.013329789884123373,0.004598802914833879,-0.0006317435085031115,0.005792269655910368
668,22.266666,axial_advance_candidate,unknown_no_ground_truth,0.517866389608369,0.10086937052314174,0.15877066920668007,0.005480848670575988,1.8728604205767256,0.12958272,3.611006,8.324442,0.01401945965153925,3.6166572464025304,0.013298305301310891,0.004438504819673365,-0.001313895070639285,0.005321032032707975
669,22.3,axial_advance_candidate,unknown_no_ground_truth,0.5180169953104328,0.10093442589119929,0.1587033833479368,0.004739484194918974,1.8728604205767256,0.12958272,3.5475826,7.9097652,0.013920887316827873,3.5967487635643187,0.01324219822152573,0.004293633653403596,-0.0019339844581933077,0.0043269405530182055
670,22.333334,axial_advance_candidate,unknown_no_ground_truth,0.5181223790531818,0.10097983705384465,0.15862205019696218,0.004678660181578657,1.8728604205767256,0.12956056,4.4988203,14.129181,0.013819205033371678,3.566374254235256,0.013169357756251972,0.004187892553804494,-0.0015987286458021576,0.0043970362531802285
671,22.366667,axial_advance_candidate,unknown_no_ground_truth,0.5182912178638865,0.10099554537685138,0.15856784274594496,0.006673397474031962,1.8728604205767256,0.12956056,4.4520054,13.823093,0.013736908893373865,3.554633551913143,0.013135625209727702,0.004019703508272735,-0.0008264044349255695,0.006622030621822246
672,22.4,axial_advance_candidate,unknown_no_ground_truth,0.5185530221773811,0.1009892399063334,0.15851077599159302,0.008693400034441004,1.8728604205767256,0.12956056,5.600477,21.332073,0.013641903710269843,3.531343573228929,0.013114264971408825,0.003757338299907741,-0.003186928871330422,0.008088182028608126
673,22.433332,axial_advance_candidate,unknown_no_ground_truth,0.5187925505874518,0.10095669077400993,0.15827968424205346,0.013784784626535557,1.8728604205767256,0.12956056,5.69731,21.965189,0.013384276858062755,3.496763643263412,0.012923166540342116,0.0034829059108532107,-0.0116226389696969,0.007411784574584858
674,22.466667,axial_advance_candidate,unknown_no_ground_truth,0.5188972010429197,0.10090386191431377,0.15766293362341938,0.025559469167630175,2.31737765004976,0.12956056,5.9805155,23.816853,0.0127660809675901,3.4220168945772564,0.012339376999599744,0.0032730106221665325,-0.0245541830628937,0.007097785446527776
675,22.5,axial_advance_candidate,unknown_no_ground_truth,0.5188858818187279,0.10084475874322277,0.15658197498375775,0.04023307871311319,2.347780897898926,0.12956056,3.7171397,9.01837,0.011706390653089305,3.3975717497360063,0.011286238447389291,0.003108119018218005,-0.039447846188273274,0.007909997082293752
676,22.533333,axial_advance_candidate,unknown_no_ground_truth,0.5187408729687956,0.10080208205250617,0.1549872641888932,0.054204147405393636,2.347780897898926,0.12955317,2.1595657,-1.165416,0.01016742703812621,3.4260443510236613,0.009709560882056807,0.0030167863784584,-0.05348618977810136,0.008793014213940957
677,22.566668,axial_advance_candidate,unknown_no_ground_truth,0.5184787639273661,0.1007884428598832,0.15299172812335493,0.06327419503173401,2.347780897898926,0.12955317,2.229187,-0.7102154,0.008288244706975369,3.4470880962053485,0.007720408799642176,0.0030150104956886796,-0.06263162369397673,0.00899463564409399
678,22.6,axial_advance_candidate,unknown_no_ground_truth,0.5181754279482907,0.10081825143112014,0.1508070531593088,0.0645147670155075,1.9988486042824745,0.12955317,2.7296915,2.5622008,0.006322955699884819,3.460286443612432,0.005534086927980053,0.0030583738581583244,-0.06400747597259952,0.008074539162225223
679,22.633333,axial_advance_candidate,unknown_no_ground_truth,0.5179831697254784,0.1008822519613086,0.14872048863541362,0.05646358095695043,1.4155128704650997,0.12955317,2.6553965,2.0764422,0.004589200359413435,3.4879866899497305,0.003453309116871061,0.0030224850838632125,-0.05597768520993434,0.007391531168817
680,22.666666,axial_advance_candidate,unknown_no_ground_truth,0.5179601087338972,0.10095823146772273,0.14705164343002425,0.042645697085432255,1.1565835851298432,0.12955317,2.6877892,2.2882335,0.0033950949382537165,3.520135133238279,0.0018022984271520623,0.0028772191468918744,-0.0420753031690241,0.006951571271098076
681,22.7,axial_advance_candidate,unknown_no_ground_truth,0.5179965976020482,0.10103289368355567,0.14588144965080196,0.027938012774675,1.0525344865772799,0.12955317,2.5766382,1.5615023,0.0028042094505223453,3.5426954881798647,0.0006482679139240646,0.002728248404045236,-0.027398611168586752,0.005463393069375176
682,22.733334,axial_advance_candidate,unknown_no_ground_truth,0.5180534561394645,0.10108101397888614,0.14519546060084365,0.014667578465779844,0.7749086130160052,0.1295458,2.697559,2.3521116,0.002610474271634128,3.553089221531904,-2.431582709101624e-05,0.0026103610216628294,-0.014120529632693328,0.003968438098551901
683,22.766666,axial_advance_candidate,unknown_no_ground_truth,0.5181277222876555,0.10110322852948694,0.1449150137846307,0.005066542040873213,0.47014788044744255,0.1295458,3.6879978,8.827833,0.002532412201242551,3.542040669937302,-0.0002930863044803383,0.00251539499385846,-0.004275230081036646,0.0027188703547861757
684,22.8,axial_advance_candidate,unknown_no_ground_truth,0.5181954514855797,0.10110648000867066,0.1448900534605555,0.0016385806124455669,0.47014788044744255,0.1295458,2.7565427,2.73776,0.0024700032032735062,3.542040669937302,-0.00030932679878400033,0.0024505576417900117,0.0010658243139851195,0.0012445742063857176
685,22.833334,axial_advance_candidate,unknown_no_ground_truth,0.5182185344560494,0.10110415929002126,0.1449756704311744,0.002323799225462958,0.47014788044744255,0.1295458,2.5652957,1.4873422,0.0024456495753256637,3.5422471661093047,-0.00022203622353803736,0.002435549580839521,0.0022934565764123047,0.0003742990413738673
686,22.866667,axial_advance_candidate,unknown_no_ground_truth,0.5182181271881643,0.10110874017894156,0.1450433050492126,0.0009570559788163106,0.7033461739339383,0.1295458,2.5573285,1.4352506,0.002443244816999552,3.5422471661093047,-0.00015641465771981975,0.002438232903281712,0.0007216732544362197,0.0006286046932846445
687,22.9,axial_advance_candidate,unknown_no_ground_truth,0.5181888386910443,0.1011173557238775,0.1450305776905489,0.0008636256773793599,0.7033461739339383,0.1295458,2.626757,1.8891901,0.002467102833767534,3.542416227989244,-0.0001739254104138423,0.0024609645149811024,-0.000509620062882238,0.0006972350408125384
688,22.933332,axial_advance_candidate,unknown_no_ground_truth,0.5181682526966491,0.1011201804484693,0.14501691490762916,0.0008931251190727806,0.9100073739749698,0.12953839,2.8084962,3.0774446,0.002485252591300677,3.5442686522481033,-0.0001903888080142301,0.0024779492618594214,-0.0005657002838206389,0.0006911263757114304
689,22.966667,axial_advance_candidate,unknown_no_ground_truth,0.5181386844784818,0.10112818333940503,0.1450003083148706,0.0007523404102060394,1.0389954364736018,0.12953839,3.0092711,4.390158,0.002510019008663448,3.5445347103222673,-0.00021165129422144567,0.0025010795975950514,-0.0004987572763434097,0.0005632559561367241
690,23.0,axial_advance_candidate,unknown_no_ground_truth,0.5181270763809798,0.10112912757001608,0.14498976137100003,0.0004419202752825612,1.0711475142678895,0.12953839,3.1251724,5.147948,0.0025206935770575403,3.545551620482373,-0.00022362851805185933,0.002510754148723659,-0.00037210351118294605,0.00023839569348278457
691,23.033333,axial_advance_candidate,unknown_no_ground_truth,0.5181201330819662,0.10113503695962985,0.14497847214711757,0.0005632451459271354,1.0711475142678895,0.12953839,3.4402902,7.208262,0.002525297583868498,3.5458506091343422,-0.00023645781487235913,0.002514202774017613,-0.000494641737900858,0.0002693968179784217
692,23.066668,axial_advance_candidate,unknown_no_ground_truth,0.518120712422121,0.10115153518494545,0.14496029782736364,0.0010219954848158792,1.169240568116717,0.12953839,3.5271614,7.776246,0.002519400752364525,3.545861754162871,-0.0002566172440252638,0.002506297616222745,-0.0008463942718199904,0.0005727927265724941
693,23.1,axial_advance_candidate,unknown_no_ground_truth,0.5181273888729245,0.10117844918594157,0.1449264635955172,0.001562267623836311,1.1910029212968563,0.12953839,3.4395587,7.20348,0.0025050934011205304,3.539268788792316,-0.0002928721859887964,0.0024879145546042713,-0.0013630745165269407,0.0007633531233197387
694,23.133333,axial_advance_candidate,unknown_no_ground_truth,0.5181403469839624,0.10120485149139903,0.14487301099974886,0.0020241681704631356,1.169240568116717,0.12952362,3.5050478,7.6316624,0.0024870363265501504,3.538532807344292,-0.00034748748611316855,0.002462641292712931,-0.0017772456294375325,0.0009688419659373072
695,23.166666,axial_advance_candidate,unknown_no_ground_truth,0.5181692302718521,0.1012257874529153,0.14480722493596998,0.002314283965783771,1.1506699865225738,0.12952362,4.1848006,12.076046,0.0024583894928074416,3.530873090494838,-0.00041135341253844496,0.0024237300320660727,-0.002010600769058879,0.0011460343894245508
696,23.2,axial_advance_candidate,unknown_no_ground_truth,0.5181979377641682,0.10123740149132954,0.14473363021924746,0.0023972547194537524,1.1300808431169505,0.12952362,4.7801595,15.968642,0.002435946662247977,3.521887419550108,-0.00048154143184292794,0.0023878764605263234,-0.0021428855810228372,0.0010746495133706182
697,23.233334,axial_advance_candidate,unknown_no_ground_truth,0.5182199018191394,0.10123117166924103,0.14465574516562452,0.002397846385970171,1.1300808431169505,0.12952362,5.3846383,19.920868,0.0024288321601378554,3.5135295993749374,-0.0005542024870410638,0.002364759029050829,-0.0019460465536146902,0.0014009175928207192
698,23.266666,axial_advance_candidate,unknown_no_ground_truth,0.5182594616892193,0.10120836057400548,0.14458897640652557,0.0022631452749944905,1.1300808431169505,0.12952362,5.658301,21.710138,0.002411801519228293,3.5045706757413826,-0.0006112758809116895,0.0023330512993861795,-0.0016978789337135866,0.0014963400890778487
699,23.3,axial_advance_candidate,unknown_no_ground_truth,0.5182772884026121,0.10118134784522036,0.14452540966578387,0.002006207184245426,1.0486584919287283,0.12952362,5.711158,22.055729,0.002417924308158422,3.5022856277024705,-0.0006673926816135491,0.0023239933236806126,-0.0014770413098622245,0.0013576509989973293
700,23.333334,axial_advance_candidate,unknown_no_ground_truth,0.5183103672227072,0.10116077165784584,0.1444748187558884,0.0019087667826746964,1.0486584919287283,0.12953101,6.140172,24.860723,0.002406953143372824,3.4977416839451667,-0.0007097575564544594,0.0022999277478755963,-0.0012352616345210085,0.0014551698611924306
701,23.366667,axial_advance_candidate,unknown_no_ground_truth,0.5183483786369756,0.10114419187754461,0.14442661101513166,0.0021164431672697406,1.0486584919287283,0.12953101,6.4446826,26.851686,0.0023911206284037575,3.490219522130703,-0.0007497329751043704,0.0022705414168473406,-0.0013438591807459536,0.0016350456209560595
702,23.4,axial_advance_candidate,unknown_no_ground_truth,0.5183925566417376,0.1011219096811445,0.14436691983605185,0.0026129902688267048,1.0486584919287283,0.12953101,6.5881267,27.789557,0.002376942966424094,3.485766228825823,-0.0007993467957849281,0.0022385045377888648,-0.0016228677400622828,0.0020479302828094984
703,23.433332,axial_advance_candidate,unknown_no_ground_truth,0.5184506652801256,0.10109290739860205,0.1442952647973536,0.003354252821175601,1.340538853871315,0.12953101,6.7142715,28.614323,0.0023597277865474073,3.4738230118339715,-0.0008579225000555507,0.002198245712040026,-0.0020113883397294818,0.0026842743777722796
704,23.466667,axial_advance_candidate,unknown_no_ground_truth,0.5185281055547664,0.10105442583266178,0.14420237736943636,0.004484486897546276,1.8154109373122878,0.12953101,6.742834,28.801071,0.0023417893323580386,3.466064371017737,-0.0009334538280274614,0.0021477060385645865,-0.002697628483069846,0.003582376767119073
705,23.5,axial_advance_candidate,unknown_no_ground_truth,0.5186291941791189,0.10099909416729552,0.14407455207405206,0.005700529867221637,2.2069322869874166,0.12953101,7.3682933,32.89047,0.002333611437202306,3.45442338984839,-0.0010377534531905315,0.002090169875926964,-0.0031354009311692155,0.004760808940496263
706,23.533333,axial_advance_candidate,unknown_no_ground_truth,0.5187737403464393,0.10093309504787855,0.1439390053667165,0.006464811349303684,2.579989995132667,0.12953101,7.9423075,36.64351,0.002314684144008203,3.4426871786689164,-0.001142477354036799,0.0020130842461347867,-0.0030053714474351915,0.005723768709952126
707,23.566668,axial_advance_candidate,unknown_no_ground_truth,0.5189414454397778,0.10086519045760226,0.1438093891023406,0.007049484826592603,2.9967772282368053,0.12953101,8.629537,41.136776,0.0022968015273973955,3.42755893600451,-0.0012381254068588067,0.0019345135649939816,-0.0028735318195098293,0.006437239408521628
708,23.6,axial_advance_candidate,unknown_no_ground_truth,0.5191370620584428,0.10079392664128106,0.14367534213053237,0.007474094224611941,3.1896773599554584,0.12953101,9.26206,45.27236,0.002288454728727036,3.417305255936022,-0.0013340370018234896,0.001859400527911866,-0.003254202518458759,0.0067284656829944695
709,23.633333,axial_advance_candidate,unknown_no_ground_truth,0.5193176871113089,0.10071923599251131,0.14351714293630355,0.0077474427537334595,3.374038852476911,0.12953101,9.663266,47.895542,0.0023319937641406562,3.411350518506553,-0.0014550689173345513,0.0018223526996160107,-0.004821063752332467,0.006064669283507807
710,23.666666,axial_advance_candidate,unknown_no_ground_truth,0.5194346033618567,0.10063360649102872,0.14328479539199174,0.010683880748424681,3.374038852476911,0.12953101,9.555945,47.193855,0.0024861095042586993,3.4112422764285264,-0.0016554363273804519,0.0018547967633017258,-0.008963833679758833,0.005813346162768977
711,23.7,axial_advance_candidate,unknown_no_ground_truth,0.5194917178512592,0.10052088217018124,0.14285554457413918,0.016098750608400623,3.374038852476911,0.12953101,9.098532,44.203175,0.00284483662905846,3.418758650780225,-0.002052688750533812,0.0019696609706913114,-0.01451278459682429,0.0069677007970821376
712,23.733334,axial_advance_candidate,unknown_no_ground_truth,0.5195505382753544,0.10038744115928705,0.14224661303509056,0.021128370479960898,3.1896773599554584,0.17732954,8.723488,41.75105,0.003383028841822528,3.4322734484821984,-0.0026229467154608842,0.0021365941758920985,-0.019296832461787882,0.00860466711036358
713,23.766666,axial_advance_candidate,unknown_no_ground_truth,0.5196413949084808,0.10024228195738459,0.14148297267051288,0.023622554082194394,2.9967772282368053,0.17732954,8.522232,40.435192,0.004080097610674033,3.4547577581097904,-0.003339124536744644,0.0023446628415910503,-0.021550595505888438,0.009674548811587032
714,23.8,axial_advance_candidate,unknown_no_ground_truth,0.5197716279643514,0.10011185803222968,0.14071194412202115,0.0219637243542707,2.9022188079970745,0.17732954,8.794436,42.214928,0.0047983676008604035,3.4871040741668704,-0.004059631069114681,0.0025580709950401336,-0.0198128982258889,0.009479148242376657
715,23.833334,axial_advance_candidate,unknown_no_ground_truth,0.5199276257690819,0.10001519141199967,0.14006502663671672,0.01728830524595852,2.604748647800576,0.17732954,9.308004,45.572758,0.005407345458177867,3.5091304482733787,-0.0046600067440534165,0.0027429404020965307,-0.015223388372593731,0.008193530663554932
716,23.866667,axial_advance_candidate,unknown_no_ground_truth,0.5200817964940803,0.09995425069112258,0.13961312877846435,0.010984531879726346,1.4675564159548475,0.17732954,9.919393,49.570156,0.005835431000433268,3.5248826718271387,-0.0050745363565851695,0.002881203867572187,-0.009234905275814057,0.005947811796237846
717,23.9,terminal_settle_candidate,unknown_no_ground_truth,0.5201968121207574,0.09992987161272901,0.13938937198432316,0.004721480333104227,0.32489210869022167,0.17732954,10.151143,51.085396,0.006046433194610606,3.527770963777264,-0.0052756576625448024,0.0029541141827155773,-0.0036287540197387632,0.003020682174628732
718,23.933332,terminal_settle_candidate,unknown_no_ground_truth,0.52023956585738,0.09992854794153613,0.13934197865474968,0.0009804293802369974,0.32489210869022167,0.17732954,10.021853,50.24007,0.006089460293082203,3.529161093428406,-0.005316449584551064,0.002969324919228547,-0.0005491907543957163,0.0008121768803149759
719,23.966667,terminal_settle_candidate,unknown_no_ground_truth,0.5202451753829928,0.09992832889521541,0.13934546109403068,0.0006445151330596768,0.3021470535727121,0.17732954,9.748535,48.453053,0.006086060922058388,3.5294541920233797,-0.0053122797402963325,0.002969818430113755,0.000620495736650219,0.00017431235625117012
720,24.0,terminal_settle_candidate,unknown_no_ground_truth,0.520254462165041,0.09992914833417219,0.13938229582526301,0.0008630597189925998,0.25403176726609444,0.17732954,9.914028,49.535084,0.006050940497623071,3.529675158992818,-0.005275073095461242,0.0029643691982133196,0.0007592246898396345,0.00041042654505464956
721,24.033333,terminal_settle_candidate,unknown_no_ground_truth,0.5202777614814548,0.09992894043216602,0.1393928764220643,0.0003646301416114426,0.25403176726609444,0.17732954,10.128845,50.939606,0.006040308422527151,3.531635180169541,-0.005261665536503123,0.002966513377894618,-1.6941040947499473e-05,0.00036423638108129156
722,24.066668,terminal_settle_candidate,unknown_no_ground_truth,0.5202778867632127,0.09992499564688945,0.1393774398142938,0.0009923384366383868,0.3021470535727121,0.17732954,10.257444,51.78042,0.006056135669000172,3.5320890348738576,-0.005276215557627048,0.002972932665027997,-0.000801933360675528,0.000584498466948863
723,24.1,terminal_settle_candidate,unknown_no_ground_truth,0.5202381824894333,0.09991563403198399,0.13934159938264717,0.0023006526303959874,0.36034226192172686,0.17732954,10.450176,53.040543,0.006094373107703401,3.5323143616520083,-0.005315115638926859,0.002981766141187725,-0.0013433675141014188,0.001867716854291611
724,24.133333,terminal_settle_candidate,unknown_no_ground_truth,0.5201482741923045,0.09989981293891717,0.1392994004173997,0.003924505614673338,0.36034226192172686,0.2918067,10.487034,53.281525,0.006143518305586355,3.5332204878200986,-0.005365772019683466,0.002991873627654861,-0.0017255072815785485,0.0035248218310748648
725,24.166666,terminal_settle_candidate,unknown_no_ground_truth,0.5199960821885667,0.09987682736239477,0.1392503218605482,0.005283784404948694,0.3021470535727121,0.2918067,10.933503,56.200653,0.006207325261414702,3.5331338589456815,-0.005430147695135359,0.0030073880544441304,-0.0019360393139916695,0.004916312582887472
726,24.2,terminal_settle_candidate,unknown_no_ground_truth,0.5198129745826139,0.09984864206308466,0.1392041889505479,0.005538356369047684,0.2764839484243108,0.2918067,11.41961,59.378933,0.006276900810196277,3.5322003111677773,-0.0054948544888521415,0.003034148633040929,-0.0017063185056989765,0.005268953257306451
727,24.233334,terminal_settle_candidate,unknown_no_ground_truth,0.519639596588847,0.09982024123108729,0.1391727205557466,0.00461792669615901,0.2764839484243108,0.2918067,11.547392,60.214397,0.006336649628679587,3.5314736499775563,-0.005543893249322185,0.0030689373008852858,-0.0010216416488580708,0.004503498119508504
728,24.266666,terminal_settle_candidate,unknown_no_ground_truth,0.519511451152276,0.09979893314952348,0.13916692481376408,0.0031030357073851705,0.22129563089878534,0.2918067,11.263556,58.35861,0.006367643319610613,3.530813783012649,-0.005562962888527432,0.003098439179110704,-0.0002855247598468354,0.003089871552803092
729,24.3,terminal_settle_candidate,unknown_no_ground_truth,0.5194354209215646,0.09978707843587481,0.13917517354794753,0.0017401352629650133,0.15134567132759888,0.2918067,11.341946,58.87114,0.006376170556799355,3.5305211507199616,-0.005562927941655448,0.0031159883962146072,-5.769498596251881e-05,0.0017391785480533905
730,24.333334,terminal_settle_candidate,unknown_no_ground_truth,0.5193972431873961,0.09978012917199819,0.1391751806317093,0.000760192496565362,0.08790413181864966,0.14937136,11.320082,58.728188,0.006384958001502627,3.5304369578961667,-0.005566820924247756,0.003127010309914212,-0.0001981163620106169,0.0007339227063785099
731,24.366667,terminal_settle_candidate,unknown_no_ground_truth,0.5193863118536641,0.09977793780821295,0.13916680461825948,0.0002158297832142607,0.07207722056605137,0.14937136,11.276126,58.4408,0.006395288352257111,3.5305314090526956,-0.0055761241395053925,0.003131541583524116,-0.00018733011404299205,0.00010719106163740693
732,24.4,terminal_settle_candidate,unknown_no_ground_truth,0.5193896347220124,0.09977807725314297,0.13916314203329735,0.00011026667164117028,0.043036167149021906,0.14937136,11.317346,58.710304,0.006398042201753094,3.5304413933454875,-0.005579309407164162,0.0031314933425672614,-8.4508837824565e-05,7.083075041507777e-05
733,24.433332,terminal_settle_candidate,unknown_no_ground_truth,0.5193902013387948,0.09977805419192648,0.1391605679890637,0.00010770619603076329,0.03832223917823919,0.14937136,11.333562,58.81633,0.00640032136957205,3.530472212050982,-0.005581757975703331,0.0031317872747798326,-9.677243885508706e-05,4.728339815892728e-05
734,24.466667,terminal_settle_candidate,unknown_no_ground_truth,0.5193858693124715,0.09977780116207417,0.13915700605019737,0.0001737460087826194,0.03832223917823919,0.14937136,11.333844,58.818176,0.006404421379406233,3.530447656755499,-0.00558577250505733,0.0031330111277716836,-0.00012444664491871005,0.00012124647679980874
735,24.5,terminal_settle_candidate,unknown_no_ground_truth,0.5193815705964828,0.09977656680591916,0.13915303274248955,0.00014515923834927335,0.043036167149021906,0.14661616,11.3332615,58.81436,0.006409243821540187,3.530620109475886,-0.0055900430892618135,0.0031352551130884553,-0.00010073889089131169,0.0001045125846017098
736,24.533333,terminal_settle_candidate,unknown_no_ground_truth,0.5193785446238071,0.09977621344192363,0.13915088436672263,9.58151954402556e-05,0.043036167149021906,0.14661616,11.362437,59.005127,0.006411860759079448,3.530577757836194,-0.005592488328214439,0.003136244998817558,-5.3542006811761716e-05,7.945945622657911e-05
737,24.566668,terminal_settle_candidate,unknown_no_ground_truth,0.5193759534875981,0.09977583834243398,0.13915001082447392,7.711603471412399e-05,0.10847607935157387,0.14661616,11.345426,58.893898,0.006413239944014074,3.5305022481579513,-0.005593623954678943,0.0031370396288761706,-2.566617607344847e-05,7.271953118520992e-05
738,24.6,terminal_settle_candidate,unknown_no_ground_truth,0.5193736253850174,0.0997755224309242,0.13914969424928125,6.659772409258395e-05,0.16732068511032458,0.14661616,11.386814,59.1645,0.0064140418937806195,3.530513276539958,-0.00559418803685374,0.0031376732818276945,-7.09359489167183e-06,6.621886261349392e-05
739,24.633333,terminal_settle_candidate,unknown_no_ground_truth,0.5193715316952648,0.09977544100062827,0.13915004982028983,6.952432634484917e-05,0.17520622091150442,0.14661616,11.370097,59.055206,0.006414103408484681,3.530546796261668,-0.00559409685375912,0.0031379615876388797,6.253045289308508e-06,6.924255467784928e-05
740,24.666666,terminal_settle_candidate,unknown_no_ground_truth,0.5193696998936024,0.09977312834955351,0.13915027823721282,8.294562823396321e-05,0.22232379033602584,0.14661616,11.216969,58.054012,0.006415027913765356,3.5305923211263557,-0.005593771173555127,0.003140431051988308,1.2538775518735616e-05,8.199241642748182e-05
741,24.7,terminal_settle_candidate,unknown_no_ground_truth,0.5193685697138755,0.09977077725532474,0.13915058539988936,8.200785236891501e-05,0.25384260688212423,0.14661616,11.190651,57.88194,0.006415773993193384,3.530606409198938,-0.005593272339644256,0.003142842736489855,-2.317826474412017e-05,7.866419702516028e-05
742,24.733334,terminal_settle_candidate,unknown_no_ground_truth,0.5193652687832347,0.09977624814577686,0.13914976013666944,0.0002600466731255963,0.22232379033602584,0.14661616,11.181932,57.824936,0.006415163447637657,3.5305606950715185,-0.005595304841746134,0.0031379747908226656,-0.00010665580453308359,0.00023716831905440356
743,24.766666,terminal_settle_candidate,unknown_no_ground_truth,0.5193608036601206,0.0997857508980323,0.1391465827078061,0.00036379686610744813,0.28108245267721405,0.14661616,11.166568,57.724483,0.006415501625397238,3.5305572871342403,-0.005600382617666838,0.0031295967218173256,-0.00012481547491631685,0.00034171516941893995
744,24.8,terminal_settle_candidate,unknown_no_ground_truth,0.5193568251659033,0.0997986204158716,0.13914571256018113,0.0004356864641072124,0.28108245267721405,0.14661616,11.202215,57.95755,0.006412469817087113,3.530871123750892,-0.005603625745911268,0.003117554755704158,-4.0551822445279095e-05,0.00043379516445277703
745,24.833334,terminal_settle_candidate,unknown_no_ground_truth,0.5193540791232422,0.09981391476309004,0.13914888637314243,0.0004738883919865327,0.28108245267721405,0.14661616,11.242658,58.221977,0.006404680342034132,3.530955955257313,-0.005603097317731417,0.0031024555970504144,6.221508567127941e-05,0.000469786644312604
746,24.866667,terminal_settle_candidate,unknown_no_ground_truth,0.5193525314237022,0.09982852592291486,0.1391549638805173,0.0004428179122264446,0.2335223070508785,0.1465349,11.236266,58.180187,0.0063942719734054595,3.530955955257313,-0.005599466770653021,0.0030875048103980603,0.00013089247667241413,0.00042303056974543656
747,24.9,terminal_settle_candidate,unknown_no_ground_truth,0.5193520186086433,0.09984029436198469,0.13916197626387516,0.0003256338941196784,0.12038924815647398,0.1465349,11.129121,57.47965,0.00638382443099618,3.531188205280547,-0.005594371286323368,0.003075097441796656,0.0001459332221786161,0.0002911029502841093
748,24.933332,terminal_settle_candidate,unknown_no_ground_truth,0.519350869590359,0.09984602504794446,0.13916770287464142,0.0001634540510974173,0.10520904531399168,0.1465349,10.908373,56.03634,0.0063767683709295975,3.5312265118629242,-0.005589738038241652,0.0030688765892949305,6.864549580798002e-05,0.0001483409003796111
749,24.966667,terminal_settle_candidate,unknown_no_ground_truth,0.5193474211478455,0.09984784366992255,0.13916835600029526,0.00011675843285576437,0.07132524747281331,0.1465349,10.808968,55.386406,0.0063761471980613065,3.5312265118629242,-0.0055898065531670895,0.003067460804886562,3.596857807683438e-05,0.00011108011988679479
750,25.0,terminal_settle_candidate,unknown_no_ground_truth,0.5193476855531017,0.09985204033912853,0.139171471485947,0.0001484769674860144,0.07132524747281331,0.1465349,10.724294,54.832794,0.0063717817043219774,3.5312000011327904,-0.005587328820979826,0.00306290037934316,2.4837502768069845e-05,0.00014638479541977407
751,25.033333,terminal_settle_candidate,unknown_no_ground_truth,0.5193411259921553,0.09985462170426984,0.13917187819594182,0.0003095588974285789,0.07132524747281331,0.1465349,10.781455,55.206528,0.006371681022310659,3.531188205280547,-0.005588150745020117,0.003061190993878841,1.2820256039799911e-05,0.00030929331064908505
752,25.066668,terminal_settle_candidate,unknown_no_ground_truth,0.5193280814277326,0.09985706382404808,0.1391756508346746,0.000538283854708958,0.07132524747281331,0.14647582,10.853102,55.674965,0.0063696966512408,3.5309859860927455,-0.00558648540924344,0.0030601006848040833,7.409645358751446e-05,0.0005331596607078295
753,25.1,terminal_settle_candidate,unknown_no_ground_truth,0.5193072682897352,0.09986033421874492,0.13918221807451814,0.000702516698817319,0.0887526877215694,0.14647582,10.749451,54.99727,0.006366301509523002,3.5308668407991757,-0.0055831995822277275,0.003059032091228694,0.00016378720520264292,0.0006831569830786267
754,25.133333,terminal_settle_candidate,unknown_no_ground_truth,0.519285131872409,0.0998631140538682,0.13919331799594056,0.0007332371246060421,0.0887526877215694,0.14647582,10.482878,53.254353,0.006359224460753214,3.529134006293225,-0.005575566429534564,0.003058233923703222,0.0001986744502368018,0.0007058081493746308
755,25.166666,terminal_settle_candidate,unknown_no_ground_truth,0.5192631191749009,0.09986614991773521,0.13920237883939351,0.0006942889265329104,0.0887526877215694,0.14647582,10.556631,53.73657,0.006354001126321528,3.528463116180932,-0.005569954821819696,0.003057602589641562,0.00027854441988645295,0.0006359639295245765
756,25.2,terminal_settle_candidate,unknown_no_ground_truth,0.5192468155100929,0.09987024095760358,0.1392183260622798,0.0006778953587200754,0.1291886221884866,0.14647582,10.385095,52.61503,0.006341066311131074,3.528163816374109,-0.005557007560279754,0.0030543066213389765,0.0004800452033495026,0.00047864258075870614
757,25.233334,terminal_settle_candidate,unknown_no_ground_truth,0.5192384323807758,0.09987393388486109,0.13923941399313403,0.0007448116259217279,0.1291886221884866,0.14647582,10.229433,51.597275,0.006322052783173761,3.5278925513802255,-0.005537940302384767,0.003049519404833752,0.0006956874444699078,0.00026601379233997824
758,25.266666,terminal_settle_candidate,unknown_no_ground_truth,0.5192409966774651,0.09987626682803447,0.13926726771120063,0.0008015330418916889,0.059192523040483926,0.14647582,9.985969,50.005447,0.006295170952402221,3.5278057654731185,-0.0055106291079427844,0.00304337709701943,0.0007723014812239979,0.0002144892522793686
759,25.3,terminal_settle_candidate,unknown_no_ground_truth,0.5192407306432669,0.09987980839184865,0.13929247506340808,0.0007270345886315906,0.03459358002556865,0.14647582,9.551492,47.164734,0.006270865891252456,3.5269852243446755,-0.005486454325856879,0.0030368697628248395,0.0006838875087302146,0.0002467329902333428
760,25.333334,terminal_settle_candidate,unknown_no_ground_truth,0.519239454263713,0.09988397852519003,0.13931508651267138,0.0005945148290365706,0.03217279633134153,0.14645366,8.898955,42.8983,0.006248932677441587,3.526633392891675,-0.005465047587318522,0.0030302499031501172,0.0005258427262864926,0.00027737575444867476
761,25.366667,terminal_settle_candidate,unknown_no_ground_truth,0.5192338247507696,0.09988876892148651,0.13933046559184192,0.000418609564856299,0.02808690019105034,0.14645366,8.869572,42.70618,0.006234288071195401,3.52661874728658,-0.005451385798870358,0.00302468851727312,0.0003076812600790659,0.0002838418749679797
762,25.4,terminal_settle_candidate,unknown_no_ground_truth,0.519228194822107,0.09989329499518967,0.13933886091339936,0.00024616420728009125,0.02808690019105034,0.14645366,8.853009,42.597893,0.006226148686034027,3.52661874728658,-0.0054445358176021105,0.003020257802150498,4.602266787296715e-05,0.0002418237601801988
763,25.433332,terminal_settle_candidate,unknown_no_ground_truth,0.5192211075050356,0.09989719411315182,0.13933651528106894,0.0002226217035958008,0.02808690019105034,0.14645366,8.828054,42.43473,0.006228373708917813,3.526618579589188,-0.005448317668023205,0.0030180247921852512,-7.581370299307757e-05,0.0002093148474197997
764,25.466667,terminal_settle_candidate,unknown_no_ground_truth,0.5192160678034188,0.09990156655846857,0.13933651812762995,0.00019105846972014952,0.02808690019105034,0.14645366,8.837349,42.495502,0.006227879360810751,3.5266396423466713,-0.005449601423392801,0.0030146850016158707,-1.9510419488715412e-05,0.00019005968110880232
765,25.5,terminal_settle_candidate,unknown_no_ground_truth,0.5192113676417243,0.099905288476666,0.13933768272463107,0.00018490278232016606,0.03217279633134153,0.14645366,8.814175,42.343983,0.006226481805410441,3.5267870915872805,-0.005449607019092344,0.003011786680787126,-6.265331225538934e-05,0.0001739643681136094
766,25.533333,terminal_settle_candidate,unknown_no_ground_truth,0.5192049099563023,0.099906375664085,0.13933443928695816,0.00019299817058872852,0.07290571186497903,0.14645366,8.834748,42.478497,0.006230394189978969,3.526575092583296,-0.005453778246877643,0.0030123271064756442,-7.395517609103152e-05,0.00017826644602936495
767,25.566668,terminal_settle_candidate,unknown_no_ground_truth,0.5191990433109728,0.09990750275920898,0.13933459128332323,0.00020054346009821278,0.7362823791750049,0.14645366,8.900651,42.909386,0.006231065515547545,3.526575092583296,-0.005454548669475379,0.0030123207451017166,0.00012507649393690796,0.00015675952938374782
768,25.6,terminal_settle_candidate,unknown_no_ground_truth,0.519197240942656,0.09991050021371412,0.13934457108664086,0.00033698433662701904,1.427457097323006,0.14645366,8.962374,43.312943,0.006221258455857347,3.526575092583296,-0.0054454288342011496,0.003008548086075284,0.00025125087810064906,0.00022456945336711518
769,25.633333,terminal_settle_candidate,unknown_no_ground_truth,0.5191931455005404,0.09991734543301242,0.1393539051728857,0.000402423222213044,1.427457097323006,0.14645366,8.945837,43.204823,0.0062111977205798535,3.526552961717088,-0.005437798867581934,0.0030015530313257837,0.0002536750291168765,0.0003123994708364289
770,25.666666,terminal_settle_candidate,unknown_no_ground_truth,0.5191910929995556,0.099926726300301,0.13936503197527478,0.000893687424169012,1.427457097323006,0.14645366,8.753734,41.948803,0.006198211136422941,3.526002458244764,-0.005428517424716204,0.002991491243716071,0.0007812562230320599,0.0004339538294467788
771,25.7,terminal_settle_candidate,unknown_no_ground_truth,0.5192055744694783,0.09993788482192899,0.13940841851486901,0.0019727819931523254,1.427457097323006,0.14645366,8.374548,39.4696,0.006151632552176505,3.5261290428057124,-0.005385723941131424,0.002972635310111454,0.0018396017787015717,0.0007125546212776085
772,25.733334,terminal_settle_candidate,unknown_no_ground_truth,0.5192306373917485,0.09994988461402915,0.1394883278425415,0.0022826907039471306,0.6462166921499128,0.14645366,8.095639,37.64603,0.006069143601867783,3.5258049621690746,-0.005305866346534532,0.0029465719697310874,0.002145473713401519,0.000779499451564748
773,25.766666,terminal_settle_candidate,unknown_no_ground_truth,0.5192474675360064,0.09996321965622894,0.13955250519452198,0.0009099967538694839,0.6462166921499128,0.14645366,8.643683,41.22927,0.00600232552513987,3.5258049621690746,-0.005242694551786835,0.0029226812255889723,0.0007303461479099983,0.0005428522785123268
774,25.8,terminal_settle_candidate,unknown_no_ground_truth,0.5192485028859657,0.09997687761450708,0.13953963580922923,0.0023722239273348262,0.6462166921499128,0.14645366,8.815988,42.355835,0.006009177205880046,3.5258049621690746,-0.005257177349371236,0.002910721046223143,-0.00236612565635785,0.0001699874693764129
775,25.833334,terminal_settle_candidate,unknown_no_ground_truth,0.5192171511924681,0.09999118995385342,0.1393998074526283,0.006058294768387069,0.6462166921499128,0.14643888,8.056006,37.3869,0.006139097361560134,3.5261290428057124,-0.005400457184876443,0.0029195168451356807,-0.006026090354893516,0.0006238353431198574
776,25.866667,terminal_settle_candidate,unknown_no_ground_truth,0.519172532140914,0.10000178868250659,0.13914375718222033,0.008844731283671362,0.6047934255725917,0.14643888,6.8197002,29.30364,0.006380935392796717,3.5302674293869067,-0.00565890405962555,0.00294841335823172,-0.00877914996701154,0.0010750801537914045
777,25.9,terminal_settle_candidate,unknown_no_ground_truth,0.5191372158820154,0.10000574515290878,0.1388157924794834,0.010923239808077485,0.6047934255725917,0.14643888,6.4892683,27.143198,0.00669122946186016,3.5383457205779907,-0.005985724881657255,0.0029905934782873227,-0.010780817474590983,0.001758164521403611
778,25.933332,terminal_settle_candidate,unknown_no_ground_truth,0.519109084859487,0.09999494356985814,0.13841835394232582,0.01257699950159234,0.7515504125146827,0.3323738,6.4228745,26.709099,0.007071294388042124,3.548060088120381,-0.00637761421225729,0.003054380670769421,-0.012304970891212248,0.0026016548251974678
779,25.966667,terminal_settle_candidate,unknown_no_ground_truth,0.5190973200238373,0.09996813086274331,0.13797909685104776,0.014045832870251771,0.8742631610531133,0.3323738,6.691861,28.467798,0.007494124124103118,3.553505568696137,-0.006806080722967175,0.0031367437861449473,-0.013658927344220072,0.0032740074563693856
780,26.0,post_settle_motion_unresolved,unknown_no_ground_truth,0.5190596005731823,0.09992402358184456,0.1374859679434195,0.016433803814032116,0.8761865990848917,0.3323738,5.9824347,23.829401,0.007979082068861205,3.559238595286998,-0.0072882071346537635,0.0032477357380187805,-0.015974381765737133,0.0038586312340753042
781,26.033333,post_settle_motion_unresolved,unknown_no_ground_truth,0.5189573925503737,0.09986901830450338,0.13689702895949174,0.019939931432051666,1.4334968610890646,0.3323738,4.751326,15.780123,0.00857052419519916,3.571463228621008,-0.00787102318990997,0.0033912945794185587,-0.019325976911129406,0.004909937061247839
782,26.066668,post_settle_motion_unresolved,unknown_no_ground_truth,0.5187780503777034,0.09980726310988305,0.13619201314186413,0.023445423585318915,1.7088256856197532,0.3323738,4.3352046,13.0594225,0.009289274585964999,3.5831227468839315,-0.008576641149051285,0.0035681716514001246,-0.02258719784987582,0.0062854101207155625
783,26.1,post_settle_motion_unresolved,unknown_no_ground_truth,0.5185235584411927,0.09974581122035611,0.13540048002533678,0.024771667422828866,1.7088256856197532,0.3323738,3.9091735,10.2739315,0.010106488033061111,3.59472334491583,-0.00937683987897813,0.0037704077029431264,-0.023712910822288668,0.007164730786388705
784,26.133333,post_settle_motion_unresolved,unknown_no_ground_truth,0.5182489968752448,0.09968853818952975,0.13463214387493835,0.022317423770440256,1.7088256856197532,0.47164768,3.7810857,9.436463,0.010907208799626207,3.607541063222553,-0.010157477648379647,0.00397402209622836,-0.021259747110915245,0.006789002616684046
785,26.166666,post_settle_motion_unresolved,unknown_no_ground_truth,0.5180110859153731,0.09964291043336049,0.13400751613160705,0.017357637765565332,1.7088256856197532,0.47164768,3.7135446,8.9948635,0.01156286845837986,3.6199868029992395,-0.01079413463672821,0.004145670564574595,-0.016467880846200187,0.0054860267257764005
786,26.2,post_settle_motion_unresolved,unknown_no_ground_truth,0.5178316135600733,0.09960878267430323,0.13355578778669855,0.011672469415029304,1.4665522129088369,0.47164768,3.7214808,9.046753,0.012039874348121931,3.629135474089536,-0.011255352141877183,0.0042749997053690165,-0.01106893427354364,0.003704758601146026
787,26.233334,post_settle_motion_unresolved,unknown_no_ground_truth,0.517729342342897,0.09958898470203509,0.13328415146329975,0.006376577667973576,0.8379919577052716,0.47164768,3.6895604,8.838049,0.012325693527227859,3.634822263274833,-0.011532072932868363,0.004351323338727151,-0.00606625847977058,0.001965006568007057
788,26.266666,post_settle_motion_unresolved,unknown_no_ground_truth,0.5176822086660944,0.09958013154111114,0.1331588417391662,0.002498251549442299,0.2736454743965732,0.47164768,3.6774101,8.758608,0.012457560060118228,3.636553486050404,-0.01165976317732745,0.004386425116207016,-0.002381644286390712,0.0007543416317513733
789,26.3,post_settle_motion_unresolved,unknown_no_ground_truth,0.5176701449829912,0.0995801115267476,0.13312873258987817,0.00036345646775978534,0.24426868266211987,0.47164768,3.483165,7.488588,0.012489001385806109,3.6365775936930773,-0.01169084678583643,0.004393091968621296,-0.00035133819904534393,9.307026296295831e-05
790,26.333334,post_settle_motion_unresolved,unknown_no_ground_truth,0.5176733400801456,0.09958144949519276,0.1331363133093444,0.00034325037281196654,0.24426868266211987,0.4973899,3.2569382,6.009464,0.012480786000378951,3.6366148396644333,-0.011683194878482099,0.00439009984153719,0.00032225301100234757,0.00011821089347211152
791,26.366667,post_settle_motion_unresolved,unknown_no_ground_truth,0.517678663069065,0.09958240233116947,0.13314986883860241,0.00025383381276605093,0.21783557630880976,0.4973899,3.221892,5.780324,0.012466468035771077,3.6368011857926086,-0.011669352261486394,0.004386233359528921,0.0002409313991820965,7.989784347219818e-05
792,26.4,post_settle_motion_unresolved,unknown_no_ground_truth,0.5176792194088861,0.0995828259586391,0.13315212130584356,4.5679800776159006e-05,0.1799910855312546,0.4973899,3.2383502,5.8879304,0.012464110068994836,3.636930016188245,-0.011667133031308822,0.004385435741378619,-4.098815970711639e-05,2.01646959504352e-05
793,26.433332,post_settle_motion_unresolved,unknown_no_ground_truth,0.5176772481169585,0.09958358275494125,0.13314744433859604,0.00011786980373257884,0.1799910855312546,0.4973899,3.2508597,5.9697213,0.01246886573629912,3.6371062780700574,-0.011672084763598458,0.0043857781545840815,-0.0001148142463795432,2.6664198098840528e-05
794,26.466667,post_settle_motion_unresolved,unknown_no_ground_truth,0.517676441111391,0.09958396206262485,0.13314484020277945,8.022017516326532e-05,0.1799910855312546,0.4973899,3.1925352,5.5883813,0.012471456937171098,3.6371798159659785,-0.011674798346318552,0.004385923130711566,-7.807717947220988e-05,1.841821242382927e-05
795,26.5,post_settle_motion_unresolved,unknown_no_ground_truth,0.5176754899241744,0.09958480438078106,0.13314256138364677,8.952024829872149e-05,0.1799910855312546,0.4973899,3.1150973,5.082074,0.012473678704942613,3.6372030537544746,-0.01167727893457238,0.004385637595416539,-8.445673094409585e-05,2.968055682936814e-05
796,26.533333,released,unknown_no_ground_truth,0.5176739374060728,0.09958557521768327,0.1331396686149612,0.00013792148355909402,0.17468329159909668,0.5021838,3.0990617,4.97723,0.012476635573140916,3.637229927125388,-0.011680428708777672,0.004385660771665744,-0.00012944108030846522,4.761661848261485e-05
797,26.566668,released,unknown_no_ground_truth,0.5176712374669346,0.09958648245099075,0.13313455992316955,0.00022832580139081998,0.13672673492459675,0.5021838,3.08791,4.904317,0.012481938084530865,3.637295522843594,-0.011685919646277833,0.004386121335166166,-0.00021581941548442984,7.452953428486732e-05
798,26.6,released,unknown_no_ground_truth,0.5176675907062078,0.09958565165529952,0.13312585580487624,0.00030961294817619795,0.13509515324341395,0.5021838,3.1604161,5.3783793,0.012491227362507417,3.637462329496868,-0.01169480561157162,0.004388881717408999,-0.00028827233476803687,0.00011295680008632467
799,26.633333,released,unknown_no_ground_truth,0.517663585608293,0.09958382057435157,0.13311557583376632,0.00036331338614166474,0.12536926116972144,0.5021838,3.1421573,5.2589993,0.012502298326219016,3.637852037598867,-0.01170513750746591,0.004392860044332573,-0.0003385933428371344,0.0001317238199267589
800,26.666666,released,unknown_no_ground_truth,0.5176586947689648,0.09958252627218414,0.13310354598791846,0.0003548339900019912,0.0969613228987564,0.5021838,3.1803439,5.5086718,0.012515132848690528,3.6381513443306868,-0.011717378155229297,0.0043967714732207714,-0.00033617341310071194,0.00011355437809680125
801,26.7,released,unknown_no_ground_truth,0.5176549439514935,0.0995821319436874,0.13309359900637474,0.00027953893747585895,0.08324749347735694,0.5021838,3.1912208,5.5797877,0.012525546508574657,3.638323581746456,-0.011727560305292699,0.004399277738923721,-0.00026570593116013796,8.684685205265772e-05
802,26.733334,released,unknown_no_ground_truth,0.5176519595901464,0.09958145717534486,0.13308622282004176,0.00024458422084368953,0.07523183212826454,0.5021838,3.1792254,5.5013595,0.012533389905392042,3.6385535955669592,-0.011735081219119554,0.004401560098561719,-0.000230052823176906,8.304901946471076e-05
803,26.766666,released,unknown_no_ground_truth,0.5176484898201517,0.09958111825965366,0.13307865974409805,0.0002622186712495268,0.06823967508429984,0.5021838,3.1547828,5.3415475,0.012541455137309424,3.6387589259831303,-0.011742896925177838,0.00440368808679655,-0.00024549157554883003,9.215485818132703e-05
804,26.8,released,unknown_no_ground_truth,0.5176441320261532,0.09958164657710608,0.1330705934271462,0.0002732854697947615,0.0657196060003884,0.5021838,3.168808,5.4332476,0.012550030751390957,3.6387697942346144,-0.011751447073392507,0.004405310833767956,-0.0002519510990766972,0.00010585646732716813
805,26.833334,released,unknown_no_ground_truth,0.5176393643154371,0.09958247229062875,0.1330629231194061,0.0001767692994471775,0.05922598526798515,0.5021838,3.1498985,5.309613,0.012558263500313967,3.639030827793351,-0.011759704925870465,0.0044067360029591066,-0.00014514337482102115,0.00010089988093457039
806,26.866667,released,unknown_no_ground_truth,0.5176362472490555,0.09958288426729052,0.13306195813317,0.00010124718444737861,0.05922598526798515,0.5021838,3.1478875,5.2964644,0.012559807399696988,3.639457796789173,-0.011761112767456703,0.004407378856945496,-4.197569194995606e-05,9.213595196145693e-05
807,26.9,released,unknown_no_ground_truth,0.5176332913511943,0.09958487949337985,0.1330612251647197,0.0004933468867713966,0.0657196060003884,0.5021838,3.207733,5.687748,0.01256078371694859,3.639749899450375,-0.01176250326245665,0.004406450338385476,-0.00048126520157884935,0.000108512471339928
808,26.933332,released,unknown_no_ground_truth,0.5176256507396941,0.0995843444613158,0.1330308568933003,0.0012091440530114714,0.07523183212826454,0.5021838,3.1589978,5.369106,0.012591594215315277,3.6400593483340544,-0.011793196622628005,0.0044123415895867095,-0.0011671922892781332,0.00031573960914443226
809,26.966667,released,unknown_no_ground_truth,0.5176289775020513,0.09957631460986285,0.13298117545643515,0.0027350815473796333,0.12951238137730062,0.5021838,3.0661705,4.7621794,0.012639828801668205,3.6409520151514743,-0.011840329113433246,0.004424011598206555,-0.0026329671876804874,0.0007403748100891034
810,27.0,released,unknown_no_ground_truth,0.5176021670305753,0.09956112874868339,0.13285154854227493,0.0067574977628791525,0.4223631075179816,0.5021838,2.767653,2.810402,0.012772569972970799,3.6443652073107162,-0.01196871442358206,0.004459643344615579,-0.006392975541807514,0.0021894382241039977
811,27.033333,released,unknown_no_ground_truth,0.5174804645085445,0.09952662823113696,0.13255877866319107,0.013698109621057568,0.7881638509038865,0.5021838,2.5399005,1.3213028,0.01308630281813238,3.651124087824945,-0.012266520952619162,0.004558923685127287,-0.012628063207083805,0.005307563172342482
812,27.066668,released,unknown_no_ground_truth,0.5172151616344701,0.09946585172722412,0.13202985125532285,0.021909398472188434,0.9981360685112568,0.50324744,2.1403542,-1.2910255,0.013664183444447281,3.6599960568780054,-0.012810621678082225,0.00475372290153275,-0.019921978842920667,0.00911792193404584
813,27.1,released,unknown_no_ground_truth,0.5168072220040278,0.09937844396222728,0.13127108179707864,0.02887525252810375,2.813139863873641,0.50324744,1.3195848,-6.657408,0.014502507706761147,3.6813073184805924,-0.013594645940751085,0.005050577346233451,-0.026118612994739384,0.012312524671763823
814,27.133333,released,unknown_no_ground_truth,0.5163049495392149,0.09926990528073959,0.13034500847621258,0.032903570346920936,2.813139863873641,0.50324744,1.2370512,-7.1970325,0.015531287116471153,3.713202713786243,-0.014551835864874789,0.005428162898809009,-0.029795090658731798,0.01396056998165648
815,27.166666,released,unknown_no_ground_truth,0.5157754906741545,0.09915516316739051,0.12934824951267962,0.03304748696624686,2.813139863873641,0.7008975,1.2986039,-6.7945867,0.016639326897312033,3.7510606003013485,-0.015580954883044581,0.00583960996369971,-0.030114262042169593,0.013611304729518029
816,27.2,released,unknown_no_ground_truth,0.5152971670505753,0.09905151987594749,0.12839800277024496,0.028581764643467414,2.813139863873641,0.7008975,1.3534057,-6.4362793,0.017690054480244976,3.784738086640586,-0.016559488131052364,0.006222650588902716,-0.026383841023767285,0.010991369476418229
817,27.233334,released,unknown_no_ground_truth,0.5149466381784716,0.0989950468434054,0.12763998217970515,0.020973571501037833,2.3980050442110166,0.7008975,1.3739482,-6.3019676,0.01851609555690471,3.8125407776356752,-0.01733990172701113,0.006494120631003316,-0.019807266893477404,0.006896584641668674
818,27.266666,released,unknown_no_ground_truth,0.514725270408357,0.09902181437670485,0.12712243948792556,0.013658769146000848,1.6808294130486718,0.7008975,1.475387,-5.638737,0.019064736797105478,3.8329808928071682,-0.017879952357979564,0.006616002782593787,-0.013112055554273385,0.0038256991158993623
819,27.3,released,unknown_no_ground_truth,0.5145872244465803,0.09917254429265587,0.12682239099373024,0.009682400674949977,1.4371409683859702,0.7008975,1.5395765,-5.219051,0.01936562159260783,3.8410132370492027,-0.018214025370319107,0.006578493708855451,-0.007906250296557272,0.0055892834136819225
820,27.333334,released,unknown_no_ground_truth,0.5144915315316898,0.09942489690567674,0.1266757004582948,0.009500038312972126,1.1398925645081561,0.7008975,1.5573567,-5.1028,0.01949728603631507,3.844497187894852,-0.018407045360062012,0.00642844023807535,-0.0043653474772210685,0.00843768151514727
821,27.366667,released,unknown_no_ground_truth,0.5144158633116576,0.09975257128697237,0.12663445425252273,0.010628312690868348,1.0482410454538311,0.82874435,1.6193087,-4.697743,0.01951823372288,3.846782337619121,-0.018505047214515017,0.006206824892772478,-0.0022611074610208036,0.010385009566899263
822,27.4,released,unknown_no_ground_truth,0.5143507083436623,0.10011856603479767,0.1266436753221431,0.010899168267456126,0.9211780467436795,0.82874435,1.7131438,-4.084227,0.019490259119345238,3.8492385306518413,-0.018557783547797503,0.005956414217657856,-0.0013703596580802568,0.010812676973341463
823,27.433332,released,unknown_no_ground_truth,0.5142919770212366,0.1004679234010691,0.12666397073672134,0.009494490572863746,0.8989480718707954,0.82874435,1.673223,-4.3452387,0.019458187220059136,3.8498031611887535,-0.01859640312526487,0.005726677980601991,-0.001115336996581191,0.0094287525485748
824,27.466667,released,unknown_no_ground_truth,0.5142430996755114,0.10074155201675103,0.12667463765032275,0.006891719219454598,0.8598949658243172,0.82874435,1.7121574,-4.090677,0.019443417534583514,3.8502738885013112,-0.01863215081686954,0.005557827035953657,-0.0010177799516154832,0.006816151243178916
825,27.5,released,unknown_no_ground_truth,0.5142067222286757,0.10091931150929895,0.12667312958034121,0.004114467873865845,0.6795048442142915,0.82874435,1.7008673,-4.164494,0.019445412840983674,3.854158791920012,-0.018664245602793915,0.005456190670685979,-0.0007281634932452576,0.00404952143001849
826,27.533333,released,unknown_no_ground_truth,0.5141877512903371,0.1010101938030794,0.12667236690026695,0.0021187909356683394,0.21426791641490317,0.82874435,1.5832418,-4.933557,0.019447199454820777,3.8550645540506,-0.018680694305951387,0.005406036152596174,-0.00038491481514303866,0.002083534404360465
827,27.566668,released,unknown_no_ground_truth,0.5141774642671437,0.1010574893193765,0.1266713485945777,0.0008135580824879769,0.07746007264238246,0.8521376,1.5559429,-5.112044,0.019449025768639695,3.855163760076846,-0.01868991715396506,0.005380669115187592,-0.00016042685124854968,0.0007975838382138831
828,27.6,released,unknown_no_ground_truth,0.5141757156298377,0.10106306089519385,0.12667091600391872,2.8085667681191866e-05,0.03226056227770359,0.8521376,1.5555584,-5.1145573,0.01944971802280438,3.855481279346695,-0.018691379383582712,0.005378091474266762,-8.420825166859611e-06,2.679355207148781e-05
829,27.633333,released,unknown_no_ground_truth,0.5141767336318823,0.1010559184462588,0.12667063850928206,7.049741818977285e-05,0.03150896372365003,0.8521376,1.5910884,-4.882254,0.0194500131598116,3.8555610849179094,-0.018690478533707852,0.005382287998412068,-4.741614420930686e-06,7.033777835634943e-05
830,27.666666,released,unknown_no_ground_truth,0.5141751338629104,0.10105849009263318,0.12666999025210968,0.000235889310676895,0.021378187896655274,0.8521376,1.5483059,-5.1619763,0.01945101276285996,3.855780917015223,-0.01869169548636732,0.005381674214020836,-6.374061202509381e-05,0.00022711429120662389
831,27.7,released,unknown_no_ground_truth,0.5141714893644473,0.10107067865684674,0.12666917880626663,0.00034677461703326026,0.020110214086232873,0.8521376,1.5349996,-5.2489758,0.019452344363219336,3.85604387144963,-0.018694738701797112,0.005375913512771607,-8.746125185830494e-05,0.0003355639498544837
832,27.733334,released,unknown_no_ground_truth,0.5141681939932409,0.10108046842687995,0.12666823617639383,0.0002758145346050908,0.020110214086232873,0.8521376,1.5257235,-5.3096256,0.019453814003482638,3.856333028517534,-0.01869751569729545,0.005371572026091405,-7.874049110858138e-05,0.0002643361355535831
833,27.766666,released,unknown_no_ground_truth,0.5141653692333292,0.10108790341184826,0.1266671922026897,0.00018445371485675518,0.020110214086232873,0.85667306,1.529858,-5.282593,0.01945534812066583,3.856450769366076,-0.018699987987439534,0.005368521189854119,-7.056408548283558e-05,0.00017042265918717562
834,27.8,released,unknown_no_ground_truth,0.5141628804012003,0.10109127435278444,0.1266657447565075,0.0001061666079256097,0.020110214086232873,0.85667306,1.4831299,-5.5881124,0.019457356779910975,3.8565799301477734,-0.01870221989758148,0.00536802605836214,-6.777059209546212e-05,8.172206241560857e-05
835,27.833334,released,unknown_no_ground_truth,0.5141608035369516,0.10109215428695387,0.12666380657994802,7.909512358831666e-05,0.016215827143649286,0.85667306,1.4937344,-5.518778,0.019459818200605036,3.856654309526256,-0.018704516723095078,0.005368945758345447,-5.316372549303659e-05,5.856327233985594e-05
836,27.866667,released,unknown_no_ground_truth,0.5141596647664196,0.10109442124429402,0.12666303218080943,6.52003321223969e-05,0.011133834704503062,0.85667306,1.4907643,-5.538197,0.01946080810787671,3.8567129235501296,-0.018705753622134155,0.005368224440130535,-3.254396426930321e-05,5.6497554801152025e-05
837,27.9,released,unknown_no_ground_truth,0.5141588402469446,0.10109576396466272,0.1266623892430783,3.4466554073750705e-05,0.011133834704503062,0.85667306,1.4760668,-5.634292,0.019461617316665437,3.8567605582865085,-0.018706686287470166,0.005367908039684338,-2.174333544423505e-05,2.6742675884777375e-05
838,27.933332,released,unknown_no_ground_truth,0.5141583822846567,0.10109599556255178,0.12666195684412754,2.1176342529224712e-05,0.011133834704503062,0.85667306,1.4465218,-5.827465,0.019462163063388396,3.8568771503283195,-0.01870720315562016,0.005368085431536519,-1.5233561384870117e-05,1.4709727748957333e-05
839,27.966667,released,unknown_no_ground_truth,0.5141578809596667,0.10109644598512155,0.12666157034857112,4.345226636266188e-05,0.01714177739261437,0.85667306,1.4502382,-5.803166,0.019462668841899428,3.8568790462932805,-0.01870771250309252,0.005368144125401118,-2.259988997536572e-05,3.711259119427099e-05
840,28.0,released,unknown_no_ground_truth,0.5141571710638588,0.10109841400416347,0.1266609503131202,7.232312412355005e-05,0.01714177739261437,0.85667306,1.4680941,-5.68642,0.019463388919667236,3.8569120508411827,-0.01870869917614727,0.005367316217128606,-1.0831854932077999e-05,7.150737865228207e-05
841,28.033333,released,unknown_no_ground_truth,0.5141571780619503,0.10110121549289182,0.12666163578189338,6.512384340198884e-05,0.013624405635250374,0.85667306,1.4385144,-5.879819,0.01946260282377066,3.8569776177043043,-0.0187084346156902,0.005365387488922901,2.0380928056923097e-06,6.509194387297211e-05
842,28.066668,released,unknown_no_ground_truth,0.5141568374897485,0.10110266230369624,0.126661753603287,4.447941663142226e-05,0.01714177739261437,0.85667306,1.4722748,-5.6590858,0.019462531823172827,3.8569778867483695,-0.018708573956201135,0.005364644022986778,-6.187113549142592e-06,4.404699910097916e-05
843,28.1,released,unknown_no_ground_truth,0.5141566232171785,0.10110412712755534,0.12666173197224523,7.253602688841657e-05,0.01714177739261437,0.85667306,1.4717622,-5.662437,0.019462550795431688,3.8569833524703654,-0.018708836456784946,0.005363797339388697,-4.224330979634948e-06,7.241291476340107e-05
844,28.133333,released,unknown_no_ground_truth,0.5141563508773357,0.10110744854219691,0.1266622422207161,7.62302883044039e-05,0.01714177739261437,0.85667306,1.5108902,-5.4066086,0.01946199660333649,3.857009246865584,-0.018708855573951386,0.0053617193978526346,2.962593443725665e-07,7.622971261505196e-05
845,28.166666,released,unknown_no_ground_truth,0.5141559232422448,0.10110908836394689,0.12666258185251567,4.44265707091349e-05,0.01744860702954737,0.85667306,1.4829543,-5.5892606,0.019461735520596227,3.857022745871614,-0.018708816706464616,0.005360907284923659,-1.7049095003348754e-05,4.1024974643996456e-05
846,28.2,released,unknown_no_ground_truth,0.5141544181834816,0.10110963709956611,0.1266616516561488,8.895870623722701e-05,0.01744860702954737,0.85667306,1.5308272,-5.276256,0.0194630764007346,3.8571484846353767,-0.01871000289716102,0.00536163543791057,-6.048768100609179e-05,6.522953213006004e-05
847,28.233334,released,unknown_no_ground_truth,0.5141513192725273,0.1011108873547199,0.12665935334601303,0.00015155442985513283,0.022727963815580534,0.85667306,1.4827574,-5.5905476,0.01946619354426426,3.857285927273954,-0.018712838546636593,0.00536305553115639,-0.00010995569922665757,0.00010429999720177939
848,28.266666,released,unknown_no_ground_truth,0.514146715495625,0.10111193750148355,0.12665553144907749,0.0001882524658138514,0.022727963815580534,0.85757416,1.468634,-5.68289,0.01947124868013058,3.857383686129987,-0.018717333164792405,0.005365721234060636,-0.000137250975685569,0.00012884549102841998
849,28.3,released,unknown_no_ground_truth,0.5141416809504884,0.10111304593876264,0.12665161092631877,0.00020428207900028065,0.022727963815580534,0.85757416,1.4659561,-5.7003984,0.01947653480304131,3.8577566949580744,-0.018721988471483788,0.005368664229369138,-0.00015058664190027124,0.00013803923747209116
850,28.333334,released,unknown_no_ground_truth,0.5141362711210553,0.10111352569125386,0.12664689243552246,0.00019343453758004448,0.024142569151600384,0.85757416,1.4649408,-5.707037,0.01948272743299958,3.8579448680853328,-0.01872738308169712,0.00537231711088604,-0.00014352754039546016,0.00012967947207185568
851,28.366667,released,unknown_no_ground_truth,0.5141319163937208,0.10111388314686082,0.12664327244228657,0.00015216970487824823,0.024142569151600384,0.85757416,1.44588,-5.8316603,0.01948754585201673,3.858284385229804,-0.018731546542164395,0.0053752774322060395,-0.00010989436588551961,0.00010525610400044601
852,28.4,released,unknown_no_ground_truth,0.5141283882115992,0.10111496952192595,0.12664067264449766,0.00012716313040251996,0.019582068849851073,0.85757416,1.440742,-5.865254,0.019491097386656962,3.8583763490095624,-0.01873470926050175,0.0053771317875439565,-8.859058231634642e-05,9.122593084545068e-05
853,28.433332,released,unknown_no_ground_truth,0.5141251271408064,0.10111478220271743,0.1266382760175748,0.00012809091425024244,0.019582068849851073,0.85757416,1.4112192,-6.058281,0.019494431336578653,3.8584729981610626,-0.018737452490492374,0.005379658660465448,-8.689766587744143e-05,9.410673715795014e-05
854,28.466667,released,unknown_no_ground_truth,0.5141215552042188,0.10111427136666251,0.1266355484363174,0.00012089442400225931,0.01860088693646956,0.85757416,1.458412,-5.7497234,0.019498194805731,3.8585125380238066,-0.018740513163784736,0.005382635696408062,-8.155795800158777e-05,8.923990834514174e-05
855,28.5,released,unknown_no_ground_truth,0.5141185872540812,0.10111488893145157,0.12663361763166076,0.00010256632160043302,0.01900818896739812,0.85757416,1.4472781,-5.8225193,0.01950095548157502,3.8587302042243685,-0.018742879170502585,0.005384398303832214,-6.809436466429589e-05,7.670076810312492e-05
856,28.533333,released,unknown_no_ground_truth,0.5141159010323819,0.10111493107056942,0.12663176048315286,8.822640323866829e-05,0.019210439504434584,0.85757416,1.4370307,-5.8895197,0.01950358252824218,3.8589251852344524,-0.018745052718538966,0.005386346629687766,-5.952955629646582e-05,6.511628180092907e-05
857,28.566668,released,unknown_no_ground_truth,0.5141137446528454,0.10111557205098526,0.1266302978408715,7.785490376703535e-05,0.01900818896739812,0.85757416,1.4105173,-6.06287,0.019505635926534086,3.85900633121639,-0.018746858469079745,0.005387497604527567,-5.597974722924229e-05,5.41077992596675e-05
858,28.6,released,unknown_no_ground_truth,0.514111972407312,0.10111624405507506,0.12662867737159494,4.714433373242863e-05,0.019210439504434584,0.85757416,1.5056311,-5.4409943,0.019507711722175806,3.859058058854243,-0.01874877411604763,0.005388347221638361,-3.1342421764532423e-05,3.521705270190526e-05
859,28.633333,released,unknown_no_ground_truth,0.5141116524685487,0.10111728624036753,0.12662869715766892,3.75905000594686e-05,0.019210439504434584,0.85757416,1.4584349,-5.7495737,0.01950774769532624,3.8591034973443925,-0.018748947931848534,0.005387872640786778,-2.860413892921082e-08,3.759048917644123e-05
860,28.666666,released,unknown_no_ground_truth,0.5141119059589971,0.10111872091724268,0.12662905253697315,0.00010713182723053113,0.01900818896739812,0.85757416,1.4275147,-5.9517374,0.019507261184713017,3.8591624329459004,-0.018748776022961003,0.005386709252359345,3.862307800681523e-05,9.992740490492004e-05
861,28.7,released,unknown_no_ground_truth,0.5141182083175795,0.10111914397717092,0.12663072759740338,0.0005966955496064815,0.01900818896739812,0.85757416,1.5120776,-5.3988457,0.019503604871426924,3.859134925480963,-0.018746383527712403,0.00538179408865307,0.0002093413849733637,0.0005587680766271593
862,28.733334,released,unknown_no_ground_truth,0.5141504988258536,0.10112097416574649,0.12663856215755748,0.0008548096159910123,0.019210439504434584,0.85757416,1.4912232,-5.5351963,0.01948561752950004,3.859242462502702,-0.018734809639597592,0.005356883261188394,0.000308244826094252,0.00079729831730465
863,28.766666,released,unknown_no_ground_truth,0.5141732819083796,0.10112257407478689,0.12664496092980398,0.0007656597220676817,0.020798620917158173,0.85757416,1.4898229,-5.544352,0.01947211276403969,3.8592586619347933,-0.018725834187503988,0.00533913003003151,-0.0003649286280085909,0.0006730987345527602
864,28.8,released,unknown_no_ground_truth,0.5141031707978454,0.10111851282197415,0.12661960410508735,0.004760758124372548,0.022423841836395057,0.85757416,1.4690206,-5.680362,0.019519041164132958,3.8592922756852728,-0.018759137842032505,0.005393302827650329,-0.0020629301430691027,0.004290587039508243
865,28.833334,released,unknown_no_ground_truth,0.5138731235559296,0.10111074012317195,0.1265423615139242,0.009511870879996534,0.5460784400636315,0.85757416,1.58126,-4.9465146,0.0196683557032613,3.8631645470562845,-0.01886337938976765,0.005569302834978585,-0.004023261209997721,0.008619109981538333
866,28.866667,released,unknown_no_ground_truth,0.5135006645423434,0.10110151104113092,0.12642270157083135,0.012558308012000823,2.8592858077747567,0.85757416,1.6229218,-4.67412,0.019908795805428054,3.888514196435073,-0.01902734480787151,0.005858353009557785,-0.004731808308636812,0.011632759356859392
867,28.9,released,unknown_no_ground_truth,0.513064628717309,0.101099965319839,0.12632525153548188,0.012780868725208793,2.8592858077747567,0.8575668,1.627455,-4.6444807,0.020156233552861138,3.9274783041777055,-0.019178828443583824,0.00620050728320395,-0.0020698692665778225,0.012612146787533708
868,28.933332,released,unknown_no_ground_truth,0.5126493911904337,0.10112768079139718,0.1263976163682448,0.013580549419245178,3.1752120929364542,0.8575668,1.9116936,-2.7860622,0.020244593353241934,3.9710741200701505,-0.01916533397798928,0.0065217738039782805,0.004651491140406007,0.012759112535724615
869,28.966667,released,unknown_no_ground_truth,0.512275511329999,0.10119444692504599,0.12675899787104034,0.01956078360541887,3.921420789696765,0.8575668,2.162633,-1.1453615,0.020059114382044708,3.999522842543196,-0.018868719296526067,0.006807312384550731,0.01412739295307759,0.013529265449659758
870,29.0,released,unknown_no_ground_truth,0.5119408853747986,0.10130758580228363,0.1274775165552816,0.029117329413733285,4.844688642257285,0.8575668,2.3658838,0.18354055,0.01954542427364194,4.0189792009113905,-0.018223504490590247,0.0070659390117739215,0.02471019748457838,0.015402110649550403
871,29.033333,released,unknown_no_ground_truth,0.5116164128460413,0.10146336392126096,0.1285648885777845,0.04104748744874239,4.419557479895286,0.8575668,2.0933397,-1.5984172,0.018719914332562627,4.038945041280975,-0.017221398038415638,0.007338844747025087,0.03637696779926498,0.019016110001414666
872,29.066668,released,unknown_no_ground_truth,0.5112280471750303,0.1016603885233491,0.13009594334822758,0.05254657023374399,4.419557479895286,0.8575668,2.2051349,-0.86747396,0.017582696143706795,4.084400862564742,-0.015798327494376613,0.007717775072023403,0.04700157037731403,0.023494561613194388
873,29.1,released,unknown_no_ground_truth,0.5107603234404413,0.10188898705602684,0.13193503754356245,0.060423760301902905,4.419557479895286,0.8575668,2.4435642,0.69143295,0.01631829575328343,4.1294362335286365,-0.014087923701855399,0.008235118825027898,0.05440818119857978,0.026282705866868566
874,29.133333,released,unknown_no_ground_truth,0.5103017492634316,0.10214036931109811,0.13398668838785044,0.06710216265789497,4.419557479895286,0.8575668,2.2992697,-0.25199842,0.015026632307550516,4.156884306650305,-0.012171170991095662,0.008812620223964743,0.06165871704682519,0.026474569788877425
875,29.166666,released,unknown_no_ground_truth,0.5099782818737368,0.10242077482165732,0.13630733677269682,0.07231026658105968,4.419557479895286,0.8575668,2.490481,0.9981855,0.013662749286377653,4.187086055508306,-0.009977405548269537,0.009333921822458837,0.06794233275042935,0.024751041866027657
876,29.2,released,unknown_no_ground_truth,0.5098375398164325,0.10271372524074816,0.1387506566889155,0.07361262837751041,3.8936782390384415,0.8575668,2.4792476,0.92473936,0.012378025306701238,4.211652873675503,-0.007641624559317729,0.009737611852388058,0.07006890428870989,0.022564744811875558
877,29.233334,released,unknown_no_ground_truth,0.509806504419912,0.10299713364374305,0.1411779299605499,0.07159079776472758,3.272977273743025,0.8575668,2.2925935,-0.29564896,0.011387019214988886,4.210011104608084,-0.00530607143053446,0.010075207818034925,0.06839910942273736,0.021137742423601547
878,29.266666,released,unknown_no_ground_truth,0.5097446341112667,0.10325329627535582,0.14349179456590222,0.06717752452968043,3.272977273743025,0.8575668,2.1769977,-1.0514417,0.010908380088124548,4.174667494611392,-0.0030817537991501094,0.010464012120999096,0.06392068865311287,0.020663140227168364
879,29.3,released,unknown_no_ground_truth,0.509542335685701,0.10345516404808368,0.14562503972976495,0.06301298751924947,3.272977273743025,0.8575668,2.4500248,0.7336743,0.01103725977660723,4.1664776445505725,-0.0010447574804113263,0.010987701542335252,0.05909232757166222,0.02187997756544687
880,29.333334,released,unknown_no_ground_truth,0.5091435903259637,0.10358489533760688,0.14763624233774644,0.05979129971944263,3.272977273743025,0.8575668,2.2060235,-0.8616642,0.01172404359529707,4.194814510625995,0.0008577680384478987,0.011692622982746153,0.054721865736398395,0.024093918993551205
881,29.366667,released,unknown_no_ground_truth,0.5085952466554171,0.103622316187895,0.1494934323098407,0.05819909955950447,3.272977273743025,0.8575668,2.4285376,0.5931857,0.012781455981768225,4.276063753344697,0.002603436512718845,0.01251350212123373,0.05246630998073273,0.025187725314977892
882,29.4,released,unknown_no_ground_truth,0.5080024402762632,0.10353339313042428,0.15134415238914034,0.061525204103310166,3.272977273743025,0.8575668,2.563616,1.4763602,0.014050425546598582,4.374969121315052,0.004355468444112907,0.013358306504675165,0.05645926506116984,0.024447947331147073
883,29.433332,released,unknown_no_ground_truth,0.5074852551829956,0.10330693078208844,0.15342938410006368,0.06780455404838359,3.281296496643977,0.8575668,2.4631846,0.81971586,0.015510430262013895,4.440012229502584,0.006367329845040526,0.014143215955264653,0.06416605697699526,0.021912888484295522
884,29.466667,released,unknown_no_ground_truth,0.5071050482307694,0.1029288748582358,0.15573311856117045,0.07547537181002266,3.697968022584104,0.8575668,2.3061473,-0.20703067,0.017138177639584827,4.461079991217142,0.008633265207719369,0.014804859494745215,0.07310346171858813,0.018772736471278872
885,29.5,released,unknown_no_ground_truth,0.5068827937397289,0.10240529203629847,0.15834289126339898,0.08658453154373569,3.697968022584104,0.8575668,2.5773172,1.5659419,0.019017125376110822,4.468377840558947,0.011240951926327482,0.015339232619681882,0.08497565919537227,0.016613802904816972
886,29.533333,released,unknown_no_ground_truth,0.5067972218538846,0.10172143377235378,0.16136923242359763,0.09842441406325238,3.281296496643977,0.8575668,2.3278625,-0.06505182,0.021297905558694097,4.485603585915971,0.014298222353523104,0.015784854092333735,0.0969846537097201,0.016773259328473653
887,29.566668,released,unknown_no_ground_truth,0.5067463788763245,0.10090489739574685,0.16472932096194615,0.10908776851327735,3.281296496643977,0.8575668,2.7083745,2.422825,0.024024479622578098,4.5089314678803,0.01770668949483624,0.016237264802580708,0.10703635531882778,0.021056112634293023
888,29.6,released,unknown_no_ground_truth,0.5065607325174477,0.09988320971514973,0.16840171013063865,0.11689998253198618,3.697968022584104,0.8576111,2.179075,-1.0378594,0.0272715679303754,4.513232170329186,0.02143406947260197,0.01686176394167443,0.11352061660085987,0.027904758062725715
889,29.633333,released,unknown_no_ground_truth,0.5062370695906933,0.09867850876938247,0.17218035866367387,0.12025015368600978,3.766085830676947,0.8576111,2.2412043,-0.6316438,0.03082687443819311,4.495581952481173,0.02527461464303101,0.017649080493736955,0.11510216538386964,0.03480791555743167
890,29.666666,released,unknown_no_ground_truth,0.5058157078669283,0.09722016253249052,0.1759262205657191,0.11843671292454265,3.766085830676947,0.8576111,1.9280701,-2.6789887,0.034521520293017784,4.544697994370178,0.029107429590817423,0.01856052008853321,0.1112306990641209,0.04068152595561653
891,29.7,released,unknown_no_ground_truth,0.5053515023978866,0.09560485412222089,0.1793993068537601,0.1127252140847901,3.766085830676947,0.8659801,2.3788543,0.2683444,0.03808309412762474,4.654759038104358,0.03269006599062621,0.019536674329630153,0.10285905045031846,0.046119297814695766
892,29.733334,released,unknown_no_ground_truth,0.5048796848973826,0.0937440211870434,0.1825229973921233,0.10598525617036016,3.7108605142010282,0.8659801,2.058396,-1.8268865,0.04143219195669927,4.675090717389755,0.03596482274427794,0.02057080589839503,0.09237479331230257,0.05195933107735558
893,29.766666,released,unknown_no_ground_truth,0.504490183792178,0.09167191798515045,0.18520555353402335,0.09981324717576937,3.7108605142010282,0.8659801,2.1847675,-1.0006406,0.04445100231915881,4.676986025194091,0.03884829118619103,0.021603283988569283,0.08209829902301083,0.05676754010259322
894,29.8,released,unknown_no_ground_truth,0.5042608635617508,0.0894174065271829,0.1875404375568071,0.0967379637200668,2.666940631109671,0.8659801,2.2021766,-0.88681597,0.04720301927371225,4.676892079129324,0.041437958817743856,0.022605764697824667,0.0749863514512409,0.06111694299239731
895,29.833334,released,unknown_no_ground_truth,0.5041670689004547,0.08701092975196256,0.18965122328125744,0.09668668223616737,2.666940631109671,0.8659801,2.4752603,0.89866936,0.04981565048080656,4.654162716063587,0.0438474236103453,0.023643233187548962,0.07176729443529598,0.06479019965453987
896,29.866667,released,unknown_no_ground_truth,0.5041215694888608,0.08449948311805416,0.19170502725232474,0.09671593192160077,2.666940631109671,0.8659801,2.406656,0.45011878,0.0524628834136489,4.63729286931863,0.046222525528945284,0.02481596804076195,0.070687263825777,0.06600971307534
897,29.9,released,unknown_no_ground_truth,0.5041798841881275,0.08199986658413563,0.19370844084219663,0.10099460838616056,2.668759071842137,0.8659801,2.1220274,-1.4108502,0.055094366441146396,4.615090238383388,0.04855983566008858,0.026025594598712024,0.07434491549643289,0.0683574755451237
898,29.933332,released,unknown_no_ground_truth,0.5043060589129086,0.0792829871778445,0.1959577536731238,0.10609967021588372,2.959019650935142,0.8659801,2.454178,0.7608292,0.05806528805901351,4.561488127936673,0.05117877728719735,0.027428277976636987,0.07955406279433673,0.07020178853016507
899,29.966667,released,unknown_no_ground_truth,0.5044267392020716,0.07660897448937651,0.19828122533831916,0.10921569354908667,2.959019650935142,0.8659801,2.4917455,1.0064536,0.061143793156375886,4.461879599315986,0.053863499727358634,0.028935909155762076,0.08405327548954503,0.06973603513884813
900,30.0,released,unknown_no_ground_truth,0.5043833130225541,0.07389971793553202,0.2008597335367726,0.11384077094170193,2.978012887650374,0.8659801,2.662268,2.1213694,0.06454701393587595,4.423705398221352,0.05678240561207561,0.030693247155423094,0.0905542585464114,0.0689901977654125
901,30.033333,released,unknown_no_ground_truth,0.5041177787093332,0.07128911003221544,0.2036849815397731,0.11994217934187884,3.3566345363130132,0.8659801,2.3994272,0.40285486,0.06820605734221334,4.3769750079563075,0.05990035779816239,0.03261921816692456,0.09884996953941559,0.06793239218028493
902,30.066668,released,unknown_no_ground_truth,0.5036774390436575,0.06870570977003297,0.2068982993453895,0.13117095409208668,3.5905203811837985,0.8659801,2.3597875,0.1436811,0.0722456437423123,4.350566634593774,0.0633724966446112,0.03468947547556535,0.11172608350449421,0.06872482420621459
903,30.1,released,unknown_no_ground_truth,0.5031421192297999,0.06606486732338288,0.2106295726556745,0.14578956101585522,4.62862803377715,0.8659801,2.419075,0.53131706,0.07678717575572186,4.305003140362187,0.06734884981372026,0.03688363850420768,0.1278923697989851,0.06998669765316412
904,30.133333,released,unknown_no_ground_truth,0.5025529706887109,0.06337137618643099,0.21494456760552444,0.16211148297810152,4.745879521442941,0.8659801,3.4674635,7.3859277,0.08187021047514541,4.300785348675212,0.07189852399228715,0.039157803960068044,0.14562535505690893,0.07122772548599673
905,30.166666,released,unknown_no_ground_truth,0.5019994892073859,0.06055725530132859,0.21985766118643701,0.18207911471386548,5.983344947535588,0.8659801,2.2965817,-0.26957276,0.0875182393913887,4.283490466615171,0.07705705806478104,0.041492794899468784,0.1658650370616187,0.07511054184022935
906,30.2,released,unknown_no_ground_truth,0.5015278118732251,0.05740228415687039,0.22546453021809382,0.2035930641995143,7.060673382848456,0.8659801,2.448637,0.7246003,0.09391057449232876,4.281152371508396,0.08295636705605786,0.04401632840594302,0.18668334006889595,0.08123709947350727
907,30.233334,released,unknown_no_ground_truth,0.5010185218397687,0.053995410940556474,0.23169855784858295,0.224212162415269,7.806639297587615,0.8659801,2.32367,-0.09246396,0.1009756391758922,4.295843224706245,0.08950276041145569,0.04674757304619711,0.20631653291320567,0.0877757484821695
908,30.266666,released,unknown_no_ground_truth,0.5003432115536326,0.05035785900927623,0.23859438296519525,0.24117828921800807,7.806639297587615,0.8716751,2.7394862,2.6262407,0.10875777837610112,4.299129439516484,0.0967105918363202,0.04975254550245448,0.22239872086078039,0.09330474880526636
909,30.3,released,unknown_no_ground_truth,0.499447796964389,0.04668531703110035,0.2459325763426296,0.25787387222930325,7.806639297587615,0.8716751,2.1592526,-1.1674627,0.11698312721694454,4.3776431482125835,0.10432911462732863,0.05291963619048749,0.238592320504292,0.09783986189131834
910,30.333334,released,unknown_no_ground_truth,0.49848223487260174,0.042821608258585844,0.25393392209747956,0.2702365475648846,7.861923205178576,0.8716751,2.785511,2.9271617,0.1258880164697108,4.511812515758817,0.11261697961646354,0.056260186568684756,0.2509619123394625,0.10022928810835714
911,30.366667,released,unknown_no_ground_truth,0.49757009950595493,0.0389217673808072,0.262081206386307,0.28501667317209567,7.861923205178576,0.8716751,2.9329348,3.891053,0.1349316351961246,4.507778561044614,0.12106014239656175,0.05959016781000238,0.26540759124625635,0.10389087782355735
912,30.4,released,unknown_no_ground_truth,0.49666135947862255,0.03466454621286628,0.27099785856391906,0.2995314663548973,8.07699292137355,0.8716751,3.974194,10.699051,0.14481444926946593,4.496995211616388,0.13031054792552726,0.06316950068322202,0.2792877076379016,0.10824728956921267
913,30.433332,released,unknown_no_ground_truth,0.4957985032517107,0.030323571029064546,0.28001641754931683,0.29942047181972037,8.07699292137355,0.8716751,2.7383735,2.6189656,0.15482265716267765,4.392382988175743,0.13967903762020292,0.06678189590305111,0.27930111455035134,0.10790508030521775
914,30.466667,released,unknown_no_ground_truth,0.4950119961293969,0.026010268761474012,0.2889101185563211,0.29374112699470917,8.26954308962543,0.8716751,3.3384428,6.54236,0.16470181543244664,4.179628241052622,0.14893084453849031,0.0703298766655803,0.2737503367476749,0.1065110455241919
915,30.5,released,unknown_no_ground_truth,0.49415875363211703,0.02179670975373304,0.2975691650173359,0.28288732178469955,8.378309667972484,0.8716751,2.0776627,-1.7009169,0.17434396082086767,3.8016817718108284,0.15792933958168676,0.07385215212842826,0.2628953924180325,0.10445692639499238
916,30.533333,released,unknown_no_ground_truth,0.4931134644749928,0.017871821734201643,0.30581627357980556,0.26611495212567854,8.58254873290931,0.8716751,3.2624538,6.045526,0.1835239345059753,3.56557771383607,0.16645693549182206,0.07728598296732014,0.2459653841678937,0.10157852891232799
917,30.566668,released,unknown_no_ground_truth,0.49186058495685603,0.014267386127051744,0.31346813856946637,0.2484897509636689,9.42146037294222,0.8716751,2.6155393,1.8158468,0.1920674206094452,3.244659893175912,0.17432719188562007,0.08062210756882834,0.22761937737087626,0.09968237246013374
918,30.6,released,unknown_no_ground_truth,0.4906219335047556,0.010719761710034411,0.3205499381627154,0.22877811525156286,9.726448740366381,0.8716751,3.1204443,5.1170344,0.20008330060382848,2.990641181929113,0.1816318184005295,0.08392383287862314,0.20598233023562862,0.09955252708373512
919,30.633333,released,unknown_no_ground_truth,0.489587776964133,0.007004804965010224,0.3266856194746944,0.21876967673419592,9.726448740366381,0.8716751,2.4845543,0.95943594,0.20731572388122982,2.883882964504022,0.18805913682875713,0.08725577587541766,0.19055957408266366,0.10745799264744528
920,30.666666,released,unknown_no_ground_truth,0.48880696915334376,0.0026063806468741187,0.33253260509985116,0.21285522915270585,10.753716773090845,0.8716751,3.2906272,6.2297306,0.21457479102706484,2.7138516650252678,0.19433559535410322,0.09097261853258269,0.17591413758876537,0.11983974621990758
921,30.7,released,unknown_no_ground_truth,0.4883148978385362,-0.002158508580043598,0.33744590224288534,0.1997839636434263,10.33396153582285,0.8716751,2.3760426,0.24996103,0.22115738906831806,2.5185136492877938,0.19978683223744909,0.0948462566685728,0.15311934227890778,0.1283280918160656
922,30.733334,released,unknown_no_ground_truth,0.4879765123487628,-0.007111307171466092,0.34160324277384063,0.18688069738956842,10.33396153582285,0.8716751,2.6397114,1.9738895,0.2271700718113691,2.6446883149506837,0.20454375168613637,0.09883367428636246,0.13282566575769592,0.13146002271731244
923,30.766666,released,unknown_no_ground_truth,0.4875049544184329,-0.0119351654561702,0.34512546922393594,0.17087329334351076,10.33396153582285,0.8716751,3.1070516,5.02947,0.23261674953182956,2.755199245375696,0.20864174094313148,0.10285512188983663,0.1145072208095915,0.12682972348988597
924,30.8,released,unknown_no_ground_truth,0.48659827417290125,-0.01629493873073363,0.34820058099099443,0.15980425296434714,10.33396153582285,0.8716751,2.2677116,-0.4583323,0.23753742157090493,2.7516257233461343,0.21217744944045458,0.10679305499655468,0.10312928677660213,0.12207272207353456
925,30.833334,released,unknown_no_ground_truth,0.48522725607658973,-0.020404547108764277,0.35117393396894403,0.15636893388930856,10.33396153582285,0.87389845,2.5876608,1.6335704,0.24233303685718932,2.7669267762915415,0.21551708292444785,0.11080472787821166,0.09865995090135123,0.1213155289887569
926,30.866667,released,unknown_no_ground_truth,0.4836279678460791,-0.024363274363982137,0.35409587868872205,0.15867714893472826,10.33396153582285,0.87389845,2.365792,0.18294041,0.24706051547462984,2.778164784086802,0.21875489815781868,0.11482679495027366,0.10020539747131871,0.12303379987494889
927,30.9,released,unknown_no_ground_truth,0.48208181605388556,-0.028516753991969283,0.35719049814109743,0.1692395246370283,10.33396153582285,0.87389845,3.2540603,5.990647,0.25204364363681786,2.797452260308178,0.22219734039851013,0.11897201443008301,0.1092404623955342,0.1292615104158124
928,30.933332,released,unknown_no_ground_truth,0.4807513491374664,-0.03312611969927039,0.36059445988103,0.18270973802393325,11.44934928167669,0.87389845,2.4091165,0.46620598,0.2575085506907207,3.0093363837907767,0.22603748406439772,0.12336008056365978,0.12094074734185142,0.13695321829430945
929,30.966667,released,unknown_no_ground_truth,0.4797005474233159,-0.038120740271445255,0.3642944105223436,0.19326018887067573,11.44934928167669,0.87389845,2.945253,3.9715917,0.26339929041673454,3.3842522357528115,0.2302601612275141,0.12790404349948625,0.13179097275643956,0.14135289209011845
930,31.0,released,unknown_no_ground_truth,0.47885548803550393,-0.04328442607049726,0.3682896928479884,0.19619653283522578,11.44934928167669,0.87389845,2.7566779,2.738644,0.2696125329367029,3.8018851440999017,0.2348236727097206,0.13247173529346828,0.13799213793397283,0.13946773592833306
931,31.033333,released,unknown_no_ground_truth,0.4781365536680634,-0.048293905988096644,0.37236508171881766,0.1885968448878984,11.44934928167669,0.87389845,2.5992758,1.7095124,0.27580546873659634,4.172819905092442,0.23945949613419015,0.1368495754329307,0.13621820065704487,0.1304353161970602
932,31.066668,released,unknown_no_ground_truth,0.4775875153917323,-0.052906457088866904,0.3762831570032481,0.17554852915096936,10.436528398153492,0.87389845,2.054692,-1.8511046,0.2816385775546521,4.421295847772856,0.24390497048221632,0.1408213539953261,0.12889414237373212,0.11917879907436897
933,31.1,released,unknown_no_ground_truth,0.47725640153275695,-0.05719062873409868,0.379917828882294,0.15834357259124549,9.128821970486175,0.87389845,2.4442139,0.6956808,0.2870348366515608,4.506381536631945,0.24805259752101078,0.14442612753469386,0.11659698079994947,0.1071346398196925
934,31.133333,released,unknown_no_ground_truth,0.4772575532441576,-0.06100461371503374,0.38304642055031896,0.1396401935406936,9.128821970486175,0.87389845,2.6545422,2.0708568,0.291714802192652,4.566573341691885,0.25167798343458647,0.14749819820119195,0.10238321801215913,0.09495820302405189
935,31.166666,released,unknown_no_ground_truth,0.4776753013857046,-0.06443994281079173,0.3857430533364438,0.1251497355299512,9.128821970486175,0.87389845,2.5775895,1.5677221,0.29577784824773007,4.680696525052545,0.2548780408065387,0.1500723819650959,0.09057452787300084,0.08636383041412489
936,31.2,released,unknown_no_ground_truth,0.4784064428031505,-0.06756137730054333,0.3880764233926964,0.11234290933540768,9.258656677112704,0.87389845,2.4540906,0.7602571,0.2993330902342221,4.795006841392231,0.2577163182264328,0.15225832728944894,0.08062967975326528,0.078229048446402
937,31.233334,released,unknown_no_ground_truth,0.47934235582032436,-0.07027163513832371,0.3901370876407698,0.10196912732349153,10.012847808648814,0.87389845,2.3298326,-0.05217115,0.3024152686514337,4.929236865802697,0.2602534693125319,0.15402313600336096,0.07549862206507493,0.06853948492211923
938,31.266666,released,unknown_no_ground_truth,0.48045098185375623,-0.07256844426215331,0.3921946435664569,0.09436247934224451,10.119000747011528,0.87389845,2.4816108,0.94019055,0.30524526998346374,5.091230464277196,0.2627494825774447,0.155362106874755,0.07424987383078914,0.058234300405580704
939,31.3,released,unknown_no_ground_truth,0.4816596758666227,-0.07441668341083987,0.3942628550357914,0.09138311439953964,10.119000747011528,0.87389845,2.5507126,1.3919945,0.30782275723552344,5.264702648130437,0.26520338505682384,0.1562754440930566,0.07576075041587067,0.051099728901272075
940,31.333334,released,unknown_no_ground_truth,0.4830125116135063,-0.07604719424307985,0.39649028079889126,0.09368609109503061,11.062677755535038,0.87389845,2.3654768,0.18087962,0.3103948378672013,5.527933134859411,0.267800247229099,0.15693305247346603,0.07983414441356079,0.04902645255799253
941,31.366667,released,unknown_no_ground_truth,0.48440573668168496,-0.07764899326770058,0.39884782700039006,0.09698016063334429,15.138449199400243,0.87389845,2.129673,-1.3608613,0.3130603120769436,6.023995629507651,0.2705257531956863,0.15755181958841344,0.08369018021080468,0.04900107440406076
942,31.4,released,unknown_no_ground_truth,0.4857548983892789,-0.07934514119901835,0.4013278683475647,0.09864344916708283,16.13947810505698,0.8739354,1.826638,-3.3421755,0.31589355954205717,6.542737823580752,0.2733795070890169,0.15827945559647782,0.0858775029382926,0.04853436465703864
943,31.433332,released,unknown_no_ground_truth,0.48702909812937456,-0.08103700441136197,0.4038362967288251,0.09426266450982221,16.13947810505698,0.8739354,2.0784566,-1.695726,0.3187640974727234,7.250649465084712,0.2762508323364734,0.15904724917773821,0.08292378287633638,0.044822942272563025
944,31.466667,released,unknown_no_ground_truth,0.48815281369622293,-0.08254988635839892,0.4061725504147949,0.08324842602954265,16.13947810505698,0.8739354,2.185341,-0.9968917,0.32141493597088494,7.936129655648118,0.2789077925252822,0.1597435580355033,0.07430553304572174,0.03753649151409047
945,31.5,released,unknown_no_ground_truth,0.48911394392980456,-0.08374286868936015,0.40821059992897396,0.0699960068022239,16.13947810505698,0.8739354,1.8353113,-3.2854674,0.3236614739374348,8.481836836729173,0.281204650074744,0.16025197186834736,0.06364521255067979,0.02913293475837557
946,31.533333,released,unknown_no_ground_truth,0.4899721450212824,-0.08458597924824074,0.4099565939112547,0.05547519117129739,11.034437483182035,0.8739354,1.8588747,-3.1314044,0.3254837448925554,8.826520095304767,0.2831507416833019,0.16051581128810374,0.05114408573727635,0.021489051388791418
947,31.566668,released,unknown_no_ground_truth,0.49067393498724626,-0.08508917776944869,0.41128167836878804,0.0430704824708758,10.85314290648319,0.8739354,1.8514283,-3.180091,0.3267862324088376,9.1212644404085,0.2846142449232295,0.1605738872878861,0.0390741942976695,0.018118327744634476
948,31.6,released,unknown_no_ground_truth,0.49139530432583656,-0.0854454131892027,0.4122978020021565,0.038167124030164506,10.85314290648319,0.8739354,1.8791535,-2.9988167,0.3277534329382251,9.4097678404302,0.2857557702357062,0.16051776406301557,0.03152974136001808,0.02150824880143258
949,31.633333,released,unknown_no_ground_truth,0.49230131320285836,-0.08579412899307162,0.4131061887721561,0.040270786306844025,10.85314290648319,0.8739354,1.8631532,-3.1034303,0.328533203401838,9.70402146466098,0.2867161954737055,0.16039915520524833,0.027816723346723065,0.029119858035769483
950,31.666666,released,unknown_no_ground_truth,0.49350180860055737,-0.08614536839601111,0.4138078345025753,0.04748038098526602,10.85314290648319,0.8739354,1.9186496,-2.7405822,0.3292060153910071,10.038223656199362,0.28761019004471955,0.1601779608812159,0.026455870238091428,0.03942681205032026
951,31.7,released,unknown_no_ground_truth,0.4951049261080979,-0.08639564743261394,0.4144469221574416,0.05605478939235829,13.995505892434858,0.8739354,2.0575373,-1.8325014,0.3297436697395695,10.4449127522139,0.28847991320241007,0.15971921428572156,0.025192506525216738,0.050074714465472056
952,31.733334,released,unknown_no_ground_truth,0.4970226766890341,-0.08652442128262039,0.41500173969264,0.06116652947073071,13.995505892434858,0.8739354,1.9885846,-2.2833302,0.3301288473324843,10.842851369700654,0.2892897456053447,0.1590487313016665,0.02269024565193159,0.05680226298087751
953,31.766666,released,unknown_no_ground_truth,0.4990548794063211,-0.08654190028030667,0.41544900324323586,0.05974484029818491,13.995505892434858,0.8739354,1.8756993,-3.0214012,0.330366682023592,11.17189698232216,0.28999257306834203,0.15826070945272377,0.017873453220788017,0.057008645065638255
954,31.8,released,unknown_no_ground_truth,0.5009402027408185,-0.08643786158754825,0.4157153327821711,0.05079927857301666,13.995505892434858,0.8739354,1.8220078,-3.372449,0.330408547058803,11.483771036549403,0.29048129089610253,0.15744976217461595,0.009984735048368675,0.04980835039983584
955,31.833334,released,unknown_no_ground_truth,0.5024144484642373,-0.08622385214546863,0.41573405887058634,0.038764922123562785,10.275061125011195,0.8739354,1.9541293,-2.5086071,0.330217949503842,11.692447279315475,0.29065818380295066,0.15672177373578966,0.001173149733164043,0.038747166437682445
956,31.866667,released,unknown_no_ground_truth,0.5034486618600692,-0.08583684550855258,0.41555535715660713,0.030975558507651508,6.377112544728231,0.8739354,1.84321,-3.233824,0.3297958787939821,11.786263064276602,0.2905595470372992,0.15601433041542845,-0.00561368402289332,0.030462629179899326
957,31.9,released,unknown_no_ground_truth,0.5041186000835803,-0.08514576368279925,0.415289266082474,0.03208781469291208,6.377112544728231,0.8739354,1.9288875,-2.6736443,0.3291502100253784,11.816983943498187,0.2902839439356652,0.1551615050613595,-0.009516930647692328,0.030644018711873916
958,31.933332,released,unknown_no_ground_truth,0.5045378704545002,-0.08407290594809871,0.41502798118101014,0.04209092920260618,6.377112544728231,0.8739354,1.9109353,-2.79102,0.3283057387624257,11.843564264847503,0.28992509471543115,0.15403927277999702,-0.01033556634362848,0.04080223510416139
959,31.966667,released,unknown_no_ground_truth,0.5049596836339943,-0.08250174311309777,0.4148696582663929,0.05421242472858248,6.377112544728231,0.8739354,1.9017541,-2.8510485,0.3272667838944056,11.876467558652283,0.28959486928421196,0.1524413314191652,-0.008249119057972286,0.05358114434873167
960,32.0,released,unknown_no_ground_truth,0.5054573680437019,-0.08058139238566692,0.41486599378098554,0.06312285850852738,6.136763533115732,0.8739354,1.7766324,-3.6691236,0.3261614124899079,11.916765884925745,0.28937516905446714,0.15047683719466717,-0.004276008876665113,0.06297786130359023
961,32.033333,released,unknown_no_ground_truth,0.5060713767713686,-0.07844653787061681,0.4150363135655959,0.06816060571642266,6.136763533115732,0.8739354,1.9216123,-2.7212114,0.3250844989502773,11.959763492175949,0.28930980639360593,0.14825574991293614,-0.0005725130958023801,0.06815820127016824
962,32.066666,released,unknown_no_ground_truth,0.5067934380132173,-0.07625948300781689,0.41529458053300605,0.07002030838097782,6.136763533115732,0.8739354,1.8472736,-3.2072551,0.3240593532203209,11.958189158919588,0.2893370020995551,0.14594027417274089,0.000631565757580629,0.07001746004005777
963,32.1,released,unknown_no_ground_truth,0.5075882687711764,-0.07405991572670656,0.4155326330373582,0.07038420172404382,7.031303869004517,0.8739502,1.5806371,-4.9505873,0.3230209221750531,11.943883753181526,0.2893519101323158,0.14358965236256405,-0.0008703341494842518,0.07037882047035979
964,32.133335,released,unknown_no_ground_truth,0.5084345984075624,-0.07187955062091923,0.41567148812234905,0.0740358826385035,7.30977670310062,0.8739502,1.6792178,-4.306043,0.3219213521148038,11.893874873127716,0.28927894587240754,0.1412481802444627,-0.006106656752129658,0.07378360699622874
965,32.166668,released,unknown_no_ground_truth,0.5092385019032182,-0.06940843368928949,0.4155929196980623,0.0802085683830239,8.306056550283587,0.8739502,1.5193683,-5.351177,0.32049750121211884,11.82941805687892,0.2889448339212196,0.13867058532165694,-0.012261660228735021,0.07926579420209752
966,32.2,released,unknown_no_ground_truth,0.5100549711191177,-0.06679203853629326,0.41538219599161363,0.08477158089255692,11.010959271976946,0.87395763,1.6086473,-4.76745,0.31889911707631297,11.466804738152048,0.2884615143821441,0.13596544264044463,-0.016737956451756193,0.08310271801116036
967,32.233334,released,unknown_no_ground_truth,0.5108840060552616,-0.06403036516193057,0.4150393170030036,0.08949157037319398,15.70504182325898,0.87395763,1.9297972,-2.6676965,0.3171275169265457,10.965376012943414,0.2878289872551817,0.13313277615843885,-0.021214252674769233,0.08694076518705927
968,32.266666,released,unknown_no_ground_truth,0.5117256067116499,-0.06112341356620144,0.4145642827322322,0.09190289917459586,15.70504182325898,0.87395763,1.7514727,-3.833624,0.3151841291898501,10.19574750485854,0.2870472525403323,0.13017261656051482,-0.023452399300695426,0.08886015892252655
