frame_index,time_s,stage,contact_state,tcp_x_m,tcp_y_m,tcp_z_m,speed_m_s,angular_speed_deg_s,gripper_state,aux_action_tail_norm,aux_action_tail_robust_z,reference_distance_m,reference_axis_error_deg,axial_distance_proxy_m,lateral_distance_proxy_m,axial_velocity_m_s,lateral_speed_m_s
0,0.0,approach,unknown_no_ground_truth,0.5017313051061885,-0.09212032094182376,0.4203282758003017,0.009786608956596218,1.8018646043583901,0.8740241,1.4758044,-3.16697,0.33739053413273645,9.53700868642551,0.2959369319177556,0.1620299504705192,-0.003551517790780671,0.009119453725475977
1,0.033333335,approach,unknown_no_ground_truth,0.5014150027462186,-0.09212404881539354,0.42024853488028724,0.008975618398365234,1.8018646043583901,0.87400186,1.4814422,-3.1458454,0.33734534366206725,9.511731265961194,0.295818547985222,0.16215198906702685,-0.003191344361119017,0.008389102860367509
2,0.06666667,approach,unknown_no_ground_truth,0.5011518383781121,-0.09215268925031657,0.4201825954546432,0.0074189493326221,0.6368253509461945,0.87400186,1.5493922,-2.8912387,0.3373230137064982,9.471239370107218,0.2957241756134876,0.16227762487095235,-0.0024712387853293096,0.006995268977380213
3,0.1,approach,unknown_no_ground_truth,0.5009418120018689,-0.09220624224659284,0.4201304575233695,0.006004500105481956,0.6368253509461945,0.87400186,1.624373,-2.6102881,0.3373234226903745,9.441076489200817,0.2956538148025523,0.16240662944672907,-0.0017506362256862267,0.005743630761290972
4,0.13333334,approach,unknown_no_ground_truth,0.5007849236174886,-0.09228470780422225,0.4200921210864659,0.004731966337901661,0.6368253509461945,0.87400186,1.6195699,-2.628285,0.3373464767477326,9.43201182343448,0.2956074655524158,0.16253883131050822,-0.0009812197814958892,0.004629115807952488
5,0.16666667,approach,unknown_no_ground_truth,0.500694312095391,-0.09239182269817334,0.42006864335945204,0.004052091329747732,0.5918397977105797,0.87400186,1.6001604,-2.701012,0.3373943545073837,9.427345208293904,0.2955884011116229,0.16267282373441616,-0.00010953935454412135,0.0040506104816956665
6,0.2,approach,unknown_no_ground_truth,0.5006677221304369,-0.09252647975967883,0.42006409537867884,0.004360832452228402,0.5553694131194867,0.87400186,1.5985621,-2.7070005,0.33746982783672286,9.422851558795877,0.29560016292877955,0.16280794936558343,0.0005029642595213977,0.0043317302120575866
7,0.23333333,approach,unknown_no_ground_truth,0.5006561032685538,-0.0926799997953842,0.42006497968173107,0.004477702401440462,0.5499010548470452,0.87400186,1.66744,-2.448917,0.3375597678634713,9.41937002996009,0.2956219320622577,0.1629548101892624,0.0005720581433300055,0.004441009826212447
8,0.26666668,approach,unknown_no_ground_truth,0.5006353800331145,-0.09282323421860822,0.4200630801723147,0.003764996182944509,0.4593933393877216,0.87400186,1.7382208,-2.1837034,0.337642085057563,9.415681213983435,0.2956382981962753,0.16309559847411223,0.00040221960930872315,0.0037434496982695336
9,0.3,approach,unknown_no_ground_truth,0.5006172927463389,-0.09292794111793058,0.4200605341828588,0.002562518780490393,0.3568119122391643,0.87400186,1.7056763,-2.305647,0.33770151712700275,9.412710440400636,0.29564874865761953,0.16319966938404937,0.00021684293756952868,0.0025533275623766307
10,0.33333334,approach,unknown_no_ground_truth,0.5006041107484374,-0.09299107106799484,0.42005695813172855,0.001404776298333602,0.15912905037360736,0.87400186,1.6891261,-2.3676598,0.33773583304012866,9.411427102108096,0.29565275439211325,0.16326341212796716,4.7544364289041835e-05,0.0014039715031952066
11,0.36666667,approach,unknown_no_ground_truth,0.5005960007044554,-0.09301883199239787,0.4200530409343907,0.0005060154395452968,0.05301448894154277,0.87400186,1.6412659,-2.5469909,0.33774915305595016,9.41096311149558,0.29565191828190546,0.1632924787191411,1.3644768128411754e-05,0.0005058314396722902
12,0.4,approach,unknown_no_ground_truth,0.500594282527024,-0.09302323970142219,0.4200543905823625,0.0001158297228759196,0.05079219849355137,0.87400186,1.6790692,-2.405343,0.33775289877790676,9.410770376847346,0.2956536640433218,0.16329706540730465,0.00011086394161159758,3.355161921357319e-05
13,0.43333334,approach,unknown_no_ground_truth,0.5005963059491227,-0.0930220391229654,0.4200600587786387,0.00021560035333861646,0.04576797424492969,0.87400186,1.6113657,-2.659026,0.3377567015263069,9.4107702309612,0.29565930921134626,0.16329470996514348,0.00020429773723665818,6.889083335043664e-05
14,0.46666667,approach,unknown_no_ground_truth,0.5005998775248006,-0.09302271374861591,0.4200676198212594,0.0002353010735726822,0.04576797424492969,0.87400186,1.7192135,-2.2549233,0.33776303747613734,9.410705364378954,0.29566728389247093,0.16329337623049978,0.0002295284158065519,5.1800594222377554e-05
15,0.5,approach,unknown_no_ground_truth,0.500601612569929,-0.09302497501197982,0.4200745257785996,0.00017089643762357515,0.04576797424492969,0.87400186,1.7529019,-2.1286938,0.33776986448522095,9.410515627549845,0.29567461110573334,0.1632942304609623,0.00013335430743633648,0.0001068747916049597
16,0.53333336,approach,unknown_no_ground_truth,0.500594178154933,-0.09302602083952981,0.42007690352181404,0.00031551592970556215,0.05079219849355137,0.8740093,1.6973188,-2.3369622,0.3377728420296379,9.410005329176066,0.29567613912724844,0.16329762265135028,-3.3930421650691984e-05,0.0003136861941249113
17,0.56666666,approach,unknown_no_ground_truth,0.500580707935715,-0.09302284599304923,0.4200752872896307,0.0005137443508208341,0.05079219849355137,0.8740093,1.6979276,-2.334681,0.3377704855375459,9.40998671075817,0.2956723568765092,0.16329959669074404,-0.00020116953462851142,0.0004727198708936069
18,0.6,approach,unknown_no_ground_truth,0.5005625725316529,-0.09301546920395715,0.4200689395198721,0.0006227896312832234,0.08035260824775169,0.8740093,1.67017,-2.438688,0.3377621252511317,9.407004019800723,0.2956627200261414,0.1632997527276287,-0.0003052261499036065,0.0005428663944737366
19,0.6333333,approach,unknown_no_ground_truth,0.5005427951321759,-0.09301409789898565,0.42006082629207553,0.0006842995190374661,0.13653274119398023,0.8740093,1.6589769,-2.480628,0.33775589363571523,9.40288217910017,0.2956520162587842,0.16330624289284282,-0.0002565346213454879,0.0006343940571963411
20,0.6666667,approach,unknown_no_ground_truth,0.5005232941003882,-0.09303324940172342,0.42005400554700567,0.0011486465164697406,0.22902465565568136,0.8740093,1.6207008,-2.6240475,0.3377625521790017,9.402593208630048,0.29564560993788397,0.16333161047062938,-0.00011833798903909996,0.0011425344371826403
21,0.7,approach,unknown_no_ground_truth,0.5005057604353162,-0.09307985471048061,0.42004787065673194,0.0020132691196402576,0.28680839666716146,0.8740093,1.6177669,-2.635041,0.33778551337886215,9.401490495487094,0.29564413484004154,0.16338175719248707,4.7052069261879445e-05,0.0020127192180915934
22,0.73333335,approach,unknown_no_ground_truth,0.5004895406515589,-0.09316263390047129,0.420042380769432,0.002980118761672935,0.3196206372239277,0.8740093,1.6231369,-2.6149197,0.3378298290130023,9.399102249715789,0.2956487389643442,0.16346503148914587,0.00019588257810893532,0.0029736741329991797
23,0.76666665,approach,unknown_no_ground_truth,0.500471938541436,-0.0932753019165844,0.42003656034829034,0.003624799148792189,0.3196206372239277,0.8740093,1.5817144,-2.7701285,0.33789124952166905,9.396275831053977,0.29565720145973645,0.1635766356430882,0.00022095168502880196,0.003618058764305454
24,0.8,approach,unknown_no_ground_truth,0.5004450648465647,-0.0933997215212534,0.4200279630708995,0.003642906661115437,0.3196206372239277,0.8740093,1.6163439,-2.640373,0.33795778335186166,9.393474202849948,0.2956634612828339,0.16370272138959113,0.0001830356994447529,0.003638305494914905
25,0.8333333,approach,unknown_no_ground_truth,0.500421258947236,-0.09351226553277547,0.42002041403671875,0.003004006057085768,0.41500782475123865,0.8740093,1.6462113,-2.5284605,0.3380181522279949,9.390939329298416,0.29566941162856186,0.1638165750552978,0.0002651840430856487,0.0029922783651092242
26,0.8666667,approach,unknown_no_ground_truth,0.5004188518773297,-0.09359810214847111,0.4200199122945639,0.0021941045470190695,0.42031147634821514,0.8740093,1.6745055,-2.4224432,0.3380675546211259,9.391005332145527,0.2956811324390062,0.16389734411238888,0.0005504767492121812,0.0021239279912055736
27,0.9,approach,unknown_no_ground_truth,0.500451647007413,-0.09365482795321972,0.42003264421529185,0.002055732960493102,0.4481663700761443,0.8740093,1.6787444,-2.4065597,0.3381087970465703,9.391479346595489,0.2957061178419307,0.16393733714786593,0.0009266106217994077,0.001835056064654769
28,0.93333334,approach,unknown_no_ground_truth,0.5005162734631132,-0.09368711941872374,0.42005685881543187,0.0026126929514039064,0.6070034521260395,0.8740093,1.6222718,-2.6181612,0.33814336138546064,9.397077418805177,0.29574289870776493,0.16394227860130198,0.0012697418704277295,0.00228340098116786
29,0.96666664,approach,unknown_no_ground_truth,0.5006086261184772,-0.09370238151881853,0.420091279779808,0.0040261784218439175,1.1187723863515207,0.8740093,1.5764096,-2.7900054,0.33817475270378233,9.4116697115307,0.29579077506517526,0.16392065383168544,0.0018952236727535444,0.003552216197637208
30,1.0,approach,unknown_no_ground_truth,0.5007666890922455,-0.09371893448068644,0.4201480702100039,0.005985960792766647,1.1428543527915005,0.8740093,1.6499277,-2.5145352,0.3382212769370765,9.427829789447898,0.2958692392079234,0.16387503001821604,0.0027912980273917336,0.0052953169815241966
31,1.0333333,approach,unknown_no_ground_truth,0.5009821731887919,-0.09374144519312079,0.4202261741486296,0.00736548871800695,1.1912823300977113,0.8740093,1.6417681,-2.545109,0.3382853509670139,9.443181188423074,0.29597686932894063,0.1638129161608295,0.003381868105361115,0.006543194340154423
32,1.0666667,approach,unknown_no_ground_truth,0.5012275444106196,-0.0937692175789693,0.4203099862817647,0.007779922990752535,1.1912823300977113,0.8740093,1.5388416,-2.9307716,0.33835555710434556,9.467920297450842,0.2960947129056754,0.1637449358383267,0.0032608876143554286,0.007063555316452419
33,1.1,approach,unknown_no_ground_truth,0.501475977659221,-0.09379688971323283,0.42037474487924664,0.007362947620354967,1.1912823300977113,0.8740093,1.4322109,-3.3303137,0.33841021767565216,9.510554786985818,0.2961942464913186,0.1636778658607274,0.0022881893351704217,0.006998370326476244
34,1.1333333,approach,unknown_no_ground_truth,0.5017082211807966,-0.09382142079347341,0.4203946674151056,0.006322418076814593,1.1428543527915005,0.8740167,1.3376044,-3.6848016,0.3384276658227433,9.536205058193127,0.29624725872557306,0.16361799012276682,0.0005611459108281905,0.006297466602118088
35,1.1666666,approach,unknown_no_ground_truth,0.5018942821363863,-0.09384295186512709,0.42035114462016243,0.005240856430163127,1.13029394194843,0.8740167,1.3306893,-3.7107122,0.3383944524258648,9.554428458457517,0.2962316561854089,0.16357753912518244,-0.001919834740138447,0.004876557258162745
36,1.2,approach,unknown_no_ground_truth,0.5020106358478476,-0.09384410434180981,0.4202211456313816,0.007491039509964814,1.13029394194843,0.8740167,1.278766,-3.9052672,0.33828299547409835,9.56769885342105,0.2961192848873958,0.16355046360284697,-0.004225557270455291,0.006185494215821102
37,1.2333333,approach,unknown_no_ground_truth,0.5022656403874143,-0.09382662280576433,0.42001763834514017,0.0126526235449595,1.13029394194843,0.8740167,1.3045808,-3.80854,0.3380935168335681,9.584489968965503,0.2959499367318715,0.1634651677676058,-0.004922696407414093,0.011655725745353479
38,1.2666667,approach,unknown_no_ground_truth,0.5027386227131878,-0.09380496509336997,0.41979687199177457,0.02086734288142537,1.13029394194843,0.8740167,1.2379308,-4.0582757,0.33787628108344553,9.615019553927127,0.29579110541901277,0.1633034086410261,-0.003708365861747015,0.020535189835168395
39,1.3,approach,unknown_no_ground_truth,0.503590881984811,-0.09380365713324487,0.41959512279277456,0.03308105655514171,3.6040433604600253,0.8740167,1.3143553,-3.7719154,0.3376678015563078,9.690749059112294,0.29570271256114156,0.16303205203840443,-0.0010083074378087074,0.03306568642740301
40,1.3333334,approach,unknown_no_ground_truth,0.5049141545268753,-0.09384387380938383,0.4194371093595993,0.04797019790196315,9.685499148356088,0.8740093,1.3235254,-3.737555,0.3374990782507612,9.873815296935529,0.2957239008442397,0.16264378958195638,0.002351641143958461,0.047912521021999575
41,1.3666667,approach,unknown_no_ground_truth,0.5067737609842605,-0.09394153305135176,0.4193167891991134,0.06354660500299515,9.864314232681142,0.8740093,1.3111383,-3.7839694,0.3373773420152779,10.05506844392621,0.29585947277526553,0.16214389681525404,0.005321684757701083,0.06332338176966183
42,1.4,approach,unknown_no_ground_truth,0.5091363173167232,-0.09410349860727422,0.4192061741087049,0.07587295126889099,14.637709719771117,0.8740093,1.2899556,-3.8633401,0.3372938857361092,10.349962014965637,0.29607867951229944,0.16156912110058833,0.0061506145200553065,0.07562324163428324
43,1.4333333,approach,unknown_no_ground_truth,0.5118096982139078,-0.09431040266723664,0.41901916484997903,0.08123132367718854,14.637709719771117,0.8740093,1.2021254,-4.192437,0.3371830327328556,10.684069310655698,0.2962695133782937,0.1609868721527163,0.0027238384008423013,0.08118564313174015
44,1.4666667,approach,unknown_no_ground_truth,0.5145051474733453,-0.09451128680387952,0.4186261946258487,0.0826338267703901,14.637709719771117,0.8740093,1.230735,-4.0852385,0.33692241358968694,11.064729943683462,0.29626028377938535,0.16045733711506652,-0.007839879334248581,0.08226108204213742
45,1.5,approach,unknown_no_ground_truth,0.51715487599716,-0.09466057942580305,0.41773286141790855,0.08120661563237046,14.637709719771117,0.8740093,1.2623975,-3.9665995,0.3362481456262255,11.421415185268309,0.29574684051575956,0.15998944265801177,-0.02304307246873858,0.07786867941389539
46,1.5333333,approach,unknown_no_ground_truth,0.5194254432207883,-0.0947434006371875,0.4163799280033587,0.07760088349689143,8.978004688120189,0.8740093,1.2196586,-4.126741,0.33518571690626614,11.576700466977558,0.29472408031550473,0.15964705227515938,-0.038334698492721225,0.06747109018661454
47,1.5666667,approach,unknown_no_ground_truth,0.5212532884076608,-0.09474611553446362,0.4145769492068586,0.07743059583993545,8.271657506360432,0.8740093,1.2050985,-4.1812973,0.3337287431896281,11.693294932993343,0.2931912054776456,0.15941703504172236,-0.053731053205024845,0.05575366439621901
48,1.6,approach,unknown_no_ground_truth,0.5226156516083402,-0.09465462723343177,0.4123226642982532,0.0816375916094938,8.271657506360432,0.8740093,1.4520487,-3.2559822,0.3318625273423954,11.828363868258691,0.29114199337682,0.15927673008526347,-0.06792463597221139,0.045287307182488336
49,1.6333333,approach,unknown_no_ground_truth,0.5236302972359621,-0.09447906570837097,0.4096882547576438,0.08678369765817662,8.271657506360432,0.8740093,1.2608473,-3.972408,0.3296479729403754,11.919873586009295,0.2886629004434578,0.15919018804960577,-0.07801642177085533,0.03801115774740123
50,1.6666666,approach,unknown_no_ground_truth,0.5244267994337592,-0.09424985415009024,0.40684281239813735,0.08811877257984352,7.974798703347458,0.8740093,1.2045307,-4.183425,0.32723914567599677,11.891274578740711,0.28594090322156596,0.15913283233698594,-0.08161337412493493,0.03322913247320169
51,1.7,approach,unknown_no_ground_truth,0.5251023261689798,-0.0939705086724999,0.4040238744621043,0.08405932366166856,7.974798703347458,0.8740093,1.5311671,-2.9595275,0.3248286225918543,11.834681889484942,0.283222019451058,0.15905634772930577,-0.07868026766163852,0.0295869122273696
52,1.7333333,approach,unknown_no_ground_truth,0.5257011276842777,-0.09360745332402547,0.401423598192583,0.07901561337966657,7.974798703347458,0.8740093,1.4798052,-3.1519792,0.3225480922108678,11.784127575110434,0.2806955316626384,0.15889395927315556,-0.07387984795828673,0.02802204887986207
53,1.7666667,approach,unknown_no_ground_truth,0.5263155346375172,-0.0930748889397798,0.3989766292697637,0.07263069823634212,7.974798703347458,0.8740093,1.5785091,-2.7821386,0.3202924475242764,11.748520523764496,0.2782967006378456,0.15855030228662662,-0.06707476698632785,0.027860257716475195
54,1.8,approach,unknown_no_ground_truth,0.5268832996853002,-0.09237243090397779,0.3968934147494715,0.06483981735595412,6.956274471617199,0.8740093,1.4438797,-3.286591,0.3182246505212526,11.732685687356923,0.27622388451041197,0.15801042315414507,-0.05808404966538097,0.028817444182700293
55,1.8333334,approach,unknown_no_ground_truth,0.5274053392276196,-0.09143001799820646,0.3951305893773944,0.06168128712674235,6.339319421410488,0.8740093,1.5105116,-3.0369232,0.3162649468095943,11.710979611621644,0.2744244432842556,0.15720922844604873,-0.051999926828059005,0.03317512308173311
56,1.8666667,approach,unknown_no_ground_truth,0.5278851773342583,-0.09019599857577004,0.39355145044520634,0.06350014007941143,6.269749974337425,0.8740093,1.4583542,-3.2323554,0.31427228771358745,11.640231480522203,0.272757204363053,0.15611078852143315,-0.049804362738054525,0.03939280698758544
57,1.9,approach,unknown_no_ground_truth,0.5283404464687379,-0.08870581039719005,0.392028102363836,0.06730488247403289,6.269749974337425,0.8740093,1.4998308,-3.0769439,0.31216740946823435,11.581264463683706,0.271104155390427,0.15476119818659811,-0.05056060455814389,0.04442490823353921
58,1.9333333,approach,unknown_no_ground_truth,0.5287700487837419,-0.08706151444279253,0.39046517848935747,0.07035431906073068,6.339319421410488,0.8740093,1.4169625,-3.387449,0.30993748724494774,11.52642148929092,0.2693865003927603,0.1532715218357718,-0.052443510480253704,0.04689785089965866
59,1.9666667,approach,unknown_no_ground_truth,0.5291738008941013,-0.08535607267889916,0.38885264186426466,0.0714634671384233,6.77697713876154,0.8740093,1.3913299,-3.4834938,0.30763142913901315,11.40582149276279,0.2676079328870096,0.1517336167434674,-0.054174513792799965,0.0466063213605004
60,2.0,approach,unknown_no_ground_truth,0.5295144357751544,-0.083684798918671,0.38718772644725397,0.07187195124452539,6.77697713876154,0.8740093,1.3099725,-3.7883375,0.3053038927732465,11.202328859597298,0.2657748485441564,0.15024711918645478,-0.057016402278542,0.04375736791566541
61,2.0333333,approach,unknown_no_ground_truth,0.5297406543572211,-0.08209509026805803,0.3853881431029025,0.07148845464988784,7.7923480317988485,0.8740093,1.2124013,-4.153934,0.30291640434664374,10.988741895893133,0.26380684278510863,0.14887678704906393,-0.05994212974157996,0.038955618725322105
62,2.0666666,approach,unknown_no_ground_truth,0.5298092579515549,-0.08064764330870096,0.383526784049123,0.06996598308186554,9.244200491729751,0.8740093,1.3233892,-3.7380657,0.30056178638875974,10.739273224769152,0.2617787101183313,0.1476797019430398,-0.06085481029462505,0.0345243515886554
63,2.1,approach,unknown_no_ground_truth,0.5297025715161168,-0.07926918212990602,0.38167743279363414,0.06834744676581761,10.245912693761884,0.8740093,1.4798591,-3.1517773,0.2982532214901277,10.478920506361545,0.2597498590432387,0.1465776069399988,-0.05946035621527355,0.03370221829730279
64,2.1333334,approach,unknown_no_ground_truth,0.529388485559841,-0.07784703618552456,0.37995728605477286,0.06659510149132258,10.506827126721367,0.8740093,1.4998436,-3.076896,0.2960143082114033,10.208153651902357,0.2578146766158823,0.14545123989613737,-0.05508861520028611,0.037418605237961
65,2.1666667,approach,unknown_no_ground_truth,0.5288926167801633,-0.07629542697429403,0.37848187937344735,0.06762858143827814,10.636968876513363,0.8740093,1.4790354,-3.1548638,0.29388608581470965,9.963153192075985,0.2560772735575945,0.1441993807295988,-0.04953778534702547,0.04603947056891345
66,2.2,approach,unknown_no_ground_truth,0.5283120891383806,-0.07441209043205772,0.377242566074353,0.07299487517492068,11.108790273181953,0.8740093,1.4913943,-3.1085553,0.2917435860765347,9.834103035498794,0.2545121605323037,0.14261093982572054,-0.04502451411718824,0.05745472069650472
67,2.2333333,approach,unknown_no_ground_truth,0.5277823781406037,-0.07215214162518521,0.3761836988667582,0.07904484531871993,11.108790273181953,0.8740093,1.4801571,-3.1506605,0.2895223977780532,9.774321575696788,0.2530756419548557,0.14062694714844298,-0.04220153598081477,0.06683650149671477
68,2.2666667,approach,unknown_no_ground_truth,0.5274020331335487,-0.06963883457718134,0.37520368028236883,0.0827279630978762,10.636968876513363,0.8740093,1.4110032,-3.4097784,0.2872218863886682,9.732264038226544,0.2516987273044751,0.13836243237950277,-0.042538813471872564,0.07095326086043402
69,2.3,approach,unknown_no_ground_truth,0.5272342727470652,-0.06706672289604902,0.3741208254867766,0.083662835682039,10.636968876513363,0.8740093,1.072178,-4.6793466,0.28481618670144226,9.703252778685293,0.2502397235809706,0.1360159584360242,-0.04839273180946776,0.06824671114696139
70,2.3333333,approach,unknown_no_ground_truth,0.5272730176761138,-0.06467149089056823,0.37267039146792913,0.08396195979971784,11.452372435780843,0.8740093,1.0879052,-4.620417,0.2822303646708419,9.76039311405062,0.24847254805545327,0.13384831566017885,-0.06054516554587752,0.05817124394777646
71,2.3666666,approach,unknown_no_ground_truth,0.5274323219040634,-0.06269563276997833,0.37062999536389707,0.08809815993350087,11.452372435780843,0.8740093,1.0991969,-4.5781074,0.27942177282177727,9.831348548906382,0.24620338280397625,0.13213788791540312,-0.07732566017825199,0.04221407421306537
72,2.4,approach,unknown_no_ground_truth,0.5276443347199502,-0.06131442521044686,0.36786549392414336,0.09886676042758524,11.993829083022629,0.8740093,1.0394912,-4.801823,0.27638149817181146,9.926860481155654,0.2433174860640755,0.13108521467790885,-0.09534364790095318,0.026157697191928096
73,2.4333334,approach,unknown_no_ground_truth,0.5278821884163611,-0.06057116870962609,0.36440687013113865,0.11659481982214663,13.660871737819487,0.8740093,1.0106093,-4.910043,0.2731640170554287,10.059249182823859,0.23984712698688523,0.1307361307749142,-0.11428529580349318,0.023091625591692283
74,2.4666667,approach,unknown_no_ground_truth,0.5281876726677546,-0.060263856061037506,0.36018302537277835,0.13568855016171827,15.035927578292641,0.87400186,1.0843879,-4.6335964,0.2696072990324485,10.22895109654921,0.23569847312549577,0.1308981491766864,-0.13198596251249792,0.03148155562609048
75,2.5,approach,unknown_no_ground_truth,0.5286021336602217,-0.06019847938459305,0.35539737496471024,0.14949240118702883,15.398995083149607,0.87400186,1.0951217,-4.593377,0.2657766111827198,10.445921731340302,0.23104807065139046,0.1313544673775532,-0.14446148220317218,0.03845592506137578
76,2.5333333,approach,unknown_no_ground_truth,0.5291145979128785,-0.0601444967634651,0.35026079110549724,0.1573550702726835,16.422830359024776,0.87400186,1.1748282,-4.294719,0.2617130086430085,10.684875905349728,0.22606771621758276,0.13186010229459824,-0.15188580212293407,0.041125676334792124
77,2.5666666,approach,unknown_no_ground_truth,0.5297305432999598,-0.059887984103648824,0.3449725353881877,0.16086587676665867,16.422830359024776,0.87400186,1.0315136,-4.831715,0.2574472607580067,10.764642454058308,0.2209223595227168,0.13218321805250685,-0.15518342537685081,0.04237847090461375
78,2.6,approach,unknown_no_ground_truth,0.5304675188705007,-0.05938390721713077,0.33964931228176704,0.1608806012011779,16.422830359024776,0.87400186,1.4137838,-3.3993597,0.25304171647618245,10.849267306104045,0.21572216373432787,0.13226510632435348,-0.15400004655682534,0.046546251227655995
79,2.6333334,approach,unknown_no_ground_truth,0.5314589159173712,-0.058741422911085237,0.3344495910770182,0.15704799687089563,16.422830359024776,0.87400186,1.2860342,-3.8780334,0.24869089550537696,10.93052020736281,0.2106556636508939,0.13217924526591834,-0.1465776654547549,0.05638316513814028
80,2.6666667,approach,unknown_no_ground_truth,0.5329224672643031,-0.05822012930370518,0.3295380532650538,0.15051570119195987,16.466044451078446,0.87400186,1.0123413,-4.903553,0.24469918956875947,10.897561509869966,0.2059502909739684,0.1321445081089087,-0.1322444449647169,0.07187755617215505
81,2.7,approach,unknown_no_ground_truth,0.5350137229655656,-0.05813153144680429,0.32508583202491126,0.14584693866556517,16.466044451078446,0.87400186,1.2632568,-3.9633799,0.24141824173618123,10.897561509869966,0.2018393751672561,0.1324523841804325,-0.11403272322101578,0.09092781506731774
82,2.7333333,approach,unknown_no_ground_truth,0.5377150244389102,-0.05867955882166372,0.3210906042861543,0.1444140442109497,15.895294578616632,0.87400186,1.0581216,-4.7320156,0.2390017676797307,10.897561509869966,0.19834811619256623,0.13334117802425557,-0.09456189298286606,0.10914881841256514
83,2.7666667,approach,unknown_no_ground_truth,0.5408407986574988,-0.05990658941239688,0.31763030175504503,0.14474204176123603,14.748851596457161,0.87400186,1.2895975,-3.864682,0.23754784087814,10.790077365982599,0.19553525457967108,0.1348886241398041,-0.0771560394750539,0.12246307290663305
84,2.8,approach,unknown_no_ground_truth,0.5441312323285428,-0.06171427315576485,0.31455341221685795,0.14417348585433165,14.748851596457161,0.87400186,1.1871498,-4.248551,0.23687559350943546,10.698840677492944,0.19320438480597754,0.13704784745551846,-0.06588314579888212,0.12823963943739242
85,2.8333333,approach,unknown_no_ground_truth,0.5472758669091948,-0.0639025092689656,0.31171383724508905,0.14112451767883605,14.748851596457161,0.87400186,1.0514464,-4.757027,0.23671842586860892,10.784705005207263,0.19114304876923052,0.13964221443716673,-0.06149585525033095,0.12702121585433848
86,2.8666666,approach,unknown_no_ground_truth,0.5500557646116007,-0.0663539718265829,0.30890636989697473,0.13654076716957314,13.721601396105232,0.87400186,0.9415077,-5.1689644,0.2368207235261094,10.922675269709426,0.18910466477176666,0.142560446313091,-0.06275344974388619,0.12126576451949302
87,2.9,approach,unknown_no_ground_truth,0.5523856926984946,-0.0688592336185567,0.30604105585004354,0.13246022018423337,11.517705099081923,0.87400186,1.2443262,-4.0343122,0.2369526783114606,11.104076951051141,0.18695947367968707,0.14557721992258585,-0.06719230971149034,0.11415298264561792
88,2.9333334,approach,unknown_no_ground_truth,0.5543922409218982,-0.07132056353170264,0.3030319085997938,0.13034998154497093,8.886470444374684,0.87400186,1.1527456,-4.377462,0.23699403855418408,11.29587880380268,0.18462516696232176,0.1485924696421622,-0.07275199818558313,0.10815851537802824
89,2.9666667,approach,unknown_no_ground_truth,0.5562287612123866,-0.07363528372966535,0.29988182587239687,0.12723403589912824,8.572415505864146,0.87400186,0.8816729,-5.3931637,0.23688957265002794,11.492587908152629,0.18210934478439533,0.15150200055613486,-0.07706310274054633,0.10124118770135332
90,3.0,approach,unknown_no_ground_truth,0.5579797322213009,-0.07564841328360157,0.2966798708933348,0.12206371489951676,8.397907559559794,0.87400186,1.4243449,-3.3597875,0.2365904492984114,11.677091874535218,0.17948763135251866,0.15414029612884014,-0.079638583293505,0.09250538657869593
91,3.0333333,approach,unknown_no_ground_truth,0.5597251995135964,-0.07723384881421386,0.2934751609774553,0.11766383450325697,8.320385189276557,0.87400186,1.2737066,-3.9242249,0.23603679063996322,11.893270338520084,0.1768001106238899,0.156381224637084,-0.08208772649562188,0.08429936600467304
92,3.0666666,approach,unknown_no_ground_truth,0.5615390597748537,-0.07834844531373189,0.2902321386324519,0.11518306790213761,8.239503848563269,0.87400186,1.0189828,-4.8786674,0.23517598373261633,12.102381531799796,0.1740151211238702,0.15819760094530072,-0.08448981566465427,0.07828544041072506
93,3.1,approach,unknown_no_ground_truth,0.5634084214362546,-0.07903290966445081,0.2869819172454988,0.11390453975492573,8.239503848563269,0.8740167,1.0757556,-4.665941,0.23404909084352876,12.28808332680386,0.17116746125984514,0.15962668050968734,-0.08681368208577316,0.07374027922032683
94,3.1333334,approach,unknown_no_ground_truth,0.5652497712896083,-0.07939240273954337,0.28368963281804815,0.11305725976463886,8.239503848563269,0.8740167,1.1592802,-4.3529773,0.23269520646874656,12.479835100839216,0.16822752641524807,0.16076864890189133,-0.08964954338321779,0.0688832588998922
95,3.1666667,approach,unknown_no_ground_truth,0.5669832981449208,-0.07944119891631354,0.2803590402427666,0.11469407971942723,7.747553057615672,0.8740167,1.2097487,-4.163873,0.23110728524559948,12.663862341582288,0.16519080992970708,0.1616247926784696,-0.09428430480286717,0.0653085123894762
96,3.2,approach,unknown_no_ground_truth,0.56866220972331,-0.07929897386208126,0.2768477101267752,0.11770791417753472,7.397756370896622,0.8740167,0.9071253,-5.2977943,0.2293033703487095,12.676716962470604,0.1619419116898576,0.1623417780225158,-0.09934631013952615,0.06313052923655056
97,3.2333333,approach,unknown_no_ground_truth,0.5702501210685276,-0.07906640953596322,0.27323403151790193,0.11801783146961486,6.687860296755183,0.8740167,1.2843336,-3.8844059,0.22740224651790283,12.707618254034232,0.15856772848225045,0.16299710796627145,-0.10149373906081004,0.06022648484053028
98,3.2666667,approach,unknown_no_ground_truth,0.5717305551882981,-0.07881525049951794,0.2696189960845262,0.11549204727536168,6.687860296755183,0.8740167,1.320342,-3.7494836,0.22551430624327357,12.732103727336877,0.1551756684417432,0.16363744756027934,-0.10088884789563772,0.05621257291874528
99,3.3,approach,unknown_no_ground_truth,0.5730522142879935,-0.07861240316847834,0.26607694539584137,0.11134332521029762,6.680764594127653,0.8740315,1.2363995,-4.0640135,0.22372005510086485,12.809133441263556,0.15184181127592014,0.16430072246579397,-0.09930975840380317,0.050347869415342125
100,3.3333333,approach,unknown_no_ground_truth,0.5741210318290162,-0.07853725108834603,0.26259706536088,0.10547707377748404,6.680764594127653,0.8740315,0.9183077,-5.2558937,0.22205137992565321,12.83747199580644,0.14855502377449914,0.16504005646583128,-0.09648989904757754,0.04260413682319015
101,3.3666666,approach,unknown_no_ground_truth,0.5748589226472092,-0.07861714485404223,0.259281213293321,0.09573826192586965,6.680764594127653,0.8740315,1.0356593,-4.816181,0.22056025338851787,12.872636903577217,0.1454091570650949,0.16584029189682994,-0.0895923775531054,0.0337493804531022
102,3.4,approach,unknown_no_ground_truth,0.5752556888123883,-0.0787907818708975,0.25632128588749437,0.0822792925116356,5.771805865408409,0.8740315,1.0224326,-4.8657413,0.21928387083036044,12.90258266876692,0.14258218515158863,0.1666005296622562,-0.0784166805275721,0.02491397582185531
103,3.4333334,approach,unknown_no_ground_truth,0.5754173455260887,-0.07892217941853166,0.25383294018211894,0.0692168091344727,5.771805865408409,0.8740315,1.0317596,-4.830793,0.21818135764721822,12.925952129427234,0.14018136149617622,0.16718938576913822,-0.06728509088317088,0.016238325394001003
104,3.4666667,approach,unknown_no_ground_truth,0.5754969701651952,-0.07881346660060806,0.25171320429191596,0.05647754917763227,5.771805865408409,0.8740315,1.4294581,-3.3406281,0.217061790000838,12.94416808665021,0.1380965164187198,0.1674669305605801,-0.05564990960378216,0.009633333909023708
105,3.5,approach,unknown_no_ground_truth,0.5755630605116269,-0.07849989052793976,0.2500943684341037,0.044851963255651495,5.494647384042747,0.8740315,1.1910783,-4.2338305,0.21602554836377058,12.924517915624829,0.13647137082483868,0.16745925621194296,-0.04344561331968566,0.011143486490442027
106,3.5333333,approach,unknown_no_ground_truth,0.5757675477886192,-0.07802061333833198,0.24884283180050476,0.03877691632885616,5.494647384042747,0.8740315,0.9876838,-4.995944,0.2150706824480519,12.724710350233057,0.13520014477545633,0.16726123071819848,-0.03477424559145249,0.017158120046218892
107,3.5666666,approach,unknown_no_ground_truth,0.5761540472344642,-0.07744238424216218,0.24781066776125543,0.0387990962534067,7.273782461503545,0.8740315,1.0732577,-4.675301,0.21418958580682723,12.416835924831949,0.1341530898489012,0.16697343247383056,-0.03217377471615159,0.021684512689831015
108,3.6,approach,unknown_no_ground_truth,0.5766485253482653,-0.0768413325383589,0.24671593354724636,0.043742635097705186,8.579084200245319,0.8740315,1.1277635,-4.4710693,0.2132915467071522,12.309146443206508,0.1330552283702278,0.16670209986702575,-0.03688159027550894,0.02351949030146007
109,3.6333334,approach,unknown_no_ground_truth,0.5771545492731873,-0.07623397877785851,0.24535243932514786,0.051461920995268626,8.82245561169413,0.8740315,1.1008422,-4.5719423,0.2122688633718041,12.167764319949573,0.13169430881961489,0.16647726385810624,-0.04542633215334285,0.02418217648635951
110,3.6666667,approach,unknown_no_ground_truth,0.5776629864494908,-0.07561042965324147,0.24367847612336604,0.05981535949296065,9.932782995271912,0.8740315,0.994097,-4.971914,0.21109477817154348,11.99812897971049,0.13002680040438835,0.1662950286325196,-0.05418153048836702,0.02534243447678762
111,3.7,approach,unknown_no_ground_truth,0.5782020922413856,-0.07495915344644828,0.24172213322516067,0.06845072551570161,9.932782995271912,0.8740315,1.0635841,-4.711548,0.20978532944240375,11.784085011485553,0.1280822100021719,0.16614701902296475,-0.06261915165258077,0.027646765994181234
112,3.7333333,approach,unknown_no_ground_truth,0.5787769563898963,-0.07418824569024224,0.2394879058489006,0.07378348636144476,10.385185967186125,0.8740315,1.2872676,-3.8734121,0.20827210616964367,11.518428109734831,0.12585219401001685,0.16594726713990923,-0.0682380533697736,0.028063694196478074
113,3.7666667,approach,unknown_no_ground_truth,0.5792708508905625,-0.07342599414923792,0.23717211094921575,0.07348606460318226,10.385185967186125,0.8740315,1.1238413,-4.485766,0.20672436519522774,11.258238111967044,0.12353301049341141,0.16575451271022637,-0.06906465641933217,0.025105276826648946
114,3.8,approach,unknown_no_ground_truth,0.5796616912035422,-0.07273378353500762,0.23489414509912254,0.07106945691414951,10.385185967186125,0.8740093,1.1744647,-4.296081,0.20524155805317693,11.069996280969765,0.12124788768033615,0.16559905460222954,-0.06818691010516846,0.020035293768293695
115,3.8333333,approach,unknown_no_ground_truth,0.5798621634885774,-0.0721331426665612,0.23265247098470396,0.0661071431615986,10.385185967186125,0.8740093,1.1603159,-4.3490963,0.2038148034244204,10.839548429032625,0.11898722053258974,0.165476631114076,-0.06483244329110122,0.012919313986982378
116,3.8666666,approach,unknown_no_ground_truth,0.5798448568056469,-0.07166274296014527,0.23062305668808344,0.059036334114074315,7.195538220580468,0.8740093,1.0845342,-4.6330485,0.20254212305128205,10.674310735845461,0.11692572864139933,0.16538345017503575,-0.05876831024963123,0.005619115235666929
117,3.9,approach,unknown_no_ground_truth,0.5796221967324457,-0.071296124057797,0.2288142348096525,0.05270295545877535,5.939255168301729,0.8740241,1.0919249,-4.6053553,0.20140350465899073,10.55358441728022,0.11506932433570628,0.16529495541560893,-0.05263103751111469,0.0027523452896204633
118,3.9333334,approach,unknown_no_ground_truth,0.5792832028323404,-0.07100841309085419,0.22721697854960043,0.04613192120990373,5.519834691907786,0.8740241,1.1595384,-4.35201,0.20039629680561116,10.425554757839947,0.11341698206651978,0.1652127838647038,-0.04593715977394752,0.004234560947676117
119,3.9666667,approach,unknown_no_ground_truth,0.578951206055583,-0.07081299214636153,0.2258520057268803,0.03951553727677693,3.4322181606454834,0.8740241,1.2040242,-4.1853228,0.19957374493956856,10.34903866594837,0.11200684974333958,0.16517913088455494,-0.039306862715966104,0.004055641712545748
120,4.0,approach,unknown_no_ground_truth,0.5786813913247955,-0.07067476839806641,0.22467406828734218,0.03505905957318092,3.4322181606454834,0.8740241,1.1459132,-4.403063,0.198900599002467,10.277852955425276,0.11079652688457878,0.16518346743501602,-0.03491101656658774,0.0032184748629258
121,4.0333333,approach,unknown_no_ground_truth,0.5784556628882325,-0.07055982105463474,0.22358194720803692,0.033319518636680194,3.4322181606454834,0.8740241,1.1216506,-4.493974,0.19829975525984966,10.224616149481774,0.10967945071050905,0.16520657077718576,-0.0332335957591948,0.002391324966312289
122,4.0666666,approach,unknown_no_ground_truth,0.5782510794769642,-0.0704167993762675,0.2225101703869498,0.036548381148397854,3.4322181606454834,0.8740241,1.1145579,-4.5205503,0.19769309903161608,10.162173918950346,0.1085809558060368,0.16520513745332452,-0.03645807234928678,0.002567708149836041
123,4.1,approach,unknown_no_ground_truth,0.5779909563815757,-0.07013249287378241,0.22122859928878422,0.042662552872469374,4.769754721320264,0.8740241,1.1467377,-4.3999734,0.19686969804859164,10.05413874388391,0.10724891471730034,0.16509193893617244,-0.042261850161889096,0.005833475678382485
124,4.133333,approach,unknown_no_ground_truth,0.5776849815133879,-0.06968286847468169,0.21982127317711786,0.04914786406593838,6.698890898587763,0.8740241,1.1766723,-4.2878094,0.19584559759430192,9.882893740426562,0.1057635016363823,0.16483197450337178,-0.04811686386090026,0.010013987938655997
125,4.1666665,approach,unknown_no_ground_truth,0.5774145970752894,-0.06902774476118162,0.2181982637058496,0.05745263686689263,8.021744829254114,0.8740241,0.969215,-5.0651464,0.19457637876214853,9.6439102214731,0.10404112664847975,0.16442448460587034,-0.055700595944723576,0.014080095680132045
126,4.2,approach,unknown_no_ground_truth,0.5773517175252623,-0.06822118278208614,0.21629669795088313,0.06534578574216512,9.91167899495795,0.8740241,1.0905474,-4.610517,0.1931396014403506,9.344239879145757,0.10205013187865637,0.1639776699068697,-0.06255565848184401,0.01889077304304536
127,4.233333,approach,unknown_no_ground_truth,0.5775931071534317,-0.06738451586764185,0.21416763153723728,0.07321598273686487,9.91167899495795,0.8740241,1.0920258,-4.6049776,0.19169597582326836,9.037775726693562,0.09987075312838974,0.16362511975978297,-0.06847816949095498,0.025909852012177492
128,4.266667,approach,unknown_no_ground_truth,0.5782356489572484,-0.06665250059456858,0.21175983663839199,0.08216310271747632,9.975370108490418,0.8740241,0.9279139,-5.2199,0.19038535463446787,8.706784021810842,0.09748487072901228,0.16353373730897203,-0.07402173616566221,0.0356589122546336
129,4.3,approach,unknown_no_ground_truth,0.5792616489852283,-0.06612090823651508,0.20910571376803716,0.08932821348845882,9.975370108490418,0.8740241,1.0860616,-4.627325,0.1893145507161751,8.528150683281224,0.09493596090647935,0.16378999493140797,-0.07762154255127547,0.04420888889126496
130,4.3333335,approach,unknown_no_ground_truth,0.5804922942561672,-0.06582212756923392,0.2063116675830374,0.09275860109342536,9.975370108490418,0.8740241,1.1791184,-4.278644,0.18850899791341952,8.475035108816067,0.0923101058316316,0.16436084282965507,-0.08007181736911988,0.046825870413859105
131,4.366667,approach,unknown_no_ground_truth,0.5816372456857706,-0.0657340021914572,0.2034094449439241,0.09137949560845597,8.97922166026801,0.8740241,1.2134286,-4.1500845,0.18787661156239055,8.543017327575601,0.08959784449997424,0.16513584539137413,-0.08111983537366439,0.042068807049943945
132,4.4,approach,unknown_no_ground_truth,0.5824525123853878,-0.06580470755311697,0.2005437191034556,0.08557535284453707,6.925683149402961,0.8740167,0.91930056,-5.252174,0.18733780239954245,8.543017327575601,0.08690212162034591,0.16596226518631463,-0.07926615837564975,0.03224929690448199
133,4.4333334,approach,unknown_no_ground_truth,0.582837512345807,-0.06592943192806902,0.19783554122927957,0.07719529115191766,5.293741632221803,0.8740167,1.0027145,-4.9396243,0.18679387074152418,8.543017327575601,0.08431343864522624,0.16668291517254824,-0.0741068211367393,0.021616938660149455
134,4.4666667,approach,unknown_no_ground_truth,0.5828481394538839,-0.0660508569045137,0.1954185079730355,0.06555645926447586,4.978660831779913,0.8740167,1.5178667,-3.009364,0.18623839243704535,8.551557908103522,0.08196167127537185,0.16723343941712973,-0.06412817903537985,0.013609776078288385
135,4.5,approach,unknown_no_ground_truth,0.5825897887493394,-0.06614513878508566,0.19347747590710765,0.05111753050138821,4.439001140985322,0.8740167,1.218805,-4.1299396,0.18572157183085686,8.54301127940274,0.08003823051488002,0.16758992779809603,-0.05002040512178521,0.010533802542901542
136,4.5333333,approach,unknown_no_ground_truth,0.5822789245445333,-0.06624745799537061,0.19206430708295297,0.03545529946648701,3.2094203290579135,0.8740167,1.3055978,-3.8047295,0.1853470338358316,8.528715289795205,0.07862698056878112,0.16784314367401912,-0.03375214384797736,0.010856843276188457
137,4.5666666,approach,unknown_no_ground_truth,0.5820164198955851,-0.06647987532475517,0.1912089512432246,0.022771336546262577,3.2094203290579135,0.8740167,1.2582738,-3.982051,0.18525583435856277,8.525584750747173,0.07778808959452303,0.16813309394976855,-0.017314526717653177,0.014789892922087971
138,4.6,approach,unknown_no_ground_truth,0.5818210305900223,-0.06701013825271823,0.19083416791450009,0.024119096860436572,2.664835310436271,0.8740167,1.3162029,-3.7649925,0.18558087065780463,8.53935251071933,0.07747267981504277,0.16863642381284263,-0.0038686281399919523,0.023806817294161432
139,4.633333,approach,unknown_no_ground_truth,0.581692528115602,-0.06799064208487175,0.19076381791571317,0.037039177090126545,2.664835310436271,0.8740167,1.3405917,-3.6736083,0.18641500936504554,8.54585949360423,0.07753018128142007,0.1695276576462972,0.00590778200094118,0.03656499352308312
140,4.6666665,approach,unknown_no_ground_truth,0.5816690108138147,-0.0694741168750849,0.19088916479953563,0.05140402884851122,2.664835310436271,0.8740167,1.3642886,-3.5848167,0.1877920317625685,8.555718474188602,0.07786653159787293,0.1708878300243496,0.012400223953522492,0.049885956217767945
141,4.7,approach,unknown_no_ground_truth,0.5817909969106749,-0.07140093096416375,0.19108646013634717,0.06180573193733026,2.664835310436271,0.8740167,1.3367344,-3.6880615,0.18964074154160487,8.594206900433694,0.07835686214249622,0.17269572376764758,0.014839749659510456,0.05999775271084897
142,4.733333,approach,unknown_no_ground_truth,0.5820491499003559,-0.07356190462353299,0.19123988443902967,0.06585239438987397,3.880764083580358,0.8740167,1.2663201,-3.9519017,0.1917388559095001,8.678692592348336,0.07885584736125428,0.17477283599696666,0.012585153874026096,0.06463862428027527
143,4.766667,approach,unknown_no_ground_truth,0.5823822315867145,-0.07574914064617694,0.19121749962747184,0.06469967711982412,3.880764083580358,0.8740167,1.2038859,-4.1858406,0.19384486345308113,8.804140913009288,0.07919585805790379,0.1769289324944228,0.005425471542706481,0.0644717959882364
144,4.8,approach,unknown_no_ground_truth,0.5827552953212476,-0.07780226143085908,0.1908853163401354,0.06121190791972287,4.48911108570348,0.8740167,1.1081525,-4.544551,0.19576998277047675,8.936263539160295,0.07921756954566302,0.17902643053256356,-0.005373283669361618,0.0609756139270545
145,4.8333335,approach,unknown_no_ground_truth,0.5831540756475273,-0.07961843210205338,0.19017553548771837,0.05740841130520381,5.124275612979067,0.8740167,1.1494892,-4.3896637,0.19740243841501684,9.040416617194586,0.07883763946546198,0.18097610144908183,-0.0166775094522288,0.05493256199248558
146,4.866667,approach,unknown_no_ground_truth,0.5835471446163825,-0.08112243099670308,0.1891541050880744,0.05390931694863428,5.124275612979067,0.8740167,1.1105757,-4.5354714,0.19868244458324028,9.147805672716247,0.0781057365718192,0.18268609060392618,-0.026319337546304524,0.04704792157993797
147,4.9,approach,unknown_no_ground_truth,0.5839196524910961,-0.08228410713750618,0.1878898070716596,0.05098333135956435,3.880764083580358,0.8740167,1.1768913,-4.2869887,0.19959666063765427,9.30238836930371,0.07708301852415612,0.18411147490829444,-0.03346360587842546,0.038464102201046464
148,4.9333334,approach,unknown_no_ground_truth,0.5842706255860934,-0.08310513369899468,0.18648991862692377,0.047212542519357595,3.8611468940926685,0.8740167,1.2040602,-4.185188,0.20017204668713204,9.450455106182227,0.07587483149897725,0.18523460319259244,-0.03672323930511661,0.029672004753324085
149,4.9666667,approach,unknown_no_ground_truth,0.5845807195979318,-0.08360544953017639,0.18511063434949554,0.04208476600172032,3.6365821754898535,0.8740167,1.1456228,-4.404151,0.20045350312485036,9.536609567306412,0.07463480474962703,0.18604099772633298,-0.03666655777971448,0.02065650188212937
150,5.0,approach,unknown_no_ground_truth,0.5847858524075343,-0.08381445949443864,0.18382476157079422,0.038536112588228054,3.6365821754898535,0.8740167,1.1319891,-4.455236,0.20046001589811405,9.615271542422756,0.07343039648944485,0.18652665987808567,-0.036702098285252165,0.011746827438601426
151,5.0333333,approach,unknown_no_ground_truth,0.5847376413938368,-0.08385471240478609,0.1825585030981955,0.03899935775838743,3.6365821754898535,0.8740167,1.1058289,-4.5532575,0.20024080511873926,9.671182760216897,0.07218800037516773,0.18677599587858099,-0.038504785928968326,0.006191233005711911
152,5.0666666,approach,unknown_no_ground_truth,0.584400705488184,-0.08384559367921224,0.18125368050683655,0.04230297294036735,3.6365821754898535,0.8740167,1.0756419,-4.6663675,0.19988398348763833,9.657837995256967,0.07086341304570874,0.18690099931889004,-0.04102299322982015,0.010327417201778103
153,5.1,approach,unknown_no_ground_truth,0.5838292344117195,-0.08386102400895809,0.17988862283410445,0.04731701429705773,3.6365821754898535,0.8740315,1.0842477,-4.634122,0.19947335415781203,9.632735833082215,0.0694531365941378,0.18699165980386384,-0.044171980249370565,0.016962782874197918
154,5.133333,approach,unknown_no_ground_truth,0.5830291650483886,-0.0839556285418859,0.17841512147075494,0.05410757309316854,3.6365821754898535,0.8740315,1.045341,-4.779904,0.19905666843428002,9.58042490259725,0.06791861698356863,0.18711124689658343,-0.048674609909567526,0.023630738798945904
155,5.1666665,approach,unknown_no_ground_truth,0.5820412281848704,-0.08416206729830077,0.17677027871853276,0.06350686271083339,3.6365821754898535,0.8740315,1.1688484,-4.3171253,0.19867235268808783,9.5495616555517,0.06620816548850252,0.18731572957247083,-0.05559122322140558,0.0307040308774027
156,5.2,approach,unknown_no_ground_truth,0.5807982585062079,-0.0844677230505017,0.17485341285776296,0.0746369317613982,4.0136791172045925,0.8740241,1.0449467,-4.7813816,0.19828054543049572,9.574255088468947,0.06421253873424049,0.18759510805327134,-0.06398043153281552,0.03843404693276937
157,5.233333,approach,unknown_no_ground_truth,0.5792778230773028,-0.08482496399331899,0.1726858379396613,0.08316380083110386,4.0136791172045925,0.8740241,1.0098865,-4.912751,0.19784569070764685,9.615723592351276,0.06194280718289331,0.1878989248768836,-0.07025624675932032,0.04450030966149567
158,5.266667,approach,unknown_no_ground_truth,0.5775743300498039,-0.08516726442678281,0.17039735947210757,0.0872790354645335,4.0136791172045925,0.8740241,0.9749637,-5.043606,0.19736326298957163,9.654638330373695,0.05952874165054309,0.1881716941928135,-0.0726698456342356,0.04833966866989952
159,5.3,approach,unknown_no_ground_truth,0.575732308758176,-0.08546499746058528,0.16811682536265482,0.08639329469121762,4.724869885706598,0.8740241,1.6805034,-2.399969,0.19684113401484304,9.604013257304716,0.05709813706448279,0.1883779041820323,-0.07011014879939127,0.05048136688849448
160,5.3333335,approach,unknown_no_ground_truth,0.573862077037703,-0.08575083323246584,0.16603261245852133,0.08103296667400098,5.140844652657416,0.8740241,1.1572458,-4.3606,0.19636367137686722,9.546398996692936,0.054854735890897635,0.18854614657144858,-0.06286254650050561,0.051133569555249336
161,5.366667,approach,unknown_no_ground_truth,0.5720432700567679,-0.08613849625228029,0.16422824185191287,0.07313435885315352,5.140844652657416,0.8740241,1.1028296,-4.564496,0.19606394580019607,9.497517915561358,0.052907304361359264,0.1887905929540895,-0.052931973248499305,0.05046623279859503
162,5.4,approach,unknown_no_ground_truth,0.570392831979524,-0.0867185817901297,0.16274635808901194,0.06393211591309429,5.140844652657416,0.8740241,1.2951274,-3.8439617,0.19605504363724113,9.435039057819164,0.05132594081529751,0.18921740917533225,-0.04130496703116635,0.04879769608987278
163,5.4333334,approach,unknown_no_ground_truth,0.5689864767938966,-0.087545908759692,0.16161270766819974,0.057136639603957734,5.140844652657416,0.8740241,1.3725946,-3.5536942,0.19640094387101711,9.372142178646131,0.05015364234363848,0.18988929120172315,-0.030909258043716047,0.04805427506912914
164,5.4666667,approach,unknown_no_ground_truth,0.5677605419600738,-0.08857666190999264,0.16071464073551828,0.05280891359526599,4.896954057803736,0.8740241,1.3910688,-3.484472,0.19702499285941633,9.30821237651992,0.04926532544652866,0.19076628507128998,-0.02368339425044302,0.047200404573375765
165,5.5,approach,unknown_no_ground_truth,0.5667064478913929,-0.08967824863705809,0.15998508468147,0.04709404067873262,3.073364512014679,0.8740241,1.3530091,-3.6270807,0.19778556767184005,9.260259039806412,0.04857475079897405,0.19172799577549854,-0.01859739903033472,0.04326644677757382
166,5.5333333,approach,unknown_no_ground_truth,0.5658461626966653,-0.09068237814953592,0.15938866984763805,0.039680205185168876,2.721382970743431,0.8740241,1.2840817,-3.8853495,0.19851675776856023,9.218506151803433,0.04802549994807008,0.19261997422302582,-0.016177817926667667,0.03623253911429191
167,5.5666666,approach,unknown_no_ground_truth,0.5651438920579619,-0.0914694894728986,0.15882416957103807,0.033565970403327906,2.721382970743431,0.8740241,1.342987,-3.6646333,0.19908242956898048,9.209109274712986,0.04749623056384944,0.19333370592142937,-0.01752491343657113,0.028627814763927992
168,5.6,approach,unknown_no_ground_truth,0.5645297886565646,-0.09202116082822605,0.15817119169501578,0.03191459976462818,2.223434880472379,0.8740241,1.2035967,-4.1869245,0.1994381593937068,9.209109274712986,0.04685717342555482,0.19385557696624844,-0.0219475468922251,0.02316995605412288
169,5.633333,approach,unknown_no_ground_truth,0.5639047928804144,-0.09238780371381516,0.1573585038426729,0.03452840022223494,2.189912534198121,0.8740241,1.1331633,-4.450836,0.1996062877374193,9.209109274712986,0.04603306207339491,0.19422571225370858,-0.02785133703040471,0.020408661090959422
170,5.6666665,approach,unknown_no_ground_truth,0.5632529694717121,-0.09263006474151768,0.156355242260943,0.038682972918641555,2.189912534198121,0.8740241,1.0862575,-4.626591,0.1996422927076437,9.247747830611733,0.045000419276217334,0.1945045174347607,-0.03352349139216096,0.019301500426238016
171,5.7,approach,unknown_no_ground_truth,0.5626001882685938,-0.0928499803716567,0.15518251402718986,0.042239126075724706,2.189912534198121,0.8740241,1.0827792,-4.639624,0.1996550641733701,9.305332715668959,0.043798164636524174,0.19479185153528483,-0.037934984418429095,0.018576348640529664
172,5.733333,approach,unknown_no_ground_truth,0.5620273232440955,-0.09311161182057509,0.1538661827009331,0.043925111040586766,2.620721071985622,0.8740241,0.97636503,-5.038355,0.19972807986913743,9.354569551303165,0.042471422566038655,0.1951601500138528,-0.04030364709985985,0.017465148449922696
173,5.766667,approach,unknown_no_ground_truth,0.5616401788700889,-0.09344496765658689,0.1524807047977546,0.0441509895206759,2.8155819364869923,0.8740241,0.9605837,-5.0974874,0.19991745082846252,9.43893155438488,0.041111222722011675,0.1956447150118088,-0.04050191977427436,0.0175756755276455
174,5.8,approach,unknown_no_ground_truth,0.561552913660091,-0.09387214980123966,0.15106258768123892,0.045852046961530696,4.243724993713807,0.8740241,1.020548,-4.8728027,0.2002696659040913,9.564140634429243,0.039771292442248626,0.19628087879059816,-0.040142983328891386,0.02215741636605597
175,5.8333335,approach,unknown_no_ground_truth,0.5618420669993001,-0.09439977169143801,0.14958387563737602,0.04967376853727651,5.867050047775442,0.8740241,1.0689465,-4.691455,0.20080635805118158,9.733765896902735,0.03843502621549083,0.1970937396103536,-0.039675059581558696,0.029889344721734688
176,5.866667,approach,unknown_no_ground_truth,0.5624536506159902,-0.09499621249636506,0.14808068747671593,0.05264050498364314,5.942501525857801,0.8740241,1.069052,-4.6910596,0.20148816013547197,9.927005947506212,0.03712629082445013,0.19803817107920368,-0.038555011016555896,0.03584039467481087
177,5.9,approach,unknown_no_ground_truth,0.563239313314474,-0.09560878297951034,0.1466003158091043,0.05265327241676711,5.942501525857801,0.8740241,1.2465072,-4.02614,0.20223512988551515,10.164773212873849,0.03586469443556253,0.19902957431712232,-0.03731528739312864,0.03714749551399801
178,5.9333334,approach,unknown_no_ground_truth,0.5640095544269929,-0.09617821108320718,0.1451645852364969,0.04907794064880361,5.942501525857801,0.8740241,1.0390182,-4.8035955,0.2029496113682912,10.413141421096602,0.034638607212518865,0.19997177712096592,-0.035687908579041895,0.03369001988098905
179,5.9666667,approach,unknown_no_ground_truth,0.5646488532752882,-0.09664550168470507,0.1438356317474707,0.04232732161865471,5.942501525857801,0.8740241,1.1184316,-4.506036,0.20354740315777917,10.589455658538954,0.03348550264800223,0.2007741677723659,-0.032676882489588666,0.026903968223491642
180,6.0,approach,unknown_no_ground_truth,0.5650820156779353,-0.09698635425404821,0.14268277268276958,0.03292908788355769,3.826662788956005,0.8740241,1.1426564,-4.415266,0.20398453125385732,10.71357649123671,0.03246015031891545,0.20138527163655565,-0.0272319179735059,0.018513440315816834
181,6.0333333,approach,unknown_no_ground_truth,0.565316164542297,-0.09718974863732134,0.14181629923154188,0.02226271231115087,2.290476681649621,0.8740241,1.1663547,-4.3264694,0.20424614095403287,10.789247656394505,0.03167004306570187,0.2017758520409002,-0.01959540335788207,0.010566386643075897
182,6.0666666,approach,unknown_no_ground_truth,0.5654139486759233,-0.09727273346655921,0.1412648177403395,0.013014237942563898,1.6272664818275162,0.8740241,1.1376015,-4.4342065,0.20435803424223092,10.842168848601702,0.03115379125784166,0.20196942206584553,-0.011626390897336792,0.005847856353228418
183,6.1,approach,unknown_no_ground_truth,0.5655260008217746,-0.09730172102416054,0.1409819211003584,0.006433076980238826,1.6272664818275162,0.8740241,1.2255601,-4.1046286,0.2044164032381316,10.86769838336676,0.03089495102911908,0.20206822588849233,-0.004165971887029976,0.0049019544745085705
184,6.133333,approach,unknown_no_ground_truth,0.565691737292598,-0.09730800984911829,0.1409399796983053,0.007516041953904721,1.6272664818275162,0.8740241,1.2220858,-4.117646,0.2044599641540671,10.888095036972153,0.030876060045913784,0.20211517968208997,0.0022117631466411223,0.007183243726619337
185,6.1666665,approach,unknown_no_ground_truth,0.5660185934555656,-0.097349009022446,0.1410605754247522,0.014215392780769536,1.6272664818275162,0.8740241,1.2023953,-4.1914263,0.20457007530554058,10.91120656222325,0.031042401774316504,0.20220110039907413,0.00672826849902729,0.012522291919475114
186,6.2,approach,unknown_no_ground_truth,0.5665717459171791,-0.09745361685683923,0.1412601414745492,0.02056430301497731,4.47285726104744,0.8740241,1.3736643,-3.5496862,0.2047920518582892,10.995565340068497,0.03132461087992896,0.20238219599942392,0.008672727590644186,0.01864602785126859
187,6.233333,approach,unknown_no_ground_truth,0.5673085790379158,-0.09761458568827236,0.14144125439620087,0.024154167663670702,4.47285726104744,0.8740241,1.2705208,-3.9361618,0.20511258861954368,11.091393867214634,0.031620583099055875,0.20266058505463233,0.007852636018993076,0.022842064772649783
188,6.266667,approach,unknown_no_ground_truth,0.5681173876254515,-0.09780948575207711,0.14153809566708997,0.0240992641864147,4.47285726104744,0.8740241,1.2012947,-4.19555,0.20548665572854743,11.252419281519808,0.03184810792774921,0.20300360515006874,0.004587939205422964,0.02365851534171054
189,6.3,approach,unknown_no_ground_truth,0.568872176079678,-0.09798037973043044,0.1414935211994076,0.02112497864381583,4.47285726104744,0.8740167,1.221144,-4.1211753,0.20582980610139903,11.346018587113987,0.03192646404062716,0.2033386583353054,-0.0011596760085663192,0.021093123861980013
190,6.3333335,approach,unknown_no_ground_truth,0.5694725975731645,-0.09805600613545465,0.1412447887716099,0.01884418572721425,3.9409420868916305,0.8740167,1.2244453,-4.108805,0.20604969729807657,11.388914002577131,0.03177079626265959,0.20358559443503252,-0.008172619701327887,0.016979741545124074
191,6.366667,approach,unknown_no_ground_truth,0.5699156052511734,-0.09802122344044258,0.1407950789372872,0.019307110253558715,3.1190292941101037,0.8740167,1.2387822,-4.0550857,0.20613051644670757,11.392024842073997,0.031381623212165956,0.2037277191134187,-0.014543398565396189,0.012698585138160245
192,6.4,approach,unknown_no_ground_truth,0.5701867444808391,-0.09786705029435683,0.14019074035034035,0.021723222134360964,3.1190292941101037,0.8740167,1.3595124,-3.6027126,0.20605948528072052,11.392893169458628,0.030801237221300497,0.2037444361443832,-0.019050593868937538,0.010439025488022804
193,6.4333334,approach,unknown_no_ground_truth,0.5704026537607121,-0.09759360021804625,0.13949999418011155,0.023908706373540027,3.1190292941101037,0.8740167,1.4954203,-3.0934699,0.20586391568929258,11.338579528070406,0.030111584751359662,0.20364980787295095,-0.02109153404213479,0.011259370861892012
194,6.4666667,approach,unknown_no_ground_truth,0.5706189928031609,-0.09722932487667421,0.13879538225096055,0.024360013535466303,3.1190292941101037,0.8740167,1.4248573,-3.3578677,0.2055835560324733,11.28457008527423,0.029395136203389786,0.20347118832537756,-0.020815424919030476,0.012654182900855616
195,6.5,approach,unknown_no_ground_truth,0.5708307041916145,-0.09680498303247223,0.13814639527383715,0.02305114740774842,3.377322180774215,0.8740167,1.4300033,-3.3385856,0.20524489790819714,11.207150199356338,0.028723890991938332,0.2032250137252536,-0.01865627920969973,0.013538782916624083
196,6.5333333,approach,unknown_no_ground_truth,0.5710297689452445,-0.09634934470461601,0.13760438552753337,0.02109328470867241,3.489837186237183,0.8740167,1.4332166,-3.3265455,0.2048714917395374,11.088482715884727,0.028151385363134135,0.20292813415029387,-0.015480554120976481,0.014327564479304614
197,6.5666666,approach,unknown_no_ground_truth,0.5712157481544451,-0.09585345865844487,0.13718525490249772,0.0196801563324092,3.7923945196017566,0.8740167,1.4825351,-3.1417503,0.20445308339313148,10.99067193455533,0.027691854969151074,0.2025690610071693,-0.012111175262266058,0.01551218833803731
198,6.6,approach,unknown_no_ground_truth,0.5714167651164164,-0.09532409318035162,0.13688295530985295,0.01936308213721992,3.7923945196017566,0.8740167,1.5735612,-2.8006783,0.20400270769351875,10.924383509147688,0.027343974397656373,0.20216184558523295,-0.009048432339489787,0.01711884406291501
199,6.633333,approach,unknown_no_ground_truth,0.5716401268089673,-0.0947441598766757,0.13667958021243992,0.020431049553979046,3.875658652960078,0.8740167,1.4916873,-3.1074574,0.20350598524303967,10.85763132649029,0.02708862668344951,0.20169504786718237,-0.006918309265363227,0.0192240678001805
200,6.6666665,approach,unknown_no_ground_truth,0.5718791707190487,-0.0940909353457844,0.13653548716033612,0.023165072088365792,3.875658652960078,0.8740167,1.5616297,-2.8453856,0.20294079477080557,10.777032552201367,0.026882754190495774,0.20115238927077053,-0.006320210147120894,0.022286217906038117
201,6.7,approach,unknown_no_ground_truth,0.5721683460772535,-0.09332168988547154,0.13639228320361374,0.02640769276964074,3.875658652960078,0.8740167,1.4935249,-3.1005719,0.20227721946185134,10.695612359180403,0.02666727971534736,0.20051166974967166,-0.006748621985082331,0.02553081155620008
202,6.733333,approach,unknown_no_ground_truth,0.5725195271532568,-0.09247924564308052,0.13623250214179175,0.0287343991131136,4.401162987986423,0.8740167,1.5389471,-2.9303763,0.20156098678920276,10.591864536865348,0.026432846458618018,0.1998202592920255,-0.007121961057587785,0.02783780456655852
203,6.766667,approach,unknown_no_ground_truth,0.5729732004559623,-0.0916161237217766,0.13605628429050387,0.029999075976648307,4.442140822801438,0.8740167,1.5601754,-2.8508344,0.2008540346887844,10.502473087574892,0.02619246532304092,0.19913889125699358,-0.007116359982664383,0.029142786072197193
204,6.8,approach,unknown_no_ground_truth,0.573506394532914,-0.09077738691386752,0.13587247813962988,0.030192983742383824,4.442140822801438,0.8740167,1.5930561,-2.7276316,0.20019437925927366,10.526178704731787,0.025958433373373176,0.19850428011457596,-0.007118580511983209,0.029341814510392278
205,6.8333335,approach,unknown_no_ground_truth,0.5740718408325494,-0.08997375207971767,0.13567258472814953,0.028994348938011595,4.442140822801438,0.8740167,1.5151129,-3.0196824,0.19958085030432904,10.582690464332297,0.025717893711323006,0.19791691628370756,-0.0071035079179244745,0.02811071762867605
206,6.866667,approach,unknown_no_ground_truth,0.5746201756266812,-0.08924949544278243,0.13547078935723866,0.026473042866304072,4.442140822801438,0.8740167,1.4413046,-3.29624,0.1990422052501488,10.644646295984257,0.025484866600364794,0.197403953975608,-0.00655852780876796,0.025647762311414034
207,6.9,approach,unknown_no_ground_truth,0.5751226208808808,-0.08860778505716493,0.1352921188601891,0.022861452217505993,2.8106755408020914,0.8740167,1.457213,-3.2366314,0.1985719378372336,10.669594495562256,0.02528065891325276,0.19695609353697574,-0.005583385459256714,0.022169163365058916
208,6.9333334,approach,unknown_no_ground_truth,0.575549093132883,-0.08808668765839507,0.1351423730238158,0.018469026543699106,1.9136131608265665,0.8740167,1.548688,-2.8938773,0.19819718588881308,10.699570868452852,0.02511264123439732,0.19659979589123985,-0.004805530727363561,0.017832885798440664
209,6.9666667,approach,unknown_no_ground_truth,0.5759069739553292,-0.08770580746358508,0.13499674462540567,0.01414289492884928,1.4797223963699204,0.8740167,1.6354263,-2.5688717,0.19793910120493935,10.721453683952003,0.02496029048325386,0.19635903769577503,-0.004545116833563761,0.013392661794345666
210,7.0,approach,unknown_no_ground_truth,0.5762126576760536,-0.08749160232616321,0.13483490220580088,0.01114879702614622,1.1479751194233463,0.8740093,1.4581865,-3.2329838,0.19782796579782885,10.732167391805744,0.02480963371519886,0.19626611048936748,-0.005123638235900515,0.009901717343866419
211,7.0333333,approach,unknown_no_ground_truth,0.5764808844938779,-0.08742848706320981,0.13461445634588673,0.010777971929429418,1.1479751194233463,0.8740093,1.3643447,-3.5846064,0.19785476065374982,10.73542138149667,0.024618714904895554,0.1963171545988381,-0.006905712111780961,0.008275011730551821
212,7.0666666,approach,unknown_no_ground_truth,0.576697198226118,-0.08747374828480847,0.13430463035920684,0.012567344934820375,1.1479751194233463,0.8740093,1.5474908,-2.898363,0.19797600134550378,10.754369399604228,0.024349253317529553,0.19647292681597045,-0.009218225204545526,0.00854180793445023
213,7.1,approach,unknown_no_ground_truth,0.5769074259611383,-0.0875799915683251,0.1339094351518184,0.015649314384492404,1.1479751194233463,0.8740093,1.5304866,-2.9620776,0.1981593015342816,10.78919302949452,0.024004167104932396,0.19670004765162827,-0.010361137895063072,0.01172808007408582
214,7.133333,approach,unknown_no_ground_truth,0.5772721908902754,-0.08775981030819868,0.13348243872273038,0.019715394477051687,1.2993095729514326,0.8740093,1.5113341,-3.0338416,0.19845990537380995,10.829450212176916,0.02365851140601864,0.1970446875179153,-0.008972950130422498,0.017555140140218507
215,7.1666665,approach,unknown_no_ground_truth,0.5778636544678103,-0.08800026974261516,0.13311160593099067,0.024397787398463107,2.78452745523351,0.8740093,1.658818,-2.4812236,0.19888168687919125,10.907248091365378,0.023405970962022907,0.197499584554595,-0.00533857121320544,0.02380654715287665
216,7.2,approach,unknown_no_ground_truth,0.5786716518465791,-0.08830186937151807,0.13285534951730435,0.02799543513594333,4.425057981479715,0.8740093,1.5212102,-2.996836,0.19941973099676155,11.073114456529566,0.023302606975260744,0.19805357259836864,-0.00121270273190386,0.027969156950734913
217,7.233333,approach,unknown_no_ground_truth,0.5795774672989997,-0.088621840350994,0.13271185882266426,0.02797704816096131,4.425057981479715,0.8740093,1.5532243,-2.87688,0.19999978961379203,11.315722659128417,0.023325124185190733,0.19863497785462284,0.0014261999100309152,0.027940672461796198
218,7.266667,approach,unknown_no_ground_truth,0.5804202400381552,-0.08891120183662546,0.13263220063814174,0.023794370266366768,4.425057981479715,0.8740093,1.5771328,-2.7872956,0.20053091306800233,11.492686692803836,0.023397674508942118,0.19916123097495733,0.0016560691970195693,0.02373666975773227
219,7.3,approach,unknown_no_ground_truth,0.5810700626350063,-0.08913483817418776,0.1325522791829852,0.01717864873547079,4.425057981479715,0.8740093,1.5004008,-3.0748084,0.20094384577209545,11.613697795099181,0.023435543746176724,0.19957255433300625,0.00038040390454101975,0.017174436388018736
220,7.3333335,approach,unknown_no_ground_truth,0.5814955551438172,-0.08926753329380765,0.13246395949946144,0.011486837750102789,1.4305933023008388,0.8740093,1.4037274,-3.4370406,0.2012042409668407,11.657219040762552,0.023423034746671803,0.19983620299209726,-0.000446084214913188,0.011478172780124534
221,7.366667,approach,unknown_no_ground_truth,0.5817961921199262,-0.08932341521272014,0.13239863445959066,0.00995972848783819,1.4305933023008388,0.8740093,1.5446059,-2.9091733,0.20135282689625753,11.672893399518095,0.02340580482498632,0.19998782262830128,0.0002979720692335161,0.009955270171994945
222,7.4,approach,unknown_no_ground_truth,0.5821500275417562,-0.08934822542703505,0.13238633323079932,0.012136927635196856,1.4305933023008388,0.8740093,1.6147181,-2.6464646,0.20148520982916315,11.698708337361925,0.023442899533605795,0.200116766517349,0.002474694233953748,0.01188195694616174
223,7.4333334,approach,unknown_no_ground_truth,0.5826026010683232,-0.08935642189002566,0.13245610572045965,0.015403057022542927,1.3118060348563527,0.8740093,1.6042542,-2.6856723,0.2016276177453091,11.735809410874197,0.023570784293735686,0.20024513568480676,0.005350645340079183,0.014443848520543198
224,7.4666667,approach,unknown_no_ground_truth,0.5831506862683888,-0.08936428668656,0.13261630111988612,0.017386534156262706,1.2520177322131578,0.8740093,1.5811272,-2.7723289,0.20179470441150885,11.784386249106628,0.023799608905438807,0.20038633023356756,0.0076318460840076145,0.015621987559747558
225,7.5,approach,unknown_no_ground_truth,0.5836997693063717,-0.08936300199572238,0.13282986266909247,0.015964958931315734,1.2520177322131578,0.8740093,1.490689,-3.111198,0.20195167297250746,11.828919457880692,0.02407957357979821,0.20051097813488836,0.007854513001169898,0.013899156060461047
226,7.5333333,approach,unknown_no_ground_truth,0.5841343728952559,-0.08935413370728942,0.13302257090326408,0.011557664892812123,1.2520177322131578,0.8740093,1.44683,-3.2755363,0.20206819930750514,11.849159658730896,0.024323242639432505,0.20059894575715223,0.006023178120967719,0.00986412404107114
227,7.5666666,approach,unknown_no_ground_truth,0.5844022461929224,-0.08936743352385484,0.13314639500338654,0.006320974709197982,0.6432050798306909,0.8740093,1.4382931,-3.307524,0.2021580168333197,11.859966747637682,0.02448111843044924,0.20067022352699734,0.003536163370665443,0.005239300515363147
228,7.6,approach,unknown_no_ground_truth,0.5845062237952834,-0.08943974987437708,0.1332013808665185,0.002353083440421087,0.6432050798306909,0.8740093,1.4469477,-3.2750955,0.20225615726108748,11.862081285130973,0.02455898665430873,0.20075958090346582,0.001109945034381697,0.002074855102949445
229,7.633333,approach,unknown_no_ground_truth,0.584517259191733,-0.08946367216559686,0.13319242745364238,0.0026562260982828058,0.6432050798306909,0.8740093,1.4726245,-3.178885,0.202282823956432,11.858172065880337,0.024555114700210906,0.20078691991723052,-0.0014977749604835543,0.0021936743725875056
230,7.6666665,approach,unknown_no_ground_truth,0.5845133300317078,-0.08928152400811831,0.1331221851379194,0.012563790154286724,0.6432050798306909,0.8740093,1.4700795,-3.188421,0.20211327124768433,11.850222872403013,0.024459135079153968,0.2006278273959515,-0.004997638472420421,0.011527030525678992
231,7.7,approach,unknown_no_ground_truth,0.5845485127297545,-0.08865714794589998,0.13296861732175091,0.027135699306614663,0.7616036904751076,0.8740093,1.496122,-3.0908408,0.20154264009108566,11.829123682652712,0.024221939098607814,0.20008181686797086,-0.009400052827716507,0.025455553101340116
232,7.733333,approach,unknown_no_ground_truth,0.5846376127427555,-0.08752010754638773,0.13272898073169934,0.04300073180997672,2.943416641714822,0.8740093,1.5906653,-2.7365897,0.2005101597598029,11.774516995676054,0.023832465448435678,0.19908876853692878,-0.014125097659705498,0.040614585462581364
233,7.766667,approach,unknown_no_ground_truth,0.584772129363113,-0.08585715254728227,0.13239568741513127,0.05673579979538066,4.668259190785079,0.8740093,1.5503966,-2.8874755,0.1990030367898221,11.700426264206524,0.02328024396503542,0.1976366334779555,-0.018469787665077803,0.05364529729648682
234,7.8,approach,unknown_no_ground_truth,0.5849302029193173,-0.08382312678829967,0.1319851538217318,0.06415904927851926,4.668259190785079,0.8740093,1.4125569,-3.4039567,0.19716199108065569,11.609126449057195,0.022601154209776236,0.1958622948790156,-0.021299214420508666,0.06052046818550447
235,7.8333335,approach,unknown_no_ground_truth,0.585086051075527,-0.08168058459046226,0.13152808212852984,0.062449530097164974,4.694847370942674,0.8740093,1.3344351,-3.6966767,0.19522611549656085,11.526722168045614,0.021860297600890137,0.193998359685532,-0.02166782561858012,0.05857003621579482
236,7.866667,approach,unknown_no_ground_truth,0.5852117266969226,-0.07976952347759436,0.1310784580055695,0.05256645695568156,4.694847370942674,0.8740093,1.3555461,-3.6175745,0.19350264577242793,11.438427042205152,0.021156633787632783,0.1923425869840211,-0.019596612586725952,0.04877709679756777
237,7.9,approach,unknown_no_ground_truth,0.5852948115471279,-0.07828841342877024,0.13067332784354058,0.03823323556516081,4.694847370942674,0.8740093,1.3826376,-3.5160635,0.1921695433871516,11.33832935817157,0.020553857924631824,0.19106719323327168,-0.01596187538637346,0.03474188877897923
238,7.9333334,approach,unknown_no_ground_truth,0.5853323465921869,-0.0773328876072962,0.13034018552731144,0.02375557123593634,3.953924099690811,0.8740093,1.3507347,-3.6356027,0.1913111897415919,11.21217612624739,0.020092509709047177,0.19025315338762516,-0.011810375268411503,0.020611700579159887
239,7.9666667,approach,unknown_no_ground_truth,0.5853361067453842,-0.07681912677097413,0.13008374520209365,0.011811380432013917,3.5819251872904663,0.8740093,1.3017173,-3.8192697,0.1908507654184828,11.131641520946829,0.01976650027422831,0.18982439286806552,-0.007733364494973654,0.00892769742417619
240,8.0,approach,unknown_no_ground_truth,0.5853165429977147,-0.07667016715228105,0.12991522736225042,0.004333185766284092,2.7873267182365358,0.8740093,1.2877675,-3.8715389,0.1907178099276147,11.086632511181786,0.019576952534944313,0.18971037386772058,-0.004210501066166254,0.0010238064548242984
241,8.033334,approach,unknown_no_ground_truth,0.585289286373964,-0.07671170640522304,0.12981968350906212,0.0031565186690715344,1.6043989235971308,0.8740093,1.4112303,-3.4089274,0.19075507530129407,11.067297270216262,0.01948578634046891,0.189757220900539,-0.0017470278574551652,0.0026289739012536326
242,8.066667,approach,unknown_no_ground_truth,0.5852649484001871,-0.07682334206604849,0.1297804761414246,0.0029914851914930375,0.8337639643621242,0.8740093,1.3623993,-3.5918956,0.19085456259366546,11.059021104181536,0.019460482260265595,0.1898598264326007,-0.00040546569902954934,0.002963879420258627
243,8.1,approach,unknown_no_ground_truth,0.585252529355567,-0.07690099995623001,0.1297687955188518,0.0016382673933608076,0.25250421215717267,0.8740093,1.3288916,-3.717448,0.19092406632377,11.055326278641191,0.019458755971806678,0.1899298710514831,7.865773625495372e-05,0.0016363780164364411
244,8.133333,approach,unknown_no_ground_truth,0.5852507478301736,-0.0769312723782807,0.12977163245920517,0.0004855323426667947,0.11376795684010016,0.8740093,1.3360465,-3.690639,0.19095160881772785,11.054943066475332,0.01946572587795272,0.18995684358854503,0.00018239670403094848,0.00044997010804513713
245,8.166667,approach,unknown_no_ground_truth,0.585253291818451,-0.0769324492224763,0.1297764144995262,0.00021756930572631954,0.11376795684010016,0.8740093,1.3732986,-3.5510561,0.19095319241583933,11.05507925437175,0.01947091566714446,0.18995790359151554,0.00016943808863642117,0.00013648126946020462
246,8.2,approach,unknown_no_ground_truth,0.585254845110646,-0.07694147455211059,0.12978109333567645,0.0008402736065572694,0.11376795684010016,0.8740093,1.4193815,-3.378385,0.19096180467927018,11.055570072501371,0.019477021735946495,0.18996593502694423,0.00030340536801477704,0.0007835846581809642
247,8.233334,approach,unknown_no_ground_truth,0.5852526274307934,-0.07698703123605076,0.12978900477690963,0.002109352641952981,0.11376795684010016,0.8740093,1.4122341,-3.4051664,0.19100312132813,11.05574528733164,0.019491142879295542,0.1900060201844858,0.0006392886223118178,0.0020101439315374104
248,8.266666,approach,unknown_no_ground_truth,0.5852468034814073,-0.07707981214865961,0.12980502220105106,0.003492104089164934,0.16166023313882394,0.8740093,1.4331553,-3.326775,0.1910868384251002,11.057719938711916,0.01951964054788148,0.19008725220851042,0.001068456082118264,0.0033246342009530827
249,8.3,approach,unknown_no_ground_truth,0.5852386011369862,-0.07721587364291017,0.12982942715279022,0.00508427833844697,0.41196112922367445,0.8740093,1.4548206,-3.2455957,0.1912096676131637,11.063324544688497,0.019562373601706165,0.1902063367183223,0.0015201709964823124,0.004851697266344537
250,8.333333,approach,unknown_no_ground_truth,0.5852238997142976,-0.0774131934210073,0.12986176116535558,0.007619199103256657,0.6275468622292284,0.8560451,1.491071,-3.1097667,0.1913871287715055,11.071403845606284,0.01962098475247008,0.1903787015838278,0.002205131592619202,0.007293119334982785
251,8.366667,approach,unknown_no_ground_truth,0.5851995055321191,-0.07771585481119987,0.12991006667137428,0.010697063714280967,0.8029304781188321,0.8560451,1.4578246,-3.23434,0.19165889710950812,11.081670920831774,0.019709383064144513,0.19064278916461497,0.003052643084621139,0.010252245720099633
252,8.4,approach,unknown_no_ground_truth,0.5851639519304033,-0.07811508937170332,0.1299727051878869,0.01331471341287725,0.9111912092027441,0.8177974,1.4466562,-3.2761874,0.19201649345054378,11.09237929150638,0.01982449335555856,0.19099037467955848,0.003718704361500141,0.01278486727106751
253,8.433333,approach,unknown_no_ground_truth,0.5851176382200596,-0.07858957491254887,0.13004360125461056,0.015385842238087822,0.9111912092027441,0.8177974,1.4317447,-3.3320606,0.19244065372597824,11.10600580799447,0.019957296935581882,0.19140300808897145,0.004155163905497267,0.01481414034946949
254,8.466666,approach,unknown_no_ground_truth,0.5850615602888891,-0.07912524717369929,0.13011830339364538,0.016941555719181368,0.9111912092027441,0.8177974,1.4696194,-3.1901453,0.19291898079057213,11.1241374389563,0.020101503714622423,0.1918688684953454,0.004420468453899256,0.01635468644866689
255,8.5,approach,unknown_no_ground_truth,0.5849991874115348,-0.07970266481876097,0.1301940292477546,0.01759059469348099,0.9707769267674665,0.8177974,1.4657451,-3.204662,0.19343469772947006,11.13768929529562,0.020251994708784,0.1923716169189385,0.004485260357303707,0.01700915815663789
256,8.533334,approach,unknown_no_ground_truth,0.5849375413508319,-0.08028182222762809,0.1302674021610148,0.016928155832205798,1.257753241553315,0.8177974,1.4775703,-3.1603534,0.1939528683896855,11.150089507846706,0.020400525083153258,0.19287699119625,0.00428065236090016,0.016377987521199393
257,8.566667,approach,unknown_no_ground_truth,0.5848837666574862,-0.08081647425301927,0.13033445020397283,0.015519628335393065,0.9707769267674665,0.8177974,1.4701117,-3.1883004,0.19443265784295924,11.16190859179571,0.020537371617467687,0.19334496322098307,0.003919949749968904,0.015016419600772152
258,8.6,approach,unknown_no_ground_truth,0.5848370658088649,-0.08130363182633549,0.13039502948132886,0.01402371336294332,0.7828133397043772,0.80981994,1.5075165,-3.0481458,0.194870905269392,11.174160582318878,0.020661854441015513,0.19377243738873348,0.0036221447475744137,0.013547863444603143
259,8.633333,approach,unknown_no_ground_truth,0.5847998846744183,-0.08173987350859094,0.1304542972767573,0.011808763474543267,0.7653786444665869,0.80981994,1.5435971,-2.912953,0.19526472373093184,11.18575602278479,0.020778847940484485,0.1941559986505268,0.0032399968173357266,0.011355585208229541
260,8.666667,approach,unknown_no_ground_truth,0.5847759776818446,-0.08208037271538561,0.13050772499369712,0.008690693494024935,0.7653786444665869,0.80981994,1.5616565,-2.845285,0.19557340128652254,11.196237762929911,0.020877853485663053,0.1944558318092064,0.002582618963783613,0.00829808608626065
261,8.7,approach,unknown_no_ground_truth,0.5847644831476606,-0.08231026015384393,0.13054963643203263,0.005539557519361447,0.6029558248817621,0.80981994,1.6029897,-2.6904106,0.19578296712114127,11.2058101284171,0.020951023135594864,0.19465873945017126,0.001804653517802115,0.0052373584172747244
262,8.733334,approach,unknown_no_ground_truth,0.584761448049348,-0.08244255304676748,0.13057841636768208,0.0029614489170712035,0.4410374041428976,0.80981994,1.5808513,-2.7733624,0.19590442097039878,11.210812712749657,0.020998162838163845,0.19477581809138725,0.001110225294182172,0.002745465258308747
263,8.766666,approach,unknown_no_ground_truth,0.584765028339792,-0.08250204944807951,0.13059649689999608,0.0010639335485224375,0.4394554307298374,0.80981994,1.5802993,-2.775431,0.19596029218473804,11.212331408097699,0.02102503868693937,0.19482911451151394,0.00056138316281665,0.0009037718407748277
264,8.8,approach,unknown_no_ground_truth,0.5847731144589081,-0.08250708370464982,0.13060544178706843,0.0003106185609114907,0.2781095125010499,0.80981994,1.5897403,-2.7400558,0.19596702692664547,11.21262927622201,0.02103558785698193,0.19483474968798503,0.00020247884905712715,0.00023555510197664276
265,8.833333,approach,unknown_no_ground_truth,0.5847803409045982,-0.08249614849899073,0.13060912709847228,0.00019239182818037785,0.16392140607783748,0.80981994,1.5832592,-2.7643402,0.19595882839368245,11.213430452144564,0.021038537503996632,0.19482618500888838,0.0001454963415796386,0.00012587863256934896
266,8.866667,approach,unknown_no_ground_truth,0.5847813843335132,-0.08251282089509064,0.1306133921316362,0.0008493792669279408,0.1589655369509403,0.80981994,1.5380825,-2.933616,0.19597455783907544,11.214339990011178,0.021045287690001253,0.1948412769057579,0.00029894808259040007,0.0007950315610103598
267,8.9,approach,unknown_no_ground_truth,0.5847802889334794,-0.08255146576472297,0.13062122434575302,0.00123444328168742,0.09150168839082716,0.80981994,1.5694723,-2.8159993,0.1960100162773018,11.215422957932624,0.021058467195789084,0.1948755178066039,0.0004145306345435983,0.001162761613026543
268,8.933333,approach,unknown_no_ground_truth,0.5847788050892322,-0.08259339917053621,0.13062991963110038,0.0011950655387880735,0.08364524076761788,0.80981994,1.5455709,-2.9055574,0.19604838252925397,11.216894890739301,0.021072923053227173,0.1949125450204,0.0003918306049595726,0.0011290041713899219
269,8.966666,approach,unknown_no_ground_truth,0.584776450675781,-0.08262951509628857,0.13063675046018,0.0009660784680064577,0.06901556035737123,0.80981994,1.5423311,-2.9176965,0.19608112302795697,11.218850873087089,0.021084589313592157,0.19494421484461125,0.0002880794493455021,0.0009221268010477174
270,9.0,approach,unknown_no_ground_truth,0.5847723489147894,-0.0826565218452527,0.13064095761666347,0.0006988369053043622,0.06500840425786406,0.80981994,1.5257154,-2.9799552,0.19610490518699852,11.218908606534656,0.021092128190874755,0.19496732025337318,0.00018811000772330852,0.0006730435685820904
271,9.033334,approach,unknown_no_ground_truth,0.5847687491599632,-0.08267492101197783,0.13064379279417254,0.0004497499098921386,0.06850283571628929,0.80981994,1.5122124,-3.0305505,0.1961208463587843,11.218923738198589,0.021097130149009262,0.19498281328353442,0.00010620577767890798,0.0004370301067839666
272,9.066667,approach,unknown_no_ground_truth,0.5847652369994835,-0.0826853931439215,0.1306448151083897,0.00026089470608182583,0.06500840425786406,0.80981994,1.4963925,-3.0898273,0.19612948347411435,11.218652061900533,0.02109920867551688,0.1949912759102055,9.313308437102258e-06,0.00026072842182523506
273,9.1,approach,unknown_no_ground_truth,0.5847603525775836,-0.08269014365183544,0.13064326330047862,0.00019683697970980158,0.06500840425786406,0.80981994,1.4760603,-3.1660113,0.1961324708643921,11.21857571771052,0.021097750911896175,0.19499443846897582,-2.5005717691991864e-06,0.00019682109572427423
274,9.133333,approach,unknown_no_ground_truth,0.584757890170688,-0.08269623530050377,0.13064399652842226,0.00024687365878331717,0.06756514274608555,0.7801629,1.524516,-2.9844494,0.19613734768781504,11.218842936745997,0.021099041914824493,0.19499920407090723,0.00013347872330527703,0.00020767771624768751
275,9.166667,approach,unknown_no_ground_truth,0.5847613180374946,-0.08270513872865332,0.13064997843468099,0.0004109835797089157,0.06756514274608555,0.7801629,1.4827244,-3.141041,0.19614641823291043,11.218851922166907,0.021106649643110202,0.19500750428238092,0.0003164235632909014,0.00026226633673547125
276,9.2,approach,unknown_no_ground_truth,0.5847726073320898,-0.08271156486171621,0.13066129106842067,0.0006052657706150279,0.06850283571628929,0.7801629,1.4820975,-3.1433902,0.1961553413994559,11.219029564585577,0.02112013665329572,0.19501501938897736,0.00047050769919796954,0.00038074815570615254
277,9.233334,approach,unknown_no_ground_truth,0.584789850805441,-0.08271502909368186,0.13067674176884914,0.0006776011415139502,0.06850283571628929,0.7801629,1.4866955,-3.1261613,0.1961631248309568,11.220606738356159,0.021138016896255628,0.19502091114836673,0.0005212550943989489,0.0004329392954493172
278,9.266666,approach,unknown_no_ground_truth,0.5848055164934498,-0.08271934188599547,0.13069124348447153,0.0005974724731618421,0.06756514274608555,0.7801629,1.5643486,-2.8351977,0.19617126199573764,11.223041524189252,0.02115488701126201,0.19502726678221452,0.00046372528047524677,0.0003767389287481212
279,9.3,approach,unknown_no_ground_truth,0.5848169079338009,-0.08272844208234087,0.13070271362006916,0.0006851334522040694,0.08603414960181735,0.7801629,1.5374148,-2.936118,0.19618272997940508,11.225144696508782,0.021168931782055502,0.19503727815312344,0.0005243460926627214,0.00044098641978909355
280,9.333333,approach,unknown_no_ground_truth,0.5848350888592622,-0.08273880112817107,0.13072010606014856,0.0011615763669280885,0.09105568228672774,0.61028636,1.5657135,-2.8300834,0.19619717928631195,11.226399717591008,0.021189843210229514,0.1950495416673188,0.0008868475337506809,0.0007501740518614276
281,9.366667,approach,unknown_no_ground_truth,0.5848735712495852,-0.08274342669040669,0.13075332514505633,0.002085624307416902,0.12279814239326023,0.61028636,1.5527967,-2.878482,0.19621174013606849,11.227696583449713,0.021228055366979724,0.19506003340654002,0.001530084117591744,0.0014172760298480065
282,9.4,approach,unknown_no_ground_truth,0.5849414974324116,-0.08274307733483999,0.13080949948864806,0.0031519574581709365,0.1777600379749885,0.61028636,1.5224386,-2.992233,0.19622963244672298,11.23146967119608,0.021291848011515645,0.19507107899027604,0.002285597046273482,0.0021704566248108544
283,9.433333,approach,unknown_no_ground_truth,0.5850352293463841,-0.08274266589419987,0.13088756823044978,0.00410193072955908,0.391589800651823,0.61028636,1.5650301,-2.832644,0.19625441112004904,11.241167397212024,0.02138042904468823,0.1950863171469037,0.0029663127945113964,0.002833165034942207
284,9.466666,approach,unknown_no_ground_truth,0.5851520216211095,-0.0827396250743317,0.13098399466396432,0.00476291038014496,0.407724703729772,0.61028636,1.5814565,-2.7710946,0.19628306841608634,11.25241110589051,0.021489601442706004,0.19510315214436616,0.003432110584345231,0.003302413091380006
285,9.5,approach,unknown_no_ground_truth,0.5852798184198834,-0.08273485006222625,0.1310899015154982,0.00484091733014015,0.407724703729772,0.61028636,1.651974,-2.506868,0.19631316431896678,11.26203261969003,0.021609236475491463,0.19512021777322808,0.003489896358969647,0.003354862739502412
286,9.533334,approach,unknown_no_ground_truth,0.5854005764700433,-0.08273200410093373,0.13118970914917766,0.004450066553270608,0.407724703729772,0.61028636,1.6509726,-2.51062,0.19634331411185407,11.269941655252882,0.021722264321147523,0.19513800303679546,0.003210018513716593,0.0030820242487907957
287,9.566667,approach,unknown_no_ground_truth,0.5855084140620987,-0.08272921152181144,0.13127891509134548,0.00414345579238158,0.407724703729772,0.61028636,1.6609832,-2.4731107,0.19637009810149722,11.278382976818508,0.021823237873169157,0.1951536874289664,0.002994177073444285,0.002864110604756926
288,9.6,approach,unknown_no_ground_truth,0.5856131660395127,-0.08272724815773089,0.13136602150514043,0.004202996057475351,0.407724703729772,0.5832884,1.6790789,-2.4053063,0.1963968811503265,11.286689760059664,0.02192187584620596,0.19516958340110022,0.003060597868234405,0.0028806104471296285
289,9.633333,approach,unknown_no_ground_truth,0.585723302235347,-0.08272920492525918,0.13145873367589658,0.004378280366237855,0.391589800651823,0.5832884,1.6739961,-2.4243517,0.19642884325905943,11.294536887508839,0.022027277365619963,0.19518988066995221,0.0032148427979464583,0.002972225555013562
290,9.666667,approach,unknown_no_ground_truth,0.5858361223829327,-0.08273380863667015,0.13155428823561321,0.004300991729601687,0.39023169344220593,0.5832884,1.6405953,-2.5495033,0.19646409291645672,11.303721212370188,0.022136198573033977,0.19521303367916126,0.0031714444112401555,0.002905248733674226
291,9.7,approach,unknown_no_ground_truth,0.5859417296245067,-0.08273831642758332,0.13164426580014607,0.00389627783675821,0.3853637058500972,0.5832884,1.6778797,-2.4097998,0.19649733442673417,11.313462822913353,0.02223870699755697,0.19523483897063204,0.0028816858240008785,0.0026223782703808417
292,9.733334,approach,unknown_no_ground_truth,0.586033555770731,-0.08274342523527026,0.1317228058358927,0.003203717957787031,0.3658164529515577,0.5832884,1.6185179,-2.632227,0.19652741086689762,11.321899897293065,0.022328310386177008,0.19525488413185707,0.0023862273721299695,0.0021376921390941226
293,9.766666,approach,unknown_no_ground_truth,0.5861033109078393,-0.08275093698091616,0.1317833679950121,0.002283254247103539,0.2505173225169741,0.5832884,1.6640139,-2.4617548,0.19655365789349505,11.327433393520574,0.022397789269124613,0.19527334551128317,0.0017133856220832436,0.0015091585956932309
294,9.8,approach,unknown_no_ground_truth,0.5861480292305117,-0.08275771227487481,0.13182211020380014,0.0013673709273665504,0.13921830709483313,0.5806662,1.6795661,-2.4034808,0.19657235331115658,11.330336634652841,0.02244253525505649,0.19528702644469684,0.001032921091868428,0.0008959783875633357
295,9.833333,approach,unknown_no_ground_truth,0.5861713090862444,-0.08276329426425733,0.1318428110559936,0.0006462656380075408,0.07521869841913183,0.5806662,1.6355383,-2.5684516,0.19658398841085706,11.332277373589893,0.022466651222523764,0.19529596535096533,0.0005013274854902879,0.00040783578455216385
296,9.866667,approach,unknown_no_ground_truth,0.5861781569439694,-0.08276981999468758,0.13185042857838264,0.0002676650478696844,0.06423991075376671,0.5806662,1.6400362,-2.5515983,0.19659190040551394,11.332479050258534,0.022475956609095862,0.1953028588617114,0.00019045599169390865,0.0001880720422576685
297,9.9,approach,unknown_no_ground_truth,0.5861782424599695,-0.08277626460706741,0.131852916764264,0.00018969732459209597,0.034810428562846836,0.5806662,1.630987,-2.5855052,0.19659782060584485,11.33249465086483,0.022479348468435446,0.19530842777361815,3.4994391095109366e-05,0.00018644159286297025
298,9.933333,approach,unknown_no_ground_truth,0.586173401690329,-0.08278146944737769,0.1318516981325957,0.00016763540617171363,0.03059409688407076,0.5806662,1.6200981,-2.6263058,0.19660117778712335,11.332608952776518,0.02247828941621509,0.19531192900641003,-1.6204600864148465e-05,0.00016685035305083728
299,9.966666,approach,unknown_no_ground_truth,0.5861707627949839,-0.08278445969058175,0.13185157797309657,0.00011401402023305088,0.03059409688407076,0.5806662,1.5937388,-2.7250733,0.1966031152101708,11.333257810502113,0.02247826815577063,0.195313881665029,8.473384464003275e-05,7.628481095356616e-05
300,10.0,approach,unknown_no_ground_truth,0.5861736574540457,-0.08278731085387515,0.1318565548636903,0.00026343523159062186,0.03059409688407076,0.5806662,1.5614705,-2.8459818,0.19660642899495037,11.333440623382739,0.022483938473920467,0.19531656466579433,0.0002227907645649962,0.00014057879095990622
301,10.033334,approach,unknown_no_ground_truth,0.5861812572069849,-0.08279001958653676,0.13186451625905946,0.0004581336430791956,0.048702461788851556,0.5806662,1.6012496,-2.6969306,0.19661098129902316,11.333440623382739,0.022493121072660466,0.19532008978027696,0.0003589430431436576,0.00028468636549681503
302,10.066667,approach,unknown_no_ground_truth,0.5861955440706659,-0.08279117660155955,0.13187750356547567,0.000789967216686325,0.06423991075376671,0.5806662,1.6438423,-2.5373368,0.19661597383572452,11.334594804049287,0.022507867850838966,0.19532341654850163,0.0005844718332739398,0.000531451671884226
303,10.1,approach,unknown_no_ground_truth,0.586221334067535,-0.08279276365091129,0.13189857347453454,0.0011819095393529387,0.0837359872157279,0.5806662,1.5911641,-2.7347207,0.19662467789177424,11.336334670487478,0.022532086072641903,0.1953293860463884,0.0008603051640586259,0.0008104228426614942
304,10.133333,approach,unknown_no_ground_truth,0.586256403532472,-0.08279524398853821,0.13192738356484754,0.0013671272944649193,0.0837359872157279,0.5806662,1.6289538,-2.5931237,0.19663681450925247,11.33729903677145,0.022565221241356806,0.19533777824751355,0.0010117899256218775,0.0009194118694475541
305,10.166667,approach,unknown_no_ground_truth,0.5862905427062228,-0.0827958773226432,0.1319577957342296,0.0011664182886194062,0.10831276308557668,0.5806662,1.6806169,-2.3995438,0.19664680674962995,11.33729888488689,0.022599538681117488,0.19534386976874135,0.0009081408503251318,0.0007319916802782467
306,10.2,approach,unknown_no_ground_truth,0.5863115370528407,-0.0827931597000838,0.1319821815080163,0.0007305386881815086,0.13327622311982523,0.5806662,1.6806479,-2.3994277,0.19664965848773222,11.33729888488689,0.022625764161219773,0.1953437047346614,0.0006218393268740642,0.0003834092154379839
307,10.233334,approach,unknown_no_ground_truth,0.5863171854396347,-0.08278782405550966,0.1319977607160987,0.00036435547038789104,0.1463571024230355,0.5806662,1.6880851,-2.3715606,0.19664550007262013,11.33729888488689,0.022640994259390784,0.19533775384640079,0.0002453742964999145,0.0002693443213040761
308,10.266666,approach,unknown_no_ground_truth,0.58630461177937,-0.08278041166035283,0.13200166361542462,0.00047411361682001896,0.1463571024230355,0.5806662,1.7189726,-2.2558262,0.19663406408645792,11.333468224375029,0.02264212285823707,0.19532611047074516,2.2534733899091087e-05,0.000473577773361733
309,10.3,approach,unknown_no_ground_truth,0.5862913689774403,-0.08277115609256318,0.13200515882250763,0.0004773309497429722,0.1830850590606273,0.5801565,1.6812117,-2.397315,0.19662069911440294,11.330518199801237,0.022642496529214906,0.19531261267813985,0.0003287873633547959,0.00034604003421674965
310,10.333333,approach,unknown_no_ground_truth,0.5863024232396459,-0.08276144048925241,0.13202711793724267,0.0012838280721907695,0.328687547676619,0.5801565,1.6831772,-2.3899503,0.19661381223418942,11.33012864278405,0.022664041411915532,0.19530318069130384,0.001019464125754564,0.0007803251983913824
311,10.366667,approach,unknown_no_ground_truth,0.5863438301692518,-0.0827529104975919,0.13207027768651003,0.0021916726581764434,0.328687547676619,0.5801565,1.5357776,-2.9422524,0.1966168092396398,11.32992731677213,0.022710461428392004,0.1953008054701425,0.0016589335421724844,0.0014322599426267746
312,10.4,grasp_lift,unknown_no_ground_truth,0.586407376458253,-0.08274878111376319,0.13212797871597226,0.0027146100651942134,0.1463571024230355,0.38809073,1.3226328,-3.7408998,0.1966304273002153,11.330505592118387,0.022774636390693995,0.19530704257024864,0.002006661537132758,0.0018282279074135505
313,10.433333,grasp_lift,unknown_no_ground_truth,0.5864789514559676,-0.082743637294525,0.1321903103821135,0.0027332845940210796,0.08727681306438552,0.38809073,1.4157839,-3.3918653,0.19664552061061552,11.3369335423207,0.02284423886915152,0.19531410990174047,0.001994688733567812,0.0018687058431145914
314,10.466666,grasp_lift,unknown_no_ground_truth,0.5865446838792466,-0.08273737596945652,0.13224722798300131,0.0022332284475910067,0.08059519158739566,0.38809073,1.4544442,-3.2470064,0.19665799797316644,11.338284646171997,0.022907615713655363,0.19531924971474118,0.0016315851397859294,0.0015248735130362343
315,10.5,grasp_lift,unknown_no_ground_truth,0.5865908720108424,-0.08273372794765903,0.13228798913021542,0.0014042711352269548,0.07510569609481185,0.38809073,1.4425459,-3.2915888,0.19666744450493054,11.339337928339805,0.02295301057083671,0.1953234318606833,0.0010314372333155026,0.0009529504997438543
316,10.533334,grasp_lift,unknown_no_ground_truth,0.5866147856435736,-0.08273152598763836,0.1323090025699909,0.000814382556595677,0.07006810995091083,0.38809073,1.3779387,-3.53367,0.19667205439874047,11.340738673863287,0.022976379118338754,0.19532532601798336,0.0005863743304608696,0.0005651407727848682
317,10.566667,grasp_lift,unknown_no_ground_truth,0.5866328527370777,-0.08273319627305567,0.1323224130367238,0.0005283638443756036,0.07006810995091083,0.38809073,1.3891548,-3.4916437,0.19667883228963148,11.340729466609346,0.022992102397092293,0.19533030051216993,0.00040351549598437647,0.0003410917714396666
318,10.6,grasp_lift,unknown_no_ground_truth,0.5866407048995753,-0.08273298057543352,0.13233281010921344,0.0002732133999296709,0.07006810995091083,0.27264592,1.4135615,-3.4001927,0.19668059874888943,11.340712009183065,0.023003279972921613,0.1953307631549855,0.0002503944671523762,0.00010930769744445221
319,10.633333,grasp_lift,unknown_no_ground_truth,0.5866360323153199,-0.08272847787082852,0.13233971591941118,0.0005090300797234589,0.08727681306438552,0.27264592,1.3665304,-3.5764165,0.1966743502940798,11.34067249422285,0.023008795530416598,0.19532382187495181,-2.493121134744824e-05,0.0005084191742686538
320,10.666667,grasp_lift,unknown_no_ground_truth,0.586609748496097,-0.08271976768428477,0.13233714238685657,0.0007989592708757732,0.23428493680308535,0.27264592,1.33523,-3.6936984,0.1966574926228275,11.337201121204082,0.02300161750780808,0.1953076931324569,-0.00016325047597597455,0.0007821030613748836
321,10.7,grasp_lift,unknown_no_ground_truth,0.5865865988766293,-0.0827087144997801,0.13233804634063762,0.001026207875582408,0.460516670960268,0.27264592,1.2266154,-4.100674,0.19663926498860507,11.316056020949233,0.022997912099153986,0.19528977590836247,-0.00022591415827160624,0.0010010321658167586
322,10.733334,grasp_lift,unknown_no_ground_truth,0.5865492575470959,-0.08268792146351556,0.13233446171117286,0.0018629602674913738,0.6005583854823208,0.27264592,1.1632271,-4.338188,0.1966074077044026,11.303431504270035,0.02298655633663328,0.19525903562198593,-0.0005184634813053694,0.0017893620586131383
323,10.766666,grasp_lift,unknown_no_ground_truth,0.586476117840828,-0.08265337822816922,0.13232553627142418,0.003252824913837025,0.7008588367329637,0.27264592,1.18483,-4.257243,0.19655095570477227,11.285007890596464,0.02296334826190087,0.19520492520697832,-0.0008285366286823039,0.00314553603937558
324,10.8,grasp_lift,unknown_no_ground_truth,0.5863520140024816,-0.08259947237510856,0.13231718627828137,0.005038119053676761,0.7986529964087044,0.25137997,1.1133704,-4.5249996,0.19645919153063765,11.268556611088073,0.022931320338955584,0.19511629476900175,-0.0011227972803847393,0.004911412206909684
325,10.833333,grasp_lift,unknown_no_ground_truth,0.586164959734121,-0.08252804973576283,0.13230869440853207,0.006695808953656879,2.3277645155867095,0.25137997,1.1246827,-4.482613,0.19632994913170973,11.20731188755971,0.022888495512930367,0.19499119390171005,-0.0012829797305473137,0.0065717441029666075
326,10.866667,grasp_lift,unknown_no_ground_truth,0.5859369724631495,-0.08243535785800127,0.13230885701104206,0.00746620289771488,2.3277645155867095,0.25137997,0.8971978,-5.3349924,0.19616659956844942,11.121024215734778,0.0228457884190934,0.19483173442167576,-0.001150440484713805,0.007377036830664297
327,10.9,grasp_lift,unknown_no_ground_truth,0.5857084821508117,-0.0823299220315376,0.1323198688875058,0.007098437662781291,2.3277645155867095,0.25137997,0.89088434,-5.3586483,0.19599056189691574,11.025883183990885,0.022811799327094408,0.19465847570586065,-0.0008985576666315227,0.007041335908201627
328,10.933333,grasp_lift,unknown_no_ground_truth,0.5855092252852562,-0.08223447163990003,0.13233379163807998,0.005551343709594787,2.3277645155867095,0.25137997,0.9264909,-5.2252316,0.19583360411665332,10.949330577093267,0.022785884840040502,0.19450348056879213,-0.0005087923112887807,0.005527978596741401
329,10.966666,grasp_lift,unknown_no_ground_truth,0.5853784749401318,-0.08216571414433566,0.13235301310433142,0.0037384877267615992,1.4397900553424574,0.25137997,1.004385,-4.933365,0.19572425961344314,10.910575544988712,0.022777879382395186,0.19439432607993357,-0.0002783548702047283,0.0037281106541223285
330,11.0,grasp_lift,unknown_no_ground_truth,0.585290881487808,-0.08211740208144017,0.13236093509136299,0.0025450310908749054,1.2310042283143838,0.25137997,1.2438734,-4.036009,0.19564923964970535,10.889751824430459,0.022767327770792836,0.19432002923446962,-0.0003531853956414303,0.0025204053899770804
331,11.033334,grasp_lift,unknown_no_ground_truth,0.585227497006734,-0.08208863583795853,0.1323602830303588,0.002060971655122416,0.9034134464067576,0.24731734,1.1617613,-4.3436804,0.19560121209993375,10.876973016514649,0.02275433337348228,0.19427319549462221,-0.00042648614794082025,0.0020163615074764323
332,11.066667,grasp_lift,unknown_no_ground_truth,0.5851637230029292,-0.08206555758283546,0.13235634499665633,0.002214343898188348,0.8116860693695908,0.24731734,1.1011953,-4.5706196,0.19555863694184758,10.856347642011404,0.02273889548070379,0.19423213718350263,-0.0005140883271085762,0.0021538412409865945
333,11.1,grasp_lift,unknown_no_ground_truth,0.585087941482199,-0.08204147189925225,0.13235066933787992,0.002286614781491415,0.8068547056214254,0.24731734,0.9887341,-4.992008,0.195511271738855,10.824687411479061,0.022720060731093825,0.1941866530359896,-0.00042500056358024283,0.002246771390215638
334,11.133333,grasp_lift,unknown_no_ground_truth,0.5850200017021268,-0.0820148003456983,0.13235386710144031,0.0020058162113914817,0.8068547056214254,0.24731734,0.9631957,-5.0877004,0.19546350546831856,10.801358216696295,0.022710561892462892,0.19413967226842638,-0.00021498905206199627,0.00199426136235308
335,11.166667,grasp_lift,unknown_no_ground_truth,0.5849652948661596,-0.0819890046535383,0.13235995431242972,0.0015055647985527533,0.8068547056214254,0.24731734,1.0025195,-4.940355,0.19542075871791253,10.780011645110266,0.022705728252018956,0.19409719947085805,-8.141983094206232e-05,0.0015033616244172785
336,11.2,grasp_lift,unknown_no_ground_truth,0.5849306942560982,-0.08197079400989493,0.13236659692133265,0.00090424291749248,0.3643771332504497,0.24731734,0.99277234,-4.976877,0.19539176102043912,10.770549154061001,0.022705133810370093,0.19406807355492964,-1.030616498127752e-05,0.0009041841830062561
337,11.233334,grasp_lift,unknown_no_ground_truth,0.5849127938647483,-0.08196123545857917,0.13237027293819784,0.00048459111050536455,0.2064659143778435,0.24731734,1.0035536,-4.93648,0.19537661578600987,10.765606073424406,0.022705041166620917,0.19405283585048733,-2.971528723099397e-05,0.0004836791768162053
338,11.266666,grasp_lift,unknown_no_ground_truth,0.5849009865455759,-0.08195864645195548,0.13237028222023248,0.00025743596932906925,0.11945494197790602,0.24731734,0.9663856,-5.0757475,0.19537028283036126,10.76291790659721,0.022703152867229084,0.1940466806289213,-1.762361222499019e-05,0.00025683202019323963
339,11.3,grasp_lift,unknown_no_ground_truth,0.5848957067820306,-0.08196260212003541,0.13237111400838164,0.00014116107372957033,0.1124665900377911,0.24731734,0.99295384,-4.9761972,0.1953722134335102,10.759655102046128,0.02270386631195196,0.19404854092828958,2.593894990941706e-05,0.00013875741282570075
340,11.333333,grasp_lift,unknown_no_ground_truth,0.5848929074512907,-0.08196295065961126,0.13237246510179612,6.419175125046747e-05,0.09111136424612827,0.24731734,0.9826611,-5.014764,0.19537153102559,10.757890153624226,0.022704882143000163,0.19404773500908365,5.109805577665713e-05,3.885318036464362e-05
341,11.366667,grasp_lift,unknown_no_ground_truth,0.5848946044484808,-0.08196107856573483,0.13237495816198525,9.76129607638488e-05,0.09111136424612827,0.24731734,0.99862945,-4.954931,0.19537016564568693,10.757103345561436,0.022707272862346493,0.19404608056742115,5.81739000430545e-06,9.743945855054045e-05
342,11.4,grasp_lift,unknown_no_ground_truth,0.5848888497957077,-0.08195813627649362,0.1323741091141415,0.0004353022245743019,0.09111136424612827,0.24731734,1.008305,-4.918677,0.195365552078988,10.75648332052678,0.02270527011707313,0.19404166987541235,-0.00017515539795708458,0.00039850798396748744
343,11.433333,grasp_lift,unknown_no_ground_truth,0.5848683553529024,-0.08195082786660773,0.13236802231928685,0.0009441636570871258,0.09111136424612827,0.24731734,0.9753117,-5.0423017,0.19535230701810624,10.754066833414292,0.022695595604716873,0.19402946631231965,-0.00041393966590600926,0.0008485864507248258
344,11.466666,grasp_lift,unknown_no_ground_truth,0.584832588763562,-0.08193595455646752,0.13235665729384666,0.0014266206546825837,0.22031274458726663,0.24731734,0.97644347,-5.0380607,0.19532724855118624,10.7484686095792,0.022677674424345866,0.19400633265252,-0.000644060214682581,0.0012729622666167255
345,11.5,grasp_lift,unknown_no_ground_truth,0.5847836637829008,-0.08191759120532249,0.13234030454406467,0.0017389345159158976,0.3047369433319058,0.24731734,0.9822673,-5.016239,0.1952948987662573,10.731958641944507,0.022652658072283765,0.19397668562583212,-0.0007984799384512291,0.0015447728113009301
346,11.533334,grasp_lift,unknown_no_ground_truth,0.5847287600941384,-0.0818980933522845,0.13232164268586388,0.0017825395940018218,0.3047369433319058,0.24648269,0.9508229,-5.134061,0.19525967317688403,10.71659227178612,0.022624441714331305,0.19394451424636477,-0.000824731737919618,0.0015802736992851162
347,11.566667,grasp_lift,unknown_no_ground_truth,0.5846769578097595,-0.08188010389394118,0.1323038284214541,0.0015383754012309985,0.3047369433319058,0.24648269,0.92267317,-5.239537,0.19522684608836352,10.706224361769216,0.02259767599009047,0.1939145855098488,-0.0007215784319534555,0.0013586476517670903
348,11.6,grasp_lift,unknown_no_ground_truth,0.5846368472816955,-0.08186594875009384,0.13228944184012578,0.0010468300586029455,0.3047369433319058,0.24648269,0.9300631,-5.211847,0.19520126188457843,10.698483792817726,0.02257633666392829,0.193891314050343,-0.0004907140785488758,0.0009246906859640008
349,11.633333,grasp_lift,unknown_no_ground_truth,0.5846145372331537,-0.0818578112768915,0.1322819827955568,0.0006003970809967143,0.18410945352299105,0.1490759,0.9575623,-5.108808,0.19518675018525602,10.69376224787619,0.022564961487040514,0.19387802856685418,-0.0002927356076156082,0.0005241970229820997
350,11.666667,grasp_lift,unknown_no_ground_truth,0.5846011615588853,-0.08185373597302881,0.13227604499802853,0.0003484831417343003,0.14043529639757024,0.1490759,0.9450581,-5.155661,0.1951789037867265,10.6903390224148,0.022556821045182245,0.19387107651148963,-0.00018625385331538205,0.0002945335332320933
351,11.7,grasp_lift,unknown_no_ground_truth,0.5845938085701993,-0.08185274176175658,0.13227279782711016,0.00021605473407973773,0.07537104612726883,0.1490759,0.93776137,-5.183002,0.195175763760932,10.68870345349723,0.022552544487510203,0.1938684128392297,-9.598461774904535e-05,0.00019356291296071111
352,11.733334,grasp_lift,unknown_no_ground_truth,0.5845879330303605,-0.0818499044808316,0.13227182706641655,0.00017715015280761291,0.07537104612726883,0.1490759,0.96411264,-5.0842643,0.19517122374269127,10.68780266204177,0.02255042211567145,0.19386408909239658,3.832769948554288e-06,0.00017710868559808708
353,11.766666,grasp_lift,unknown_no_ground_truth,0.584586920748684,-0.08184349079636166,0.1322753379193882,0.0003991168771527397,0.060030590621068185,0.1490759,0.96256435,-5.090066,0.19516461825479023,10.686791541492743,0.02255279989924093,0.1938571624553573,0.0002720939316170486,0.0002919917361935641
354,11.8,grasp_lift,unknown_no_ground_truth,0.5846044923830309,-0.0818392622337253,0.13228973038268815,0.0007610346537138598,0.060030590621068185,0.1490759,0.9743123,-5.0460463,0.19516546593189177,10.684537471659299,0.02256856205401446,0.19385618148314618,0.0004774923760045675,0.0005926000126652777
355,11.833333,grasp_lift,unknown_no_ground_truth,0.5846290449976608,-0.08183800731803,0.13230307906809935,0.0006340965393396996,0.07537104612726883,0.13098617,1.0349491,-4.8188424,0.19517148081639896,10.67784182494147,0.02258463270785363,0.19386036544254562,0.00037206812466336874,0.0005134624930918199
356,11.866667,grasp_lift,unknown_no_ground_truth,0.584641126590483,-0.08183642970742244,0.1323106321863331,0.0010365734934575867,0.17206586211908803,0.13098617,1.2310838,-4.0839314,0.19517347314262096,10.676398209854582,0.022593366339357795,0.19386135359067563,9.313114564366305e-06,0.0010365316556844642
357,11.9,grasp_lift,unknown_no_ground_truth,0.5845727296022212,-0.08180034957341693,0.13231670290181313,0.004488482932211385,0.247936891859123,0.13098617,1.4637784,-3.2120314,0.19511660429115793,10.671323744058203,0.022585254086262663,0.19380504525933082,-0.0006153216443449088,0.004446105971156512
358,11.933333,grasp_lift,unknown_no_ground_truth,0.5843733297662792,-0.08170355383385565,0.1323237128457757,0.009197381797554674,1.6290325012418925,0.13098617,1.5777341,-2.7850425,0.19495949886883887,10.629506462457739,0.02255234420332548,0.1936507112564359,-0.0011574235324427603,0.009124264501675614
359,11.966666,grasp_lift,unknown_no_ground_truth,0.584023447586903,-0.0815299508728933,0.13235032973634198,0.014629456759682245,3.6031231821135568,0.13098617,1.3226503,-3.740834,0.19467965617242938,10.535086894552194,0.022508092938227718,0.19337413032693754,-0.0012088135680726824,0.014579429853086023
360,12.0,grasp_lift,unknown_no_ground_truth,0.5835115302613305,-0.08125740192925573,0.13242099396395057,0.019679493334898875,6.633217333759988,0.13098617,1.6550515,-2.4953365,0.194251342756007,10.360444697343604,0.022471756912707714,0.1929471541737993,-0.0005227752917203966,0.019672548485458
361,12.033334,grasp_lift,unknown_no_ground_truth,0.582890034105473,-0.08090224660307199,0.13255687944116365,0.022671485808456876,6.633217333759988,0.12951623,2.1359646,-0.693369,0.19370628736610676,10.178664545626315,0.022473240784570726,0.19239823079695778,0.0020250581318645763,0.02258086376394027
362,12.066667,grasp_lift,unknown_no_ground_truth,0.5822737887443554,-0.08049486055908317,0.1328344485421221,0.023299373068978117,6.633217333759988,0.12951623,2.272243,-0.1827378,0.19310573849434956,9.985719917439768,0.022606756904666528,0.19177789440313875,0.006395663216167706,0.02240438076432335
363,12.1,grasp_lift,unknown_no_ground_truth,0.581771184913979,-0.08008569648093088,0.13325982415319107,0.023631401749019346,6.633217333759988,0.12951623,2.3677511,0.17512827,0.1925319125988271,9.783344826930598,0.02289962246197584,0.19116522868989896,0.012378172518851776,0.02013017619687164
364,12.133333,grasp_lift,unknown_no_ground_truth,0.5814433151455427,-0.07969017478382506,0.1339043806185407,0.026519442424757348,5.546404228102025,0.12951623,2.5076876,0.69946605,0.19201498106672973,9.626437392714077,0.02343196079034144,0.19057989444738518,0.01949041842641039,0.017983448392437484
365,12.166667,grasp_lift,unknown_no_ground_truth,0.5812704130290484,-0.0793070455871488,0.13476602156851758,0.030637781292232342,3.877939707984394,0.12951623,2.5426424,0.83044064,0.19154928984384142,9.503698205509256,0.024198989142945465,0.190014576714892,0.025549360985788,0.01690868994714127
366,12.2,grasp_lift,unknown_no_ground_truth,0.5811972996066382,-0.07893372230089105,0.1357856343836522,0.034434383564104824,3.877939707984394,0.12951623,2.5016348,0.67678666,0.19112052121508755,9.41351806073224,0.02513524507960975,0.18946047895092705,0.0299614081262874,0.01697176462628243
367,12.233334,grasp_lift,unknown_no_ground_truth,0.5811525299690523,-0.0785508133897773,0.1369303040903525,0.03687191548242215,3.877939707984394,0.12951623,2.4647014,0.5383982,0.19069157414077756,9.294101322647569,0.026196417997372465,0.18888362589805027,0.03242457920193015,0.017555193388870457
368,12.266666,grasp_lift,unknown_no_ground_truth,0.581101355084757,-0.07816042495013734,0.1381169816738117,0.038246712657000546,3.5969675343165557,0.12951623,2.485677,0.6169931,0.19025866766645988,9.17527403499706,0.02729688053060083,0.18829031025391227,0.03370774666322793,0.018072045926092947
369,12.3,grasp_lift,unknown_no_ground_truth,0.5810572308563484,-0.07775771026679448,0.1393517256979498,0.04046984902000903,3.5969675343165557,0.12951623,2.5051217,0.6898519,0.18982213509513718,9.033656549112067,0.028443600265377945,0.18767899343298894,0.035745839163130184,0.018974816526806108
370,12.333333,grasp_lift,unknown_no_ground_truth,0.5810224268257709,-0.07732482295414245,0.14068109169604687,0.044554406032162146,4.399040309602715,0.12780255,2.5401945,0.8212686,0.18936570738855574,8.88718367872231,0.029679931661690334,0.1870253266039803,0.03931240508353755,0.020967353276620748
371,12.366667,grasp_lift,unknown_no_ground_truth,0.5809797030768429,-0.07682873789232074,0.14217194859948507,0.050276021979397574,4.503649154937687,0.12780255,2.717996,1.4874852,0.1888536072885907,8.772934857729888,0.031064428987116095,0.18628120205114002,0.044262304467245495,0.023843799808791553
372,12.4,grasp_lift,unknown_no_ground_truth,0.5809280773807987,-0.07626489381197046,0.1438594109502536,0.05629740680617904,4.863147391225765,0.12780255,2.3198779,-0.0042514405,0.18828486184464907,8.612755699957,0.03263074396716821,0.1854357671756118,0.049608985927474446,0.026614780261126653
373,12.433333,grasp_lift,unknown_no_ground_truth,0.5808466737462031,-0.07565771199739879,0.14573526581033192,0.06153888522199876,4.986864003791122,0.12780255,2.478058,0.5884453,0.18768125321919957,8.40682525380947,0.03437169653419537,0.18450701690529409,0.05420044116844524,0.02914355111362107
374,12.466666,grasp_lift,unknown_no_ground_truth,0.5806804392146947,-0.07502020678301846,0.14776077285478129,0.06529157205764992,5.258778744797816,0.12780255,2.5752199,0.9525076,0.18704259768454035,8.178775664041709,0.0362440995289067,0.1834974076054469,0.0573958668645326,0.031124007592662938
375,12.5,grasp_lift,unknown_no_ground_truth,0.5804461552552065,-0.07438399005920844,0.14987819036837752,0.06733008392845012,5.258778744797816,0.12780255,2.4977481,0.6622233,0.18640776537221904,8.01408586804252,0.038198086319336064,0.18245207916766754,0.05929066257513333,0.03190544676405299
376,12.533334,grasp_lift,unknown_no_ground_truth,0.5801654078216947,-0.07377693223981563,0.15204303047622758,0.06900664610142121,5.507534770946924,0.12780255,2.680206,1.3458879,0.1858118078734932,7.843400796610642,0.04019686339365015,0.18141179707650815,0.060851611010328044,0.03254225935018206
377,12.566667,transport,unknown_no_ground_truth,0.5798269294019154,-0.07317861758150118,0.1542745132041458,0.07090423552278302,5.507534770946924,0.12780255,2.72053,1.4969805,0.18523472090646448,7.662882885628802,0.04225485484829542,0.18035084993158554,0.062173506248727334,0.03408615167204634
378,12.6,transport,unknown_no_ground_truth,0.5794029426685428,-0.07256755196207555,0.1565485899702285,0.07348362787484797,5.507534770946924,0.1277139,2.0930374,-0.85421616,0.1846486382028376,7.492877968105056,0.044341760659803546,0.17924544025372338,0.06324487590706815,0.037415628247414005
379,12.633333,transport,unknown_no_ground_truth,0.5788344565285958,-0.07188844257007815,0.15889508380013506,0.07526245817403708,7.1583013991978754,0.1277139,2.3026874,-0.06866358,0.18398702411636864,7.254595891537866,0.04647117469661197,0.1780215014134927,0.06274708091162808,0.04156009441120512
380,12.666667,transport,unknown_no_ground_truth,0.5781216038146016,-0.07115925540385548,0.1611907988140744,0.07639510985542304,8.067683990010428,0.1277139,2.3683205,0.17726158,0.1832600705531496,6.988157783450902,0.04852489320699851,0.17671895257270728,0.06079939678478355,0.046256309412107316
381,12.7,transport,unknown_no_ground_truth,0.5772074655463284,-0.07035039563354689,0.16346957445016747,0.07890558737245155,8.175234123450556,0.1277139,2.7441463,1.5854702,0.18242511071975878,6.719714849723868,0.050524465524662804,0.17528890268514835,0.059568461991770814,0.05174640136788782
382,12.733334,transport,unknown_no_ground_truth,0.5761310183176354,-0.0694589349641643,0.16575347058858975,0.0808178987530822,9.913849432972297,0.1277139,2.6171982,1.1097994,0.1814958197369947,6.403754081828974,0.05249611939478112,0.17373799247859567,0.058743335179694156,0.05550453432675166
383,12.766666,transport,unknown_no_ground_truth,0.5749804804913401,-0.06852933083555632,0.16802514568925792,0.08229771524723951,10.343189477299786,0.1277139,2.0642343,-0.9621406,0.1805414774613512,6.074906931000112,0.05444068493604695,0.17213784275289865,0.05832671433075395,0.05805952402745257
384,12.8,transport,unknown_no_ground_truth,0.5737419059000963,-0.06756128317525223,0.17031338972468782,0.08407807621643208,10.42294873042626,0.1277139,2.4271152,0.39756376,0.1795628649496024,5.702458399638977,0.056384563262791475,0.17048050766751435,0.058362854114185674,0.06052189818489207
385,12.833333,transport,unknown_no_ground_truth,0.5724575684518269,-0.06654096144923478,0.17261857022079746,0.08546784918939739,10.42294873042626,0.1277139,2.30191,-0.07157679,0.17856197750464223,5.379314699716416,0.05833153810406707,0.16876555179532976,0.059351399914579966,0.061499305469583744
386,12.866667,transport,unknown_no_ground_truth,0.5712391571184259,-0.06547200804970182,0.17498636514898147,0.08559304628663321,10.42294873042626,0.1277139,2.7823434,1.7285935,0.17758402178795094,5.06026136951327,0.060341321254121325,0.16701799227535447,0.061273651711217146,0.059763778148626025
387,12.9,transport,unknown_no_ground_truth,0.5701957945343081,-0.06439720227996597,0.1773986723701954,0.0846719327185467,10.343189477299786,0.1277139,2.413491,0.3465143,0.17669907703152582,4.726417133508339,0.0624164424798302,0.16530805041483956,0.06238786352392668,0.05724587911119888
388,12.933333,transport,unknown_no_ground_truth,0.5692775695996306,-0.06328970610298039,0.17980854076726388,0.08394984761629187,10.343189477299786,0.1277139,2.2249494,-0.35994577,0.17585899779855102,4.432814153627033,0.06450050841821163,0.1636033970322835,0.06191619697219203,0.05669181128963287
389,12.966666,transport,unknown_no_ground_truth,0.5683841231326441,-0.06212625318586018,0.18218230554811443,0.08464998342793355,10.42294873042626,0.1277139,2.4993527,0.66823554,0.1750065119921719,4.183217025009746,0.06654418619075801,0.16186151650060596,0.06163370702418768,0.05802504504785861
390,13.0,transport,unknown_no_ground_truth,0.5674644624535432,-0.06090341048037094,0.18459031803522719,0.08518856044851138,10.473905215729566,0.1277139,2.3196332,-0.005168015,0.17413968251609033,3.9616850515229163,0.06860941889061557,0.16005429287056558,0.06167916314611352,0.0587602898638595
391,13.033334,transport,unknown_no_ground_truth,0.566533682655534,-0.05970887126752632,0.186976754120779,0.08565838585866833,9.483147473380384,0.1277139,2.733906,1.5471001,0.1733337229642926,3.6502804792075367,0.07065618556304745,0.15827912988875806,0.06188075135494341,0.059229483195957236
392,13.066667,transport,unknown_no_ground_truth,0.5654965182399233,-0.05854600532732322,0.18940490418460032,0.08749764724052193,10.473905215729566,0.1277139,2.3541179,0.12404487,0.17258269615847266,3.355498515721798,0.07273479749667905,0.15650698465705865,0.06274414424951683,0.06098369154964824
393,13.1,transport,unknown_no_ground_truth,0.5643475214749141,-0.05740695714826152,0.1918704025616081,0.08982709344228154,10.556132928446157,0.12727071,2.472305,0.5668888,0.1718805053840519,3.056191013732972,0.07483912523160187,0.15473206993266037,0.06452068732295842,0.06249790095404336
394,13.133333,transport,unknown_no_ground_truth,0.5631601025701123,-0.05628338087881532,0.194433164363876,0.09134411364301084,10.695938468400804,0.12727071,2.6374702,1.185758,0.17125897619170513,2.8136075092413657,0.07703616992498777,0.1529544554745609,0.06706668250301098,0.062014572442834766
395,13.166667,transport,unknown_no_ground_truth,0.5620475861474934,-0.05519914767562552,0.19705876727876892,0.0925516557543183,10.556132928446157,0.12727071,2.6530473,1.2441249,0.17076291438818628,2.525930233868416,0.07931023530962919,0.15122783971702525,0.06881472985059102,0.06188975632894362
396,13.2,transport,unknown_no_ground_truth,0.5609099244088598,-0.054069625315557056,0.1997346877082933,0.09290572732134604,11.03047736861565,0.12727071,2.7387862,1.565386,0.1702887167800222,2.2777532654661137,0.0816238131047924,0.14945166508547347,0.06767311888693803,0.06365393270822044
397,13.233334,transport,unknown_no_ground_truth,0.5596920315511719,-0.05290650294071809,0.20230825882302325,0.09394897475458559,11.096438325427458,0.12727071,2.185969,-0.5060036,0.16978674012602396,2.0681734201975286,0.083821768929336,0.1476531346642495,0.0655075932747052,0.06734363430045605
398,13.266666,transport,unknown_no_ground_truth,0.5583032547101466,-0.051647838155437234,0.2048891607620234,0.09347332489420584,11.469569011127618,0.12727071,2.401446,0.3013824,0.16921668780568702,1.9050988843424839,0.08599098267638056,0.14573893896374351,0.06282853259592425,0.06920865522910155
399,13.3,transport,unknown_no_ground_truth,0.5569294029296241,-0.0504211472569185,0.2073105624286078,0.08974532479012214,11.469569011127618,0.12374733,2.2864485,-0.12951037,0.16867819921925592,1.8241225171883184,0.08801032945743828,0.14389759136498487,0.0589257063992468,0.06769035712000843
400,13.333333,transport,unknown_no_ground_truth,0.5555623568434112,-0.04921077623402618,0.20961618122055603,0.08927988054363126,11.03047736861565,0.12374733,2.7467847,1.595356,0.16816462743749055,1.8434574830839177,0.08991936254228891,0.1421050673311069,0.056993330635567774,0.0687215929162728
401,13.366667,transport,unknown_no_ground_truth,0.5541524942089274,-0.04788758581409057,0.21192532246977702,0.09177179195562743,10.790082466468633,0.12374733,2.7545428,1.6244255,0.16759292912581647,1.9130969251886252,0.09180988065010394,0.14020818702195895,0.05721162452797288,0.07175577898411538
402,13.4,transport,unknown_no_ground_truth,0.5527772315536462,-0.04640753940599874,0.21428696498370056,0.09161078128008515,10.790082466468633,0.12374733,2.344165,0.08675208,0.1669625244010435,1.9737889994431814,0.09373346629065604,0.13816845461793187,0.05681997418844846,0.07186115626659266
403,13.433333,transport,unknown_no_ground_truth,0.5515832175663349,-0.04487111675623075,0.2165728788737912,0.0898798113615245,9.877130881166172,0.12374733,2.4115837,0.3393675,0.1663392146236755,2.119989739218602,0.0955978735935301,0.13612413777878127,0.055439990290418434,0.07074452605666065
404,13.466666,transport,unknown_no_ground_truth,0.5505160222221326,-0.04321614867914869,0.2188263267786398,0.0884585862097232,7.6667454480612225,0.12374733,2.3230054,0.0074674916,0.16567246230656946,2.313644805594995,0.09742946308788011,0.13399576295215115,0.0533154025820299,0.0705860419753021
405,13.5,transport,unknown_no_ground_truth,0.5495257444019637,-0.04151692439965739,0.2209653190831322,0.08685550100323455,7.622300260218386,0.12201886,2.7060914,1.4428794,0.1649796024103824,2.4448519868077456,0.09915222723187789,0.13186017232828837,0.05046227269554523,0.0706925532777202
406,13.533334,transport,unknown_no_ground_truth,0.5485096768463876,-0.03977722024858314,0.223030800107913,0.08453916977873258,7.6667454480612225,0.12201886,2.7683496,1.6761593,0.16426094777290462,2.5502431590997503,0.10079365973167739,0.1297007984599468,0.04681023342994824,0.07039654304801571
407,13.566667,transport,unknown_no_ground_truth,0.5475038326923636,-0.038055506083483064,0.22492692366642453,0.08192099810312044,7.6667454480612225,0.12201886,2.4148836,0.35173234,0.16352433074158274,2.741260508453623,0.10227291115538881,0.1275948995386747,0.0426049926239774,0.06997045471999089
408,13.6,transport,unknown_no_ground_truth,0.5464734938636346,-0.036294134020114666,0.22671168155996554,0.08263530622217037,7.622300260218386,0.12201886,2.4552784,0.50309044,0.16273735526482336,2.9528625651162024,0.10363398645240211,0.12547288013978425,0.040398661470700814,0.07208704450737027
409,13.633333,transport,unknown_no_ground_truth,0.5454249797378706,-0.03440289536724367,0.22848866840403642,0.08444094527000338,7.622300260218386,0.12201886,2.5893295,1.005376,0.16187564359578993,3.211804521968642,0.10496615354325348,0.12323080215548929,0.03912606588735247,0.0748293004528992
410,13.666667,transport,unknown_no_ground_truth,0.5444308081056504,-0.03239341700861152,0.23021908734114388,0.08277308767119816,7.622300260218386,0.12201886,2.424556,0.38797456,0.16094262489138866,3.458869107475709,0.10624238672568277,0.12089286070633248,0.036434692735974494,0.0743229251836806
411,13.7,transport,unknown_no_ground_truth,0.5435605059626059,-0.03040519929060808,0.23180419956072418,0.08034895539444085,6.418957090252561,0.11822216,2.8142803,1.84826,0.1600108621364298,3.6123557775670205,0.10739513430697688,0.11861602391258078,0.03481536410709446,0.07241439811990626
412,13.733334,transport,unknown_no_ground_truth,0.5427153290392468,-0.028438584445100105,0.23339863170292213,0.07722295238493666,6.418957090252561,0.11822216,2.7607584,1.6477151,0.15914543843048334,3.731837414834186,0.10856340919861172,0.11636690576106916,0.03486916308614913,0.06890229198450318
413,13.766666,transport,unknown_no_ground_truth,0.5418912863667237,-0.026684506996648736,0.23494650609870207,0.07314998839033957,5.848208213605515,0.11822216,2.665971,1.2925496,0.15846930373622684,3.914130101569343,0.10971974333583477,0.11434202267304466,0.03516819852075431,0.06414139548148004
414,13.8,transport,unknown_no_ground_truth,0.5410667315754145,-0.02506222012742372,0.23650734401045376,0.07289257928809029,5.6096851114676065,0.11822216,2.5285828,0.7777599,0.15794274162235197,4.1132435820538245,0.1109079544108747,0.1124514796682568,0.03689181925124866,0.06286749388677529
415,13.833333,transport,unknown_no_ground_truth,0.5402883797783637,-0.02340296178329415,0.2381522634032233,0.07662685445362377,5.848208213605515,0.11822216,2.6561923,1.255909,0.15747697009286418,4.298568139218609,0.11217919326361246,0.11052069809928783,0.03967689894278291,0.06555469863969351
416,13.866667,transport,unknown_no_ground_truth,0.5397053555713595,-0.021505060721692885,0.23991169575174276,0.08282009695222185,6.264624097553613,0.11822216,2.766744,1.6701427,0.15695341257103385,4.337112319856168,0.11355308138917085,0.10835161016208991,0.04166511040250407,0.07157644189482022
417,13.9,transport,unknown_no_ground_truth,0.5394521792185756,-0.019263799814272793,0.24170939266158747,0.09044542615109302,6.264624097553613,0.11822216,2.7716157,1.6883973,0.1562696679941322,4.374730291414359,0.11495686381843302,0.10585428000806839,0.04192111228943311,0.08014359273247965
418,13.933333,transport,unknown_no_ground_truth,0.5395112338758703,-0.016667534254061384,0.24350584408160195,0.09598720347955017,4.9729815774009385,0.11822216,2.757412,1.6351761,0.15540210272764562,4.40719424119277,0.11634781914380041,0.1030194084270301,0.040825389583687054,0.08687249735770662
419,13.966666,transport,unknown_no_ground_truth,0.5397560725300599,-0.013933466495671717,0.24523702169603875,0.09551800256579943,4.9729815774009385,0.114240795,2.7305388,1.5344833,0.15447143107384692,4.327810414298298,0.11767855561716882,0.10006588112768079,0.03954689581712832,0.08694671842795025
420,14.0,transport,unknown_no_ground_truth,0.5398971890319695,-0.01131809683633019,0.2469386510991218,0.08659809780920714,5.140841434211175,0.114240795,2.5612714,0.9002432,0.153658493450913,4.352114023048756,0.11898427560219885,0.09723000961135542,0.03742611497290487,0.07809299880404076
421,14.033334,transport,unknown_no_ground_truth,0.5397246596180755,-0.009166608342768022,0.24849384290229748,0.07742604826324548,6.264624097553613,0.114240795,2.4895093,0.6313528,0.1531026621883927,4.3778788742993875,0.1201736634206137,0.09486156117860461,0.0345614815741472,0.06928417525714153
422,14.066667,transport,unknown_no_ground_truth,0.5389761060563816,-0.007273186609358393,0.25001010304742355,0.07668423479694154,6.526245021430727,0.114240795,2.5623825,0.90440625,0.15267811921477847,4.418878854093884,0.12128837434592847,0.09273477414370528,0.03221887230483657,0.06958747109787146
423,14.1,transport,unknown_no_ground_truth,0.5377722215892056,-0.0055083360151071195,0.25148389754185374,0.07922717187481583,5.140841434211175,0.114240795,2.6608675,1.2734267,0.15230337665993032,4.639832810962955,0.12232158382767128,0.09074000590647215,0.029945067175940292,0.07335010371574148
424,14.133333,transport,unknown_no_ground_truth,0.536393031009814,-0.003698137567579333,0.25291599332880255,0.08135942742946221,5.140841434211175,0.114240795,2.5005708,0.67279965,0.15189239159774268,5.000965971255789,0.1232847122920172,0.08872529707110904,0.027760017286028713,0.07647704146951106
425,14.166667,transport,unknown_no_ground_truth,0.5351525563603321,-0.0016727797427284305,0.2542848231769019,0.08284481414136048,5.140841434211175,0.11277086,2.741952,1.5772479,0.1513482293817813,5.407695008123127,0.12417224768579162,0.08653056940560783,0.025355978239967714,0.07886911688113951
426,14.2,transport,unknown_no_ground_truth,0.534282217965885,0.0006641954675319962,0.25556511261323056,0.08317260477726332,4.033655661095181,0.11277086,2.882123,2.1024647,0.15061051555897131,5.47339912498479,0.12497511168510148,0.08405206039256592,0.022189462383980726,0.08015803106704124
427,14.233334,transport,unknown_no_ground_truth,0.5338708627977721,0.00316099101754307,0.25668004869020344,0.08050158910095899,2.2261457044115707,0.11277086,2.7022579,1.4285153,0.14973307143787984,5.491320203440604,0.12565154011648358,0.08143514688742785,0.01821879054144524,0.07841289128062161
428,14.266666,transport,unknown_no_ground_truth,0.533829682898812,0.005610232558973401,0.2575983780556803,0.07491193812303612,2.2261457044115707,0.11277086,2.4939954,0.648162,0.14881658283787946,5.518940721703755,0.1261897005522852,0.07888304508617826,0.012738334099835262,0.07382095446220245
429,14.3,transport,unknown_no_ground_truth,0.5339813164105516,0.007904959712260878,0.2582368962248789,0.0701759850675734,2.0239590776075844,0.11277086,2.5236733,0.7593641,0.14784202232982518,5.521302081721894,0.1265007550487915,0.07651681213078718,0.005937467911960844,0.06992435451971453
430,14.333333,transport,unknown_no_ground_truth,0.5340505489290781,0.010163512468733569,0.2586501669461787,0.06693488703497674,2.0239590776075844,0.11277086,2.428099,0.4012497,0.14674030859498732,5.522150514939175,0.1265855378762199,0.07422142390940907,-0.0007275806773707778,0.06693093252557457
431,14.366667,transport,unknown_no_ground_truth,0.5340480663693677,0.012326335034722916,0.2588362842079129,0.06366064793336172,2.2261457044115707,0.112719156,2.4025676,0.3055847,0.14554104432531903,5.522150514939175,0.12645224344369554,0.07205571255189165,-0.006414396316605276,0.06333666880401079
432,14.4,transport,unknown_no_ground_truth,0.5340003041839309,0.014402488640579228,0.2588512829531313,0.06322207943310654,2.2833518885931703,0.112719156,2.5304422,0.78472716,0.1442777804832811,5.568921810889033,0.12615791650371583,0.0700018431516151,-0.010328494982600248,0.0623726985085657
433,14.433333,transport,unknown_no_ground_truth,0.53393002250128,0.01653905858801247,0.25877636148581634,0.06736737275148529,2.828402110721794,0.112719156,2.5351684,0.802436,0.14292369449306205,5.612369103795382,0.12576367487602666,0.06790199208582319,-0.012799089617139176,0.06614035240615218
434,14.466666,transport,unknown_no_ground_truth,0.5338397587015629,0.01888708174568201,0.2586694632715126,0.0725676336582254,3.2156635201308146,0.112719156,2.4257514,0.3924538,0.1414369902816195,5.65030809806073,0.125304646563419,0.06559853481244517,-0.014223096278868324,0.07116013622103635
435,14.5,transport,unknown_no_ground_truth,0.5337360551451669,0.021367862433133766,0.2585533368476963,0.07592242153843101,3.300883455347525,0.112719156,2.4950297,0.6520374,0.1398886584736377,5.695276375987142,0.12481546846562912,0.0631659370330212,-0.01477747467502373,0.07447039904880491
436,14.533334,transport,unknown_no_ground_truth,0.5336241614585826,0.023939056692942287,0.25844477765715046,0.07754890033781213,3.523844747421603,0.112719156,2.4188647,0.36664945,0.1383220042213107,5.749518912373711,0.12431946836890018,0.060643603424222134,-0.014780516160247635,0.07612731629080706
437,14.566667,transport,unknown_no_ground_truth,0.5334983710476312,0.026528212531350567,0.25834747584242623,0.07688188374824424,3.523844747421603,0.11265268,2.3116786,-0.034973662,0.13678400151524792,5.801257928154576,0.12383010150494438,0.05810308969236072,-0.014055663155721923,0.0755861255914829
438,14.6,transport,unknown_no_ground_truth,0.5333349433499963,0.029053945922184302,0.25828818331078984,0.07440337313764396,3.523844747421603,0.11265268,2.4923222,0.6418925,0.1353406798284895,5.844773844794522,0.12338242621161748,0.0556226259589789,-0.012033622657332382,0.07342379627886599
439,14.633333,transport,unknown_no_ground_truth,0.5331193221031096,0.03147382418450327,0.2583149161295736,0.07162007973583745,3.388351719098805,0.11265268,2.4065464,0.32049286,0.13405313472144795,5.893193546739073,0.12302785812900856,0.05323898057659648,-0.008883210389156427,0.07106704154915765
440,14.666667,transport,unknown_no_ground_truth,0.5328343173247143,0.0337993294023429,0.25845592042728316,0.06949690651482421,3.388351719098805,0.11265268,2.492417,0.64224803,0.13293701793759488,5.926913415882718,0.12279021606247388,0.050939312691391986,-0.005465284714009271,0.06928167635186833
441,14.7,transport,unknown_no_ground_truth,0.5324693959164539,0.03604422028410419,0.25870851086271596,0.06705739250391983,3.795284771927153,0.11265268,2.3932314,0.2706021,0.13198235453745916,5.956814868980505,0.12266350302174321,0.04871351902384349,-0.0025607431183456725,0.06700848068794432
442,14.733334,transport,unknown_no_ground_truth,0.5320519689258452,0.03816276250562817,0.25903352220437786,0.06302137761522215,3.804511779129325,0.11265268,2.3203678,-0.0024156116,0.13118048552587228,5.984198388762187,0.12261950235059188,0.046613060681495455,-0.00045709205576599694,0.06301971995631986
443,14.766666,transport,unknown_no_ground_truth,0.5316372092924126,0.0401055111621433,0.25939068485452454,0.05811123376820489,3.795284771927153,0.11254927,2.2813663,-0.14855297,0.13052199776049966,6.01086448403319,0.12263302863444156,0.044689284927554127,0.0002876033821028953,0.05811052206233875
444,14.8,transport,unknown_no_ground_truth,0.5312501510158788,0.04189157144984308,0.25971287521902653,0.05242275560688601,3.795284771927153,0.11254927,2.3056931,-0.05740115,0.1299354193361865,6.022460463935497,0.12263867563247126,0.04292980825934503,-0.000981053247292119,0.052413574958642885
445,14.833333,transport,unknown_no_ground_truth,0.5308983222048651,0.043479661232289385,0.25992280901381826,0.04697271248327562,3.388351719098805,0.11254927,2.4124286,0.34253356,0.12936537824533312,6.025507813561309,0.12256762737447728,0.041383303497297,-0.0042009156459196706,0.04678448488305011
446,14.866667,transport,unknown_no_ground_truth,0.5305624832095663,0.044935771064982644,0.25997035915965216,0.04329503644548614,3.272643168321937,0.11254927,2.1947331,-0.47316507,0.12872839156858845,6.028099765609021,0.12235861087599009,0.03999211347670779,-0.00869852362835429,0.04241221365954547
447,14.9,transport,unknown_no_ground_truth,0.530273369960867,0.04629608018029377,0.2598325130944864,0.040265543880928664,3.272643168321937,0.11254927,2.113942,-0.7758875,0.12798459755717892,6.028099765609021,0.12198773101641935,0.038717576026125015,-0.012765626853642036,0.03818838560427195
448,14.933333,transport,unknown_no_ground_truth,0.5301134329827852,0.047548760018038455,0.2595502959574912,0.036213866307124025,3.272643168321937,0.11254927,2.3023412,-0.06996072,0.12717756084169435,6.016185887028001,0.12150756673756727,0.03755054203548201,-0.014808213964220046,0.033047857904864746
449,14.966666,transport,unknown_no_ground_truth,0.5301375794878419,0.04861914341630018,0.25918940324869155,0.029953795866370064,3.272643168321937,0.112312905,2.3057747,-0.057095625,0.12639841344023306,6.003848599424981,0.12100051849586992,0.03654358280107097,-0.014268334450259438,0.02633713193990014
450,15.0,transport,unknown_no_ground_truth,0.5304333613462044,0.049375695910631595,0.25881029272152184,0.024449183775449898,4.752033051411875,0.112312905,2.4651875,0.5402197,0.1257604531258706,5.892841446523002,0.1205563471139152,0.03580305491118727,-0.011554049367347953,0.02154684502433266
451,15.033334,transport,unknown_no_ground_truth,0.5310378609812518,0.049763082266469194,0.2584561290630981,0.02321263967287397,7.907226031267164,0.112312905,2.5430257,0.8318771,0.12532750256546152,5.6417295864153365,0.12023023820472219,0.0353789869913134,-0.008019480441855407,0.021783355435409418
452,15.066667,transport,unknown_no_ground_truth,0.5317758638703891,0.04976661033674791,0.25814722896058767,0.022531869606589167,10.522671116610281,0.112312905,2.340165,0.0717635,0.125111077218285,5.318181160264027,0.1200217122632125,0.03532096018126194,-0.005544050714052687,0.02183915405065747
453,15.1,transport,unknown_no_ground_truth,0.5323920794267286,0.04949878019650967,0.2578623238048018,0.01816445292947362,10.522671116610281,0.112312905,2.196289,-0.46733508,0.12502320318070323,4.8756407126060095,0.11986063650088484,0.035556000213271405,-0.0047202376982154815,0.017540430618984477
454,15.133333,transport,unknown_no_ground_truth,0.5326310511173484,0.04909497388045108,0.25761430914231676,0.013146406312923098,10.522671116610281,0.112312905,2.4661734,0.5439137,0.12499303021448493,4.429162143429841,0.1197070298693329,0.03596504694925041,-0.004078465262755269,0.012497764601918333
455,15.166667,transport,unknown_no_ground_truth,0.5324148016482922,0.04871744659338215,0.25746593955204555,0.015294632975267286,10.522671116610281,0.11121968,2.319112,-0.007120873,0.12499915709773414,4.085145458468938,0.11958874005351634,0.03637750029285298,-0.00197487668027126,0.015166596847871121
456,15.2,transport,unknown_no_ground_truth,0.5318083192283971,0.04850360196506186,0.25750008137526914,0.023148189865192476,4.7458889840027085,0.11121968,2.4125214,0.34288105,0.12506480386562963,4.039300265356852,0.11957536858070089,0.036646096582554896,0.0017677073817288416,0.023080595846892277
457,15.233334,transport,unknown_no_ground_truth,0.5309095103965445,0.04854263850425619,0.25775760318551144,0.031191600702874318,4.618606035383952,0.11121968,2.3216572,0.0024156116,0.1252016155918108,4.02842193950832,0.11970659120388304,0.036684827506013956,0.005872613714384505,0.030633778130834153
458,15.266666,transport,unknown_no_ground_truth,0.5298770604937937,0.04882558690938946,0.2582005106654579,0.03518955019619281,4.471152331849701,0.11121968,2.2500694,-0.26582178,0.1253985728778883,3.999930430552308,0.11996687212881296,0.03650687156468089,0.008640643073237763,0.03411222259383404
459,15.3,transport,unknown_no_ground_truth,0.5288881866562631,0.04925015865540784,0.25871532714225304,0.03443594592230109,4.471152331849701,0.11121968,2.1356983,-0.6943668,0.1256142639419938,3.9862516010749074,0.12028263508049257,0.03620816211549464,0.00935456854963054,0.033141008114025566
460,15.333333,transport,unknown_no_ground_truth,0.5280076287398017,0.049694425237844175,0.2592108182372417,0.030823415619337137,4.471152331849701,0.11121968,2.115289,-0.77084005,0.12582160263550904,3.976929525834412,0.12059050969602966,0.03590271105389831,0.007684813706874459,0.029850068487911902
461,15.366667,transport,unknown_no_ground_truth,0.5272333185205523,0.05010614616462153,0.25958208084736484,0.02578448813841729,4.471152331849701,0.11107195,2.4571695,0.5101765,0.12594434012538774,3.9624288378711845,0.1207949525134925,0.035644862980273084,0.0041729982774593,0.02544456550889607
462,15.4,transport,unknown_no_ground_truth,0.5265591740752433,0.05041513326453671,0.25979169245952266,0.02131074505056647,4.471152331849701,0.11107195,2.5352416,0.80271024,0.12597370876293223,3.9221404685331507,0.12086871308774881,0.03549830271998262,-0.00011429278123039114,0.021310438563539744
463,15.433333,transport,unknown_no_ground_truth,0.5259357501088797,0.050632249195021774,0.25982281724310347,0.01980368233778024,4.902762879669942,0.11107195,2.3691032,0.18019444,0.12588465977912167,3.876979081975963,0.1207873285302474,0.03545939698064949,-0.0058478629770335935,0.01892057960892184
464,15.466666,transport,unknown_no_ground_truth,0.5253101980955763,0.05080538408018473,0.25961617485586763,0.021372537135092046,4.902762879669942,0.11107195,2.2041962,-0.43770722,0.1255999192127987,3.8737130034466167,0.12047886245761226,0.035499062060585625,-0.012177960175047593,0.017563673578321917
465,15.5,transport,unknown_no_ground_truth,0.5246921351168851,0.05095357076574047,0.2592061051836265,0.024848257050704613,4.902762879669942,0.11107195,2.2353618,-0.32093063,0.12514305364463071,3.8601485095518964,0.11997545968266371,0.03559034910529054,-0.018907235888271624,0.016123036609868042
466,15.533334,transport,unknown_no_ground_truth,0.5240861823781178,0.051062882942770685,0.2585300289419239,0.029936791335833397,4.799128973867649,0.11107195,2.2144175,-0.39940852,0.12446275131979616,3.8520189067858617,0.11921836315543909,0.03574854336376888,-0.02641462787786323,0.014088254311987713
467,15.566667,transport,unknown_no_ground_truth,0.5235377879361305,0.05110994208491561,0.25758556071610034,0.03543343501283214,4.352920178126919,0.11083558,2.250294,-0.26498026,0.12356798782118682,3.8483373763358864,0.11821449326329368,0.03597750959529672,-0.03335221639592509,0.011964864323843543
468,15.6,transport,unknown_no_ground_truth,0.5230597345384923,0.05109507814931228,0.2564027046812388,0.03947549885567713,4.060636691524368,0.11083558,2.1903095,-0.48974025,0.12248683607464414,3.7819482408101215,0.11699487797758158,0.03626601078954701,-0.038039924108968094,0.010548894903662396
469,15.633333,transport,unknown_no_ground_truth,0.5226712241374679,0.05102960452730295,0.255101927981982,0.040383179390208884,3.8690492844213105,0.11083558,2.270435,-0.18951206,0.12132532910075605,3.6610191244513577,0.11567850354212907,0.036583046615343555,-0.03911702949864479,0.010032904906553477
470,15.666667,transport,unknown_no_ground_truth,0.5223975616145276,0.05089343270649169,0.25380100249924,0.03938873570173981,3.8690492844213105,0.11083558,2.4050972,0.31506312,0.12019968646981119,3.5761039408501287,0.11438707917933771,0.03692642338841982,-0.03789624589008197,0.010739974283952361
471,15.7,transport,unknown_no_ground_truth,0.5221413956023728,0.05071612807568612,0.25254919587890495,0.037252778169555995,3.8690492844213105,0.11083558,2.1626194,-0.59349453,0.11914068569556263,3.5087880848068544,0.1131520879766192,0.037297559900619094,-0.03578792355381853,0.010343790845535716
472,15.733334,transport,unknown_no_ground_truth,0.5218546632016546,0.05059676243040543,0.2513957816627695,0.033149687337648594,3.348419349203958,0.11083558,2.038669,-1.0579325,0.11814921565766022,3.4438990370830256,0.11200122225904217,0.03761599889675853,-0.03239507422090672,0.007032846991496714
473,15.766666,transport,unknown_no_ground_truth,0.5215551556475413,0.05067814396344099,0.2504187264924542,0.029430169207208985,3.348419349203958,0.10919576,2.016763,-1.1400142,0.11723168643254359,3.376739232102276,0.11099241438931,0.03773529186119962,-0.028848110797716535,0.0058242049214998
474,15.8,transport,unknown_no_ground_truth,0.5212836275108962,0.051079458812254536,0.2495818365446409,0.029919549181312465,4.033444808308598,0.10919576,2.2401135,-0.30312622,0.11630140165307364,3.3286633575684985,0.1100780193758158,0.037534593067823245,-0.026021768478206267,0.014766414205202503
475,15.833333,transport,unknown_no_ground_truth,0.5210774318536394,0.05186642502966679,0.2488895686167572,0.035251434031462414,4.870495207002184,0.10919576,2.3832402,0.23316549,0.1153337362779629,3.2964570596305958,0.10925762882092635,0.03694105126093973,-0.02417716394169949,0.025654012259503048
476,15.866667,transport,unknown_no_ground_truth,0.5208734549237762,0.05299027593779555,0.2482766522227008,0.04113407907750936,5.189721258849715,0.10919576,2.3309476,0.037226684,0.1142944428341668,3.196601566111521,0.10846621078060706,0.036031941131023516,-0.023281971926432683,0.033911093240584174
477,15.9,transport,unknown_no_ground_truth,0.5206475832811094,0.05431280069936354,0.24772746142006363,0.043287197844606835,7.512818624682813,0.10919576,2.3232512,0.008388533,0.11323425905725472,3.0245618616109806,0.10770549799263712,0.034950295083210896,-0.022383734225683648,0.037050640201649596
478,15.933333,transport,unknown_no_ground_truth,0.5204000606760635,0.055629606969855694,0.24721000826454104,0.04048845157758648,8.486990111997729,0.10919576,2.2181618,-0.38537848,0.1122140634165688,2.7875836808463363,0.10697396405850897,0.033890515517863644,-0.021472728090403778,0.03432545206557591
479,15.966666,transport,unknown_no_ground_truth,0.5201151900023776,0.056751671330517325,0.246700659035143,0.03410644145583372,8.486990111997729,0.1089003,2.1962008,-0.4676656,0.11128970041676912,2.5394893755855463,0.10627398328063954,0.033033890120913255,-0.019579915753549802,0.027926264481024046
480,16.0,transport,unknown_no_ground_truth,0.5198158418913852,0.05760617648266301,0.2462498959213667,0.026833981013643614,8.486990111997729,0.1089003,2.2135067,-0.4028211,0.11053316774136165,2.4325200329898498,0.1056686402625672,0.03243022719624634,-0.016377508559913666,0.021256522538047953
481,16.033333,transport,unknown_no_ground_truth,0.5195159555457637,0.05822711728983196,0.2458856297287984,0.020903056539910862,8.486990111997729,0.1089003,2.1057591,-0.80654806,0.109953007836939,2.396621862931437,0.10518214704901811,0.03203716395920055,-0.012824889733139323,0.016506361684015286
482,16.066668,transport,unknown_no_ground_truth,0.5192567923869343,0.058714408334468324,0.24561641094441714,0.017217241389852374,5.550764516429248,0.1089003,2.087751,-0.8740244,0.10951500347734519,2.3986476329369752,0.1048136247880267,0.03174334647509122,-0.009592627860720578,0.014297373598048457
483,16.1,transport,unknown_no_ground_truth,0.5190533816997773,0.05917629289499029,0.2454355378479885,0.01643795645723503,2.2961262843711805,0.1089003,2.1686833,-0.5707731,0.10916917403211997,2.409437861781993,0.10454264249524767,0.03144430725848696,-0.007498073318121683,0.01462823670187308
484,16.133333,transport,unknown_no_ground_truth,0.5188542738763198,0.05968456774680537,0.24530392070271068,0.01848804070923993,2.2961262843711805,0.1089003,2.1912842,-0.48608825,0.10885211812455384,2.426965532149068,0.10431376089258346,0.031103422780246345,-0.006977926748799235,0.017120636306951476
485,16.166666,transport,unknown_no_ground_truth,0.5186508814412799,0.060313590443784745,0.24518325550112702,0.022088682369427962,2.2961262843711805,0.10720877,2.1619034,-0.5961772,0.10850071512580371,2.459355972495324,0.1040774545064423,0.03066412637383044,-0.007333673791087465,0.020835717351303133
486,16.2,transport,unknown_no_ground_truth,0.5184890999279959,0.061090609096044066,0.24506249982573147,0.025425635946454323,2.2961262843711805,0.10720877,2.021144,-1.1235988,0.10809532962617802,2.4573906682464592,0.10382482376684354,0.03008332190393802,-0.007948271666094384,0.024151354844057747
487,16.233334,transport,unknown_no_ground_truth,0.5184118779565242,0.06197108498196553,0.24492094581618393,0.027206455408291842,3.3260434343231173,0.10720877,2.1475697,-0.6498853,0.10763489516112824,2.4549158007498892,0.10354758209201739,0.029379736201061865,-0.00852105259459724,0.025837625250078232
488,16.266666,transport,unknown_no_ground_truth,0.5184586121201963,0.06287750782508261,0.2447531434743475,0.027670046560914967,3.4158474576142432,0.10720877,2.1458168,-0.6564532,0.10714364277558822,2.4506328652328055,0.10325676229791689,0.02859722411309084,-0.009121542602807252,0.02612334085120765
489,16.3,transport,unknown_no_ground_truth,0.5186378908044353,0.06376124446977986,0.24453760590423088,0.027726108821324265,4.070512019843043,0.10720877,2.1305847,-0.7135274,0.10661934684973791,2.3388069103398115,0.1029394885692626,0.02776953034826789,-0.01044604595743906,0.02568301450817225
490,16.333334,transport,unknown_no_ground_truth,0.5189128769093736,0.06459383523674428,0.24423881105426987,0.02905180544667093,4.070512019843043,0.10720877,2.1359873,-0.6932841,0.10603926550733615,2.1933526894823494,0.10256032838067694,0.026938909996194103,-0.013655442357301598,0.02564247050768767
491,16.366667,transport,unknown_no_ground_truth,0.5191605367745488,0.06547216321382782,0.24379541501505775,0.03217908185267894,4.070512019843043,0.10564282,2.1625185,-0.59387237,0.10531299372435605,2.04785762998923,0.10202914022704315,0.02609370023045076,-0.01840153157667509,0.026398426932566277
492,16.4,transport,unknown_no_ground_truth,0.5192688414235425,0.06644617465889822,0.24321696009450228,0.03752598521658739,4.070512019843043,0.10564282,2.1405516,-0.67618185,0.10443344726567462,1.8967188599580498,0.10133357840561236,0.025255708172729107,-0.02345800918302155,0.029290294837109647
493,16.433332,transport,unknown_no_ground_truth,0.5191687317898355,0.06762438969990274,0.2425201397727901,0.04475378448390323,3.5622428568211797,0.10564282,2.1285079,-0.7213093,0.10338164605587369,1.7811508799596016,0.10046529690995681,0.024382142194978806,-0.027723764183981654,0.03513252232764726
494,16.466667,transport,unknown_no_ground_truth,0.5188791781189547,0.06902469916512707,0.24176729649654707,0.052503285342672325,2.396533958686941,0.10564282,2.0670347,-0.95164734,0.10221527657964184,1.7624020816534876,0.09948527848977326,0.023465765064555978,-0.03025761244130938,0.04290771330571684
495,16.5,transport,unknown_no_ground_truth,0.5184609658092765,0.07070400503576374,0.24101457463226905,0.05777097801491533,1.6790523864038667,0.10564282,2.0083027,-1.1717145,0.10097693580640511,1.7504323007203635,0.09844811680338678,0.02245684445147125,-0.030303029602827245,0.04918548869016152
496,16.533333,transport,unknown_no_ground_truth,0.5180118176443516,0.07249405696255799,0.24033759079273043,0.05763760289989391,1.6790523864038667,0.10564282,1.8761435,-1.6669114,0.09979912574309344,1.747526965097605,0.09746510747005391,0.0214573606237258,-0.027456840041106354,0.05067756113905797
497,16.566668,transport,unknown_no_ground_truth,0.5176518343117382,0.07425256586092993,0.23978238402492769,0.05244630711903882,1.6790523864038667,0.105598494,1.9034058,-1.5647602,0.09876951871307836,1.7387786231917322,0.09661762639109418,0.02050492861153328,-0.02258308031263009,0.047335183679984176
498,16.6,transport,unknown_no_ground_truth,0.5174339174087864,0.07580416548823823,0.23937086160460452,0.044446237695212186,1.6790523864038667,0.105598494,1.8544974,-1.7480184,0.09795431974420829,1.7051613566046178,0.09595955541235414,0.019667548947795585,-0.017402607553520532,0.04089764413260806
499,16.633333,transport,unknown_no_ground_truth,0.5173188512452633,0.07710888871436954,0.23906814949548016,0.03687452024794451,1.6790523864038667,0.105598494,1.7714411,-2.059228,0.09732404735077531,1.6552630410830451,0.09545747033053015,0.018969489999256964,-0.01302330391718529,0.034498170945670384
500,16.666666,transport,unknown_no_ground_truth,0.5172538779734127,0.07820332415414288,0.23886619950491456,0.032634490906258744,1.7837053974308401,0.105598494,1.8494512,-1.7669265,0.09685588001049816,1.5978271355925482,0.09509134845419437,0.018403720867558388,-0.010092938067841957,0.031034538789377734
501,16.7,transport,unknown_no_ground_truth,0.5171932028900046,0.07925241745134656,0.23871745602807642,0.03289229237832932,1.881258103185744,0.105598494,1.767341,-2.074591,0.09646056295526678,1.5919505878501359,0.0947845846632022,0.01790314821117343,-0.008969042921339095,0.03164583964720605
502,16.733334,transport,unknown_no_ground_truth,0.5171088678952727,0.08037494988997004,0.2385986437596223,0.037641769311902155,1.881258103185744,0.105598494,1.9658102,-1.3309327,0.09608871551027656,1.5916296098937635,0.0944934208652263,0.017436589735440742,-0.009718043575713401,0.03636567648196572
503,16.766666,transport,unknown_no_ground_truth,0.5169562050483367,0.08173706455181715,0.2384576222403421,0.04320010543447251,1.881258103185744,0.10556895,1.7656547,-2.0809095,0.09565846612771091,1.579387587069078,0.09413672501823143,0.01699467989543478,-0.012028578228933304,0.04149171502047093
504,16.8,transport,unknown_no_ground_truth,0.5167602356556392,0.08321225574134361,0.2382488761524172,0.044494538578052176,1.881258103185744,0.10556895,1.6812528,-2.3971608,0.09515912374191479,1.5493229521092755,0.09369152793686214,0.016648015623047546,-0.014810984802537362,0.041957105386963726
505,16.833334,transport,unknown_no_ground_truth,0.5165792386017531,0.08463183744867481,0.23793096317581747,0.04107633982733461,1.881258103185744,0.10556895,1.6468165,-2.526193,0.09458338657308031,1.5380539653013503,0.09314928983269614,0.016408132718171188,-0.017818050546673236,0.03701057643872726
506,16.866667,transport,unknown_no_ground_truth,0.5164322285531961,0.08581652964116242,0.23746825450411124,0.03585777166996579,2.220604255234102,0.10556895,1.601389,-2.696408,0.09392327361471525,1.5223470642991137,0.09250366531667463,0.01626816613774634,-0.021349468719138804,0.028809373032850173
507,16.9,transport,unknown_no_ground_truth,0.5163081979436515,0.08673547921558969,0.236828407054306,0.03303059250195579,2.2711074427455675,0.10556895,1.6760912,-2.4165013,0.09314371429787127,1.4437067680803695,0.09172601372604625,0.01618919142924209,-0.025003796211524133,0.021583100241689773
508,16.933332,transport,unknown_no_ground_truth,0.5161793517738883,0.08748166438405675,0.23604973097931525,0.03500874756116335,2.2711074427455675,0.10556895,1.7264113,-2.2279532,0.09226167878974738,1.3359004161682564,0.09083677111000506,0.016152349284580016,-0.0296582377313368,0.01860111126983469
509,16.966667,transport,unknown_no_ground_truth,0.5159979638579755,0.08824821124362045,0.23507831962495446,0.03992548647814599,2.2711074427455675,0.10553941,1.6926981,-2.3542757,0.09119323499864387,1.237693830366156,0.08974874278551981,0.016166919246921898,-0.034948226492577485,0.019304557377472387
510,17.0,transport,unknown_no_ground_truth,0.5157186988910774,0.0890813475161531,0.2339728283457571,0.045522756386557776,2.2711074427455675,0.10553941,1.5840263,-2.7614658,0.08999249271962434,1.2310332182293442,0.08850688415513334,0.016284354547891886,-0.03999151735395742,0.021748560613475312
511,17.033333,transport,unknown_no_ground_truth,0.5152999564754184,0.09002013097880639,0.23271545674033406,0.051567068280085226,1.7438763316498171,0.10553941,1.4855943,-3.130288,0.08864140028862612,1.240774898293373,0.0870826824789447,0.016550053093562767,-0.045513706973212664,0.024241802914789667
512,17.066668,transport,unknown_no_ground_truth,0.5148177129514746,0.09102959920735049,0.23128739700188367,0.05514568312318146,1.7438763316498171,0.10553941,1.3731029,-3.5517898,0.08712579560397535,1.2460935160689655,0.08547256874857266,0.016892135778113118,-0.049477289471874145,0.024352498714479236
513,17.1,transport,unknown_no_ground_truth,0.5143805943420592,0.09202004048760806,0.22977078015201105,0.05609137265334976,1.7438763316498171,0.10553941,1.3948731,-3.4702172,0.08553308146634866,1.2412976987675737,0.08378417378281924,0.017208144834914122,-0.05122361563300662,0.02285570580006123
514,17.133333,transport,unknown_no_ground_truth,0.514055679922406,0.09299401869190453,0.22819818490050445,0.05719860403979035,1.7438763316498171,0.10550986,1.5368031,-2.9384098,0.08388914385580802,1.262616877840663,0.08205771336337421,0.017433305321561034,-0.05263445693950991,0.02238960130917027
515,17.166666,transport,unknown_no_ground_truth,0.5138573353294613,0.09400523725297566,0.2265574408342126,0.0592281658033759,2.212188288688577,0.10550986,1.5097975,-3.0395992,0.08217370425131677,1.287473379181141,0.0802752637516604,0.017561312592862584,-0.05433127096303063,0.023581531332250914
516,17.2,transport,unknown_no_ground_truth,0.5137681223323247,0.09507063649612274,0.22485206636418836,0.06206888898780479,2.428979011574455,0.10550986,1.4284004,-3.3445916,0.08039030023465514,1.3023804394063303,0.07843556026010336,0.0176199676078501,-0.056468377682771395,0.025765661296701093
517,17.233334,prealignment,unknown_no_ground_truth,0.5137635657361701,0.09621566277851637,0.22306058705298654,0.0628730238880506,2.5272323419291474,0.10550986,1.2389593,-4.054422,0.07851920264946856,1.3014639510987946,0.07651067623918059,0.01764600822088657,-0.05676516881525396,0.027032068774015455
518,17.266666,prealignment,unknown_no_ground_truth,0.5138553289988493,0.09732165963249435,0.22131742119278525,0.059575372975625575,2.6185958964959757,0.10550986,1.3940141,-3.4734359,0.0767034648971633,1.2815603624342244,0.07465127365664927,0.017624099088192496,-0.0537593246532178,0.02567411299373023
519,17.3,prealignment,unknown_no_ground_truth,0.5140221118835726,0.09828544464163495,0.21968079310029448,0.05374019733884174,2.6185958964959757,0.10550986,1.4726259,-3.1788802,0.07500723835798895,1.249880826234736,0.07292677617613273,0.017543406814196843,-0.04902244173935356,0.02201837904863434
520,17.333334,prealignment,unknown_no_ground_truth,0.5142198856159104,0.09903602637187738,0.21819269242870787,0.045852444309653524,2.6185958964959757,0.10548031,1.5251069,-2.9822352,0.0734750080672042,1.2243508313910583,0.07138306129621722,0.017407911145689424,-0.0425636167861031,0.017052424321944402
521,17.366667,prealignment,unknown_no_ground_truth,0.5143799562506566,0.09957601455683371,0.21693290232628637,0.0375359946047366,2.6185958964959757,0.10548031,1.4226738,-3.3660488,0.0721867644750047,1.2552866401905045,0.07008916554437002,0.017275353503291794,-0.03528482231808895,0.01280360124916841
522,17.4,prealignment,unknown_no_ground_truth,0.5144617596795221,0.10003590352692056,0.21591156229673655,0.030807143288460317,2.582207865918117,0.10548031,1.4681604,-3.195612,0.07114829045088578,1.2814515726786158,0.06903077585092633,0.01722879042483163,-0.02870895106331534,0.011174802299812324
523,17.433332,prealignment,unknown_no_ground_truth,0.5144703281735568,0.1005175539414522,0.215109899056857,0.02758862983612157,2.3562087161911767,0.10548031,1.6788342,-2.4062233,0.07033699996126057,1.3078886319630592,0.06817526479897262,0.017303954263125334,-0.023950653278478798,0.013693016605869949
524,17.466667,prealignment,unknown_no_ground_truth,0.5143892186727379,0.10116454359042665,0.2144611015668046,0.028026884244888414,1.8749410948406071,0.10548031,1.6115925,-2.658176,0.06968658745325836,1.3614800383197494,0.06743403490867309,0.017574737745311764,-0.020534760166344538,0.019074324768837404
525,17.5,prealignment,unknown_no_ground_truth,0.5142605052237044,0.10197398758073452,0.21395838979040344,0.02957077186732001,1.8311682383409158,0.10548031,1.6264198,-2.6026187,0.0691917021371413,1.397889114159185,0.0668062718221856,0.018011487719095734,-0.017412539445862428,0.02390050248165025
526,17.533333,prealignment,unknown_no_ground_truth,0.5141300812302625,0.10290400220413742,0.2135703881346514,0.030001601160755235,1.8311682383409158,0.10548031,1.536955,-2.9378407,0.06882247666608753,1.4194809205285244,0.0662732167320981,0.018557856515085843,-0.015261636481109377,0.025829799149964396
527,17.566668,prealignment,unknown_no_ground_truth,0.5140076052195401,0.10381901732256987,0.2132287013190987,0.02748500494556695,1.7079186226975807,0.105450764,1.4699782,-3.1888008,0.06851129278735714,1.4427281602753346,0.06578880278019959,0.0191214713906377,-0.014732932098976703,0.023202719854033958
528,17.6,prealignment,unknown_no_ground_truth,0.5138653591693347,0.10456847560563629,0.21285136037258648,0.023037881399831144,1.684661494514038,0.105450764,1.5321299,-2.9559202,0.06817302572550356,1.4774612795169502,0.06529102462350693,0.019612331329619703,-0.01578837019682529,0.01677710779367781
529,17.633333,prealignment,unknown_no_ground_truth,0.5137260119178659,0.10506642834241306,0.2123781363270979,0.019314550314952578,1.684661494514038,0.105450764,1.5141071,-3.023451,0.06773648823613879,1.5134292099027813,0.06473626089451134,0.019936107041303962,-0.01716247778401854,0.00886009086758735
530,17.666666,prealignment,unknown_no_ground_truth,0.513715600485077,0.10531958017269627,0.21181628950680326,0.018079303661847044,1.684661494514038,0.105450764,1.5432277,-2.9143372,0.06719092683298102,1.535031582318808,0.06414687696895635,0.01999496996258273,-0.017299585102422205,0.005252197271745205
531,17.7,prealignment,unknown_no_ground_truth,0.5139015351222669,0.10536546812913504,0.21122378022829472,0.019589371704981203,1.7079186226975807,0.105450764,1.4257268,-3.3546095,0.06658582271131334,1.5535689925489924,0.06358292559419397,0.019770770319480352,-0.016583047593127752,0.010428135802720354
532,17.733334,prealignment,unknown_no_ground_truth,0.5142412394312,0.10532314082303755,0.21062077505772625,0.021319674154314454,1.7079186226975807,0.105450764,1.4242905,-3.359991,0.06595146304868084,1.5719798110233658,0.06304133999981817,0.019374853013347976,-0.015820654973423186,0.014291094508750678
533,17.766666,prealignment,unknown_no_ground_truth,0.5146566776496704,0.10522257594676976,0.21002820238631192,0.021789738061901674,1.4261768995271558,0.10541384,1.4032959,-3.4386575,0.06531903518270438,1.5149191942521034,0.06252823142304395,0.018889061181160672,-0.015372055537815895,0.015443205410425325
534,17.8,prealignment,unknown_no_ground_truth,0.5150645119274558,0.10513122721339915,0.20943945519889173,0.02160685433454873,1.1999130379674956,0.10541384,1.343735,-3.6618304,0.06469355885443864,1.4898458697230446,0.06201655199947531,0.01841748721593402,-0.016254540935154816,0.014235380332881293
535,17.833334,prealignment,unknown_no_ground_truth,0.5153924135048253,0.10505229670334393,0.20880155784475757,0.021414791939124236,2.0659420582904575,0.10541384,1.3003653,-3.8243353,0.06402804270325604,1.5108836966396813,0.061444561891617386,0.018004334654665253,-0.018064092573797725,0.01150138571135001
536,17.866667,prealignment,unknown_no_ground_truth,0.5155852703398591,0.10497202354535398,0.20811971642848595,0.021812342505046784,2.0659420582904575,0.10541384,1.3526372,-3.6284742,0.0633302001983977,1.53419290778973,0.06081228197447384,0.01767994961039815,-0.020044231909026784,0.008602735189149028
537,17.9,prealignment,unknown_no_ground_truth,0.5156397883025687,0.10487206127119968,0.20738000015773878,0.023528520858713525,2.0659420582904575,0.10541384,1.3377253,-3.6843486,0.06258469188270772,1.5600462621826972,0.06010830023904085,0.017430889260929408,-0.022290435629195998,0.007531784201607693
538,17.933332,prealignment,unknown_no_ground_truth,0.515616476982625,0.10474874257486624,0.2065674593276376,0.026288712907057837,2.0659420582904575,0.10541384,1.3212312,-3.7461512,0.0617717642094723,1.6253711174515657,0.05932627570166144,0.01720883101553091,-0.025092699956575554,0.007839185876032198
539,17.966667,prealignment,unknown_no_ground_truth,0.5155213230525332,0.10461013899685528,0.20565111019724203,0.028481660841080374,2.339549162904057,0.10541384,1.2854469,-3.8802342,0.060860862113013135,1.699750452820714,0.05843540960790565,0.017010215786270502,-0.027288776200347115,0.008156451296593405
540,18.0,axial_advance_candidate,unknown_no_ground_truth,0.5153706847680244,0.104476213269028,0.2047044797214046,0.02956453631884527,2.339549162904057,0.10541384,1.2902945,-3.8620703,0.05992533778977362,1.794539577101995,0.0575070170537685,0.01685197610952641,-0.028434330968922523,0.00809633436180192
541,18.033333,axial_advance_candidate,unknown_no_ground_truth,0.5151653924587404,0.10436248467946276,0.20372846076128764,0.0303844826427065,2.339549162904057,0.10541384,1.4478943,-3.2715483,0.05896729224894103,1.897606594790643,0.05653981658828341,0.016744870717186618,-0.02939400572714374,0.007694752288252928
542,18.066668,axial_advance_candidate,unknown_no_ground_truth,0.5149539257557502,0.10427881305432436,0.20273198840945017,0.03018908749788021,2.339549162904057,0.1303657,1.4770509,-3.1622996,0.057992185900519015,1.998803244621187,0.05554737381648717,0.01666081893580842,-0.029427909849598987,0.00673640303415271
543,18.1,axial_advance_candidate,unknown_no_ground_truth,0.5148188548821022,0.10421272113237001,0.20175156718662574,0.028127888049457213,2.26679284365655,0.1303657,1.4256027,-3.3550746,0.057027722131981616,2.058691410869965,0.05457794348487395,0.016535089250572902,-0.02747146545749134,0.006041247531814771
544,18.133333,axial_advance_candidate,unknown_no_ground_truth,0.514833131905907,0.10416667788302375,0.20086408213675172,0.024889450855673508,2.26679284365655,0.1303657,1.4324545,-3.329401,0.05614214055364371,2.0965186491904517,0.053715970847416805,0.016325881962839035,-0.02370972339867341,0.0075719073063122925
545,18.166666,axial_advance_candidate,unknown_no_ground_truth,0.5150028677828503,0.10413456754149839,0.200104383980435,0.02175984788103943,2.1880956643716747,0.1303657,1.5517921,-2.8822463,0.055368641865644705,2.130188991704842,0.05299731947719742,0.016030303499244638,-0.01928684498673195,0.010075147158416543
546,18.2,axial_advance_candidate,unknown_no_ground_truth,0.5152838728155357,0.10411387015929724,0.19948622366731356,0.01861461400156554,2.099814258287992,0.1303657,1.5470082,-2.9001718,0.05472583725690455,2.1541400970104516,0.052430157665638986,0.015684254225988556,-0.014847046236547467,0.01122804847144425
547,18.233334,axial_advance_candidate,unknown_no_ground_truth,0.5155942574578182,0.10410763300295131,0.19901368807012254,0.014048774011839116,1.8157070237506956,0.1303657,1.4852818,-3.1314585,0.054226742598620085,2.124873316051941,0.05200750982017368,0.015354430473369448,-0.009644150008934593,0.010215596988962175
548,18.266666,axial_advance_candidate,unknown_no_ground_truth,0.5158695785511664,0.1041243260080396,0.19875546794573234,0.008798564119032962,1.2456047101098753,0.1303657,1.5005171,-3.0743723,0.053946206532579886,2.1110128227055216,0.05178722418297302,0.015108825588981438,-0.004687178869167677,0.007446145634162838
549,18.3,axial_advance_candidate,unknown_no_ground_truth,0.5160463130233457,0.10416259613136647,0.19864398583077478,0.004378683866091839,0.8050306155413155,0.1303657,1.5298694,-2.96439,0.0538218780941185,2.1129585798329407,0.05169503601673426,0.014980581190551366,-0.0019291132731067153,0.003930826169992318
550,18.333334,axial_advance_candidate,unknown_no_ground_truth,0.5161055374047594,0.1042090302105333,0.1986059784745141,0.0016421511109799992,0.6901071140714855,0.1303657,1.5054612,-3.055847,0.05378103266420973,2.116610225412613,0.05165860320630887,0.014959551771424471,-0.0009556746375524039,0.0013354198809482833
551,18.366667,axial_advance_candidate,unknown_no_ground_truth,0.5160864384322194,0.10424654092505108,0.19858626717514966,0.0021568711749884676,0.6901071140714855,0.1303657,1.5413239,-2.9214704,0.053764479428228436,2.119817121495561,0.05163133788759674,0.014994138725689304,-0.001736670136845972,0.0012790895595240883
552,18.4,axial_advance_candidate,unknown_no_ground_truth,0.5160227931073831,0.10427497350951426,0.1985086121608064,0.005186161296252631,0.6901071140714855,0.1303657,1.4190043,-3.3797984,0.053693560416119605,2.1257775608356653,0.0515428269711518,0.015044448078324219,-0.004765460373417002,0.002046132063221007
553,18.433332,axial_advance_candidate,unknown_no_ground_truth,0.5159104417165312,0.10429696939139957,0.1982929798825763,0.009906713077836672,0.6901071140714855,0.1303657,1.4087038,-3.418394,0.05348924995548255,2.144680683364186,0.051313645397169975,0.015099988637531718,-0.009618798317584642,0.0023710088427104288
554,18.466667,axial_advance_candidate,unknown_no_ground_truth,0.5157946764581618,0.10430769222302236,0.19788963160297796,0.014765923184424759,1.2584570612973425,0.1303657,1.359837,-3.6014965,0.0530982769796653,2.1781081989289435,0.050901539837054775,0.015114901932397066,-0.014646942966264866,0.00187070821650966
555,18.5,axial_advance_candidate,unknown_no_ground_truth,0.5157663383557309,0.10431710408011521,0.19731940973643775,0.019038654207659367,1.4308637623042868,0.1303657,1.3734654,-3.5504313,0.05253376027908781,2.198831558777617,0.05033719301545268,0.015032064674745304,-0.018469451791492873,0.004620574050975321
556,18.533333,axial_advance_candidate,unknown_no_ground_truth,0.5158979015151534,0.10433516566449384,0.19662491037598512,0.02296943680940283,1.8411608257559435,0.24192515,1.4382924,-3.3075266,0.051831765461948974,2.2268785467184657,0.049670261917047855,0.014812055630274712,-0.020936824118148803,0.009446926652983623
557,18.566668,axial_advance_candidate,unknown_no_ground_truth,0.5161876440141233,0.1043626298340031,0.1958478839294429,0.026578751949760834,1.8411608257559435,0.24192515,1.5833794,-2.7638898,0.05103467786128026,2.257814425968249,0.048941367746879745,0.0144665430379662,-0.022794948538382168,0.01366822506177829
558,18.6,axial_advance_candidate,unknown_no_ground_truth,0.5165858874911969,0.10438474302591794,0.1949927423746033,0.02925258211307715,1.8411608257559435,0.24192515,1.4648526,-3.2080064,0.05015208784940508,2.2476068136554224,0.04815059660746859,0.014026830076652296,-0.024353095737660008,0.016206180557882453
559,18.633333,axial_advance_candidate,unknown_no_ground_truth,0.5170242166642154,0.1043859975005309,0.19408644843876713,0.030243814391139958,1.6005555833226517,0.24192515,1.3852011,-3.506458,0.04921697200100104,2.2363347511628877,0.047317852907126534,0.01353998261471767,-0.025387710233366022,0.016436315829052653
560,18.666666,axial_advance_candidate,unknown_no_ground_truth,0.5174159069768768,0.10436474895380757,0.19315540062988906,0.029682991532902585,1.6005555833226517,0.24192515,1.415619,-3.392483,0.04826190660507346,2.256921083754136,0.04645810852483499,0.013071181333433,-0.026007186858143117,0.014307558074947463
561,18.7,axial_advance_candidate,unknown_no_ground_truth,0.5176850810082282,0.10432024552486364,0.19222232794038685,0.028234522858452734,1.307281271957876,0.24192515,1.4829245,-3.1402915,0.047313057664745986,2.2943390546093934,0.04558400184863671,0.012673760335869684,-0.025873521673034708,0.011302617275635465
562,18.733334,axial_advance_candidate,unknown_no_ground_truth,0.5178383089378642,0.10425131791897412,0.19132459234681576,0.02548699550681311,1.1437706755760626,0.12698264,1.4895594,-3.1154306,0.04640569217265021,2.326068274035078,0.04473319718496217,0.012346227587164466,-0.023846147549473444,0.008997121040258018
563,18.766666,axial_advance_candidate,unknown_no_ground_truth,0.51793573078218,0.10417904919865024,0.19054775250647893,0.020849821870543885,1.0006074071535875,0.12698264,1.5160452,-3.016189,0.04562206279455565,2.3537639875642506,0.04399428303692742,0.012077900218874905,-0.01958792658056003,0.007143402852142673
564,18.8,axial_advance_candidate,unknown_no_ground_truth,0.5180089580964118,0.1041200620500933,0.18995139951910836,0.015065050256605086,0.7307700960577559,0.12698264,1.5086738,-3.0438097,0.045020483461628846,2.3744341966533313,0.043427355421512034,0.011870498397812316,-0.01415467321127229,0.005157612385215432
565,18.833334,axial_advance_candidate,unknown_no_ground_truth,0.5180549382670032,0.10408040563238391,0.1895553959927549,0.009553066505538946,0.5628604115442654,0.12698264,1.5125453,-3.0293028,0.044621162572864255,2.388697204634839,0.04305062201192691,0.011734227445391356,-0.009023283607159982,0.003137105768699554
566,18.866667,axial_advance_candidate,unknown_no_ground_truth,0.5180728312665441,0.10405906296862732,0.18932067317775042,0.005192267525001652,0.28748504009369524,0.12698264,1.5396295,-2.9278195,0.0443850880469899,2.397885723642686,0.04282580081180454,0.011661338935417643,-0.004949596441057612,0.0015688011734622711
567,18.9,axial_advance_candidate,unknown_no_ground_truth,0.5180751006137368,0.10404728572559893,0.1892114286816623,0.002246233797598543,0.22341577910923927,0.12698264,1.5080701,-3.0460715,0.04427546001006457,2.402713714912201,0.04272065397174794,0.011630222840900503,-0.002136765538200154,0.0006926754710787585
568,18.933332,axial_advance_candidate,unknown_no_ground_truth,0.5180755646206924,0.10403969263368684,0.1891722098128814,0.0008318021982551983,0.22341577910923927,0.11472831,1.589363,-2.7414694,0.04423597107265684,2.4039237525161905,0.042683351958578176,0.01161691018821585,-0.000800725870027113,0.00022523982350264565
569,18.966667,axial_advance_candidate,unknown_no_ground_truth,0.5180718282628047,0.10404073247726955,0.18915644768008216,0.0007485342292117336,0.22341577910923927,0.11472831,1.6227003,-2.6165555,0.044220497856843684,2.404563776970694,0.04266725839841434,0.011617120618727259,-0.0006719736506900473,0.0003297800859359075
570,19.0,axial_advance_candidate,unknown_no_ground_truth,0.5180584472847949,0.10406456315829847,0.18913249877277688,0.0015901135021268906,0.22341577910923927,0.11472831,1.5256358,-2.9802532,0.044198419527660605,2.4059173900343582,0.04263856818220241,0.011638418797876573,-0.0011292025603283624,0.0011195367467815049
571,19.033333,axial_advance_candidate,unknown_no_ground_truth,0.5180381665193728,0.10412110028093416,0.18909607249462973,0.0028065254941824413,0.26773116022900617,0.11472831,1.5616264,-2.8453975,0.044165818887447986,2.4116225249020884,0.042591979381178556,0.011685155129142193,-0.0019180710114009467,0.0020488018314906266
572,19.066668,axial_advance_candidate,unknown_no_ground_truth,0.5180019195664621,0.10421151562140428,0.1890313920046906,0.004106131634612126,0.4519043716782699,0.11472831,1.5330459,-2.952488,0.04410767025569607,2.4195648233359317,0.04251067874333164,0.011761325102490252,-0.003008951731106426,0.0027940161919062117
573,19.1,axial_advance_candidate,unknown_no_ground_truth,0.5179456845579145,0.10432091242691774,0.1889334358562175,0.005342417466440665,0.5284912802848446,0.11472831,1.4706992,-3.1860993,0.044018697463697305,2.427601724557648,0.042391396423271756,0.011858129518837869,-0.00435832743342844,0.0030897259374830263
574,19.133333,axial_advance_candidate,unknown_no_ground_truth,0.5178644483916054,0.10442960436600782,0.18878565665235106,0.006596992334933224,0.5347567322018584,0.11102025,1.4798177,-3.1519322,0.043881885679184315,2.436797557824094,0.0422201280330278,0.011961633652463263,-0.006090120476774,0.0025358904640275233
575,19.166666,axial_advance_candidate,unknown_no_ground_truth,0.5177885868533079,0.10450862819879014,0.18856805829335951,0.008269837434298386,0.6943351291421663,0.11102025,1.4849842,-3.1325738,0.04367398003089156,2.4548926942436853,0.04198539461239572,0.012026768933513577,-0.008255097959366195,0.0004935269708850594
576,19.2,axial_advance_candidate,unknown_no_ground_truth,0.5177797627418506,0.10453910078931183,0.18825196726539556,0.010837863166239881,0.8125995740140805,0.11102025,1.4557835,-3.241988,0.04336128681061372,2.466078564419951,0.041669761872166464,0.011993003768416216,-0.010495242096523244,0.002703547918107887
577,19.233334,axial_advance_candidate,unknown_no_ground_truth,0.5178527942530822,0.10452356679271138,0.18784855181991966,0.013562404462680297,0.9127895023304885,0.11102025,1.461672,-3.219924,0.04295391563354803,2.480556245412491,0.041285720639854334,0.011854456524947408,-0.01234523083587034,0.005615522274767194
578,19.266666,axial_advance_candidate,unknown_no_ground_truth,0.5179937992745633,0.10447748586544595,0.18737568377488328,0.015373837172398175,0.9127895023304885,0.11102025,1.4671432,-3.1994236,0.042471606395116435,2.497556159868514,0.040846759093459355,0.01163527487181075,-0.013386050561014516,0.007560986693638266
579,19.3,axial_advance_candidate,unknown_no_ground_truth,0.5181735810883523,0.1044175980232677,0.18688092569276998,0.015641273955734277,0.9127895023304885,0.11102025,1.4780922,-3.158398,0.04196486004575815,2.5010903043711066,0.040393330942642795,0.011376655660527181,-0.013430730597307,0.00801654081140319
580,19.333334,axial_advance_candidate,unknown_no_ground_truth,0.5183423997023456,0.10436127673009223,0.18639980834888326,0.014413232086334972,0.7517882615341697,0.11102025,1.4781352,-3.1582367,0.04147305281233335,2.5173000515160617,0.039951351516581024,0.01113120036533212,-0.01268924611034462,0.006835516975742205
581,19.366667,axial_advance_candidate,unknown_no_ground_truth,0.5184507941784156,0.10431408175813478,0.18596672714277446,0.012174066270119917,0.7517882615341697,0.11102025,1.4762634,-3.1652503,0.04103311104480406,2.533606377266979,0.039547381888294195,0.010941699493069685,-0.011308061068607394,0.004509506005974187
582,19.4,axial_advance_candidate,unknown_no_ground_truth,0.5184699308508077,0.1042799549997245,0.18560243508096155,0.009931367884166426,0.6992101850329987,0.11102025,1.5037969,-3.062083,0.04066699248219375,2.545980443438027,0.03919749232958128,0.010833322326009687,-0.009632676981457112,0.0024173543847683205
583,19.433332,axial_advance_candidate,unknown_no_ground_truth,0.5184200507492978,0.10425800094760486,0.18530774224318602,0.00819198516021603,0.605558628412667,0.11102025,1.4313217,-3.3336453,0.040374407280540675,2.56170870070916,0.03890521326240729,0.010792457748890398,-0.00798761384274215,0.001818418533900731
584,19.466667,axial_advance_candidate,unknown_no_ground_truth,0.5183609209330099,0.10424394290934114,0.1850684833456958,0.0063858381684884415,0.57200842173631,0.11102025,1.4871972,-3.124282,0.0401381192873623,2.577203498171424,0.03866496647051742,0.010774459975343964,-0.006222538632078226,0.001434901420452933
585,19.5,axial_advance_candidate,unknown_no_ground_truth,0.5183184199758056,0.10423614963527567,0.18489491582467277,0.004582140380978783,0.5457501741514804,0.11102025,1.4207094,-3.3734097,0.0399668973491489,2.589093210896464,0.0384903821504213,0.010763055589930537,-0.00449367739788451,0.0008960323179095169
586,19.533333,axial_advance_candidate,unknown_no_ground_truth,0.5183019239003281,0.1042318016776474,0.18476900933487872,0.0032360316288123575,0.5088907765884856,0.11102025,1.4506253,-3.2613156,0.03984202187919616,2.594726422811399,0.03836539256750651,0.01074631846557049,-0.0031768679756573074,0.0006159631222053827
587,19.566668,axial_advance_candidate,unknown_no_ground_truth,0.5183060408439863,0.10422952957839218,0.18467962369139976,0.002417183003187848,0.3341974957194283,0.11102025,1.5154774,-3.0183165,0.03975255492770526,2.5989398315139125,0.03827857621485462,0.01072456182059622,-0.0023153718663526265,0.0006941374441729679
588,19.6,axial_advance_candidate,unknown_no_ground_truth,0.5183190439140997,0.10422789605255839,0.1846088282006748,0.0020171232577845142,0.22245361736248606,0.11102025,1.4718355,-3.1818416,0.03968117401287924,2.6021265115925734,0.03821104535487131,0.01070100854725248,-0.0018739305329619673,0.0007464386074742447
589,19.633333,axial_advance_candidate,unknown_no_ground_truth,0.5183332265904741,0.10422490711712755,0.18454800869120713,0.0016856132949566408,0.20953203126528938,0.11102025,1.4855778,-3.1303494,0.03961960329816422,2.6062054951942324,0.038153649426831276,0.010677640231734831,-0.0015503401469589828,0.0006616174188016696
590,19.666666,axial_advance_candidate,unknown_no_ground_truth,0.5183437067687925,0.10422203355314424,0.1844993523906878,0.0013489519638726047,0.14854100355834537,0.11102025,1.4423465,-3.2923362,0.03957036827613592,2.608888177661446,0.038107690928708506,0.010659171524609748,-0.0012878267656726246,0.0004014643476735444
591,19.7,axial_advance_candidate,unknown_no_ground_truth,0.5183421893265584,0.10422045676052982,0.1844586280262954,0.0012709701036909837,0.15002163784818856,0.10547293,1.4917153,-3.1073525,0.03952975983619048,2.6116682270662843,0.0380677794357001,0.010651107057099148,-0.001248918960849446,0.00023572533530999645
592,19.733334,axial_advance_candidate,unknown_no_ground_truth,0.5183321188640877,0.10421865173111186,0.18441550014936414,0.0015114233785743672,0.15002163784818856,0.10547293,1.4723786,-3.1798065,0.03948720587348738,2.6137660436168977,0.0380244428140084,0.010648059747173684,-0.001471167387944529,0.0003465070647903542
593,19.766666,axial_advance_candidate,unknown_no_ground_truth,0.5183177076255429,0.10421498966256748,0.18436104043632867,0.00212412282423837,0.20953203126528938,0.10547293,1.5370471,-2.9374955,0.03943349303346184,2.6144691375283946,0.03796970311259859,0.010644342082120641,-0.002061179080301329,0.0005132626728864642
594,19.8,axial_advance_candidate,unknown_no_ground_truth,0.5182998456919767,0.10420786243718874,0.18427804361810363,0.0032559882495784257,0.20953203126528938,0.10547293,1.4456183,-3.2800767,0.0393513374751416,2.617802206246417,0.03788703298076558,0.010634871555259344,-0.0031603677824126,0.000783284725550835
595,19.833334,axial_advance_candidate,unknown_no_ground_truth,0.5182755280859158,0.10419600623451578,0.1841489363337474,0.00466531727523781,0.4545305931091659,0.10547293,1.3945452,-3.471446,0.039223327918723766,2.6278830090711947,0.03775899245577513,0.010617341557303891,-0.004526378012216327,0.0011300829036654443
596,19.866667,axial_advance_candidate,unknown_no_ground_truth,0.5182423018165925,0.10417939688718617,0.18397373665237493,0.005739436153802028,0.4545305931091659,0.10547293,1.4515855,-3.2577176,0.03904964395299285,2.641240453219547,0.03758528706871444,0.01059343611949583,-0.005566558181734348,0.0013980548533359537
597,19.9,axial_advance_candidate,unknown_no_ground_truth,0.5182046829149585,0.10416043818253348,0.1837746150820192,0.006041559812840264,0.4545305931091659,0.10547293,1.4519991,-3.2561681,0.03885229184933299,2.653748844895544,0.037387894263095675,0.010566264454258388,-0.005863295365072352,0.0014567815327109165
598,19.933332,axial_advance_candidate,unknown_no_ground_truth,0.5181764186492472,0.1041413290534538,0.183578224987606,0.006118909004837586,0.4692767520992926,0.11641984,1.4818815,-3.1441994,0.03865716110379507,2.6648693142586524,0.037194406700255554,0.01053338572448344,-0.005915582215853674,0.0015642680259336083
599,19.966667,axial_advance_candidate,unknown_no_ground_truth,0.5181842227128679,0.10411993088898021,0.18336920052608768,0.006801370737961074,0.4857922585321172,0.11641984,1.4598299,-3.226826,0.03844719213866516,2.6709510914597736,0.036993502398232056,0.010472218659836855,-0.006376707978191237,0.0023656371818318632
600,20.0,axial_advance_candidate,unknown_no_ground_truth,0.5182309452899393,0.10409377956315828,0.18313061302378555,0.008345217539042767,0.4857922585321172,0.11641984,1.4490461,-3.2672327,0.03820519908387796,2.677583984796182,0.036769302480611596,0.010375723209879862,-0.007456741392794246,0.003746953906166442
601,20.033333,axial_advance_candidate,unknown_no_ground_truth,0.5183229920620922,0.10405437350697037,0.18283444943735466,0.010898267548331323,0.5540164896516121,0.11641984,1.4274948,-3.347985,0.03790253724135649,2.6869685588376795,0.03649639392225779,0.010228174812927288,-0.009408247850936349,0.00550064613753359
602,20.066668,axial_advance_candidate,unknown_no_ground_truth,0.5184550267350181,0.10399330609484557,0.18244680450675,0.013842073888735974,0.7069349860451805,0.11641984,1.4375392,-3.3103487,0.03750551643664566,2.6934968158987886,0.03614205893349653,0.010020745442688467,-0.012058015476572162,0.006797593126097829
603,20.1,axial_advance_candidate,unknown_no_ground_truth,0.5185942436051724,0.10393130150384418,0.18196103444290274,0.016067810693509297,0.7871334996672966,0.11641984,1.4559685,-3.2412946,0.03701058381470762,2.7058876598828276,0.035692534860387565,0.009789089311346392,-0.01457570553809133,0.006761904210302404
604,20.133333,axial_advance_candidate,unknown_no_ground_truth,0.5187086104550602,0.10390528304627997,0.18140981150786564,0.01690670353807532,0.8745445019554821,0.119322754,1.4675765,-3.1978,0.036453756564396644,2.725564796201286,0.03517036011968328,0.009587603282785713,-0.01605558215903452,0.005296688216127211
605,20.166666,axial_advance_candidate,unknown_no_ground_truth,0.5187693519572919,0.10393657677723035,0.18084763635386258,0.01637312582589316,0.9777988299688253,0.119322754,1.4591206,-3.2294838,0.03589169229073875,2.7471388488766557,0.034622179116835836,0.009461410502394012,-0.016091123552041568,0.003025721755790333
606,20.2,axial_advance_candidate,unknown_no_ground_truth,0.518767771702876,0.10403245363901079,0.18032729752306342,0.015231196258412783,1.1360580448145268,0.119322754,1.5894514,-2.741138,0.035378010116960616,2.7674490425517124,0.03409759168264835,0.009431746459651969,-0.015106575206841766,0.0019444086459181555
607,20.233334,axial_advance_candidate,unknown_no_ground_truth,0.5187163210562886,0.10418797090357206,0.17986526016747656,0.014107970430769072,1.1728218521772897,0.119322754,1.5259082,-2.9792325,0.03492899626082838,2.7919678325434285,0.03361507204622897,0.009490084884541294,-0.01361344712940974,0.003702551408180604
608,20.266666,axial_advance_candidate,unknown_no_ground_truth,0.5186168951035498,0.10440597735224676,0.17947742198938682,0.013052932246074702,1.1794282076449016,0.119322754,1.5078964,-3.0467224,0.03456179141558524,2.817073954969417,0.03319004244649049,0.009640462035326992,-0.011764552614910523,0.0056545859257437015
609,20.3,axial_advance_candidate,unknown_no_ground_truth,0.5184991472011997,0.10465455763136472,0.17916358409122712,0.011815545234571205,1.1794282076449016,0.119322754,1.5257645,-2.9797714,0.03427375362490793,2.8406785541888087,0.032830780555770586,0.009840225385616179,-0.00998853713563439,0.006311595288059193
610,20.333334,axial_advance_candidate,unknown_no_ground_truth,0.5183819902595128,0.10488897185719051,0.17890118800714305,0.010399296433924581,1.1728218521772897,0.119322754,1.6009017,-2.698234,0.034038339033608776,2.8641315245724783,0.03252412031615012,0.01003942836158944,-0.00869717673808781,0.0057012703064405566
611,20.366667,axial_advance_candidate,unknown_no_ground_truth,0.5182699242125666,0.10507906818680858,0.1786656979703262,0.008952423026469656,1.1728218521772897,0.119322754,1.5569332,-2.862983,0.03382775682028989,2.887979329248348,0.03225097282908367,0.010207442533287954,-0.007775000888916929,0.0044379318631773855
612,20.4,axial_advance_candidate,unknown_no_ground_truth,0.518174845056806,0.10521884860081054,0.17844900973929662,0.007487684584799706,0.8338722972324014,0.119322754,1.5067422,-3.051047,0.03363167579823207,2.904369905237627,0.03200579486552861,0.010330474917596543,-0.006911378681702148,0.0028806709564891684
613,20.433332,axial_advance_candidate,unknown_no_ground_truth,0.5180991073972543,0.10529814073106608,0.17825096812271826,0.006051451741720491,0.664624805219699,0.119322754,1.4772689,-3.1614826,0.0334478983057616,2.9195186899881618,0.03179022131010756,0.01039921776514722,-0.0058910121032657225,0.0013842126215104138
614,20.466667,axial_advance_candidate,unknown_no_ground_truth,0.5180443620293753,0.10531910674695147,0.1780806411728969,0.004778177464332066,0.6606910490726201,0.119322754,1.476416,-3.1646786,0.033284822565816226,2.9340776515088,0.03161304397717849,0.01041608677646492,-0.004672503089893134,0.0009993471646979933
615,20.5,axial_advance_candidate,unknown_no_ground_truth,0.5180081623178756,0.10530058724304062,0.17794570441404245,0.0037817798014470275,0.47944149746088693,0.119322754,1.4357309,-3.3171244,0.03315175542292884,2.9448347808471325,0.03147872816110034,0.01039848839886067,-0.0035751412064272178,0.0012329735685483512
616,20.533333,axial_advance_candidate,unknown_no_ground_truth,0.5179811337683016,0.10527871850045943,0.17783994874654607,0.0029039404713185036,0.47944149746088693,0.119322754,1.4562522,-3.2402318,0.03304668928672958,2.9532744493067256,0.03137470488200253,0.010378418298608645,-0.0027249961143447437,0.0010036266426154611
617,20.566668,axial_advance_candidate,unknown_no_ground_truth,0.5179588134660063,0.10526567377407334,0.17776176686340972,0.003218411929955875,0.47944149746088693,0.119322754,1.4457698,-3.279509,0.03296952658245815,2.9592337050658033,0.0312970471672717,0.010367474218968931,-0.00306146508142429,0.0009927773698579514
618,20.6,axial_advance_candidate,unknown_no_ground_truth,0.5179164432496218,0.10525471289262915,0.1776368072408063,0.005312976804511739,0.47944149746088693,0.119322754,1.37077,-3.5605311,0.03284773307928878,2.96545824783821,0.03117062092545122,0.01036175465691141,-0.005061580220860591,0.0016149700285369437
619,20.633333,axial_advance_candidate,unknown_no_ground_truth,0.5178433624630394,0.10523491253188633,0.17742833394368568,0.008890502912452703,0.5369354121515534,0.11993585,1.3736383,-3.5497837,0.032644770664159745,2.9777073882504412,0.030959613656161202,0.010352940354161285,-0.008541484604024414,0.002466593358367749
620,20.666666,axial_advance_candidate,unknown_no_ground_truth,0.5177520625083986,0.10520114181428908,0.17706989290283934,0.013485706000788166,1.0499853790802474,0.11993585,1.3489487,-3.6422946,0.03229349692170657,3.001565871010851,0.030601197343433573,0.010316814652813436,-0.013069249149572028,0.0033255064285165393
621,20.7,axial_advance_candidate,unknown_no_ground_truth,0.5176729021744251,0.10514946176627762,0.17654970119035557,0.01747387007016622,1.0499853790802474,0.11993585,1.42876,-3.343244,0.03177951508660429,3.045425701970627,0.03008829626797863,0.010228978777475915,-0.01693012625410106,0.0043251543613204
622,20.733334,axial_advance_candidate,unknown_no_ground_truth,0.5176400254530952,0.10508316793079302,0.17591639042206442,0.020160897216339277,1.0499853790802474,0.124951325,1.4093469,-3.4159844,0.03114825933411363,3.0812528948826654,0.029472526622168937,0.010078900438576637,-0.019387006304836606,0.00553224756351543
623,20.766666,axial_advance_candidate,unknown_no_ground_truth,0.5176550126167583,0.10500745861814642,0.1752133043570569,0.021625884314662766,1.1136729995814811,0.124951325,1.4892067,-3.1167521,0.03044274906070311,3.1120610961296347,0.028795848984341583,0.009877249194180242,-0.020631188777870103,0.006483280188536032
624,20.8,axial_advance_candidate,unknown_no_ground_truth,0.5176918207859091,0.10492670174067242,0.1744841388222455,0.021960435631301116,1.3178249750431008,0.124951325,1.4723314,-3.1799834,0.029708943605743686,3.1369948162983694,0.028097135111231582,0.009652581453189406,-0.020922655859977643,0.00667107224375984
625,20.833334,axial_advance_candidate,unknown_no_ground_truth,0.5177163510305196,0.10484706169845341,0.17375935219138966,0.0213718193420961,1.3178249750431008,0.124951325,1.4293517,-3.341027,0.028980787998148964,3.160066851832592,0.027400973274169994,0.009437835377981364,-0.02049298098013154,0.006065673296441225
626,20.866667,axial_advance_candidate,unknown_no_ground_truth,0.5176974447839238,0.10477278459284475,0.17306769008142212,0.019541110131861994,1.1136729995814811,0.124951325,1.4258318,-3.354216,0.028290266272093974,3.1947840050285903,0.026730930023346044,0.009262642486512953,-0.018891261962366963,0.004997520050463693
627,20.9,axial_advance_candidate,unknown_no_ground_truth,0.5176271436842458,0.10471076898136042,0.17246685553563917,0.01690364607695905,0.8764470546637029,0.124951325,1.5404928,-2.9245846,0.027696368125465134,3.2412507091503824,0.026141575106973545,0.009149145220606256,-0.01639074942726578,0.004132382352551574
628,20.933332,axial_advance_candidate,unknown_no_ground_truth,0.5175254625028612,0.10466090981988549,0.1719596319723036,0.013556817623343464,0.7969896228930535,0.124951325,1.4941578,-3.0982006,0.02720028516512786,3.2810486829658947,0.025638230137610712,0.009084969371174813,-0.01311289950987461,0.0034408095728369185
629,20.966667,axial_advance_candidate,unknown_no_ground_truth,0.5174316336218567,0.10462545056527262,0.1715885796549303,0.009075988083308204,0.7969896228930535,0.124951325,1.4778003,-3.1594918,0.026840243744888685,3.3017849609165784,0.025267364367496655,0.009053120026001895,-0.00875562336722654,0.0023901086041494273
630,21.0,axial_advance_candidate,unknown_no_ground_truth,0.5173756514970302,0.10460576773787883,0.17137600568258848,0.00468375949799336,0.6034968234202636,0.124951325,1.44008,-3.3008282,0.02663460400481058,3.31649672917789,0.02505451835716009,0.009037324846645703,-0.004521772025293376,0.0012211391347087585
631,21.033333,axial_advance_candidate,unknown_no_ground_truth,0.5173541983129221,0.10459798941519607,0.17128733701469956,0.0016479057164401568,0.5424410377173572,0.124951325,1.4717052,-3.1823297,0.026548717593947262,3.3219316054233854,0.024965917518023142,0.009029804447851026,-0.0015923775248484606,0.00042417810956441146
632,21.066668,axial_advance_candidate,unknown_no_ground_truth,0.5173486590172286,0.10459636933812295,0.1712699123737893,0.000247086170730259,0.5424410377173572,0.124951325,1.4678338,-3.196836,0.026531991236498735,3.3220366345651153,0.024948349222198185,0.009029198749661514,-0.00023388864709302835,7.967230715333638e-05
633,21.1,axial_advance_candidate,unknown_no_ground_truth,0.5173474374995602,0.10459798260329586,0.17127233898536615,0.00022730166630184859,0.40330822260408067,0.124951325,1.4942565,-3.0978308,0.02653468860791263,3.322109585164917,0.024950336888264528,0.009031632669733352,0.0002109762772799998,8.45875754982348e-05
634,21.133333,axial_advance_candidate,unknown_no_ground_truth,0.5173504907943176,0.10459989550156062,0.1712845353216866,0.00025755216625078455,0.2251933719284689,0.124951325,1.494393,-3.0973194,0.026546567604762733,3.322506742601972,0.024962414091843074,0.00903316856377609,0.00024947077431372865,6.401133574438551e-05
635,21.166666,axial_advance_candidate,unknown_no_ground_truth,0.5173518598370681,0.10459915463463146,0.17128888812729318,4.9781592307669345e-05,0.16511535138811734,0.124951325,1.4547653,-3.2458029,0.026550637608974834,3.3225182293144866,0.02496696801839049,0.009032544791573161,4.711442003901295e-05,1.607601807272123e-05
636,21.2,axial_advance_candidate,unknown_no_ground_truth,0.5173515876631363,0.10459866867796934,0.17128739723428077,4.1062208453238734e-05,0.16511535138811734,0.124951325,1.4712422,-3.1840646,0.026549149311266684,3.322529509826235,0.024965541478278907,0.009032113144124566,-3.973317995220164e-05,1.0362401938893908e-05
637,21.233334,axial_advance_candidate,unknown_no_ground_truth,0.5173510129026901,0.10459996096124602,0.171286432191482,5.784037621688061e-05,0.16511535138811734,0.124951325,1.4551076,-3.2445207,0.026548387316141064,3.3225479014728045,0.02496433236667237,0.009033215295461213,-2.9283885141705754e-05,4.98794866845848e-05
638,21.266666,axial_advance_candidate,unknown_no_ground_truth,0.5173522404553946,0.10459580770543475,0.17128489580025086,0.00018502797852679417,0.06524163159008056,0.12729287,1.3954,-3.468243,0.026546325271702073,3.3226890778318525,0.02496358924918224,0.009029208006747946,7.396417582535048e-06,0.0001848800850407003
639,21.3,axial_advance_candidate,unknown_no_ground_truth,0.5173583065730754,0.10459019775139947,0.17128452573749103,8.573120861979829e-05,0.06524163159008056,0.12729287,1.4155546,-3.3927243,0.026544708711479875,3.322813235785608,0.02496482545362263,0.009021033790396272,-6.077380173004693e-05,6.046805069363754e-05
640,21.333334,axial_advance_candidate,unknown_no_ground_truth,0.5173525274655536,0.10460030769688648,0.17128138295615525,0.0011518878886700651,0.06524163159008056,0.12729287,1.388079,-3.4956746,0.026543251910654764,3.323389336479437,0.024959523959501267,0.00903141105849801,-0.0004002858670367398,0.0010801004271434327
641,21.366667,axial_advance_candidate,unknown_no_ground_truth,0.5173203838586798,0.10465578421582059,0.17127206516422544,0.002879991190105217,0.06524163159008056,0.12729287,1.3659847,-3.5784614,0.02654323826906524,3.323823176921545,0.024938153565445664,0.009090214219402046,-0.0009128393074985962,0.00273149659596514
642,21.4,axial_advance_candidate,unknown_no_ground_truth,0.5172595808462107,0.10476641490945954,0.17125624404813702,0.004794494499160444,0.4886576221944512,0.12729287,1.40791,-3.4213686,0.02654600904770092,3.3272062890456056,0.02489866893811101,0.009205806942955353,-0.0014907637915019636,0.004556841101072809
643,21.433332,axial_advance_candidate,unknown_no_ground_truth,0.5171685727737921,0.10493420184617577,0.1712320761632069,0.006544893192847026,1.0671522943796157,0.12808324,1.4288926,-3.3427472,0.026551053209266373,3.3392541076216102,0.024838770835457564,0.009380505844831447,-0.0020079992566581603,0.006229250829035192
644,21.466667,axial_advance_candidate,unknown_no_ground_truth,0.5170569769395996,0.1051492243057357,0.17120327449282297,0.007593233779041347,1.3495109537727836,0.12808324,1.3794328,-3.5280719,0.02656104266631901,3.3514737170113453,0.024764786456663964,0.00960178833748444,-0.0022939234300492113,0.007238446968808004
645,21.5,axial_advance_candidate,unknown_no_ground_truth,0.5169349228996833,0.10537936863318867,0.17117304985326576,0.007563244892150278,1.3495109537727836,0.12808324,1.3978785,-3.4589562,0.026575151961071963,3.3610171031642184,0.02468585410573943,0.009841103028838533,-0.0023217072479275788,0.007198079518424191
646,21.533333,axial_advance_candidate,unknown_no_ground_truth,0.5168114855556253,0.10558543003981041,0.17114257152134205,0.0065871262535753435,1.39804308950709,0.12808324,1.3849312,-3.5074694,0.026588566036366466,3.37271358385114,0.02461000834503587,0.010064756983031692,-0.0021130081320498966,0.006239024676536593
647,21.566668,axial_advance_candidate,unknown_no_ground_truth,0.5166956712469442,0.10574301339201489,0.17111490302489168,0.005372325632999363,1.39804308950709,0.12808324,1.4414756,-3.295599,0.026599066785906372,3.3824602784996918,0.024544972376544915,0.01024961876928868,-0.0018676604844743462,0.005037234064614733
648,21.6,axial_advance_candidate,unknown_no_ground_truth,0.5165715077727084,0.10584514237372893,0.17108576323596286,0.004587484476422447,1.39804308950709,0.12808324,1.4535942,-3.2501912,0.026602838627666082,3.395939905259294,0.02448550891038274,0.010400522893066966,-0.0017136984731722818,0.004255379109370154
649,21.633333,axial_advance_candidate,unknown_no_ground_truth,0.5164433861408918,0.10590542273341007,0.17105569188055705,0.003980620954261378,1.226050246501906,0.12808324,1.4557326,-3.2421787,0.02660119955076808,3.413343896403921,0.024430727562167784,0.010524417718948607,-0.0014980397382019237,0.0036879832055301816
650,21.666666,axial_advance_candidate,unknown_no_ground_truth,0.5163276080009384,0.10593297357755929,0.17102901669095694,0.0032825191995037636,1.2092790261370883,0.12808324,1.4689478,-3.1926618,0.026596936362365566,3.4289407249751456,0.024385641124713503,0.010617793122886002,-0.0012132581538211295,0.003050071629863367
651,21.7,axial_advance_candidate,unknown_no_ground_truth,0.5162336144773558,0.10594382094969038,0.17100645456875863,0.002424570123981885,1.1227074310224459,0.12808324,1.5332934,-2.9515607,0.02659131106057549,3.4457203839117065,0.02434982989345351,0.010685673028881354,-0.0008925408000099148,0.002254309474411886
652,21.733334,axial_advance_candidate,unknown_no_ground_truth,0.5161713325531219,0.10594961094072924,0.17099134702489732,0.0014192294476497308,0.6152593871225233,0.12808324,1.5012305,-3.0716994,0.02658742015350648,3.4518524426179082,0.02432615015213791,0.010729833605174089,-0.0005071750584786912,0.001325513366636978
653,21.766666,axial_advance_candidate,unknown_no_ground_truth,0.5161417990743765,0.1059524864765036,0.17098532117273613,0.0005772138885500138,0.3774882426776194,0.12808324,1.5375426,-2.935639,0.026586758729635347,3.4529178646843253,0.024316018740955164,0.010751138187994742,-0.000192740644612019,0.000544083557047602
654,21.8,axial_advance_candidate,unknown_no_ground_truth,0.5161346123237776,0.10595880683209002,0.17098443351491743,0.00021080850552265522,0.3774882426776194,0.12808324,1.5565827,-2.8642962,0.02658799393683126,3.4529902512927184,0.024313300972710294,0.010760335375599615,-6.199637369271883e-07,0.00021080759389941403
655,21.833334,axial_advance_candidate,unknown_no_ground_truth,0.516140934962885,0.105966346887084,0.1709874407374229,0.00025816508480942156,0.3774882426776194,0.12808324,1.5501355,-2.8884537,0.026591006926252457,3.4527324010701483,0.024315964481881867,0.010761761968556357,6.2347069646313e-05,0.0002505235596130105
656,21.866667,axial_advance_candidate,unknown_no_ground_truth,0.5161447945240929,0.1059718414218396,0.17098928718503353,0.00018362688082143133,0.28264737688222447,0.12808324,1.582834,-2.7659333,0.026592990033002778,3.4526545303140326,0.024317470801344606,0.010763258462061455,3.773529919970642e-05,0.00017970775874879966
657,21.9,axial_advance_candidate,unknown_no_ground_truth,0.5161462617655521,0.10597682347557631,0.1709908646456082,0.0001645129411096976,0.28264737688222447,0.12808324,1.5604796,-2.8496945,0.026595025866905618,3.452588591335171,0.024318480129949485,0.01076600785020293,2.1279091388973884e-05,0.00016313095372191792
658,21.933332,axial_advance_candidate,unknown_no_ground_truth,0.5161466559644985,0.10598229228606856,0.17099204353982111,0.00015559966099393135,0.4971422574958976,0.12823096,1.6402642,-2.5507443,0.02659692042633017,3.4523405875094006,0.024318889385701124,0.010769763006239837,7.943372469137071e-06,0.00015539677388943092
659,21.966667,axial_advance_candidate,unknown_no_ground_truth,0.5161468209370129,0.10598698368350494,0.17099282879921435,0.00012078672041779495,0.5144410332954285,0.12823096,1.6604881,-2.4749656,0.02659835416576332,3.4520789272287784,0.024318996442223968,0.010773061606176625,-4.299285687420549e-06,0.00012071018172409694
660,22.0,axial_advance_candidate,unknown_no_ground_truth,0.5161460901949849,0.10599027016056228,0.17099302566384011,8.288467285620145e-05,0.5144410332954285,0.12823096,1.6702746,-2.4382958,0.026599152126460135,3.4519948893071426,0.02431861602639891,0.010775890144537616,-4.385713557784164e-06,8.27685599190212e-05
661,22.033333,axial_advance_candidate,unknown_no_ground_truth,0.5161458388414307,0.10599238417587634,0.170993462822758,7.720975186657727e-05,0.5144410332954285,0.1332243,1.6493131,-2.516838,0.026599932945113668,3.4519143151757263,0.024318704065800025,0.010777618718649531,-1.4832802618700183e-05,7.577158933118081e-05
662,22.066668,axial_advance_candidate,unknown_no_ground_truth,0.5161450419463509,0.10599530818017366,0.17099289083617814,8.47492701948616e-05,0.396875275594251,0.1332243,1.6109504,-2.6605823,0.02659993855025542,3.451871897904408,0.024317613856589794,0.010780092170253311,-2.9707552616595027e-05,7.937191011997817e-05
663,22.1,axial_advance_candidate,unknown_no_ground_truth,0.5161442220593483,0.10599769910640608,0.17099245984350914,6.474021410683043e-05,0.4659348462745069,0.1332243,1.6383251,-2.5580099,0.02660000660195291,3.4518509821857046,0.024316736759216192,0.01078223838573988,-1.9757314026638976e-05,6.165179531085059e-05
664,22.133333,axial_advance_candidate,unknown_no_ground_truth,0.5161439478614757,0.10599944204947187,0.17099230644650823,5.607412633816147e-05,0.4659348462745069,0.1332243,1.6260147,-2.6041365,0.026600160540033477,3.4517597871544443,0.024316296722502954,0.010783610455628782,-7.918229292192647e-06,5.551224450032944e-05
665,22.166666,axial_advance_candidate,unknown_no_ground_truth,0.5161439263789617,0.10600142520875437,0.1709925146778096,4.6217617489475725e-05,0.4659348462745069,0.1332243,1.653306,-2.5018768,0.02660066189745146,3.451642779341611,0.02431620888535164,0.010785045147168916,-7.903026856134696e-06,4.5536911763037966e-05
666,22.2,axial_advance_candidate,unknown_no_ground_truth,0.5161438731192911,0.10600251561892869,0.1709922227406599,1.4496049191692232e-05,0.4659348462745069,0.1332243,1.629053,-2.5927522,0.026600547939621088,3.4516731973551167,0.02431575659061888,0.010785783796917784,-1.1984747972553432e-05,8.154830360120153e-06
667,22.233334,axial_advance_candidate,unknown_no_ground_truth,0.5161435613759447,0.1060010915973096,0.1709917118810596,5.3974151735496484e-05,1.1621670924878362,0.1332243,1.6462355,-2.52837,0.026599888677573288,3.4516829101033557,0.024315423120170057,0.010784909649431063,-4.723710336049222e-06,5.376704953991338e-05
668,22.266666,axial_advance_candidate,unknown_no_ground_truth,0.5161430412470855,0.10600600289185763,0.17099252952264882,0.0002478502040400259,1.3813620160932898,0.1332243,1.652711,-2.504106,0.026601501388668826,3.4517645393120597,0.02431544168142164,0.010788844793059745,-1.6785257655341388e-05,0.0002472811735011913
669,22.3,axial_advance_candidate,unknown_no_ground_truth,0.5161417241936268,0.10601744062365367,0.17099324378387482,0.0004167912833118145,1.3813620160932898,0.1332243,1.6485821,-2.5195773,0.026604117140307193,3.451732974597355,0.024314304120138783,0.010797854600270803,-4.4665912297374086e-05,0.00041439103528352606
670,22.333334,axial_advance_candidate,unknown_no_ground_truth,0.5161394630831351,0.10603351381642542,0.1709940414970188,0.0005162525416902165,1.3813620160932898,0.1332243,1.6288446,-2.593533,0.026607666938254775,3.448396986605494,0.024312450637722565,0.01081076703501652,-7.168248366104722e-05,0.0005112517074179727
671,22.366667,axial_advance_candidate,unknown_no_ground_truth,0.5161356058034079,0.10605129648347081,0.17099422364855374,0.000523309551536818,1.3813620160932898,0.1332243,1.612827,-2.6535506,0.026611143322305148,3.4332766870028055,0.024309538519785536,0.01082586189988257,-0.00010206699858546571,0.000513259402767665
672,22.4,axial_advance_candidate,unknown_no_ground_truth,0.5161306211267359,0.10606725297738027,0.1709932829005944,0.00044353284837690145,1.242840111399438,0.1332243,1.6161858,-2.6409652,0.026613444956738782,3.4313849941910224,0.024305646275409126,0.010840249609674835,-5.2438552095470024e-05,0.00044042205422010615
673,22.433332,axial_advance_candidate,unknown_no_ground_truth,0.5161301021442656,0.10608031076896361,0.1709956972356591,0.000399899721575654,0.8042369418216652,0.1332243,1.6344332,-2.572593,0.02661785905910704,3.430215855563268,0.024306042669877178,0.010850194036080493,0.00015039085740863192,0.00037054335417624495
674,22.466667,axial_advance_candidate,unknown_no_ground_truth,0.5161397685639084,0.10608906745052435,0.17100553569025984,0.0005948544899562849,0.5706194353055521,0.1332243,1.6222626,-2.6181955,0.026627203182577563,3.429649904483978,0.024315659759161556,0.010851573148763272,0.0004021935734840939,0.0004382832345290504
675,22.5,axial_advance_candidate,unknown_no_ground_truth,0.5161574004232389,0.10609332228357099,0.171021399162989,0.0008106903154035879,0.5552283437743064,0.1332243,1.647302,-2.5243735,0.026640452161858563,3.428835954590597,0.02433286873494783,0.010845514764918868,0.0005719456989650406,0.0005745406033733037
676,22.533333,axial_advance_candidate,unknown_no_ground_truth,0.5161792219950334,0.10609991370860854,0.1710408438810448,0.0008880792639066901,0.465430651926734,0.1332243,1.6895394,-2.3661113,0.02665688835466638,3.425257019819592,0.02435378888819735,0.010838941993675539,0.0006138919031579607,0.0006417332079752033
677,22.566668,axial_advance_candidate,unknown_no_ground_truth,0.5162005063789171,0.10610714812678614,0.17105950974138182,0.0007810701729952004,0.33362328874462194,0.1344283,1.7196734,-2.2532,0.026672772407633116,3.4221458871495587,0.02437378211873896,0.01083307588534464,0.0005337856823414438,0.0005702135218232128
678,22.6,axial_advance_candidate,unknown_no_ground_truth,0.5162171527967971,0.10611295487478502,0.1710740995944324,0.000504024068627286,0.2053296431907989,0.1344283,1.7493483,-2.1420093,0.026685225205870765,3.421652484039716,0.024389388566506208,0.010828618085426085,0.00033778571997893477,0.00037408698070624666
679,22.633333,axial_advance_candidate,unknown_no_ground_truth,0.5162248025992994,0.10611663971366367,0.1710806907867885,0.00015565190427959872,0.16824625148049538,0.1344283,1.7108692,-2.2861893,0.026690996698941802,3.4213782791422496,0.024396300821697723,0.010827271632325157,8.828120648035615e-05,0.00012819494486226077
680,22.666666,axial_advance_candidate,unknown_no_ground_truth,0.5162242104382512,0.10611787073127647,0.17107990464380196,7.095602171111778e-05,0.13371437035604283,0.1344283,1.6468347,-2.5261245,0.0266905119115569,3.4212613957373765,0.024395273890094483,0.010828390366450374,-5.415318961168923e-05,4.584963546146308e-05
681,22.7,axial_advance_candidate,unknown_no_ground_truth,0.5162215930854448,0.10611845577424098,0.17107768785277422,8.366193252941943e-05,0.08983756507636058,0.1344283,1.6712803,-2.4345279,0.026688855843044104,3.4211656167687563,0.024392677230650476,0.010830158065886908,-6.151902937331504e-05,5.669857122999072e-05
682,22.733334,axial_advance_candidate,unknown_no_ground_truth,0.5162200763923215,0.10611930979800475,0.17107649334586023,3.0947576744017264e-05,0.08295038789018737,0.1344283,1.6427466,-2.5414426,0.026688062783401335,3.4211379207967463,0.02439118574353701,0.010831562821451415,-2.1086920042837598e-05,2.265158514174697e-05
683,22.766666,axial_advance_candidate,unknown_no_ground_truth,0.5162203383520758,0.1061196814677659,0.1710766016359819,2.9843513235647617e-05,0.08295038789018737,0.1344283,1.6347883,-2.5712621,0.02668818336663853,3.420897124032423,0.024391271457520725,0.010831666912200373,-1.4224334719865018e-05,2.62355404751554e-05
684,22.8,axial_advance_candidate,unknown_no_ground_truth,0.5162189941216366,0.10612087049035276,0.1710759007352874,9.046230997189103e-05,0.08295038789018737,0.1344283,1.6202067,-2.6258988,0.026687895515887235,3.419581108027964,0.024390237469085512,0.010833285894341156,-3.373999878788266e-05,8.393474850885163e-05
685,22.833334,axial_advance_candidate,unknown_no_ground_truth,0.5162179030367138,0.10612508024060907,0.1710754174700866,0.000231098752047804,0.08295038789018737,0.1344283,1.6460558,-2.529043,0.02668824111749936,3.418268602644245,0.02438900884302036,0.010836902767897208,9.174561689876453e-05,0.00021210698946031348
686,22.866667,axial_advance_candidate,unknown_no_ground_truth,0.5162263467580452,0.10613248448811444,0.171082911942038,0.0008063650584887029,0.10775577315454153,0.1344283,1.6514516,-2.5088253,0.026695337819989458,3.4150792040713536,0.02439636667428725,0.01083782055660113,0.00047616125514335437,0.000650764985729714
687,22.9,axial_advance_candidate,unknown_no_ground_truth,0.5162535637510229,0.10615019940328965,0.17110683624963116,0.001998339023649781,0.2961964599121723,0.1344283,1.6646191,-2.459487,0.026717073860315646,3.407544132735281,0.024420752440309532,0.010836460949344935,0.001123199755815622,0.0016528100804318949
688,22.933332,axial_advance_candidate,unknown_no_ground_truth,0.5163079285387357,0.1062049636237562,0.1711593246742792,0.003537961200525443,0.45213738768760553,0.1344283,1.6715583,-2.4334862,0.02676820938638369,3.3945878232920346,0.024471245510687235,0.01084874079831157,0.0018246812163397147,0.003031123210158316
689,22.966667,axial_advance_candidate,unknown_no_ground_truth,0.5163794045141272,0.10630148703554662,0.17123682988569594,0.004636920615280896,0.8089388056686019,0.1344283,1.6848356,-2.3837366,0.026847949688211952,3.371267010826613,0.024542387418742224,0.010885018247532869,0.0020882733996775153,0.004140066062349281
690,23.0,axial_advance_candidate,unknown_no_ground_truth,0.516450422804926,0.1064301412586646,0.17131606433353377,0.004850751289188827,1.5403684845648729,0.1344283,1.7439867,-2.162099,0.0269351779611388,3.330599775813623,0.024610479024213094,0.010946603765414394,0.0014173191829884176,0.004639072580063834
691,23.033333,axial_advance_candidate,unknown_no_ground_truth,0.5165023373577088,0.10657506964954633,0.17135771702518995,0.004376921402661177,1.5403684845648729,0.1344283,1.6274161,-2.5988853,0.02699204329597703,3.2624290442608888,0.02463687391651796,0.011027005255893178,-0.0003580173095740691,0.004362254528465622
692,23.066668,axial_advance_candidate,unknown_no_ground_truth,0.5165149954656519,0.10671453292036429,0.17132553872343942,0.004438398180370683,1.5403684845648729,0.1344283,1.5734729,-2.8010094,0.02698259089391285,3.21428727418768,0.024586593244170146,0.011115738571682753,-0.002903794482326899,0.0033566882506312163
693,23.1,axial_advance_candidate,unknown_no_ground_truth,0.5164824930957717,0.10682470711577981,0.17120010914486777,0.006057608453266987,1.5403684845648729,0.1344283,1.491958,-3.106443,0.02688461666435511,3.1846202981324825,0.02444330359787887,0.011194084259609733,-0.0057129423803861205,0.002014177135080186
694,23.133333,axial_advance_candidate,unknown_no_ground_truth,0.5164081683240707,0.10688863979901839,0.1709771754651198,0.00838029750310468,1.465329123424218,0.1344283,1.5192192,-3.0042963,0.026690542373124567,3.1789616711752386,0.024205736254441786,0.011245771852210077,-0.008263233239641107,0.001395837622301705
695,23.166666,axial_advance_candidate,unknown_no_ground_truth,0.5163193117931006,0.10690293275104834,0.17067155105627277,0.010121438651329716,1.1805866083966365,0.13443568,1.5470605,-2.8999758,0.026410174248807344,3.1965920743877114,0.023892429822593136,0.011253848276248838,-0.009935581578356027,0.0019307353709049496
696,23.2,axial_advance_candidate,unknown_no_ground_truth,0.5162367728562611,0.1068896401691254,0.17032451440457158,0.010688176909956645,1.088025278080251,0.13443568,1.5602441,-2.850577,0.02608439527965446,3.215484166346388,0.02354334002810623,0.011229729178668137,-0.010470593750081542,0.002145644933180636
697,23.233334,axial_advance_candidate,unknown_no_ground_truth,0.5161771898571397,0.10687226146209852,0.16997400450002192,0.010097397090938392,1.055297884122246,0.13443568,1.5346038,-2.9466505,0.025751475094515905,3.2342604777840225,0.023194394077636574,0.011187428342330078,-0.009958464038949547,0.0016692579180701047
698,23.266666,axial_advance_candidate,unknown_no_ground_truth,0.5161512189007037,0.10687642191495184,0.16965695464186795,0.008904504834300183,0.5405848670834225,0.13443568,1.588326,-2.7453551,0.025449879437309385,3.2486241910534495,0.022879452597836688,0.01114571721321366,-0.008835006523943256,0.0011103450211332726
699,23.3,axial_advance_candidate,unknown_no_ground_truth,0.5161532151685926,0.10690733496923405,0.16938190215962234,0.007712674195089444,0.5368339749756801,0.13443568,1.5969105,-2.7131891,0.025189598214444546,3.2642174886540563,0.02260540266744977,0.011113578561723618,-0.007615568504775527,0.0012200244213414972
700,23.333334,axial_advance_candidate,unknown_no_ground_truth,0.5161664331491919,0.10695533775889357,0.1691490832443443,0.006612457080717201,0.438700654732599,0.13443568,1.6219077,-2.6195254,0.024971851395870364,3.271063659535339,0.022371730413218004,0.011095000696517745,-0.006470833485966994,0.0013612136647915673
701,23.366667,axial_advance_candidate,unknown_no_ground_truth,0.5161780792140139,0.10701222558060769,0.16895445348521343,0.005464715198417808,0.40230288394711566,0.13443568,1.5617253,-2.8450272,0.024793355945013966,3.276096374544032,0.022174019056198258,0.011091590413981034,-0.0053043949686733625,0.0013139658352222504
702,23.4,axial_advance_candidate,unknown_no_ground_truth,0.5161890159349711,0.10706202267849935,0.1688014782650959,0.004150237300327482,0.3545427643571028,0.13443568,1.618786,-2.6312222,0.024654053128572093,3.287746427764771,0.022018109500282636,0.011091672087652932,-0.003984490716097207,0.0011611646663435406
703,23.433332,axial_advance_candidate,unknown_no_ground_truth,0.516208572637328,0.10709344980682241,0.16869173000177123,0.0028186516432618307,0.29469101123662295,0.13443568,1.6131773,-2.652238,0.024551358158029418,3.291613043964049,0.021908390411851456,0.011081137891287738,-0.0026276791509712923,0.0010198526195551046
704,23.466667,axial_advance_candidate,unknown_no_ground_truth,0.516232826490824,0.10710058869209313,0.1686228615185218,0.0017368412999324379,0.29469101123662295,0.13443568,1.6678114,-2.4475255,0.0244822969046579,3.292116714632082,0.02184291798636426,0.01105756734407648,-0.001351465740188226,0.0010909436531042706
705,23.5,axial_advance_candidate,unknown_no_ground_truth,0.516268737892543,0.10710045678841687,0.16859303454030206,0.0013010307640114905,0.18800970219607283,0.13443568,1.6342628,-2.5732312,0.024447344508478012,3.292116714632082,0.021818302239299887,0.011028795986451633,-0.00012274148384564185,0.0012952280019547496
706,23.533333,axial_advance_candidate,unknown_no_ground_truth,0.5163173612502785,0.10710606244174747,0.1686042413988432,0.001706197198060393,0.13868872589989545,0.13443568,1.5587025,-2.8563535,0.024450984574987487,3.2910157887990663,0.021834735346151966,0.011004316382664485,0.000870419271350416,0.001467473737663113
707,23.566668,axial_advance_candidate,unknown_no_ground_truth,0.5163708172864421,0.10711508324324426,0.16864096288002203,0.0018690742680137497,0.12824110286546705,0.13443568,1.6184499,-2.6324816,0.024479215114098517,3.289093074251286,0.021876319320348246,0.010984472021743581,0.0012753022784695346,0.0013663977158505306
708,23.6,axial_advance_candidate,unknown_no_ground_truth,0.5164142297584395,0.10712321463878056,0.16868077261933362,0.0014202419930373856,0.12824110286546705,0.13443568,1.5986418,-2.7067022,0.024512043197135555,3.2859393094688043,0.02191976961704285,0.010971051072436256,0.0010111824814632378,0.000997294995459545
709,23.633333,axial_advance_candidate,unknown_no_ground_truth,0.5164406597177512,0.10713096542972245,0.16870288499845193,0.0007718657411452278,0.12824110286546705,0.13443568,1.6773354,-2.4118395,0.024530609991532133,3.2852006352604883,0.021943730452880998,0.010964648665960941,0.0004536342307571181,0.0006244939607706942
710,23.666666,axial_advance_candidate,unknown_no_ground_truth,0.5164575941027792,0.10713162861805986,0.16870716492871052,0.0003685914386801035,0.12824110286546705,0.13443568,1.5997821,-2.7024293,0.024532096645749197,3.2852006352604883,0.021950011435717044,0.0109553988429573,-0.00010712100143331997,0.00035268220783049315
711,23.7,axial_advance_candidate,unknown_no_ground_truth,0.5164630249408532,0.10713261239110637,0.16869290020114852,0.0007825136904036525,0.13868872589989545,0.13443568,1.5873092,-2.7491648,0.02451765377361894,3.2852006352604883,0.02193657473723876,0.010949978783568001,-0.0007758101960757844,0.00010220672841841847
712,23.733334,axial_advance_candidate,unknown_no_ground_truth,0.5164553386922639,0.1071341231709807,0.16865511780221198,0.0014064183391889987,0.3170827149846327,0.13443568,1.6035806,-2.6881964,0.024482790089392633,3.285614859573834,0.021898304575505543,0.010948573755501454,-0.0013836109715154696,0.000252256267135547
713,23.766666,axial_advance_candidate,unknown_no_ground_truth,0.5164384374829787,0.107135063839022,0.16860245494263593,0.0017211253711123034,0.4087218890248332,0.13443568,1.5870836,-2.7500103,0.02443499267882993,3.2901497374820647,0.021844335419129123,0.010949606262832163,-0.0016758254957362666,0.0003922772628215406
714,23.8,axial_advance_candidate,unknown_no_ground_truth,0.516419383029812,0.10713565897230161,0.16854616788734167,0.0016394775384701624,0.4087218890248332,0.13443568,1.6081073,-2.6712348,0.024384020059478023,3.294876039376744,0.02178658458760449,0.010951034940505904,-0.0015983910508954988,0.00036473640833534286
715,23.833334,axial_advance_candidate,unknown_no_ground_truth,0.5164043384729569,0.10713731631248727,0.16849861484032055,0.001292724151778039,0.4087218890248332,0.13443568,1.6508094,-2.5112314,0.024341052000641825,3.2998743488849143,0.021737762017773717,0.010952466158659609,-0.0012675889735396456,0.00025368075754963906
716,23.866667,axial_advance_candidate,unknown_no_ground_truth,0.5163938382956533,0.10713965820488913,0.16846397388853107,0.0009623343181866028,0.4087218890248332,0.1344283,1.6545047,-2.4973855,0.024309928315043878,3.3016426700164407,0.02170208985247529,0.010954081920346467,-0.0009450763299671087,0.00018143337756756488
717,23.9,axial_advance_candidate,unknown_no_ground_truth,0.5163857253896693,0.1071405309802955,0.16843730385724687,0.0007580206453642272,0.38765366588706834,0.1344283,1.6137453,-2.6501095,0.024285785688666996,3.3034090618524883,0.021674757894481565,0.010954645440701034,-0.0007362282240467306,0.0001804530435193508
718,23.933332,axial_advance_candidate,unknown_no_ground_truth,0.5163799108991362,0.10713750977081093,0.16841544461403196,0.0006487821780719273,0.20251159071519514,0.1344283,1.5980159,-2.7090473,0.024265078876799327,3.3052656788320527,0.02165300872291127,0.010951770000452965,-0.0006185788286588259,0.00019564904119067158
719,23.966667,axial_advance_candidate,unknown_no_ground_truth,0.5163745117262174,0.10713493459076275,0.16839588722721277,0.0006427810872344884,0.19286204542783714,0.1344283,1.6498332,-2.5148892,0.02424661592005538,3.3070335906828285,0.021633505808101205,0.0109494205337787,-0.0006143203319463331,0.00018915088121311598
720,24.0,axial_advance_candidate,unknown_no_ground_truth,0.5163684470450786,0.10713255392520213,0.1683744721552547,0.0006137899316114043,0.17250123588794275,0.1344283,1.5850393,-2.7576704,0.024226520946074092,3.308990745306026,0.021612066669905058,0.01094727780802815,-0.0005738285705316788,0.00021785052625390323
721,24.033333,axial_advance_candidate,unknown_no_ground_truth,0.516363735247569,0.10712727836026363,0.16835716268977585,0.00040562568128606137,0.17250123588794275,0.1344283,1.5996785,-2.7028174,0.024209545644437485,3.3107029320278887,0.02159525115621758,0.010942907648791769,-0.00038780557106884116,0.000118907663196076
722,24.066668,axial_advance_candidate,unknown_no_ground_truth,0.5163608616936834,0.1071296276992495,0.1683486616887855,0.00039464895210424835,0.18085035650770123,0.1344283,1.6219132,-2.6195047,0.02420234179689435,3.312512152756874,0.021586199992338434,0.010944830667692744,-0.00036458850147925406,0.00015107289626565477
723,24.1,axial_advance_candidate,unknown_no_ground_truth,0.5163549426086314,0.10713890526042028,0.168335279698309,0.0007636226906086055,0.19286204542783714,0.1344283,1.6093084,-2.6667347,0.02419241591855306,3.3140254965356033,0.021570958355161877,0.010952933105617485,-0.0007277852525543209,0.00023118875356896023
724,24.133333,axial_advance_candidate,unknown_no_ground_truth,0.516343648049649,0.10714711276320586,0.16830405758240186,0.0016854306677271367,0.19286204542783714,0.1344283,1.6344126,-2.5726697,0.024166020099019733,3.315058749706662,0.021537681718916298,0.010960145692502647,-0.0016425880537327142,0.0003775990220454975
725,24.166666,axial_advance_candidate,unknown_no_ground_truth,0.5163159086769639,0.10715548714695675,0.16823123050140104,0.0036950654092480985,0.25410353917363604,0.1344283,1.6336527,-2.5755172,0.02410248230026792,3.320261166215486,0.02146145416277648,0.010969760173028956,-0.0035932116978299187,0.0008615904323981611
726,24.2,axial_advance_candidate,unknown_no_ground_truth,0.5162600173153233,0.10715964359686414,0.16807265950642042,0.006510375622459689,0.5170148190070709,0.1344283,1.6069449,-2.6755905,0.023960640606198954,3.3340339855959256,0.02129811302169697,0.010977371268862694,-0.006336493311537358,0.0014946047164249557
727,24.233334,axial_advance_candidate,unknown_no_ground_truth,0.5161834991544811,0.10715521829974464,0.16781791599838372,0.009223114578326672,0.58719128211782,0.1344283,1.549916,-2.889276,0.023728697445984943,3.3523184167209346,0.021039034149809042,0.010973154720783872,-0.009013246456767467,0.001956330962416817
728,24.266666,axial_advance_candidate,unknown_no_ground_truth,0.5161092304632617,0.1071397229293801,0.1674769034171749,0.011224618648091302,0.58719128211782,0.1344283,1.5623751,-2.8425925,0.023411990612172313,3.375819724119823,0.02069723913138962,0.010942833123214419,-0.010989334826711342,0.0022861723166699914
729,24.3,axial_advance_candidate,unknown_no_ground_truth,0.5160485179921619,0.10711613720155069,0.16708293278634084,0.011987668342771936,0.58719128211782,0.1344283,1.5926794,-2.729043,0.023041191733239156,3.4082034284691383,0.020306423053364647,0.01088786936299611,-0.011747035712107298,0.0023898418932582657
730,24.333334,axial_advance_candidate,unknown_no_ground_truth,0.5160016876737716,0.10709639330310575,0.166686155150509,0.01127581950339805,0.58719128211782,0.1344283,1.6734418,-2.4264288,0.02266679428035641,3.4259504980690587,0.01991407985603341,0.010826494651341325,-0.011064289530689225,0.0021738451311656606
731,24.366667,axial_advance_candidate,unknown_no_ground_truth,0.5159801830223956,0.1070833876170213,0.1663350409614797,0.00907858658895893,0.46768141689720105,0.1344283,1.6705409,-2.437298,0.02233321195603267,3.43756728968716,0.019568804156804665,0.010762632584349655,-0.008865105746328705,0.0019572006947767844
732,24.4,axial_advance_candidate,unknown_no_ground_truth,0.5159943396331034,0.10707457256655455,0.16608136344111352,0.00598734620122347,0.46768141689720105,0.1344283,1.7422501,-2.168606,0.022086647543949522,3.44416388148677,0.01932308186176654,0.010697593518830319,-0.005707440015171389,0.001809265875023773
733,24.433332,axial_advance_candidate,unknown_no_ground_truth,0.5160328984190901,0.10707801892720825,0.16593942343898438,0.0032584467355629043,0.39417200827357496,0.1344283,1.7725189,-2.0551896,0.02194446162205535,3.44416388148677,0.019188313985803413,0.010647441113435714,-0.0027780285544444817,0.0017029481727849655
734,24.466667,axial_advance_candidate,unknown_no_ground_truth,0.5160822317014679,0.10709013241718471,0.16588332460323835,0.0017795414070042577,0.3508224696626738,0.1344283,1.7424331,-2.1679204,0.02188389031952098,3.4441561521837922,0.01913786937671821,0.010613510787505488,-0.0005412083857746239,0.0016952466199376182
735,24.5,axial_advance_candidate,unknown_no_ground_truth,0.5161384229100555,0.10710610327923217,0.16589297963468463,0.0019643427663316414,0.3240384753898647,0.1344283,1.7785078,-2.0327492,0.021885567149660123,3.4420948409790477,0.01915224215913385,0.010591018352367176,0.0008943793726615189,0.0017489219654967553
736,24.533333,axial_advance_candidate,unknown_no_ground_truth,0.5161985681499052,0.1071229188533158,0.16593372179640176,0.0021219561119154213,0.2599027056026759,0.1344283,1.8038082,-1.9379494,0.02191645266706556,3.4368192523496592,0.01919749375464236,0.01057294334838661,0.0013663826429755684,0.001623482742091924
737,24.566668,axial_advance_candidate,unknown_no_ground_truth,0.5162477558273149,0.1071391299058691,0.1659764003975831,0.0016693622405247685,0.1761745769536721,0.1344283,1.8111521,-1.9104321,0.021951361347841043,3.4319422027937967,0.019243322661730636,0.010562045159911696,0.001162302035634158,0.0011982588485175345
738,24.6,axial_advance_candidate,unknown_no_ground_truth,0.516276658843513,0.10715331694789469,0.1660070076145429,0.001091670625689774,0.09877125216120461,0.1344283,1.8030822,-1.9406697,0.02197829939394891,3.4298677947654235,0.019274995332157832,0.010560312457278374,0.0007422699280126837,0.0008004874196150418
739,24.633333,axial_advance_candidate,unknown_no_ground_truth,0.5162941046507755,0.10716725799672731,0.16602495014643429,0.000729877373249682,0.08006411555854462,0.1344283,1.789594,-1.9912095,0.02199533052253134,3.4285576407830862,0.019292806565387604,0.010563246642294018,0.00042624700411457553,0.0005924816212045776
740,24.666666,axial_advance_candidate,unknown_no_ground_truth,0.516306544934788,0.10717868841092268,0.16603582924978,0.000535213770997922,0.06719915064980671,0.1344283,1.8243085,-1.8611354,0.02200601014133931,3.426251103800352,0.019303411363697915,0.010566115277839192,0.0002630128600122363,0.00046613090021366293
741,24.7,axial_advance_candidate,unknown_no_ground_truth,0.5163160524671735,0.10718868852042537,0.16604312027898294,0.0004298486386432967,0.04855290673662929,0.1344283,1.8542988,-1.7487625,0.022013500124950628,3.423571491338742,0.019310327847637945,0.01056907877574673,0.00018390562402030586,0.0003885210079226057
742,24.733334,axial_advance_candidate,unknown_no_ground_truth,0.5163247094282006,0.10719681121645347,0.16604865389911894,0.00031020954321831645,0.041475479323920914,0.1344283,1.7985632,-1.9576021,0.02201904346367203,3.4225664933663444,0.019315684924470205,0.010570836814258012,0.00010151993554792662,0.0002931273842377429
743,24.766666,axial_advance_candidate,unknown_no_ground_truth,0.516329365620412,0.10720275763487795,0.16605036566216827,0.0001709618022619821,0.03918162111499085,0.1344283,1.7860433,-2.004514,0.022021190789699847,3.422069747159544,0.01931709573964103,0.010572731718052045,-2.677599513817848e-05,0.00016885195858214172
744,24.8,axial_advance_candidate,unknown_no_ground_truth,0.5163293359727114,0.10720718969896398,0.166047770637055,0.00018372944352118935,0.038316890960767326,0.1344283,1.7734541,-2.0516856,0.022019759443265924,3.4214416415562443,0.019313899885478696,0.010575588737890903,-0.00013699483135956827,0.0001224292636479096
745,24.833334,axial_advance_candidate,unknown_no_ground_truth,0.5163258981839981,0.10721179246227683,0.16604284004947417,0.0001846368863399269,0.038316890960767326,0.1344283,1.7551246,-2.1203656,0.022016783703575214,3.4205311325562304,0.01930794953833874,0.01058025752403881,-0.00014310242293133474,0.00011667251753726964
746,24.866667,axial_advance_candidate,unknown_no_ground_truth,0.5163249709424471,0.10721554230117102,0.1660398726141208,0.00013957835489886882,0.038316890960767326,0.1344283,1.7614579,-2.0966346,0.02201500861546744,3.419741005715181,0.019304372392974445,0.010583090798650073,-1.555737239460555e-05,0.00013870863462831052
747,24.9,axial_advance_candidate,unknown_no_ground_truth,0.516329067401214,0.10722053951528185,0.16604266782883975,0.00027845603834949096,0.03918162111499085,0.1344283,1.7794008,-2.0294032,0.022018076243525357,3.418956233195204,0.019306912396070568,0.010584838931044368,0.00015405815852628113,0.00023195656723788705
748,24.933332,axial_advance_candidate,unknown_no_ground_truth,0.516336893838881,0.10722529824563681,0.1660502296319391,0.0004165256768564058,0.03918162111499085,0.1344283,1.7754126,-2.044347,0.022024934102112325,3.4180695269303456,0.01931464277950957,0.01058500337753037,0.00029378851501070944,0.00029526589360860683
749,24.966667,axial_advance_candidate,unknown_no_ground_truth,0.5163472146126309,0.10722960249736929,0.16606158935794468,0.00037075443215167376,0.04318170157922306,0.1344283,1.8165566,-1.8901817,0.022034844107153704,3.417650889101603,0.019326485861568807,0.010584011482852209,0.0002428028170050849,0.0002801885811636608
750,25.0,axial_advance_candidate,unknown_no_ground_truth,0.5163551218976827,0.10723236546147133,0.16606540497872457,0.0002790195812849904,0.06894951533799172,0.1344283,1.8225154,-1.8678542,0.02203765384821625,3.417651220654562,0.0193308432122649,0.010581903790747329,-0.0002653617260044526,8.622691640311169e-05
751,25.033333,axial_advance_candidate,unknown_no_ground_truth,0.516350582337305,0.10723149661266228,0.1660433940641034,0.0015224417186242615,0.08365309192316092,0.1344283,1.7654481,-2.0816836,0.022017306344324604,3.4176535303903406,0.019308795350895667,0.01057980154620427,-0.001443451486018443,0.00048402127444849345
752,25.066668,axial_advance_candidate,unknown_no_ground_truth,0.5163184963498755,0.10722506068906468,0.1659710021685099,0.0032267080649700597,0.13929433251018247,0.14014551,1.7347012,-2.1968915,0.02195281136280657,3.417884104676199,0.01923459591031325,0.010580937902564697,-0.0030517158170935456,0.001048177231313436
753,25.1,axial_advance_candidate,unknown_no_ground_truth,0.5162741591739575,0.10721264920140425,0.16584322148915015,0.004382844295151038,0.31897897680687887,0.14014551,1.71055,-2.2873855,0.021836592721223177,3.4286436510992018,0.0191053609823675,0.010574590460438951,-0.004253843854956594,0.0010555266804709498
754,25.133333,axial_advance_candidate,unknown_no_ground_truth,0.5162596459899016,0.10720007142609315,0.1656858981006912,0.004722234565250755,0.4038973277645001,0.14014551,1.6997297,-2.3279285,0.021686635832873155,3.435435604853394,0.01895101066518008,0.010543688563111532,-0.004526010221365536,0.001347119432472001
755,25.166666,axial_advance_candidate,unknown_no_ground_truth,0.5163003092451702,0.10719716886856771,0.16552988080921038,0.0048446425767091255,0.4038973277645001,0.14014551,1.7406422,-2.1746306,0.021529589989178047,3.4393649929346717,0.018803631590818402,0.010485546437782435,-0.003986710492109914,0.0027525808159186847
756,25.2,axial_advance_candidate,unknown_no_ground_truth,0.5164040101532378,0.10720742412857473,0.16539707587229235,0.005228402910256912,0.4038973277645001,0.14014551,1.7215849,-2.2460377,0.02138576827601331,3.4393649929346717,0.01868521516310727,0.010402587133195444,-0.002940028887456007,0.004323473965795001
757,25.233334,axial_advance_candidate,unknown_no_ground_truth,0.5165609454964649,0.10722997395215716,0.16530074878636442,0.005632453143772893,0.36444584792078377,0.14014551,1.6831849,-2.3899217,0.02127016926255795,3.4393445765968558,0.018607637601000235,0.010304170193067818,-0.0018341170020840425,0.005325461786499213
758,25.266666,axial_advance_candidate,unknown_no_ground_truth,0.5167391248581737,0.10726117418117306,0.16523644384026892,0.005410437885263512,0.36444584792078377,0.14389051,1.7514516,-2.134128,0.021184451406501756,3.4351268245236044,0.018562942569807252,0.010207749239889862,-0.0014281434624765707,0.005218548108514488
759,25.3,axial_advance_candidate,unknown_no_ground_truth,0.5168911549087789,0.10729208889921034,0.16516959622920344,0.0045011963305565,0.36444584792078377,0.14389051,1.725947,-2.229693,0.02110206004008014,3.4344275723831985,0.018512429495648706,0.010128518751712058,-0.0017780646707742064,0.004135124476090159
760,25.333334,axial_advance_candidate,unknown_no_ground_truth,0.516994616223627,0.1073211731479517,0.16509098091508184,0.003651076025368473,0.41317843047816416,0.14389051,1.7592827,-2.1047852,0.02101700229988784,3.4338312627755236,0.018444389452013186,0.010075657964418777,-0.0023458849730954084,0.0027977097483523204
761,25.366667,axial_advance_candidate,unknown_no_ground_truth,0.5170535084223595,0.10734872308757878,0.16499728978724365,0.0031989396885794396,0.41317843047816416,0.14389051,1.7023071,-2.3182712,0.020924917136585643,3.4287897344491487,0.018356049112171705,0.010045278401543482,-0.002437580093914055,0.0020715738984942505
762,25.4,axial_advance_candidate,unknown_no_ground_truth,0.5171068516954629,0.10737939178906229,0.16491924463147312,0.003143171285340464,0.48740235388658876,0.14389051,1.6257447,-2.6051483,0.020849655824138485,3.4237028915999024,0.018281886602347266,0.010024009688939222,-0.002200335479837107,0.0022445599802987746
763,25.433332,axial_advance_candidate,unknown_no_ground_truth,0.5171737624878892,0.10742423651487892,0.16484319780266266,0.004164994358631426,0.6525354126676488,0.14389051,1.4188886,-3.380232,0.020778005918153437,3.410965672653397,0.01820936232777135,0.010007230063846875,-0.002424954865616994,0.0033862622324846705
764,25.466667,axial_advance_candidate,unknown_no_ground_truth,0.5173017723882869,0.10746668386368023,0.16474182224230324,0.00597575351926318,0.6824861671016592,0.14389051,1.3916723,-3.4822109,0.020672486831740736,3.3991965835967175,0.018120206963967544,0.0099503673998238,-0.0026337253334851617,0.005364058257583036
765,25.5,axial_advance_candidate,unknown_no_ground_truth,0.5175026438772573,0.10750384038589085,0.16463289200041398,0.008190495384117454,1.1680673011558682,0.14389051,1.4826756,-3.1412241,0.020548545919519948,3.3696583129563313,0.018033790992869256,0.009850133087026163,-0.003047533674553237,0.007602417585197052
766,25.533333,axial_advance_candidate,unknown_no_ground_truth,0.5177774507169597,0.10753377566805347,0.16448226156367396,0.010436255318799572,1.7150707625187402,0.14389051,1.5564067,-2.8649557,0.020374855515896052,3.3217545499279826,0.01791704116531166,0.009701256267832904,-0.003652238698367051,0.009776327407023689
767,25.566668,axial_advance_candidate,unknown_no_ground_truth,0.5181173116113393,0.10757162577038852,0.16431407787367125,0.01201245988437932,1.7150707625187402,0.14389051,2.1969938,-0.46469435,0.02018228770271357,3.26989375725147,0.01779029173423268,0.00953049090687336,-0.003557243787659589,0.011473674612301837
768,25.6,axial_advance_candidate,unknown_no_ground_truth,0.518502765192597,0.10764718298139374,0.16416219668541304,0.012607073853347868,1.7150707625187402,0.14389051,2.7969246,1.7832288,0.020016675019522954,3.2279248780898375,0.017679900310668524,0.00938554227746151,-0.003165082971246521,0.012203301230769186
769,25.633333,axial_advance_candidate,unknown_no_ground_truth,0.5188808673162411,0.10777727183956348,0.16402936182740036,0.012188616293949163,1.7150707625187402,0.14389051,2.7411292,1.5741649,0.01989303011385294,3.1787367552404597,0.017579289435870976,0.009311349528426867,-0.0025601903588235745,0.011916702248848455
770,25.666666,axial_advance_candidate,unknown_no_ground_truth,0.5192160714090046,0.10796831156377185,0.16394236122639297,0.011289248907375555,1.630958576549371,0.14389051,3.1063395,2.9425974,0.019842060273495516,3.1299881889866117,0.01750922356858535,0.009334583328800715,-0.0018949123375282726,0.011129081189647385
771,25.7,axial_advance_candidate,unknown_no_ground_truth,0.5194816834506415,0.10820712321105774,0.1638856565334053,0.010092696160212624,1.1109758063371533,0.14389051,2.7228582,1.5057042,0.01984578253371644,3.0986643121875472,0.01745294822111678,0.009447205024057699,-0.0016998475367734365,0.009948519193030485
772,25.733334,axial_advance_candidate,unknown_no_ground_truth,0.519676069154811,0.10844815657026936,0.1638378522765349,0.008497024367634998,1.0726160386570525,0.14389051,2.9145515,2.2239733,0.019867961036026307,3.0777405531134128,0.01739591174650469,0.009597819035430898,-0.0013212156531311665,0.00839367692385787
773,25.766666,axial_advance_candidate,unknown_no_ground_truth,0.5198162480359461,0.10865937310074292,0.16381922561291712,0.006671538519417733,1.0726160386570525,0.14476952,3.0311327,2.6607997,0.019914336898535317,3.0636277419543556,0.017364868527164134,0.009748956618155082,-0.0009462620866963203,0.006604090723131814
774,25.8,axial_advance_candidate,unknown_no_ground_truth,0.5199254280508881,0.10881396659496106,0.16379522861102297,0.005001390901232911,1.0726160386570525,0.14476952,2.7902927,1.7583795,0.01994033775677864,3.0538390275604637,0.017332828573975143,0.0098585051341267,-0.0005310800144160052,0.004973114211962485
775,25.833334,axial_advance_candidate,unknown_no_ground_truth,0.5200298906596588,0.10891397964943855,0.16379295397361465,0.004047032395707712,1.1066507676655586,0.14476952,2.8142185,1.8480287,0.01996976866938056,3.04753243065971,0.0173294515453525,0.009923798156243065,-0.0003090613093091003,0.004035214036330149
776,25.866667,axial_advance_candidate,unknown_no_ground_truth,0.5201530412313414,0.10895580302773225,0.1637654662548369,0.004333194118945052,1.1109758063371533,0.14646104,2.7156334,1.478633,0.019956044986795183,3.025585725820811,0.017312237814933372,0.009926235608436064,-0.0007546843910004738,0.004266968800265621
777,25.9,axial_advance_candidate,unknown_no_ground_truth,0.5203028503497257,0.10896519656294322,0.16371346368515668,0.004974187734309744,1.1109758063371533,0.14646104,2.6320179,1.165328,0.019908683695426747,3.007579865115157,0.01727914002351074,0.009888731290335484,-0.0014465760705125847,0.004759197546685563
778,25.933332,axial_advance_candidate,unknown_no_ground_truth,0.5204548028495063,0.10895886546030714,0.16362801066929122,0.005296724254962359,1.1066507676655586,0.14646104,2.3249497,0.01475274,0.019825643703778623,2.988433982817226,0.01721580088787455,0.009832209724077024,-0.0022582984996920093,0.0047911768616275665
779,25.966667,axial_advance_candidate,unknown_no_ground_truth,0.5205987333601179,0.10896280596283442,0.1635207814406192,0.00497161859010106,1.1066507676655586,0.14646104,2.472975,0.5693991,0.019726943394188894,2.9671458118039897,0.01712857060315418,0.0097859268733368,-0.002524706410103603,0.004282855233161661
780,26.0,axial_advance_candidate,unknown_no_ground_truth,0.5207159147106413,0.10900402212305195,0.16342888314781906,0.004075799004525757,0.8850345086531297,0.14646104,3.2189753,3.3646405,0.01965654934248556,2.9453519331235647,0.017047497323001207,0.009785845240746258,-0.0024279413822980976,0.0032737193174457637
781,26.033333,axial_advance_candidate,unknown_no_ground_truth,0.520780486972485,0.10906625203981885,0.16334730523654178,0.003960646581873944,0.8643695584120248,0.14646104,3.4024131,4.0519767,0.019603380236332492,2.9384197234815033,0.01696671032441697,0.009819534482731556,-0.002643917033368946,0.0029489700010633052
782,26.066668,axial_advance_candidate,unknown_no_ground_truth,0.5208548111243939,0.10914158810077695,0.16325140750488407,0.0059250541620980085,0.8643695584120248,0.14646104,4.253219,7.239922,0.019542416160980295,2.9263874246756267,0.01687122019687313,0.00986245195058328,-0.004289346325984319,0.004087514516128324
783,26.1,axial_advance_candidate,unknown_no_ground_truth,0.5209958834211821,0.10920968552543892,0.16304886320838713,0.010683276853282618,0.8643695584120248,0.14646104,4.3393483,7.5626454,0.01938222352846876,2.9176544947749297,0.016680768291375974,0.00987028662790265,-0.008602362732950643,0.006334963278080315
784,26.133333,axial_advance_candidate,unknown_no_ground_truth,0.5211998113642821,0.10923310853603099,0.16263509716877508,0.01844954597558567,0.8643695584120248,0.14646104,3.2670672,3.5448394,0.019014062904998085,2.9151742497685045,0.016297738135112594,0.009793789860647453,-0.016323393139350013,0.008598405847799364
785,26.166666,axial_advance_candidate,unknown_no_ground_truth,0.5213978267952061,0.10920786755775444,0.1618864444366392,0.029486949759943835,1.800549476222187,0.14646104,2.9940453,2.5218341,0.01832276548178891,2.9087863674233176,0.015592558756032254,0.009622673554699708,-0.027737940562239865,0.01000434203289253
786,26.2,axial_advance_candidate,unknown_no_ground_truth,0.5215228630660693,0.1091642975422453,0.1606971920742533,0.040697837771806564,2.089628164745133,0.14646104,1.4576167,-3.235119,0.0172252196682009,2.9414303278528453,0.014448479541083584,0.009378146488974478,-0.039373819005120485,0.010296425411389067
787,26.233334,axial_advance_candidate,unknown_no_ground_truth,0.5215682005461098,0.10914878582337509,0.15917924440599346,0.048301482653237096,2.089628164745133,0.14646104,0.89331627,-5.3495364,0.015854792252346542,2.9790704068979537,0.012967634256416671,0.009122220078296554,-0.04748317133162051,0.008853342125600712
788,26.266666,axial_advance_candidate,unknown_no_ground_truth,0.5215068560210159,0.10919954048735811,0.15747737522814487,0.05140171912334312,2.089628164745133,0.14646104,0.8664792,-5.450094,0.014379113943534198,3.032616341824948,0.01128298328853862,0.008913652781643328,-0.05103374519119608,0.006139509800882232
789,26.3,axial_advance_candidate,unknown_no_ground_truth,0.5213465751436385,0.10930667443039452,0.15576333699696582,0.04827151040127981,1.800549476222187,0.14646104,0.9187978,-5.254058,0.012973850796593803,3.11105910360429,0.009565436706724264,0.00876488591494092,-0.04812107801352636,0.0038079610340672953
790,26.333334,axial_advance_candidate,unknown_no_ground_truth,0.5212031130493883,0.10944339948732346,0.15428289352826507,0.038917631739158305,1.6288462678330768,0.14646104,1.0043713,-4.9334164,0.011855575309599175,3.1589892466069407,0.008074869124036729,0.008680504279778675,-0.03883976720403748,0.002460598244516157
791,26.366667,axial_advance_candidate,unknown_no_ground_truth,0.521131593796432,0.10957528377681816,0.1531916942487857,0.02629316060573677,1.480999573272357,0.14646104,1.1406522,-4.4227757,0.011111103406762612,3.2105421356626764,0.006976074086558965,0.008648179534133887,-0.026200699872361243,0.0022030934699911043
792,26.4,axial_advance_candidate,unknown_no_ground_truth,0.5211197721174508,0.10966638003611526,0.15254628220301059,0.014497604768731841,0.7709321743497846,0.14646104,1.6131809,-2.6522245,0.010710900821692338,3.2314625227270772,0.0063281825625857765,0.008641614540507745,-0.014382313388546251,0.0018247206975314024
793,26.433332,axial_advance_candidate,unknown_no_ground_truth,0.521127460994592,0.10969941549423541,0.15223321557805708,0.006307234172500321,0.23524599254489026,0.1468673,2.245828,-0.28171444,0.010518551091801127,3.2356365269495555,0.006017267885170033,0.008627421646641134,-0.006202349198842344,0.0011454550721767983
794,26.466667,axial_advance_candidate,unknown_no_ground_truth,0.5211372522082971,0.10970106147539506,0.152127596379189,0.001111677088599136,0.16082352203456157,0.1468673,1.9280182,-1.4725381,0.010448492835111015,3.23563728790809,0.005914686868518046,0.008613215530378096,-0.0009428097985531597,0.0005890124218286079
795,26.5,axial_advance_candidate,unknown_no_ground_truth,0.5211510141926439,0.10968651488844523,0.1521641311515622,0.0014919700078311077,0.16082352203456157,0.1468673,1.7931318,-1.9779536,0.010463543167690013,3.2356447324550275,0.005954417040552084,0.008604106771146864,0.0014361447197067069,0.0004043053899295674
796,26.533333,axial_advance_candidate,unknown_no_ground_truth,0.5211724464713615,0.10967373374745763,0.15221652036911276,0.0014706335697675507,0.16082352203456157,0.1468673,1.6884259,-2.3702836,0.010491359782242138,3.2331464116637267,0.0060104283828451704,0.00859903370938485,0.0011706541730935962,0.0008901302733565455
797,26.566668,axial_advance_candidate,unknown_no_ground_truth,0.5212197129900784,0.10967184683881291,0.15223248582706922,0.0016415615023357573,0.16082352203456157,0.1468673,1.7758726,-2.0426233,0.010504156874181157,3.232128243715737,0.006032447624948438,0.008599237599325953,0.00039954121136297107,0.0015921969056537694
798,26.6,axial_advance_candidate,unknown_no_ground_truth,0.5212807887603839,0.10966292333925703,0.15222786508225272,0.0019448377091852923,0.41448022958922565,0.1468673,1.8315278,-1.8340849,0.010499034717208597,3.2253893934894022,0.006037077943523358,0.008589727579904685,-0.0005577906200584862,0.0018631326681811645
799,26.633333,axial_advance_candidate,unknown_no_ground_truth,0.5213366900029448,0.10966105566181675,0.15217762188127776,0.0027868621210829234,0.41448022958922565,0.1468673,1.7991755,-1.9553081,0.010467830525424852,3.2071858433662257,0.005995262153380646,0.008580926967481894,-0.0019740404913411594,0.0019671717313118247
800,26.666666,axial_advance_candidate,unknown_no_ground_truth,0.5213934404703439,0.10967366956214704,0.15208051761018995,0.004086634815076245,0.5689950726283278,0.1468673,1.9142264,-1.5242156,0.010416012427031844,3.1947211679690946,0.005905477260534616,0.008580131304670715,-0.0034585743210404397,0.002176889472994189
801,26.7,axial_advance_candidate,unknown_no_ground_truth,0.5214443878591546,0.10974001341066653,0.1519401523787052,0.005569767458358892,0.6608306530979933,0.1468673,2.24531,-0.2836548,0.01037549754503644,3.1820517571779545,0.0057646724070489624,0.008626673828681916,-0.004681978119883049,0.0030168510777182993
802,26.733334,axial_advance_candidate,unknown_no_ground_truth,0.5214716194401425,0.10988162125236864,0.15178298637027537,0.006719441149129871,0.6608306530979933,0.1468673,2.2352383,-0.32139337,0.010380806339852281,3.175086863310038,0.005593355066249524,0.008745028265727796,-0.0051223745544185,0.004348812283930595
803,26.766666,axial_advance_candidate,unknown_no_ground_truth,0.5214776696328929,0.1100675290259823,0.15163635916734697,0.0067860461484641555,0.6480954007897642,0.1468673,2.7259421,1.5172596,0.010429132993194206,3.1665666084912045,0.005423186002467882,0.008908191094288918,-0.004530222927555637,0.005052474894122131
804,26.8,axial_advance_candidate,unknown_no_ground_truth,0.5214864285179793,0.11025553799360426,0.15152876356710243,0.005755352399250039,0.6480954007897642,0.1468673,3.1470149,3.095007,0.010508528596775424,3.1597674406178067,0.005291344831924232,0.009079143304239427,-0.003099100220431049,0.0048497071110818035
805,26.833334,axial_advance_candidate,unknown_no_ground_truth,0.5214958447047755,0.11041518180731462,0.15147503855447542,0.004012900692029123,0.3070980405012838,0.1468673,3.42232,4.126567,0.010601937335956093,3.156584509234236,0.005216567735342393,0.00922976144535299,-0.0014675805753152573,0.003734913549072475
806,26.866667,axial_advance_candidate,unknown_no_ground_truth,0.5214992650197805,0.11051528911614178,0.1514659761144918,0.0020925864103820617,0.09725206399019043,0.1468673,3.420301,4.119002,0.010676006418954153,3.1554169242971826,0.005193513939059816,0.009327621670197697,-0.0004714149190328643,0.0020387951979119728
807,26.9,axial_advance_candidate,unknown_no_ground_truth,0.5214996812353633,0.11055412594379407,0.15146316131373622,0.000387113323686647,0.09725206399019043,0.1468673,3.3791072,3.9646502,0.0107051909681296,3.1547584969198246,0.005185140555612335,0.009365651663534567,-0.0001263771325843555,0.00036590373834586464
808,26.933332,axial_advance_candidate,unknown_no_ground_truth,0.5215082752654061,0.11053863758528057,0.15145967738895721,0.0006788373825073661,0.07397662299658579,0.1468673,3.37621,3.9537942,0.010691624284367334,3.1546579562910164,0.005185088925978651,0.00935017019458827,-0.00011337151776771799,0.0006693034370511601
809,26.966667,axial_advance_candidate,unknown_no_ground_truth,0.5215203932966368,0.11051718147699527,0.15144723055246143,0.0006663765604793052,0.05702632129196702,0.1468673,3.3667004,3.918162,0.010668299048616119,3.1543209650025887,0.0051775698485223565,0.00932766718179716,-0.00032033649212474027,0.0005843306017738976
810,27.0,axial_advance_candidate,unknown_no_ground_truth,0.5215298868631806,0.1105122920103433,0.15143116379884558,0.0005628261835088512,0.05168990200012371,0.1468673,3.5906153,4.7571645,0.010655718099964412,3.1521777600214698,0.005163745311867824,0.009320947515144166,-0.00043642259966066813,0.0003553992506302782
811,27.033333,axial_advance_candidate,unknown_no_ground_truth,0.5215376620247829,0.11051134293493539,0.151414435115247,0.0004954221613023186,0.02952170967019775,0.1468747,3.7387338,5.3121605,0.010645722046091254,3.1529022256263257,0.005148475454339975,0.009317971795336803,-0.0004302387517658539,0.00024563740429425757
812,27.066668,axial_advance_candidate,unknown_no_ground_truth,0.5215408562843186,0.11050985097843746,0.15140010748291413,0.00033820107705546373,0.02952170967019775,0.1468747,4.0728855,6.564217,0.010636290340143429,3.1528994508520958,0.005135050374570551,0.009314608411009624,-0.00030734848012016784,0.00014112717771321907
813,27.1,axial_advance_candidate,unknown_no_ground_truth,0.5215427192684422,0.11050917579486595,0.15139257182973714,0.00019983173435724708,0.02952170967019775,0.1468747,4.1166296,6.728125,0.010631440129936016,3.1531103847788633,0.005127996991711655,0.00931295689292129,-0.0001706356558900981,0.00010400093747260839
814,27.133333,axial_advance_candidate,unknown_no_ground_truth,0.5215458571490121,0.11050929950146901,0.15138777214540358,0.0002061901559542659,0.02952170967019775,0.1468747,4.1549473,6.8717003,0.010628990170501675,3.1531987611298242,0.005123674838478037,0.009312539298932826,-6.274612409156208e-05,0.00019641105957641687
815,27.166666,axial_advance_candidate,unknown_no_ground_truth,0.5215551603957791,0.11050965867383217,0.15138674669539973,0.000306289470164291,0.023633902637914806,0.1468747,4.1699038,6.927742,0.010629606533266462,3.1532102988060067,0.005123813980865846,0.009313166236116735,4.22680671808532e-06,0.0003062603037262421
816,27.2,axial_advance_candidate,unknown_no_ground_truth,0.5215661096831415,0.11050958576534739,0.1513854322607033,0.0003243495140144782,0.02952170967019775,0.1468747,4.1452203,6.8352537,0.010629883754931535,3.1500000434888755,0.005123944554889074,0.009313410806024824,-1.4565077716205738e-07,0.00032434948131187033
817,27.233334,axial_advance_candidate,unknown_no_ground_truth,0.5215766309149636,0.11050968657636918,0.15138393602082353,0.00031208853233588617,0.02952170967019775,0.14688207,4.0834365,6.6037517,0.010630157909783966,3.1485760483717966,0.005123816359475618,0.009313794237651626,-2.9376612226932914e-06,0.0003120747060594757
818,27.266666,axial_advance_candidate,unknown_no_ground_truth,0.5215866791234185,0.11050877612504323,0.1513824131700412,0.00026395887495420887,0.03870828116894173,0.14688207,4.052898,6.4893246,0.01062957224988557,3.1483643799958365,0.005123748713808325,0.009313163014426673,-2.0205553429592675e-05,0.0002631843902622182
819,27.3,axial_advance_candidate,unknown_no_ground_truth,0.5215937213967281,0.11050805052039081,0.15138007690624905,0.0001595274318280866,0.03870828116894173,0.14688207,4.077815,6.5826883,0.010628341668986557,3.14795813050518,0.005122469343219787,0.009312462319950046,-4.526517330859203e-05,0.0001529707997985496
820,27.333334,axial_advance_candidate,unknown_no_ground_truth,0.5215961819354231,0.11050745142792429,0.1513778803955659,9.40470503400348e-05,0.022599277301276834,0.14688207,3.9809773,6.21984,0.010626815385348012,3.1476610848985036,0.005120718894356868,0.009311683158229011,-3.807800848933573e-05,8.599367969302811e-05
821,27.366667,axial_advance_candidate,unknown_no_ground_truth,0.5215989208990292,0.11050707639092221,0.15137667400367188,6.358423978982545e-05,0.01887655896414784,0.14688207,3.9458377,6.088173,0.010626087631057176,3.1469826800411744,0.005119942793421292,0.009311279403766151,-5.3562725819099064e-05,3.426353677713441e-05
822,27.4,axial_advance_candidate,unknown_no_ground_truth,0.5215976630135092,0.11050684413500814,0.1513739553804429,6.517911459330267e-05,0.018871159627485597,0.14688207,3.950761,6.106621,0.01062415021488993,3.1467181798737216,0.005117148100681922,0.009310604873166572,-5.0832409595831336e-05,4.079685176393534e-05
823,27.433332,axial_advance_candidate,unknown_no_ground_truth,0.5216011244741022,0.11050706918194678,0.15137292900232052,0.00021520754266490718,0.018871159627485597,0.14688207,3.9624102,6.1502695,0.010624084807423922,3.1465151083389493,0.005116554018038958,0.009310856726200075,2.837220676649724e-05,0.0002133290985849492
824,27.466667,axial_advance_candidate,unknown_no_ground_truth,0.5216119506687928,0.11050772392508144,0.1513741277041541,0.0003705104970963927,0.018871159627485597,0.14688207,3.9589522,6.1373124,0.01062647384476661,3.1464245425667094,0.005119027708346302,0.009312223241240068,7.309276796592562e-05,0.0003632292330329366
825,27.5,axial_advance_candidate,unknown_no_ground_truth,0.5216257693119515,0.11050797796123141,0.15137481055205598,0.0004040637641694603,0.018871159627485597,0.14688207,3.9428422,6.076949,0.010628571224207729,3.1463523383979877,0.005121439011715003,0.009313290971366685,4.684033908987296e-05,0.00040133964188544715
826,27.533333,axial_advance_candidate,unknown_no_ground_truth,0.5216388673048491,0.11050875737173972,0.15137393302025484,0.00037662917366887167,0.02369357695135052,0.14688207,3.857123,5.755761,0.010630096486814984,3.140864815707154,0.0051221503497727245,0.009314640471500733,1.1791689737511922e-05,0.0003764445384271518
827,27.566668,axial_advance_candidate,unknown_no_ground_truth,0.5216506609553262,0.110510134333552,0.15137265421322382,0.00037272259078006124,0.03861021135633674,0.14688207,3.6654608,5.0376086,0.010631730239676623,3.1397852366426187,0.005122213023904262,0.009316470448995152,2.5497513946897315e-05,0.0003718494405809007
828,27.6,axial_advance_candidate,unknown_no_ground_truth,0.5216636018083541,0.11051119176839001,0.15137279474834425,0.0003221355305654917,0.08003147687355881,0.14688207,3.6890008,5.1258125,0.010634095417166742,3.1392364100549073,0.005123862189942688,0.009318262799464416,2.572051914867722e-05,0.0003211070770746627
829,27.633333,axial_advance_candidate,unknown_no_ground_truth,0.5216720434138064,0.11051196908464181,0.15137186948232034,0.00015015487683828796,0.12900998610690567,0.14688207,3.850246,5.7299933,0.010635111309106951,3.1386619344490265,0.005123927698907956,0.009319386111405537,-4.663790120410345e-05,0.00014272838964129637
830,27.666666,axial_advance_candidate,unknown_no_ground_truth,0.5216723275205878,0.11051421241145346,0.15136892936352203,0.00014814564456719958,0.12900998610690567,0.14688207,3.8368003,5.679613,0.010635180813875654,3.137939425025518,0.005120753044168542,0.009321210179180996,-8.129447879015154e-05,0.00012384805094335814
831,27.7,axial_advance_candidate,unknown_no_ground_truth,0.5216748720679287,0.11052017684830563,0.15136718155020976,0.00022491666789536374,0.13547194950840502,0.14688207,3.768497,5.423682,0.010639178447029116,3.1361587844862067,0.005118495973132062,0.009327010078302677,-6.435998696258176e-05,0.0002155117156335814
832,27.733334,axial_advance_candidate,unknown_no_ground_truth,0.5216785433609523,0.11052749617141035,0.1513657274732128,0.000260098603942206,0.13547194950840502,0.14689685,3.725971,5.2643385,0.010644560084104786,3.132565941373368,0.005116474381143305,0.009334256761586385,-8.907471630387735e-05,0.0002443705765595938
833,27.766666,axial_advance_candidate,unknown_no_ground_truth,0.5216797738400845,0.11053624169771831,0.15136287383601407,0.00028338027808665853,0.13547194950840502,0.14689685,3.8510373,5.7329583,0.010649975470770628,3.125386063095974,0.005112557749699438,0.00934257623913256,-0.00014680409197391186,0.00024239005876517948
834,27.8,axial_advance_candidate,unknown_no_ground_truth,0.5216771283678793,0.11054490352693888,0.15135852475181893,0.0002816369730070218,0.13547194950840502,0.14689685,3.8923302,5.8876815,0.01065400502097767,3.121889909448755,0.005106687591635152,0.009350377790680814,-0.0001616713515238164,0.00023061170538595934
835,27.833334,axial_advance_candidate,unknown_no_ground_truth,0.5216740758162485,0.11055232146795389,0.15135501264564707,0.00019905588453889676,0.08515468381938636,0.1485736,4.0373325,6.431001,0.010657499324538114,3.1202571189023023,0.005101767496735618,0.009357043350427655,-0.00010637954619634897,0.0001682457646439323
836,27.866667,axial_advance_candidate,unknown_no_ground_truth,0.5216741815025304,0.1105568071609257,0.15135346381528797,0.00010666372298790498,0.05684970206189112,0.1485736,4.022344,6.3748403,0.01066017500799196,3.1191074287453775,0.005099607441779324,0.009361267816955423,-6.159711747484322e-05,8.708010634140783e-05
837,27.9,axial_advance_candidate,unknown_no_ground_truth,0.5216738124145028,0.11055866161284955,0.15135180379181226,7.677938872420879e-05,0.05657839566281275,0.1485736,4.058409,6.509975,0.010660631968349451,3.118169697653947,0.0050976610851572336,0.009362848147090066,-5.5125878222103694e-05,5.3443541079394766e-05
838,27.933332,axial_advance_candidate,unknown_no_ground_truth,0.521673410805335,0.11056084917711624,0.1513504195322325,7.581082636097698e-05,0.05657839566281275,0.1485736,4.063292,6.5282707,0.010661514916031893,3.1174378324501086,0.005095932439540918,0.00936479433177286,-3.818513949282464e-05,6.549180494876994e-05
839,27.966667,axial_advance_candidate,unknown_no_ground_truth,0.5216734561857692,0.11056334506307701,0.15134993956198944,6.922922489481037e-05,0.05657839566281275,0.1485736,4.0116105,6.3346214,0.010663229517525023,3.116216063310585,0.005095103354269249,0.009367197315778673,-3.778032873893198e-05,5.80114845518925e-05
840,28.0,axial_advance_candidate,unknown_no_ground_truth,0.5216729209679385,0.11056503994690906,0.1513485516814895,7.312847891068115e-05,0.05657839566281275,0.1485736,4.0788226,6.5864635,0.010663702749149287,3.1151024279819963,0.005093425838018119,0.009368648224521159,-5.214827855416959e-05,5.1267255354920994e-05
841,28.033333,axial_advance_candidate,unknown_no_ground_truth,0.5216723621019149,0.11056715838895839,0.151347106068696,9.128267726904723e-05,0.06274659513471947,0.1485736,4.0249233,6.3845043,0.010664478062573613,3.1134525712837533,0.005091626855633832,0.009370508433916604,-6.68164278276465e-05,6.21939879872479e-05
842,28.066668,axial_advance_candidate,unknown_no_ground_truth,0.521670830319846,0.11056947890374892,0.15134493260572102,0.00011430679141902722,0.0818514700992525,0.1485736,4.0073595,6.318693,0.010664876341216142,3.1122795176630325,0.005088959228166774,0.00937241064761292,-9.967174364082043e-05,5.596057615957478e-05
843,28.1,axial_advance_candidate,unknown_no_ground_truth,0.5216684277558737,0.11057007287423896,0.15134129386348782,0.0001369581744983554,0.08858721806053256,0.1485736,4.062799,6.5264235,0.010662933096004924,3.111292273379563,0.00508499412987151,0.009372351727770862,-0.00011617276653545552,7.253571449582968e-05
844,28.133333,axial_advance_candidate,unknown_no_ground_truth,0.5216664222605586,0.11057390531677447,0.15133827376364928,0.0003359203190615106,0.09232399983941295,0.1485736,4.1334076,6.790992,0.010663990134229832,3.109374009793466,0.005081214495732062,0.009375603704898877,0.0001839924435758591,0.00028105024722524513
845,28.166666,axial_advance_candidate,unknown_no_ground_truth,0.5216786842644925,0.1105848362502304,0.15135464876668658,0.0006220443684757619,0.11883155234206406,0.1485736,4.1719956,6.9355803,0.01068377010469019,3.107306410385213,0.005097260104832808,0.009389402700574282,0.0004014862548495138,0.00047512943869994077
846,28.2,axial_advance_candidate,unknown_no_ground_truth,0.5216796497975068,0.1105999437908366,0.15136768577221288,0.0004974719205853452,0.16832006109266856,0.1485736,4.229231,7.1500387,0.010703650210561372,3.1043604580530046,0.005107968226646801,0.009406210098951505,7.770558563466841e-05,0.00049136560088395
847,28.233334,axial_advance_candidate,unknown_no_ground_truth,0.5216618701052054,0.11061104273782124,0.15136604740393866,0.0017110422299751649,0.4367297038851471,0.1485736,4.2671695,7.2921934,0.010709567985314868,3.093149521609531,0.005102453547338051,0.009415934060375448,-0.001312797004013768,0.001097373928527036
848,28.266666,axial_advance_candidate,unknown_no_ground_truth,0.5215959707725041,0.11060693443836486,0.15129048214788296,0.005224902211731778,0.53226869693865,0.1485736,4.2633533,7.2778945,0.010654712084262679,3.094168334949617,0.0050204497673691836,0.009397764294333831,-0.004507060368668215,0.0026431061188192883
849,28.3,axial_advance_candidate,unknown_no_ground_truth,0.5214642839225969,0.1105793678069297,0.15108094347457468,0.010585516518001808,1.13813779157528,0.1485736,3.794047,5.519418,0.010497650979305806,3.1112601528826413,0.004801987459945246,0.009334966123015593,-0.009513083030834195,0.00464267285099258
850,28.333334,axial_advance_candidate,unknown_no_ground_truth,0.5212592543609829,0.11052425720679707,0.1506757754313488,0.017480168093354273,1.3116602389479775,0.1485736,3.506702,4.442744,0.010206532629547143,3.131332264671843,0.004386212405436407,0.009215988772367633,-0.016052388575145148,0.006919327828949158
851,28.366667,axial_advance_candidate,unknown_no_ground_truth,0.5209731142851133,0.1104391112791143,0.15003353747456935,0.024709066253329012,2.297447195989969,0.20090011,2.8399103,1.9442949,0.009775018861613239,3.1840937025218135,0.003731839573840071,0.009034620475704318,-0.023015045018853833,0.008991421349905375
852,28.4,axial_advance_candidate,unknown_no_ground_truth,0.5206319891821682,0.11033030423192758,0.1491650340540559,0.028046212136727384,2.297447195989969,0.20090011,2.3052065,-0.05922447,0.009252236240820801,3.251671462111757,0.0028518995801508967,0.008801735297127094,-0.026504479611384663,0.009170745648419727
853,28.433332,axial_advance_candidate,unknown_no_ground_truth,0.520361361959019,0.11022185845266975,0.14828013826333925,0.025866416694146323,2.297447195989969,0.20090011,2.0999243,-0.8284109,0.008792071373149845,3.330579341165303,0.001964901340091112,0.008569695546183023,-0.024736994599782795,0.007559934574156611
854,28.466667,axial_advance_candidate,unknown_no_ground_truth,0.520174516588882,0.11013180097056086,0.14751425246261285,0.020024265341110424,2.297447195989969,0.20090011,1.9799013,-1.2781336,0.008458503837198322,3.4072007326664924,0.0012027397923480192,0.008372556608097756,-0.0192869614862662,0.005383708673254951
855,28.5,axial_advance_candidate,unknown_no_ground_truth,0.5200923690683592,0.11006781005042057,0.14698165838218674,0.012390755297387453,1.4810760770573708,0.20090011,2.510481,0.7099334,0.008259929431988099,3.432222732644776,0.0006790848959365519,0.008231966832144921,-0.011940589250086012,0.0033095536255612536
856,28.533333,terminal_settle_candidate,unknown_no_ground_truth,0.5200920060603332,0.11003099042920277,0.14669855182932362,0.005362640152820611,0.7819096282198883,0.20090011,3.630114,4.9051657,0.00816221354130048,3.432443624345304,0.0004067127060283825,0.008152074255583298,-0.004963116406588629,0.0020311043654363597
857,28.566668,terminal_settle_candidate,unknown_no_ground_truth,0.5201393793621902,0.11001805148837893,0.14663076540461456,0.0015230343718378961,0.2725536116486073,0.26674405,2.6569777,1.2588516,0.008133997977758874,3.4324559950419737,0.00034820648297696245,0.00812654141362722,1.9265064799856666e-05,0.0015229125237773546
858,28.6,terminal_settle_candidate,unknown_no_ground_truth,0.520192306447771,0.1100219519599657,0.14668536111029515,0.0019829032209025196,0.09854409394070221,0.26674405,2.5467467,0.8458196,0.008146624164612114,3.433840643526621,0.00040800208021517996,0.008136400898553496,0.0017923757823123895,0.0008481121614772642
859,28.633333,terminal_settle_candidate,unknown_no_ground_truth,0.5202028151770183,0.110030347493428,0.14674608801426736,0.0009007601223342664,0.0758804671832285,0.26674405,2.4211142,0.3750782,0.008166909658187785,3.4337184224594415,0.00046769637092983164,0.008153506820357728,0.0007289624296003109,0.0005291337961412541
860,28.666666,terminal_settle_candidate,unknown_no_ground_truth,0.5201680759042862,0.11003139268482826,0.14673948805846496,0.0007375371689106795,0.04458835047552079,0.26674405,2.4940953,0.6485363,0.008167788123763963,3.438393054409102,0.00045659883090460414,0.008155015655553101,-0.00022395915789223144,0.0007027114422869339
861,28.7,terminal_settle_candidate,unknown_no_ground_truth,0.5201544097840947,0.11003231153665377,0.14673749837940195,0.00036350687690603995,0.04458835047552079,0.26674405,2.5765533,0.95750415,0.008168797545148406,3.4397560263043654,0.00045275418385105513,0.008156240983604396,-9.790375085695227e-05,0.00035007442798085477
862,28.733334,terminal_settle_candidate,unknown_no_ground_truth,0.520144219263712,0.11003401886615727,0.1467363668062382,0.00022191677627805064,0.03243237803582915,0.26674405,2.6010818,1.0494118,0.00817063746008438,3.4398536136612496,0.0004500835509735376,0.008158231505741746,-4.265318731734775e-05,0.00021777915695794586
863,28.766666,terminal_settle_candidate,unknown_no_ground_truth,0.5201398027116415,0.1100345663298754,0.14673685151212235,5.505910235824428e-05,0.02345860867433491,0.28018025,2.6288817,1.153577,0.008171452373966884,3.4398315307617975,0.0004499106815990775,0.008159057192996755,5.498736660280101e-06,5.478383564187992e-05
864,28.8,terminal_settle_candidate,unknown_no_ground_truth,0.5201407587396967,0.11003479808064992,0.14673731049044997,1.3974166543344445e-05,0.020801160591783392,0.28018025,2.6607952,1.2731559,0.008171734827641454,3.439629080087676,0.0004504501278007405,0.008159310312499005,5.28714031414893e-06,1.2935357663382502e-05
865,28.833334,terminal_settle_candidate,unknown_no_ground_truth,0.5201404108566954,0.11003513293352557,0.1467372032700603,1.852283198785025e-05,0.01913017725720605,0.28018025,2.6400774,1.1955267,0.008172054158426343,3.439753559200926,0.0004502513289706459,0.008159641101728277,-5.360370589732732e-06,1.7730249067366677e-05
866,28.866667,terminal_settle_candidate,unknown_no_ground_truth,0.5201397715062738,0.11003549070833876,0.14673719074013453,2.5244279024904582e-05,0.018901722443257357,0.28018025,2.6502507,1.2336459,0.00817242742203063,3.4394790747287587,0.0004501045531384339,0.008160023030580384,-7.642938815455733e-06,2.4059491053437463e-05
867,28.9,terminal_settle_candidate,unknown_no_ground_truth,0.5201389551374827,0.11003595172292624,0.146736996615971,2.416331485270617e-05,0.018187577818715522,0.28018025,2.678195,1.3383524,0.008172871340156648,3.4394032289310057,0.0004497418075233646,0.008160487623256316,-1.2986947452546274e-05,2.03765792157519e-05
868,28.933332,terminal_settle_candidate,unknown_no_ground_truth,0.5201384950185831,0.11003626932217736,0.14673659139116363,2.214094064328667e-05,0.018187577818715522,0.28018025,2.6576076,1.2612119,0.008173116860265974,3.439451411815393,0.0004492387699074412,0.00816076122302178,-5.4690248007558175e-06,2.1454860062425512e-05
869,28.966667,terminal_settle_candidate,unknown_no_ground_truth,0.5201384038954209,0.11003732312303724,0.14673688922615913,2.0007975401625487e-05,0.018187577818715522,0.28274336,2.6943288,1.3988053,0.0081742123081785,3.439326522805731,0.00044936544592976313,0.008161851355861685,-2.115304272816278e-06,1.9895842970466364e-05
870,29.0,terminal_settle_candidate,unknown_no_ground_truth,0.5201379944633241,0.11003749449705119,0.14673670756883828,1.3324959422603682e-05,0.018187577818715522,0.28274336,2.6632888,1.2824994,0.008174359084435031,3.439175953445382,0.00044910956069497444,0.008162012438349863,-4.469767113735972e-06,1.2552917014104692e-05
871,29.033333,terminal_settle_candidate,unknown_no_ground_truth,0.5201375854110832,0.11003706939821836,0.14673665510177308,8.896354892939457e-05,0.016287565564455323,0.28274336,2.6030254,1.0566943,0.00817394952086451,3.4390306125805856,0.0004490674660212516,0.008161604571443192,2.4545544614877084e-05,8.551040449952193e-05
872,29.066668,terminal_settle_candidate,unknown_no_ground_truth,0.5201438091968534,0.11003690540420909,0.14673751331920276,5.955122699526284e-05,0.016287565564455323,0.28274336,2.5846925,0.9880012,0.00817371289642695,3.4390176419168093,0.00045073425890326596,0.008161275705492809,1.1705076391048673e-05,5.838955234732525e-05
873,29.1,terminal_settle_candidate,unknown_no_ground_truth,0.5201415779574698,0.11003707155646439,0.1467369392604671,0.0002980050633291683,0.0238815768438745,0.28274336,2.6016462,1.0515263,0.008173847016176902,3.439375566057079,0.0004498597513905515,0.00816145827949533,-1.8275644033427944e-05,0.0002974441436723626
874,29.133333,terminal_settle_candidate,unknown_no_ground_truth,0.5201242474522957,0.11003988817215019,0.14673928165369787,0.000917398805235493,0.03471407105691584,0.28274336,2.579729,0.9694035,0.00817780804096168,3.4393093999990434,0.00044951590130248636,0.00816544425057778,-0.00012355317971765877,0.0009090408019605973
875,29.166666,terminal_settle_candidate,unknown_no_ground_truth,0.5200807844170016,0.11004372308140394,0.14673750836969537,0.001035682409130738,0.07739845592535065,0.28274336,2.5288303,0.77868724,0.00818316325602498,3.440293944169517,0.0004416229989492441,0.008171237972397842,5.3424549152370945e-05,0.0010343035676873185
876,29.2,terminal_settle_candidate,unknown_no_ground_truth,0.5200579293195052,0.1100529119056193,0.1467535408001478,0.0009766799789288026,0.35364003742185784,0.28274336,2.6492813,1.2300135,0.008196596474145302,3.4545175518572826,0.000453066900827749,0.008184065257764354,0.00046821274014121706,0.0008571351184088886
877,29.233334,terminal_settle_candidate,unknown_no_ground_truth,0.5200364215824057,0.11006762906945736,0.14677871921650476,0.0011939812165974552,0.39824215866547874,0.28274336,2.775657,1.7035395,0.008217361571628962,3.466395365250085,0.0004728489138308828,0.008203745797108378,0.0005494467245644894,0.0010600469057795948
878,29.266666,terminal_settle_candidate,unknown_no_ground_truth,0.5200016478329218,0.11008082264298433,0.14680241974751151,0.0011193137581036966,0.7022693093745912,0.28274336,2.894196,2.147702,0.008237182607356614,3.4664025215850796,0.0004896961212189992,0.008222613636539257,0.0006681208295266406,0.0008980411161148771
879,29.3,terminal_settle_candidate,unknown_no_ground_truth,0.5199941820270743,0.11009510348689638,0.1468337563585273,0.001047932260445958,0.7022693093745912,0.28274336,2.7290294,1.5288275,0.008258268467375216,3.4711577513165954,0.0005173896199969364,0.008242045016885264,0.00087251079378715,0.000580419621660306
880,29.333334,terminal_settle_candidate,unknown_no_ground_truth,0.5200053023236025,0.11011034307497675,0.14686562027457917,0.0012032250574828213,0.7022693093745912,0.28274336,2.287648,-0.12501594,0.00827942694108945,3.483720926005651,0.0005478526491390773,0.008261281253393394,0.00026630028570183564,0.0011733859965031368
881,29.366667,terminal_settle_candidate,unknown_no_ground_truth,0.519923330120456,0.11011681849238998,0.14686439687456965,0.00499239605021114,0.8170353759824256,0.28274336,2.5380335,0.8131713,0.008290506791764157,3.499371571506899,0.000535157475212545,0.008273216384273516,-0.0012375471678711396,0.004836578886925956
882,29.4,terminal_settle_candidate,unknown_no_ground_truth,0.5196752252206623,0.11010262151509137,0.14682367383433892,0.010001149516134435,1.0488751177516593,0.28274336,2.3153126,-0.021357259,0.008288063041479063,3.5070668486990506,0.0004653507687384746,0.008274988679240938,-0.0030659425498860355,0.009519610702380344
883,29.433332,terminal_settle_candidate,unknown_no_ground_truth,0.5192685108259131,0.11010221275385243,0.14673977195440946,0.01441187382860222,2.8399512495259267,0.28274336,1.8179084,-1.8851165,0.008319219610412511,3.562760608088145,0.0003307644370053387,0.008312641566522921,-0.0050449556122114676,0.013500019634147415
884,29.466667,post_settle_motion_unresolved,unknown_no_ground_truth,0.5187417484117032,0.11019963218147633,0.14661768596371452,0.019038494303551243,3.7412012839729756,0.28326783,1.6148242,-2.6460671,0.00848158996762093,3.6788421178753987,0.00012900026757823213,0.00848060889970837,-0.00752316867936069,0.0174890308012834
885,29.5,post_settle_motion_unresolved,unknown_no_ground_truth,0.5180996299715963,0.11049589742379241,0.1464403965779707,0.024503503242646028,3.7412012839729756,0.28326783,1.4563268,-3.239952,0.008886347252852289,3.7859103403076158,-0.00017076947741894908,0.008884706257601174,-0.010279104457639923,0.022243239033721943
886,29.533333,post_settle_motion_unresolved,unknown_no_ground_truth,0.5174105028809619,0.11105951385896776,0.14622164578459962,0.029350693463729843,3.7412012839729756,0.28326783,1.372347,-3.5546222,0.00959136256822152,3.823672414160181,-0.0005562628630776777,0.009575218407025582,-0.011858163300441264,0.026848597168975176
887,29.566668,post_settle_motion_unresolved,unknown_no_ground_truth,0.5168075892328835,0.11190194435449878,0.14601308897787113,0.032843039885282775,3.7412012839729756,0.49764845,1.4136993,-3.3996763,0.010559347343340294,3.8466696572799526,-0.0009613371276635082,0.010515495577683602,-0.011718506935380141,0.03068129502012134
888,29.6,post_settle_motion_unresolved,unknown_no_ground_truth,0.5163439067501683,0.1129340390405301,0.1458439498247439,0.03378867907550405,3.1467016318377508,0.49764845,1.3548954,-3.6200128,0.011671523263793497,3.8463950353108616,-0.00133749706223127,0.011594634832792085,-0.010524338497730438,0.03210783600388843
889,29.633333,post_settle_motion_unresolved,unknown_no_ground_truth,0.5159902660839214,0.11397956866385002,0.1457140656008149,0.03029892464356224,2.7986654130038247,0.49764845,1.3116577,-3.7820232,0.01276476263526492,3.828731228289643,-0.001662948943824887,0.012655977478839281,-0.008324912677557288,0.02913281077183095
890,29.666666,post_settle_motion_unresolved,unknown_no_ground_truth,0.5157486939507643,0.11485362916913314,0.1456417597993355,0.022758054221183006,2.246969391739162,0.49764845,1.4157443,-3.3920135,0.013663683517778979,3.816782171492516,-0.0018924827370407243,0.01353199011099357,-0.005314166281802663,0.022128910245731877
891,29.7,post_settle_motion_unresolved,unknown_no_ground_truth,0.5156366040180774,0.11545186757182796,0.14561826075022016,0.013987731036141827,1.5297054299565462,0.49764845,1.4980702,-3.0835407,0.014262593104963953,3.8127117133115376,-0.0020172370944619173,0.014119217987639831,-0.0027347108387835474,0.013717797788555024
892,29.733334,post_settle_motion_unresolved,unknown_no_ground_truth,0.5156040066944096,0.11577439621908239,0.14561183308482198,0.006809128275190541,1.5297054299565462,0.49764845,1.5144175,-3.0222878,0.014576751701309742,3.812333130855641,-0.002074791434274805,0.01442833776517227,-0.0012390154163711517,0.006695451341470113
893,29.766666,released,unknown_no_ground_truth,0.5155846359321931,0.11590269946780707,0.14560792440762496,0.0030193972474816793,1.5297054299565462,0.7985997,1.4474366,-3.2732637,0.014703923324071236,3.803940504248491,-0.0020998368565960804,0.014553214294300993,-0.0005695662030394313,0.0029651903949755383
894,29.8,released,unknown_no_ground_truth,0.5154943992097702,0.11594322535663079,0.14561261547323917,0.004410961591754084,1.5297054299565462,0.7985997,1.5062959,-3.0527194,0.014772470646214942,3.7977059343174733,-0.002112761932679509,0.014620606212093342,0.00031166327183027216,0.004399937291476069
895,29.833334,released,unknown_no_ground_truth,0.5153132562810986,0.11599181598787137,0.14567796140157419,0.007833051454541736,1.7065080389023215,0.7985997,1.6613292,-2.4718144,0.014882670340128709,3.825671866073817,-0.0020790679969693937,0.014736734805136601,0.0030812862918589553,0.007201553296136918
896,29.866667,released,unknown_no_ground_truth,0.5150857861272676,0.11609781015853568,0.1458986505638459,0.013935190996491265,3.6115999036122646,0.7985997,1.777757,-2.0355623,0.015072769818866516,3.9045063821494783,-0.001907336353589281,0.014951603862021295,0.00943348276012377,0.010256653992562039
897,29.9,released,unknown_no_ground_truth,0.5148465046921716,0.11628835400165059,0.14642445076593197,0.024633708572689747,3.7060652682420145,0.7985997,2.171645,-0.55967593,0.015374915600962439,4.009459223325475,-0.0014501787823660247,0.015306371589501332,0.0202075624224605,0.01408808074176787
898,29.933332,released,unknown_no_ground_truth,0.5146411740496142,0.11658448154034423,0.14740276638771938,0.03948174313791294,3.922150832012893,0.7985997,2.4467075,0.4709755,0.015840364349837145,4.083471537088862,-0.0005601861669552975,0.015830455906067378,0.03482395380247742,0.018603770660031636
899,29.966667,released,unknown_no_ground_truth,0.5145259517938127,0.11699771704389925,0.1489388896321453,0.05660494365253671,4.777918978061123,0.8605953,2.3258433,0.018101007,0.016554745406334635,4.130932156162687,0.0008714684560419011,0.016531791741934136,0.05157844619640788,0.023319166663307522
900,30.0,released,unknown_no_ground_truth,0.5145630379127513,0.1175202237260004,0.15105776495983414,0.07303358006210377,4.777918978061123,0.8605953,2.3857527,0.24257958,0.017621070284145838,4.215203146782345,0.0028784018492596965,0.01738438726998987,0.06754738533571246,0.027771470090661353
901,30.033333,released,unknown_no_ground_truth,0.5146981571493021,0.11811859114914777,0.1536738129986095,0.08705862385592078,4.209985242136139,0.8605953,2.4929407,0.64420986,0.01913360490568559,4.30972106239354,0.005374558480423152,0.018363250197810498,0.08112587455905264,0.03158791643517432
902,30.066668,released,unknown_no_ground_truth,0.51479436360127,0.11875304107546666,0.15672460278315464,0.0957302064903197,4.2857369574107205,0.8605953,2.6742017,1.3233898,0.02115980821261453,4.366092345674703,0.008286877580181916,0.019469595362146274,0.08955703638591016,0.033820255298445234
903,30.1,released,unknown_no_ground_truth,0.5147697538172069,0.11935333797944644,0.15993492285748717,0.0972490096568684,4.2857369574107205,0.8605953,2.2307153,-0.33834106,0.02353133464827123,4.342627039373136,0.011345111398682065,0.020615822993041644,0.09121106876425361,0.03373293367207011
904,30.133333,released,unknown_no_ground_truth,0.514654677606539,0.1198735387131948,0.16310867983724409,0.09441431967754396,4.2857369574107205,0.8605953,2.310666,-0.038767707,0.026036601720636272,4.295784660016295,0.014367522327926267,0.021713565605758534,0.08891145831613809,0.031761869281752064
905,30.166666,released,unknown_no_ground_truth,0.5145266760352918,0.12030778253368327,0.16615157757558785,0.08888141285851307,4.2857369574107205,0.87163824,1.978325,-1.2840401,0.028535326151872518,4.246313642904533,0.017272451132214477,0.022714032457470047,0.08429013373659336,0.028197143585701384
906,30.2,released,unknown_no_ground_truth,0.5144757058652579,0.12066360041533157,0.16897852912942424,0.08218010751211001,4.2857369574107205,0.87163824,2.677268,1.3348792,0.030908159843576845,4.210239044764179,0.01998691608123051,0.023576206872140085,0.07879167025125815,0.023354716220047752
907,30.233334,released,unknown_no_ground_truth,0.514605643629261,0.12095028192076406,0.17159197195047035,0.07559218880442317,4.7991642070488565,0.87163824,2.382607,0.23079275,0.03311268473875084,4.108596384913112,0.02252532249124673,0.024270552883550817,0.07324762587009238,0.018680586517519596
908,30.266666,released,unknown_no_ground_truth,0.5149735040038728,0.12117359186409135,0.17396728434857223,0.07016946505285937,6.008811024941846,0.87163824,2.0113087,-1.1604513,0.03510713428531016,3.8832301212325775,0.024870016318581028,0.024778885488260235,0.06818522634199381,0.01656890866941833
909,30.3,released,unknown_no_ground_truth,0.5155216599576837,0.12133493428502654,0.17616314645901693,0.06688330901854751,6.122375791317591,0.87163824,2.3662322,0.16943675,0.03694338630029934,3.648221783617595,0.027070934597841115,0.025139178414032428,0.0648652059797059,0.016305890913435175
910,30.333334,released,unknown_no_ground_truth,0.516147513572246,0.121435884359319,0.17826087303215948,0.06571839764804502,6.122375791317591,0.87163824,2.1311564,-0.71138513,0.03870220588922751,3.4166690971959213,0.029194403426856478,0.025407627776754503,0.06379531835295796,0.015781797922648604
911,30.366667,released,unknown_no_ground_truth,0.5168048119064892,0.12146643741818947,0.18035027678936422,0.06627641775297236,6.122375791317591,0.87373596,2.393319,0.27092996,0.04045928554013936,3.217707615447463,0.03132402592013529,0.02560779542587027,0.0646863363050809,0.01443057329396455
912,30.4,released,unknown_no_ground_truth,0.5174159643677358,0.12145213374279246,0.18249320985194808,0.0688934472677097,6.008811024941846,0.87373596,2.4589417,0.51681674,0.042286964104086625,3.014317235616067,0.03350675977168715,0.02579698398539563,0.06783906999913099,0.012006983721222532
913,30.433332,released,unknown_no_ground_truth,0.5179071768605784,0.12141454195466667,0.18480854439682703,0.07275089094228528,5.783300400353901,0.87373596,2.684931,1.3635921,0.04430272900629486,2.835488580572032,0.03584656129079571,0.02603374427604348,0.07212539858945864,0.009519401830367534
914,30.466667,released,unknown_no_ground_truth,0.5181837748387587,0.12136335578338836,0.1872813415261892,0.07588884513005999,5.56997033828189,0.87373596,2.1189764,-0.7570236,0.046499149788920266,2.802999044646138,0.0383151774633701,0.026346121290294316,0.07511536646466506,0.01080733713980007
915,30.5,released,unknown_no_ground_truth,0.5182036567279129,0.12129967877741957,0.18985787563987644,0.07602313464469251,4.895091327483521,0.87373596,2.1976187,-0.46235287,0.04882522837390192,2.7770875542506928,0.04085432945728051,0.026736243011306948,0.07441685267990457,0.015545064760959602
916,30.533333,released,unknown_no_ground_truth,0.5179847214182683,0.12121756546377112,0.19234346341337893,0.07032537191411921,4.489724623502581,0.87373596,2.1570044,-0.6145337,0.05109534567756257,2.7558040313177075,0.043276224960371534,0.027164364580989694,0.06769955945258893,0.019037530952950975
917,30.566668,released,unknown_no_ground_truth,0.5176263515794478,0.12111056155512123,0.1945067478506992,0.05748533865623984,3.8466266674832355,0.87373596,1.9856147,-1.2567259,0.05308361389218609,2.9038851697026606,0.04536766054234511,0.027561666146465724,0.054418928188888896,0.018524157610945117
918,30.6,released,unknown_no_ground_truth,0.517263251322686,0.12096054866271967,0.19609860008599334,0.040741402733027454,2.6187509194529373,0.87373596,2.2870975,-0.12707868,0.05453782466804267,3.002438173578315,0.046904248301374345,0.02782742910879813,0.038227594755128685,0.014089460454268468
919,30.633333,released,unknown_no_ground_truth,0.5170248294320487,0.1207809664188263,0.19713476536803315,0.024034488434961993,1.2516967181899572,0.87373596,2.312222,-0.03293772,0.055462350020834446,3.015503033565319,0.047916127810802026,0.027930574026547306,0.022517599880152644,0.008403233304369902
920,30.666666,released,unknown_no_ground_truth,0.5169205993006591,0.12058511267714561,0.19761811367837695,0.010967696353960398,0.6656448842526622,0.87373596,2.2325866,-0.3313292,0.05585776247433132,3.0225528167997964,0.04840539862554114,0.027874845516007368,0.009534959735745006,0.005419862189244091
921,30.7,released,unknown_no_ground_truth,0.5169141313315082,0.12038309398612107,0.19773813413811678,0.006029223186513244,0.6379797644172615,0.87373596,1.9995797,-1.2043995,0.05590456252601535,3.0234583410303193,0.04855176599664103,0.0277136451920813,0.001520856890813375,0.0058342545839596685
922,30.733334,released,unknown_no_ground_truth,0.5169381910363477,0.12018571657170815,0.19765979515099277,0.006685020936467332,0.6379797644172615,0.87373596,1.9646522,-1.3352717,0.055764688896645834,3.0331070020814495,0.04850681608550492,0.027509804088482654,-0.0017824559763646726,0.0064430082735728676
923,30.766666,released,unknown_no_ground_truth,0.5169571017474294,0.11998068198852246,0.19755150063925492,0.007420571872348193,0.6379797644172615,0.87373596,1.7709255,-2.0611598,0.05559484904609103,3.0363380127505954,0.04843293741895185,0.027295380807556845,-0.0012618066663680509,0.007312505100811507
924,30.8,released,unknown_no_ground_truth,0.5169817579665111,0.11971990050529484,0.19749903867059426,0.008990482005281002,0.6656448842526622,0.87373596,1.7556655,-2.1183386,0.05546009848886705,3.040294331931759,0.04842269692998498,0.027038212707604342,0.0004581161141300127,0.008978802610217908
925,30.833334,released,unknown_no_ground_truth,0.5170279167034788,0.11938918447262473,0.1974853580518297,0.011961452464655431,0.9295035820785376,0.87373596,1.7355419,-2.193741,0.05533974294175241,3.046422931988679,0.04846346712475556,0.026716652168768694,0.0015263826876607356,0.011863663049624305
926,30.866667,released,unknown_no_ground_truth,0.517098268026237,0.1189315527554996,0.19747025399031726,0.016311304668315953,1.2245038765513565,0.8739133,1.7535487,-2.1262703,0.05517934414651854,3.0468883459395664,0.04852447067752988,0.02627043520586349,0.002217456815662251,0.016159874543241318
927,30.9,released,unknown_no_ground_truth,0.5172057600750066,0.11831690311714559,0.1974532468838564,0.021792233303814162,1.4058106190897441,0.8739133,1.7962029,-1.9664463,0.05497166957988091,3.0449698493105797,0.04861129531405523,0.02566761430848835,0.004272224199373203,0.021369359671224525
928,30.933332,released,unknown_no_ground_truth,0.5174326805141658,0.11751823716811159,0.19750652645343852,0.027134225087506087,1.5247835809077486,0.8739133,1.8062128,-1.9289396,0.0547785468807085,3.036174479667794,0.04880928126018239,0.024866508826660538,0.00783089876136198,0.02597966889105294
929,30.966667,released,unknown_no_ground_truth,0.5177946204672041,0.11661846452291036,0.19765559523771523,0.033121456180146745,1.8749677391036046,0.8739133,1.9051654,-1.5581669,0.05465573523907245,3.013106787452846,0.049133354711409755,0.023940819729624453,0.012438950751670473,0.030696960170200852
930,31.0,released,unknown_no_ground_truth,0.5183492050464169,0.11555662193956795,0.19793994144064142,0.04098091591317897,2.132284164002223,0.8739133,1.9859539,-1.2554548,0.05463301603469005,2.958228961508508,0.04963856012066088,0.022820600127828276,0.017903710639934695,0.03686316066758973
931,31.033333,released,unknown_no_ground_truth,0.5191171420793383,0.1143337316389581,0.198359058913338,0.054086788908088435,3.4706145190194277,0.8739133,2.0005858,-1.2006296,0.05472713438132568,2.8639335717420753,0.05032691713253685,0.021500247661979336,0.026989558996633974,0.04687157389671625
932,31.066668,released,unknown_no_ground_truth,0.5202856366713561,0.11274563061570947,0.1991021544313964,0.07014918185528835,4.797980498417953,0.8739207,2.0486917,-1.0203779,0.05510476588958741,2.782100366526626,0.05143789749444712,0.019765574241518712,0.03854567563948011,0.05861005548932968
933,31.1,released,unknown_no_ground_truth,0.5217600547672646,0.11090157789941138,0.2001215948741144,0.08301256944047469,4.797980498417953,0.8739207,2.2720149,-0.18359274,0.05579738934764591,2.703702456297589,0.052896658220946115,0.017756469442690544,0.04896913653864738,0.06703066724842402
934,31.133333,released,unknown_no_ground_truth,0.5233912839884929,0.10880466567390867,0.20143664869495076,0.0927645677351806,4.797980498417953,0.8739207,2.580416,0.97197723,0.05686871224454989,2.5933308637818104,0.054702456576250114,0.015546436147133176,0.06038818845795254,0.07041684260077072
935,31.166666,released,unknown_no_ground_truth,0.5248742835383521,0.10650953505294747,0.20316396058828928,0.09733681210754479,5.6799445413392995,0.8739207,2.725526,1.5157007,0.05845460582660531,2.4873502521419533,0.05692247576642096,0.013295589304916823,0.07151520686983492,0.06603052458995154
936,31.2,released,unknown_no_ground_truth,0.5259393063714473,0.1042426534582267,0.20528441184087415,0.0959523688438122,7.3813374183823885,0.8739207,2.7513847,1.6125922,0.06052538113169081,2.535206662796988,0.05947020437466693,0.01125240208896659,0.07939387915471237,0.05388384766797851
937,31.233334,released,unknown_no_ground_truth,0.5263796636958861,0.10229621156983837,0.20773587934083584,0.09418152182428746,7.274281006676428,0.8739207,2.4101923,0.33415395,0.06296763527386914,2.5597324447794114,0.062215475946509904,0.009703486215389655,0.0843902255719756,0.04181445779930445
938,31.266666,released,unknown_no_ground_truth,0.5262099067852031,0.10069332092411251,0.21045652311442353,0.09874620488938794,7.060884260909255,0.8739428,2.519024,0.74194294,0.06567519230928391,2.5729402071111975,0.06509613321025033,0.008701972531258055,0.09015774101043471,0.04027896120746369
939,31.3,released,unknown_no_ground_truth,0.5255581606417397,0.09926211037880293,0.21351990745746086,0.10794084202164825,5.6799445413392995,0.8739428,2.6136632,1.0965537,0.06871855366386435,2.78070188734842,0.06822589991994818,0.008213780966559784,0.09807996396683852,0.04507267514366194
940,31.333334,released,unknown_no_ground_truth,0.5248040094093629,0.09774479478612835,0.21686857972966656,0.11540954629676357,5.6799445413392995,0.8739428,2.3347938,0.051638164,0.07208119101173331,2.9959429138510396,0.07163488505966448,0.008008828888086213,0.1053606073329896,0.04710101696193403
941,31.366667,released,unknown_no_ground_truth,0.5241532064115557,0.09610935252695844,0.22039630649839984,0.12112113184579985,5.6799445413392995,0.8739428,2.9063816,2.193361,0.0756730851954082,3.2146784692303703,0.07525003872307547,0.007990462763016487,0.11189294591641451,0.04637129752070749
942,31.4,released,unknown_no_ground_truth,0.5238226293363296,0.0942530475855114,0.22408273643419663,0.12648358362522513,5.574310442679872,0.8739428,2.0967503,-0.8403041,0.07949035902759993,3.2931180953435573,0.07909430049152198,0.007925200823547928,0.1176792163818655,0.046364846149096604
943,31.433332,released,unknown_no_ground_truth,0.5237945992590717,0.0922029137853339,0.227860327626701,0.12991452106540283,5.4911460488757635,0.8739428,2.6076891,1.074169,0.0834631363980784,3.29317773683332,0.08309519960876283,0.007828342058450339,0.12073503140934073,0.04796701965140738
944,31.466667,released,unknown_no_ground_truth,0.5239273052077679,0.09003737650395494,0.23164788243593049,0.12765153768158202,5.4911460488757635,0.8739428,2.3371885,0.060610946,0.08749851215806567,3.2935642115382637,0.0871433962205687,0.007875158729837881,0.11820221729382914,0.0481990757099631
945,31.5,released,unknown_no_ground_truth,0.5240971552084263,0.08794160719436381,0.2352206198766691,0.12293716476672362,4.312222288513446,0.8739428,2.8230193,1.8810048,0.09134273987573881,3.3192046431112963,0.09097548228874297,0.008182771555988745,0.11254418162512508,0.04947073542218071
946,31.533333,released,unknown_no_ground_truth,0.524198825033865,0.08574173431886392,0.23862233542484684,0.12373444373926326,4.312222288513446,0.8739428,2.670495,1.3095009,0.09505897553696187,3.319475984581697,0.0946462267011189,0.008848762703176371,0.10936017181330021,0.057884068520019955
947,31.566668,released,unknown_no_ground_truth,0.5241543093971751,0.08314666250086147,0.24193273186095676,0.13127273102868262,5.4911460488757635,0.8739428,2.3190932,-0.007191447,0.09878130427994689,3.3192046431112963,0.09826623759033948,0.01007435482234014,0.10899539951322983,0.07316100598461092
948,31.6,released,unknown_no_ground_truth,0.5239293098762641,0.07998632085575849,0.24520970323906277,0.148383898771524,6.215864227833326,0.8739428,2.8585787,2.0142448,0.10262220761845017,3.319560912139026,0.10191270011565969,0.012046536913981144,0.1163371195230742,0.09210567862901739
949,31.633333,released,unknown_no_ground_truth,0.5235772793631317,0.07611837272063197,0.24886987728723026,0.17177311173263246,6.616073740297958,0.8739428,2.7329156,1.5433891,0.10705725575593146,3.3907747415244067,0.10602192672302649,0.014852846997398224,0.132737698828903,0.1090261676108946
950,31.666666,released,unknown_no_ground_truth,0.52314401259135,0.07173029125955929,0.2531062246995864,0.1968354405119033,8.417967394000174,0.8739428,3.3433988,3.8308518,0.1122638638677949,3.594604344049973,0.1107617444492786,0.018303308364322837,0.15588944835930515,0.12017766236595949
951,31.7,released,unknown_no_ground_truth,0.5226096673075136,0.06697422152071228,0.2582320586660351,0.22094345958258832,8.417967394000174,0.8739428,2.5868776,0.99618876,0.11851443816511341,3.880367181556948,0.11641472945865629,0.02220997115397393,0.18257214118680198,0.1244324137626097
952,31.733334,released,unknown_no_ground_truth,0.521966997656774,0.062166614367557965,0.26424694167494456,0.23736840968754236,8.417967394000174,0.8739428,2.4981246,0.6636339,0.1257038648693808,4.165780277023475,0.12293335272832483,0.02624599836304227,0.2042292573774606,0.1209717832746295
953,31.766666,released,unknown_no_ground_truth,0.5212534795419739,0.05757886301611105,0.2708929053664259,0.24797685280796697,8.417967394000174,0.8739428,3.6509104,4.9830885,0.1334742846427852,4.365724503173273,0.13002980466863642,0.03012697393930407,0.2199393300864321,0.1145391226161419
954,31.8,released,unknown_no_ground_truth,0.520553321997563,0.053167080889493484,0.27804192736124067,0.25408700360622644,8.417967394000174,0.8739428,2.4163961,0.35739973,0.14169362310589817,4.365724503173273,0.13759575007144864,0.033830347192303045,0.22867442743860014,0.1107619593417294
955,31.833334,released,unknown_no_ground_truth,0.519798934409643,0.04882936569109619,0.28532454904632976,0.2555994027528021,7.026458110850798,0.8739428,2.4325745,0.41801962,0.15003516924028065,4.365724503173273,0.1452749569134362,0.03749318475081721,0.22933522304450132,0.11285570503398565
956,31.866667,released,unknown_no_ground_truth,0.5189420815407011,0.04433836658803483,0.29252730027577156,0.2559838436636158,7.026458110850798,0.8739428,3.201269,3.2982953,0.15837698853544316,4.365724503173273,0.15288499407209946,0.04134548445876536,0.2261758625523715,0.11988414163470187
957,31.9,released,unknown_no_ground_truth,0.5180130113321173,0.039581608162017376,0.2995553214245439,0.25633652754767955,7.026458110850798,0.8739428,3.0102367,2.5825033,0.16667636478546102,4.29934532632695,0.16035311671715743,0.04547404245489681,0.2218214683031191,0.12846653865910218
958,31.933332,released,unknown_no_ground_truth,0.516923683568605,0.034592120430680245,0.3064184920116219,0.259519206793268,7.026458110850798,0.8739428,3.7065074,5.191409,0.17493924776092165,4.2015095194317436,0.16767286537377768,0.049895396826803225,0.22003878909082483,0.137597783376225
959,31.966667,released,unknown_no_ground_truth,0.5155931104697101,0.029367583612718517,0.3133088725351809,0.26254212932749177,7.026458110850798,0.8739428,3.1333554,3.0438251,0.1833532213384119,4.009348407822365,0.17502254544791868,0.05463984224084022,0.22008781312207618,0.1431423214390331
960,32.0,released,unknown_no_ground_truth,0.5141523309142442,0.02414702734933605,0.3201871682584053,0.26154058845145656,7.026458110850798,0.8739428,3.701271,5.1717887,0.19178811767777487,3.7461826058338734,0.18234560649572235,0.059437041262929695,0.21914169549276374,0.14275992681453356
961,32.033333,released,unknown_no_ground_truth,0.5126499787893362,0.01905272728711691,0.32705470327284614,0.26259460476688345,6.702883876914816,0.8739428,2.470898,0.5616163,0.20019068888568228,3.5680466255392598,0.1896317679662288,0.06415687410189491,0.22195779660469173,0.14032342277419696
962,32.066666,released,unknown_no_ground_truth,0.5112913463047062,0.013958470309841875,0.33413239917263005,0.2614138650430672,4.928916354203843,0.8739428,2.9420276,2.3269255,0.2088000259913108,3.435320118400856,0.1971425662115827,0.06879141982459591,0.22359635318278742,0.13543219587717362
963,32.1,released,unknown_no_ground_truth,0.5101202459387174,0.00904277906814006,0.34109439733247243,0.25131101100649356,4.724370478134386,0.873965,2.5731852,0.9448838,0.21723680371488244,3.3951262127021855,0.20453796311355016,0.07318504310047487,0.21593684998182558,0.12856321819646738
964,32.133335,released,unknown_no_ground_truth,0.5092138281787816,0.004265992199968347,0.3476401787858384,0.23495718895245507,4.724370478134386,0.873965,2.9786105,2.4640007,0.22523805865517266,3.3855470903707725,0.21153889793545028,0.0773529425878948,0.2009088879320652,0.12182158835912672
965,32.166668,released,unknown_no_ground_truth,0.5087474098432072,-0.00038636790462519407,0.35352760846426,0.21823494639011565,4.724370478134386,0.873965,2.1818447,-0.5214577,0.2325823496992985,3.278186118832878,0.21793253894741577,0.0812401246895885,0.18343442608132562,0.1182298742032289
966,32.2,released,unknown_no_ground_truth,0.508788192332171,-0.005092943830544939,0.35877103504148555,0.20345677731443396,4.724370478134386,0.873965,2.852037,1.9897332,0.23936117649136082,3.2122911734572703,0.22376767230043224,0.08498118406197198,0.16495183633516286,0.11910311467309673
967,32.233334,released,unknown_no_ground_truth,0.5092283523430507,-0.009806713331074243,0.3632742189671874,0.18827742172907405,4.982006491480972,0.873965,3.1849985,3.2373304,0.24548141728780287,3.279476776829138,0.22892915954216622,0.08861470614376496,0.14538456760178986,0.11963158043003613
968,32.266666,released,unknown_no_ground_truth,0.50990096479001,-0.014396908958608845,0.367122174572744,0.17614762365868947,4.982006491480972,0.87395763,2.7059228,1.4422479,0.2509753971011223,3.352722779911698,0.23345982830044362,0.09211492018122495,0.13043946180338223,0.11837876551581068
969,32.3,released,unknown_no_ground_truth,0.5104680231494338,-0.018878060685031103,0.3706275722551936,0.1717531648965866,5.675447489384164,0.87395763,2.8775463,2.085316,0.2561442605414911,3.5409321186917255,0.23762499042167656,0.09562555168701194,0.12520727476697696,0.11756822698935625
970,32.333332,released,unknown_no_ground_truth,0.5107528718048405,-0.02336821782939938,0.374185685435802,0.17036018972174927,6.261524256007323,0.87395763,3.4222004,4.126119,0.2613968557653031,3.613750835332159,0.24180685205541116,0.09928626543001387,0.12490547991516582,0.11584996905132308
971,32.366665,released,unknown_no_ground_truth,0.5105945107257966,-0.02769170568484819,0.3777892073827546,0.1686024861534028,6.180150639260798,0.87395763,2.8708997,2.0604112,0.2666439147216992,3.613750835332159,0.24595189482813276,0.10298855610486006,0.12450650635512428,0.11368785428685764
972,32.4,released,unknown_no_ground_truth,0.509947709342263,-0.031875411843520475,0.3814884965203408,0.16925070329106662,5.675447489384164,0.87395763,2.5336952,0.796916,0.2719391605857202,3.613750835332159,0.2501076160780994,0.10675714233622118,0.12441718113519712,0.11474391314092534
973,32.433334,released,unknown_no_ground_truth,0.5089893266347238,-0.03603436670517327,0.38521543400868796,0.17621721241338123,5.199754956871732,0.87395763,3.445202,4.212306,0.2772716239142833,3.713581690921172,0.25424674351653725,0.11062615802467277,0.13071818216088427,0.11817471304512062
974,32.466667,released,unknown_no_ground_truth,0.5080005367058357,-0.04037151822282127,0.38936451096020286,0.18111821050532376,5.675447489384164,0.87395763,2.5677943,0.92468435,0.28307240790417215,3.6089162408129822,0.2588220280300705,0.11463483730117757,0.1392903049927083,0.11576708129554392
975,32.5,released,unknown_no_ground_truth,0.5071379409174225,-0.04445012104309324,0.39367342882016454,0.1746528435923452,5.675447489384164,0.87395763,2.942603,2.329082,0.2888852433187556,3.496650354119148,0.2635326215677498,0.11834374160455545,0.14188917539723553,0.10183848820551461
976,32.533333,released,unknown_no_ground_truth,0.5064606905103471,-0.04793043749000555,0.3980856969123312,0.16577128067635638,6.180150639260798,0.87395763,3.2795496,3.5916107,0.29448008107611934,3.3820030458233603,0.26828116145356906,0.12142378910131991,0.14364987825944334,0.08273348761611853
977,32.566666,released,unknown_no_ground_truth,0.5059890746636921,-0.05080394753930029,0.40264221402531525,0.15638011204465468,6.180150639260798,0.87395763,2.2425404,-0.2940328,0.29988140471800695,3.326596885584731,0.27310913338354736,0.12385579581970645,0.1421270949690147,0.06522751197744267
978,32.6,released,unknown_no_ground_truth,0.5056971595616673,-0.05316997596572095,0.4070661566600276,0.14300926339825912,6.990446661694898,0.87395763,2.5701237,0.9334123,0.30490169946107853,3.2355143294370987,0.2777561559388239,0.12576392237975723,0.1327030007353229,0.05330631307409607
979,32.633335,released,unknown_no_ground_truth,0.5054825865258299,-0.05523478820633799,0.41106916758819645,0.12547311410476608,7.642728247599647,0.87395763,3.1292114,3.028298,0.30940337032762666,3.10579620680866,0.28195629955058504,0.12740129792837773,0.11555816557548869,0.04888571091817723
980,32.666668,released,unknown_no_ground_truth,0.50524162439024,-0.057204118810708124,0.41438029962630674,0.10913176110653582,8.195824399976452,0.87395763,2.6654038,1.2904243,0.3132630257198873,2.937828996593035,0.28546045793226765,0.1290195730898176,0.09563855935844295,0.05256431532946647
981,32.7,released,unknown_no_ground_truth,0.504889142608608,-0.059358132329955404,0.4170337647226566,0.10088280850942846,8.195824399976452,0.87395763,2.4085243,0.32790408,0.316657008413863,3.0398253214614024,0.2883321058153689,0.13090552980562833,0.08135896193063394,0.05964947917894732
982,32.733334,released,unknown_no_ground_truth,0.5044515867133317,-0.061666319303882555,0.41934979135272066,0.09229383434686654,8.195824399976452,0.87395763,2.8667352,2.0448072,0.31984550824408386,3.1850294705486313,0.2908843056214565,0.13299424757123676,0.0702087553273784,0.05990728281125057
983,32.766666,released,unknown_no_ground_truth,0.5039563735352196,-0.06371175315400354,0.42128031863668824,0.07969816911125407,8.195824399976452,0.873965,2.795071,1.776283,0.32257402888239717,3.1470786419190917,0.29301261778733695,0.13489851714097373,0.060744352661888316,0.05159381532096841
984,32.8,released,unknown_no_ground_truth,0.5034151465575514,-0.06531350470266876,0.42307177730458545,0.07088825232461392,8.158773417300523,0.873965,2.4331043,0.42000464,0.3249595108060458,3.088132358511279,0.29493386708338076,0.13642836109309275,0.05785565647333514,0.040961778912512625
985,32.833332,released,unknown_no_ground_truth,0.5028842869278818,-0.06650622877157211,0.4249374796491731,0.06805147993047975,8.158773417300523,0.873965,2.868038,2.0496883,0.3271981599522425,3.0538383881004987,0.29686960245409005,0.13757570648513429,0.05970862929981705,0.032647871414006706
986,32.866665,released,unknown_no_ground_truth,0.5023889022521804,-0.0674334442898018,0.42694918464680587,0.06812458038086654,8.158773417300523,0.87397236,2.8722384,2.0654275,0.3294235913782183,3.03259905694404,0.29891438137913295,0.1384561127623248,0.062034945427056155,0.028153578776619337
987,32.9,released,unknown_no_ground_truth,0.5018997085786555,-0.06821456475407865,0.4290289698451424,0.06858116180511552,7.799967641991128,0.87397236,2.4607825,0.52371424,0.3316325314212533,2.9629276202963193,0.30100542256942725,0.13919723948652543,0.06284511997229314,0.02745663217161781
988,32.933334,released,unknown_no_ground_truth,0.5013895946505547,-0.06903492283221394,0.4311136052227814,0.07112550791129364,7.6012908294177155,0.87397236,2.756524,1.6318493,0.33386781263433135,2.919622892993981,0.3031042530761033,0.13998402794751458,0.06398123170479801,0.03106830966075312
989,32.966667,released,unknown_no_ground_truth,0.5008037541076733,-0.07009508521901778,0.4332415179431814,0.07380860967173544,7.799967641991128,0.87397236,2.526831,0.7711956,0.3362681578607046,2.9640190148430716,0.30527077266115277,0.1410178334463216,0.0636919367417903,0.03729675663853871
990,33.0,released,unknown_no_ground_truth,0.5001674800160982,-0.07140180310347435,0.43525070806427957,0.07275206818044597,8.24536256891613,0.87397236,2.1785505,-0.533801,0.33869664104305736,3.0227258577450606,0.3073503171324694,0.14230670122106037,0.05921970794967386,0.0422597872082621
991,33.033333,released,unknown_no_ground_truth,0.4995746535579184,-0.07288662379601428,0.43701242510047245,0.06968583089406816,8.341020282869676,0.87397236,2.5691276,0.92967993,0.34100256243540883,3.084020907308472,0.30921869269964997,0.1437586438188477,0.05223456688251873,0.04612661975467465
992,33.066666,released,unknown_no_ground_truth,0.4991453408958604,-0.07460260669074582,0.43845884772578836,0.06655241512118025,9.802394481234897,0.87397236,2.4573977,0.5110314,0.3431484986321494,3.38060885732589,0.31083256823497335,0.1453753990121743,0.04405172212586175,0.04988656869546917
993,33.1,released,unknown_no_ground_truth,0.4989427075880859,-0.07646585947180255,0.439556939365032,0.061544390884375334,10.089230299757414,0.87397236,2.273968,-0.17627443,0.3450607593231612,3.827309992992135,0.3121554291769522,0.14705752500307268,0.03491713876635814,0.050680424916329105
994,33.133335,released,unknown_no_ground_truth,0.4989647269699595,-0.07825895470533561,0.4403119221896016,0.05199300969476593,10.089230299757414,0.87397236,2.2068233,-0.42786342,0.34663330306214396,4.288965882464253,0.3131604164020549,0.14861090266418453,0.025166895141045732,0.045496158585968914
995,33.166668,released,unknown_no_ground_truth,0.49915755846012383,-0.07971090951901974,0.4407567119829251,0.03773122406314774,10.089230299757414,0.87397236,2.163349,-0.5907609,0.34775702552557153,4.823733949709782,0.3138333531531265,0.14981179943868908,0.015510656114411157,0.034395709270255474
996,33.2,released,unknown_no_ground_truth,0.49944101848654254,-0.0806453382052726,0.44094866279308487,0.02248461943844113,10.089230299757414,0.87397236,2.164926,-0.5848514,0.3483921031224141,5.1551956738776,0.3141944442992604,0.15052876366175924,0.007726711015774993,0.02111530364854425
997,33.233334,released,unknown_no_ground_truth,0.49968485072420243,-0.08109149334755342,0.4410073257193233,0.009264214835789498,5.323996659187295,0.87397236,2.0796325,-0.90444374,0.34866143685638273,5.3175261808365235,0.31434845932819877,0.15083051305602965,0.002537716266802982,0.008909863785314888
998,33.266666,released,unknown_no_ground_truth,0.4998211194792953,-0.08112948653216583,0.4409992532566512,0.004385570635461035,2.8990250799059467,0.87397236,1.8584739,-1.7331187,0.3486664445246462,5.393464947959003,0.31436362279149893,0.15081048439303665,-0.0007867161460052233,0.004314430148262083
999,33.3,released,unknown_no_ground_truth,0.49987554725372996,-0.08087475922632312,0.4409610703827137,0.008101794045646005,1.7654205125847435,0.87397236,1.8601483,-1.7268447,0.34849704436749157,5.4291679909381525,0.31429601238874305,0.15055964442509964,-0.0017498681425862452,0.007910564344067169
1000,33.333332,released,unknown_no_ground_truth,0.4998988834744916,-0.08059734514046804,0.4409492677975012,0.007161634503099216,1.3753249499523452,0.87397236,1.8298283,-1.840453,0.34834010820705313,5.45360230894505,0.314246966702774,0.15029861910146475,-0.00108895396831785,0.007078360545413462
1001,33.366665,released,unknown_no_ground_truth,0.4999175437388162,-0.08039925627063357,0.44095227270941195,0.0044967207730992375,1.0176741811924799,0.87397236,1.8994648,-1.5795268,0.3482377369664878,5.472104312422805,0.3142234165698617,0.15011051237905998,-0.0005352066287777771,0.004464756608790061
1002,33.4,released,unknown_no_ground_truth,0.4999331591685019,-0.08029954686980374,0.44095266397986943,0.002011401540139274,0.356123826931643,0.87397236,1.9169717,-1.5139291,0.34818491926127737,5.477005280940425,0.3142112635029923,0.15001339903100458,-0.0002536254592686723,0.001995347158287349
1003,33.433334,released,unknown_no_ground_truth,0.499937081492293,-0.08026658060965064,0.44095222595899664,0.0005679344453295201,0.21960992080237463,0.87397236,1.8982915,-1.5839235,0.34816705211757937,5.47806939034244,0.314206529209928,0.1499818428413784,-2.0962448265705988e-05,0.0005675474517205212
1004,33.466667,released,unknown_no_ground_truth,0.4999393305764242,-0.08026233753215756,0.44095596374829,0.00048128105453565465,0.21960992080237463,0.87397236,1.9178181,-1.5107578,0.3481678744027249,5.478105018582169,0.3142098660278539,0.14997676105607075,0.00015698382076949417,0.0004549588261277751
1005,33.5,released,unknown_no_ground_truth,0.4999540564575752,-0.08024217635284503,0.4409642975944573,0.001375771830653769,0.21960992080237463,0.87397236,1.8882588,-1.6215155,0.34816353293768737,5.478202008943006,0.31421699463762415,0.14995174540015008,0.00010566040826946385,0.0013717084267965817
1006,33.533333,released,unknown_no_ground_truth,0.49998273302637486,-0.08018264894551261,0.44096930213739327,0.0027441489375612405,0.21960992080237463,0.87397236,1.8657632,-1.7058059,0.34813493454152633,5.481308493376849,0.31421690994714235,0.14988551014525145,-0.0002668253493928038,0.0027311458445934177
1007,33.566666,released,unknown_no_ground_truth,0.5000331861044381,-0.08007728314440293,0.44096030504001593,0.004209898080693831,0.5241132174075412,0.87397236,1.8064396,-1.9280895,0.348069177397081,5.488707943857419,0.3141992065535535,0.14976985963470105,-0.0007587781424242457,0.004140953704209794
1008,33.6,released,unknown_no_ground_truth,0.5001143727110521,-0.07993689330132543,0.44093701116781825,0.0051618235884184835,0.549967707043548,0.87397236,1.6934276,-2.3515425,0.34797117309904724,5.4986788339014145,0.31416632551272067,0.14961101972034796,-0.0010506608613186582,0.005053764390278459
1009,33.633335,released,unknown_no_ground_truth,0.5002143161829842,-0.07978940348790697,0.44090792022665315,0.005113990351103528,0.549967707043548,0.87397236,1.6784586,-2.407631,0.34786348366580916,5.505588739353402,0.3141291365008191,0.14943857891910794,-0.0010055083569111315,0.005014164960924387
1010,33.666668,released,unknown_no_ground_truth,0.5003226286223033,-0.07967288125881004,0.4408806317246754,0.0042725949162248705,0.6187517631693463,0.87397236,1.6721292,-2.4313471,0.347773083160141,5.518041079561541,0.3140993105239786,0.14929079174239665,-0.0006824665343749849,0.004217737159616375
1011,33.7,released,unknown_no_ground_truth,0.5004237291665519,-0.07960188276869,0.44086194927450684,0.003188243524614373,0.6187517631693463,0.87397236,1.6393969,-2.5539937,0.3477142517313644,5.5325603707715345,0.31408363942898354,0.14918668942015872,-0.00011656161478298098,0.0031861120762152525
1012,33.733334,released,unknown_no_ground_truth,0.500512972448006,-0.07958025549527642,0.44086151025717657,0.0024379988070318066,0.5248393420563954,0.87397236,1.6956115,-2.3433595,0.34769744563351734,5.541586638557992,0.3140915398687245,0.1491308763568637,0.0005252001271693628,0.0023807568144415332
1013,33.766666,released,unknown_no_ground_truth,0.5005854677237338,-0.07959685795728129,0.4408771689807247,0.0020406265074114694,0.5248393420563954,0.87397236,1.732211,-2.206222,0.3477152864032898,5.551485365779269,0.3141186522343158,0.14911536713906715,0.0008841905291493039,0.0018391203470444792
1014,33.8,released,unknown_no_ground_truth,0.5006319255468721,-0.07963539568884345,0.44089779406342083,0.0017362665495814444,0.5098935805822291,0.87397236,1.7852651,-2.00743,0.3477503125143018,5.557076164631083,0.3141504850008221,0.14912998567539257,0.0008350252237079405,0.001522285914986721
1015,33.833332,released,unknown_no_ground_truth,0.5006590926590185,-0.07967908938829746,0.440912029674856,0.001409737679953949,0.3597065477868986,0.87397236,1.8537778,-1.7507149,0.34778370374825807,5.573237292786908,0.31417431972960524,0.14915763948016852,0.0005639208137352433,0.0012920346907564532
1016,33.866665,released,unknown_no_ground_truth,0.5006773181904334,-0.07971508878672924,0.44091831137199744,0.001056093063919207,0.29157385625928534,0.87397236,1.9121174,-1.5321182,0.34780682154538667,5.585110808637766,0.31418807914570657,0.1491825594238003,0.0003172217678928407,0.001007324629716359
1017,33.9,released,unknown_no_ground_truth,0.5006833343554918,-0.07974461493570564,0.44092064024724476,0.0008295799324766011,0.21257015628922854,0.87397236,1.8858663,-1.6304802,0.34782389133972513,5.5915756659560945,0.3141954454422522,0.14920684116371366,0.00020788740744177603,0.000803110011265592
1018,33.933334,released,unknown_no_ground_truth,0.500689680230125,-0.0797688166050319,0.44092285103151496,0.000675807554571481,0.14780008344103754,0.87397236,1.8659114,-1.7052507,0.3478380605730677,5.5961630429472455,0.3142019615476923,0.1492261496615645,0.00014244612314021565,0.0006606246686418906
1019,33.966667,released,unknown_no_ground_truth,0.5006897191506678,-0.07978915816159908,0.4409228586792775,0.000561161355522953,0.129686621308446,0.87397236,1.8382053,-1.8090644,0.3478486978727099,5.600326320513148,0.3142049417049563,0.14924466898326672,3.636605249409423e-05,0.0005599817650230719
1020,34.0,released,unknown_no_ground_truth,0.5006834511171212,-0.07980563960540724,0.44092066319053297,0.0005293855669141858,0.11603695686451128,0.8739945,1.8443826,-1.7859182,0.34785580288322226,5.60393290766196,0.3142043859140448,0.1492623980509129,-6.971401814383433e-05,0.00052477522248225
1021,34.033333,released,unknown_no_ground_truth,0.5006708761294849,-0.07981826093645639,0.4409162645652812,0.0005505523082289796,0.11603695686451128,0.8739945,1.8425351,-1.7928407,0.3478593756550207,5.6066291734656595,0.31420029417495793,0.1492793367196905,-0.0001227540456877022,0.0005366929181231656
