frame_index,time_s,stage,contact_state,tcp_x_m,tcp_y_m,tcp_z_m,speed_m_s,angular_speed_deg_s,gripper_state,aux_action_tail_norm,aux_action_tail_robust_z,reference_distance_m,reference_axis_error_deg,axial_distance_proxy_m,lateral_distance_proxy_m,axial_velocity_m_s,lateral_speed_m_s
0,0.0,approach,unknown_no_ground_truth,0.5398581921298702,-0.12976402220658353,0.33071554138822834,0.08155791159850098,12.542805877291105,0.8714609,1.4032671,-3.161883,0.3083013508494976,2.241903332165823,0.1909250681583019,0.24206887714940312,-0.040660812065314064,0.0706993020227082
1,0.033333335,approach,unknown_no_ground_truth,0.5383194083514123,-0.13154775856344328,0.329358633211007,0.07391313952637917,8.717693297078661,0.8714609,2.1637306,-0.07528814,0.3087890172839499,2.2608119570604353,0.18956970768543718,0.24374983717583368,-0.0355811899669604,0.06478526927613307
2,0.06666667,approach,unknown_no_ground_truth,0.5369577946003138,-0.13296365029333806,0.32834262044873386,0.05888991108921661,4.1958813879416015,0.8714609,1.8608246,-1.3047334,0.3092206173869791,2.362180146431826,0.18855298867635842,0.245081946863488,-0.025422114517322427,0.053120031264712014
3,0.1,approach,unknown_no_ground_truth,0.5357733508765745,-0.13401169739626792,0.3276675031014089,0.044520524357538775,4.1958813879416015,0.8714609,2.2913797,0.44281822,0.30958564483063233,2.4755441287112805,0.18787491113106564,0.24606155582027156,-0.015262694044074201,0.041822568782741994
4,0.13333334,approach,unknown_no_ground_truth,0.5347660771801941,-0.13469189987223265,0.3273332811690317,0.033136108045075295,4.1958813879416015,0.8714609,1.9580925,-0.9099393,0.30987634297287703,2.5312401797266544,0.1875354750495583,0.24668561679226575,-0.0030696687737192057,0.032993617412986974
5,0.16666667,approach,unknown_no_ground_truth,0.5337152348077459,-0.13479238719118447,0.3274812613564603,0.026819310098814175,3.446890913662713,0.8714609,1.9571754,-0.91366154,0.3099904780975556,2.6197149091999847,0.1876702670892798,0.24672650316046205,0.009360455506344767,0.025132792659990966
6,0.2,approach,unknown_no_ground_truth,0.5331004264477017,-0.13463813932802177,0.32798096702722734,0.021362494343158143,3.3896485971192982,0.8714609,1.9415435,-0.9771089,0.3101340962560359,2.6944239703508774,0.188159505416648,0.2465342941294589,0.01585921757818581,0.014312280823447597
7,0.23333333,approach,unknown_no_ground_truth,0.532833624929731,-0.13447843030115753,0.3285547811347896,0.015216072482586666,2.1404920791007513,0.8714609,2.0311449,-0.6134317,0.310335899660766,2.71560337225512,0.18872754826115884,0.24635397935813622,0.013043180847662192,0.007836089277854693
8,0.26666668,approach,unknown_no_ground_truth,0.5326264026890819,-0.13445758486626413,0.32885944227856845,0.006716263567755307,2.1404920791007513,0.8714609,1.9078263,-1.1139612,0.3104916472789973,2.71560337225512,0.18902904951270078,0.2463190643664233,0.0032379180503267256,0.005884223229188847
9,0.3,approach,unknown_no_ground_truth,0.532461618598176,-0.13436609209993597,0.3287772026648924,0.013474597145293199,2.1404920791007513,0.8714609,2.0065877,-0.71310496,0.3103616277619123,2.7178685252720554,0.18894341102020012,0.24622089151628773,-0.007274249034572634,0.011342401386433242
10,0.33333334,approach,unknown_no_ground_truth,0.5324018318748001,-0.13372750571168374,0.32838667711183395,0.035263037812183554,2.1404920791007513,0.8714609,1.8553253,-1.3270539,0.3096143871310091,2.7306704893441816,0.18854409957706256,0.24558540517136818,-0.01559505561841699,0.03162714144531508
11,0.36666667,approach,unknown_no_ground_truth,0.5323765586534126,-0.13224590572641584,0.32776519452066916,0.0666420286195371,5.221057065767256,0.8714535,1.8446089,-1.3705502,0.3080564688111887,2.6897348295083643,0.187903740645639,0.24411262201655062,-0.023675333748143998,0.06229477145347911
12,0.4,approach,unknown_no_ground_truth,0.5320842761897504,-0.12956560156891384,0.32686477005595255,0.10113782979969715,10.744637963789186,0.8714535,1.9574955,-0.9123624,0.3053627108750303,2.6422624438685602,0.18696574399385296,0.24143362600468968,-0.031035868887391023,0.09625817086874851
13,0.43333334,approach,unknown_no_ground_truth,0.53143441045776,-0.12586872721070844,0.3257889471432795,0.1326849350316709,16.23983610938391,0.8714535,1.9045063,-1.1274365,0.3017413434844908,2.54844783272918,0.18583468271981293,0.2377252806628944,-0.03606976982865197,0.12768815015053978
14,0.46666667,approach,unknown_no_ground_truth,0.5304946910466624,-0.12116729298178511,0.3245871892997687,0.15756864863661835,20.88462929322453,0.8714535,1.8872585,-1.1974424,0.2972431393221869,2.4380166942489163,0.18456109267194284,0.23300362002734537,-0.03873885330007022,0.15273238123648086
15,0.5,approach,unknown_no_ground_truth,0.5294091625527989,-0.11585156788829258,0.3233597458199842,0.1672128486886871,20.88462929322453,0.8714535,1.8636484,-1.2932719,0.29225459412286314,2.4919570236640585,0.18325209249980826,0.22766514529097598,-0.0375037484874572,0.16295277112088435
16,0.53333336,approach,unknown_no_ground_truth,0.5283560845398954,-0.11047930031158452,0.3222503144765526,0.1577400479014935,20.88462929322453,0.8714535,1.8686023,-1.2731651,0.2873176631670513,2.6687199736362253,0.18206081825140463,0.22227302586099865,-0.03120697239445729,0.15462227389977506
17,0.56666666,approach,unknown_no_ground_truth,0.5275761637182398,-0.10567755557044761,0.32143209545957374,0.13451665012324485,20.88462929322453,0.8714535,1.82663,-1.4435235,0.28303996753443694,2.8582840809211785,0.18117163252661184,0.21745910601659668,-0.021209553453691982,0.132834046850476
18,0.6,approach,unknown_no_ground_truth,0.5272231983047148,-0.10167709218191488,0.3209623927461171,0.1084145061130455,15.130831182051638,0.8714535,1.5209652,-2.6841662,0.279636812495221,2.9440805673122803,0.1806468435152819,0.21345600209516857,-0.01570282308512064,0.10727127519934207
19,0.6333333,approach,unknown_no_ground_truth,0.5272116080600765,-0.09852217596156551,0.3204800935350999,0.08586986746479795,15.130831182051638,0.8714535,1.51172,-2.7216911,0.2769020046118402,3.015717532589994,0.18012478295209966,0.21030877947559531,-0.01500982031591406,0.08454785291481942
20,0.6666667,approach,unknown_no_ground_truth,0.5270925351001801,-0.09602966043317354,0.3200344052317061,0.06454108068524012,10.915642220429941,0.8714609,1.6129476,-2.3108249,0.2747031275280544,3.0619657926537385,0.17964618374071276,0.20781977033259516,-0.020626841271256885,0.06115623038733704
21,0.7,approach,unknown_no_ground_truth,0.5269849292491158,-0.09443345494654087,0.3191592920471069,0.0517108619360017,10.915642220429941,0.8714609,1.5897676,-2.4049087,0.2729162717806171,3.090196472390648,0.17874966625230904,0.20623251008829768,-0.03717752149875907,0.03594224724990825
22,0.73333335,approach,unknown_no_ground_truth,0.5272055000842353,-0.09360701146380183,0.3175843965571592,0.057187019945922714,10.915642220429941,0.8714609,1.5096202,-2.7302136,0.27127753822474726,3.056225425268326,0.17716767603879421,0.20543397312102998,-0.05388779861997138,0.01914315570089667
23,0.76666665,approach,unknown_no_ground_truth,0.5278659883922083,-0.09351469823887426,0.3155656167186067,0.07481966047775993,21.308197198226107,0.8714609,1.4032803,-3.1618297,0.2699356074984774,2.911437676248443,0.1751571525164171,0.2053903700710251,-0.06583863001636904,0.03554231832020723
24,0.8,approach,unknown_no_ground_truth,0.5294027112344535,-0.0942705977812711,0.3131558694884791,0.10041201096693282,26.210302620685912,0.8714609,1.4014429,-3.1692874,0.2690469972796668,2.091814740598719,0.17277842851242442,0.20623748782891552,-0.07245848789545738,0.06951503059286743
25,0.8333333,approach,unknown_no_ground_truth,0.531772314689712,-0.0958389030846254,0.3106513399979568,0.12168225124973207,26.210302620685912,0.8714609,1.5339918,-2.6312933,0.26880326008386896,1.858266549626779,0.17032659220505506,0.20795202480266692,-0.07220260258278291,0.09794567090727202
26,0.8666667,approach,unknown_no_ground_truth,0.5347454766940989,-0.09786613121697504,0.30822292608482826,0.13322672885701595,26.210302620685912,0.8714609,1.7522306,-1.7454982,0.2690571491546215,1.6990243526105735,0.16796491706802028,0.21018928646709206,-0.07286209006569265,0.11153688678280266
27,0.9,approach,unknown_no_ground_truth,0.5379659267481245,-0.0997879350355794,0.30565830297735286,0.126591409637551,26.210302620685912,0.8714609,1.517198,-2.6994567,0.2692329052717641,1.6980812912811956,0.16546912511614453,0.2123824990774249,-0.0702641790213573,0.10530114026199758
28,0.93333334,approach,unknown_no_ground_truth,0.5407980034496829,-0.10124951126783714,0.3034121572595875,0.11288890690259837,17.84413074384409,0.8714609,1.5080779,-2.7364738,0.26927354812405374,1.9164644956733419,0.16328063431658782,0.21412070935920655,-0.07095518030656481,0.08780243555463821
29,0.96666664,approach,unknown_no_ground_truth,0.5431857157541107,-0.1022432463941495,0.3008245799535253,0.10908478857441338,13.16343203026797,0.8714609,1.466278,-2.9061327,0.2687523211563837,2.16683707239171,0.16073878565226205,0.2153853590984777,-0.08292574902906925,0.07087179443397978
30,1.0,approach,unknown_no_ground_truth,0.5451159902319587,-0.10291506318919548,0.29780256540908245,0.10612004144192867,5.829815112055101,0.8714609,1.5283512,-2.6541877,0.2677218344119284,2.300723638436135,0.1577522456881382,0.21630813577218333,-0.09113398989546018,0.05436965220939733
31,1.0333333,approach,unknown_no_ground_truth,0.5465252925529821,-0.10335738211233565,0.2946880599231074,0.10459569315469976,2.458321811413003,0.8714609,1.4752227,-2.8698273,0.2664415962107215,2.3695086215615566,0.15466319176689244,0.21695718772097555,-0.09526910870259928,0.043174714284224584
32,1.0666667,approach,unknown_no_ground_truth,0.5477370792185083,-0.10380859958385863,0.2914029620329083,0.1004002127720895,2.458321811413003,0.8714609,1.1018202,-4.385406,0.2650897360420832,2.449728725079304,0.15140097535104358,0.217601270257354,-0.0936579270819907,0.036171748912450424
33,1.1,approach,unknown_no_ground_truth,0.5486535096347558,-0.10423367508671114,0.2884028523138296,0.0907072352674715,2.458321811413003,0.8714609,1.4420686,-3.0043945,0.2638790743507808,2.5035961286405213,0.14841931404842254,0.21818311826908288,-0.08515456185719297,0.031249049982006206
34,1.1333333,approach,unknown_no_ground_truth,0.5493781421534252,-0.10491344238189507,0.2856885783407562,0.0839769948800215,2.458321811413003,0.8714609,1.3628707,-3.3258455,0.26304492083601405,2.544256520526655,0.14572400961360865,0.2189911947996033,-0.07706373649205989,0.03336639307688974
35,1.1666666,approach,unknown_no_ground_truth,0.5499453222904246,-0.10592700690926721,0.2832253416377319,0.07700812518688774,3.149959215353373,0.8714609,1.1955729,-4.0048795,0.2626341916914178,2.566294418063905,0.14328173618855625,0.22010693473899762,-0.0671949324209568,0.03761771393562377
36,1.2,approach,unknown_no_ground_truth,0.5502251062902782,-0.10719424899045728,0.28116782136447316,0.07573763262539973,3.8508008941091494,0.8714609,1.1055185,-4.3703957,0.2626425519503925,2.586026076947056,0.14124435434956933,0.22142976868386038,-0.062001330667522184,0.04349740211962763
37,1.2333333,approach,unknown_no_ground_truth,0.5503335846169278,-0.10874017552170684,0.27905046598160155,0.08124302154473965,5.528449387933129,0.8714609,0.9440638,-5.025713,0.26285747330161685,2.631654713920361,0.1391483015840109,0.2230062811599605,-0.06369091482117543,0.050437049070706015
38,1.2666667,approach,unknown_no_ground_truth,0.5503408133974861,-0.11049850290309,0.2768778675508924,0.08578243578267503,5.738731304857982,0.8714609,1.1923872,-4.0178094,0.26323895974289274,2.6661276754752588,0.1369982971408896,0.22478037393646452,-0.06468413134251433,0.05634349511055485
39,1.3,approach,unknown_no_ground_truth,0.5502597680264119,-0.11244183774455238,0.27469188875894646,0.08934001704887284,6.250907989499907,0.8714609,1.1013228,-4.387425,0.26379083787734986,2.6840887443006505,0.13483602999951244,0.22672637950182345,-0.06656686538287424,0.059585997343261705
40,1.3333334,approach,unknown_no_ground_truth,0.5501970926508615,-0.11441392310914185,0.2723920244361811,0.08612972298560996,6.316096870058055,0.8714609,1.0946267,-4.414603,0.2643452931770531,2.7132343457089427,0.13256051091881343,0.22870536716440498,-0.06625702408684407,0.05503031837753872
41,1.3666667,approach,unknown_no_ground_truth,0.550193047333456,-0.11605466864495953,0.2702294369514573,0.07813207265155574,7.359999751924357,0.8714609,1.1526741,-4.1789985,0.26471822739741546,2.730564410973179,0.1304188818412774,0.23036200896784326,-0.06489140209442171,0.04351697037993414
42,1.4,approach,unknown_no_ground_truth,0.5502875915554652,-0.11725650320155327,0.26802817888849895,0.07177267261514103,8.673517222185875,0.8714609,1.0709966,-4.510514,0.26472874641116084,2.726419099686395,0.12823442129648718,0.23159715536072487,-0.06572516632263027,0.028836071961742666
43,1.4333333,approach,unknown_no_ground_truth,0.5504298940539338,-0.11789866741216079,0.26582055142639394,0.06751540092496575,13.003879128724925,0.8714609,0.70281506,-6.004902,0.26427482119293577,2.447931288650195,0.1260372079865459,0.23228388519119084,-0.06640945051044099,0.012170219593752387
44,1.4666667,approach,unknown_no_ground_truth,0.5505754564866083,-0.11793330876484175,0.26358765162999953,0.0671185021351201,13.003879128724925,0.87146837,1.184872,-4.0483127,0.2632939252597125,2.093135238171099,0.12380712941719638,0.23236928752341748,-0.06682743764785294,0.006243949574143676
45,1.5,approach,unknown_no_ground_truth,0.5506530793807181,-0.11753863053154368,0.26136606905730436,0.0661274678338659,13.003879128724925,0.87146837,1.1867101,-4.040852,0.26194568445710037,1.7991169440241481,0.12158203296636633,0.23202015185208416,-0.06449673712921611,0.01459496152114714
46,1.5333333,approach,unknown_no_ground_truth,0.5506864847777582,-0.11692125076376202,0.2592983358260466,0.06156368692053238,13.003879128724925,0.87146837,1.0742388,-4.4973545,0.26047564336199075,1.6266543340634916,0.11950735076913122,0.23144233384795193,-0.059328337319445576,0.01643885452698607
47,1.5666667,approach,unknown_no_ground_truth,0.550626286008457,-0.11639338382919709,0.2574249430898178,0.05407488769450179,12.722761318001883,0.87146837,1.072242,-4.505459,0.2591687236082395,1.4007325887403814,0.1176268163128062,0.2309379989972144,-0.052911324073308175,0.011157296445928992
48,1.6,approach,unknown_no_ground_truth,0.5508225320345079,-0.11615632679691712,0.25577804586535846,0.048358433271129764,12.722761318001883,0.8714609,1.1977111,-3.9962008,0.25826009811981365,1.257744713243496,0.11597991682538894,0.23075297868940206,-0.0457464615699659,0.015677988463637278
49,1.6333333,approach,unknown_no_ground_truth,0.5516223732968797,-0.11623285258211474,0.25436299536711915,0.05373833956707435,12.722761318001883,0.8714609,1.1900673,-4.027226,0.2578168744422543,1.2576955142702397,0.11457705492272233,0.23095808977476545,-0.03963429329302392,0.03628955682546631
50,1.6666666,approach,unknown_no_ground_truth,0.5531671362447692,-0.1165508585525566,0.25309814657076884,0.06933410671782399,12.722761318001883,0.8714609,1.0816492,-4.467277,0.2577633631462824,1.1382381116537872,0.11333763295774037,0.23150924892111496,-0.03669663241365874,0.05882665657553059
51,1.7,approach,unknown_no_ground_truth,0.5554123180513441,-0.11707219919212099,0.25185353592144866,0.08404826030049893,11.866624815853626,0.8714609,1.0689229,-4.518931,0.2580165003911944,0.8302882154488397,0.11213061911401005,0.23237736277707435,-0.036787790867214315,0.07556962685266169
52,1.7333333,approach,unknown_no_ground_truth,0.5580228151891462,-0.11773183564802839,0.2505636605822276,0.08723751456888308,11.866624815853626,0.8714609,1.1894418,-4.0297647,0.2584571758046786,1.0104813529092056,0.11088510330268454,0.2334622144812379,-0.035707017667573435,0.07959518099384967
53,1.7666667,approach,unknown_no_ground_truth,0.5604894442786266,-0.11847031744087988,0.24938535378064344,0.07824814138716028,11.866624815853626,0.8714609,1.1493315,-4.192566,0.25902447739941376,1.4845319939038752,0.10975015338834823,0.2346243459730329,-0.03749469313560592,0.0686798341379169
54,1.8,approach,unknown_no_ground_truth,0.5624161508806034,-0.11886411739820063,0.24798901313931723,0.06684856107944566,12.676983242251904,0.8714609,1.1235641,-4.297151,0.25913093080846267,1.5996596276641313,0.10838545931856733,0.2353750868506764,-0.04826489530164969,0.0462518107744245
55,1.8333334,approach,unknown_no_ground_truth,0.5635282548095264,-0.11846414148073217,0.24612549186838434,0.07473844336505836,12.676983242251904,0.8714609,1.0157969,-4.7345605,0.25821510964591515,1.599636145441151,0.10653249736398246,0.2352145188011256,-0.06508833757843363,0.036733407518332664
56,1.8666667,approach,unknown_no_ground_truth,0.5640021826963223,-0.11699596569180089,0.24365075463077684,0.10357214477433362,12.676983242251904,0.8714609,1.0049173,-4.778719,0.2559967254889715,1.599636145441151,0.1040462272447348,0.23389892273632393,-0.08398968354966392,0.06060463868700842
57,1.9,approach,unknown_no_ground_truth,0.564328201215152,-0.11444987054215633,0.2405647341833257,0.13233538026586927,12.676983242251904,0.8714609,1.0689473,-4.5188317,0.25255477805575777,1.599636145441151,0.10093319011125935,0.23150897834156978,-0.09821202891502019,0.08869639364995321
58,1.9333333,approach,unknown_no_ground_truth,0.5649468746121001,-0.11109202716671689,0.23716346388093057,0.15193602489502703,12.676983242251904,0.8714609,1.4116678,-3.1277862,0.2483297146345032,1.4444810065197204,0.09749876447827072,0.2283892249990452,-0.10638198090071657,0.10847778482501312
59,1.9666667,approach,unknown_no_ground_truth,0.5659959717466496,-0.10734781146079267,0.2335378259380324,0.15525772131867127,12.676983242251904,0.8714609,1.3488824,-3.3826215,0.2437766378788047,1.433575227814054,0.09384105899380603,0.22499089942132075,-0.10686514615177106,0.1126268199277011
60,2.0,approach,unknown_no_ground_truth,0.5672257561014442,-0.10388025622379701,0.23009731276811596,0.14116841692251184,12.676983242251904,0.87146837,1.1684309,-4.115044,0.239610699511553,1.4119604190756463,0.09037440688474437,0.22191384341822035,-0.1004564480739812,0.09918177240182618
61,2.0333333,approach,unknown_no_ground_truth,0.5683686442584135,-0.10112811175573246,0.22688524661392803,0.12140762980461076,13.787450388392099,0.87146837,1.3173863,-3.5104592,0.2361926357605519,1.4174560384464108,0.08714396841659436,0.2195287907225937,-0.09427094390814407,0.07650360585907677
62,2.0666666,approach,unknown_no_ground_truth,0.569174033209046,-0.09912444637604712,0.22384458132550444,0.10581073821949451,13.787450388392099,0.87146837,1.4397762,-3.0136988,0.2334748599523052,1.4195811158894265,0.08408968288487598,0.21780595827954186,-0.09070033196859512,0.05449185355024215
63,2.1,approach,unknown_no_ground_truth,0.5697300214142964,-0.0977188246813826,0.22086171479073408,0.09823244578026481,13.787450388392099,0.87146837,1.3651105,-3.3167543,0.23129608013892267,1.4570407956089821,0.0810972850008169,0.21661280445330838,-0.08902480160025654,0.041523464499095275
64,2.1333334,approach,unknown_no_ground_truth,0.5704026757041967,-0.09661123357816245,0.2179232990746925,0.09733862125970787,20.186630365564454,0.87146837,1.4496703,-2.9735403,0.22945988148207452,1.512858563922504,0.07815468082557576,0.21573985045609922,-0.08638232865200993,0.04486535952599729
65,2.1666667,approach,unknown_no_ground_truth,0.571534440352985,-0.0953228635292645,0.21510724601117887,0.10157283515371181,22.562192985930395,0.87146837,1.2791798,-3.6655328,0.22763374821547488,1.549998925395746,0.07533844697495197,0.21480512501806975,-0.0803524822494379,0.062133078448736806
66,2.2,approach,unknown_no_ground_truth,0.5732870905566909,-0.09364414093843193,0.21256326685019722,0.10781469632437272,22.562192985930395,0.87146837,1.642908,-2.1892207,0.22571599414406196,1.6502255054184862,0.07279785344370406,0.2136543529779611,-0.07230885503512503,0.07997148383659004
67,2.2333333,approach,unknown_no_ground_truth,0.5753833670220627,-0.0916433862930316,0.21027926715064327,0.10944362701167815,22.562192985930395,0.87146837,1.5425014,-2.596754,0.22370642529595824,2.040341412018789,0.07051786093006146,0.21230119172662376,-0.06616140431566893,0.0871812828103023
68,2.2666667,approach,unknown_no_ground_truth,0.5774802689871728,-0.08962810591457776,0.20814469615549386,0.10568029073037928,20.186630365564454,0.87146837,1.5503856,-2.5647538,0.22177064329899648,2.3383611229852317,0.0683870970819895,0.21096308487967574,-0.06603472446487733,0.08250902383197381
69,2.3,approach,unknown_no_ground_truth,0.5794059563169432,-0.0879021765257448,0.20586802794125836,0.09573851223245713,14.248744944692717,0.87146837,1.4243209,-3.0764291,0.22005401488830859,2.551567089897564,0.06611554988421589,0.20988688270583208,-0.06794646005603892,0.06744732233630515
70,2.3333333,approach,unknown_no_ground_truth,0.5809486581693537,-0.08678666521552836,0.20360227539347664,0.0837387607759225,11.506211616112598,0.87146837,1.3152621,-3.5190809,0.2188305791797514,2.657934445012181,0.06385733711017494,0.20930614630569958,-0.06871823056994954,0.04785378609496255
71,2.3666666,approach,unknown_no_ground_truth,0.5821861289335755,-0.08639740224746746,0.2012667798706012,0.07777679929729905,7.980089046643469,0.87146837,1.5335003,-2.6332881,0.21819843092007413,2.8423292572710794,0.06153433859060387,0.20934201783253947,-0.06857398578550807,0.03669930493103753
72,2.4,approach,unknown_no_ground_truth,0.5833280048519811,-0.08658396733443846,0.19899975169749767,0.0764850272387655,7.9376147279632105,0.87146837,1.33993,-3.4189577,0.21811542296716482,3.155663750858548,0.05928572654358586,0.20990364542890716,-0.06791782176481488,0.03517284291093825
73,2.4333334,approach,unknown_no_ground_truth,0.5844413793289882,-0.0866963499935701,0.19670340043466583,0.07287514610587428,7.7547118218816005,0.87146837,1.3677833,-3.305906,0.21797794184662506,3.3812367486863346,0.05700647206293951,0.21039164734995533,-0.06547112473513463,0.032004980016693774
74,2.4666667,approach,unknown_no_ground_truth,0.5854010975397269,-0.0864849644947921,0.19460703721223171,0.065857802519838,5.401153459358544,0.87146837,1.1958297,-4.003837,0.21757175061781203,3.515714915865438,0.054920988779612635,0.210525893082939,-0.059214950522635985,0.02882429161911446
75,2.5,approach,unknown_no_ground_truth,0.5861081281502931,-0.08579182419867308,0.19274355012405558,0.06326244390673258,5.401153459358544,0.87146837,1.4248508,-3.0742784,0.2167193205639461,3.593525700930065,0.05305881220856016,0.21012383575576374,-0.053963682055113725,0.03301602380825228
76,2.5333333,approach,unknown_no_ground_truth,0.5867273777537275,-0.08472150833387464,0.19101281320632307,0.06225215637142446,5.401153459358544,0.87146837,1.7109147,-1.9131926,0.21553798846197472,3.609886120808452,0.051323413178126144,0.20933831882859308,-0.04849346822682916,0.0390347859251949
77,2.5666666,approach,unknown_no_ground_truth,0.5873979637911001,-0.08351691989472013,0.18952100501514338,0.0575509079002206,5.318372398356754,0.87146837,1.4776877,-2.8598223,0.21431568397905,3.6112096970843433,0.04982591720435855,0.20844325456620663,-0.04126405122101298,0.04011714193420674
78,2.6,approach,unknown_no_ground_truth,0.5880815582935913,-0.08240322266946419,0.18827197464949766,0.04891308900471124,5.401153459358544,0.87146837,1.3698542,-3.2975006,0.21324497122617775,3.71507550502605,0.04857247887865429,0.20763942797271442,-0.03447134478146278,0.034701825095235575
79,2.6333334,approach,unknown_no_ground_truth,0.588696706327415,-0.08159529304146376,0.18722885583012538,0.03847740779082601,5.401153459358544,0.87146837,1.4861096,-2.8256392,0.2124855292205381,3.901568373694407,0.047527822997003706,0.20710192217673312,-0.029238485086513756,0.025012434910404672
80,2.6666667,approach,unknown_no_ground_truth,0.5891536752852201,-0.08112449683264306,0.18632376495366612,0.034261129836128404,5.436671360802666,0.87146837,1.3888499,-3.2204003,0.21201852362327359,3.846376798467504,0.04662324037975322,0.20682874030435028,-0.030275051997752947,0.01603889784808804
81,2.7,approach,unknown_no_ground_truth,0.589405344882961,-0.08079459335212422,0.1852105143832261,0.036612584692915055,5.732480482930665,0.8714535,1.4056911,-3.1520443,0.21157528923771762,3.7865284302170292,0.045509487993665464,0.20662281945268846,-0.035606934147811305,0.008522182730340094
82,2.7333333,approach,unknown_no_ground_truth,0.5893879611665015,-0.08059307948558249,0.1839530287711207,0.04249711168304342,6.765367699572129,0.8714535,1.3824401,-3.2464166,0.21113719418299134,3.7527568462212595,0.044249446882803294,0.20644830156247876,-0.0420414707409438,0.006206386979510064
83,2.7666667,approach,unknown_no_ground_truth,0.5892234044585962,-0.08037130653189294,0.18241508984772722,0.04922583450948648,7.471669298083054,0.8714535,1.280307,-3.6609576,0.21058500318727139,3.617830189127085,0.0427067257723301,0.20620906658338303,-0.04861041003440433,0.0077595630961047836
84,2.8,approach,unknown_no_ground_truth,0.5890811507533436,-0.08010654980818697,0.18072210965579943,0.05160583598792425,9.151768600649591,0.8714535,1.3308766,-3.4557042,0.20998297916055106,3.4786833224313325,0.04100875576503597,0.2059396355433894,-0.050720238696638616,0.009519437723339585
85,2.8333333,approach,unknown_no_ground_truth,0.5889748437767319,-0.0797272858935394,0.17904467283220998,0.050374231944555134,9.484153819343192,0.8714535,1.3693326,-3.299618,0.20930220752213566,3.370732259777537,0.039325379535610355,0.20557463023928643,-0.04895198200917544,0.011885566935455893
86,2.8666666,approach,unknown_no_ground_truth,0.5888838509890559,-0.07928803184978245,0.1774710882870698,0.04427107860706304,9.484153819343192,0.8714535,1.4534007,-2.958399,0.2086001382548501,3.261958359576094,0.03774529320255267,0.2051567949666691,-0.04256857818388241,0.01215913452657894
87,2.9,approach,unknown_no_ground_truth,0.5888208305628284,-0.07888926825728784,0.17621892840070033,0.036107375325326235,9.484153819343192,0.8714535,1.3704169,-3.2952168,0.20800652508379006,3.154033132537988,0.036487469154641586,0.20478129570867173,-0.03462080418263954,0.01025390026435336
88,2.9333334,approach,unknown_no_ground_truth,0.5886792220522903,-0.07859772741312698,0.17517412149668304,0.03206137833088527,9.484153819343192,0.8714535,1.2543573,-3.7662833,0.20752423988215385,3.0526849977745716,0.03543723200176353,0.2044761910998905,-0.031018124132561373,0.00811221028901333
89,2.9666667,approach,unknown_no_ground_truth,0.5884062861534953,-0.07848475684786563,0.1741614780612556,0.032787541220017466,8.152605331436211,0.8714535,1.1448804,-4.210632,0.20717267759702504,2.9708016693113004,0.03441959605307646,0.2042934403016013,-0.03101196874261972,0.010643338478180692
90,3.0,approach,unknown_no_ground_truth,0.5879429177869495,-0.0786189775896532,0.17311614304009737,0.03740106266625771,6.253788929386741,0.8714535,1.1495007,-4.191879,0.2069867463617259,2.897537131001614,0.033369769259162615,0.2042791513321996,-0.03262577910241176,0.01828655316143446
91,3.0333333,approach,unknown_no_ground_truth,0.5872715309564509,-0.07897251079549043,0.1719954955923914,0.04456145321380724,5.946345418394328,0.8714535,1.064635,-4.5363345,0.20693133573179975,2.7481100131647302,0.03224454604891904,0.20440368626286062,-0.03547657393944261,0.02696545593987969
92,3.0666666,approach,unknown_no_ground_truth,0.586341367609654,-0.0794664862534305,0.17076195816223627,0.054994692053084444,5.946345418394328,0.87146837,1.087562,-4.443278,0.20691545848261195,2.585350944933946,0.031004666435035064,0.20457936752840383,-0.040319766295970026,0.037399633686066344
93,3.1,approach,unknown_no_ground_truth,0.5850144752051025,-0.0800732614751338,0.16932419012110556,0.0689628844641083,5.946345418394328,0.87146837,1.125383,-4.2897687,0.20686351630413394,2.41162080198331,0.029556564021749845,0.2047411143393991,-0.047298103719096644,0.05018733722949968
94,3.1333334,approach,unknown_no_ground_truth,0.5832429434760105,-0.08079069254831414,0.16763407840077849,0.07986506594627704,6.253788929386741,0.87146837,1.0784749,-4.4801607,0.20676556176221095,2.232949718266947,0.027851449375868503,0.2048811711663766,-0.05208637241585118,0.06054286553476337
95,3.1666667,approach,unknown_no_ground_truth,0.5812418213593731,-0.08158342132869986,0.16588395677660017,0.0846885120564989,6.253788929386741,0.87146837,1.1017796,-4.385571,0.20669346696360053,1.9867650063456113,0.026084130463568278,0.20504098961766784,-0.053384330378857224,0.06574387685818947
96,3.2,approach,unknown_no_ground_truth,0.5791398650693844,-0.08241088664177862,0.1641104640874804,0.08471518771530194,6.253788929386741,0.8714609,1.199118,-3.9904904,0.20665944226779967,1.6832051022748657,0.02429249718508725,0.20522670308454152,-0.05291149173113657,0.06615917980465531
97,3.2333333,approach,unknown_no_ground_truth,0.5771016600465156,-0.08318523033476256,0.16239261096704274,0.07993006414917767,6.048257965639649,0.8714609,1.3963665,-3.1898916,0.2066379999399867,1.412961746689652,0.022556700821243614,0.20540316031468173,-0.050239312497516966,0.06216772984972583
98,3.2666667,approach,unknown_no_ground_truth,0.5752207597412908,-0.08384343672527425,0.1607963884758938,0.06861906432490128,6.048257965639649,0.8714609,1.4090943,-3.1382315,0.20659638699272964,1.2368622920532406,0.020943212666437633,0.2055321117530253,-0.043622207112059816,0.05296866088072737
99,3.3,approach,unknown_no_ground_truth,0.5737140307577687,-0.08427182358858294,0.15951680672413673,0.0532710075473466,5.7371028892247615,0.8714609,1.2922415,-3.6125178,0.2064908251956803,1.0649947605021965,0.019648556268967565,0.2055538740246416,-0.03428346339132658,0.040773084050694866
100,3.3333333,approach,unknown_no_ground_truth,0.5725642170488867,-0.08451924100183456,0.15853840428983498,0.04045683749132545,4.897791821954545,0.8714609,1.3234787,-3.4857311,0.20634696958191123,0.9135547785783446,0.01865765047471902,0.20550173705932856,-0.026120936963811705,0.030894212272399683
101,3.3666666,approach,unknown_no_ground_truth,0.5716857741098782,-0.08472333111068908,0.15779727982562075,0.031652561968384126,4.2777051097543835,0.8714609,1.3128098,-3.5290341,0.2062596087440594,0.7844179046353389,0.017907162021388208,0.20548080140877448,-0.020033527052466565,0.024505968109839838
102,3.4,approach,unknown_no_ground_truth,0.5709816968540253,-0.08497379242526805,0.1572186125431438,0.025592658394896686,2.9548342490025976,0.8714609,1.2940173,-3.60531,0.20627915657978493,0.7286823877781929,0.017322079676342084,0.20555056797526464,-0.014688849962691918,0.02095762034419465
103,3.4333334,approach,unknown_no_ground_truth,0.5704560206782264,-0.0853984974635695,0.15682624061605896,0.022217604726963054,2.9548342490025976,0.8714609,1.3342059,-3.4421914,0.20652861752629836,0.6711646588803398,0.016927901395409645,0.20583370960965391,-0.009498550095857587,0.020084807837767706
104,3.4666667,approach,unknown_no_ground_truth,0.5700749867459285,-0.08595902854480614,0.15658532110942386,0.02169878822470652,2.69740372172711,0.8714609,1.4276392,-3.0629606,0.20695797174177144,0.6532178722332722,0.01668884356692586,0.20628399009100667,-0.005607862917047746,0.02096161453524664
105,3.5,approach,unknown_no_ground_truth,0.5697904579995685,-0.08662530940934489,0.1564460225756963,0.022617377881485795,2.69740372172711,0.8714609,1.3450171,-3.3983104,0.20752163036320365,0.6109673913720524,0.01655404420037527,0.20686031685466924,-0.0035453493958077557,0.022337776968525055
106,3.5333333,approach,unknown_no_ground_truth,0.5695354779167802,-0.08734529513132505,0.1563388907197111,0.022857751701488144,2.69740372172711,0.8714535,1.3501511,-3.3774724,0.20814764173215572,0.5833050722302549,0.016452487150918592,0.20749640099338282,-0.002118825987093953,0.02275933631025517
107,3.5666666,approach,unknown_no_ground_truth,0.5693519170057008,-0.08807659484529137,0.15629250575413317,0.022859407212740816,2.596974452041367,0.8714535,1.2911626,-3.6168966,0.20880688909713208,0.5836358837865055,0.016412789260299477,0.20816084474059718,-0.0013803866925791082,0.022817691178049927
108,3.6,approach,unknown_no_ground_truth,0.5691579492291339,-0.08881798561909929,0.15623350462004607,0.021707764780657383,2.596974452041367,0.8714609,1.3624796,-3.327433,0.20947322956953826,0.5844212849171421,0.016360461453325023,0.2088333527177274,-0.0014052143476942975,0.021662234981861477
109,3.6333334,approach,unknown_no_ground_truth,0.5689959142865932,-0.08947526972482372,0.15618609958853996,0.01946239131782742,2.596974452041367,0.8714609,1.3512236,-3.373119,0.21006726832555536,0.5822635871101404,0.016319108147600712,0.20943243285371968,-0.0017525504426369794,0.019383323831434512
110,3.6666667,approach,unknown_no_ground_truth,0.5688046046595865,-0.09005990171877185,0.1561058744988697,0.01766291518242519,2.596974452041367,0.8714609,1.3078287,-3.549252,0.21058237505508032,0.5777611798268567,0.016243624680500647,0.20995495074200454,-0.002791085360428423,0.017440998115140903
111,3.7,approach,unknown_no_ground_truth,0.5685872527906953,-0.09056240472289408,0.15599192893218883,0.01473779453688305,2.8164252835890085,0.8714609,1.25172,-3.7769878,0.21101017404912445,0.5822078574846032,0.016133035955860943,0.21039253480836406,-0.0032167015199733627,0.014382469160154001
112,3.7333333,approach,unknown_no_ground_truth,0.5684006183087931,-0.09092811815093674,0.15588601460823054,0.010442717936592322,3.0523273430041193,0.8714609,1.1879531,-4.0358067,0.2113137512650614,0.5959608278295893,0.016029178103380465,0.21070492856846598,-0.003045884762791268,0.009988640744116437
113,3.7666667,approach,unknown_no_ground_truth,0.5682506141733088,-0.09113601966510529,0.15578624049327605,0.006100179614936008,7.183210412950142,0.8714609,1.1385381,-4.236374,0.21147373976046996,0.6442080487061186,0.0159299771524167,0.21087289640018334,-0.002682761854599677,0.005478592900187577
114,3.8,approach,unknown_no_ground_truth,0.5681605394023486,-0.09120323938018927,0.15570696810445017,0.0026680004723631796,9.388054622549625,0.8714609,1.1502205,-4.188957,0.21151288670200918,0.7903682973328183,0.01585032747226804,0.2109181555960483,-0.001926268831246863,0.0018459997048474825
115,3.8333333,approach,unknown_no_ground_truth,0.568133490264871,-0.09117725448332936,0.155658889852003,0.0018106107761119007,9.388054622549625,0.8714609,1.1777695,-4.0771403,0.21147843778036016,1.0076719223062147,0.01580155934463774,0.21088726933672303,-0.0006870405767824773,0.0016751974893805626
116,3.8666666,approach,unknown_no_ground_truth,0.5681432653234519,-0.0910922427552058,0.15566279116120896,0.0035241137110307973,9.388054622549625,0.8714609,1.0451468,-4.6154337,0.211398529214069,1.2835982019429513,0.015804524807917983,0.2108069143777487,-1.0719692694562954e-05,0.003524097407346141
117,3.9,approach,unknown_no_ground_truth,0.5681689971181731,-0.09094501743703448,0.15566060933134196,0.005182794466941245,9.388054622549625,0.8714609,1.0440226,-4.619997,0.21126170475349407,1.456551586737791,0.015800844661493146,0.2106699817328892,-0.002713611791616561,0.004415616551621795
118,3.9333334,approach,unknown_no_ground_truth,0.568129325871578,-0.09079584020506745,0.15548577360173282,0.01030388205947408,6.210470691512042,0.87146837,1.1610705,-4.144919,0.21109733478404066,1.5657329548447996,0.015623618106668442,0.21051837760675987,-0.009351725644747491,0.0043261082927874015
119,3.9666667,approach,unknown_no_ground_truth,0.5680576843102232,-0.09066773639994785,0.15504207036939302,0.018596750016235848,4.793793951901979,0.87146837,0.9905712,-4.836947,0.21093060444268727,1.621873950536401,0.015177396840105061,0.21038385516886834,-0.01825034310205445,0.0035726863595425705
120,4.0,approach,unknown_no_ground_truth,0.5679604671892566,-0.09059734528215216,0.15427369006871486,0.028250255421262516,4.718858503598236,0.87146837,1.0372838,-4.647349,0.21079729997559196,1.7046462770153532,0.014406929649501037,0.21030440331831868,-0.02798043278903438,0.0038951652474448605
121,4.0333333,approach,unknown_no_ground_truth,0.5677963872819647,-0.09053535840532506,0.1531816397205737,0.0364217545372739,3.1090416404203602,0.87146837,1.1012182,-4.3878493,0.21064347137049985,1.7442588173144837,0.013312036314519434,0.21022241012835785,-0.03623492321967379,0.003684364645061139
122,4.0666666,approach,unknown_no_ground_truth,0.5676849361510539,-0.09052727851124813,0.15186227662118518,0.039703926096308156,3.1090416404203602,0.87146837,1.2044557,-3.9688256,0.21055049962069497,1.7442588173144837,0.011991270251691626,0.21020875892377835,-0.039676007794050706,0.0014886749099544175
123,4.1,approach,unknown_no_ground_truth,0.5676970647172497,-0.09057876272304495,0.15053693395061754,0.03685426400983202,4.34267957884077,0.87146837,1.266258,-3.7179804,0.2105525019386083,1.7442588173144837,0.01066697148261109,0.2102821242806835,-0.036457644728645155,0.005392301600086197
124,4.133333,approach,unknown_no_ground_truth,0.5679393801327208,-0.09071199741124017,0.14942552995115554,0.0313001516046412,4.34267957884077,0.87146837,1.3743317,-3.2793272,0.21070282584110117,1.7442588173144837,0.009560762766500345,0.2104858014991703,-0.028736067106777726,0.012407172833014388
125,4.1666665,approach,unknown_no_ground_truth,0.5684161967523995,-0.09091282765008299,0.14860678837401797,0.027957468519239602,4.271691214318271,0.87146837,1.3728713,-3.2852547,0.21098803806331873,1.7268464755200348,0.008751235380681684,0.21080647069082187,-0.021284907091181415,0.0181265765141697
126,4.2,approach,unknown_no_ground_truth,0.5690394811333981,-0.09114847474700413,0.14798569454019306,0.026852597227657937,4.271691214318271,0.87146837,1.3135638,-3.5259738,0.21135075608863624,1.7401416107541163,0.008141770223461202,0.2111938769871574,-0.01682812238848993,0.02092549341709358
127,4.233333,approach,unknown_no_ground_truth,0.5697040711470183,-0.09139570814519829,0.1474609610887077,0.025559215574510522,4.271691214318271,0.87146837,1.2721199,-3.6941879,0.21174001002437343,1.7774333731903407,0.007629361553357769,0.21160251578705278,-0.01578926646033303,0.02009906877019191
128,4.266667,approach,unknown_no_ground_truth,0.5702764805798554,-0.09161344920671693,0.14691004235306476,0.0245254386785478,4.271691214318271,0.87146837,1.3251106,-3.4791076,0.21208050225672517,1.813312280464871,0.007089135648727717,0.21196198619851334,-0.01959920464586692,0.01474341614499967
129,4.3,approach,unknown_no_ground_truth,0.5705821548165873,-0.09178302086979852,0.14613719610056877,0.02859908598379213,2.5914661151676057,0.87146837,1.3812406,-3.251285,0.21230771408597104,1.8302270960861438,0.006322752893149456,0.2122135439981685,-0.026849031605134126,0.009850747229263589
130,4.3333335,approach,unknown_no_ground_truth,0.5707909586957112,-0.0919658370234966,0.14510830040653033,0.03451147881875359,2.5914661151676057,0.8714609,1.374378,-3.2791393,0.21252434543553567,1.8223749916085807,0.005299201801598451,0.21245826852129998,-0.032943091836112035,0.010285663349282145
131,4.366667,approach,unknown_no_ground_truth,0.5710794269232531,-0.09219341430558164,0.14392861985940658,0.039165817987315735,2.5914661151676057,0.8714609,1.3988811,-3.1796854,0.21280861927426145,1.8135975244169822,0.0041265487255746115,0.21276860678453727,-0.03561502775183526,0.016295124941268446
132,4.4,approach,unknown_no_ground_truth,0.5716942176618742,-0.09248725945800512,0.142714592922348,0.041691594148910174,2.5914661151676057,0.8714609,1.3475064,-3.3882065,0.21324557959200233,1.805965530014654,0.0029248687315271797,0.21322551995113612,-0.033434702677258545,0.024906016934884655
133,4.4333334,approach,unknown_no_ground_truth,0.5725797276935243,-0.09280757611008991,0.1416709277481194,0.042505992640408025,1.9571503326027768,0.8714609,1.3978693,-3.1837919,0.21378383652441701,1.9109159337088717,0.0018975705310953384,0.21377541482868925,-0.027009244232698248,0.032821641280180947
134,4.4666667,approach,unknown_no_ground_truth,0.5737541588725885,-0.09312841328398573,0.14087731463406514,0.04344792616705503,2.166439167626263,0.8714609,1.4186847,-3.0993056,0.214402418463456,2.059446167178794,0.0011242540520672772,0.2143994708384452,-0.018700253619215623,0.03921763382452947
135,4.5,approach,unknown_no_ground_truth,0.5751011520513578,-0.09341610384598126,0.140381751614565,0.04121732978038104,2.166439167626263,0.8714609,1.4197919,-3.0948117,0.21503869048292568,2.1850193440865513,0.0006508880661480719,0.21503770541311323,-0.01210121009104852,0.03940087547957521
136,4.5333333,approach,unknown_no_ground_truth,0.5763195084892898,-0.09362812738027412,0.14002891650351906,0.03307776066609364,2.6959578017142647,0.8714609,1.3171554,-3.5113964,0.21557335020575222,2.210942218894696,0.000317507430746006,0.21557311638505233,-0.01131118968214975,0.03108368122757986
137,4.5666666,approach,unknown_no_ground_truth,0.577135200949599,-0.09374362379309863,0.1395954922573958,0.023737638017204517,2.166439167626263,0.8714609,1.4422312,-3.0037346,0.21591253157702753,2.2109834802986654,-0.00010319057479283049,0.21591250691821023,-0.013821171842049954,0.019298980997668212
138,4.6,approach,unknown_no_ground_truth,0.5775787973055182,-0.09380917754707051,0.13908777707285636,0.018256635539090633,1.9113023462735828,0.8714609,1.2672452,-3.7139735,0.216105990736922,2.219146530056237,-0.0006039032052466906,0.2161051469384876,-0.015475682877084635,0.009685452012946866
139,4.633333,approach,unknown_no_ground_truth,0.5777511349450157,-0.09387132869018372,0.13855353806414927,0.015847230391056174,1.6968297565698265,0.8714609,1.3642166,-3.3203828,0.21622378759558578,2.234378596444704,-0.0011349018482763725,0.21622080917426928,-0.01547702090692053,0.003405368543044824
140,4.6666665,approach,unknown_no_ground_truth,0.5777746247360421,-0.09388238115343464,0.13805218780393108,0.01330425221971394,1.4292751111503106,0.8714609,1.3938521,-3.200097,0.21625205369579514,2.198369836587701,-0.0016357036806398848,0.2162458674775502,-0.013136811874048247,0.0021041152324975626
141,4.7,approach,unknown_no_ground_truth,0.5776490206444485,-0.0937528237113037,0.13768049258757714,0.011176983496025512,1.4292751111503106,0.8714609,1.3857511,-3.2329776,0.21610198820180931,2.191641208986661,-0.0020106885270119975,0.2160926339244868,-0.009130316865415123,0.006446880951866793
142,4.733333,approach,unknown_no_ground_truth,0.5775541939085098,-0.09350097674479227,0.13745122026429313,0.009971901239005074,1.0560200085792004,0.8714609,1.3624146,-3.3276968,0.2158397542648523,2.1937144829217616,-0.002244390929877483,0.21582808489736852,-0.004436495398134319,0.008930639557321969
143,4.766667,approach,unknown_no_ground_truth,0.5775793969078326,-0.09315739225042088,0.13739311355183242,0.011996166593111746,1.0560200085792004,0.8714609,1.3611832,-3.332695,0.21551805521600817,2.2048674251430005,-0.002306463534892065,0.21550571303344268,-0.00134180450703659,0.011920888121049815
144,4.8,approach,unknown_no_ground_truth,0.5776337412282518,-0.09270928939456356,0.13737062747570322,0.014164735363917864,1.0560200085792004,0.87146837,1.3227497,-3.48869,0.21510312887885133,2.216897502867195,-0.0023338363530896766,0.21509046762083328,-0.0008371231221292046,0.014139977114840815
145,4.8333335,approach,unknown_no_ground_truth,0.5776956608944315,-0.09222137387632956,0.1373474755691449,0.014894219679416287,1.4988889369485277,0.87146837,1.3083302,-3.5472164,0.2146522334344298,2.2189630052286367,-0.0023622716933594137,0.2146392345095269,0.000778908228989859,0.014873838839705212
146,4.866667,approach,unknown_no_ground_truth,0.578069120787071,-0.09181871597321231,0.13742778999870364,0.019614634211545877,1.638940829094014,0.87146837,1.3618816,-3.32986,0.21436744689255938,2.2345049564748805,-0.0022819091840438526,0.2143553012587047,0.003819884403840599,0.019239084136050792
147,4.9,approach,unknown_no_ground_truth,0.5788289443594788,-0.09161745888415192,0.1375942154332387,0.0294043491418768,2.8349292170306954,0.87146837,1.2177161,-3.9150038,0.21438366724727295,2.3040157412746782,-0.0021076129597740905,0.21437330699040222,0.005602370332626397,0.028865709676249057
148,4.9333334,approach,unknown_no_ground_truth,0.5799844821631408,-0.09159168752811925,0.13777790241377752,0.039619531709087705,4.275723803376227,0.87146837,1.590132,-2.4034297,0.21468414677596875,2.4702040799575298,-0.0019084181609782917,0.2146756642403804,0.004445555024392588,0.03936933239683528
149,4.9666667,approach,unknown_no_ground_truth,0.5814569807833556,-0.09166682592151769,0.13785393044637131,0.04505579242183421,4.275723803376227,0.87146837,1.3589548,-3.3417394,0.21518264665629164,2.8037778707989993,-0.0018112428886124044,0.2151750236928183,0.0006948712732881662,0.04505043379006435
150,5.0,approach,unknown_no_ground_truth,0.5829802329385867,-0.09181028771165681,0.137780350492164,0.04571424248599195,4.275723803376227,0.87146837,1.2597941,-3.7442162,0.21577414167033246,2.984809454877366,-0.001862093450659207,0.21576610674883515,-0.002927511787440947,0.04562040816128749
151,5.0333333,approach,unknown_no_ground_truth,0.5844834954159294,-0.09193236225607332,0.1376138317309531,0.04338127642938174,4.275723803376227,0.87146837,1.3836311,-3.2415824,0.21635073136832006,3.090714987868863,-0.0020064101673908513,0.2163414275672766,-0.005446258941885708,0.043038046054396595
152,5.0666666,approach,unknown_no_ground_truth,0.5858404355137641,-0.09195172847686223,0.13737615122507757,0.03841788417765802,3.3018060133275595,0.87146837,1.4403194,-3.011494,0.21679503819647097,3.1415355301859664,-0.0022251770569389627,0.21678361832406662,-0.006753392765492434,0.03781964450973781
153,5.1,approach,unknown_no_ground_truth,0.5869965422723775,-0.09182990801995966,0.13713031044209456,0.03452570241129712,2.392805578453382,0.87146837,1.5100584,-2.728435,0.2170498236774228,3.194578356633423,-0.0024566359510128427,0.2170359207555388,-0.006489032910604109,0.03391041991598665
154,5.133333,approach,unknown_no_ground_truth,0.5880589822284975,-0.09154411123497205,0.13691814005023717,0.03282320322643957,2.3917383363013602,0.8714609,1.4260627,-3.0693595,0.21712451267821728,3.2715940557286136,-0.0026577788659220775,0.2171082453921389,-0.005264882026737543,0.032398205001028815
155,5.1666665,approach,unknown_no_ground_truth,0.5890463068065721,-0.09115963291217483,0.13675954549805652,0.032335941022015285,2.3917383363013602,0.8714609,1.4227552,-3.0827842,0.21708562400925968,3.316382699657994,-0.0028076277737122306,0.21706746734085683,-0.002961976484553343,0.03219999653857441
156,5.2,approach,unknown_no_ground_truth,0.5900362243638311,-0.09071236627754756,0.13670395591550696,0.03188046717349684,2.3917383363013602,0.8714609,1.5702333,-2.484195,0.21699058834592103,3.3428560836225847,-0.0028552437891295602,0.2169718023467879,-0.0007332468652541419,0.03187203376370897
157,5.233333,approach,unknown_no_ground_truth,0.5909487879215123,-0.09021425068278982,0.136696425203638,0.029149172970077648,2.3917383363013602,0.8714609,1.6927599,-1.9868802,0.21682569066512292,3.3655980251458173,-0.002856510854551894,0.21680687368749496,0.0001786942042006424,0.029148625237237012
158,5.266667,approach,unknown_no_ground_truth,0.5916415651370891,-0.08961731823679198,0.13670759623310547,0.027216416219211094,2.3917383363013602,0.8714609,1.5925763,-2.3935087,0.21649754095484644,3.542113314676916,-0.002843339787868753,0.21647886884947024,0.0005858506892080986,0.02721011008407153
159,5.3,approach,unknown_no_ground_truth,0.5922059784424907,-0.08890647510137717,0.1367346890260021,0.02650411919452903,2.4641469131410423,0.8714609,1.5500658,-2.566052,0.2160213245637824,3.687123027878796,-0.002817444854994047,0.21600295060665278,0.0007321352079944002,0.02649400521467106
160,5.3333335,approach,unknown_no_ground_truth,0.5926513049471838,-0.08816829339898885,0.13676077953049903,0.025701608224830065,2.4641469131410423,0.8714609,1.5900532,-2.4037495,0.21548108493702933,3.711878713331251,-0.0027945308174471104,0.2154629633211926,0.0004392508890279321,0.02569785446295353
161,5.366667,approach,unknown_no_ground_truth,0.5930017915677255,-0.0873895200836394,0.13677213538867694,0.024357267609945964,2.4641469131410423,0.8714609,1.5920405,-2.3956833,0.21487231044983118,3.7151880008248024,-0.0027881614884571948,0.21485422023679895,-0.0008415331707203339,0.024342725963726827
162,5.4,approach,unknown_no_ground_truth,0.5931957108308354,-0.08663909910777365,0.136716431596618,0.020964135783212188,2.2906475993782314,0.8714609,1.5765094,-2.4587216,0.21423886366085101,3.7421071027756887,-0.002850632978892151,0.21421989775534941,-0.001622963451826043,0.02090121955224131
163,5.4333334,approach,unknown_no_ground_truth,0.5933562732428723,-0.08604103513361319,0.13667601740334318,0.015682878866786012,2.0400669942244245,0.8714609,1.6431695,-2.1881592,0.21373669892671238,3.7710827212722604,-0.002896358955606125,0.21371707365788156,-0.00028881215240771796,0.01568021929345712
164,5.4666667,approach,unknown_no_ground_truth,0.593535876466273,-0.08565052618633515,0.13670494081042023,0.010253526492933531,1.6814436266208528,0.8714609,1.6641948,-2.1028209,0.21343386121194674,3.814115573020456,-0.0028698871052479954,0.21341456571622208,0.0014646336975064709,0.01014838182536597
165,5.5,approach,unknown_no_ground_truth,0.5936834328238327,-0.08544933507057753,0.13677662860835244,0.006118654331503426,0.6097426280723197,0.8714609,1.6191229,-2.2857606,0.21329578698986598,3.8295973724030694,-0.0027987167960166104,0.2132774248061008,0.002037091376189648,0.005769591801287106
166,5.5333333,approach,unknown_no_ground_truth,0.5937808009683835,-0.08535412567373922,0.13684113637522877,0.00360282632126436,0.5027055671284189,0.8714609,1.7233096,-1.8628837,0.21323938578303356,3.8440275565179567,-0.0027340811343823787,0.21322185734458843,0.0014985917651260273,0.003276366924306822
167,5.5666666,approach,unknown_no_ground_truth,0.593835772014279,-0.08529273765651876,0.13687643039214104,0.002523358112291103,0.5027055671284189,0.87146837,1.6431497,-2.1882393,0.21320048158520327,3.851077630134484,-0.0026988107672674968,0.21318339937388436,0.0007252070851922451,0.002416901083299084
168,5.6,approach,unknown_no_ground_truth,0.5938672178615207,-0.08521832311122995,0.1368900138347914,0.00422740920202128,0.5027055671284189,0.87146837,1.6377773,-2.210045,0.21314171470449808,3.854294385839424,-0.0026857340384031183,0.21312479297315132,0.00046503637890405564,0.004201753173096915
169,5.633333,approach,unknown_no_ground_truth,0.5939294246764159,-0.08502898776970418,0.13690947052703278,0.007004055508559138,0.5027055671284189,0.87146837,1.6473715,-2.171104,0.21298636856132228,3.8571404383958923,-0.0026678083696023464,0.21296965979087842,0.000538872198448569,0.006983295090479623
170,5.6666665,approach,unknown_no_ground_truth,0.5940031618446107,-0.08477337823983626,0.13692967616424906,0.008384253923567585,0.3983918172559435,0.8714609,1.6772879,-2.049678,0.21277328979731738,3.8607265391894643,-0.0026498092571496956,0.21275678922674576,0.0004080714738196762,0.008374317376784395
171,5.7,approach,unknown_no_ground_truth,0.594070319489082,-0.08448903857814877,0.13694153859583189,0.00845142766240923,0.3983918172559435,0.8714609,1.6858629,-2.0148737,0.21253140233269188,3.879548043606749,-0.0026406036288958617,0.2125149975648204,0.0001279887553165899,0.00845045847344678
172,5.733333,approach,unknown_no_ground_truth,0.5941236430511763,-0.08422315564907293,0.13694347838026807,0.007189044937459676,0.8098301891341041,0.8714609,1.6773427,-2.0494561,0.21230220733776778,3.8944896935324467,-0.002641276681056752,0.21228577648533742,0.0002114794042939191,0.007185933730168551
173,5.766667,approach,unknown_no_ground_truth,0.5942083152685016,-0.08403042111691517,0.1369595058983047,0.005359748432089841,1.1645366660581007,0.8714609,1.6580101,-2.1279235,0.2121521929253764,3.8952433762476897,-0.0026265139334477475,0.21213593374910233,0.0009315832484949228,0.005278167855081264
174,5.8,approach,unknown_no_ground_truth,0.5943514706715298,-0.08395501950176305,0.13700584906153737,0.005358483254161185,1.2546357746289583,0.8714609,1.504605,-2.7505693,0.21213186148933358,3.89597266858815,-0.0025791619711730235,0.21211618180246472,0.0018222890038129564,0.005039107616603185
175,5.8333335,approach,unknown_no_ground_truth,0.5945405214838924,-0.08397206718437042,0.13707718545751732,0.00686579357213151,1.4660939720288624,0.8714609,1.4881666,-2.8172903,0.21221367932019822,3.939623794511724,-0.002505028107994255,0.21219889378786608,0.002594829045683009,0.006356570112788985
176,5.866667,approach,unknown_no_ground_truth,0.5947667564749419,-0.08405227054572612,0.1371719417136374,0.008119893444852627,1.984588561983997,0.8714609,1.5629523,-2.5137477,0.2123672908894367,4.039147593067913,-0.002406173522103842,0.21235365918368385,0.003275621320648475,0.007429870424137543
177,5.9,approach,unknown_no_ground_truth,0.5950045409426941,-0.0841557318637823,0.13728691574299873,0.007869793744918557,2.605941734825675,0.8714609,1.5483984,-2.5728195,0.2125463995391859,4.11639200814825,-0.0022866535476586906,0.21253409884680677,0.0031927318646705794,0.007193060324220586
178,5.9333334,approach,unknown_no_ground_truth,0.5951872958434323,-0.08429048106516582,0.13737605584977955,0.005928576379765421,3.321311619975817,0.8714609,1.5698477,-2.4857602,0.21273565408936687,4.10936380376812,-0.002193324920581488,0.21272434709412913,0.0017863918110998169,0.005653036545782097
179,5.9666667,approach,unknown_no_ground_truth,0.5952680548061965,-0.08442815511161031,0.1373989833678642,0.004194948678058093,3.6098928525829233,0.8714609,1.5497596,-2.5672944,0.21289255634065923,4.091006040888481,-0.002167560866255951,0.21288152156810566,-0.00019643543081952763,0.004190346946621495
180,6.0,approach,unknown_no_ground_truth,0.5952503951183433,-0.0845623774228612,0.1373586706933437,0.0044746944012743735,3.6098928525829233,0.8714609,1.5348688,-2.6277337,0.21301231800929935,4.074355470812305,-0.0022064206043130295,0.21300089044840104,-0.001897840358747535,0.004052294653342134
181,6.0333333,approach,unknown_no_ground_truth,0.5951900621012294,-0.08468572118314754,0.13727026926413333,0.005335475809123189,3.6098928525829233,0.81139326,1.5339354,-2.6315222,0.21310785659789022,4.015620303530696,-0.002294083444221881,0.21309550845782246,-0.0036522989095018935,0.0038894748727032577
182,6.0666666,approach,unknown_no_ground_truth,0.5951102642741555,-0.08477959557644706,0.1371143333492108,0.006561524434949005,3.6098928525829233,0.81139326,1.4992031,-2.772495,0.2131708736072422,3.9816543304433014,-0.0024499069815535806,0.21315679513038419,-0.005624643607473076,0.0033789032539191053
183,6.1,approach,unknown_no_ground_truth,0.5950171475986674,-0.08483132487344783,0.13689577073836162,0.007857707232181245,3.1218858260172104,0.81139326,1.5419378,-2.5990417,0.21319178281607432,3.95111086802884,-0.0026690593509555312,0.21317507448685757,-0.007255502552521131,0.003016827084377356
184,6.133333,approach,unknown_no_ground_truth,0.5949194571754509,-0.0848543212553938,0.13663222955250703,0.008486671536464666,1.9252521664770685,0.81139326,1.4714957,-2.8849545,0.21318589255440207,3.9171728343762906,-0.0029336067211824307,0.213165707222861,-0.00801205751167008,0.0027983080955339044
185,6.1666665,approach,unknown_no_ground_truth,0.5948270309379311,-0.08486186479381497,0.13636376767453823,0.008336779276939123,1.5730844703667834,0.7884801,1.4808547,-2.846968,0.21316801297223337,3.8772544277669194,-0.0032031960429672497,0.21314394499877443,-0.007909716292530995,0.0026340609112302884
186,6.2,approach,unknown_no_ground_truth,0.5947383184041164,-0.0848720059014145,0.1361070888741312,0.007460382340243319,1.1231956225417639,0.7884801,1.4718072,-2.88369,0.21315387895561844,3.849421148808126,-0.0034609206713244467,0.21312578009694944,-0.00708091294026467,0.002349037376247285
187,6.233333,approach,unknown_no_ground_truth,0.5946655657880535,-0.08487830320442258,0.13589363562694506,0.005636142666246234,0.9655615175371223,0.7884801,1.4343235,-3.0358303,0.21314076215260974,3.8260338726666654,-0.003675256485472425,0.21310907296678233,-0.005348750908707064,0.0017767858258345497
188,6.266667,approach,unknown_no_ground_truth,0.5946165915078673,-0.0848872231761638,0.13575191326203676,0.0035067569936524084,0.5789056133924826,0.78412944,1.5121168,-2.7200804,0.21313636488642132,3.8129384103039032,-0.0038175144207240126,0.21310217413401794,-0.0033109019114047735,0.001155540196439006
189,6.3,approach,unknown_no_ground_truth,0.5945885388843244,-0.08489681670719684,0.13567370217387897,0.002050566623487503,0.4741865100530223,0.78412944,1.510516,-2.7265775,0.21313797312947572,3.8039372615017752,-0.003895976393563698,0.21310236262810864,-0.0018981078233869326,0.0007758931422291727
190,6.3333335,approach,unknown_no_ground_truth,0.5945695873041896,-0.08491065943500971,0.13562570146511033,0.0012717029922352558,0.2819845999172639,0.78412944,1.4950956,-2.7891665,0.21314577563346576,3.798750416339706,-0.003944054829650054,0.21310928206413823,-0.0011190199183254768,0.0006041712694683072
191,6.366667,approach,unknown_no_ground_truth,0.5945584310683155,-0.08492374332862315,0.13559916261456606,0.0007927235899961185,0.24861649724211293,0.78412944,1.5119967,-2.7205677,0.21315491826113375,3.794841940138519,-0.003970577655049771,0.21311793376437338,-0.0007475512067507516,0.00026377619949841824
192,6.4,approach,unknown_no_ground_truth,0.5945513521128352,-0.08491110253324738,0.13557610093195932,0.0008740938715835452,0.24861649724211293,0.78412944,1.5225458,-2.6777508,0.21314140377508536,3.791863720945398,-0.003993891532407306,0.21310398127121258,-0.0005884729502754337,0.0006463278449316865
193,6.4333334,approach,unknown_no_ground_truth,0.594552235078958,-0.08488053879200497,0.135560552959712,0.0017882875274780373,0.24861649724211293,0.78412944,1.4691004,-2.894677,0.21311375811015207,3.791863720945398,-0.004009809150148322,0.21307603179713053,-0.00043850256370193074,0.0017336919514609125
194,6.4666667,approach,unknown_no_ground_truth,0.5945631447912065,-0.08479580760890851,0.13554815101257126,0.004089421629840412,0.24861649724211293,0.78412944,1.5298449,-2.648125,0.21303906726717278,3.7913715217058526,-0.0040231250106335095,0.2130010766339358,-0.00039765725365759394,0.004070041520085527
195,6.5,approach,unknown_no_ground_truth,0.59458993000457,-0.08461156706972991,0.13553690431251325,0.006697084756796412,0.47871124753314515,0.78412944,1.5764784,-2.4588475,0.21287722780816584,3.791439955795344,-0.0040363196101286455,0.21283895847164502,-0.00039922068597293356,0.006685175172245388
196,6.5333333,approach,unknown_no_ground_truth,0.5946276960948038,-0.08435457262636767,0.13552619663984639,0.008029994005027538,0.5339404536035286,0.78313965,1.6338102,-2.2261472,0.21265151507367638,3.791546897050038,-0.004049739699342069,0.21261294991485724,-0.000391734474618612,0.008020433144299219
197,6.5666666,approach,unknown_no_ground_truth,0.5946675007171679,-0.0840822823643515,0.13551637811217065,0.008346309172630588,0.5358426818063154,0.78313965,1.6545264,-2.1420636,0.21241232381794528,3.7919935257187296,-0.004062435218524498,0.2123734727545673,-0.00039543895589176084,0.008336936178075297
198,6.6,approach,unknown_no_ground_truth,0.5947053415373817,-0.08380397837515596,0.13550569050570205,0.009301403572866383,0.5676373373314053,0.78313965,1.6337638,-2.2263355,0.2121669383907483,3.792683256391678,-0.004076102272936286,0.21212778020892062,-0.0005991224529811303,0.009282088165475771
199,6.633333,approach,unknown_no_ground_truth,0.5947380517124892,-0.08346710989733627,0.1354832006225128,0.011500458100303092,1.0609415927331034,0.78313965,1.6148093,-2.3032687,0.21186564622181728,3.7930476050147157,-0.004102376679838156,0.2118259251238265,-0.0005811454576079395,0.011485765384767732
200,6.6666665,approach,unknown_no_ground_truth,0.5948019807565805,-0.0830440091406058,0.13547517519557642,0.013115752916459304,1.1450393499468798,0.5734643,1.6288556,-2.246257,0.21149493569955435,3.793334004469542,-0.004114845268958507,0.21145490269788297,-0.00011433821410986654,0.013115254528159372
201,6.7,approach,unknown_no_ground_truth,0.5948884996534634,-0.08260576833103683,0.13548434770949558,0.013402519397681384,1.1450393499468798,0.5734643,1.6676105,-2.088957,0.2111179315973178,3.7941299916982705,-0.004109999220660692,0.21107792150847024,0.00030904653165935044,0.013398955796870707
202,6.733333,approach,unknown_no_ground_truth,0.5949867930287072,-0.0821703141068837,0.13550423636947057,0.012900781631340631,0.5676373373314053,0.5734643,1.5839314,-2.4285967,0.21074769703302107,3.798051865782267,-0.004094242185186598,0.21070792340500885,0.0005748423718452867,0.012887968146572488
203,6.766667,grasp_lift,unknown_no_ground_truth,0.5950864327847336,-0.0817700730033786,0.13553046463817067,0.010685679718712395,0.5676373373314053,0.37706998,1.5939771,-2.387823,0.210410774617337,3.819711747788332,-0.0040716852086133855,0.21037137508375456,0.0007162993956977733,0.010661644630479127
204,6.8,grasp_lift,unknown_no_ground_truth,0.5951686875798332,-0.0814836502333815,0.13555814884969908,0.006561199527198997,0.41769967801120744,0.37706998,1.5514216,-2.5605485,0.21017352192884683,3.8221678173808935,-0.004046479485140791,0.210134564800158,0.0007572481567402136,0.0065173548671857585
205,6.8333335,grasp_lift,unknown_no_ground_truth,0.5952210655668482,-0.08135739173698739,0.13558429996438529,0.0023580572654044855,0.19145972200915198,0.37706998,1.4162143,-3.1093326,0.2100743990499213,3.8239932554697003,-0.004021202043098903,0.21003590900204222,0.0005904653392500305,0.0022829333652279967
206,6.866667,grasp_lift,unknown_no_ground_truth,0.5952389975600186,-0.0813488860145855,0.13559825007564272,0.0002333030752441217,0.047677050397982514,0.37706998,1.3364145,-3.433227,0.21007256973537486,3.825009101799904,-0.004007115164228793,0.21003434857966577,0.00011595370653168637,0.00020244767931475004
207,6.9,grasp_lift,unknown_no_ground_truth,0.5952277934671101,-0.08136924697550219,0.13559179001127192,0.0004350775648379541,0.047677050397982514,0.37706998,1.3398206,-3.419402,0.2100876189389804,3.8255540272220907,-0.004013471802877455,0.210049279159767,4.738731715962265e-05,0.00043248922483425813
208,6.9333334,grasp_lift,unknown_no_ground_truth,0.5952368280463187,-0.08137767139008478,0.13560107740903482,0.0005201262991906067,0.047677050397982514,0.34155533,1.3103994,-3.5388176,0.21009843154117552,3.8271150460428673,-0.004003956012563446,0.2100602753314188,0.0003357372762403876,0.0003972553944912545
209,6.9666667,grasp_lift,unknown_no_ground_truth,0.5952506283648704,-0.08138344457629709,0.13561368419011266,0.0005735597964019856,0.030718168759184636,0.34155533,1.3109282,-3.5366714,0.21010840976287123,3.8271441339599326,-0.0039910893377173035,0.2100705002111933,0.0003843876522276673,0.00042569586897641965
210,7.0,grasp_lift,unknown_no_ground_truth,0.595265085171158,-0.08138314153591428,0.1356262508557607,0.0006548816383598695,0.021354004218229496,0.34155533,1.2397345,-3.8256347,0.2101129833230217,3.8288178257017482,-0.003978330191891049,0.21007531661236328,0.0004404526111486551,0.0004846353862371572
211,7.0333333,grasp_lift,unknown_no_ground_truth,0.5952833327926338,-0.08138435600905383,0.1356425922342194,0.0007608231364371263,0.047677050397982514,0.34155533,1.3228041,-3.4884691,0.21012022589244042,3.8347830747528002,-0.003961725856443705,0.21008287425996575,0.0005132012915079244,0.0005616727511039011
212,7.0666666,grasp_lift,unknown_no_ground_truth,0.5953029411286568,-0.08138559471058833,0.13565991951629847,0.0009712351258225144,0.025116266324838977,0.3349517,1.322731,-3.4887657,0.21012795805093012,3.8352270509967537,-0.003944116802910371,0.2100909391128005,0.000607929858166302,0.0007574423787862515
213,7.1,grasp_lift,unknown_no_ground_truth,0.5953341739270028,-0.08138942034648448,0.13568236607193188,0.0015492861281850563,0.025116266324838977,0.3349517,1.2669561,-3.715147,0.21014218451926395,3.835321854208262,-0.003921197235306989,0.21010559708577542,0.0008152728443106039,0.0013174284406814439
214,7.133333,grasp_lift,unknown_no_ground_truth,0.595390226835549,-0.08140120679571605,0.13571288548324745,0.0019008276484062424,0.025116266324838977,0.3349517,1.3445494,-3.4002085,0.210172649103642,3.835321854208262,-0.003889765328334382,0.210136651150943,0.0008995373491016132,0.0016745083775594697
215,7.1666665,grasp_lift,unknown_no_ground_truth,0.5954439440972921,-0.08141445299268557,0.135740523387058,9.121151841534192e-05,0.025116266324838977,0.3349517,1.4182551,-3.1010494,0.21020372843332477,3.835326127109041,-0.003861228132078476,0.2101682620296961,8.319010299528874e-05,3.740251134971434e-05
216,7.2,grasp_lift,unknown_no_ground_truth,0.5953914903396944,-0.08139908394188997,0.13571844180588646,0.007019549998544997,0.11200978960122275,0.3349517,1.431004,-3.0493035,0.21017094457757568,3.835338829068586,-0.0038842193264044976,0.21013504892058052,-0.0032021691134591886,0.006246614695247422
217,7.233333,grasp_lift,unknown_no_ground_truth,0.5950366062063303,-0.0813126142796115,0.13553388299879576,0.0172885062215027,1.2003343359690755,0.3349517,1.493342,-2.796284,0.2099669924408298,3.8018427106678687,-0.004074705882960035,0.20992745100775856,-0.007117059467270844,0.015755631117485205
218,7.266667,grasp_lift,unknown_no_ground_truth,0.5943669360976949,-0.0811348749384605,0.13526126761959845,0.026004446704309545,4.897313440952114,0.3349517,0.9193392,-5.126066,0.20956735592795844,3.6459471486502943,-0.004358703382078572,0.20952202360482935,-0.008822726544849321,0.024462026586366203
219,7.3,grasp_lift,unknown_no_ground_truth,0.5934570358654847,-0.08087037819597331,0.13497285783706758,0.031686386469729794,8.850978848820459,0.3349517,0.9978394,-4.8074465,0.20900273627629165,3.324630361617189,-0.004662881880016774,0.2089507150108612,-0.008770387805543232,0.030448438141380155
220,7.3333335,grasp_lift,unknown_no_ground_truth,0.5924155281194361,-0.08054221596944897,0.13471072523596778,0.032783340548394095,8.850978848820459,0.3349517,1.4051236,-3.154348,0.20833387736258965,2.9083270989458936,-0.0049433953820160765,0.20827522007917218,-0.00744390393422805,0.03192703731525937
221,7.366667,grasp_lift,unknown_no_ground_truth,0.5914254001965679,-0.08020902771802638,0.1345127287902842,0.027869804247578667,8.850978848820459,0.3349517,1.971299,-0.8563359,0.20767968689207142,2.5733162276246184,-0.005159141700579732,0.20761559576414815,-0.004812748676892563,0.02745110997703777
222,7.4,grasp_lift,unknown_no_ground_truth,0.5906829666093827,-0.07993679836575646,0.13442122653239486,0.018700171372992295,8.850978848820459,0.31302834,1.0965841,-4.4066586,0.20716802090012665,2.315390695794136,-0.0052642450082219525,0.20710112652559068,-0.0015475428890297785,0.018636027484039988
223,7.4333334,grasp_lift,unknown_no_ground_truth,0.590263468539835,-0.0797646710554057,0.13443108640795362,0.010231666425788136,5.715066130809393,0.31302834,0.7913337,-5.6456194,0.2068599691408103,2.153486449176344,-0.005262311134684339,0.20679302433703795,7.073459562620852e-05,0.010231421918070908
224,7.4666667,grasp_lift,unknown_no_ground_truth,0.5900511987903608,-0.07968015092017275,0.13443784667796643,0.007720320146744484,5.539204885787456,0.31302834,1.0283521,-4.683601,0.20670663657550126,2.0979660512802165,-0.005259529372710896,0.2066397129187271,-0.0010600988322852572,0.00764719122515033
225,7.5,grasp_lift,unknown_no_ground_truth,0.5897911194619618,-0.07956979462194469,0.13436933853228702,0.010059980295583384,5.539204885787456,0.06507574,1.5157908,-2.705168,0.20651582729326912,2.0716145435083537,-0.005332984327264104,0.20644695735415552,-0.002717262780157453,0.009686056294028902
226,7.5333333,grasp_lift,unknown_no_ground_truth,0.5894615649031103,-0.07940935179823363,0.13426816777646539,0.01151589507686642,5.539204885787456,0.06507574,1.6696553,-2.0806577,0.20625568100603442,1.9998893591897935,-0.005440680063479883,0.2061839104966968,0.0007981874271242808,0.011488199869978628
227,7.5666666,grasp_lift,unknown_no_ground_truth,0.5891785367725972,-0.07911197007623835,0.13443673152562435,0.02006395801673376,5.539204885787456,0.06507574,1.8014789,-1.5456078,0.2058719804377518,1.8554711645081614,-0.005279771879486666,0.20580426705552687,0.016089953650694662,0.011986484172423218
228,7.6,grasp_lift,unknown_no_ground_truth,0.5892064493030755,-0.07867080093695426,0.13535381124616402,0.03985021160275126,7.347781034988137,0.06507574,2.3408055,0.6434295,0.205431287681303,1.6116410873151243,-0.004368017441539634,0.20538484457726836,0.036504827028528995,0.015982395577673284
229,7.633333,grasp_lift,unknown_no_ground_truth,0.5895449269347084,-0.07813049057033118,0.13687812383258186,0.06041280745508879,7.347781034988137,0.06507574,2.3502796,0.68188304,0.20499029350813153,1.474081748474308,-0.0028461189104362614,0.2049705345645992,0.05601713949535554,0.0226227183902269
230,7.6666665,grasp_lift,unknown_no_ground_truth,0.5902519171628535,-0.07758368072161989,0.13908825351631204,0.07970527266216097,10.403913178059836,0.06507574,2.8763692,2.8171935,0.20467042759929108,1.3153388608113865,-0.0006335447992218864,0.2046694470473403,0.07398397670520582,0.029653021448631304
231,7.7,grasp_lift,unknown_no_ground_truth,0.5913067032912064,-0.07717369131385515,0.14179908670698796,0.08851108932418096,11.15031389271135,0.05963922,2.2167792,0.14002736,0.20462591726667917,1.1669991218584064,0.0020861418130584597,0.20461528298141768,0.08186569116421663,0.03364849987084482
232,7.733333,grasp_lift,unknown_no_ground_truth,0.592461942515355,-0.07696457482364943,0.14452435119688234,0.08485849546583321,11.15031389271135,0.05963922,1.5493324,-2.5690286,0.20484729348294725,1.120476725183251,0.004824163087175116,0.2047904809745733,0.0790266660574332,0.03091521154014269
233,7.766667,grasp_lift,unknown_no_ground_truth,0.5934206919838484,-0.07695944359839117,0.14704213313205897,0.07180013590223416,11.311231546327564,0.05963922,2.8331127,2.6416225,0.20522482508040854,1.12787712746017,0.007354606201496794,0.20509299987299712,0.06880891639497347,0.020508352935544254
234,7.8,grasp_lift,unknown_no_ground_truth,0.5938889744304795,-0.07711394935412272,0.14909097901287072,0.058285780449212496,11.311231546327564,0.05963922,2.167074,-0.061718058,0.20558988119924226,1.144650401741555,0.009411469247047596,0.2053743496596652,0.05783798404649513,0.007211088961535303
235,7.8333335,grasp_lift,unknown_no_ground_truth,0.5938735610000643,-0.07727456370794789,0.1508884809947953,0.05778907142040775,13.954205495876607,0.05963922,2.456406,1.1126331,0.2057934724681028,1.156889758365006,0.011210468372508883,0.20548790404631792,0.05731427565086628,0.007392603211961542
236,7.866667,grasp_lift,unknown_no_ground_truth,0.5934928802514807,-0.07736617217601541,0.1529148553280984,0.06119725690559288,14.843845842174114,0.05963922,2.4346757,1.0244329,0.20582538334033781,1.3784065018834293,0.013232417556094429,0.20539958995289692,0.058436488040343834,0.018173638003434755
237,7.9,grasp_lift,unknown_no_ground_truth,0.5927159693814082,-0.07735435273642387,0.154799809862884,0.06793765568743856,14.843845842174114,0.059617057,2.5192857,1.3678508,0.20562978936726947,1.941790268405658,0.015106230774262468,0.2050741623584559,0.062362346073445055,0.026952974836199888
238,7.9333334,transport,unknown_no_ground_truth,0.5917600231153091,-0.07726305796483782,0.15709815328541818,0.07654586595355863,14.843845842174114,0.059617057,2.4987905,1.2846643,0.20534374160184055,2.460577655305824,0.017389903593762284,0.2046060689912279,0.07156019074010674,0.027173676523792403
239,7.9666667,transport,unknown_no_ground_truth,0.590985970909061,-0.07717509217167448,0.159597322007263,0.08134945482846644,14.843845842174114,0.059617057,2.5137522,1.3453914,0.20517116886168224,2.9184678293939057,0.019876905910577287,0.20420606539349165,0.07933749799605921,0.017980411914469627
240,8.0,transport,unknown_no_ground_truth,0.5906517695032643,-0.07712448781832168,0.16240519296049596,0.0913485806211697,8.831482974803652,0.059617057,2.7188141,2.1777036,0.20525038998950418,3.157731316963011,0.022679065418970946,0.20399358466031622,0.09109413588638109,0.006813339021058503
241,8.033334,transport,unknown_no_ground_truth,0.5906367642325563,-0.07711304315030097,0.16567692651567056,0.09820258775300916,8.831482974803652,0.059587516,2.56366,1.5479584,0.205567661697538,3.172810686347036,0.025949881797963172,0.20392318938871365,0.09797905046651216,0.006622228557527306
242,8.066667,transport,unknown_no_ground_truth,0.5903461272126969,-0.07701028286364772,0.16894388993446502,0.09592865137587181,8.831482974803652,0.059587516,2.535352,1.4330612,0.20575428136451113,3.216459965074641,0.029210996183286868,0.20367017946132027,0.09339979463759424,0.021881145227084724
243,8.1,transport,unknown_no_ground_truth,0.5893440431211914,-0.07671395741519922,0.1719274159988089,0.09491896623248906,8.831482974803652,0.059587516,2.5646305,1.5518979,0.2055263812301458,3.316240494612655,0.03217652036006536,0.2029920316639979,0.08354847255135411,0.045047340487314305
244,8.133333,transport,unknown_no_ground_truth,0.5875368931847462,-0.07625027839873832,0.17456289410370307,0.09258054400743114,15.894192528879437,0.059587516,2.518829,1.3659976,0.20486416095948673,3.596434028638598,0.03478089939290815,0.20189010248908906,0.06593387392395099,0.06499139480033053
245,8.166667,transport,unknown_no_ground_truth,0.5851834846036521,-0.07579357374911594,0.17639245014098723,0.09127035430219228,15.894192528879437,0.059587516,2.258036,0.30748132,0.20394427742399998,4.457570262307785,0.03657208447816134,0.20063835857312953,0.05089471103221512,0.07576282705519263
246,8.2,transport,unknown_no_ground_truth,0.5826338553308936,-0.07529005612443863,0.17803586936086105,0.0856496822375178,18.289415503307332,0.059550583,2.2639954,0.33167,0.20292686949029917,5.251238571389745,0.03817388233042037,0.19930396149840107,0.04512757963904785,0.0727967693191749
247,8.233334,transport,unknown_no_ground_truth,0.5805033602486476,-0.07471137205659298,0.17947934647493685,0.07515738332329372,18.289415503307332,0.059550583,2.2120268,0.12073817,0.2019737621332791,5.65500147913267,0.03958058131689415,0.19805751228591947,0.04801111518429517,0.05782356860973604
248,8.266666,transport,unknown_no_ground_truth,0.5791885198233122,-0.07369305390999767,0.18130455112783928,0.07952710533959943,18.289415503307332,0.059550583,2.5106096,1.3326361,0.20095798552037006,5.809760317074627,0.04137460922842117,0.19665262178674534,0.061655808077382815,0.050230685979993146
249,8.3,transport,unknown_no_ground_truth,0.5786365607988233,-0.07202239169166177,0.18364992097095048,0.09612106721890033,14.235529454327686,0.059550583,2.6132758,1.7493409,0.1996936251145375,5.896153232617704,0.04369097952648448,0.1948554392861584,0.0737755435030875,0.06161516651056297
250,8.333333,transport,unknown_no_ground_truth,0.5785206807730197,-0.06971408247772293,0.18628299108811705,0.11125932204419434,8.125166146829171,0.059550583,2.5525508,1.5028683,0.19806755159331102,5.896592027809677,0.04629296595340577,0.19258171329959065,0.0807321564730079,0.07655687854759699
251,8.366667,transport,unknown_no_ground_truth,0.5785641675702771,-0.06698882118486607,0.18909732047303895,0.11885929595462798,7.36692234943562,0.059550583,2.5069606,1.3178254,0.19619716839836845,5.896752978136678,0.049073123235610305,0.18996093667762418,0.08273415866303703,0.08533809949342239
252,8.4,transport,unknown_no_ground_truth,0.5786131793762521,-0.06409473923911367,0.19186898226686783,0.11340293392000012,6.737098444033526,0.059550583,2.2358687,0.2175083,0.19422402004539174,5.904975929629494,0.05180857257068334,0.18718664955274178,0.07430539400685698,0.08566757754920852
253,8.433333,transport,unknown_no_ground_truth,0.5786285131151012,-0.06134042523504296,0.19412203307342601,0.09812059011331481,4.864050791472482,0.059550583,2.3263338,0.584691,0.19229265579489818,5.924517092022379,0.05402679662625967,0.18454693364821848,0.058912128935837874,0.07846662518824386
254,8.466666,transport,unknown_no_ground_truth,0.5785764577695796,-0.05891424542390567,0.19586283059725254,0.07885725957698043,4.7104169564601825,0.059550583,2.4867358,1.2357363,0.19054178030348026,5.955564499878148,0.055736058670298384,0.18220774353775637,0.04214223278160393,0.0666520787685754
255,8.5,transport,unknown_no_ground_truth,0.5785309456000118,-0.05693477224968335,0.19698875051889075,0.06484138631864172,4.3025877635584555,0.059550583,2.4384246,1.039649,0.1890511476154991,5.922055995259276,0.05683625868555614,0.18030523041045088,0.029137767622482925,0.057925779042681196
256,8.533334,transport,unknown_no_ground_truth,0.578541807776078,-0.05507771346101661,0.19785445540392588,0.061265694765680875,4.3025877635584555,0.059410237,2.3139503,0.5344286,0.1876286044784114,5.870008981705668,0.05767860257106005,0.1785431937206396,0.027253839440928407,0.054869969845532746
257,8.566667,transport,unknown_no_ground_truth,0.5787552470757469,-0.053305322879079034,0.19884856578141802,0.06340540162703079,4.3025877635584555,0.059410237,2.0742226,-0.43858647,0.18639784847262156,5.826924272149669,0.0586531758207228,0.17692925953998048,0.038044756254016106,0.05072318480791187
258,8.6,transport,unknown_no_ground_truth,0.5791778570194683,-0.05178212895291486,0.20042395561306342,0.07109527197948275,4.7104169564601825,0.059410237,2.660791,1.942197,0.18565144500104475,5.823373784053844,0.0602149340135897,0.17561497872537804,0.05690952435505601,0.04261271800199925
259,8.633333,transport,unknown_no_ground_truth,0.5797889566053689,-0.05068725139914128,0.20266191393967192,0.08278714992955126,6.798340687081561,0.05935853,2.5347292,1.4305336,0.1855834298135143,5.5642212488738,0.062447121333637154,0.17476145587196734,0.0761397025957936,0.03250319802853405
260,8.666667,transport,unknown_no_ground_truth,0.5802870672643233,-0.04994476714593383,0.2055087143878309,0.08811526606041552,8.145906310988453,0.05935853,2.2069438,0.100106776,0.18602699691760116,5.2802383816924205,0.0652909268222041,0.17419281976269513,0.08559104504999787,0.020939749763238563
261,8.7,transport,unknown_no_ground_truth,0.5803665086228404,-0.049455383865878735,0.208376535172708,0.07848353941356158,10.853323682306394,0.05935853,2.157663,-0.09991517,0.18660605122892815,5.095282702806603,0.06815318505640199,0.17371517412684814,0.07763468798807839,0.011511784391387322
262,8.733334,transport,unknown_no_ground_truth,0.5800481433049833,-0.0493079332905049,0.21069652983196357,0.059275612806014066,10.853323682306394,0.05935853,2.0361533,-0.59310323,0.18719595158186625,4.959581105237613,0.07046655202558151,0.17342661080199437,0.05597770125093323,0.019496031293311143
263,8.766666,transport,unknown_no_ground_truth,0.5791490494172021,-0.049220815076501584,0.2121287190819824,0.047366050663654395,11.50254790470304,0.059336368,2.3898633,0.84254664,0.18734739576934759,4.967496907709624,0.07188505387274426,0.17300747305035472,0.03294380172589338,0.03403305280630727
264,8.8,transport,unknown_no_ground_truth,0.5778763797698248,-0.048789652906930214,0.21292948456209138,0.04811043774503663,10.853323682306394,0.059336368,1.8871274,-1.1979747,0.18685854218059697,4.975005115111587,0.07266278502376716,0.17215177738974333,0.0196960645313823,0.04389395473176994
265,8.833333,transport,unknown_no_ground_truth,0.57662423397222,-0.04779023481243191,0.2134946899335764,0.05849485118804226,10.720521326826553,0.059336368,2.1822798,0.0,0.18580404526865127,4.970784293630098,0.07319813054716504,0.1707781511862545,0.016750964941360712,0.056045096030290766
266,8.866667,transport,unknown_no_ground_truth,0.5754386900030222,-0.04598621231588303,0.21411515187672167,0.0730265463001571,10.720521326826553,0.059336368,2.5438154,1.4674127,0.18410165950752602,4.942062854237215,0.07377951624882291,0.1686712898377039,0.015580067022844214,0.0713452028947474
267,8.9,transport,unknown_no_ground_truth,0.5745201317446864,-0.043545556602099675,0.2146158382877023,0.08146316406736068,10.720521326826553,0.059336368,2.2130973,0.12508315,0.18189488233911474,4.942062854237215,0.07423680426524618,0.1660561504842381,0.006643131616440392,0.08119184627899759
268,8.933333,transport,unknown_no_ground_truth,0.5738864912467286,-0.040808872244835266,0.2146445405939664,0.08835311635454586,10.720521326826553,0.05931421,2.2733653,0.36970064,0.1793443691009118,4.942062854237215,0.07422237774834622,0.16326494225517577,-0.012808250097328635,0.08741980267081481
269,8.966666,transport,unknown_no_ground_truth,0.5733771815588151,-0.037818351039538164,0.21384958038550922,0.09772209976159256,14.698059037912495,0.05931421,2.1509514,-0.12715693,0.1762902642383512,4.893301828434192,0.07338294536669916,0.1602909872529823,-0.037153388869197716,0.09038381756348214
270,9.0,transport,unknown_no_ground_truth,0.5729303773167809,-0.034823751699650435,0.2122556265267404,0.11090624645516162,11.311435451427862,0.05931421,1.8429939,-1.3771054,0.1729343650513275,4.47344923248195,0.07174546466361262,0.15734955645284837,-0.054172707974339616,0.09677558170065406
271,9.033334,transport,unknown_no_ground_truth,0.5721779941233625,-0.031425096392598356,0.2103342927950757,0.11945717293005419,19.244266882837852,0.05929205,2.1954162,0.05331841,0.16900563558742102,3.848992342385573,0.06977138305256714,0.15393134497963726,-0.054987881921433494,0.10604880483171585
272,9.066667,transport,unknown_no_ground_truth,0.571288225449929,-0.027890118848136726,0.20869890941341146,0.11884835609626317,19.244266882837852,0.05929205,2.514202,1.3472174,0.16503107314575663,3.388224014562657,0.06807960131112419,0.15033437061749536,-0.03726543206351673,0.11285485953162847
273,9.1,transport,unknown_no_ground_truth,0.5702884361241601,-0.024103509923991743,0.20796758789215997,0.12370789589383026,19.244266882837852,0.05929205,2.381193,0.8073552,0.16116746467443518,3.215149859522833,0.06728704898868412,0.14644932470987956,-0.006682886664906325,0.12352725420854607
274,9.133333,transport,unknown_no_ground_truth,0.5691505711667184,-0.01993107520926639,0.20838276074641648,0.12961778352030306,18.404194013864306,0.05929205,2.132361,-0.20261247,0.15740769462496848,2.9956464228702293,0.0676340433783258,0.1421366191501897,0.023200564513130212,0.12752452160658448
275,9.166667,transport,unknown_no_ground_truth,0.5681498050228226,-0.015901357813537062,0.20964714183238117,0.12189338493440195,18.169108636734663,0.059277277,1.7937291,-1.577063,0.15420816053404054,2.8928307427969204,0.06883377618885317,0.13799299993432743,0.03940145133795204,0.11534956837036402
276,9.2,transport,unknown_no_ground_truth,0.5675228197803446,-0.012457200515329572,0.21112635172443342,0.10539393070103274,13.360391323200856,0.059277277,2.4694972,1.1657677,0.15177090785624686,2.8028134468252963,0.07026079781580243,0.13452817088549268,0.039299934873044166,0.09779261601771669
277,9.233334,transport,unknown_no_ground_truth,0.5671648313650695,-0.009495964562576488,0.21236169489952808,0.09119453134810673,13.360391323200856,0.059277277,2.0701327,-0.45518643,0.14976308146520811,2.8028134468252963,0.07145376262907378,0.13161816127002585,0.02631272334719179,0.08731599588766638
278,9.266666,transport,unknown_no_ground_truth,0.5667564842079659,-0.0067127172836804385,0.21296364904284887,0.08947734694574638,13.360391323200856,0.059277277,2.1032832,-0.3206343,0.1476263599732938,2.8028134468252963,0.07201499579641008,0.12886963389180386,0.006279504169590031,0.0892567277230886
279,9.3,transport,unknown_no_ground_truth,0.5660637154802697,-0.0036553039639828757,0.21286898257191003,0.09590853345134823,13.360391323200856,0.059262507,2.0908456,-0.3711164,0.14486241216610113,2.8028134468252963,0.0718723756806221,0.12577551459884742,-0.015267227993181904,0.09468557724486124
280,9.333333,transport,unknown_no_ground_truth,0.5650938604648476,-0.000607457183751747,0.2120453203522117,0.10413078729392651,10.878028687259786,0.059262507,2.0517404,-0.5298378,0.14167377283020388,2.911594508338886,0.07099720254913605,0.12260038800159308,-0.03287852317519107,0.09880396538738408
281,9.366667,transport,unknown_no_ground_truth,0.5637832374128844,0.0025619040516030008,0.21078622357711108,0.10923406358262919,10.83088319374749,0.059262507,1.9988707,-0.744427,0.138065979723618,3.208294570297717,0.06968046356965281,0.11919248195150894,-0.040860453098685585,0.10130401778480451
282,9.4,transport,unknown_no_ground_truth,0.5623527158325603,0.005614505463180279,0.209436741399392,0.10277081964491744,10.83088319374749,0.059262507,1.9162095,-1.0799354,0.13447060397676183,3.4235684015201424,0.06827317755384978,0.11584954277240639,-0.042578380022206756,0.09353567728504826
283,9.433333,transport,unknown_no_ground_truth,0.5608787982927207,0.008134853870982603,0.20805716989237774,0.08579500974224284,10.878028687259786,0.059269894,2.1040509,-0.31751832,0.13127667362609866,3.5841638257800787,0.06684190689961712,0.11298550579767365,-0.040312235253024305,0.0757344530948522
284,9.466666,transport,unknown_no_ground_truth,0.5595997390747345,0.009903525611087857,0.20684055267354015,0.06854335262888911,13.321265200019086,0.059269894,2.1899433,0.031104825,0.12883445213974384,3.706079329251503,0.06558569278081691,0.11089108602862653,-0.035904135112294115,0.058387363970694606
285,9.5,transport,unknown_no_ground_truth,0.5584124951445711,0.01120216423505065,0.20573560664507262,0.0640332270678425,13.321265200019086,0.059269894,2.1224356,-0.24289788,0.12685921575433876,3.834804389311085,0.0644483035519967,0.10926882808502873,-0.0346364732246373,0.05385692983526688
286,9.533334,transport,unknown_no_ground_truth,0.5571478746083669,0.012584012937304167,0.2045984132629335,0.06761640178753194,13.321265200019086,0.059269894,2.0954525,-0.3524175,0.12477965456322307,4.0590736890035215,0.06327656358882977,0.10754551916888987,-0.035046544439656456,0.0578248866279229
287,9.566667,transport,unknown_no_ground_truth,0.5558848183093485,0.014168867279534357,0.20347079936424967,0.07001096614915418,13.321265200019086,0.059255116,2.1742148,-0.032734435,0.12254385192668762,4.199501043559513,0.06211186930485607,0.10563669502822597,-0.03322305703384572,0.06162599989017498
288,9.6,transport,unknown_no_ground_truth,0.5547451559332032,0.015965303401984567,0.20245869643707465,0.06826795614519034,13.321265200019086,0.059255116,2.2394483,0.23203738,0.1202330691285363,4.398160804829893,0.061061698486613684,0.10357345166594223,-0.027927655803058046,0.062294139993963715
289,9.633333,transport,unknown_no_ground_truth,0.5538566843014725,0.017829765444692097,0.20168253452516038,0.06137722916701209,11.177676165807648,0.059255116,1.8794116,-1.2292919,0.11806121179018911,4.520315929019721,0.06025002055889879,0.10153021595574473,-0.020740805785802657,0.057766627351573285
290,9.666667,transport,unknown_no_ground_truth,0.5532561302805261,0.019541587962440113,0.2011411842256342,0.05334980693260816,7.079354418096344,0.059255116,1.984029,-0.80466694,0.11621853820547297,4.562182337684783,0.05967898628252016,0.09972545923137055,-0.01481399209529535,0.05125180521647108
291,9.7,transport,unknown_no_ground_truth,0.552822076610807,0.02110238451107064,0.20075014003904385,0.04545578710546172,5.303247023371926,0.059247732,2.0391722,-0.5808502,0.11462566989940849,4.6031383841997435,0.059262417630274414,0.0981173280134712,-0.006967168396131858,0.044918672575188605
292,9.733334,transport,unknown_no_ground_truth,0.5526588517799156,0.02248277524275326,0.20072184170371737,0.04318193745304686,5.303247023371926,0.059247732,2.1319702,-0.20419854,0.11344655867748157,4.6031383841997435,0.059214519358342016,0.09676653539795568,0.007542648675372615,0.0425180923038505
293,9.766666,transport,unknown_no_ground_truth,0.5526329256528357,0.02392354734147737,0.20129114380740273,0.05375693940565348,5.303247023371926,0.059247732,2.0268927,-0.6306907,0.11257354605246206,4.6031383841997435,0.05976524329084074,0.09539873670658544,0.02715488488997321,0.04639418886967854
294,9.8,transport,unknown_no_ground_truth,0.552664792898649,0.025552645586754956,0.20257104097863393,0.07406302109901143,4.886604325250049,0.059240345,2.2700062,0.3560667,0.11195950370727736,4.6031383841997435,0.061024863551031684,0.09386637576341071,0.05075825495339654,0.053934503320218014
295,9.833333,transport,unknown_no_ground_truth,0.5527709741073547,0.02747516739903874,0.2047183745043737,0.09943320029979906,4.886604325250049,0.059240345,2.1745932,-0.031198693,0.11165154950144965,4.425460811199861,0.06314909901244661,0.09207746629871433,0.07471659477596072,0.06560786375843095
296,9.866667,transport,unknown_no_ground_truth,0.5528893537308555,0.029860746062564718,0.20760414498459745,0.12286741968978791,4.906926525660108,0.059240345,1.9815164,-0.8148655,0.11149575839004729,4.246166890782046,0.06600598605818613,0.08985829924641539,0.09037556589040469,0.08323857225598962
297,9.9,transport,unknown_no_ground_truth,0.5528386970722212,0.03294812900905352,0.21081236902627215,0.1391648480256259,5.939362618909489,0.059240345,2.2187462,0.1480109,0.11109565769541639,4.1053802997904265,0.06917412211016194,0.08693207687077041,0.09041432615220027,0.10579274338270613
298,9.933333,transport,unknown_no_ground_truth,0.5525419561972967,0.036824026916353,0.213725174034749,0.15244882830094217,5.939362618909489,0.059240345,2.1739454,-0.03382794,0.11005379683641046,4.027098318146685,0.07203359319948106,0.083204565072366,0.07444743662067842,0.13303467379198636
299,9.966666,transport,unknown_no_ground_truth,0.552001236401322,0.041707418329926395,0.21589811073426746,0.1666375495733957,5.108630126300467,0.059240345,2.0161014,-0.67449075,0.10796883771037707,4.027098318146685,0.07413730146396684,0.07849159476129049,0.048509370317650666,0.15942055676483802
300,10.0,transport,unknown_no_ground_truth,0.5512278148336145,0.04732312438853688,0.21710979779476203,0.17758278981349337,5.108630126300467,0.059240345,2.3598258,0.7206298,0.10489864470828061,4.027098318146685,0.07526752026143195,0.0730652178216764,0.020849868799748733,0.1763545582313557
301,10.033334,transport,unknown_no_ground_truth,0.5502214104802414,0.05330736844057091,0.21745874195960493,0.18288475942531018,5.153548314848088,0.059240345,2.2132115,0.12554668,0.10113636759163641,4.023619515308613,0.07552731136429228,0.06726209993534138,-0.002207119037455613,0.18287144078725928
302,10.066667,transport,unknown_no_ground_truth,0.5490614759924997,0.05932137965887637,0.21714334890008244,0.17996792828338193,5.153548314848088,0.059232958,1.9159424,-1.0810193,0.09703474849012096,4.093105577484125,0.07512039823063717,0.06142204965817662,-0.01587512649843722,0.17926638159250918
303,10.1,transport,unknown_no_ground_truth,0.5479094414833394,0.06504748129505855,0.21657966120080832,0.1634848869085569,5.108630126300467,0.059232958,1.9979218,-0.7482785,0.09311359563181276,4.191679777263979,0.07446896358777381,0.05589736267166419,-0.01867455885833076,0.1624148056642324
304,10.133333,transport,unknown_no_ground_truth,0.546912653476332,0.06995153944556355,0.21606140779405014,0.13468019920969077,4.677992210888063,0.059232958,1.9755975,-0.8388892,0.08989196180565838,4.2780993105987974,0.07387542719428682,0.051215095959409984,-0.016394640741221947,0.13367861389963712
305,10.166667,transport,unknown_no_ground_truth,0.5460143614317198,0.07377147550174568,0.21562227912189497,0.09934550187070333,3.524964527575382,0.059232958,1.8185437,-1.4763446,0.08743258216376043,4.322007224507086,0.07337599124960599,0.04754387796510151,-0.014558712387447001,0.09827294966348327
306,10.2,transport,unknown_no_ground_truth,0.5452402393369733,0.07630092891145995,0.21519350573008836,0.06468177153663059,3.4043724343848467,0.059232958,2.0311263,-0.6135072,0.08569241435010817,4.347656120830982,0.0729048465079329,0.04503413408521774,-0.015007425660855743,0.06291668096896691
307,10.233334,transport,unknown_no_ground_truth,0.5445406845662212,0.0777155771101774,0.21469146645010317,0.04111767591397896,3.248698903920081,0.059232958,1.9455396,-0.9608893,0.08443474331542426,4.4002178556339695,0.07237549547117417,0.04348578542516658,-0.017464116723705746,0.03722456043565574
308,10.266666,transport,unknown_no_ground_truth,0.5438292832642588,0.07836755649401386,0.21407440799469618,0.03315218046350222,3.248698903920081,0.059232958,1.7774496,-1.6431385,0.08341145125253846,4.511584407399823,0.07174057621352252,0.042553024858479414,-0.020524653111670964,0.0260347015371829
309,10.3,transport,unknown_no_ground_truth,0.5430664779499519,0.07867787193013281,0.21335526650756848,0.03701002527440398,3.4043724343848467,0.059225574,2.0258863,-0.63477534,0.08243421650962349,4.619287902691549,0.07100718372820711,0.04187337949752949,-0.02347198822671242,0.028614816782518378
310,10.333333,transport,unknown_no_ground_truth,0.5421588314533015,0.07934578110357957,0.21254458587254182,0.04848706541852516,3.524964527575382,0.059225574,1.920876,-1.0609946,0.0811860167816118,4.720088480646348,0.07017578131782712,0.04082314340293576,-0.025031553170955352,0.0415260985255053
311,10.366667,prealignment,unknown_no_ground_truth,0.5411422313586336,0.08071043678737813,0.21173820217262626,0.0669687438608005,3.524964527575382,0.059225574,2.109295,-0.2962337,0.07962151592679209,4.802820700628793,0.06933841491470033,0.03913783355778996,-0.023636401634574363,0.06265886347566955
312,10.4,prealignment,unknown_no_ground_truth,0.5400782696924376,0.0829994142747597,0.21104308644989395,0.08937299920276073,4.327446138657884,0.059225574,2.054735,-0.51768345,0.07778227258905386,4.893086252269367,0.06860001990287724,0.03666223122564588,-0.020464474230236382,0.08699849585467936
313,10.433333,prealignment,unknown_no_ground_truth,0.5389936452961964,0.08612142029887687,0.21047125071540274,0.10441063645876081,5.909246436344447,0.059225574,1.8048321,-1.5319976,0.07578251106440305,5.014675458969678,0.06797412112954429,0.03350384813558603,-0.016689801820489982,0.10306809167204117
314,10.466666,prealignment,unknown_no_ground_truth,0.5379904261961672,0.08956363491014169,0.21004149115163104,0.10761300819267743,6.624820389839517,0.059225574,1.9465415,-0.9568225,0.0739249856666439,5.084655941696773,0.067487363551138,0.030172160458443106,-0.012239060409663808,0.10691475544828159
315,10.5,prealignment,unknown_no_ground_truth,0.5371291271730652,0.09301325059810148,0.2097674863944049,0.10607184566069264,7.788919729711212,0.059225574,1.8927771,-1.1750435,0.07237876419536322,5.107284909349212,0.0671581890328622,0.026990056544482104,-0.007330633108440903,0.1058182321724155
316,10.533334,prealignment,unknown_no_ground_truth,0.5364157343896709,0.09644711840102693,0.20966091564170763,0.10233229476827953,7.788919729711212,0.059225574,1.96397,-0.88608354,0.07117640182353158,5.1050789072824925,0.06699864812111526,0.024026263265181442,-0.002663578338490737,0.10229762413163254
317,10.566667,prealignment,unknown_no_ground_truth,0.5358578167168385,0.09971547245138733,0.20969165832085954,0.09600367653978176,7.788919729711212,0.059210796,2.0192301,-0.6617916,0.07033146712811669,5.1032504896362765,0.06698061328706519,0.021450238042548274,-0.0003009621534529488,0.09600320479513813
318,10.6,prealignment,unknown_no_ground_truth,0.5353418189937238,0.10275617508119872,0.2097349700198234,0.08745554168991258,7.788919729711212,0.059210796,1.9266475,-1.0375689,0.06969280998352005,5.101017448215748,0.06697858443201499,0.019260243790836906,-5.420486002614077e-05,0.0874555248918511
319,10.633333,prealignment,unknown_no_ground_truth,0.5348946191986064,0.10546514990824088,0.2097736076589585,0.07955844605686167,7.788919729711212,0.059210796,2.1706386,-0.047249954,0.0692377693774514,5.097953723096852,0.06697699964307705,0.01754851068257368,0.000902797945972319,0.07955332359399774
320,10.666667,prealignment,unknown_no_ground_truth,0.5345836760487968,0.10800381818668049,0.20987160052967843,0.07071585300634696,7.2467540627821565,0.059210796,2.0654883,-0.47403723,0.0689934350326372,5.063816686455305,0.06703877269442349,0.01630634947583764,0.0030159786585567776,0.07065150910735311
321,10.7,prealignment,unknown_no_ground_truth,0.5344226299422237,0.11014828412733635,0.2100401058211802,0.052631761437843,7.2467540627821565,0.059203412,2.0228038,-0.6472868,0.06896760786375282,5.022500633024362,0.06717806250007204,0.015608935043262712,0.0038220617621279743,0.052492800991531176
322,10.733334,prealignment,unknown_no_ground_truth,0.5343959394095992,0.11149456711700476,0.21017294360043337,0.03128092405786333,7.2467540627821565,0.059203412,2.0787008,-0.42041013,0.06902959457021608,4.932347390779763,0.06729357586602364,0.01538374381261359,-0.0013734938104803319,0.031250755585527604
323,10.766666,prealignment,unknown_no_ground_truth,0.5344186839418252,0.11223266800864694,0.2099748113290494,0.02500230049177221,7.2467540627821565,0.059203412,2.0494518,-0.53912675,0.06882033821450889,4.828298765317815,0.06708650558518618,0.015350560912493556,-0.01582087300123181,0.019360139652382865
324,10.8,prealignment,unknown_no_ground_truth,0.5341896385904377,0.1127840342926181,0.20913707428387152,0.04478520347616376,8.209377684824839,0.059203412,1.908788,-1.1100581,0.06794092591470337,4.796534379192305,0.06623883365477837,0.015112456127374253,-0.03818542988462593,0.02340058535438179
325,10.833333,prealignment,unknown_no_ground_truth,0.5334918645909542,0.11354431573457101,0.20745792959187953,0.07124915050094202,8.209377684824839,0.059196025,1.8807985,-1.2236627,0.06613663844637675,4.676636901014483,0.0645408370377956,0.014440751346362518,-0.06103370541184425,0.03676041690196264
326,10.866667,prealignment,unknown_no_ground_truth,0.532414950028876,0.11458150172251962,0.2051144221072171,0.09113978187536613,9.735358497140798,0.059196025,1.8902609,-1.1852561,0.06361159812325157,4.356167871594803,0.06216990456588922,0.013466194045174344,-0.07756547683903736,0.04785453628468333
327,10.9,prealignment,unknown_no_ground_truth,0.5311636391488539,0.11586309803890499,0.20234716019947097,0.09695107407064113,9.84936918402862,0.059196025,1.8746393,-1.2486619,0.06066481161731476,4.168630956143468,0.05936982248016084,0.012467700158348227,-0.08208964656526788,0.051582949607795275
328,10.933333,prealignment,unknown_no_ground_truth,0.5300308181085065,0.11719792977139112,0.19970649311114078,0.08567529455983632,9.735358497140798,0.059196025,1.9504942,-0.94077945,0.05790671067570708,3.985384771509313,0.05669727030750055,0.011773133863091246,-0.07280663288874528,0.045160273530152506
329,10.966666,prealignment,unknown_no_ground_truth,0.5292122153149708,0.11827123220254374,0.1975496257642232,0.06275074702136277,9.243178821036553,0.059196025,1.732773,-1.8244737,0.055706042347777075,3.690096423028039,0.05451603754794167,0.011452720380929003,-0.055226093367997976,0.029794879812616085
330,11.0,axial_advance_candidate,unknown_no_ground_truth,0.528888239818622,0.11890303264976251,0.19606127906007273,0.03875493914315813,9.243178821036553,0.059196025,1.6997449,-1.9585289,0.054242006936988885,3.3770291337564,0.05301555371587582,0.011469367059756886,-0.03606629017765857,0.014183371278043153
331,11.033334,axial_advance_candidate,unknown_no_ground_truth,0.5290801342361425,0.11924175178668941,0.19515878116286406,0.025570898680975767,9.243178821036553,0.059196025,1.8718872,-1.259832,0.05343299246081315,3.1923352528510662,0.05211158594700119,0.01180962714930592,-0.022821953970320327,0.011533831814679303
332,11.066667,axial_advance_candidate,unknown_no_ground_truth,0.5294648033835818,0.11940620242987977,0.1945379586679158,0.022917258827462643,9.243178821036553,0.05918864,1.8867506,-1.1995041,0.05292608792065408,2.902382253698597,0.051494083394053904,0.012228252450412841,-0.020676164804817286,0.009884177311691111
333,11.1,axial_advance_candidate,unknown_no_ground_truth,0.529684057376994,0.11947409911128001,0.19377475914973974,0.026775892272590182,7.430470684660904,0.05918864,1.8321768,-1.42101,0.05224000781536941,2.593897372290871,0.05073317215063251,0.012456470611057644,-0.026592102391708606,0.0031318520690224224
334,11.133333,axial_advance_candidate,unknown_no_ground_truth,0.5296450043471019,0.11947039603213394,0.19276318664487496,0.0351001503487076,6.122039188701331,0.05918864,1.8779982,-1.2350284,0.05125059445085741,2.3633372462860645,0.0497212854599804,0.012426471895650748,-0.03475984579446935,0.004875825555389547
335,11.166667,axial_advance_candidate,unknown_no_ground_truth,0.5293394992391224,0.1194146695923812,0.19146101147031291,0.04168933712239061,5.571053319797985,0.05918864,1.6954402,-1.9760013,0.04991495955626141,2.2011152460710464,0.04841584288814672,0.012141225017826832,-0.04004120734235888,0.011606142523274517
336,11.2,axial_advance_candidate,unknown_no_ground_truth,0.5288750315429769,0.11925728957643389,0.1901012054843048,0.04215176551353161,5.571053319797985,0.059173863,1.6109946,-2.3187518,0.048477087231340074,2.073502207963025,0.04705187587796208,0.011668288769129995,-0.03942820567160924,0.01490596972441018
337,11.233334,axial_advance_candidate,unknown_no_ground_truth,0.5284089096610294,0.11901493045750913,0.18883976260989482,0.035559083323948124,5.571053319797985,0.059173863,1.8421556,-1.3805078,0.04712548509638093,1.9489832622612437,0.045787301173264454,0.011150533477730859,-0.03314584487120787,0.01287638825965221
338,11.266666,axial_advance_candidate,unknown_no_ground_truth,0.5281444208400027,0.11878859170244224,0.18789522747824297,0.024108799580836088,5.571053319797985,0.059173863,1.8985894,-1.1514524,0.04612746776834703,1.813831290465894,0.04484214587563369,0.010813197306453,-0.0230988090903889,0.0069050152667962696
339,11.3,axial_advance_candidate,unknown_no_ground_truth,0.5280689853571245,0.11870221940053544,0.18730031964266802,0.014706735098688369,5.701038091033523,0.059166476,1.7991633,-1.5550061,0.04552465295501374,1.6945353182999299,0.04424739204059036,0.01070804950869867,-0.014678669080870909,0.0009081471671908535
340,11.333333,axial_advance_candidate,unknown_no_ground_truth,0.5281333299964872,0.11874040536479105,0.18691602081832165,0.014733615783336184,6.669205954314389,0.059166476,1.7630634,-1.7015297,0.04517000280470981,1.5963719896964068,0.04386356285577966,0.01078503625281614,-0.01449664298890278,0.0026318769164360638
341,11.366667,axial_advance_candidate,unknown_no_ground_truth,0.5281019189740946,0.1188836381272188,0.1863355346732813,0.02382921743959786,7.919849475189185,0.059166476,1.761247,-1.7089021,0.04461608034749618,1.487150852303435,0.04328094438874916,0.010833027203521552,-0.02301470219789947,0.006176980372774077
342,11.4,axial_advance_candidate,unknown_no_ground_truth,0.5278833743154582,0.11910194370145444,0.18538943405471456,0.036221691798590853,8.634850677530379,0.059166476,1.8686643,-1.2729135,0.043676500447344745,1.377798504148975,0.042329261418286364,0.010764307646536282,-0.03439855428887178,0.011346824207135878
343,11.433333,axial_advance_candidate,unknown_no_ground_truth,0.5274693072801482,0.11937148192153357,0.18405671510390834,0.04618158727074482,8.634850677530379,0.059166476,1.7561687,-1.7295141,0.04232893213832949,1.1902956056690692,0.040987698448588274,0.010571048758704028,-0.04352745778795613,0.015430470548985772
344,11.466666,axial_advance_candidate,unknown_no_ground_truth,0.5269374688044914,0.11962517852969615,0.18250668049907706,0.048610774439916266,8.634850677530379,0.059166476,1.6968265,-1.9703746,0.04074869765467447,1.0188732597668257,0.03942743994329371,0.010292392339492314,-0.045725964935688236,0.016496773088959752
345,11.5,axial_advance_candidate,unknown_no_ground_truth,0.526403542361685,0.11981077222735201,0.18102795455080622,0.041948643742271724,6.669205954314389,0.059166476,1.9315733,-1.0175762,0.039233088422678884,0.9331123382043919,0.037939305737156793,0.009992212335828426,-0.039525671372927944,0.014050267411524134
346,11.533334,axial_advance_candidate,unknown_no_ground_truth,0.5259946528390451,0.1198932033784848,0.1798874612847821,0.029817046887015544,6.380749669649673,0.059166476,1.7987162,-1.5568211,0.03805894166479871,0.9116582962480168,0.03679235983544953,0.009736801239798988,-0.028039551319316267,0.010140998317419872
347,11.566667,axial_advance_candidate,unknown_no_ground_truth,0.5257078042145308,0.11992351862247212,0.17916928826089495,0.01579144688196041,4.55024089907373,0.059166476,1.8003409,-1.5502267,0.037311482946406294,0.9181018731794236,0.03606999197075326,0.009544759760714958,-0.014868397548597213,0.005319826027479243
348,11.6,axial_advance_candidate,unknown_no_ground_truth,0.5256272430670053,0.11992962089728945,0.17890157985917582,0.00399098044665495,1.9762475051170147,0.059166476,1.829815,-1.430596,0.03703759163177848,0.9368298563767785,0.035801147233537334,0.009490050086536389,-0.003965870041997275,0.0004469896369835366
349,11.633333,axial_advance_candidate,unknown_no_ground_truth,0.5257046539332518,0.11995663690220945,0.17890530345618366,0.004102339806362836,1.7817891467721267,0.10890769,1.871203,-1.2626094,0.037061227676747605,0.9510927571704012,0.03580559308720297,0.00956525486233198,0.0019334676602180858,0.0036181341453516997
350,11.666667,axial_advance_candidate,unknown_no_ground_truth,0.5258616606010893,0.11999165405060905,0.1790280650313623,0.005218893255074804,1.3372335319400626,0.10890769,1.9418722,-0.97577447,0.03721758301307225,0.9577465193222435,0.03593004836878006,0.009704643710721675,0.0029820655395507403,0.004283005011167887
351,11.7,axial_advance_candidate,unknown_no_ground_truth,0.5259814810402804,0.12003409039250443,0.179101316931488,0.0023706888234435747,1.2159466606743807,0.10890769,1.9131423,-1.0923843,0.03732006728038605,0.9708258375927139,0.03600439871977652,0.009821949635377717,0.0007187800934634057,0.002259097314159135
352,11.733334,axial_advance_candidate,unknown_no_ground_truth,0.5260023210342819,0.12004654131935569,0.17907474821691596,0.00311685216689051,1.1963983878095676,0.10890769,1.9213618,-1.0590229,0.037300861229437536,0.9805708347270226,0.03597796409314002,0.009845828973249727,-0.0026924619316545865,0.0015701643789237233
353,11.766666,axial_advance_candidate,unknown_no_ground_truth,0.5258755498853449,0.12002055060543793,0.17892307634357135,0.006861293650885123,1.1686417487961842,0.10890769,1.8493776,-1.3511947,0.03712390987494852,0.9805708347270226,0.03582490507095517,0.009734519046175363,-0.0051998407224766036,0.0044764949485675155
354,11.8,axial_advance_candidate,unknown_no_ground_truth,0.5257073879594102,0.11998124383712003,0.17873125938947396,0.008993485351970403,1.1449790764085577,0.10890769,1.8475577,-1.3585817,0.036897793044507514,0.9822271177734153,0.03563130719640539,0.0095842098803551,-0.00669686964200429,0.0060028922840667
355,11.833333,axial_advance_candidate,unknown_no_ground_truth,0.5254817492748385,0.11992693525663159,0.17848077254064348,0.013389014895584686,1.1449790764085577,0.10890769,1.7881504,-1.5997057,0.03660145717044579,0.9876248442309989,0.035378449235360834,0.009382536794544111,-0.009737913100073327,0.009189056988048823
356,11.866667,axial_advance_candidate,unknown_no_ground_truth,0.5251060312303699,0.1198336542421664,0.17808834942860427,0.021395385212574853,1.1449790764085577,0.10890769,1.7736194,-1.6586847,0.036133196080595856,0.986924772458881,0.034982109484515425,0.00904764472181371,-0.015345248039085001,0.014909254542512334
357,11.9,axial_advance_candidate,unknown_no_ground_truth,0.5245081891133503,0.11968066383635147,0.17746785567787415,0.032461939951613936,1.1963983878095676,0.10890769,1.7772007,-1.6441488,0.035396098958462414,0.9885285974481917,0.034355440284070754,0.008519832414133057,-0.023193654864575038,0.022711933414950907
358,11.933333,axial_advance_candidate,unknown_no_ground_truth,0.5236251386097949,0.11945090880858597,0.17655734933441708,0.04248554034731768,2.873215742826742,0.23422097,1.7747216,-1.654211,0.03432446248275102,0.9911211342549627,0.03343585890202438,0.007759643304540464,-0.03021119248011274,0.02987147447872531
359,11.966666,axial_advance_candidate,unknown_no_ground_truth,0.5225616320984697,0.11917385072085047,0.17547378556719057,0.04832340644785347,2.873215742826742,0.23422097,1.7415491,-1.7888527,0.03306711888908812,1.0180942915948967,0.032341367729466185,0.006889868287023448,-0.03412250543684009,0.034217045948434305
360,12.0,axial_advance_candidate,unknown_no_ground_truth,0.52139476667875,0.11887384015230892,0.17430548569915738,0.04871365205974735,2.873215742826742,0.23422097,1.7596855,-1.7152401,0.03173747953809929,1.0520094639906,0.03116102490047376,0.0060214727918778705,-0.03417556277874163,0.034713841702617945
361,12.033334,axial_advance_candidate,unknown_no_ground_truth,0.520294733376211,0.11860468735979716,0.17321895490287142,0.04004890664169738,2.873215742826742,0.048537195,1.8139591,-1.4949526,0.030532211532734405,1.084846029678412,0.030062966312752442,0.005332353847781631,-0.028097551586010884,0.028538439306781467
362,12.066667,axial_advance_candidate,unknown_no_ground_truth,0.5195312734483148,0.11840548171725351,0.1724516782992948,0.026225218721898362,1.7861547874232813,0.048537195,1.6635263,-2.1055343,0.029700816729380963,1.1106171710003219,0.029287847360501655,0.004935636876861214,-0.018451701235595686,0.01863590133381601
363,12.1,axial_advance_candidate,unknown_no_ground_truth,0.5190904225754426,0.1182549147776,0.17200077422539717,0.01464305857552596,1.7751537613233614,0.048537195,1.6435964,-2.1864264,0.029215805054553488,1.1394375356380382,0.02883286321063744,0.004714792048685012,-0.010077134945854344,0.010624053639234203
364,12.133333,axial_advance_candidate,unknown_no_ground_truth,0.5188710198943798,0.11813503441849696,0.17178540998398484,0.007491250018564419,0.9839976633885651,0.048537195,1.6951895,-1.9770188,0.028979193743423514,1.1518350742375838,0.028616032209796822,0.00457344187529997,-0.00467335500182591,0.005854791189064744
365,12.166667,axial_advance_candidate,unknown_no_ground_truth,0.5187753530516869,0.11802271281355989,0.1716905717815272,0.004879261842968963,0.9784398660999203,0.04463708,1.6179076,-2.2906928,0.02886710403669719,1.1539364456271497,0.028521309982609926,0.004454724721166825,-0.0025209615860236215,0.004177552969627812
366,12.2,axial_advance_candidate,unknown_no_ground_truth,0.518716381125335,0.11790399900655715,0.1716165329254854,0.00569625548123111,0.9784398660999203,0.04463708,1.5268683,-2.6602063,0.028776030453850656,1.1667543690342592,0.028447967671232654,0.004332789408388342,-0.0031810932399189947,0.004725248385682719
367,12.233334,axial_advance_candidate,unknown_no_ground_truth,0.5185853690403068,0.11777192495591218,0.17147791387304478,0.012895994963973421,0.9784398660999203,0.04463708,1.509947,-2.7288876,0.02861856175460939,1.1737628658594006,0.028309235412808817,0.0041963397437007645,-0.008342243417922059,0.009834310391022033
368,12.266666,axial_advance_candidate,unknown_no_ground_truth,0.5181398265333688,0.11758519860191972,0.17106420117412566,0.025165488493948594,0.9839976633885651,0.04463708,1.5533398,-2.552763,0.028180873932203317,1.190412817157419,0.027891826631968524,0.004025874155378872,-0.01664376500533235,0.018875563503809183
369,12.3,axial_advance_candidate,unknown_no_ground_truth,0.5173854410453145,0.11736174280042759,0.17037944583206083,0.03438924778140185,2.4405893928741125,0.04463708,1.526173,-2.6630285,0.027484505367575858,1.2365900987471732,0.02719964425746275,0.0039468199310051825,-0.02285068575706006,0.02569954325280402
370,12.333333,axial_advance_candidate,unknown_no_ground_truth,0.5164765749425339,0.11711666994434529,0.1695575067243527,0.038070006912271734,2.4405893928741125,0.044570606,1.4629691,-2.9195628,0.026681456792188654,1.3360520912502865,0.026368453029813072,0.0040749013936501825,-0.02532866647781665,0.028421542547088202
371,12.366667,axial_advance_candidate,unknown_no_ground_truth,0.5155385006691552,0.11686945948241766,0.16870974276851747,0.03524534950597498,2.4405893928741125,0.044570606,1.5574387,-2.5361261,0.02589099744536522,1.4593853819348153,0.02551106733484706,0.004419184557450333,-0.02347763213286036,0.02628755316176105
372,12.4,axial_advance_candidate,unknown_no_ground_truth,0.5147657150871782,0.11667052515643173,0.16800993570519174,0.02585959642728197,2.4405893928741125,0.044570606,1.5541008,-2.5496745,0.025269715681214406,1.5183005107982361,0.02480327478532594,0.004832813935279072,-0.01727277155316156,0.019245001695354223
373,12.433333,axial_advance_candidate,unknown_no_ground_truth,0.5142846401822369,0.11654759826194797,0.16757120087474153,0.013381374930352572,1.2672535455866298,0.044570606,1.6439272,-2.1850839,0.02489504060743741,1.53248422756532,0.024359557866545704,0.005135658418583633,-0.0090248860035764,0.00987991030572237
374,12.466666,axial_advance_candidate,unknown_no_ground_truth,0.5141219979980827,0.11650489798491313,0.16741491975880957,0.0029373031471317396,1.169336850452995,0.044570606,1.6611855,-2.1150353,0.024763176220188275,1.5335766568299516,0.024201608134490245,0.00524376393601711,-0.0021007781095761257,0.0020529201427419864
375,12.5,axial_advance_candidate,unknown_no_ground_truth,0.5141513083834106,0.11651115848975596,0.16743250217425112,0.0009490197184176802,0.8661867867037463,0.044504125,1.7291081,-1.8393488,0.02477630232824619,1.5366270835899625,0.02421951113919644,0.005223067799578827,0.000541673887883922,0.0007792482435849883
376,12.533334,axial_advance_candidate,unknown_no_ground_truth,0.5141732156807297,0.11651566164031416,0.1674504702518266,0.0004488810533994806,0.4853785553165127,0.044504125,1.6509255,-2.156679,0.024790858698465076,1.5414142381564633,0.024237720211460003,0.0052076476415215435,-0.0003025746051996893,0.00033157624822848745
377,12.566667,axial_advance_candidate,unknown_no_ground_truth,0.5141295924628251,0.11650603964159115,0.16741256247092512,0.0028050959608669334,0.4795768267891965,0.044504125,1.6384466,-2.2073288,0.024759741046162735,1.5411773413640153,0.024199341155212137,0.005238001940310029,-0.0017467318215761262,0.0021948784233221967
378,12.6,axial_advance_candidate,unknown_no_ground_truth,0.5140288880826813,0.11648491509503307,0.16733559514978238,0.004398179106421038,0.4762962392951223,0.044504125,1.6642771,-2.102487,0.024698735608024568,1.5468554878496557,0.024121270380697585,0.005309600348084801,-0.0026391177028866225,0.003518385596046715
379,12.633333,axial_advance_candidate,unknown_no_ground_truth,0.5138980695911608,0.11645804472491297,0.16723916672157627,0.0035812894704806697,0.4762962392951223,0.044504125,1.6434312,-2.187097,0.02462380353156002,1.5468554878496557,0.024023400727375233,0.00540443501698513,-0.0023487663197063334,0.0027035034763781764
380,12.666667,axial_advance_candidate,unknown_no_ground_truth,0.5138513338282563,0.11644549773629605,0.16718092689259462,0.001788965624829853,0.4762962392951223,0.044474576,1.6637971,-2.104435,0.02457365116398114,1.5468554878496557,0.02396468721087428,0.005436736007384418,-0.0003580456845682951,0.001752769606817989
381,12.7,axial_advance_candidate,unknown_no_ground_truth,0.5140142573474272,0.11646698939180536,0.1672138074046033,0.009096057345353476,0.4762962392951223,0.044474576,1.6475043,-2.170565,0.024579963089636166,1.5468554878496557,0.023999528379314888,0.005310105748319478,0.0027464514493357843,0.008671520262699057
382,12.733334,axial_advance_candidate,unknown_no_ground_truth,0.5144257419880981,0.11652745203031825,0.167357202392384,0.016073950982522605,2.749601505119004,0.044474576,1.6687859,-2.0841863,0.024660941282119785,1.4905872109841314,0.0241477870263434,0.005004638513471409,0.005720119132867394,0.015021722181372673
383,12.766666,axial_advance_candidate,unknown_no_ground_truth,0.5150090232462583,0.1166157498627873,0.16758342457306577,0.01990067732118811,2.749601505119004,0.044474576,1.7195358,-1.878201,0.02481157191886798,1.3384185847491434,0.024380866882530355,0.004602980680112892,0.007443540352645304,0.01845618229376248
384,12.8,axial_advance_candidate,unknown_no_ground_truth,0.5156479403216807,0.1167123864388924,0.1678390696301013,0.019673421072615292,2.749601505119004,0.044474576,1.7162983,-1.8913414,0.02500161035486188,1.166926287643622,0.02464402341896351,0.004213387005950765,0.007423910728167324,0.018218920006428087
385,12.833333,axial_advance_candidate,unknown_no_ground_truth,0.5162157594858396,0.11679709647915389,0.16806415018713095,0.015598018532198334,2.749601505119004,0.044474576,1.7300813,-1.8353986,0.025183164903984232,1.0757790875261724,0.024875794708517317,0.003922579788986431,0.005851429761038643,0.01445887104453297
386,12.866667,axial_advance_candidate,unknown_no_ground_truth,0.5166059033375868,0.11685428441768139,0.16821786163782446,0.009756173170965153,2.232642503972646,0.044474576,1.7149051,-1.8969961,0.02531481318771208,1.047567493204102,0.025034116244736025,0.003759360394243341,0.0036261933063742695,0.009057242242905215
387,12.9,axial_advance_candidate,unknown_no_ground_truth,0.5168159610647528,0.11688505476765568,0.16829880556213606,0.006904045073945647,2.232642503972646,0.044474576,1.6823696,-2.0290525,0.025386529803604556,1.0257058782510053,0.025117542859364985,0.0036857748408259177,0.0025745392232154082,0.006406058551964582
388,12.933333,axial_advance_candidate,unknown_no_ground_truth,0.5170310376683522,0.11691231051751505,0.16838441985786456,0.010325043310580645,2.232642503972646,0.044474576,1.7137911,-1.9015177,0.02546406844221046,1.0030000965491956,0.025205752147879477,0.00361785023035059,0.003956516267872134,0.00953690192816458
389,12.966666,axial_advance_candidate,unknown_no_ground_truth,0.5174493584660256,0.11696862728596669,0.1685549706353712,0.016957672922026077,2.232642503972646,0.044474576,1.7238721,-1.860601,0.025624675482838078,0.9740358834706248,0.025381307878237603,0.0035232377142163846,0.006558837898874321,0.015637912787412084
390,13.0,axial_advance_candidate,unknown_no_ground_truth,0.5180663513625241,0.11707187832296123,0.16880954531991846,0.021626400327107956,4.751710285665114,0.044474576,1.7866136,-1.6059436,0.025879806340477034,0.9285586023116785,0.025643010037224707,0.003492908881060038,0.008403373941787912,0.01992697913640738
391,13.033334,axial_advance_candidate,unknown_no_ground_truth,0.5187618524738165,0.11721085594867936,0.16910032601209699,0.02235484244245277,4.751710285665114,0.044437643,1.8995812,-1.1474267,0.026191913195891123,0.9111201971576636,0.025941540323218857,0.0036128662471652316,0.008718095410011319,0.020584795190839944
392,13.066667,axial_advance_candidate,unknown_no_ground_truth,0.5194119118015367,0.11737104176445075,0.16937614044398117,0.019358331636119254,4.751710285665114,0.044437643,1.8686147,-1.2731147,0.026508263864422014,0.9589153913068658,0.026224216315511552,0.0038702108137774294,0.007555324263110229,0.017823077147710305
393,13.1,axial_advance_candidate,unknown_no_ground_truth,0.5199129488643004,0.117524724652076,0.16959224261727954,0.013465520987764375,4.751710285665114,0.044422872,1.8706448,-1.2648747,0.026770428856105127,1.0002625442211968,0.026445226344460872,0.004160031818390188,0.0052256949044831875,0.01241017196646289
394,13.133333,axial_advance_candidate,unknown_no_ground_truth,0.5201940564131566,0.11764979618105476,0.16971735038923386,0.006638942773441938,3.1925483717157763,0.044422872,1.9141164,-1.0884309,0.026930777889262545,1.0182594063127777,0.026572598340931716,0.004377649498567177,0.0024501204910424906,0.006170289355322863
395,13.166667,axial_advance_candidate,unknown_no_ground_truth,0.5202689754831433,0.11773252174580218,0.1697533352880432,0.0022694180228418253,2.8546421778636266,0.044422872,1.8588165,-1.3128839,0.026983562914641372,1.0219225681020525,0.02660856492125658,0.0044829611195819,0.0005847279605907323,0.002192795333473396
396,13.2,axial_advance_candidate,unknown_no_ground_truth,0.5202660941423582,0.11777681274864066,0.16975694881749234,0.0009595516079490807,1.138416599344738,0.044422872,1.8643613,-1.2903786,0.026993178629388794,1.0276789332279839,0.026611581128887753,0.004522769321855475,9.587889808900996e-05,0.0009547494567785329
397,13.233334,axial_advance_candidate,unknown_no_ground_truth,0.5202713894946739,0.11779604335809477,0.1697604943422615,0.0011878955007395887,1.138416599344738,0.044415485,1.8529439,-1.3367198,0.026999833769021278,1.0362680555992518,0.02661495683360923,0.004542586961181847,0.0004342474927391133,0.0011056784504217998
398,13.266666,axial_advance_candidate,unknown_no_ground_truth,0.5203316243091194,0.11781095599234198,0.1697854328005297,0.0035247984616973145,1.138416599344738,0.044415485,1.8448269,-1.3696651,0.02703132020564587,1.0438561024663777,0.026640530317421834,0.004579783451942554,0.001376509914163903,0.0032449074951055603
399,13.3,axial_advance_candidate,unknown_no_ground_truth,0.5204856102154327,0.11783283845118928,0.16984980011925965,0.006444226063756847,1.138416599344738,0.044415485,1.8811541,-1.2222195,0.027110660429011606,1.0572915686191466,0.026706725217511874,0.004662481855566961,0.002546010986467313,0.00591995587969968
400,13.333333,axial_advance_candidate,unknown_no_ground_truth,0.5207242133563579,0.1178674207673292,0.16995051487452403,0.008611604421779174,1.8939685269537612,0.044415485,1.8474765,-1.3589112,0.027236257274230923,1.0811726710810143,0.026810263171309214,0.004798280837262193,0.0034147060758708135,0.007905663358164042
401,13.366667,axial_advance_candidate,unknown_no_ground_truth,0.5210102613966219,0.11790579466312562,0.17007120095480044,0.009663981494090486,1.8939685269537612,0.044400714,1.8416859,-1.3824142,0.02738885260300697,1.1416773879554807,0.026934372642294008,0.0049687842854450595,0.003839622838945987,0.008868474207707195
402,13.4,axial_advance_candidate,unknown_no_ground_truth,0.5213130511760977,0.1179472729153092,0.17019945302342154,0.009276635155066621,1.8939685269537612,0.044400714,1.897203,-1.1570796,0.027553946910399904,1.2136437607239805,0.027066237579647004,0.00516127635602288,0.003691067436193382,0.008510698031400874
403,13.433333,axial_advance_candidate,unknown_no_ground_truth,0.5215750640371286,0.11798440528260554,0.17031054778719673,0.00706518485303959,1.8939685269537612,0.044400714,1.8366894,-1.4026943,0.027699508249386256,1.2615010332390337,0.0271804430463706,0.005337253325524406,0.002821614461506574,0.006477293326555238
404,13.466666,axial_advance_candidate,unknown_no_ground_truth,0.5217424755771675,0.11801010414270388,0.17038248836734043,0.004755548124938252,1.476919149464534,0.044400714,1.8180991,-1.4781489,0.027794894775367472,1.2827669212166937,0.02725434620251382,0.005454978336095418,0.0018966139612003313,0.004360973910812091
405,13.5,axial_advance_candidate,unknown_no_ground_truth,0.521863762441577,0.11802934570429498,0.17043361120411105,0.0046152919025908,1.476919149464534,0.044393323,1.8210299,-1.4662534,0.02786367032624584,1.3065585541139422,0.02730688322680113,0.005542404937169409,0.0018339112826766001,0.004235290869986579
406,13.533334,axial_advance_candidate,unknown_no_ground_truth,0.5220229162517326,0.1180533566709103,0.17050146542216027,0.007511429008138756,1.476919149464534,0.044393323,1.860326,-1.3067569,0.027955193780206257,1.3213083634828746,0.02737660859484457,0.005658105790241551,0.0030258269225402223,0.006875022703899905
407,13.566667,axial_advance_candidate,unknown_no_ground_truth,0.5223193176702159,0.1180976843583581,0.1706299706146887,0.011780747717080115,1.476919149464534,0.044393323,1.8299766,-1.4299405,0.02812977224261174,1.3572158710871436,0.027508603066185057,0.005878847146191508,0.004778078945556946,0.010768285767173612
408,13.6,axial_advance_candidate,unknown_no_ground_truth,0.5227365381994169,0.11816007569416745,0.17081160446413812,0.01439545973050262,1.919140064634752,0.044393323,1.8595848,-1.3097655,0.028380770259361705,1.4726069820084755,0.027695148429675204,0.006200554327874971,0.005851347052753505,0.013152604248617665
409,13.633333,axial_advance_candidate,unknown_no_ground_truth,0.5231909731034383,0.11822792869807261,0.17100979722475007,0.014540474373257091,1.919140064634752,0.04438594,1.875987,-1.2431915,0.028660363368528063,1.5909493456504644,0.02789869202985035,0.006563490796796314,0.005918191588328445,0.013281581356268713
410,13.666667,axial_advance_candidate,unknown_no_ground_truth,0.523616413913141,0.11829372921801164,0.17119581825529287,0.012116547278370823,1.919140064634752,0.04438594,1.9415207,-0.97720134,0.028928316864586523,1.7189946273935157,0.028089693781959905,0.006914956243798224,0.004942799459863099,0.011062524641715943
411,13.7,axial_advance_candidate,unknown_no_ground_truth,0.5239230156661725,0.11834443806328979,0.17133078974845778,0.007435572897321828,1.919140064634752,0.04438594,1.8958925,-1.1623986,0.0291259575329465,1.7735716082731439,0.028228213199647967,0.0071756102016639275,0.003041456670627948,0.006785078159614646
412,13.733334,axial_advance_candidate,unknown_no_ground_truth,0.5240642570406511,0.1183718104078772,0.17139344791545158,0.00360628457704074,1.092428461793125,0.04438594,1.8944234,-1.1683615,0.02921895121438866,1.787419968212295,0.028292455222994606,0.007299595024634562,0.0014895222904622906,0.0032842977631173885
413,13.766666,axial_advance_candidate,unknown_no_ground_truth,0.5241386271935442,0.11838828130620599,0.17142770027004156,0.002382156388854619,1.092428461793125,0.044371165,1.8984623,-1.1519682,0.02926966783335141,1.7996442759357956,0.028327515444427038,0.00736650010659566,0.001191226128591885,0.0020629225316334274
414,13.8,axial_advance_candidate,unknown_no_ground_truth,0.5241991989805533,0.11840236274782784,0.17147140844224543,0.003775477990342016,1.092428461793125,0.044371165,1.8573719,-1.3187472,0.029326471617215955,1.8073263506577435,0.02837187046986836,0.00742151625723373,0.0018556156629465773,0.003287997044856385
415,13.833333,axial_advance_candidate,unknown_no_ground_truth,0.5243555593556308,0.11842814677827888,0.17154895120991365,0.006116828968536534,1.092428461793125,0.044371165,1.8108027,-1.507764,0.02943781504934025,1.8388313731391404,0.02845122205461527,0.007557308944203416,0.002076858450917172,0.005753455970560794
416,13.866667,axial_advance_candidate,unknown_no_ground_truth,0.5245804886730543,0.11845688942899632,0.17160533950618656,0.0070228024479460785,1.092428461793125,0.044371165,1.7905222,-1.5900791,0.029544635239886357,1.912752984510407,0.028510326970056406,0.007748982353729354,0.0010050594793144687,0.006950511467936555
417,13.9,axial_advance_candidate,unknown_no_ground_truth,0.5248179385977144,0.11846889937892688,0.1716101320403751,0.006908079044559264,1.092428461793125,0.04436378,1.7562213,-1.7293007,0.029603493796183107,1.975214966021335,0.028518227439547583,0.007942137536386982,-0.0012949028444882702,0.006785630605125438
418,13.933333,axial_advance_candidate,unknown_no_ground_truth,0.5250310377707911,0.11848129199744897,0.1715131153844237,0.007206816615370593,1.2134695822828283,0.04436378,1.6897799,-1.9989754,0.029560762734566145,2.0565606493180666,0.02842399725553029,0.008118809855324923,-0.004261249251594534,0.0058120530403091356
419,13.966666,axial_advance_candidate,unknown_no_ground_truth,0.5251994502963191,0.1185120792818958,0.17132130727418782,0.007943487024245723,1.4273838479954697,0.04436378,1.685723,-2.015442,0.0294211383806021,2.087391650664324,0.028234147181301003,0.008272624526422728,-0.006450819978816329,0.004635289387434646
420,14.0,axial_advance_candidate,unknown_no_ground_truth,0.5253218252473537,0.11857305737608534,0.17108014684219874,0.008345956339277124,1.2134695822828283,0.04436378,1.6856526,-2.0157273,0.029229387362680558,2.1035256623214718,0.027993941541178544,0.008408110524172962,-0.007204275232165384,0.004213479037129342
421,14.033334,axial_advance_candidate,unknown_no_ground_truth,0.5254298657506975,0.11866888879480038,0.17083974157549223,0.007500134885283623,1.0836860204182308,0.04436378,1.7324104,-1.8259451,0.029041815782352678,2.134783825554031,0.027753855722704425,0.008552809857550678,-0.006056178752838007,0.004424332967931082
422,14.066667,axial_advance_candidate,unknown_no_ground_truth,0.5255236293682134,0.11878791150419823,0.17067626197414063,0.007507754834137313,1.0836860204182308,0.04436378,1.7679404,-1.6817349,0.02892926554256478,2.1347222345207824,0.02759019450800286,0.00869963055783375,-0.006796652106844337,0.003189342061937013
423,14.1,axial_advance_candidate,unknown_no_ground_truth,0.5254987456400395,0.11887349858690274,0.17038817814010473,0.014224561650397878,1.2134695822828283,0.04436378,1.7093517,-1.9195368,0.028663257192501148,2.133659496326131,0.027300742396985597,0.008732226374579504,-0.013623713828279324,0.0040905471114657446
424,14.133333,axial_advance_candidate,unknown_no_ground_truth,0.5252488684443561,0.11887380863375097,0.16977272061733412,0.028090230832723266,1.4273838479954697,0.04436378,1.7659749,-1.6897126,0.028014315932893663,2.129507039582915,0.026681957226356235,0.008536688805320016,-0.025679847748108543,0.011384484523668225
425,14.166667,axial_advance_candidate,unknown_no_ground_truth,0.5247282002218002,0.11876126343898091,0.16868504771250023,0.03964895271174041,2.4177695249638944,0.04435639,1.7528198,-1.743107,0.02682929607946973,2.097657045593764,0.025588740587827202,0.008063962006900486,-0.03603429235877657,0.01653992821447674
426,14.2,axial_advance_candidate,unknown_no_ground_truth,0.5241602023094202,0.11858579265932645,0.16738135118385092,0.04238777639053195,2.990067409263462,0.04435639,1.5510659,-2.5619924,0.02541784923140926,1.9033018222114866,0.02427967955372159,0.007520918848069438,-0.038937387181632574,0.016751222844955924
427,14.233334,axial_advance_candidate,unknown_no_ground_truth,0.5236519199971936,0.11838882621546404,0.16609886748151384,0.03777585880190309,2.990067409263462,0.04435639,1.5644921,-2.5074978,0.024038765238643976,1.7428047448417625,0.022992917871145577,0.0070134130043362245,-0.0350212266642006,0.014160832996543814
428,14.266666,axial_advance_candidate,unknown_no_ground_truth,0.5232838066044742,0.11819291613066588,0.1650532841581026,0.0270413066221793,2.990067409263462,0.04435639,1.2841544,-3.6453419,0.022919398021039306,1.725868188146845,0.02194492652275849,0.006612034902929004,-0.02537893199208776,0.009334991953703145
429,14.3,axial_advance_candidate,unknown_no_ground_truth,0.5231233489287768,0.1180469109749326,0.16440961451446323,0.0128240807009581,2.990067409263462,0.04434162,1.9398564,-0.98395634,0.0222405390242653,1.7159240797228013,0.021301002227773487,0.006396005017372681,-0.012101107675868144,0.004245025187408324
430,14.333333,axial_advance_candidate,unknown_no_ground_truth,0.5231697201881238,0.11793947984690811,0.16424476875066465,0.004151806239622664,0.6174610375166142,0.04434162,1.9536318,-0.9280445,0.02207348714008927,1.7067738675766235,0.021138173033992493,0.006357395324240815,-0.0014092680627258354,0.003905311585360463
431,14.366667,axial_advance_candidate,unknown_no_ground_truth,0.5232536922344528,0.1178235136871841,0.16431105337558594,0.0046692611420453035,0.5374043916288258,0.04434162,3.5908797,5.7172728,0.022135353375158286,1.705866002928929,0.021207057724769007,0.006343072733419246,0.0023889061873306815,0.0040118732333845495
432,14.4,axial_advance_candidate,unknown_no_ground_truth,0.5232821768921752,0.11769385093258852,0.16439942158158538,0.004057470920672752,0.5239158565273032,0.04434162,3.775669,6.4673023,0.022204158490218544,1.705866002928929,0.021297432697567283,0.0062804470184323995,0.0005174799270633656,0.004024336566092787
433,14.433333,axial_advance_candidate,unknown_no_ground_truth,0.5232142571457604,0.11755778979677961,0.16434275212964988,0.004233880872275071,0.4716597887212997,0.04432685,3.6633644,6.011476,0.022111571352416266,1.7007157258187777,0.021241552151453486,0.00614150224864223,-0.0013298240385847676,0.004019616308432786
434,14.466666,axial_advance_candidate,unknown_no_ground_truth,0.5231867939398167,0.11744408767803678,0.16430891808037498,0.0033261104858425547,0.23493968399544563,0.04432685,4.310772,8.639195,0.02205445456415402,1.690785987649014,0.021208777202967124,0.006048697023098123,-0.0010164563872494148,0.003166990271038366
435,14.5,axial_advance_candidate,unknown_no_ground_truth,0.523151393178238,0.11735680556258832,0.16427331115461302,0.0028264314332809787,0.22326084724587805,0.04432685,4.7486167,10.416335,0.02199845806539616,1.6852639270158218,0.021173788375778484,0.005966811801350991,-0.0010900173277192545,0.002607791569951583
436,14.533334,axial_advance_candidate,unknown_no_ground_truth,0.5231022959323471,0.11729251345790467,0.16423548992782683,0.0023025016521141576,0.23493968399544563,0.04431207,5.210371,12.290519,0.021941077267570455,1.6793850231888896,0.02113610840626593,0.00588861555037104,-0.0010247184874701254,0.002061908310140236
437,14.566667,axial_advance_candidate,unknown_no_ground_truth,0.5230465098615569,0.11726771617537286,0.16420530391445398,0.0018396779380613114,0.23493968399544563,0.04431207,5.5938153,13.846856,0.021895755638631928,1.6748360060678125,0.02110547369133317,0.005829502144362335,-0.0007608355218205466,0.0016749758877445298
438,14.6,axial_advance_candidate,unknown_no_ground_truth,0.522996983104647,0.11725411934333996,0.16418572209339827,0.0016596102885611563,0.21654727379515754,0.04431207,5.826583,14.79162,0.021863849502936662,1.6694024098048095,0.021085386370480998,0.005782248411699196,-0.0005582227153410279,0.0015629119328917206
439,14.633333,axial_advance_candidate,unknown_no_ground_truth,0.5229460529728986,0.11723875354843966,0.16416909756207387,0.0016665664351532595,0.21654727379515754,0.04431207,6.01702,15.564574,0.021834311003191477,1.6612522464972734,0.021068258812252293,0.005732853356230385,-0.00046049127457817887,0.001601683947855134
440,14.666667,axial_advance_candidate,unknown_no_ground_truth,0.5228937257662761,0.11722577552243439,0.16415607868287801,0.0014838771022511925,0.27514051752664315,0.044304688,6.3156524,16.77667,0.02180841071532297,1.6482781210927442,0.021054687065390158,0.0056839185872693656,-0.00037991538267191817,0.0014344181944588705
441,14.7,axial_advance_candidate,unknown_no_ground_truth,0.5228529817301484,0.11721570300916742,0.16414475341745735,0.0014253875950143756,0.28640339115244995,0.044304688,6.316368,16.77958,0.021787178484135323,1.6424664228597818,0.021042931110072213,0.005645900866675233,-0.0003043306646220063,0.0013925202485391708
442,14.733334,axial_advance_candidate,unknown_no_ground_truth,0.5228027079079607,0.11720644254907966,0.1641367930737144,0.0018739851164178598,0.4400224880532989,0.044304688,6.307824,16.7449,0.021767353840585354,1.6293132127770333,0.02103439844819059,0.005601051253470484,-0.000276470143043607,0.0018534790197250973
443,14.766666,axial_advance_candidate,unknown_no_ground_truth,0.5227310974881065,0.11719420748233741,0.1641277220952973,0.0021818731813098274,0.44712897146080716,0.044304688,6.3193564,16.791706,0.021741631333874068,1.6159996556281573,0.021024499841651834,0.005537954447851357,-0.0002782621730596392,0.0021640565478663436
444,14.8,axial_advance_candidate,unknown_no_ground_truth,0.5226603492583889,0.11718182224394165,0.16411988404210576,0.0021380397691659345,0.4573579301809551,0.044289913,6.4113364,17.165037,0.02171747298953113,1.607656973024427,0.021015847672214785,0.005475653355470788,-0.00031718222508814024,0.002114381585859861
445,14.833333,axial_advance_candidate,unknown_no_ground_truth,0.5225916572378937,0.11717202395666754,0.16410820864133657,0.003272957987668121,0.6961435198336825,0.044289913,6.13273,16.034222,0.021690620425772928,1.5683834500458573,0.021003354507826637,0.005416836149775652,-0.00033800912029309234,0.003255457544438146
446,14.866667,axial_advance_candidate,unknown_no_ground_truth,0.522445563441148,0.11714899067769233,0.1640998824119722,0.005336559164144897,1.1589890435675674,0.044289913,6.270957,16.595263,0.021649827217934747,1.535062592528392,0.020993313804728853,0.005291105183476231,-0.0002481591020167703,0.005330786130816459
447,14.9,axial_advance_candidate,unknown_no_ground_truth,0.5222414133868302,0.1171108354054952,0.16409570110675553,0.0074107962589241615,1.362073457262297,0.044289913,6.3150434,16.774202,0.02160075434279482,1.5153820894064427,0.020986810500051488,0.00511335244362227,0.0008161389149496069,0.007365719140911445
448,14.933333,axial_advance_candidate,unknown_no_ground_truth,0.5219619332074339,0.11706782812076974,0.1641599225285244,0.01111495181910378,2.3385034117440027,0.044289913,6.0718837,15.787255,0.021606086394243086,1.4498068677783047,0.021047724924884936,0.004880189008826772,0.0022958481835245776,0.010875257930697796
449,14.966666,axial_advance_candidate,unknown_no_ground_truth,0.5215274512108011,0.11699566343228268,0.16425713752027926,0.019754875141509337,3.844933182475929,0.044289913,6.133995,16.039356,0.021618778475189507,1.3083184198969255,0.02113986602404552,0.004525223446938631,-0.000529075460769584,0.019747789015822376
450,15.0,axial_advance_candidate,unknown_no_ground_truth,0.5206589154321437,0.11687743342657556,0.16414013467726982,0.03115082763795904,5.222859089869624,0.044289913,5.978758,15.409273,0.021369501443178056,1.210090987941652,0.021012446961674543,0.0038900725716628113,-0.005991845126999526,0.03056913238062024
451,15.033334,axial_advance_candidate,unknown_no_ground_truth,0.5195016170368331,0.11673439891350623,0.16388213608526708,0.03701124918280612,5.222859089869624,0.044289913,5.182795,12.178593,0.02099139743161915,1.0424183271251946,0.020740404323459357,0.003236416943413717,-0.009304598982972324,0.03582257673364434
452,15.066667,axial_advance_candidate,unknown_no_ground_truth,0.5182825152262011,0.1165759640386436,0.1635485606067129,0.03672588092820944,5.222859089869624,0.044289913,3.1300673,3.8469121,0.02059811130411784,0.8454153647022546,0.02039214315276821,0.0029056302128515677,-0.010623406197779574,0.03515584689223112
453,15.1,axial_advance_candidate,unknown_no_ground_truth,0.5171729190683447,0.11640477045582195,0.16320161454971793,0.03206399441586769,3.844933182475929,0.044289913,5.7499366,14.480526,0.020256836808903993,0.7850698704462308,0.020032177566434578,0.0030085377593446917,-0.01005018186375558,0.030448211481238645
454,15.133333,axial_advance_candidate,unknown_no_ground_truth,0.5162733523959003,0.11623792421181084,0.162901766222804,0.02331175875517098,3.0663576690538386,0.044289913,3.1921706,4.098979,0.02000493961061431,0.8057480348175822,0.019722130257005345,0.003351893039767167,-0.007455340988517318,0.022087462212853345
455,15.166667,axial_advance_candidate,unknown_no_ground_truth,0.5157265966183239,0.11610149739752726,0.16272055339762634,0.01174961326999809,1.8411421585072847,0.044289913,2.5604756,1.5350337,0.019870245598480187,0.8206082273728126,0.019535158811435208,0.003633762561853303,-0.0025449903134798207,0.011470677238019082
456,15.2,axial_advance_candidate,unknown_no_ground_truth,0.5155471342222997,0.11599361037226547,0.16273896298883672,0.004307614697975191,1.498015146960021,0.044260368,2.3849986,0.82280165,0.019899806562776363,0.8355253397733028,0.01955245857130683,0.0037018461682310952,0.002196081438900487,0.0037057753169787103
457,15.233334,axial_advance_candidate,unknown_no_ground_truth,0.5155776570653785,0.11590408857012535,0.16286654868584952,0.003185748845605786,0.8658161790448635,0.044260368,2.3891165,0.8395158,0.020012597548827806,0.8445270932811132,0.019681567282312476,0.003624909648964489,0.002202320632896322,0.0023019078038005215
458,15.266666,axial_advance_candidate,unknown_no_ground_truth,0.5155356705820431,0.11583890563710694,0.16288402391818207,0.002141285693788549,0.7535320064077756,0.044260368,2.3383734,0.633558,0.02002901172802931,0.8534093373852114,0.019699283011439365,0.0036193313797926994,0.0005442717580120663,0.002070959361227053
459,15.3,axial_advance_candidate,unknown_no_ground_truth,0.5155168740824403,0.11577991626814554,0.16290211209916927,0.0021189763450828987,0.6288293107374637,0.044260368,2.1439145,-0.15571864,0.020043816648255885,0.8527672362198663,0.019717852038337234,0.003600124556614673,0.000583531725999635,0.002037044789829808
460,15.333333,axial_advance_candidate,unknown_no_ground_truth,0.5155293259242778,0.11570279781892617,0.16292130742284805,0.00270992188446294,0.3593213536574719,0.044245597,1.9099332,-1.1054096,0.02005415969134423,0.8523413454675772,0.019738185056591757,0.0035458950347794682,0.0006276373392230692,0.002636237468496372
461,15.366667,axial_advance_candidate,unknown_no_ground_truth,0.5155557636020374,0.1156078887146296,0.16294126351268473,0.0028809045254346902,0.27104206114009666,0.044245597,1.6630437,-2.107493,0.02006224857482667,0.8520348515974634,0.01975969450371663,0.0034710648219135293,0.0005271097855795905,0.002832272260679809
462,15.4,axial_advance_candidate,unknown_no_ground_truth,0.5155878669753493,0.11552271125029871,0.16295338484496968,0.002451491523830944,0.17334186246821556,0.044245597,1.7443793,-1.7773656,0.020063131486975905,0.8482831282039232,0.01977332591850132,0.0033977679709491755,0.00033046210862658864,0.0024291161944577765
463,15.433333,axial_advance_candidate,unknown_no_ground_truth,0.5156012703881515,0.11545212971884326,0.16296071346172497,0.0018034232499554482,0.11048232523280678,0.044245597,1.8175668,-1.4803097,0.020063183215241604,0.8461226173248169,0.01978172512259394,0.0033488314234204767,0.00017595542975848975,0.0017948189616834274
464,15.466666,axial_advance_candidate,unknown_no_ground_truth,0.5156035532486869,0.11540393227377471,0.16296340761973843,0.001136843097663471,0.17334186246821556,0.04423821,1.9492759,-0.9457244,0.020061961365080153,0.8459740420400925,0.01978505643195227,0.0033217218123185216,0.00018792410912131941,0.0011212032634255195
465,15.5,axial_advance_candidate,unknown_no_ground_truth,0.5156245307308547,0.11538089140655101,0.16297202839473968,0.0013153531814778655,0.27104206114009666,0.04423821,1.9930602,-0.7680109,0.020066136701225742,0.8457104443043252,0.019794253534748115,0.003292015965087428,0.0004028769810978318,0.0012521358273467936
466,15.533334,axial_advance_candidate,unknown_no_ground_truth,0.5156780763586115,0.11536528957228753,0.16298876165930828,0.00151370156440301,0.27104206114009666,0.04423821,1.9643162,-0.88467795,0.02007484723926876,0.843848935261812,0.019811915257670447,0.0032384418325579877,0.0004684497766402163,0.001439391271629035
467,15.566667,axial_advance_candidate,unknown_no_ground_truth,0.5157113659616571,0.11533879406123704,0.16300154193627728,0.0024141303068269866,0.525375248512891,0.04423821,1.824067,-1.4539263,0.02008151548122389,0.8368367381537184,0.019825483624849687,0.0031964766639929715,0.0007081614206048182,0.002307928192277118
468,15.6,axial_advance_candidate,unknown_no_ground_truth,0.5158145065277162,0.11529237981753573,0.16303319051283027,0.0061485480789688265,0.8151314786365398,0.04423821,1.3501866,-3.3773282,0.020097292034978204,0.8165253009948175,0.01985912653069196,0.003084840445981774,0.0018261579190035704,0.005871097915573525
469,15.633333,axial_advance_candidate,unknown_no_ground_truth,0.5160876048072058,0.1152239000671501,0.16311669363864342,0.010722644242946597,1.1904018928583167,0.04423821,1.2836655,-3.647326,0.020145435085845372,0.8034881807437442,0.019947225829672892,0.0028189956541364728,0.0030851101540491544,0.01026923536093017
470,15.666667,axial_advance_candidate,unknown_no_ground_truth,0.5164855720948278,0.11514135645182316,0.16322778641061658,0.013469941652654607,1.6224638354621015,0.04423821,1.2831718,-3.6493301,0.02021351153207747,0.7963221667245616,0.020064801170453738,0.002447407290907507,0.003703244097945933,0.012950880714335537
471,15.7,axial_advance_candidate,unknown_no_ground_truth,0.5169401810203005,0.115065430141337,0.16334991843396107,0.014789738460112039,2.6839626620615715,0.04423821,0.9310743,-5.078435,0.020297961595228876,0.768466655032831,0.020194108216133943,0.0020506677635487207,0.004272136269018061,0.014159280187123131
472,15.733334,axial_advance_candidate,unknown_no_ground_truth,0.5174264257029884,0.11502385576891534,0.16349824825465048,0.015534623473374224,2.760451873346695,0.04423821,1.0456393,-4.6134353,0.02041998395512457,0.7924972931516806,0.020349610715193617,0.0016938383829698418,0.004960592926814297,0.014721312586653046
473,15.766666,axial_advance_candidate,unknown_no_ground_truth,0.5179245627846238,0.1150074632737793,0.16366643535252595,0.01402797980891141,2.760451873346695,0.04423821,1.3244123,-3.4819415,0.020574926768766554,0.8191943440450838,0.020524813549958613,0.001435144689410013,0.003198766839694798,0.013658407968152625
474,15.8,axial_advance_candidate,unknown_no_ground_truth,0.5183388273749986,0.11497872508256282,0.16369843629741537,0.009906390048232162,2.760451873346695,0.04423821,1.4410398,-3.0085702,0.020604580017963076,0.8506763018948656,0.020562857692591707,0.0013105728636231787,-0.003982276628262116,0.009070724152112141
475,15.833333,axial_advance_candidate,unknown_no_ground_truth,0.5185249918398939,0.11498419679065044,0.16339237709185014,0.015727255218981707,2.6839626620615715,0.04423821,1.6734447,-2.065277,0.020301593056162495,0.8947000135424706,0.020259338484532756,0.0013091542258860263,-0.015200555088960382,0.004036047783471852
476,15.866667,axial_advance_candidate,unknown_no_ground_truth,0.5185910556524655,0.1150309187107905,0.16268207289798536,0.025361865178389863,2.413009887448926,0.044223435,1.6389469,-2.2052982,0.01959625295812584,0.9319581575544654,0.01954947667649751,0.0013531783599864285,-0.025251956428153224,0.0023585804793297524
477,15.9,axial_advance_candidate,unknown_no_ground_truth,0.5186270892752886,0.11510048636506448,0.16170869176598876,0.03137597870073096,1.4006746727908597,0.044223435,1.7459832,-1.7708553,0.01862979532958747,0.9325704110538594,0.018575883891163276,0.0014162668125532565,-0.031312414413620406,0.001996182110534855
478,15.933333,axial_advance_candidate,unknown_no_ground_truth,0.5186193161424515,0.11517746686588642,0.16059567030945102,0.03222911818373755,0.9573922302006085,0.044223435,1.4970787,-2.7811177,0.01752455946105271,0.9079641210648858,0.017461980341190415,0.0014796712026160948,-0.032172561662212384,0.0019084902390275882
479,15.966666,axial_advance_candidate,unknown_no_ground_truth,0.5185870476622231,0.11525424492465286,0.15956596638113674,0.02666055080316818,0.8688939594751355,0.04423082,1.4781901,-2.8577833,0.016503108957155264,0.8989031899330205,0.016431046136137935,0.001540560976996652,-0.02659794578231316,0.0018259926860316224
480,16.0,axial_advance_candidate,unknown_no_ground_truth,0.5185779608848753,0.11532029704395674,0.15882454121565293,0.016254882645063425,0.7870382313744624,0.04423082,1.4781396,-2.857988,0.015769865505727128,0.8983870849129636,0.01568879388869286,0.0015969985556774987,-0.016090394047776915,0.0023066055562339163
481,16.033333,axial_advance_candidate,unknown_no_ground_truth,0.5186693965861385,0.11538699478937742,0.15849361612935092,0.00673943261854489,0.7870382313744624,0.04423082,1.5074567,-2.738995,0.015449174267291583,0.9057537187245513,0.015358342458145253,0.0016728127448932264,-0.005613593507745052,0.0037292787439006797
482,16.066668,axial_advance_candidate,unknown_no_ground_truth,0.5188065650138605,0.11540960898317915,0.1584482229182521,0.0039060904762699324,0.5956696750691607,0.04423082,1.7856057,-1.6100345,0.015411192621592597,0.9140559519380911,0.015314555773432232,0.0017231481312596322,0.000282328961326898,0.0038958738642829215
483,16.1,axial_advance_candidate,unknown_no_ground_truth,0.5189272377795386,0.1154201857281123,0.15850932260938014,0.0039428865101578114,0.5506839117922477,0.04423082,1.6870279,-2.0101452,0.015478387868480721,0.9291239679950123,0.015377168486901923,0.0017672521983467912,0.0018189726733663053,0.0034982413360903335
484,16.133333,axial_advance_candidate,unknown_no_ground_truth,0.5190393389785315,0.11543921039146096,0.15856668315403377,0.0037407964109452733,0.5340437860438457,0.04423082,1.802142,-1.5429162,0.015543097434085704,0.9911047435857246,0.015435818760287283,0.0018230131774193963,0.001807434192979395,0.0032751701369837204
485,16.166666,axial_advance_candidate,unknown_no_ground_truth,0.5191440287143765,0.11545585796166061,0.15862730933165453,0.0031733059663257464,0.5340437860438457,0.0955306,2.1381748,-0.17901509,0.015611126228021653,0.9945131187329797,0.015497662253517471,0.00187875671206394,0.001381716375009667,0.0028566992517499498
486,16.2,axial_advance_candidate,unknown_no_ground_truth,0.5192290118121107,0.11546553859703168,0.1586565298934562,0.0023063027911147697,0.5340437860438457,0.0955306,2.1104388,-0.2915907,0.015646604943156974,1.0030746977207683,0.015527922669771358,0.0019235030046311583,0.0008882845558531102,0.00212837569807039
487,16.233334,axial_advance_candidate,unknown_no_ground_truth,0.5192862596096964,0.11546699064190749,0.15868473648489512,0.001275313346326529,0.5340437860438457,0.0955306,2.2128205,0.123959646,0.015678715921656754,1.0165523399444676,0.015556892034228536,0.0019507032545648013,0.0005652039362062731,0.0011432272922807193
488,16.266666,axial_advance_candidate,unknown_no_ground_truth,0.5193054106096116,0.11545804391019034,0.158693072794167,0.000517050344704114,0.46537399870610163,0.0955306,2.30791,0.50991184,0.01568748949948399,1.0304818477345066,0.015565602354843154,0.0019517556525655963,-0.00018567036100900202,0.00048256354607598573
489,16.3,axial_advance_candidate,unknown_no_ground_truth,0.5193148555139888,0.11545275432267739,0.15867178474578253,0.0026301448613797462,0.46537399870610163,0.0955306,2.2154918,0.13480178,0.015666529932385483,1.038160912724907,0.01554451419981901,0.0019514708334882923,-0.002588098172143415,0.00046841204424117737
490,16.333334,axial_advance_candidate,unknown_no_ground_truth,0.5192934651387268,0.11543047350732835,0.15852030043657678,0.00708969368117372,0.5340437860438457,0.0955306,2.161764,-0.083270706,0.01551244885995285,1.054449204414345,0.015393042766043682,0.001921016406854121,-0.0070044310002983215,0.0010962220828529341
491,16.366667,axial_advance_candidate,unknown_no_ground_truth,0.519291414629465,0.1153875763095756,0.1582042566220197,0.011450601857664767,0.5624867955065048,0.0955306,2.3334134,0.6134259,0.01519444046793402,1.05887341589057,0.015077565198777974,0.001880970177910944,-0.011293907114473659,0.0018878413578468666
492,16.4,axial_advance_candidate,unknown_no_ground_truth,0.519291548856146,0.11531438373981975,0.15776582003829492,0.015656434696592135,0.5149497715986469,0.0955306,2.2144463,0.1305584,0.014752282947781005,1.0574235452101637,0.014640127161528236,0.0018156345628108678,-0.015558157633252016,0.0017514789372230764
493,16.433332,axial_advance_candidate,unknown_no_ground_truth,0.5193013592630891,0.11528640535758924,0.15716547275413784,0.019993050399112918,0.7247689167260768,0.0955306,2.3022656,0.4870025,0.014154573529783146,1.0575167546944673,0.014040370582171446,0.0017944207213840247,-0.019966834340989448,0.0010235187643388064
494,16.466667,axial_advance_candidate,unknown_no_ground_truth,0.5193322532644169,0.11536538884248959,0.15643451452988444,0.023290223065744423,0.7914865041397224,0.0955306,2.6273584,1.8065001,0.013440441528158995,1.0887246610176418,0.013308969674604432,0.0018753118866792614,-0.022913239056919298,0.004173483721377356
495,16.5,axial_advance_candidate,unknown_no_ground_truth,0.5193974429342898,0.11555804511890819,0.1556397499238725,0.02470532820579604,1.5340711847102095,0.22475874,2.70489,2.121188,0.01268305702248351,1.0871429832450283,0.012512814380801603,0.002071089497625065,-0.02361459378976241,0.0072597659673446615
496,16.533333,axial_advance_candidate,unknown_no_ground_truth,0.5194656996525692,0.11584364267781067,0.15486414410304877,0.023494755754487704,1.5340711847102095,0.22475874,2.585569,1.6368834,0.011967649841872376,1.120880879300561,0.011734687543682742,0.0023498406307247846,-0.02158325760385018,0.009282593342858258
497,16.566668,axial_advance_candidate,unknown_no_ground_truth,0.5195130876528142,0.11617996061205574,0.15420683087493453,0.020248079121378867,1.5340711847102095,0.22475874,2.5526416,1.503237,0.01139046607189784,1.1600364253355564,0.011073908280052563,0.002666696971918465,-0.017659160956158295,0.009906500009090661
498,16.6,axial_advance_candidate,unknown_no_ground_truth,0.519557012732262,0.1165100684297736,0.1536937788785489,0.015452987343869054,1.0633476900967056,0.22475874,2.5839713,1.6303988,0.010970123153739141,1.192894232676225,0.010557395814456394,0.0029807709783044828,-0.012755123733929131,0.008723625185777696
499,16.633333,axial_advance_candidate,unknown_no_ground_truth,0.5196007031885532,0.11676365483719374,0.1533624954272793,0.008732672216062451,1.0633476900967056,0.045176305,2.542324,1.4613597,0.010721144188840504,1.2140186864340732,0.010223579726837087,0.0032282116236260366,-0.006634956499586743,0.0056777562717838384
500,16.666666,axial_advance_candidate,unknown_no_ground_truth,0.5196395285816481,0.11688361512375592,0.15325494518397428,0.003491027998842198,1.0633476900967056,0.045176305,2.526776,1.3982531,0.010656346517722315,1.2345492620399143,0.010115072158596175,0.003353063723248491,-0.0014473990780418855,0.003176840001886098
501,16.7,axial_advance_candidate,unknown_no_ground_truth,0.5196830838554614,0.11695939034072611,0.1532673128392042,0.0033996707922656438,1.0633476900967056,0.045176305,2.9278884,3.0263014,0.010695385381169042,1.2440528707365814,0.010127082439564332,0.0034399810630281378,0.0019239540782558411,0.0028028846213404546
502,16.733334,axial_advance_candidate,unknown_no_ground_truth,0.5197340913776798,0.11704421238312501,0.15338395847991765,0.0030078300847458193,1.0633476900967056,0.045176305,2.7026665,2.112163,0.010837404958495514,1.2451429010220196,0.010243341135578518,0.003538828706590387,0.0014871607914658622,0.002614458758333868
503,16.766666,axial_advance_candidate,unknown_no_ground_truth,0.5197598534740517,0.11711527777158284,0.1533673797025709,0.007372238181218121,1.0679372856379041,0.039909672,2.9454067,3.097405,0.010846097423453188,1.2876529828361676,0.010226224973230384,0.0036141599460894243,-0.007252219008419046,0.001324845370047289
504,16.8,axial_advance_candidate,unknown_no_ground_truth,0.5196933372265127,0.11713174667647527,0.15290206166847783,0.0202532942703866,1.5657444852996667,0.039909672,2.786439,2.4521816,0.010402749757077683,1.3321630604077643,0.00975986727631468,0.0036003046061551082,-0.02006402961652576,0.0027623620961148006
505,16.833334,axial_advance_candidate,unknown_no_ground_truth,0.5195617549705136,0.11709185627364374,0.15203192053039954,0.03327075460235997,1.5657444852996667,0.039909672,2.8635395,2.7651196,0.00955595030526378,1.3599738755064688,0.00888857234414498,0.0035084851317302066,-0.03291731060545492,0.004836711105127322
506,16.866667,axial_advance_candidate,unknown_no_ground_truth,0.5193890540154558,0.11698967852047282,0.15070959048769006,0.04466821713423661,1.5657444852996667,0.039909672,2.9536266,3.1307685,0.008271242377170732,1.413145819467324,0.007565385918428441,0.003343409392693271,-0.044213380846143,0.006358189687735343
507,16.9,axial_advance_candidate,unknown_no_ground_truth,0.5191960211536941,0.11685714780692502,0.1490859648172147,0.048454552646037444,1.4416591835509032,0.03990229,2.9227207,3.0053263,0.0067218079396493295,1.4421495124203245,0.005941058783954309,0.0031442841002574983,-0.04809292537454734,0.005908823998549543
508,16.933332,axial_advance_candidate,unknown_no_ground_truth,0.5190656698345814,0.11675229922825157,0.14750434248761174,0.042632769534427066,1.1043464972870762,0.03990229,2.9552152,3.1372163,0.005288079587807156,1.4711891607663772,0.004359240019203846,0.0029934615718185424,-0.042497541947777766,0.0033929289076609806
509,16.966667,axial_advance_candidate,unknown_no_ground_truth,0.5190080761401302,0.11672261327465326,0.14625316384352266,0.029286267452456223,1.1043464972870762,0.03990229,3.1413503,3.8927076,0.004277236082955745,1.4703803061219372,0.0031078610329766687,0.002938698403893091,-0.029286164811890367,7.753649199694718e-05
510,17.0,axial_advance_candidate,unknown_no_ground_truth,0.5190413793922826,0.11678139230493145,0.14555224409604123,0.01481103558805353,1.1043464972870762,0.03990229,3.1637254,3.9835243,0.003844956146979281,1.4807494290807333,0.0024067806228225204,0.0029985154336437552,-0.0144624271402444,0.0031945228757531874
511,17.033333,terminal_settle_candidate,unknown_no_ground_truth,0.5191436862445907,0.11688705279974859,0.14528905642697787,0.006534507008553919,1.1043464972870762,0.03990229,3.533069,5.4826283,0.0037914104780290623,1.5089371924253092,0.0021437139966421223,0.003127184630543777,-0.00485720141872643,0.0043711984881451265
512,17.066668,terminal_settle_candidate,unknown_no_ground_truth,0.5192567094434384,0.11697679168797939,0.14522787430795497,0.004050522733402976,1.1043464972870762,0.03990229,3.8170035,6.6350718,0.003857972684822701,1.5272596456462246,0.0020829652977224136,0.003247338726607105,0.0007442688749004969,0.00398155726514999
513,17.1,terminal_settle_candidate,unknown_no_ground_truth,0.5193708522737521,0.11702491453134699,0.1453372982364021,0.004439326172663461,1.1043464972870762,0.03985797,4.2372513,8.340788,0.003989092557873957,1.5755632035921645,0.002193331929932272,0.0033319895678745703,0.0028489424927258364,0.0034045768518915697
514,17.133333,terminal_settle_candidate,unknown_no_ground_truth,0.519477616694938,0.117036490302209,0.14541555165315295,0.0038747700125163842,1.4590841855771184,0.03985797,4.8950286,11.010596,0.004074902595175376,1.6368093963724408,0.002272891887112482,0.003382128564922581,0.0015611680774806343,0.0035463497971508174
515,17.166666,terminal_settle_candidate,unknown_no_ground_truth,0.5196038148143494,0.11707135216963105,0.14543877801351807,0.003810106017808703,1.5583387938915985,0.03985797,4.8804092,10.951259,0.004156312242802047,1.6837540175028385,0.0022974082070693776,0.0034636464874112736,-0.0004389906362903646,0.0037847318383462092
516,17.2,terminal_settle_candidate,unknown_no_ground_truth,0.5197106119522001,0.117132620372092,0.14538427671624526,0.004365436977142885,1.9006589084845453,0.03985797,4.3161397,8.660983,0.004210796786462967,1.7179130705708907,0.0022436118311475587,0.003563287180121965,-0.0024006124884112245,0.0036461074698766736
517,17.233334,terminal_settle_candidate,unknown_no_ground_truth,0.519803156153293,0.11720931491204903,0.1452777180307911,0.00519412542747024,2.2031401518918643,0.03985797,4.101586,7.7901444,0.004248516632064028,1.7880021275221387,0.0021373773714726185,0.00367171779210242,-0.0034625100831276565,0.003871687342817368
518,17.266666,terminal_settle_candidate,unknown_no_ground_truth,0.5199080547259087,0.11729792609418413,0.14515277490134973,0.0056401651852265675,2.2031401518918643,0.039798874,4.593157,9.785349,0.004297481409038864,1.9289410596996974,0.002012781362474961,0.0037969800694641655,-0.0036335648842580623,0.004313776715191519
519,17.3,terminal_settle_candidate,unknown_no_ground_truth,0.5200274847343029,0.11738807606357937,0.14503461087896563,0.005424059322781394,2.2031401518918643,0.039798874,4.0535235,7.5950675,0.004364167859658462,2.028119871629052,0.0018951434241195927,0.003931207512875934,-0.0033179150568895346,0.004290904241802358
520,17.333334,terminal_settle_candidate,unknown_no_ground_truth,0.5201423709180701,0.11746032385868246,0.14493035672087037,0.004411467900683797,2.2031401518918643,0.039798874,3.9897254,7.336121,0.004427397984416044,2.1135450860113707,0.0017915757508235612,0.004048716987080259,-0.0026909728726154237,0.0034956707564659756
521,17.366667,terminal_settle_candidate,unknown_no_ground_truth,0.5202304322153998,0.11750047511728196,0.14485381416970444,0.002985162590363878,1.999608551882602,0.039798874,3.9763901,7.281996,0.004468821305079267,2.178746402090215,0.0017157503576809509,0.00412632579504431,-0.0014542547127160998,0.0026069788878030817
522,17.4,terminal_settle_candidate,unknown_no_ground_truth,0.5203005363317234,0.11753056644740761,0.1448321030635925,0.002350562995525283,1.0975375785004435,0.039798874,4.087538,7.733125,0.004517156334983789,2.214597552400393,0.001694626922128047,0.004187235478150589,9.913001874982847e-06,0.00235054209243881
523,17.433332,terminal_settle_candidate,unknown_no_ground_truth,0.5203715378336814,0.11756862555770103,0.14485339504791334,0.0017229362186701412,1.0072871516117798,0.039798874,4.063478,7.635471,0.004589181932304684,2.2475425322859763,0.0017164112143467085,0.004256115993609269,0.0002466863364334923,0.0017051847597906763
524,17.466667,terminal_settle_candidate,unknown_no_ground_truth,0.5204111454845471,0.1175573687877825,0.14484735967088364,0.001262575960036391,0.7029205059700785,0.039798874,4.0583,7.6144543,0.004597143977892451,2.2695975843239475,0.0017110622382096178,0.004266848810357114,-0.0001380242950646098,0.0012550089038862364
525,17.5,terminal_settle_candidate,unknown_no_ground_truth,0.5204392242728764,0.1175197214511443,0.14484265606197155,0.0016463952831983599,0.5424964391742133,0.039798874,4.045944,7.564304,0.004579570892460211,2.282025150963267,0.0017072184931643073,0.004249455797589451,-0.00013956885720598,0.0016404688240366
526,17.533333,terminal_settle_candidate,unknown_no_ground_truth,0.5204574630052458,0.11745849321125634,0.14483617365104529,0.0024878202818889444,0.3959320140686779,0.039798874,4.1838584,8.124075,0.004538460760603176,2.2823179368863107,0.0017017577902953694,0.004207332468287214,-0.00020031690143426965,0.0024797425055795128
527,17.566668,terminal_settle_candidate,unknown_no_ground_truth,0.520467497743014,0.11735705311769319,0.14482685507039578,0.0035338451479330936,0.3959320140686779,0.039798874,4.2737617,8.488977,0.004461676631179294,2.2822629192264667,0.0016938546074986467,0.004127640358590731,-0.00031315057050765067,0.003519942932742092
528,17.6,terminal_settle_candidate,unknown_no_ground_truth,0.5204722921983586,0.11722460521692385,0.1448121562272407,0.00402722832554833,0.37695145252186196,0.03855793,4.3186903,8.671335,0.004357630290338131,2.281444755077088,0.0016808902023213088,0.004020391756410389,-0.0004293486372410249,0.004004276181009258
529,17.633333,terminal_settle_candidate,unknown_no_ground_truth,0.5204735924104025,0.11709056660993436,0.14479479088951552,0.003660738538889416,0.2717671241702747,0.03855793,4.2547812,8.411939,0.004251095341521305,2.2803509020277803,0.0016652318035850519,0.00391136991897123,-0.0004468357708532751,0.0036333654432215015
530,17.666666,terminal_settle_candidate,unknown_no_ground_truth,0.5204729260090372,0.11698278087056245,0.14477931131610366,0.0026534844880652863,0.2717671241702747,0.03844713,4.2719035,8.481436,0.00416508212302471,2.2776820040420427,0.001651101607362875,0.0038238426449977983,-0.00038774260693411397,0.0026250020188889438
531,17.7,terminal_settle_candidate,unknown_no_ground_truth,0.5204695442034655,0.11691593609347936,0.1447667861044496,0.0017078298860729048,0.21095084451999413,0.03844713,4.14314,7.958805,0.0041094528503359175,2.275983967995993,0.0016393729837541535,0.0037682965580313615,-0.0002575193865257876,0.0016883029009414079
532,17.733334,terminal_settle_candidate,unknown_no_ground_truth,0.5204713021746361,0.11687046526281877,0.14476075812310651,0.0008612549182232265,0.027366915833095216,0.03844713,4.0515447,7.587035,0.004075118336947571,2.27553745723337,0.0016339421617098313,0.003733205388444806,-0.00013304624704018863,0.000850916406183485
533,17.766666,terminal_settle_candidate,unknown_no_ground_truth,0.5204689595320287,0.11685932707160815,0.14475721076944106,0.00012167268228190164,0.026453006415104004,0.038240306,3.9965825,7.363953,0.004064341552723652,2.2752456320886076,0.0016305033698549632,0.003722946550527917,-7.584891875192127e-05,9.513770618338988e-05
534,17.8,terminal_settle_candidate,unknown_no_ground_truth,0.5204648945622424,0.11687031337533685,0.14475578680067425,0.0002514389923132122,0.021508404035702425,0.038240306,3.9390872,7.130589,0.004069398202634062,2.2746150824289693,0.0016288856446041778,0.0037291732714374868,-3.8234898775035164e-05,0.0002485149077442768
535,17.833334,terminal_settle_candidate,unknown_no_ground_truth,0.5204630093615779,0.11687483715859559,0.1447549290717906,4.607015702539259e-05,0.017068883215313673,0.038240306,3.9396794,7.1329927,0.004071260634761586,2.274531181426754,0.0016279452784793748,0.0037316159135736392,-2.63457247915868e-05,3.779367875121842e-05
536,17.866667,terminal_settle_candidate,unknown_no_ground_truth,0.520462630696586,0.11687143305868687,0.14475408435954257,8.126564912637642e-05,0.011103172696356972,0.038240306,3.9988658,7.373221,0.00406824851340132,2.27444770380115,0.0016271383345052935,0.003728681644653427,-1.913576417189902e-05,7.898055619890752e-05
537,17.9,terminal_settle_candidate,unknown_no_ground_truth,0.5204629505403116,0.11686958848751577,0.14475358792544635,4.4939965675933685e-05,0.008419796511115515,0.037095387,3.996637,7.364175,0.004066896808945425,2.274442354827329,0.001626669580414643,0.0037274113981105076,-3.484739041600325e-06,4.480465498992314e-05
538,17.933332,terminal_settle_candidate,unknown_no_ground_truth,0.5204632296412212,0.11686851071832113,0.1447538070161837,1.9699328730294205e-05,0.008419796511115515,0.037095387,3.9843817,7.314432,0.00406636358997329,2.2744420714219147,0.0016269060221287784,0.0037267263973924315,3.9916433811740625e-06,1.9290680017607572e-05
539,17.966667,terminal_settle_candidate,unknown_no_ground_truth,0.520463256612343,0.11686833633056154,0.14475382501182915,1.913760529629638e-05,0.008419796511115515,0.037095387,3.9230983,7.065693,0.004066260081364728,2.2744474682972595,0.0016269265785608085,0.003726604480928008,4.772021613911125e-06,1.853309866679602e-05
540,18.0,terminal_settle_candidate,unknown_no_ground_truth,0.5204635658590482,0.11686731550128523,0.14475411464434074,2.8536268078621204e-05,0.008997012721451465,0.037095387,3.9574356,7.2050624,0.004065813569696442,2.2744450514851517,0.0016272332474270596,0.0037259833523508533,3.4797110162787484e-06,2.8323315609195967e-05
541,18.033333,terminal_settle_candidate,unknown_no_ground_truth,0.5204631845031731,0.116866446858793,0.14475403424747657,2.9925448153574478e-05,0.011103172696356972,0.03707323,3.9210186,7.057252,0.004064939313563146,2.2744239398454944,0.001627158555740778,0.003725061966924954,-8.142062727583818e-06,2.8796514749746446e-05
542,18.066668,terminal_settle_candidate,unknown_no_ground_truth,0.5204626967571753,0.11686558425749279,0.14475355276391144,2.872317590357462e-05,0.010997802944042715,0.03707323,3.9481647,7.1674333,0.004063848369088877,2.274423246024028,0.0016266813103158544,0.0037240799510235307,-8.558837224428877e-06,2.741837229584244e-05
543,18.1,terminal_settle_candidate,unknown_no_ground_truth,0.5204626607368903,0.11686471714408353,0.14475345806331624,1.441549580022128e-05,0.013894849003521635,0.03707323,3.943019,7.1465473,0.004063164138074058,2.274490429369943,0.0016265970390961575,0.0037233700978192745,-4.811832291846272e-06,1.3588700790044012e-05
544,18.133333,terminal_settle_candidate,unknown_no_ground_truth,0.5204625424524796,0.11686469492857696,0.1447532228542759,1.0269844675727501e-05,0.013894849003521635,0.03707323,3.880132,6.8912997,0.00406298694845737,2.2745850704385635,0.0016263605264115744,0.0037232800568135077,-1.0051527135197213e-05,2.106302901760003e-06
545,18.166666,terminal_settle_candidate,unknown_no_ground_truth,0.5204625225503962,0.11686467008988223,0.14475278916100975,1.4920741670599039e-05,0.011338922471052799,0.03707323,3.8659244,6.8336334,0.004062783607418115,2.27474054345989,0.0016259269475545346,0.0037232475343336154,-1.0477245655620098e-05,1.0623363660938112e-05
546,18.2,terminal_settle_candidate,unknown_no_ground_truth,0.5204627436065056,0.11686403118725092,0.1447525040330352,2.0065221747192106e-05,0.010997802944042715,0.03702891,3.9275212,7.083645,0.004062332563316848,2.274736765810571,0.0016256529405771832,0.0037228750142567486,-6.97839850120477e-06,1.8812630813428886e-05
547,18.233334,terminal_settle_candidate,unknown_no_ground_truth,0.52046338198348,0.11686374687123827,0.14475230953038937,2.011397561497411e-05,0.010997802944042715,0.03702891,3.8817818,6.897996,0.004062409204642627,2.2747502016710355,0.0016254708120588199,0.003723038165948609,-1.8284741904414707e-06,2.0030693876515178e-05
548,18.266666,terminal_settle_candidate,unknown_no_ground_truth,0.5204639647560155,0.11686349668503067,0.14475235862328834,1.5867903236045933e-05,0.0077606744166728425,0.03702891,3.8908741,6.9349003,0.004062577041900515,2.27475295187562,0.0016255310441655616,0.0037231950050771114,-2.9237203025535917e-06,1.5596224309138186e-05
549,18.3,terminal_settle_candidate,unknown_no_ground_truth,0.5204639702612325,0.11686289406813144,0.14475209577798548,2.083850877476089e-05,0.007634014302282089,0.036999363,3.8897045,6.930153,0.004062039798512629,2.2748593898744778,0.0016252759003584937,0.0037227201845444154,-4.0098310769492484e-06,2.0449075839512123e-05
550,18.333334,terminal_settle_candidate,unknown_no_ground_truth,0.5204640701945333,0.11686213707907028,0.14475206360727022,1.6582286992073256e-05,0.007093466952353336,0.036999363,3.8857377,6.9140525,0.004061537118268718,2.274919198232392,0.0016252546293621095,0.0037221809672303144,5.65617369928427e-06,1.5587813861186782e-05
551,18.366667,terminal_settle_candidate,unknown_no_ground_truth,0.5204643765433082,0.1168619252723816,0.1447524642389795,1.6768050486030466e-05,0.007093466952353336,0.036999363,3.8661115,6.834393,0.00406171806674185,2.2749562756253887,0.0016256620616621413,0.00372220049365554,1.096519057626793e-05,1.2685902125122655e-05
552,18.4,terminal_settle_candidate,unknown_no_ground_truth,0.5204649223123461,0.11686205060305466,0.14475278194719496,1.4651958312120919e-05,0.007093466952353336,0.036999363,3.8373156,6.717515,0.004062244038461568,2.274984421638437,0.0016259856308665356,0.0037226331213580668,8.757503111065058e-06,1.174674515088393e-05
553,18.433332,terminal_settle_candidate,unknown_no_ground_truth,0.5204651621889247,0.11686182625968408,0.14475303613147214,1.1387751821575772e-05,0.007093466952353336,0.036969814,3.8297555,6.68683,0.0040623197073609224,2.274984421638437,0.0016262458862573005,0.003722602009649183,6.55563439173537e-06,9.31152776249412e-06
554,18.466667,terminal_settle_candidate,unknown_no_ground_truth,0.5204654735992962,0.11686180876395326,0.14475319934934988,1.1935153750956335e-05,0.006206383165755333,0.036969814,3.8294537,6.685605,0.004062548411338641,2.274984421638437,0.0016264135711266496,0.0037227783294369243,-1.0337704853132828e-05,5.964876648220069e-06
555,18.5,terminal_settle_candidate,unknown_no_ground_truth,0.5204649261436939,0.11686153951933118,0.14475235561824817,3.115546874467398e-05,0.006206383165755333,0.036969814,3.837166,6.7169085,0.004061706350682363,2.2749695903734226,0.0016255658573781084,0.003722229724573702,-2.555841240163086e-05,1.7816587445650728e-05
556,18.533333,terminal_settle_candidate,unknown_no_ground_truth,0.5204643061574454,0.11686151117889318,0.1447515074719108,2.3333575696575347e-05,0.010016400197394863,0.036969814,3.8310716,6.692172,0.004060995450922418,2.2749571230295116,0.0016247097030738587,0.0037218278349690254,-1.800743905189247e-05,1.4838729513681073e-05
557,18.566668,terminal_settle_candidate,unknown_no_ground_truth,0.5204644115697886,0.11686067522321045,0.14475114201442285,2.630804996156372e-05,0.010016400197394863,0.036955044,3.8336513,6.7026424,0.004060305239783481,2.2749571230295116,0.0016243562716302797,0.0037212290097531717,-3.985182587492954e-06,2.6004457551052202e-05
558,18.6,terminal_settle_candidate,unknown_no_ground_truth,0.5204646641667137,0.11685981986824366,0.14475122462717804,1.1843621510180067e-05,0.010016400197394863,0.036955044,3.829633,6.6863327,0.004059864112909735,2.2751000809548874,0.001624453097402416,0.003720705410218881,6.9814735557710065e-06,9.567152003938796e-06
559,18.633333,terminal_settle_candidate,unknown_no_ground_truth,0.5204649737665026,0.11686035674423673,0.14475159579323127,9.723716939043444e-05,0.009491027280596224,0.036955044,3.8108912,6.610263,0.004060575098276208,2.2751000809548874,0.0016248216960692615,0.0037213202744084584,1.3588993048696435e-05,9.628294957564668e-05
560,18.666666,terminal_settle_candidate,unknown_no_ground_truth,0.5204643919559824,0.11686622036517233,0.1447522149670884,3.6403214179313286e-05,0.009491027280596224,0.036955044,3.8259232,6.671275,0.004064725990853663,2.275195093412422,0.001625359016391489,0.003725614774578309,1.887026450447289e-05,3.113048538195617e-05
561,18.7,terminal_settle_candidate,unknown_no_ground_truth,0.5204657363804543,0.11686225780054191,0.14475285839794008,0.0003173462531687541,0.013211031450626224,0.03694027,3.7782433,6.477751,0.004062883610412624,2.2752414144638062,0.001626070637973611,0.0037232939062179352,2.5109584872666106e-05,0.0003163513128592472
562,18.733334,terminal_settle_candidate,unknown_no_ground_truth,0.5204698474919245,0.11684582275479186,0.14475356680480578,0.0006227085655681855,0.01563197013361801,0.03694027,3.8038526,6.581694,0.004053660375114325,2.27526602686042,0.0016270420988368458,0.0037128016975573304,2.2193846660271944e-05,0.0006223129363932647
563,18.766666,terminal_settle_candidate,unknown_no_ground_truth,0.5204750935328535,0.11682182161426068,0.14475370100229457,0.0007526098396725257,0.019630480984943972,0.03694027,3.81175,6.6137486,0.004039485274467376,2.2752557239585216,0.001627550205080492,0.0036970963758848935,2.2168910121047254e-05,0.0007522832645991467
564,18.8,terminal_settle_candidate,unknown_no_ground_truth,0.5204810161417779,0.11679691355344854,0.14475427627197585,0.0007531231622221689,0.019630480984943972,0.03694027,3.903198,6.984921,0.004025331514635231,2.2753370485711524,0.0016285200035332736,0.003681197685646283,2.3085159174435114e-05,0.000752769269365727
565,18.833334,terminal_settle_candidate,unknown_no_ground_truth,0.5204866345352073,0.1167729635793188,0.14475445800983347,0.0006334561840106583,0.027186062907450313,0.036932882,3.9405832,7.1366615,0.00401163394804182,2.2751966478027983,0.0016290801101339143,0.0036659657565023267,1.2704131837164326e-05,0.0006333287788310341
566,18.866667,terminal_settle_candidate,unknown_no_ground_truth,0.5204904291535322,0.11675574494507644,0.14475448529066143,0.0003584850229095439,0.027186062907450313,0.036932882,3.883576,6.905278,0.004001666750156214,2.275202493683482,0.0016293760748560906,0.0036549241286232405,4.41697169462246e-06,0.0003584578106437425
567,18.9,terminal_settle_candidate,unknown_no_ground_truth,0.520491504128312,0.11674956641318665,0.14475439129201628,1.6327972530945337e-05,0.019630480984943972,0.036932882,3.8448362,6.74804,0.0039978944679903115,2.2751842065455246,0.0016293745704017257,0.0036507942542021894,-8.178048950128626e-06,1.4132310580390088e-05
568,18.933332,terminal_settle_candidate,unknown_no_ground_truth,0.5204894797003707,0.11675573918194385,0.14475395296557136,0.0001467038931302766,0.01745598151430176,0.036932882,3.8599784,6.8094997,0.004000895535145992,2.2753278268013606,0.0016288308799464013,0.003654322789202421,-1.3470218292323438e-05,0.00014608417258121008
569,18.966667,terminal_settle_candidate,unknown_no_ground_truth,0.5204885508838156,0.11675886347259215,0.1447536415349297,5.453039565660957e-05,0.012492451810725575,0.03691811,3.8457277,6.7516584,0.004002436589883246,2.2753251747274708,0.001628467451395298,0.00365617182525416,-9.108278390324305e-06,5.376433125438031e-05
570,19.0,terminal_settle_candidate,unknown_no_ground_truth,0.5204883643273817,0.1167591522675257,0.14475341298644515,3.694542457759504e-05,0.012492451810725575,0.03691811,3.8385851,6.722668,0.00400243940722979,2.275315739480607,0.001628232748620832,0.0036562794374698166,-2.0464689723392688e-08,3.6945418909727334e-05
571,19.033333,terminal_settle_candidate,unknown_no_ground_truth,0.520489178217381,0.1167564820486583,0.14475360159529033,8.223049391411366e-05,0.012492451810725575,0.03691811,3.8637097,6.8246446,0.004001101920799431,2.275312206974126,0.001628466087103554,0.003654711313329486,1.2413950130391737e-05,8.128805552797551e-05
572,19.066668,terminal_settle_candidate,unknown_no_ground_truth,0.5204901999681011,0.11675404396268897,0.14475414217973054,0.00013226464312509516,0.009530887570709851,0.03691811,3.8464181,6.754461,0.004000193817008371,2.275311757094152,0.0016290512737721782,0.0036534562432104264,1.4948100696076963e-05,0.0001314172367179767
573,19.1,terminal_settle_candidate,unknown_no_ground_truth,0.5204918376200756,0.11674811582485775,0.14475446566179448,0.00022214008191668344,0.012492451810725575,0.036910724,3.8314357,6.69365,0.003997096196640994,2.2754135513033966,0.0016294717526641304,0.0036498766845568338,1.5232614287096226e-05,0.00022161720027094326
574,19.133333,terminal_settle_candidate,unknown_no_ground_truth,0.5204939572733662,0.11673974090017905,0.1447549263064858,0.00028151294520431573,0.01886828769159472,0.036910724,3.9043095,6.9894323,0.003992620893336405,2.2753287944198046,0.0016300667658315862,0.0036447090332203127,1.9388055308857925e-05,0.0002808445150415951
575,19.166666,terminal_settle_candidate,unknown_no_ground_truth,0.5204961235014575,0.11672987214513028,0.14475547002608952,0.00030503405086650625,0.01886828769159472,0.036910724,3.8521357,6.7776675,0.003987172154015709,2.275347938314285,0.0016307642698803228,0.0036384268141382153,1.6334049742170164e-05,0.0003045964067533474
576,19.2,terminal_settle_candidate,unknown_no_ground_truth,0.5204983381802513,0.11671989770870438,0.14475569651840736,0.0002667194822031783,0.01886828769159472,0.036910724,3.8956492,6.9542813,0.003981565733554071,2.275467213561194,0.0016311465961687242,0.0036321104708446237,6.48427031881325e-06,0.0002666406503614258
577,19.233334,terminal_settle_candidate,unknown_no_ground_truth,0.5204998648751409,0.11671248959043112,0.14475564144803565,0.00018468388232976157,0.007699160114312266,0.036910724,3.9444199,7.1522336,0.003977252750602108,2.2753981680384743,0.001631205681723962,0.0036273554369655446,-3.1098914092683148e-06,0.00018465769674675295
578,19.266666,terminal_settle_candidate,unknown_no_ground_truth,0.5205008891504557,0.11670785924911409,0.14475530267373288,0.00015190372778574188,0.007699160114312266,0.036910724,3.932329,7.1031585,0.003974477790915903,2.2754047194067204,0.0016309392732514463,0.0036244324793613955,-5.5403688225972905e-06,0.00015180265751466395
579,19.3,terminal_settle_candidate,unknown_no_ground_truth,0.5205019700483963,0.11670259786544837,0.14475511867568686,0.00010327041110291068,0.009214391904065616,0.036910724,3.9307613,7.096796,0.003971363209158485,2.275366269257299,0.0016308363294617813,0.003621063187182075,-1.056930422762937e-05,0.00010272812476390287
580,19.333334,terminal_settle_candidate,unknown_no_ground_truth,0.5205018562712983,0.11670108799570597,0.1447544903181825,4.143181258866971e-05,0.007699160114312266,0.036910724,3.8920472,6.9396615,0.003969984720190257,2.2752983591348768,0.0016302255116288308,0.003619826440560186,-1.690163348153753e-05,3.7827633814956217e-05
581,19.366667,terminal_settle_candidate,unknown_no_ground_truth,0.5205017220156165,0.11670011121460758,0.1447539729087074,3.572441577999557e-05,0.007699160114312266,0.036903337,3.9063716,6.997802,0.00396901182016573,2.27528169515177,0.0016297186357004413,0.003618987703359321,-4.889735015430752e-06,3.538819540893357e-05
582,19.4,terminal_settle_candidate,unknown_no_ground_truth,0.5205023439585907,0.11669878510437547,0.14475412861471632,3.285271737860668e-05,0.009214391904065616,0.036903337,3.8722165,6.859172,0.003968516254314917,2.275321777299063,0.0016298995342891968,0.0036183627193643207,1.2180714352016474e-05,3.051116577637087e-05
583,19.433332,terminal_settle_candidate,unknown_no_ground_truth,0.5205027520985676,0.11669834093993711,0.1447547486684746,2.8087325119376774e-05,0.010916878815718793,0.036903337,3.8427439,6.7395477,0.003968701438425748,2.275384063224941,0.001630530670881615,0.003618281475877319,1.9503322661572895e-05,2.0211834095899124e-05
584,19.466667,terminal_settle_candidate,unknown_no_ground_truth,0.5205033262432089,0.11669785438710523,0.1447553947790745,2.433630881409095e-05,0.011486039576625195,0.036903337,3.85223,6.7780504,0.0039689654754275945,2.275429085297604,0.001631190672005071,0.0036182736127468073,1.8155194393599963e-05,1.620632108855669e-05
585,19.5,terminal_settle_candidate,unknown_no_ground_truth,0.5205037292245708,0.11669778146777887,0.1447559478953711,2.5957542618910988e-05,0.010916878815718793,0.036903337,3.8954995,6.953674,0.0039693790997695644,2.2755723672109163,0.0016317501420093862,0.0036184750809891988,1.884105704865541e-05,1.785521179101196e-05
586,19.533333,terminal_settle_candidate,unknown_no_ground_truth,0.5205045236573816,0.11669768446968111,0.14475663246873013,3.081727291355547e-05,0.010916878815718793,0.036903337,3.9200668,7.0533886,0.003970060101001552,2.2757140933759503,0.0016324467232292845,0.0036189079708362883,1.5306766292895232e-05,2.6747097328182097e-05
587,19.566668,terminal_settle_candidate,unknown_no_ground_truth,0.5205050830639038,0.11669662222145752,0.1447569262364774,1.7521911158312934e-05,0.010916878815718793,0.036903337,3.9122312,7.021585,0.003969769912227806,2.2757108262587957,0.0016327614819534849,0.003618447609000056,1.7367754814700937e-06,1.7435623922497744e-05
588,19.6,terminal_settle_candidate,unknown_no_ground_truth,0.5205049343812149,0.11669659082885316,0.14475673800984884,1.4705202751728703e-05,0.01192938248983976,0.036903337,3.9147723,7.031899,0.003969583131128164,2.2757108262587957,0.0016325716416507737,0.00361832835295734,-1.2491171769987041e-05,7.7597432806845e-06
589,19.633333,terminal_settle_candidate,unknown_no_ground_truth,0.5205046655318845,0.11669631224610531,0.14475609519328414,1.856873284612179e-05,0.012943167845171858,0.03689595,3.8897734,6.9304323,0.003968966315325618,2.275584272051176,0.0016319287499282648,0.0036179417031437897,-1.211822720063764e-05,1.4069342878200396e-05
590,19.666666,terminal_settle_candidate,unknown_no_ground_truth,0.5205048434447845,0.1166956665148143,0.14475591961996281,2.1401610380557876e-05,0.01121699226597764,0.03689595,3.8783443,6.8840437,0.0039685488405701045,2.275579872799139,0.0016317637722158538,0.0036175581393633753,-1.161637691984716e-05,1.7974668679484607e-05
591,19.7,terminal_settle_candidate,unknown_no_ground_truth,0.5205040925109149,0.11669524061735459,0.144755305878754,3.090231165406121e-05,0.01121699226597764,0.03689595,3.874577,6.8687534,0.0039675581390800916,2.2755716304199676,0.0016311451855725244,0.003616750332904423,-1.3223880789681604e-05,2.7929945263552118e-05
592,19.733334,terminal_settle_candidate,unknown_no_ground_truth,0.520503835288747,0.1166941318753151,0.14475504148210006,2.6417443217695365e-05,0.015204633260088099,0.03689595,3.879739,6.8897047,0.00396652595155474,2.275569410016413,0.001630891250394512,0.003615732547319265,-2.9297289866244835e-06,2.625448522110253e-05
593,19.766666,terminal_settle_candidate,unknown_no_ground_truth,0.5205039118738415,0.11669350198092927,0.14475509113873933,1.9340230071472695e-05,0.015452871533236262,0.036888562,3.8585012,6.803504,0.003966152831553184,2.2755505833511873,0.0016309498732994157,0.0036152967781389617,1.0309435144487072e-05,1.6363375147539446e-05
594,19.8,terminal_settle_candidate,unknown_no_ground_truth,0.5205044113193,0.11669319124404323,0.14475570914269165,2.7271705547221684e-05,0.0791604649855807,0.036888562,3.8602426,6.810572,0.0039664847412289005,2.275545055301773,0.0016315785355399662,0.0036153772534504554,2.0753706077709934e-05,1.769264275043126e-05
595,19.833334,terminal_settle_candidate,unknown_no_ground_truth,0.5205050473561691,0.11669320725219846,0.1447564465805241,1.1862275306957044e-05,0.16345893973962813,0.036888562,3.8503733,6.770514,0.003967173757022859,2.275747722374621,0.001632324376012505,0.0036157965581440354,7.952067689568544e-06,8.802169898301374e-06
596,19.866667,terminal_settle_candidate,unknown_no_ground_truth,0.520503994016398,0.11669356058769778,0.14475625891531757,1.620643697564435e-05,0.16345893973962813,0.036888562,3.8557653,6.7923994,0.003966723149405402,2.275758213871665,0.0016321178379025744,0.003615395401229157,1.1074224257513919e-05,1.1832588750557615e-05
597,19.9,terminal_settle_candidate,unknown_no_ground_truth,0.5205049272274023,0.11669397587647629,0.14475719629856176,7.284399506218932e-05,0.16345893973962813,0.036888562,3.905322,6.993542,0.003967947199549812,2.275898984268301,0.0016330626463176307,0.0036163118465665054,4.34363477206644e-05,5.847675874490476e-05
598,19.933332,terminal_settle_candidate,unknown_no_ground_truth,0.520507750133506,0.11669470093062521,0.14475911790155946,0.00015171942628578575,0.16345893973962813,0.036888562,3.8509665,6.7729216,0.003970903921499238,2.2759600739560466,0.0016350135500481232,0.0036186749847060117,7.816300613457678e-05,0.00013003587499030444
599,19.966667,terminal_settle_candidate,unknown_no_ground_truth,0.5205135077933477,0.11669538889260106,0.14476229906705412,0.00031608459177094437,0.15265590159705664,0.036888562,3.8862011,6.9159336,0.003976082811479878,2.276163341256767,0.0016382645543660962,0.0036228888712812293,0.0001516093811365001,0.0002773518788586297
600,20.0,terminal_settle_candidate,unknown_no_ground_truth,0.5205262815116727,0.11669674830349924,0.14476900728532532,0.0005122592572508907,0.15265590159705664,0.036888562,4.0193715,7.45645,0.003987327534831548,2.2804619015728798,0.0016451298740083667,0.0036321245253530393,0.00024119851889340123,0.00045192125544486593
601,20.033333,terminal_settle_candidate,unknown_no_ground_truth,0.5205435592648923,0.11669939072250321,0.14477801922380024,0.0006025601101994648,0.1359888262680267,0.036888562,4.159739,8.026178,0.004003100416262824,2.2840334007150487,0.0016543442092472737,0.003645265172797941,0.0002790546578761606,0.0005340479232439819
602,20.066668,terminal_settle_candidate,unknown_no_ground_truth,0.5205615718054657,0.11670265616627701,0.14478719506776933,0.0005639241441452355,0.1359888262680267,0.036888562,4.2291975,8.308099,0.004019841629119905,2.2890506799215884,0.0016637246720594167,0.00365939160773839,0.00025201649713336077,0.000504478072390235
603,20.1,terminal_settle_candidate,unknown_no_ground_truth,0.5205763528169709,0.11670771503105687,0.14479448712428633,0.000405329279397315,0.15265590159705664,0.036888562,4.3672748,8.868531,0.004035142800933772,2.295768492406103,0.001671154750309531,0.0036728216978837306,0.00016837710137016808,0.0003687017445997873
604,20.133333,terminal_settle_candidate,unknown_no_ground_truth,0.5205844456906855,0.11671189246338695,0.14479822410682663,0.00020183430499379478,0.20618484450265878,0.03687379,4.459771,9.243958,0.0040443884391020936,2.296801207134931,0.001674949640157699,0.0036812527146717683,7.04374280375734e-05,0.00018914453574919853
605,20.166666,terminal_settle_candidate,unknown_no_ground_truth,0.5205885103528625,0.1167040906835223,0.14479897116223456,0.0004381231948305168,0.20618484450265878,0.03687379,4.4090962,9.038278,0.004041768614184164,2.296868968730463,0.0016758505068952493,0.0036779639216750226,4.3049820147397574e-05,0.0004360030353492687
606,20.2,terminal_settle_candidate,unknown_no_ground_truth,0.5205955513701169,0.11668498775042936,0.14480059459873634,0.0007421669217185159,0.2144642516828643,0.03687379,4.3862424,8.945518,0.004033593037695188,2.2969393253579735,0.00167781062156566,0.0036680818300447652,0.000116600169125756,0.0007329502986239809
607,20.233334,terminal_settle_candidate,unknown_no_ground_truth,0.5206091987640145,0.11665967583028714,0.14480591198074372,0.0009567469657201122,0.2144642516828643,0.03687379,4.4101562,9.042581,0.004026830118126904,2.297449880965155,0.0016836328403744228,0.0036579695541470395,0.0002420507236560658,0.0009256220630431281
608,20.266666,terminal_settle_candidate,unknown_no_ground_truth,0.5206305384849815,0.11663381536296671,0.14481560964759982,0.0010480431759415981,0.2144642516828643,0.036859017,4.4951324,9.387485,0.004026434653286191,2.299765458356268,0.0016939470892271956,0.003652768713740662,0.0003353946158942937,0.0009929274647560468
609,20.3,terminal_settle_candidate,unknown_no_ground_truth,0.520654929518289,0.11661126107691239,0.1448270381138454,0.0009595811384722834,0.19604245003644868,0.036859017,4.788379,10.577724,0.004031150467311922,2.308890586081582,0.0017059921388366537,0.0036523642907487558,0.00035512153918116886,0.0008914508700547446
610,20.333334,terminal_settle_candidate,unknown_no_ground_truth,0.5206776873120313,0.11659696811215359,0.14483816872525665,0.0007259944146269392,0.14355124270947123,0.036859017,5.0864353,11.787484,0.004040469622229359,2.3129448020061223,0.0017176130436843764,0.0036572120803042792,0.0003154915149685168,0.0006538600722267588
611,20.366667,terminal_settle_candidate,unknown_no_ground_truth,0.5206953325541198,0.11659388549599589,0.1448473106686552,0.0004862707129992793,0.09092590350823657,0.036859017,5.187802,12.198915,0.004053291286313088,2.314901123163397,0.0017270344218984317,0.003666950007469363,0.00023257381864883245,0.00042704639701082536
612,20.4,terminal_settle_candidate,unknown_no_ground_truth,0.5207063409673778,0.11659799068969444,0.14485329552173187,0.0002048946817588877,0.060753367773541685,0.036866404,5.2066565,12.275442,0.0040653909337584814,2.3161443854533297,0.0017331177273591583,0.0036774592298758502,8.64504912655434e-05,0.00018576367560161505
613,20.433332,terminal_settle_candidate,unknown_no_ground_truth,0.5207070366134428,0.11659808083524517,0.1448529670208401,6.160010912743561e-05,0.060753367773541685,0.036866404,5.2087493,12.2839365,0.00406574370183715,2.3161443854533297,0.0017327976996757276,0.0036779999974207393,-3.7823269091963915e-05,4.8620713278487224e-05
614,20.466667,terminal_settle_candidate,unknown_no_ground_truth,0.5207038450111003,0.11659586956852198,0.14485077186616133,0.00031879333219759094,0.060753367773541685,0.036866404,5.2447515,12.430063,0.004061369229692426,2.3161443854533297,0.001730586925172297,0.0036742058889391517,-0.00019540748086038402,0.0002518831178889173
615,20.5,terminal_settle_candidate,unknown_no_ground_truth,0.5206910372148796,0.11659271480937759,0.1448400991995676,0.0004949721177963504,0.060753367773541685,0.036866404,5.1471553,12.0339365,0.004046781562791294,2.3161443854533297,0.0017197799604510007,0.003663167741801991,-0.0002964106273974231,0.0003964065304225829
616,20.533333,terminal_settle_candidate,unknown_no_ground_truth,0.5206778055214132,0.11659026225981284,0.14483129503325545,0.00037298611424306825,0.17193463998014083,0.036859017,4.9628344,11.285809,0.004033203914798111,2.3090355190455525,0.0017108265194553068,0.0036523699756009446,-0.00018787423947729212,0.00032221407722036636
617,20.566668,terminal_settle_candidate,unknown_no_ground_truth,0.5206696111222996,0.11658955353605308,0.14482781753604557,0.000523107538845785,0.1944632606172071,0.036859017,4.8374295,10.776812,0.004026176086533608,2.3031741162525856,0.0017072460430961297,0.003646286443507653,0.00036923058355605294,0.00037055400870069
618,20.6,terminal_settle_candidate,unknown_no_ground_truth,0.5206535648500487,0.11659207401082688,0.1448562779349879,0.0016176089979373167,0.20966537836552265,0.036859017,4.7555113,10.444319,0.0040300836090750355,2.3001262318137816,0.001735449510914094,0.003637277675845397,0.0013643800696322042,0.0008689798017204956
619,20.633333,terminal_settle_candidate,unknown_no_ground_truth,0.5206141453116075,0.11660018292105803,0.14491968591264892,0.0029543751288194967,0.24427154172443827,0.036859017,4.493237,9.379791,0.004039158256038356,2.296191580907703,0.0017982033207241397,0.0036168030406229603,0.002624872314969477,0.0013558678888055415
620,20.666666,terminal_settle_candidate,unknown_no_ground_truth,0.5205668529873262,0.11660493864391405,0.1450326495703771,0.004112259718141639,0.24427154172443827,0.036859017,4.5126586,9.45862,0.004065784740837188,2.294372460426401,0.001910438317335957,0.003588987460897443,0.0038588116332269554,0.0014213559612998678
621,20.7,terminal_settle_candidate,unknown_no_ground_truth,0.5205242938318005,0.11658070911542132,0.14517796956472498,0.00469550944279344,0.31306714766837473,0.036859017,4.5194006,9.485985,0.004095896238273551,2.269623370797735,0.0020554536274430373,0.003542806286001915,0.004406377819976566,0.0016222340876029344
622,20.733334,terminal_settle_candidate,unknown_no_ground_truth,0.520495137971676,0.11652408953065901,0.14532643940861617,0.004499114180837119,0.31306714766837473,0.07948695,4.432153,9.131863,0.004120213908467666,2.258400860254792,0.0022042096847907835,0.003481037534558471,0.003988871532672583,0.002081089211937811
623,20.766666,terminal_settle_candidate,unknown_no_ground_truth,0.5204750196770149,0.11644912145849319,0.14544295741361285,0.0037264908086011824,0.31306714766837473,0.07948695,4.3602123,8.839866,0.004126450555913902,2.2579399120678416,0.002321374321753308,0.003411570818363077,0.0029419158246578423,0.002287327048591186
624,20.8,terminal_settle_candidate,unknown_no_ground_truth,0.520476058639245,0.11637070709841801,0.14552093036956817,0.0027836661359682447,0.31306714766837473,0.07948695,4.3099165,8.635724,0.004124553858707274,2.253683845609809,0.002400334401339685,0.0033541525449988585,0.001765919747082162,0.0021518189058100713
625,20.833334,terminal_settle_candidate,unknown_no_ground_truth,0.5204986241732584,0.11630589292998922,0.14555856983317136,0.0016859403984057042,0.31306714766837473,0.07948695,4.370436,8.881363,0.004121476676348222,2.253122262086905,0.0024390924319247966,0.0033222579824886524,0.0005647267623949701,0.001588546099680862
626,20.866667,terminal_settle_candidate,unknown_no_ground_truth,0.5204905751774628,0.11626527053785492,0.1455570714384237,0.0016202947690999146,0.30642301838093877,0.07948695,4.428551,9.117242,0.004092759290001633,2.253121671225888,0.002437994787136411,0.0032873788987262116,-0.0006979192907152965,0.0014622803433063042
627,20.9,terminal_settle_candidate,unknown_no_ground_truth,0.5204034704565069,0.1162826238621808,0.1455130483198963,0.00293373280791797,0.30642301838093877,0.07948695,4.444303,9.181176,0.004027802071703491,2.253121671225888,0.0023925651921178877,0.0032401884714140976,-0.0010953311906030615,0.0027215873623946626
628,20.933332,terminal_settle_candidate,unknown_no_ground_truth,0.52032510204933,0.11634272785519156,0.14548728442245862,0.0010871443320774438,0.30642301838093877,0.07948695,4.8917336,10.997223,0.00400540230450539,2.253121671225888,0.0023649738266168603,0.003232668622106864,0.0008519577204746371,0.0006753153643237887
629,20.966667,terminal_settle_candidate,unknown_no_ground_truth,0.520437368584761,0.1163123725967642,0.14556976218955228,0.01406046281088204,0.3526524278296917,0.07948695,4.722054,10.308521,0.004097663645848182,2.253122262086905,0.002449360390280802,0.0032850389697885313,0.007184675523181172,0.012086233990900482
630,21.0,post_settle_motion_unresolved,unknown_no_ground_truth,0.5210971247982288,0.11608541837628941,0.1459525058161057,0.03325125358324392,1.1409039734028543,0.07948695,4.3738647,8.895279,0.004605052745185317,2.279820277763536,0.002843950017257827,0.003621941342053737,0.016294537738273933,0.028985063476783323
631,21.033333,post_settle_motion_unresolved,unknown_no_ground_truth,0.5222784530129736,0.11566797628157177,0.146622849343849,0.050231290454205074,5.7917777479986,0.19459936,3.6889853,6.1154675,0.005668648090406038,2.4661175116042666,0.0035356462616945696,0.004430888927182585,0.024636310446007743,0.04377481865527992
632,21.066668,post_settle_motion_unresolved,unknown_no_ground_truth,0.5238690360738328,0.11508735723699198,0.14754462116580735,0.06087760443333144,5.7917777479986,0.19459936,2.6607876,1.9421835,0.007304215863120211,2.784538575574907,0.004486398291952828,0.0057640089990404824,0.030440487064559388,0.05272057917752392
633,21.1,post_settle_motion_unresolved,unknown_no_ground_truth,0.5256211089949464,0.11447534945663138,0.14859169371624067,0.060958832993128285,5.7917777479986,0.40966696,1.9512062,-0.9378894,0.009257582124408121,3.201374735577964,0.005565041187511871,0.007398185140387963,0.031314697734638644,0.05230075549810272
634,21.133333,post_settle_motion_unresolved,unknown_no_ground_truth,0.5272045631662989,0.11395749518836237,0.1495725827803481,0.04976422716484352,5.7917777479986,0.40966696,1.6982695,-1.9645176,0.011099489003240762,3.3961533923008953,0.006574012820398718,0.008943210361514254,0.02656467999578493,0.04208082796281097
635,21.166666,post_settle_motion_unresolved,unknown_no_ground_truth,0.5283303567312598,0.11364136426027718,0.1503152593099186,0.031709469550557166,3.266687108036932,0.40966696,1.6802083,-2.0378249,0.012450722749517027,3.503573061866521,0.007335992718727629,0.010060005358652454,0.0180340565366682,0.026081856989293675
636,21.2,post_settle_motion_unresolved,unknown_no_ground_truth,0.5289148982902109,0.11355070525568384,0.15074644754160715,0.014550899803587727,1.8870378370025624,0.40966696,1.648815,-2.1652448,0.013179088642915783,3.5586968702444723,0.00777627150059929,0.010640393743034092,0.009209183861956292,0.011265860716817564
637,21.233334,released,unknown_no_ground_truth,0.5290877354545666,0.11357761812654132,0.15091814279097024,0.004730920205637167,1.609820285208922,0.7659289,1.6908422,-1.9946638,0.013418633760219569,3.5621337367449653,0.007949971246508938,0.010810073504402523,0.0033776300441034465,0.0033125852860380455
638,21.266666,released,unknown_no_ground_truth,0.5291268818585775,0.1136194864904774,0.15096961309588003,0.002545331799254549,1.3113027521524254,0.7659289,1.6916187,-1.9915121,0.013479361718783042,3.5621337367449653,0.008001443386706516,0.010847584803776568,-0.0013925822575994147,0.0021305934910526023
639,21.3,released,unknown_no_ground_truth,0.5289520784897161,0.11362472183903019,0.15082774461572335,0.0044738307428217735,1.2169126684850353,0.7659289,1.6516551,-2.1537178,0.013254585094761046,3.5621337367449653,0.007857133851824311,0.010674711877553332,-0.002713147356465274,0.003557245133178583
640,21.333334,released,unknown_no_ground_truth,0.5288872922491216,0.11361685283131712,0.15079195615220814,0.0011734098995968096,1.2169126684850353,0.7659289,1.6005684,-2.36107,0.013181276906069673,3.577706417995348,0.00782056115725167,0.010610602436250833,-0.000971602940720713,0.0006579350409080348
641,21.366667,released,unknown_no_ground_truth,0.5289203107665097,0.11359441810129359,0.15076302292913457,0.007456654234579269,1.2169126684850353,0.85255134,1.6679507,-2.0875762,0.013191903585195364,3.577706417995348,0.007792368453780828,0.01064449689189732,0.004606619012445973,0.005863510352019534
642,21.4,released,unknown_no_ground_truth,0.5292809990124197,0.11364572057899343,0.1510940698687789,0.028519003777077785,1.3113027521524254,0.85255134,1.6973171,-1.9683831,0.013676505654589775,3.577706417995348,0.008127664385866262,0.010999449011234487,0.02130718735371086,0.018956195385963947
643,21.433332,released,unknown_no_ground_truth,0.5301557274990929,0.11392064519484592,0.15217086755942344,0.054867182052574286,2.1449619075381556,0.85255134,1.9623967,-0.8924689,0.015016449983364055,3.6434818070137105,0.009212825845924932,0.011858229633277132,0.04371828568984137,0.03315296612268261
644,21.466667,released,unknown_no_ground_truth,0.5313494378104207,0.11448670934922309,0.15399137876154984,0.07765531044480152,4.484656620151126,0.85255134,1.9290539,-1.027802,0.017090920776446184,3.648764758430419,0.011042288776278282,0.013044823937793815,0.0660137308639532,0.040896632840614795
645,21.5,released,unknown_no_ground_truth,0.5324905538418554,0.11536885812110088,0.15655873319541946,0.09600650958416618,4.878925682497246,0.86813694,2.3544314,0.6987346,0.019688523527735268,3.665084390482653,0.013613767373105958,0.014223336339028928,0.08633303203077965,0.04199830309556525
646,21.533333,released,unknown_no_ground_truth,0.5333268654933321,0.11647225959305438,0.1597456527967215,0.10994046055502438,7.1729705381558295,0.86813694,2.029937,-0.6183341,0.02263801482092603,3.684518527108617,0.016797736057919413,0.01517615822139913,0.10260281893951803,0.03949134604841102
647,21.566668,released,unknown_no_ground_truth,0.5337531034164833,0.11764195249345533,0.1634114781179804,0.1272762266068201,12.54612895149746,0.86813694,1.9116474,-1.0984519,0.025849838869610765,3.5182669926023147,0.02045406384060238,0.015806499991756612,0.12153899086080162,0.037782423953587115
648,21.6,released,unknown_no_ground_truth,0.5340458547883165,0.11881469296101572,0.16786932898850018,0.14298926046083582,12.58480041866942,0.8710843,2.135796,-0.18866983,0.029803929280129062,3.0268733580337943,0.024900408950464758,0.016378151136027197,0.13878694641458755,0.0344109301247604
649,21.633333,released,unknown_no_ground_truth,0.534150574500547,0.11980345944209289,0.1726871405531089,0.1554131194213673,12.58480041866942,0.8710843,2.2684922,0.3499218,0.0341162495047958,2.665864410554235,0.029706385167441996,0.016776446601025553,0.15265188423576156,0.02916573207639107
650,21.666666,released,unknown_no_ground_truth,0.5343990405584482,0.12061916006080395,0.17806558280005735,0.1720421015712665,12.616988212585602,0.8710843,2.5006647,1.2922714,0.03910409126491914,2.3352786823724907,0.035077045302688306,0.01728383193878827,0.1697462998130769,0.028012111895160292
651,21.7,released,unknown_no_ground_truth,0.5350582412537406,0.12137032148645724,0.18401294599407858,0.18457570821833158,12.616988212585602,0.8710843,2.409479,0.9221633,0.04486194084880839,2.069256528759795,0.041022978379716545,0.018157890339444507,0.18175027864836282,0.032171855332590704
652,21.733334,released,unknown_no_ground_truth,0.5359679800996476,0.12208941253807273,0.19018148446793315,0.1887725396907124,12.616988212585602,0.8710843,2.2411714,0.23903096,0.05096955416024197,1.9367164800298575,0.04719389132891863,0.01925180699383979,0.18543615530028665,0.03533417678013104
653,21.766666,released,unknown_no_ground_truth,0.5369676157725896,0.12280299375654669,0.19636911782834823,0.18145900854188826,15.248645623001247,0.8710843,2.1719172,-0.042060174,0.057160255940999716,1.8854150969181325,0.053385199314578545,0.02042829785819945,0.1782064360604222,0.03420289355665289
654,21.8,released,unknown_no_ground_truth,0.5378379944382774,0.12345177017697204,0.20205525463806684,0.17218452948796792,16.433333964740278,0.8710843,2.5674846,1.5634823,0.06285367342665385,1.8690419942531014,0.05907413836610412,0.02146696158115621,0.16935832390736474,0.031068799756041886
655,21.833334,released,unknown_no_ground_truth,0.5387173339171731,0.12398268113084607,0.20765258076087675,0.17734587282912007,21.003003130451606,0.8710843,2.096779,-0.3470332,0.06846466128282218,1.7699435455298447,0.06467588778211479,0.022459728051934757,0.17453389551595833,0.031455968043393095
656,21.866667,released,unknown_no_ground_truth,0.5398452772005543,0.12429753810905003,0.21367608817474748,0.1886859947117489,22.272228686420387,0.8710843,1.8373498,-1.4000138,0.07453288458659656,1.687318509681646,0.07070987532337517,0.023564049239289543,0.18555946006260568,0.03420659851017602
657,21.9,released,unknown_no_ground_truth,0.5411639358322808,0.12395223745053036,0.21999118978670215,0.20257121908928313,21.003003130451606,0.8710843,2.29343,0.45114046,0.08085797648200518,1.6086186015795798,0.07704632890851193,0.024533152314488677,0.19674451764659895,0.04823581220758571
658,21.933332,released,unknown_no_ground_truth,0.5427119057059355,0.12236636054557937,0.22673080465311263,0.22266010333743544,16.705498785605595,0.87135756,2.1100821,-0.29303837,0.08754366689045451,1.6933468955647832,0.08382597553010952,0.02524082881072529,0.20707838311332805,0.08182948652782297
659,21.966667,released,unknown_no_ground_truth,0.5444755852804912,0.11930596104984448,0.23369506605003654,0.23876678215011862,16.433333964740278,0.87135756,2.3902194,0.8439924,0.09446885713892687,1.776815525170768,0.09085173920825282,0.025890663413103032,0.20831464759693263,0.11668154890507743
660,22.0,released,unknown_no_ground_truth,0.5461754876296496,0.11513615457675608,0.24048254262379481,0.24381204286991973,16.705498785605595,0.87135756,2.085595,-0.39242807,0.10131563440743702,1.842134748708997,0.09771382843031892,0.02677434422860127,0.19859684139741865,0.141434107751179
661,22.033333,released,unknown_no_ground_truth,0.5476996313974509,0.11021624959908466,0.24677831945447387,0.22905082437194557,22.39205278664013,0.87136495,2.0080032,-0.70735973,0.1078446459052532,1.9776059136314035,0.10409132577293849,0.028203963360872455,0.1728758721211101,0.15026048377345735
662,22.066668,released,unknown_no_ground_truth,0.5487793310671308,0.10527805110023301,0.2518498875602151,0.20078158222345208,18.894816767712104,0.87136495,2.4997864,1.2887063,0.11328551891400239,2.2500569137563695,0.10923895517693374,0.030007656813997533,0.13933752413155004,0.1445624367843962
663,22.1,released,unknown_no_ground_truth,0.5495261338508091,0.10061376272420702,0.25592340528266366,0.1744142338707151,18.894816767712104,0.8713723,2.2318923,0.20136899,0.11783368340837895,2.6440154984313016,0.11338069151101111,0.032087314285726906,0.10973506352383362,0.135567476963056
664,22.133333,released,unknown_no_ground_truth,0.5501272346964842,0.09623578340853392,0.25903444405462644,0.15549014943983674,18.894816767712104,0.8713723,2.1095128,-0.29534924,0.12153253076471934,2.9979524673389175,0.11655451398684319,0.034426752727613315,0.08419060725076494,0.13072539242079256
665,22.166666,released,unknown_no_ground_truth,0.550726190117992,0.09190181838862684,0.26141091478758516,0.15229807944115442,19.24507804027672,0.8713723,2.6384568,1.8515466,0.1246496850996575,3.1963161384764867,0.11899331266241903,0.03712324793263066,0.07176678370135468,0.1343288269829941
666,22.2,released,unknown_no_ground_truth,0.5514196233782971,0.08730555154696495,0.2636896694270586,0.15304598189351226,21.362808804859796,0.8713723,2.2203646,0.15457965,0.12787146487041093,3.4437732400888863,0.12133900873560474,0.040347942787279406,0.06848119532420371,0.13687000570145946
667,22.233334,released,unknown_no_ground_truth,0.5521110794395399,0.08281685985706819,0.2658438883369908,0.15201855846053278,19.24507804027672,0.8713723,2.4119241,0.932088,0.13107576078032204,3.5885607162658406,0.1235588103324093,0.04375014803837712,0.07002230917247695,0.1349315320248476
668,22.266666,released,unknown_no_ground_truth,0.5526632452262858,0.07833012844447285,0.2682285633357332,0.15766251499978426,19.24507804027672,0.8713723,2.3663218,0.7469958,0.13456959487306436,3.7167065853577523,0.12600709115436287,0.04723546171169238,0.08114792043061815,0.13517575095350223
669,22.3,released,unknown_no_ground_truth,0.5530515458654044,0.07377982497955403,0.27112799435662954,0.1609910451530368,19.920638573188704,0.8713723,2.2212276,0.15808274,0.13861639253306346,3.8184794600807104,0.12896858880383752,0.050809520572694,0.09273550197044596,0.1315987967033002
670,22.333334,released,unknown_no_ground_truth,0.5530977280441958,0.0694867248069404,0.2742948561689347,0.16414784152849107,19.920638573188704,0.8713723,2.5921636,1.66365,0.1428345307664905,3.877132149472561,0.13218953872195663,0.054107569080118954,0.10146927645712553,0.1290290657709729
671,22.366667,released,unknown_no_ground_truth,0.5525558101449395,0.06511343478777877,0.2777916478927714,0.1753815702374898,21.640595124605714,0.8713723,2.0620344,-0.48805633,0.1473146844989405,3.981344148259126,0.13573329631121933,0.057254594064695914,0.11037613522546552,0.13629308108505478
672,22.4,released,unknown_no_ground_truth,0.5513232810255004,0.06050418046020515,0.28156578166309065,0.19470543215816113,21.903163985903387,0.8713723,2.1493394,-0.13369957,0.15205404405738662,4.085383333642255,0.13954783499046916,0.060389022708423265,0.12083028662593842,0.1526769371771318
673,22.433332,released,unknown_no_ground_truth,0.5495339916964062,0.05532811316127642,0.28576665460810524,0.2066896366669152,21.640595124605714,0.8713723,2.4601517,1.1278356,0.1573712494445275,4.246654456632913,0.14378852532777045,0.06395756511779364,0.12684870882646823,0.16318704291260167
674,22.466667,released,unknown_no_ground_truth,0.5474628866844122,0.050271535316089175,0.2899481901537194,0.1963429731163194,21.640595124605714,0.8713723,2.1312087,-0.20728938,0.1626922680105294,4.49792359790506,0.14800450963742343,0.06755323232381835,0.11859764118586953,0.1564773549025656
675,22.5,released,unknown_no_ground_truth,0.5455682376001675,0.045625430461790434,0.2936070705792939,0.1827129569391868,19.920638573188704,0.8713723,2.5323544,1.4208944,0.16751817891610216,4.726210851383789,0.15169518855971087,0.0710697547146533,0.10476394349008461,0.14969482548794893
676,22.533333,released,unknown_no_ground_truth,0.5443909862857701,0.04072060003680375,0.2968555745564304,0.17821381153669624,17.566511229041826,0.8713723,2.6482604,1.8913375,0.17228350666323122,4.834714068234071,0.15498866552296026,0.07523377052621776,0.09141077236369373,0.15298442181578503
677,22.566668,released,unknown_no_ground_truth,0.5441547832386338,0.03546069389901909,0.29959373687865354,0.18650016571716677,17.024390082661252,0.87138706,2.5022666,1.2987733,0.1769647187924106,4.875327202786704,0.15778927503872062,0.08011901384834905,0.07782174665143743,0.1694877209730845
678,22.6,released,unknown_no_ground_truth,0.5447941967577801,0.02936188568210721,0.30189625916862134,0.2088000976247228,15.854666719257652,0.87138706,2.6896398,2.05929,0.18185260967003739,4.927315297044226,0.1601768935735633,0.08610304529414946,0.06799191871412125,0.1974198058900527
679,22.633333,released,unknown_no_ground_truth,0.5458667955043345,0.022347707748855763,0.30393876295800454,0.24001914780534622,14.296777669984168,0.87138706,2.4616945,1.1340977,0.18712824408067869,4.878078177906621,0.16232200016758247,0.0931050374271629,0.06296145899422974,0.2316140021555747
680,22.666666,released,unknown_no_ground_truth,0.5469230764904651,0.014009537462746604,0.30587197034935,0.2840486828121408,9.4506597192904,0.87138706,2.6451488,1.8787081,0.193129344089556,4.841722499477321,0.16437425985959045,0.10139056289455123,0.06174453717855548,0.2772566795154234
681,22.7,released,unknown_no_ground_truth,0.5475752762675545,0.003887528792106707,0.30780010522031886,0.32047120202738877,9.870581105722692,0.87138706,2.2946844,0.45623153,0.20023358550854664,4.827432174162625,0.16643833945998324,0.11131831800477333,0.05710498708961945,0.31534237231677864
682,22.733334,released,unknown_no_ground_truth,0.5477000774206091,-0.00704712735238404,0.3094041303071039,0.33483674264017194,9.870581105722692,0.87138706,2.1967418,0.05869883,0.2077447475401003,4.795351611587434,0.16818134738865392,0.12195455924661822,0.05260790355591685,0.3306781708932902
683,22.766666,released,unknown_no_ground_truth,0.5475339657257222,-0.018199550723411503,0.31103053775234346,0.32635762028131887,9.870581105722692,0.87138706,2.4996207,1.2880337,0.21567204358278888,4.758611003463684,0.16994547929269285,0.13278917294400658,0.054982445072502203,0.3216927525598529
684,22.8,released,unknown_no_ground_truth,0.547327510747073,-0.02853329565810906,0.3128049992837912,0.29358443762677733,9.870581105722692,0.87138706,2.3629768,0.73341894,0.22347038111263598,4.7348599496658235,0.1718467875635999,0.1428554963545251,0.059429461261143186,0.2875064541029321
685,22.833334,released,unknown_no_ground_truth,0.547170293913627,-0.03741065334959979,0.3147565257911789,0.2565581748501472,13.60763345250283,0.87138706,2.4585812,1.1214614,0.23066036079584412,4.700863719983062,0.173907486112245,0.1515268567501758,0.06478664492679166,0.24824340418542543
686,22.866667,released,unknown_no_ground_truth,0.5470976036410509,-0.04513368919766114,0.3169192273434877,0.21543672077790652,13.983308425763965,0.87138706,2.4142928,0.9417022,0.2373696637479899,4.298218999223494,0.17616596324821476,0.15909088805039226,0.06543483306293672,0.20525901510424155
687,22.9,released,unknown_no_ground_truth,0.5470492360685124,-0.05114700291682383,0.3189483796006044,0.17662763944095497,13.983308425763965,0.87138706,2.3312762,0.60475147,0.24289954583888534,3.9081696592009565,0.17826974147636157,0.1649851164277795,0.0614953353912929,0.16557670953245926
688,22.933332,released,unknown_no_ground_truth,0.5471557655474201,-0.056222662780728995,0.32087925285842817,0.15995701190282557,14.803068636447108,0.87138706,2.194105,0.047996055,0.24777129500860307,3.5412472757883946,0.18026558945832213,0.16998509313314464,0.05802761501813661,0.14906052982660303
689,22.966667,released,unknown_no_ground_truth,0.5473728013137007,-0.061128639022450776,0.3226875587563418,0.1551219697074817,14.909984769955962,0.87138706,2.4301233,1.0059556,0.252473787797528,3.292135105367868,0.18213827396034155,0.1748389621439648,0.052418322704331645,0.14599707165143216
690,23.0,released,unknown_no_ground_truth,0.5475786412655961,-0.06599183883554204,0.32424578006533245,0.15622781796557944,14.803068636447108,0.87138706,2.590504,1.6569138,0.25698925046256205,3.170575225820431,0.18376022544101542,0.17965426351516578,0.04891185392300404,0.14837372291649537
691,23.033333,released,unknown_no_ground_truth,0.5478777031294502,-0.07104951432745846,0.32581711486592435,0.15155127779525326,14.803068636447108,0.87140924,2.319384,0.55648345,0.26168379872871933,3.108592909414619,0.18539901425961447,0.18467705875028487,0.04702368265011981,0.14407138186119697
692,23.066668,released,unknown_no_ground_truth,0.5482220234012669,-0.07561648050326958,0.3272513253314715,0.14198681315125194,13.220785436994856,0.87140924,2.2508507,0.2783177,0.2659615720027468,3.136615406503,0.1868951511905737,0.1892241005887592,0.04679041570833615,0.1340556306414976
693,23.1,released,unknown_no_ground_truth,0.54867826155904,-0.07999291121279853,0.32881356025588115,0.14030363433194173,13.220785436994856,0.87140924,2.2505772,0.27720773,0.27022061477581233,3.153537070618334,0.18851843009863722,0.19359747457795823,0.050582197849707966,0.13086844947291237
694,23.133333,released,unknown_no_ground_truth,0.5493194518727531,-0.08431889618324917,0.33049944909367424,0.1341664795074969,13.220785436994856,0.87140924,2.4327948,1.0167987,0.27456185984662607,3.1945571032869005,0.19026724604541145,0.19794592687078247,0.054280855589038696,0.12269569242625233
695,23.166666,released,unknown_no_ground_truth,0.5499655856423471,-0.08812297110881157,0.3323128936776739,0.12247524475245032,12.654481454113414,0.87140924,2.414317,0.9417999,0.2786226222241013,3.2557472093305013,0.1921370983580087,0.20177685954935254,0.06105235127884088,0.10617342407823921
696,23.2,released,unknown_no_ground_truth,0.5504825529578681,-0.09136047866428912,0.3344658021277374,0.1089047554568129,12.654481454113414,0.87140924,2.2926705,0.44805735,0.28249204569529224,3.255669114898224,0.19433745553874854,0.20502367974416033,0.06746034606789697,0.0854947218809898
697,23.233334,released,unknown_no_ground_truth,0.5505214961487077,-0.09385732053238674,0.33673132701196296,0.08844624752946813,13.220785436994856,0.87140924,2.1989439,0.06763652,0.2858457610497599,3.255669114898224,0.1966345301869887,0.2074672519899434,0.06440834465966147,0.06061603616408949
698,23.266666,released,unknown_no_ground_truth,0.5495805644447851,-0.09533941517396365,0.33872269572701674,0.07529497128569383,13.670618507807655,0.87140924,2.5294454,1.4090874,0.28816834679035525,3.2557633156571733,0.19863127939117958,0.20877406673078341,0.05612067329400709,0.05019763669676869
699,23.3,released,unknown_no_ground_truth,0.5478932213875471,-0.09590892471734568,0.3404835735571282,0.0753349862509413,13.670618507807655,0.87140924,2.453715,1.1017107,0.2896005892964633,3.1528364299229947,0.200375851080696,0.209088544938611,0.049569262593697816,0.056729607431627325
700,23.333334,released,unknown_no_ground_truth,0.5458541268745034,-0.09565525946188025,0.3420750924867255,0.07924274690360326,12.419544834658533,0.87140924,2.1632297,-0.077321276,0.2903029512384449,3.030756854954151,0.20193590944109635,0.208561003008588,0.050416171458209626,0.06113609892955988
701,23.366667,released,unknown_no_ground_truth,0.5438654700469239,-0.09606190720226807,0.3438986669024098,0.08143680799075068,14.61349694468849,0.87140924,2.4405043,1.0480903,0.2916662853362535,3.0305914222759376,0.20373698160272868,0.20871143794545197,0.055259947055423246,0.05981882602621196
702,23.4,released,unknown_no_ground_truth,0.5423216371691291,-0.09745201143070378,0.3457855702671745,0.09707763394813326,14.61349694468849,0.87140924,2.372542,0.7722422,0.29383548094062417,3.0306079237541086,0.2056198494647756,0.20990418615570994,0.05832676679497654,0.07760190260690891
703,23.433332,released,unknown_no_ground_truth,0.5411413193779053,-0.10047532418452729,0.3477696115462575,0.12520942746807245,12.419544834658533,0.871424,2.4130502,0.9366585,0.2972862298148375,3.0306473688629563,0.20762537314303017,0.21276937482809374,0.057441700443760055,0.11125579435252726
704,23.466667,released,unknown_no_ground_truth,0.5402467021782896,-0.10460547079730595,0.3495541917117072,0.1392337083788936,10.278260052115783,0.871424,2.3810866,0.8069236,0.30143082204934624,3.0779483982720066,0.2094493154576273,0.21677528626593012,0.04689852872562241,0.13109749636171833
705,23.5,released,unknown_no_ground_truth,0.539448554565382,-0.10908009292111272,0.3508118002416718,0.13090572739614306,9.464815863783542,0.871424,2.4706297,1.1703641,0.3054873392826418,3.1184999255944894,0.2107520350576169,0.22114722286535937,0.035848905638314485,0.12590141154748244
706,23.533333,released,unknown_no_ground_truth,0.538844520895428,-0.11290482315658229,0.35185933369769584,0.1001206656426225,10.278260052115783,0.871424,2.2043881,0.08973398,0.30895622844873677,3.163292709228789,0.21183920588140254,0.22489575796089348,0.03432852025401354,0.09405158364371964
707,23.566668,released,unknown_no_ground_truth,0.5388356253759482,-0.11534540043014159,0.35303037122610836,0.070253225565358,10.278260052115783,0.871424,2.3671722,0.7504476,0.31153975300580306,3.178037139024337,0.2130406184118709,0.22731192799676045,0.045194254785742786,0.05378656929660447
708,23.6,released,unknown_no_ground_truth,0.5396310439802139,-0.1164499231941874,0.3548174323793821,0.0732333892154913,9.464815863783542,0.871424,2.6067712,1.7229401,0.3136106841452565,3.2343370320914455,0.2148521835273668,0.22845174642269325,0.06242133965343603,0.03829759329067577
709,23.633333,released,unknown_no_ground_truth,0.5409063689514513,-0.11696669640904758,0.35714362056970367,0.08193291292124052,9.136553494695248,0.871424,2.2540035,0.29111457,0.3156528160698348,3.3954812310936378,0.21720197729356383,0.22904148391193924,0.07117730014163665,0.040580711727456864
710,23.666666,released,unknown_no_ground_truth,0.5423633853984642,-0.11696030551627006,0.35951939701117164,0.07750603288124762,8.50530427901708,0.871424,2.093231,-0.36143455,0.31737155267926676,3.5539602159259385,0.21959726416427394,0.22913259048335893,0.06722050653455498,0.038582232105295405
711,23.7,released,unknown_no_ground_truth,0.5435029340647262,-0.11745646160024334,0.36158396966438877,0.06076647900281872,8.50530427901708,0.871424,2.476178,1.1928836,0.3192307943822777,3.7028768511643677,0.22168336439515823,0.22970586851968655,0.05076934231727529,0.03339219745795907
712,23.733334,released,unknown_no_ground_truth,0.5440344675501554,-0.11852436391485162,0.3628620962197715,0.04919929477748132,7.170094190417305,0.871424,2.275044,0.37651423,0.3209220022786457,3.7481887046281344,0.222981999738609,0.23080285816927412,0.02598898260225788,0.041774913403872405
713,23.766666,released,unknown_no_ground_truth,0.5438913899810631,-0.12023894249634628,0.3632765014890512,0.05928543075744005,4.369689290766558,0.871424,2.0674553,-0.4660537,0.3224374611411991,3.747247987785608,0.2234159366881997,0.23248921605295295,0.0067536304888179905,0.05889949724162106
714,23.8,released,unknown_no_ground_truth,0.5433988200550315,-0.12240358366630837,0.3632723320843333,0.06854883754287962,4.138488577632825,0.871424,2.0132945,-0.6858835,0.3239713948783196,3.752378117452622,0.22343223487252875,0.23459646442193294,-0.0023489013250410995,0.06850858187880786
715,23.833334,released,unknown_no_ground_truth,0.5427755017005444,-0.12466622252731356,0.3630794669982275,0.0666288657746975,3.6747320833175516,0.8714166,2.038164,-0.5849426,0.3254475803826957,3.755117767849385,0.22325930782252762,0.23679402240672595,-0.0032920256115096733,0.0665474892223277
716,23.866667,released,unknown_no_ground_truth,0.5422777934251912,-0.12669404155928202,0.36301425148647637,0.054531513467501375,3.6747320833175516,0.8714166,1.8674955,-1.2776572,0.3268562075704869,3.755492700602269,0.2232127788486574,0.23876983851822992,-0.00041042570490752,0.05452996893266156
717,23.9,released,unknown_no_ground_truth,0.5419396675149959,-0.12820369488774055,0.36301907197020844,0.0350172776082366,3.6747320833175516,0.8714166,1.8857367,-1.2036192,0.3279477346904802,3.757281539349209,0.22323194652810696,0.24024407326277583,0.0005524707968858375,0.03501291914580812
718,23.933332,released,unknown_no_ground_truth,0.5417767672440803,-0.12897404174371851,0.36302928303352533,0.016552927233432633,1.6333552314186683,0.8714166,1.8533273,-1.3351637,0.3285120108791669,3.7598944812960893,0.22324960967078109,0.24099741300212704,0.0007224740398857695,0.016537153057797068
719,23.966667,released,unknown_no_ground_truth,0.5417325443413881,-0.1292869524679331,0.3630564393929624,0.005072911784518557,0.6229959701630975,0.8714314,1.7955525,-1.569662,0.32875844305679236,3.763726744693682,0.22328009032622478,0.24130502511352533,0.0009695826308453085,0.004979391880086397
720,24.0,released,unknown_no_ground_truth,0.5417535220838174,-0.12930594073594587,0.36309009973791184,0.001424389161702886,0.6229959701630975,0.8714314,1.7914566,-1.5862867,0.32879651320842695,3.763726744693682,0.22331427168364099,0.241325264239831,-0.0007333068683753013,0.0012211246950128633
721,24.033333,released,unknown_no_ground_truth,0.5417230099564136,-0.1293672556907799,0.3630066651430787,0.0033704083588858395,0.6229959701630975,0.8714314,1.7728384,-1.6618549,0.32878388335426895,3.763726744693682,0.2232312039507214,0.24138490328979761,-0.0032684146855446604,0.0008228717694535011
722,24.066668,released,unknown_no_ground_truth,0.5417120872756284,-0.12926402911454002,0.3628732354837203,0.007318726321073479,0.6229959701630975,0.8714314,1.7816714,-1.626003,0.3286174792118907,3.763726744693682,0.22309634897902186,0.24128295985379478,-0.004822775206298537,0.005504960878361067
723,24.1,released,unknown_no_ground_truth,0.541720754041462,-0.12899626100722636,0.36268981075983703,0.012234446256371226,0.8344939547715984,0.8714314,1.5140849,-2.712092,0.3282972811640322,3.7519155768275594,0.22290970676854271,0.2410194337559897,-0.006376172592628859,0.010441556314508126
724,24.133333,released,unknown_no_ground_truth,0.5417490102539148,-0.12856395136883897,0.3624563909714289,0.014763603991827707,0.8344939547715984,0.8714314,1.3882656,-3.2227716,0.32782332723032764,3.718156107651856,0.22267127731928402,0.24059433936267288,-0.007152992623766479,0.012915057078923552
