frame_index,time_s,stage,contact_state,tcp_x_m,tcp_y_m,tcp_z_m,speed_m_s,angular_speed_deg_s,gripper_state,aux_action_tail_norm,aux_action_tail_robust_z,reference_distance_m,reference_axis_error_deg,axial_distance_proxy_m,lateral_distance_proxy_m,axial_velocity_m_s,lateral_speed_m_s
0,0.0,approach,unknown_no_ground_truth,0.5187532275267563,-0.08127472478682217,0.321795398816173,0.04147138752910062,1.5712492735581494,0.8714757,1.507539,-2.3891375,0.2646328233907972,2.801784470353494,0.1811067824589962,0.19295301128288897,0.007624535294265225,0.04076447528345417
1,0.033333335,approach,unknown_no_ground_truth,0.5189873064957873,-0.07993888410796422,0.3220631864771929,0.03782997793173631,1.5712492735581494,0.8714757,1.827712,-1.0900484,0.26383115274319496,2.7979339739867086,0.18136093364872674,0.19161181827816678,0.007024047765659765,0.03717216678243799
2,0.06666667,approach,unknown_no_ground_truth,0.5191802090405645,-0.07883854361466258,0.3222885372057133,0.03054765519051197,1.5712492735581494,0.8714757,1.8249686,-1.10118,0.263177680505833,2.781748334812244,0.18157505233981197,0.19050719641059455,0.005822910934002928,0.029987546513395892
3,0.1,approach,unknown_no_ground_truth,0.5193319351610881,-0.07797370330691722,0.32247145100173424,0.02326666571035937,1.5712492735581494,0.8714757,1.8747363,-0.89924943,0.2626703532413591,2.7646027784945786,0.18174913853225194,0.1896390390049598,0.00462210783648178,0.022802935171278852
4,0.13333334,approach,unknown_no_ground_truth,0.5194424848573576,-0.07734436318472807,0.3226119278652553,0.016330192845476692,1.5712492735581494,0.8714757,1.8732362,-0.90533614,0.26230752933337287,2.7534484427516994,0.1818831922260462,0.18900725999453402,0.0036379240821136733,0.01591982119068036
5,0.16666667,approach,unknown_no_ground_truth,0.5195149009568305,-0.07693079997541304,0.32272463073379065,0.007289064768370879,0.3971586647702423,0.8714757,1.8591328,-0.9625602,0.26208369140524074,2.7487926383259316,0.18199166749015663,0.18859187221285467,0.0021886416702625294,0.006952719815776848
6,0.2,approach,unknown_no_ground_truth,0.5195216923735145,-0.07688918291665148,0.3227625017468409,0.0008634602066140726,0.07083607122962764,0.8714757,1.9009677,-0.7928165,0.2620793772405323,2.747844343952535,0.18202910167073036,0.18854974441704275,0.0006571520048835999,0.0005601024646290017
7,0.23333333,approach,unknown_no_ground_truth,0.5195099613165411,-0.07696827576282549,0.3227680447982564,0.0019191630764437823,0.03620466366615465,0.8714757,1.81213,-1.1532722,0.26214070928228433,2.747741042207284,0.18203547762381556,0.18862883223221327,-1.9196833733637258e-05,0.0019190670638515389
8,0.26666668,approach,unknown_no_ground_truth,0.5194908632580817,-0.07701333399053147,0.3227600817534755,0.0012361821486567357,0.03620466366615465,0.8714757,1.8523293,-0.9901651,0.2621679710216997,2.7475302059755258,0.18202782056089511,0.18867410413590238,-0.00039638380090032635,0.0011709082743927444
9,0.3,approach,unknown_no_ground_truth,0.5194502626600638,-0.07701866279698877,0.32274180173027245,0.0006445680399958495,0.03620466366615465,0.8714757,1.7917967,-1.2357736,0.26215912612040687,2.7472690213854754,0.18200905335139297,0.18867991919212065,-0.00022336707594861592,0.0006046280737496865
10,0.33333334,approach,unknown_no_ground_truth,0.5194509401071985,-0.07702000166850881,0.3227456523268568,0.0018923777433263159,0.03620466366615465,0.8714757,1.8424208,-1.0303682,0.2621627429040324,2.746899148164544,0.18201292942249853,0.18868120544984432,0.0008040969110386376,0.0017130445648303847
11,0.36666667,approach,unknown_no_ground_truth,0.5195618263287782,-0.07704683337741845,0.32279353119418336,0.006350623834210291,0.05727138942511016,0.87146837,1.7974383,-1.2128831,0.26221565582462986,2.7460460784624057,0.1820626598121289,0.18870675149997615,0.0024748973066296945,0.005848530277366861
12,0.4,approach,unknown_no_ground_truth,0.5198364776938629,-0.07709340628802303,0.32290445678497803,0.010706307208865031,1.0788445614750095,0.87146837,1.8514313,-0.99380875,0.26232718617611855,2.7244503380583245,0.1821779225762738,0.1887505155830658,0.004074688057230549,0.009900602571907332
13,0.43333334,approach,unknown_no_ground_truth,0.52021762280461,-0.07715201827235535,0.3230548961249894,0.012267395666175391,3.447963856822779,0.87146837,1.8643267,-0.94148594,0.26247567136176414,2.642219068232141,0.18233430568261094,0.18880592953625422,0.004618084838517918,0.011364958814476614
14,0.46666667,approach,unknown_no_ground_truth,0.5205905639593544,-0.07720511854469536,0.32320062271826827,0.011153574002344093,4.251929942744558,0.87146837,1.8551891,-0.97856146,0.26261740625084706,2.5543952857726833,0.18248579489884167,0.18885665655745448,0.004316793982254662,0.010284332877758089
15,0.5,approach,unknown_no_ground_truth,0.5209007409693847,-0.0772489087369527,0.32333213345181244,0.011790122464585362,4.590394190178212,0.87146837,1.8640509,-0.9426052,0.2627425015826076,2.4884933133061797,0.18262209194809456,0.18889889801263596,0.005011466879940529,0.010672028272131756
16,0.53333336,approach,unknown_no_ground_truth,0.521299118796819,-0.07731151339388867,0.3235236872186589,0.015444766386194141,4.884538854632873,0.87146837,1.7071208,-1.5793427,0.26292389196985455,2.4741923996192,0.1828198691573642,0.1889599650980598,0.006732272574041504,0.01390026311667952
17,0.56666666,approach,unknown_no_ground_truth,0.5218209415717484,-0.07740648270931744,0.32376641692299735,0.019366255146850593,9.750868667860667,0.87146837,1.5017154,-2.4127667,0.26316625709064706,2.461934300710817,0.1830709152670023,0.189054274890579,0.009156917604628462,0.017064662270169968
18,0.6,approach,unknown_no_ground_truth,0.5224280184994107,-0.07751498308799892,0.32411618839605,0.01772767978961913,9.750868667860667,0.87146837,1.3895317,-2.8679476,0.26349440402316276,2.3884818605875595,0.18343032521044322,0.1891629370270846,0.006078981881370105,0.01665282588659488
19,0.6333333,approach,unknown_no_ground_truth,0.5229187731767173,-0.0776095254877467,0.3241541297048731,0.018497978333063762,10.457523172179574,0.87146837,1.3135753,-3.1761377,0.2635975398839012,2.263767362830138,0.18347618653854297,0.18926212512311774,-0.010644621824040933,0.015128358424946437
20,0.6666667,approach,unknown_no_ground_truth,0.5234088426983265,-0.07769498301298694,0.3233906849908604,0.04274353611182434,15.432427804702986,0.87146837,1.7364215,-1.4604564,0.26314533104255733,2.2113352056137665,0.18272067709293013,0.18936372253469844,-0.03942083707969039,0.016522938094641004
21,0.7,approach,unknown_no_ground_truth,0.523952753508039,-0.07783729996537986,0.3215085624452484,0.08496048940775561,16.523611196752835,0.87146837,0.86915827,-4.979342,0.2619751602993139,2.1893367002431505,0.1808481381579367,0.18953874416239816,-0.08215835276985725,0.02164000532691804
22,0.73333335,approach,unknown_no_ground_truth,0.5246444482753809,-0.0782280943848768,0.31788883056371636,0.13396718257800844,19.864577423971742,0.87146837,1.0591009,-4.2086573,0.2598291167485198,2.1182283925760452,0.17724344560027755,0.18998929154575364,-0.1303192470574952,0.031049957395413153
23,0.76666665,approach,unknown_no_ground_truth,0.5255114270067983,-0.078939602361589,0.31278384420083427,0.171315719961724,15.432427804702986,0.87146837,1.9137139,-0.7410993,0.25698012405897014,2.0117881803368243,0.17216019672061547,0.1907869251979356,-0.16517102879740886,0.04547094843973882
24,0.8,approach,unknown_no_ground_truth,0.5268259389053488,-0.08002474046058736,0.3068229554989068,0.18435082772803374,15.432427804702986,0.87146837,1.0131121,-4.395255,0.25395357749665504,1.961494484466049,0.1662320377751988,0.1919878359179416,-0.17476329129088805,0.058677250286524
25,0.8333333,approach,unknown_no_ground_truth,0.5283576285181965,-0.08129506900153388,0.30106222763313606,0.17192511547123077,15.432427804702986,0.87146837,0.76135176,-5.4167624,0.25132204094145716,1.911490669362339,0.16050931601659038,0.193389575041846,-0.16048203779108808,0.06167463721997728
26,0.8666667,approach,unknown_no_ground_truth,0.5297832936808293,-0.08258523259413252,0.2960494735873667,0.14918382150975826,11.108055559681878,0.87146837,1.583253,-2.081931,0.24928085387894425,1.8147306064827438,0.1555332323491167,0.19480851558813136,-0.13837244598946258,0.055757320516221634
27,0.9,approach,unknown_no_ground_truth,0.5309320521824963,-0.0837318201990222,0.291769795937047,0.12682388040529163,11.108055559681878,0.87146837,1.4562677,-2.597169,0.24764945077861278,1.7286714016735023,0.1512844904126034,0.19606951173384266,-0.11742140374873393,0.04792192173455199
28,0.93333334,approach,unknown_no_ground_truth,0.532044264296825,-0.08463003656584324,0.288163248198094,0.11030858601669556,10.075378383218059,0.87146837,1.1379932,-3.8885548,0.2462855189054035,1.707510208504646,0.1477051356857823,0.19707802950747327,-0.10094932103817833,0.04446592775298332
29,0.96666664,approach,unknown_no_ground_truth,0.5332763101824988,-0.08533459600925103,0.28498632491492026,0.10873833640763159,7.4926879908827075,0.87146837,1.313365,-3.176991,0.24507359582185714,1.6533018461828537,0.14455454005385715,0.19790162283031637,-0.09891354345907447,0.045167872709139675
30,1.0,approach,unknown_no_ground_truth,0.5345817270352586,-0.08601606863729623,0.2815155840958765,0.11662280063152664,6.07082612937529,0.87146837,1.1513226,-3.8344715,0.24372433234582647,1.5295376464304096,0.14111089469029414,0.1987190619370059,-0.10736478921259618,0.04553767302438281
31,1.0333333,approach,unknown_no_ground_truth,0.535783979999525,-0.08680098017628005,0.2777745552005764,0.11929286675546638,5.7541138479152165,0.87146837,1.258357,-3.4001834,0.2423540195130999,1.425713775983555,0.13739689298375407,0.19964359386808994,-0.1104839951597264,0.044989719628855326
32,1.0666667,approach,unknown_no_ground_truth,0.5368765213363835,-0.08772688652233676,0.27409567641807175,0.1091443526158409,5.7541138479152165,0.87146837,1.397615,-2.8351502,0.2411856359838686,1.3129409739785818,0.133745298015903,0.2007055212583363,-0.10066274398819218,0.04218414015597214
33,1.1,approach,unknown_no_ground_truth,0.537589376082668,-0.08879153624095695,0.27101269168983544,0.09142484553793907,4.840146207686401,0.8714757,1.2663237,-3.3678591,0.24047896186347908,1.276401391020646,0.13068602651226474,0.20186949639153579,-0.08308581695297192,0.03814773129418396
34,1.1333333,approach,unknown_no_ground_truth,0.5378427861826064,-0.08997657818774163,0.26851409483222966,0.07515830269315418,4.41797100169746,0.8714757,1.2840664,-3.2958686,0.24018546276488942,1.142171316100202,0.1282062484826576,0.20310641145366912,-0.0652862970857836,0.03723533102501696
35,1.1666666,approach,unknown_no_ground_truth,0.5377823575529452,-0.09120599946256758,0.266626494325807,0.06017377011170021,3.5026828208748597,0.8714757,1.2890698,-3.2755678,0.2402493559689402,1.0914490783694142,0.12633361058061393,0.20435158888825977,-0.04760930859378713,0.0367999503352558
36,1.2,approach,unknown_no_ground_truth,0.5375838852994761,-0.09238036039083605,0.26531291105398375,0.047948390588042476,3.5026828208748597,0.8714757,1.2401538,-3.4740424,0.24056694744534204,1.0243832518036602,0.12503230265336582,0.20552221168615104,-0.03413461787317476,0.03367307563374363
37,1.2333333,approach,unknown_no_ground_truth,0.5372777101487902,-0.09337166311320405,0.2643301292617317,0.04241495230181854,3.5026828208748597,0.8714757,1.1528227,-3.8283846,0.2408972237864784,0.9509753609564691,0.12405795755387239,0.20649720481302952,-0.031750321491486794,0.028123749109120823
38,1.2666667,approach,unknown_no_ground_truth,0.5368684048791389,-0.09409843354049549,0.2631840665361247,0.045648457272279196,3.5026828208748597,0.8714757,1.138532,-3.8863688,0.2409177041717569,0.8786124623841756,0.12291561643798737,0.20720301981163244,-0.04048322784536961,0.021092413673142997
39,1.3,approach,unknown_no_ground_truth,0.5367939981364636,-0.09467100529502528,0.26162107631270776,0.05102567660861471,4.105456187250439,0.8714757,1.2965091,-3.2453828,0.24063300834606538,0.8719273038613143,0.1213590780997763,0.2077888805216727,-0.04807557484751376,0.017098502169723293
40,1.3333334,approach,unknown_no_ground_truth,0.5372734492255196,-0.0951056769174088,0.25996024398463263,0.06257796196174238,5.104316837983379,0.8714757,1.390695,-2.8632276,0.2402353192169491,0.850226164088504,0.11971058362426326,0.20828438435852004,-0.054559509030272596,0.030647370158969258
41,1.3666667,approach,unknown_no_ground_truth,0.5385364303941234,-0.09560529206314522,0.25794745490089105,0.08565511645430257,5.795663575398727,0.8714757,1.2112286,-3.5914052,0.2398034290918434,0.7561834036418907,0.11772176706008156,0.2089192910299541,-0.06871200960210704,0.051141555620063874
42,1.4,approach,unknown_no_ground_truth,0.540427446886673,-0.09617609873645072,0.25532187861762057,0.1121416551534939,5.883429484600035,0.8714757,1.2484996,-3.4401796,0.23922737485808174,0.8173710231350564,0.1151297870614716,0.20970185743733738,-0.09096482183399883,0.06558316864313585
43,1.4333333,approach,unknown_no_ground_truth,0.5426219523659666,-0.09684508478611525,0.2518103912225452,0.13669036842031418,8.275463766984277,0.8714757,1.0602705,-4.2039113,0.23840751566480872,1.117351961692638,0.11165745100230527,0.21064367344198545,-0.1180829496983687,0.06885255121935388
44,1.4666667,approach,unknown_no_ground_truth,0.5446677507407836,-0.09754518564316644,0.24737286708415646,0.14968605148902642,8.275463766984277,0.8714757,1.7850499,-1.2631483,0.2372615764308841,1.0998681089140874,0.10725758860845981,0.21163380008015414,-0.13801846454308336,0.05793804842713556
45,1.5,approach,unknown_no_ground_truth,0.5461029662313027,-0.09810838885369119,0.2425438587476056,0.15174739784155922,8.275463766984277,0.8714757,1.4892675,-2.4632738,0.2358519639424909,1.1174854423142266,0.10245620543538386,0.21243557814855885,-0.1467048072966549,0.03879397205411953
46,1.5333333,approach,unknown_no_ground_truth,0.5468713695891403,-0.09852710935247141,0.23754824790265755,0.147077115388127,8.2583400207681,0.8714757,1.5338347,-2.282444,0.23426269707576516,1.148575747590609,0.09747727682743285,0.21301922857695202,-0.14510215781815566,0.0240216916017061
47,1.5666667,approach,unknown_no_ground_truth,0.5473229402308981,-0.09884333628152979,0.23284270684563818,0.12901571014053673,5.883429484600035,0.8714831,1.4447621,-2.6438525,0.2327511237190826,0.9377438756762616,0.09278272879743549,0.21345831168965343,-0.1280223816444626,0.015978837916023808
48,1.6,approach,unknown_no_ground_truth,0.5476209695543657,-0.09903866790823865,0.22899519572991422,0.10726380927862832,3.9956747515056925,0.8714831,1.110014,-4.0020795,0.23151264593597526,0.861985383462263,0.0889424333084272,0.21374599127340896,-0.10640585480420955,0.013539528955891585
49,1.6333333,approach,unknown_no_ground_truth,0.5480197442157004,-0.09918275898050649,0.2257339213586395,0.08978393165716468,3.3567881053496094,0.8714757,1.4187782,-2.7492812,0.23050740560970973,0.8815651259781987,0.08568901145791115,0.21398845145541198,-0.08850823694050206,0.015081325455753795
50,1.6666666,approach,unknown_no_ground_truth,0.5484868816423192,-0.0993019649404532,0.2230784263439866,0.0810782260206321,2.8694104359038874,0.8714757,1.2579207,-3.4019537,0.22974091271352992,0.9318362782662836,0.08304188943111106,0.21420768327526654,-0.08013454857275285,0.012334215001118505
51,1.7,approach,unknown_no_ground_truth,0.5487168639916709,-0.09940254518576776,0.22037835711711423,0.08230474371587711,2.3198035405346493,0.8714757,1.0889976,-4.0873528,0.2289395065281033,0.9729642278492446,0.08034671083389901,0.2143774794783847,-0.08218612525375617,0.004417199781548897
52,1.7333333,approach,unknown_no_ground_truth,0.5485513354987112,-0.09949222853908651,0.21759511083466737,0.08187661770424166,2.1660586264140944,0.8714757,1.1789443,-3.7223973,0.22807713824619325,1.0101905169463303,0.07756280274376569,0.21448354860246238,-0.08093031589461794,0.012412271987186325
53,1.7666667,approach,unknown_no_ground_truth,0.5478374442269283,-0.099524589658218,0.21499261175526066,0.08132606571439006,2.1660586264140944,0.8714757,0.94795054,-4.659645,0.22717673027051324,0.9968880883783641,0.07495136124330372,0.21445642966387676,-0.07663073995467,0.027233410704152233
54,1.8,approach,unknown_no_ground_truth,0.5466658169060241,-0.09943233780692909,0.21251215694442657,0.08234817538025413,2.1660586264140944,0.8714757,0.8754797,-4.953693,0.22616665721732573,0.9583566866630284,0.07245409129403145,0.21424696378622377,-0.0735132531199403,0.037108268676680135
55,1.8333334,approach,unknown_no_ground_truth,0.545339392304842,-0.09900483908649374,0.21013172122365337,0.08125316353138037,2.3198035405346493,0.8714757,0.92592186,-4.749026,0.2248790550487288,0.9461900054251845,0.07005048086738311,0.21369024200898268,-0.07069178181404302,0.0400593131220816
56,1.8666667,approach,unknown_no_ground_truth,0.5442604558847446,-0.09808803083479181,0.20784848380849333,0.08112019918076672,2.5946682639940346,0.8714757,1.09099,-4.079269,0.223210075572431,0.9091813915718836,0.06774129449655937,0.21268252127756238,-0.07021776598194264,0.04061960186452356
57,1.9,approach,unknown_no_ground_truth,0.5436846954933807,-0.09675479127627834,0.2055007581626731,0.08269922220258273,3.816897702741085,0.8714757,0.9661805,-4.5856776,0.22120363149586067,0.9117938171590293,0.06536930063528686,0.21132416123436998,-0.07078782069354807,0.04275799100016557
58,1.9333333,approach,unknown_no_ground_truth,0.5435799877730123,-0.09524576114835454,0.20317358437139804,0.08856203840753715,3.816897702741085,0.8714757,0.9605266,-4.6086187,0.21910546697210434,0.8935808844161608,0.06302211065084964,0.20984617991799606,-0.07766284239197299,0.042564275613448964
59,1.9666667,approach,unknown_no_ground_truth,0.5436486074851505,-0.09385247960748788,0.20035934829879226,0.09625976391246395,3.816897702741085,0.8714609,1.1721027,-3.750157,0.21702457827811836,0.9267800883590076,0.060191778365199365,0.20851047310394227,-0.08979991027803132,0.034668692829998966
60,2.0,approach,unknown_no_ground_truth,0.5438919175736834,-0.0928931742554582,0.19721119035669424,0.10497655012900982,3.8764167521007074,0.8714609,0.90544873,-4.832095,0.21532279833496165,0.9756306155769853,0.057035439352849285,0.2076315634498426,-0.10280596433571844,0.021236990699990868
61,2.0333333,approach,unknown_no_ground_truth,0.5440170568696825,-0.09242819666232366,0.1935172951091026,0.11425580339129385,3.816897702741085,0.8714609,1.135378,-3.899166,0.21399130107388603,1.0172010459202763,0.05333805350995807,0.2072373735190238,-0.11402461922347815,0.007264627969195277
62,2.0666666,approach,unknown_no_ground_truth,0.5439289420399173,-0.09233435764072628,0.18961475995674043,0.11781174490913862,2.1865479906053475,0.87146837,0.9041744,-4.8372655,0.2130044454918278,1.0978887103712447,0.04943380483746876,0.2071887852625525,-0.11771735905594803,0.004714935357877467
63,2.1,approach,unknown_no_ground_truth,0.5435951942242394,-0.09231903035229,0.18567528337149986,0.11352256350047839,2.1865479906053475,0.87146837,1.2022606,-3.6277926,0.21212422887681423,1.1795376162638123,0.0454902365582056,0.20718910891854708,-0.11314309035349886,0.009274347900534198
64,2.1333334,approach,unknown_no_ground_truth,0.5432129670687196,-0.09215500993483466,0.18208264932960688,0.10221610385956309,2.1865479906053475,0.87146837,1.0108339,-4.404499,0.2112271579699335,1.2074696609098179,0.04189091472227054,0.20703155201028342,-0.1013964349027265,0.012918780021586286
65,2.1666667,approach,unknown_no_ground_truth,0.5427953624529123,-0.09174245722289988,0.1789325643483488,0.09376499033343777,3.8764167521007074,0.87146837,1.182406,-3.708352,0.2102159797474915,1.2074717399326054,0.038730453242274344,0.20661730356590605,-0.09101640568108477,0.022536355275995252
66,2.2,approach,unknown_no_ground_truth,0.5420513435502854,-0.09103287631567183,0.17604391019593757,0.09541379253088977,6.8092656932710165,0.87146837,1.1481047,-3.8475282,0.20896109861124976,1.1542449658615062,0.03582315974441616,0.20586753498001206,-0.08764262382878403,0.03771687014498862
67,2.2333333,approach,unknown_no_ground_truth,0.540769917307101,-0.09007635925635041,0.17313748760942083,0.10885237585366354,7.572915373698514,0.87146837,1.0778524,-4.132574,0.20743930979757463,1.1290863439519103,0.03288761685437422,0.20481570229582993,-0.09316392866690909,0.05629673280337245
68,2.2666667,approach,unknown_no_ground_truth,0.5387975314713944,-0.08894441574330386,0.16990286341610755,0.1268640023668695,8.653395113654417,0.87146837,1.1206119,-3.9590788,0.2056733452472866,1.1405604647466203,0.029612236694940165,0.20353044092501835,-0.10345879686185537,0.07342174370333637
69,2.3,approach,unknown_no_ground_truth,0.5363100901003888,-0.08777674472766459,0.1663292141575059,0.13700449947517862,8.653395113654417,0.87146837,1.1633261,-3.7857676,0.20384807316541567,1.2872133357630937,0.02599036986946266,0.202184414847686,-0.108752509111805,0.08332541412036898
70,2.3333333,approach,unknown_no_ground_truth,0.5335651832871995,-0.08673117575157793,0.1627511356571813,0.13467915106473932,8.653395113654417,0.87146837,1.110543,-3.999933,0.20220784863665953,1.45007913240611,0.02236207587415918,0.2009675387043006,-0.10486051199366035,0.0845147724125569
71,2.3666666,approach,unknown_no_ground_truth,0.5308676247934043,-0.08591361080011417,0.15943547796830781,0.11623757674479238,8.653395113654417,0.87146837,1.5275446,-2.3079658,0.20091198246171613,1.5605874752456408,0.01899967529227479,0.20001159225276183,-0.08939048703431858,0.07430016874320554
72,2.4,approach,unknown_no_ground_truth,0.5286934135838877,-0.08539709751872845,0.15687440448864998,0.083738937976235,3.5132308903241825,0.87146837,1.3334908,-3.0953312,0.2000798938927352,1.5735342190161923,0.01640269983550665,0.1994064075656408,-0.06392042723038106,0.05409610629308998
73,2.4333334,approach,unknown_no_ground_truth,0.5272721198910801,-0.0851581514180102,0.1552322335016072,0.04945330910387478,2.4941096157122042,0.87146837,1.2503302,-3.4327521,0.1996657284528954,1.5631661601236773,0.014738295550502172,0.199121032949539,-0.03784084218801581,0.03183866272042635
74,2.4666667,approach,unknown_no_ground_truth,0.5265546250629884,-0.08508821874656496,0.15438450009047794,0.02228693659851367,1.6208570622288254,0.87146837,1.2539588,-3.418029,0.1995149215236977,1.5549725448991127,0.013879979268435826,0.19903153038178412,-0.0173731500436921,0.013959985691451451
75,2.5,approach,unknown_no_ground_truth,0.526327207945695,-0.08508978224276505,0.15408765837468097,0.0068620974454876695,1.1953043294601564,0.87146837,1.3194765,-3.1521938,0.19949051797649522,1.547342612003125,0.013580086578506572,0.1990277568859445,-0.005021785704677509,0.004676542492874945
76,2.5333333,approach,unknown_no_ground_truth,0.5262391027446403,-0.08506155252888649,0.1540543245284011,0.002503711439386683,1.0811011979391452,0.87146837,1.294044,-3.2553852,0.19945694204160477,1.5385722065065663,0.013545193852781839,0.1989964810042596,0.0022104760106162642,0.0011757409485961359
77,2.5666666,approach,unknown_no_ground_truth,0.526266280868368,-0.08504495610078905,0.15423644941633718,0.002081920940863836,1.0811011979391452,0.87146837,1.2921714,-3.2629833,0.19945155207557974,1.5325535456924475,0.013727451514712049,0.19897858854728295,0.0011837960404022239,0.0017126067087149274
78,2.6,approach,unknown_no_ground_truth,0.5263490421802037,-0.08509692969659843,0.15413130322107527,0.007205071356206874,1.0811011979391452,0.87146837,1.3116243,-3.184054,0.19950094626267156,1.5177158135909892,0.013624113518562554,0.19903520063178445,-0.0063382053499743615,0.003426398428319326
79,2.6333334,approach,unknown_no_ground_truth,0.5264306985532785,-0.08519191230885997,0.15380971998155096,0.019448157767381596,1.0811011979391452,0.87146837,1.116002,-3.9777834,0.19958158532657774,1.5108923891927293,0.013304901844723578,0.19913761269125504,-0.018357555374604553,0.006421137065449736
80,2.6666667,approach,unknown_no_ground_truth,0.5266395698334511,-0.08537941775327174,0.15289971167285538,0.04058380418457315,3.19822155592423,0.87146837,1.0482315,-4.2527595,0.19973078411266976,1.4424723288142756,0.01240027743943213,0.19934547710366296,-0.038733964698224405,0.012113015349139222
81,2.7,approach,unknown_no_ground_truth,0.5270223111074491,-0.08566803290197034,0.15121289664223306,0.06559415516436752,4.4267302599884335,0.87146837,0.9915619,-4.482694,0.19996000076145282,1.3067196411090016,0.010722639829969764,0.19967229877876638,-0.06310842231518467,0.017886313891224876
82,2.7333333,approach,unknown_no_ground_truth,0.5275257842945056,-0.08605470481482541,0.14867109326026812,0.08797989163559611,4.4267302599884335,0.87146837,1.2144945,-3.578154,0.20028230332126654,1.2561841463845789,0.008193053029920239,0.2001146544002231,-0.08515118689109537,0.02212999555465347
83,2.7666667,approach,unknown_no_ground_truth,0.5280958924185769,-0.08651850688425017,0.14550973030263975,0.09746997277791854,4.4267302599884335,0.87146837,0.96791923,-4.5786233,0.20071028303503755,1.2154357575026056,0.005045899090074484,0.2006468455231172,-0.09469280132240449,0.023101276394255993
84,2.8,approach,unknown_no_ground_truth,0.5286069842382284,-0.08697885142635453,0.14233067805539462,0.09045846170452365,4.4267302599884335,0.8714757,1.3907984,-2.8628078,0.20118326560157557,1.273764708732356,0.0018802052274673534,0.2011744794610308,-0.08811324170976938,0.020464357535591757
85,2.8333333,approach,unknown_no_ground_truth,0.5290070651434545,-0.08738106512401106,0.13961113756066218,0.07235098451157508,4.31506394402034,0.8714757,1.0754023,-4.142515,0.20163504381414832,1.3454137958885175,-0.0008283117952983662,0.2016333424647404,-0.07021216268308406,0.01746187765271299
86,2.8666666,approach,unknown_no_ground_truth,0.5293907354557642,-0.08771721103452668,0.1376290086390397,0.04435783475640877,4.31506394402034,0.8714757,1.0801628,-4.1231995,0.2020357625732546,1.3880728926926769,-0.0028006014517041483,0.20201635079880345,-0.04159089498086202,0.015421250240099599
87,2.9,approach,unknown_no_ground_truth,0.5298087438872141,-0.08793900155600204,0.13681990420970763,0.02022352830419445,4.31506394402034,0.8714757,1.0613543,-4.1995144,0.2023043294146905,1.3976063699794925,-0.0036010370503890827,0.20227227746799442,-0.011742172172688045,0.016465493911131376
88,2.9333334,approach,unknown_no_ground_truth,0.530405206641723,-0.0880991739552185,0.136827318310632,0.021018628471458377,4.31506394402034,0.8714757,1.2038393,-3.621387,0.20249908437545927,1.402146261890092,-0.00358342085749935,0.20246737581115978,0.007656307279267401,0.01957456772617566
89,2.9666667,approach,unknown_no_ground_truth,0.5310951140414111,-0.08820183033256063,0.13730944299491493,0.025799513661867342,5.340174651086678,0.8714757,1.4101886,-2.7841332,0.20262992790076975,1.417865925511769,-0.0030906170194274314,0.2026063566809057,0.015779568869871956,0.020411274126566608
90,3.0,approach,unknown_no_ground_truth,0.5317689074945223,-0.08828765637858835,0.13785837483737845,0.023502435974289578,7.199951695585285,0.8714757,1.5006019,-2.4172847,0.2027446198594946,1.4569416649735074,-0.0025314505358624974,0.2027288155151,0.014477011693330924,0.018514335774116784
91,3.0333333,approach,unknown_no_ground_truth,0.5323307065580349,-0.08838422650503405,0.13825548301395638,0.01852458599419186,7.199951695585285,0.8714757,1.4611373,-2.5774107,0.20286945885926405,1.4894409425799702,-0.0021254837655999715,0.20285832409988205,0.010787204485262354,0.01505976446194777
92,3.0666666,approach,unknown_no_ground_truth,0.5327733090715604,-0.08843330002613671,0.13856202213021,0.014757514532695746,7.199951695585285,0.8714757,1.3726345,-2.9365072,0.20294264259087189,1.4979569907729682,-0.0018123042102876409,0.20293455037330568,0.008762128060521708,0.011874735661636607
93,3.1,approach,unknown_no_ground_truth,0.5331301282218915,-0.08840791350435995,0.13882845084941164,0.011584833159265312,7.199951695585285,0.8714757,1.4023402,-2.8159778,0.2029375044459046,1.5108899365177142,-0.00154134241484042,0.2029316509918839,0.006907474533902479,0.009300277140574995
94,3.1333334,approach,unknown_no_ground_truth,0.5333652859928553,-0.08823561628877716,0.13901695964465788,0.01171211702698546,6.380823291016657,0.8714757,1.4563552,-2.596814,0.2027792946727794,1.5217541951507336,-0.001351805264254607,0.20277478879416305,0.003639077732702948,0.011132421053353502
95,3.1666667,approach,unknown_no_ground_truth,0.5335978126022594,-0.08783201854672029,0.13907192343656208,0.01823457203269268,6.353909936519692,0.8714609,1.4407256,-2.6602306,0.20239339843128346,1.5385885593576127,-0.0012987356276063823,0.20238923146831167,-0.002030272245478688,0.018121192340039245
96,3.2,approach,unknown_no_ground_truth,0.5339228832111292,-0.0871631991680842,0.13888742081955452,0.02722847568699634,4.599674719691663,0.8714609,1.4588498,-2.5866923,0.2017555700145899,1.554258617972517,-0.0014871566268107907,0.20175008896424165,-0.012119169487750629,0.024382690974634545
97,3.2333333,approach,unknown_no_ground_truth,0.5342382075977414,-0.08633264219060491,0.1382739102182602,0.03639657975394287,4.599674719691663,0.8714609,1.5723878,-2.1260164,0.20096656750693728,1.5583982465273598,-0.002106679540975428,0.20095552532048486,-0.025516780030208498,0.025953900567642563
98,3.2666667,approach,unknown_no_ground_truth,0.5345302374325939,-0.08553063127856426,0.1371982088795617,0.04559870049736932,4.599674719691663,0.8714609,1.4727693,-2.5302145,0.20021995280190985,1.572932403344346,-0.0031882737813337483,0.20019456638553973,-0.03960293350893452,0.02260197213819404
99,3.3,approach,unknown_no_ground_truth,0.534794004901026,-0.08491385003558337,0.13564347774366214,0.05309035946954572,4.599674719691663,0.8714609,1.5880549,-2.0624478,0.19967947637464,1.6357466469056436,-0.004746872758212221,0.19962304597482666,-0.0503390837628854,0.01686899269425387
100,3.3333333,approach,unknown_no_ground_truth,0.5350856314747539,-0.08453818174523915,0.13384655120552902,0.05481473448767417,4.599674719691663,0.8714609,1.6157795,-1.9499562,0.19940540677721164,1.679574364151112,-0.006544209711754203,0.19929799188961694,-0.05365886755266953,0.01119736799070588
101,3.3666666,approach,unknown_no_ground_truth,0.5353508060844139,-0.08443283419087577,0.13206400918413497,0.05125306215326103,4.599674719691663,0.8714609,1.4760486,-2.516909,0.19941412406918615,1.7450515931113841,-0.008324127410956705,0.19924031163679434,-0.0508592090101702,0.006341706311858074
102,3.4,approach,unknown_no_ground_truth,0.5354618093322843,-0.0844919596969962,0.13045075788369231,0.0441467768349803,4.587842508711043,0.8714609,1.4689798,-2.54559,0.19957844980887912,1.794380263584482,-0.009934831370978177,0.19933102305899478,-0.044007179220112734,0.0035080025664801957
103,3.4333334,approach,unknown_no_ground_truth,0.5354563899193721,-0.0845786868423989,0.12912639394096279,0.035084408631704374,4.316062227322447,0.8714609,1.5280832,-2.3057804,0.19975262097946112,1.8193307555617406,-0.01125794916733252,0.19943512270588148,-0.03501608607280075,0.0021884801069741474
104,3.4666667,approach,unknown_no_ground_truth,0.5353896815077575,-0.08460287523998156,0.12811554437015663,0.02680650321340334,2.98934948064974,0.8714609,1.5543,-2.199407,0.19984425672345066,1.8311327676791658,-0.012269235031321473,0.19946727254638705,-0.026630422204351124,0.0030674464540080197
105,3.5,approach,unknown_no_ground_truth,0.535228949516547,-0.08458035869969993,0.12735382812884027,0.01997401331888922,2.020220875478847,0.8714757,1.4683203,-2.5482662,0.19986675104351465,1.8178456001109828,-0.013033309067381788,0.19944134733661514,-0.0194257056261278,0.004647920932007185
106,3.5333333,approach,unknown_no_ground_truth,0.5350630041167692,-0.08456260335383287,0.12682526617319076,0.014575141141902651,1.7950537784244651,0.8714757,1.5157255,-2.3559213,0.19987742050154622,1.8081621673731523,-0.013564280920348117,0.19941663298096732,-0.014006165645967395,0.004032624852885034
107,3.5666666,approach,unknown_no_ground_truth,0.5349473666857503,-0.0845633629597399,0.12642400289237535,0.010604549816996958,1.6988170962742464,0.8714757,1.493205,-2.4472976,0.19990155251443043,1.7969102696316435,-0.0139670526126582,0.1994130189806945,-0.01030923887543864,0.0024851701411200845
108,3.6,approach,unknown_no_ground_truth,0.5348887540992238,-0.08457072333661925,0.1261401554732567,0.007973783575944991,1.6988170962742464,0.8714757,1.4748269,-2.5218656,0.19992785999828003,1.798997609026121,-0.014251562900297067,0.19941926225515613,-0.007834373261702398,0.001484526898487396
109,3.6333334,approach,unknown_no_ground_truth,0.5348449077438482,-0.08458351220077695,0.12590277309654882,0.006775772427267649,1.6988170962742464,0.8714609,1.4800849,-2.5005317,0.19995719784815702,1.8052756135759556,-0.014489345197102625,0.19943154175567668,-0.006638696981297919,0.0013560215251338854
110,3.6666667,approach,unknown_no_ground_truth,0.5347949125301602,-0.08458680782365847,0.1256985836862437,0.006562066195446822,1.7950537784244651,0.8714609,1.4332151,-2.6907039,0.19997399375463468,1.8015575027962811,-0.014694144112877394,0.19943339817334674,-0.006242116777101954,0.002024028382816867
111,3.7,approach,unknown_no_ground_truth,0.5347058479286126,-0.0845988600427901,0.1254882765146466,0.008815174282302137,1.9273382204281524,0.8714609,1.3245593,-3.1315703,0.19999700727853473,1.7986425212556985,-0.014905485945170856,0.19944079173807094,-0.007730126471958815,0.004237032257946892
112,3.7333333,approach,unknown_no_ground_truth,0.5345102953472232,-0.08463275461636158,0.1251864830088048,0.012830332534932811,2.015126330064462,0.8714609,1.2559108,-3.4101093,0.20004141657666924,1.7879420880786,-0.015209485418971404,0.1994623771524109,-0.010471403055458562,0.007413983477664923
113,3.7666667,approach,unknown_no_ground_truth,0.5342120392745721,-0.08468904889007298,0.12479570831010711,0.015430456564559807,2.015126330064462,0.8714609,1.2118251,-3.588985,0.2001085717007543,1.7796321852826926,-0.015603578860831697,0.19949929522394239,-0.012153476800019141,0.009507470297727116
114,3.8,approach,unknown_no_ground_truth,0.5338804640699011,-0.08476002581235206,0.12438315838366676,0.015026900671347314,2.015126330064462,0.8714609,1.1500001,-3.8398376,0.20019091988729443,1.7690603413535924,-0.01601971648445589,0.19954892404891283,-0.01163193703453312,0.009513452822776557
115,3.8333333,approach,unknown_no_ground_truth,0.5335824436428911,-0.08481750726140844,0.12402714082887584,0.012297405523562,1.9273382204281524,0.8714609,1.0656965,-4.181896,0.20025844562948758,1.7574923982468906,-0.016379040639565117,0.19958750480344684,-0.009352373288892801,0.007984941858031131
116,3.8666666,approach,unknown_no_ground_truth,0.5333517306374869,-0.0848651457910155,0.12376549673017166,0.009025989081751075,1.1477277820927212,0.8714609,1.0931995,-4.0703034,0.20031322079151595,1.7531638372552585,-0.016643207482081875,0.1996206153396462,-0.006730426691267073,0.006014136301861586
117,3.9,approach,unknown_no_ground_truth,0.5331856441797979,-0.0849020747811685,0.12358275176595963,0.005412659029904569,0.933046597393387,0.87146837,1.0281079,-4.33441,0.20035509405856283,1.75179312120707,-0.01682773635658573,0.19964716628174015,-0.0036476683458287985,0.003998924031892337
118,3.9333334,approach,unknown_no_ground_truth,0.5331176215493192,-0.08499556409230961,0.1235238488313169,0.004645711260120449,0.933046597393387,0.87146837,1.1277814,-3.929989,0.20044854094884254,1.7517933453004366,-0.016886386923768898,0.1997359945157121,-0.0001548679615144919,0.004643129227892142
119,3.9666667,approach,unknown_no_ground_truth,0.5331286056239875,-0.08520619730013657,0.12356938240996489,0.008621339841417218,0.933046597393387,0.87146837,1.2217679,-3.5486424,0.20065395414332124,1.7527030565605235,-0.01683806087816355,0.19994621531605275,0.001957420478965067,0.00839618995317138
120,4.0,approach,unknown_no_ground_truth,0.5331501366310422,-0.08555605757324362,0.12364686788105467,0.012279225408954555,0.933046597393387,0.87146837,1.1855402,-3.6956348,0.20099525719692793,1.758682161533474,-0.01675589234132393,0.20029561524782608,0.00247084226242026,0.012028063649571907
121,4.0333333,approach,unknown_no_ground_truth,0.5331535963816145,-0.08600974993310813,0.12372368081559507,0.013971608846273461,0.933046597393387,0.85101485,1.421129,-2.739743,0.201438401365987,1.7743545340053675,-0.01667333820728787,0.20074717765864072,0.002218156083056196,0.0137944060163701
122,4.0666666,approach,unknown_no_ground_truth,0.5331350855268226,-0.08647731548487726,0.12378338656948662,0.013403748180013319,0.933046597393387,0.85101485,1.4956294,-2.4374604,0.20189540113179652,1.7860539600656933,-0.016608015400744858,0.2012111498466664,0.00176053588316074,0.01328762502019506
123,4.1,approach,unknown_no_ground_truth,0.53312509325774,-0.08689649022520612,0.12383030521057022,0.011667668347281088,0.933046597393387,0.85101485,1.4698083,-2.5422285,0.20230627895479525,1.7936122247535657,-0.016555969252880123,0.20162770242859268,0.001255285372222912,0.01159994583161612
124,4.133333,approach,unknown_no_ground_truth,0.53310955766948,-0.0872511803077544,0.12385770104571434,0.008909576432261554,1.3181223792807446,0.8397873,1.4276651,-2.7132227,0.20265463118654775,1.7958601390554187,-0.016524329783751582,0.20197981598801776,0.0005419941496866236,0.008893075651540135
125,4.1666665,approach,unknown_no_ground_truth,0.5330490575502357,-0.08748482131593488,0.12386008649736951,0.00650344906814192,1.3181223792807446,0.8397873,1.3871267,-2.8777058,0.2028819061320752,1.7952714464555521,-0.016519836341729436,0.2022082165566638,-0.00010960404080256497,0.006502525412188387
126,4.2,approach,unknown_no_ground_truth,0.5328890812581817,-0.08762439117777937,0.12384872474006188,0.0083461077594007,1.3181223792807446,0.8397873,1.4935967,-2.4457083,0.20300988746275225,1.7948697637812512,-0.01653163671330121,0.20233566021643037,-0.0011388767738067132,0.008268039333821059
127,4.233333,approach,unknown_no_ground_truth,0.5325281114557388,-0.08766689763876226,0.12378901060462585,0.012413404940504635,1.9595699723441231,0.8397873,1.6022403,-2.004891,0.2030319241606558,1.7897701216311208,-0.01659576139240264,0.202352521437675,-0.0006213079321855258,0.012397846533585912
128,4.266667,approach,unknown_no_ground_truth,0.5320620727011466,-0.08761532513443417,0.12381875930102888,0.014460055736922831,2.678720859375121,0.83758605,1.7039422,-1.5922397,0.20294545660534416,1.7521983038185545,-0.016573064616607316,0.20226762441370935,0.002135328569644448,0.014301523828409862
129,4.3,approach,unknown_no_ground_truth,0.5315922565389865,-0.08749759801916772,0.12394637852863022,0.014789203865028263,2.678720859375121,0.83758605,1.7809682,-1.2797098,0.2027848029703543,1.7204399248560691,-0.01645339829765916,0.20211620914756936,0.007085788184540751,0.012981223238400515
130,4.3333335,approach,unknown_no_ground_truth,0.5312718295034742,-0.08728372488553063,0.12430624937329571,0.01716280685173605,2.678720859375121,0.83758605,1.916264,-0.7307522,0.20251763508668041,1.7232682358194622,-0.01610067915810635,0.2018765975831512,0.014178673864094394,0.009670943412389735
131,4.366667,approach,unknown_no_ground_truth,0.5311890090775715,-0.08701725763956336,0.12490336674563711,0.021897261439762075,2.678720859375121,0.83758605,1.8861175,-0.85307086,0.20219286074402218,1.7122928210227641,-0.015508154214744205,0.20159724722501363,0.02030503539278259,0.00819729200767775
132,4.4,approach,unknown_no_ground_truth,0.5313217002895579,-0.0867552013739051,0.12566611662254842,0.025458579315674735,1.2491122880521293,0.83758605,1.9516495,-0.58717704,0.20187363393064514,1.6991055569682016,-0.014747011336815195,0.20133427361727552,0.02356674380912533,0.009630568363682101
133,4.4333334,approach,unknown_no_ground_truth,0.5316012693545731,-0.0865275394314764,0.12647525457541162,0.0249288181309343,0.8428297006207791,0.83758605,1.9887663,-0.43657726,0.20159731199907907,1.676533610217605,-0.013937039359245609,0.20111497989745283,0.02268509487149795,0.010335978138344538
134,4.4666667,approach,unknown_no_ground_truth,0.5318791682687649,-0.0863420756653423,0.12717626025421214,0.01940092791852911,0.6302802281254859,0.83758605,2.001245,-0.38594538,0.20137489709087258,1.6633316570563401,-0.01323467302484166,0.2009395247538051,0.017615552613896055,0.008129471705284549
135,4.5,approach,unknown_no_ground_truth,0.5320167306874765,-0.08617590646305973,0.12764854664803885,0.013126922806257766,0.6302802281254859,0.83758605,2.062439,-0.13765343,0.2011821808915465,1.6527245387458103,-0.012762670230287165,0.20077695125903242,0.011761178051546672,0.005830162364914643
136,4.5333333,approach,unknown_no_ground_truth,0.5320790667060444,-0.08601238689590694,0.12796187715229476,0.007797014696414354,0.8290289590421414,0.83758605,2.0403259,-0.22737637,0.20099996387916302,1.6499682495556898,-0.012450595185976446,0.2006139779749651,0.006192008678759906,0.00473840339125569
137,4.5666666,approach,unknown_no_ground_truth,0.5320476275759528,-0.08586623570612964,0.1280648902346958,0.005331843743231654,0.8290289590421414,0.8371429,2.033616,-0.25460118,0.20084465782417513,1.6430468542036936,-0.012349870019135003,0.20046460357634324,0.0018574636559243723,0.004997838179569103
138,4.6,approach,unknown_no_ground_truth,0.531962359938168,-0.08570255420949462,0.12809122999215608,0.0057988777370301565,0.8290289590421414,0.8371429,2.0439227,-0.21278258,0.20067397792278555,1.6368846064991684,-0.012326764385802786,0.2002950231411942,-4.6435175105935406e-05,0.0057986918165683615
139,4.633333,approach,unknown_no_ground_truth,0.5318465727618588,-0.08553606094504428,0.1280687086944064,0.006425537704251271,0.8290289590421414,0.62864196,2.0382156,-0.23593861,0.2005021072941286,1.6391324274430048,-0.012352965694719956,0.20012121143929582,-0.0012097096938737588,0.006310636833577302
140,4.6666665,approach,unknown_no_ground_truth,0.5317058751136725,-0.08536729637133242,0.12801830849528467,0.006683054383092999,1.0107238109303271,0.62864196,1.9519922,-0.58578694,0.20032845286087755,1.6533352868997424,-0.012407411626943927,0.19994385502523554,-0.00186577642383832,0.006417327654376675
141,4.7,approach,unknown_no_ground_truth,0.5315581787555557,-0.0852170388545069,0.12795227574706763,0.006456092952198794,1.152298124077125,0.62864196,1.8959572,-0.81314635,0.20017402988684074,1.667062647773284,-0.012477350678927922,0.19978477910284573,-0.002159250534477751,0.0060843054933811865
142,4.733333,approach,unknown_no_ground_truth,0.531418412572823,-0.08507744353884548,0.1278819274570733,0.00584519374430529,1.152298124077125,0.62864196,1.9524665,-0.5838623,0.2000311929145528,1.6702520936401075,-0.012551361534446526,0.19963702427768917,-0.0019721607745831005,0.005502442347509103
143,4.766667,grasp_lift,unknown_no_ground_truth,0.5313154377528545,-0.08493881993999455,0.12782759976408226,0.005173497477691408,1.0107238109303271,0.46626288,1.9431306,-0.62174225,0.19989062990248044,1.6755598859243386,-0.012608837255576558,0.1994925591240756,-0.0015393958134524784,0.004939163560888053
144,4.8,grasp_lift,unknown_no_ground_truth,0.5312335212142749,-0.08480282381586665,0.12778528485472843,0.004592758878396671,1.0107238109303271,0.46626288,1.8744247,-0.90051377,0.19975319929187724,1.6867259493014648,-0.012653980125177367,0.19935199375559817,-0.0013358379814368492,0.00439419742415406
145,4.8333335,grasp_lift,unknown_no_ground_truth,0.5311445431851055,-0.08469895197974034,0.12774389290932026,0.004585834485468566,0.968399509355105,0.46626288,1.8791854,-0.8811973,0.1996472399360355,1.6949790387960122,-0.012697893041737485,0.19924302729676022,-0.0016090846982416238,0.004294266452142603
146,4.866667,grasp_lift,unknown_no_ground_truth,0.5310143450500697,-0.08461563728364144,0.12768335856305005,0.0053540993620613845,1.0107238109303271,0.46626288,1.8604927,-0.9570423,0.19956060245670504,1.7038897286537884,-0.012761252342910905,0.19915216416480042,-0.0021470416869972084,0.004904751978757163
147,4.9,grasp_lift,unknown_no_ground_truth,0.5308611220347454,-0.08453082356750856,0.12760673899956498,0.006286357746186941,1.2366841867860725,0.46626288,1.7887495,-1.2481376,0.199472358525346,1.7205483010714058,-0.012841029026799204,0.19905860893012658,-0.0026882699077800556,0.0056825609205681865
148,4.9333334,grasp_lift,unknown_no_ground_truth,0.5306938094143412,-0.0844077198482098,0.12751112675834603,0.007143310023181673,0.968399509355105,0.43566766,1.7617255,-1.357786,0.19934676291575107,1.7331907544292144,-0.012940470177241831,0.19892630825655158,-0.0030669739355012903,0.006451398992950558
149,4.9666667,grasp_lift,unknown_no_ground_truth,0.5305318439683933,-0.0842483722127661,0.127410313674483,0.0071610804923279165,0.968399509355105,0.43566766,1.7341596,-1.4696338,0.1991860313524913,1.7529810479362125,-0.013045493773839352,0.1987583713410642,-0.0029702394855889895,0.006516037999877494
150,5.0,grasp_lift,unknown_no_ground_truth,0.5304002463680028,-0.08408266144928075,0.1273211971582031,0.006078544249678909,0.968399509355105,0.43566766,1.7611063,-1.3602988,0.19902008396756932,1.7659312895880732,-0.013138485966694688,0.19858593608048206,-0.0023861818990291175,0.005590602484531548
151,5.0333333,grasp_lift,unknown_no_ground_truth,0.5303174355854209,-0.08394006230894974,0.12725803038092792,0.004313502039301839,0.7173706977455101,0.43012035,1.6316451,-1.8855823,0.19887815977410572,1.7728500691825386,-0.013204572425512692,0.19843931491061467,-0.0015631566127592479,0.004020303626226277
152,5.0666666,grasp_lift,unknown_no_ground_truth,0.5302734949586418,-0.08384448071806626,0.1272217057602829,0.002052321328830646,0.14873498473062954,0.43012035,1.7068603,-1.5803995,0.1987832842282377,1.7728242344276557,-0.013242696314788088,0.19834168770805252,-0.0006311106965158081,0.0019528753481767647
153,5.1,grasp_lift,unknown_no_ground_truth,0.530273233184899,-0.08381688667346507,0.127218105717091,0.0003648406910962006,0.06868328650768649,0.43012035,1.7225868,-1.5165901,0.19875610202967917,1.7728225997575118,-0.01324664643449717,0.19831418116784197,2.6300854183123063e-05,0.0003638914603955297
154,5.133333,grasp_lift,unknown_no_ground_truth,0.5302823862117302,-0.08382192256880425,0.1272236211772771,0.0003714897167533297,0.05822561480780107,0.43012035,1.6991948,-1.611502,0.19876122863905052,1.7727995590264867,-0.013240942926069902,0.19831970008179592,0.00017922035965487653,0.0003253992506731475
155,5.1666665,grasp_lift,unknown_no_ground_truth,0.5302913406252805,-0.0838292218743601,0.12722965197841268,0.00013308994798657067,0.05822561480780107,0.43012035,1.780663,-1.280948,0.19876855444673555,1.7727587398378326,-0.01323469842115505,0.1983274590028974,5.989814247646002e-05,0.00011884926075890325
156,5.2,grasp_lift,unknown_no_ground_truth,0.5302892992704015,-0.08382593791499957,0.1272274696349993,0.0003657738025617327,0.05822561480780107,0.43012035,1.8104672,-1.1600186,0.19876533716997033,1.7727587398378326,-0.013236949720125804,0.19832408432260276,-0.0003121266599366934,0.00019070244570333427
157,5.233333,grasp_lift,unknown_no_ground_truth,0.5302877334448983,-0.0838166898236842,0.12720904714333112,0.0006816791004077941,0.05822561480780107,0.43012035,1.8385313,-1.04615,0.19875751451294746,1.7724659965497656,-0.01325550684662933,0.19831500476162534,0.00037204770778528304,0.0005711977757874203
158,5.266667,grasp_lift,unknown_no_ground_truth,0.5303252902965703,-0.08381295266500732,0.12725193876494018,0.0028456086609226355,0.07783074521805565,0.43012035,1.9322627,-0.66583854,0.19875265992350974,1.7711910083631603,-0.013212154070340808,0.19831303237934686,0.002319893964821144,0.0016479018912254298
159,5.3,grasp_lift,unknown_no_ground_truth,0.5303992832398738,-0.08380861260526842,0.12736231206003512,0.004649595529481586,0.14857070046175883,0.43012035,1.9486703,-0.59926534,0.19874409780560526,1.768537051934011,-0.0131008386894167,0.19831183635425764,0.003964195105873596,0.002429793355481692
160,5.3333335,grasp_lift,unknown_no_ground_truth,0.5304908818678766,-0.08381469949207028,0.12751396832753448,0.005477701677422065,0.36596846303941877,0.43012035,1.8863305,-0.8522065,0.1987438430300981,1.7616926150840009,-0.012947874631849984,0.1983216268713278,0.004770052562129109,0.0026929192749427194
161,5.366667,grasp_lift,unknown_no_ground_truth,0.5305794822006082,-0.08384873298782237,0.12767739136136877,0.005432328991884039,0.39642322607371006,0.3725346,1.5237875,-2.32321,0.19877045192708437,1.7351619874072914,-0.01278283546832815,0.19835899696430964,0.0047007760939072095,0.0027226645755609206
162,5.4,grasp_lift,unknown_no_ground_truth,0.530648199739373,-0.08391621889518423,0.12782397010397842,0.0046992464910654425,0.39642322607371006,0.3725346,1.8965813,-0.8106143,0.19883057072264465,1.7276003685662424,-0.0126344898378654,0.19842874166921856,0.003815672400817903,0.002742911174906584
163,5.4333334,grasp_lift,unknown_no_ground_truth,0.5306858400319165,-0.08400308069182977,0.12792841112879838,0.003510829147927623,0.39642322607371006,0.3725346,1.9694033,-0.515142,0.19891136345719393,1.7283515703970063,-0.01252845753469441,0.1985164181225353,0.002243433704229771,0.002700541893891685
164,5.4666667,grasp_lift,unknown_no_ground_truth,0.5306844565599238,-0.08409483680764726,0.12797081307881758,0.0026397368256363624,0.36596846303941877,0.3725346,1.8866742,-0.850812,0.19899934982417758,1.7301203801155214,-0.01248492772404139,0.19860732063589923,0.000294309601026787,0.0026232789343423224
165,5.5,grasp_lift,unknown_no_ground_truth,0.5306554493837962,-0.08417549520644957,0.1279462832581018,0.0022346465657706468,0.26566980732025514,0.10710537,1.9417498,-0.6273448,0.19907966156514353,1.730898815934867,-0.0125088369120902,0.1986862870154828,-0.0004932000883789988,0.002179540994506296
166,5.5333333,grasp_lift,unknown_no_ground_truth,0.5306425036545086,-0.08423366786398973,0.12793675678706812,0.0012221668894059352,0.06447630073467724,0.10710537,1.9240811,-0.6990349,0.19913746534981577,1.7310393177372665,-0.012517807700666983,0.1987436403921348,-0.0001676575205398599,0.0012106125975581974
167,5.5666666,grasp_lift,unknown_no_ground_truth,0.5306383355243036,-0.08425425617426799,0.12793434824092836,0.0006154515003446732,0.04196032302734654,0.10710537,1.9358994,-0.6510827,0.1991578759201561,1.7310594545433577,-0.01252001407017745,0.1987639524378373,-0.0004171935247096508,0.000452471117549891
168,5.6,grasp_lift,unknown_no_ground_truth,0.5306318527449173,-0.0842616801167296,0.12790873290560395,0.002738584169519477,0.04196032302734654,0.10710537,1.9125783,-0.74570686,0.1991668128622761,1.7310345245898067,-0.012545620577558172,0.19877129257023224,-0.0023797068183182514,0.0013553002296142023
169,5.633333,grasp_lift,unknown_no_ground_truth,0.5306328748343146,-0.08434254757164338,0.12777463791766044,0.004019976089246014,0.04196032302734654,0.099800035,1.9449095,-0.6145247,0.19925763222382625,1.7308420072489787,-0.012678661050187619,0.19885385476127956,-0.0031298546725516685,0.0025227400751595803
170,5.6666665,grasp_lift,unknown_no_ground_truth,0.5306383915013684,-0.0844269598908775,0.12769787072631505,0.002333542314372238,0.04196032302734654,0.099800035,2.0117705,-0.34323874,0.1993478978677433,1.7308420072489787,-0.012754277370003689,0.19893947017386276,0.0002671632615166627,0.002318198335919841
171,5.7,grasp_lift,unknown_no_ground_truth,0.5306935526847838,-0.08448498816896827,0.12778982663360716,0.01093105864142565,0.13336821036133512,0.099800035,2.0457182,-0.20549728,0.1994020031411623,1.7308420072489787,-0.012660850181939897,0.19899965258607508,0.009888560515476473,0.004658799625874248
172,5.733333,grasp_lift,unknown_no_ground_truth,0.5306820794812981,-0.08412662240128321,0.12836040055685696,0.04315658134961075,0.3587726847941768,0.099800035,1.9859624,-0.44795406,0.19900155427076568,1.7249835698323959,-0.012095040589089298,0.19863365423645807,0.035086854280661516,0.025127737074261084
173,5.766667,grasp_lift,unknown_no_ground_truth,0.5308466873890675,-0.08284369255416703,0.13014792578935877,0.0998642342498414,4.6980266993736866,0.09980742,2.2584853,0.6577968,0.1976098276335779,1.7337587036447704,-0.010321703469166613,0.1973400780755571,0.08196837309814602,0.05704429063412328
174,5.8,grasp_lift,unknown_no_ground_truth,0.5314486706649972,-0.08045599957183214,0.13386157651691089,0.1721999179215954,6.679055138111869,0.09980742,1.8267505,-1.0939498,0.19506081531343805,1.7451003145856623,-0.006630467129510381,0.19494809200499416,0.1438303584960961,0.09468706198361353
175,5.8333335,grasp_lift,unknown_no_ground_truth,0.5322336158689606,-0.07677821236306692,0.13979553788752583,0.22200034460373796,14.43191656315915,0.09980742,2.4597762,1.4745263,0.19125686959553492,1.8746885187752989,-0.0007330214376080027,0.19125546488154385,0.18701092698243166,0.11962886856168967
176,5.866667,grasp_lift,unknown_no_ground_truth,0.5330359094460377,-0.07276470308854904,0.1464060941059938,0.2389630817486031,14.43191656315915,0.09980742,2.4056063,1.2547342,0.18731631165588075,1.9202007740700038,0.005836916905482721,0.18722534821279282,0.20157530620028746,0.1283384212504187
177,5.9,transport,unknown_no_ground_truth,0.5336161275079956,-0.06847613695806105,0.1533216770311628,0.24816834187245515,15.825399790355302,0.09980742,2.3548443,1.0487696,0.18334479583522423,2.0036523594103235,0.012705320347663184,0.18290404313388842,0.20939410794197927,0.13319772320466478
178,5.9333334,transport,unknown_no_ground_truth,0.5338952061654273,-0.06408618643253547,0.16046549693432624,0.23330855497641328,15.825399790355302,0.09980742,2.1643856,0.27599078,0.1795509215479397,2.4532586612604663,0.0197965116762348,0.17845624548938346,0.19738174284187976,0.12439183822857555
179,5.9666667,transport,unknown_no_ground_truth,0.5338256897641007,-0.06034958162306327,0.16658209446805378,0.20987804981040212,15.109495713364463,0.09980742,2.185129,0.36015618,0.17654896337065012,2.6359845667417297,0.025864091491218558,0.1746441674908871,0.1770107839942183,0.11276514595374675
180,6.0,transport,unknown_no_ground_truth,0.5334825781497903,-0.05673964908728257,0.17236634582785706,0.2119233420630869,15.109495713364463,0.09980742,1.6419268,-1.8438648,0.1738347490413417,3.136893036747588,0.031597220105418995,0.17093898225938975,0.177456333228278,0.11584797239642351
181,6.0333333,transport,unknown_no_ground_truth,0.5332241633920052,-0.05281382848524087,0.17851762608323551,0.228826545051555,15.109495713364463,0.09980742,2.2625997,0.67449075,0.17112469794582136,3.4018070496428665,0.037694503176234635,0.16692149854750712,0.19266746629380616,0.12345377739120178
182,6.0666666,transport,unknown_no_ground_truth,0.533298119177896,-0.04867960251988683,0.1853169974555587,0.24796557519320273,14.105453410229124,0.09980742,2.850178,3.058566,0.16867671621228725,3.561274428126715,0.04444170642551312,0.16271683785690094,0.21058027298103488,0.13093080276286667
183,6.1,transport,unknown_no_ground_truth,0.5335519171099653,-0.04426342116184663,0.19266180702193425,0.24237832187940947,14.105453410229124,0.09980742,2.009904,-0.35081232,0.1664830964184549,3.748740713213817,0.05173317554587042,0.1582412712948702,0.20560115395993248,0.12835659861270385
184,6.133333,transport,unknown_no_ground_truth,0.5338901268054448,-0.04030506404458371,0.19912333876865942,0.224790542102498,14.105453410229124,0.09980742,2.1896455,0.3784821,0.16484049067437045,3.956003735986224,0.05814843782253479,0.1542437893225073,0.1852578742221278,0.12731970726259625
185,6.1666665,transport,unknown_no_ground_truth,0.5340831225640217,-0.03593912405239578,0.20511189849936007,0.22172524368380617,14.105453410229124,0.09980742,2.079693,-0.06764555,0.16296435383732114,4.231540996252068,0.06408368950086886,0.14983544761361323,0.17064889042478676,0.14156637977794143
186,6.2,transport,unknown_no_ground_truth,0.5342211935741183,-0.031012757661956644,0.2106142568188559,0.21134337129716027,14.105453410229124,0.09980742,2.578327,1.9555414,0.1606919044961058,4.66414644826794,0.0695250203912696,0.14487290882072854,0.14566061994205598,0.1531306774926085
187,6.233333,transport,unknown_no_ground_truth,0.5344433665186243,-0.025855864160235043,0.21494619501294088,0.2074583885104508,13.281099231476329,0.09980742,1.8031186,-1.1898354,0.15800079047203403,5.174968529389728,0.07379438885355098,0.13970911911367315,0.1242225892511658,0.1661557440568615
188,6.266667,transport,unknown_no_ground_truth,0.5350530275357026,-0.02006386312051777,0.21902356109714782,0.21306283679326915,11.4273752175052,0.09980742,2.6019258,2.051293,0.15492270097864838,5.676908985529907,0.07780655993490616,0.13396709487637462,0.1127508352862976,0.18078446162388356
189,6.3,transport,unknown_no_ground_truth,0.5359364158673489,-0.013979176183169368,0.22259321135031224,0.20378456674552928,10.314728051182927,0.09980742,2.4050248,1.2523746,0.1516332975751518,5.676908985529907,0.08131117937146283,0.12798886296368264,0.09244464563701361,0.18160984867762558
190,6.3333335,transport,unknown_no_ground_truth,0.5369431304220036,-0.008170114567163982,0.22531128579148774,0.1849232035889364,10.314728051182927,0.09980742,2.2011783,0.4252759,0.14837959102349196,5.676908985529907,0.08396953082507115,0.12233405464267162,0.06681439447495557,0.1724309366573767
191,6.366667,transport,unknown_no_ground_truth,0.5379159487291117,-0.0027016202987010826,0.2271629774550017,0.17010651286196538,10.314728051182927,0.09980742,2.290272,0.7867699,0.1451077343411572,5.671226136233136,0.0857654683717149,0.11704930158101849,0.03987090392750439,0.16536788303071942
192,6.4,transport,unknown_no_ground_truth,0.5386099057432296,0.002699153168248125,0.22808366700953903,0.17136681251837424,9.639131727307657,0.09980742,2.0139713,-0.33430892,0.14145346485659716,5.634236740467918,0.086627588720978,0.11182461085255628,0.016407281802600985,0.1705795577921272
193,6.4333334,transport,unknown_no_ground_truth,0.5389435959715869,0.008610675718901107,0.22838519701071242,0.19403174237676316,10.314728051182927,0.09980742,1.8827603,-0.8666924,0.1370911962511941,5.617571019588823,0.08685928618495209,0.1060634738872153,0.0027676588180897015,0.19401200250095157
194,6.4666667,transport,unknown_no_ground_truth,0.53911301475607,0.015620325791551055,0.2284238655438514,0.22101874191229498,13.66337360715641,0.09980742,2.2690475,0.7006524,0.13183421822375718,5.61194626541715,0.08681209914461868,0.09921653358575944,-0.001392660260029849,0.22101435422590496
195,6.5,transport,unknown_no_ground_truth,0.5392500796288546,0.02334179313348729,0.22847346427506585,0.2368179989719715,14.100241284419127,0.09980742,2.096365,0.0,0.12623740935632072,5.503117520017164,0.08676644225025676,0.09169224623831694,0.0012908318263236919,0.23681448095563087
196,6.5333333,transport,unknown_no_ground_truth,0.5395242217438583,0.03140035684998678,0.22870282182022925,0.23417062326950064,14.194397760873118,0.09980742,2.0924082,-0.016054535,0.12079571723520707,5.265943861720087,0.08689815452310937,0.0839065911764142,0.005261894442029196,0.23411149751626328
197,6.5666666,transport,unknown_no_ground_truth,0.5399248258241597,0.038929294208596116,0.22901116282908135,0.21161588229025133,14.222010089442803,0.09980742,2.412563,1.2829611,0.1160847842055321,4.965770063019318,0.08711723490081957,0.07672199493809047,0.0074035160134418776,0.21148633428219474
198,6.6,transport,unknown_no_ground_truth,0.540495368935391,0.04545925190505719,0.22936001817160023,0.18662022669176836,16.79297068029663,0.09980742,2.0064735,-0.3647309,0.11235649585966918,4.7979213828992435,0.08739172181801654,0.07061635164426346,0.01005578236312443,0.18634910853436484
199,6.633333,transport,unknown_no_ground_truth,0.5414220773714962,0.05125394777284652,0.22981616465047003,0.1732987258063566,18.305911098710933,0.09980742,2.0222428,-0.3007478,0.10947656183805057,4.520980609318292,0.0877876197949876,0.06540987236351414,0.014326686891801351,0.17270551354490987
200,6.6666665,transport,unknown_no_ground_truth,0.5427847660123892,0.05673312860308877,0.23042569912754618,0.17299671140144293,21.12837359713864,0.09980742,2.1901114,0.38037235,0.10723604172154594,4.0854960275026775,0.0883468334273289,0.06078162277752169,0.01966193308161387,0.17187574157864244
201,6.7,transport,unknown_no_ground_truth,0.5445825985804583,0.062256066977993366,0.23122220966668733,0.1764031604028117,22.916973712655015,0.09980742,1.9444435,-0.61641544,0.10549739663281685,3.423080741414976,0.08909841416702899,0.05649047078244652,0.024475083259874568,0.17469700999021795
202,6.733333,transport,unknown_no_ground_truth,0.5466295202479955,0.06771361227248021,0.23214300882740635,0.17398644873541513,22.916973712655015,0.09980742,2.2926307,0.79634017,0.1042633210482541,2.5706073065765236,0.0899785041923102,0.052675505686473695,0.025675187004888363,0.1720815769216021
203,6.766667,transport,unknown_no_ground_truth,0.5484452732123568,0.07304491011903276,0.2330168792934924,0.16092234417103307,22.916973712655015,0.09980742,2.219864,0.5010919,0.1032929973416606,1.8699199659084016,0.09081008812392538,0.04922368530239493,0.022338009331406304,0.15936440691889278
204,6.8,transport,unknown_no_ground_truth,0.5497500727427094,0.07785655161979478,0.23371725716161895,0.1429523446751002,22.916973712655015,0.09980742,2.0293376,-0.2719607,0.102499955830519,1.3778649379721046,0.0914677316761203,0.04625899920322104,0.01617930435831388,0.14203380920960224
205,6.8333335,transport,unknown_no_ground_truth,0.5503778209431938,0.0823035809673148,0.23418563548380927,0.13359428839900844,12.027442142685553,0.09980742,2.3271582,0.93643427,0.10163800715300664,1.181770824622611,0.09188870745440486,0.04343673491865418,0.0092126696858797,0.13327625673801133
206,6.866667,transport,unknown_no_ground_truth,0.5503509312737674,0.08671352626465947,0.23443472240148155,0.13370244161663597,10.8738316110292,0.099800035,2.1973815,0.40987048,0.10057071595774018,1.0942983137878242,0.09208190910850204,0.04043996690386906,0.003981350355349777,0.1336431507545295
207,6.9,transport,unknown_no_ground_truth,0.5499568510336132,0.09119887420196496,0.23456879867533842,0.1357232562815652,8.634329344760816,0.099800035,2.365367,1.0914646,0.09944704810559532,1.0596674873206458,0.09215413057517612,0.03738089879671142,0.0017321102093396613,0.13571220317235339
208,6.9333334,transport,unknown_no_ground_truth,0.5494002874816157,0.09570841022552688,0.2346764362646282,0.13306674688911116,6.683936879839435,0.099800035,2.2071438,0.44948056,0.0984360027924794,1.0123330965743562,0.09219738301967513,0.034486072697312624,0.0010084823578679074,0.13306292530597935
209,6.9666667,transport,unknown_no_ground_truth,0.5488278031616225,0.09999571488966148,0.2347622203829559,0.11802063378584608,6.683936879839435,0.099800035,1.985937,-0.4480571,0.09763224396050604,1.0123330965743562,0.09222136267252427,0.032051136135658485,-0.001151064375225059,0.1180150204423864
210,7.0,transport,unknown_no_ground_truth,0.5481881434093462,0.103482422327815,0.23471413589790302,0.10242180939820685,6.683936879839435,0.099800035,2.094508,-0.0075348746,0.09695054777375214,1.0123330965743562,0.09212064546296393,0.030219122970686914,-0.007327414967500419,0.10215936584717362
211,7.0333333,transport,unknown_no_ground_truth,0.5472579828371946,0.106629846009226,0.2343786623952646,0.09235645143663151,8.42072174320216,0.09980742,1.9197911,-0.7164414,0.09605842518892126,1.0123330965743562,0.09173286877616403,0.02850090938673095,-0.016774626647763503,0.09082029521420318
212,7.0666666,transport,unknown_no_ground_truth,0.5460798369906499,0.10917704104306453,0.2336962288352582,0.08877534258938541,8.42072174320216,0.09980742,1.7776103,-1.2933342,0.09489612443704928,1.092891466376084,0.09100233801518072,0.026904440320191386,-0.02930117420923195,0.08380037375706023
213,7.1,transport,unknown_no_ground_truth,0.5446679278334619,0.11161741590917967,0.2325232274052489,0.09510453401930352,8.974806097630573,0.09980742,2.054244,-0.170904,0.09327430849991611,1.2410782734609522,0.08977945890093764,0.025293188521662742,-0.04580405402738474,0.08334783155958696
214,7.133333,transport,unknown_no_ground_truth,0.5431119573559131,0.11393813525377611,0.2307427506015743,0.1003357633451889,10.022467685559945,0.09980742,1.815282,-1.1404829,0.09110170918769203,1.2262786019068892,0.08794873713135308,0.023760072683368764,-0.06534251358212731,0.07614211268957055
215,7.1666665,transport,unknown_no_ground_truth,0.541558538053047,0.1157291264040898,0.22826073351639992,0.10319349381114853,13.110105285902705,0.09980742,1.8055828,-1.1798371,0.08831129543783119,1.2262786019068892,0.0854232952061998,0.02239967718567266,-0.08271792316964709,0.061697993090958095
216,7.2,transport,unknown_no_ground_truth,0.5400755636095178,0.11686177118365582,0.2253057465040026,0.10474313206346296,15.62553713035065,0.099800035,1.4810258,-2.4967139,0.08510367410944242,1.2262786019068892,0.08243421382849857,0.021147948775319884,-0.09327540463314175,0.047653148951435735
217,7.233333,transport,unknown_no_ground_truth,0.5387304916956996,0.11740950363921368,0.22210127337874125,0.10512355132918615,16.927367415648796,0.099800035,1.8550508,-0.9791226,0.08168588377858718,1.0252622482721558,0.0792049404322566,0.01997901448549295,-0.09777171191989466,0.03862192890461539
218,7.266667,prealignment,unknown_no_ground_truth,0.5375245352756961,0.11769790079299769,0.21883199396856562,0.09918578166245792,16.927367415648796,0.099800035,1.6050451,-1.9935107,0.07823563659736538,0.8356315381090157,0.07591604403036786,0.018909497417283892,-0.09318386687749788,0.03397920301816284
219,7.3,prealignment,unknown_no_ground_truth,0.5364632326022146,0.11809510551850422,0.21592766613241904,0.09169473140040284,16.927367415648796,0.099800035,1.5801936,-2.0943444,0.07518424548798189,0.866844514878272,0.0729926531200142,0.018020637061391752,-0.08515175324189742,0.03401621211162455
220,7.3333335,prealignment,unknown_no_ground_truth,0.5353654172300377,0.1186691703725895,0.2131960975696503,0.09087733109451657,15.62553713035065,0.09980742,2.2088733,0.4564979,0.07230860977673634,1.0603594921408113,0.07023926553378605,0.017175000003453445,-0.0826712792196307,0.03773789738515176
221,7.366667,prealignment,unknown_no_ground_truth,0.534146004036351,0.11930587529236769,0.2104623474048286,0.09892180463251679,14.798356793536321,0.09980742,1.631139,-1.8876356,0.06941806523821308,1.2475916528901434,0.0674812394110596,0.01628343050355368,-0.08888851662970877,0.04340915851665185
222,7.4,prealignment,unknown_no_ground_truth,0.5325634683732279,0.11972899625706032,0.20732098144075084,0.11278729689467594,8.80794312558812,0.09980742,1.4036434,-2.8106902,0.06604788473227836,1.3941789065926078,0.06431336969975514,0.015037072702854995,-0.10062572465038375,0.05094544022179935
223,7.4333334,prealignment,unknown_no_ground_truth,0.5306729927429289,0.11970983399879068,0.2038055784432058,0.11931166347571429,8.517568822685332,0.09980742,2.2014048,0.4261949,0.062227367531302584,1.506810915768431,0.06077286373879924,0.013375511312138764,-0.10456571960133719,0.0574567952952183
224,7.4666667,prealignment,unknown_no_ground_truth,0.5286777035301886,0.11926375064690706,0.20039623266106588,0.11474941334568538,4.505065541588422,0.09980742,1.6421492,-1.8429623,0.05847411333286642,1.5066319361915403,0.057342327931229245,0.011448989365541087,-0.09755853359282812,0.060413246779129355
225,7.5,prealignment,unknown_no_ground_truth,0.5267174106162289,0.11866408648428331,0.19734171120997174,0.09999609561634201,4.505065541588422,0.09980742,1.9859426,-0.44803435,0.05509335390715062,1.5066319361915403,0.05426896728836977,0.00949509527031728,-0.08311795655346604,0.05559338483029023
226,7.5333333,prealignment,unknown_no_ground_truth,0.5251002018831818,0.1181189569432452,0.19488879912290114,0.07822378322264387,4.505065541588422,0.09980742,1.7955,-1.2207474,0.05239669497618762,1.5093478126830953,0.05180113575985797,0.007877561705020597,-0.0643982906885101,0.04440518458537623
227,7.5666666,prealignment,unknown_no_ground_truth,0.5238965248175906,0.1176528763554012,0.1930737622981314,0.06629127013854047,4.505065541588422,0.09980742,1.6272995,-1.9032141,0.05041699646683665,1.5066185022991478,0.04997575173050989,0.0066556571206348265,-0.05497713784984117,0.03704115023079749
228,7.6,prealignment,unknown_no_ground_truth,0.522777683159626,0.11719825590655274,0.19124333109385655,0.06789889098861623,4.797414245415937,0.09979265,1.7850896,-1.2629873,0.04845225797219697,1.5049706406877208,0.048135996498861154,0.005526947047507487,-0.057551889414233934,0.03602831417560054
229,7.633333,prealignment,unknown_no_ground_truth,0.5216513637159533,0.11672045797524008,0.18925540494418097,0.0800525893706082,4.797414245415937,0.09979265,1.8334343,-1.0668305,0.046349201625008135,1.506016477836959,0.04613896251800511,0.004409606449307698,-0.06832019402753779,0.041722513742328625
230,7.6666665,prealignment,unknown_no_ground_truth,0.5201811257685547,0.11610880661437395,0.18670981227581973,0.09199290463045685,4.797414245415937,0.09979265,1.6951247,-1.6280161,0.0436891953348872,1.5166142652218546,0.04358132095112392,0.00306826549781082,-0.07817661806151159,0.04848825518424921
231,7.7,prealignment,unknown_no_ground_truth,0.5186295726163318,0.11546508194095668,0.18406842912272808,0.08981205748701196,4.797414245415937,0.0998148,1.5620234,-2.1680694,0.04097853592888036,1.532725995953225,0.04092719261954669,0.0020506855334402863,-0.07565866916617063,0.048393919556637306
232,7.733333,prealignment,unknown_no_ground_truth,0.517156575378531,0.11487829676726571,0.18169107940656581,0.0775028851140918,4.221148384666102,0.0998148,1.6299729,-1.892367,0.03859493161404859,1.537238990005632,0.03853741416294059,0.00210628961139563,-0.06412466239754103,0.04352843752547869
233,7.766667,prealignment,unknown_no_ground_truth,0.5158889008985617,0.11441083048114833,0.17981704736547355,0.056585331797170714,3.7277816373082855,0.0998148,1.7428855,-1.4342289,0.036770027136217666,1.5191811091249867,0.036652183985065714,0.002941480022552519,-0.04584304734271264,0.03317099312546591
234,7.8,prealignment,unknown_no_ground_truth,0.5150533114891085,0.11411616929201429,0.17865362013191893,0.03664029154280419,2.4297847262929695,0.0998148,1.660345,-1.7691337,0.03566961912449441,1.5220797906789718,0.03548119359045334,0.003661506504605714,-0.029166111119117932,0.02217766729232256
235,7.8333335,axial_advance_candidate,unknown_no_ground_truth,0.51447152407068,0.11393346378784736,0.17788576055531302,0.026241779004770795,2.4297847262929695,0.099800035,1.6596652,-1.7718917,0.034961085519205105,1.522325717308962,0.034707778307832275,0.004200907713285332,-0.02087435530952781,0.01590258644833655
236,7.866667,axial_advance_candidate,unknown_no_ground_truth,0.5140284411805529,0.11379855137788267,0.17727183276368752,0.0222112993003448,2.4297847262929695,0.099800035,1.7308222,-1.4831752,0.03440148775511407,1.5306058440215644,0.034089571141829075,0.004622066543380532,-0.018367407774208973,0.012489201266110868
237,7.9,axial_advance_candidate,unknown_no_ground_truth,0.5136655437178784,0.11368353942879852,0.17666897796240816,0.02701570424411837,2.4297847262929695,0.099800035,1.5979548,-2.0222795,0.033850160905923715,1.5526990507789995,0.03348328554613451,0.004970209491857129,-0.023451720852945553,0.013411378185749365
238,7.9333334,axial_advance_candidate,unknown_no_ground_truth,0.5131734427242034,0.1134948537360854,0.17571603402279187,0.031947242691069855,3.4659881606840917,0.099800035,1.5916418,-2.047894,0.032978939454037376,1.6085648113373001,0.03252612447658372,0.005446253211781867,-0.028405500177442627,0.014620324046731078
239,7.9666667,axial_advance_candidate,unknown_no_ground_truth,0.5127462269052118,0.11331756257699521,0.1747829698964663,0.035248977166097,3.4659881606840917,0.099800035,1.5367353,-2.270675,0.03212935077477001,1.7033830403081638,0.03158958721987836,0.005864568226724997,-0.03177763358361601,0.015253602691871433
240,8.0,axial_advance_candidate,unknown_no_ground_truth,0.5122271863093733,0.11308236419436757,0.17360496300041184,0.04329037002063117,3.570435826359505,0.099800035,1.6248723,-1.9130625,0.031069823461848743,1.7956587720141284,0.030407617456684,0.006380496105978978,-0.0391133390783956,0.018552704456806672
241,8.033334,axial_advance_candidate,unknown_no_ground_truth,0.5116138436375183,0.11277823402034848,0.17218369408102308,0.049657397884929705,4.03638147459999,0.099800035,1.5527161,-2.2058334,0.029815786802360744,1.8542776595174315,0.028982000310911027,0.007001771248918538,-0.04486636443710169,0.02128066039622359
242,8.066667,axial_advance_candidate,unknown_no_ground_truth,0.5109497794446316,0.11242420381742335,0.1706226197625244,0.053123189931299795,4.7929988984022645,0.099800035,1.4886665,-2.465712,0.02847410405832057,1.8856784928549368,0.027416533366489942,0.007688192250991887,-0.04782941218249676,0.02311753963452389
243,8.1,axial_advance_candidate,unknown_no_ground_truth,0.5102375380693099,0.11204407469901258,0.1690041763825892,0.05131834269824902,4.03638147459999,0.099800035,1.4362458,-2.678407,0.027137827190712744,2.00274743291795,0.025793374203940674,0.008435846834104775,-0.04611974639645429,0.022506472171836926
244,8.133333,axial_advance_candidate,unknown_no_ground_truth,0.5096175197396758,0.11169671677735754,0.16755657536870655,0.04318151271325086,3.570435826359505,0.09980742,1.3974446,-2.8358414,0.025986092658733955,2.0855926412923536,0.024341881645812136,0.00909669223452025,-0.03900916401922024,0.01851831965179937
245,8.166667,axial_advance_candidate,unknown_no_ground_truth,0.5091586482380406,0.11141661040617765,0.16641004549630473,0.032433982170667154,3.512505907162909,0.09980742,1.5531443,-2.2040958,0.02509884961193761,2.1973089793866065,0.023192774382625618,0.009594137182638442,-0.029569542045069636,0.013326866949587728
246,8.2,axial_advance_candidate,unknown_no_ground_truth,0.5088616786333309,0.11121334640478342,0.16558922028707354,0.01711103990255288,3.512505907162909,0.09980742,1.5570074,-2.1884215,0.024472425087544897,2.2798527703549927,0.022370571388007233,0.009922556396391459,-0.015968819237705906,0.006146909687007822
247,8.233334,axial_advance_candidate,unknown_no_ground_truth,0.5088304321431216,0.11116622696441544,0.16534664711548913,0.00388641097571545,1.594417934745335,0.099800035,1.4934195,-2.4464269,0.02426724936938719,2.3172931704108657,0.022128204019997225,0.009962026842234545,-0.003766325252312791,0.0009586367226183785
248,8.266666,axial_advance_candidate,unknown_no_ground_truth,0.5089094685581728,0.11117832702961558,0.1653369851841824,0.00215458732379828,1.433869092149375,0.099800035,1.5061616,-2.3947265,0.024226694406425695,2.3374993707356246,0.022119476610729202,0.009882382118180906,0.0006353484973354417,0.0020587809069461064
249,8.3,axial_advance_candidate,unknown_no_ground_truth,0.5089677701466795,0.11115422648962964,0.16538697592229074,0.002913943306465963,1.433869092149375,0.099800035,1.5143939,-2.361324,0.024253102917284834,2.339271981721852,0.02217056223944958,0.00983255669208688,0.0008708474365076468,0.002780771536035611
250,8.333333,axial_advance_candidate,unknown_no_ground_truth,0.5090407834604096,0.11104599160064106,0.1653915849549754,0.005080043625741862,1.433869092149375,0.099800035,1.5224998,-2.328435,0.02424236975959171,2.3405123178621414,0.02217753433113745,0.009790273875228732,-0.0003771658816344304,0.005066023009933082
251,8.366667,axial_advance_candidate,unknown_no_ground_truth,0.5091658222018398,0.11088129080536382,0.16535567275434898,0.007191382718796636,1.433869092149375,0.09980742,1.497037,-2.4317489,0.024182721262390558,2.352992364478297,0.022145416735044773,0.009715169853670868,-0.0009227328382224161,0.007131938692773018
252,8.4,axial_advance_candidate,unknown_no_ground_truth,0.5093821189687292,0.1107167699790946,0.16532122990157389,0.009248749882045024,1.7853214373633888,0.09980742,1.3931859,-2.853121,0.02409263325103759,2.377036713688408,0.022116018807352915,0.009557023024028674,-0.0012798377413176243,0.009159770179241774
253,8.433333,axial_advance_candidate,unknown_no_ground_truth,0.5096900143094557,0.1105712915217952,0.16525923693687067,0.011155696563306084,2.3278458053925677,0.09980742,1.4477676,-2.6316578,0.023944617733066036,2.469707052000111,0.02206009352346865,0.009311121958092748,-0.003793723698852718,0.01049081628422319
254,8.466666,axial_advance_candidate,unknown_no_ground_truth,0.5100157102759343,0.11043161338615208,0.16505598801832153,0.013894245996957719,2.5252265220063137,0.09980742,1.4832641,-2.4876323,0.023662753594430704,2.538297630460722,0.02186310818895012,0.009051541746520616,-0.009430318374951665,0.010203880005714717
255,8.5,axial_advance_candidate,unknown_no_ground_truth,0.5103020003055202,0.11030092041755468,0.16461862916697032,0.01973484072720628,2.697389912100976,0.09980742,1.4787859,-2.5058024,0.023179170314259954,2.6004533763040936,0.021431399498006883,0.008830008607827084,-0.016660273476935033,0.010578243058369132
256,8.533334,axial_advance_candidate,unknown_no_ground_truth,0.5106459856416456,0.11016188107798888,0.16393304780369575,0.027862033932265114,3.7550037095778075,0.09980742,1.5208907,-2.3349638,0.0224499457889101,2.641044119169216,0.020752408390429192,0.008563738197881018,-0.024681523283636004,0.012927309977022546
257,8.566667,axial_advance_candidate,unknown_no_ground_truth,0.5110692935360415,0.10997725798838237,0.16295831106766537,0.03801035997304959,3.7550037095778075,0.09980742,1.4602683,-2.580937,0.021438543978205788,2.639317295789732,0.019785974423199196,0.008253870851301894,-0.03437591309695371,0.016219866338274717
258,8.6,axial_advance_candidate,unknown_no_ground_truth,0.511605590904277,0.10975863201237374,0.1616226651528186,0.04452532668516126,4.1674759955775516,0.09980742,1.3824587,-2.896646,0.020071121895719843,2.702182815754838,0.018460672751253356,0.007877404123439166,-0.04011205156962987,0.01932687339679357
259,8.633333,axial_advance_candidate,unknown_no_ground_truth,0.5122467384585394,0.10958025652345425,0.1602625516829595,0.042455340435398226,4.228402172498415,0.09980742,1.4657606,-2.558652,0.01865160629923685,2.8859862763055597,0.017111840892869146,0.007420735731641638,-0.03726172441949016,0.02034747711072628
260,8.666667,axial_advance_candidate,unknown_no_ground_truth,0.5128929129042038,0.10948420806908171,0.15911699921212719,0.03450903641247041,4.228402172498415,0.09980742,1.4750739,-2.5208635,0.01742200887704554,3.003799762164714,0.01597656625152276,0.006948073410849768,-0.02911300790024826,0.018528528412080955
261,8.7,axial_advance_candidate,unknown_no_ground_truth,0.513446561088861,0.10945893740178937,0.15830333937373509,0.02370422001808401,4.938001588611445,0.09980742,1.3061504,-3.2062638,0.01651798567883245,3.0753093596635606,0.015170966135679679,0.00653342463002171,-0.01918687808435036,0.013919545827433114
262,8.733334,axial_advance_candidate,unknown_no_ground_truth,0.5138019081260456,0.10945098332957552,0.1578247635687109,0.01228197747294697,4.938001588611445,0.09979265,1.2063216,-3.6113153,0.015980611653241862,3.187403864011732,0.014697451749629524,0.006274142242493518,-0.009548258450801912,0.007725136322594356
263,8.766666,axial_advance_candidate,unknown_no_ground_truth,0.5139526857014838,0.10947730461152433,0.15765995170120767,0.003772566102928773,4.228402172498415,0.09979265,1.2929099,-3.2599869,0.01578068363789059,3.1960630717854714,0.014534407313873994,0.0061466234725737,-0.0012143038887167626,0.0035717952162483417
264,8.8,axial_advance_candidate,unknown_no_ground_truth,0.51401561491744,0.10955471716973722,0.15774217372312302,0.0045501361957115604,4.1674759955775516,0.09979265,1.3304466,-3.107683,0.015818239192491604,3.201950534746749,0.014616505230713261,0.006047682695992678,0.003296366385628992,0.0031365120837037637
265,8.833333,axial_advance_candidate,unknown_no_ground_truth,0.5140232452874838,0.1096724250458072,0.15788123179094238,0.004365209521939156,3.3587164761098682,0.09979265,1.3600194,-2.9876924,0.015912961715576726,3.2126958541681314,0.014754163290871182,0.005961293160692559,0.002040625110197905,0.0038588733239195688
266,8.866667,axial_advance_candidate,unknown_no_ground_truth,0.5139984466656824,0.10980953551479605,0.15788167651852003,0.0060049949185993,2.3640400099186945,0.099800035,1.5554045,-2.1949253,0.01588372125108273,3.230720103965838,0.014752542773065083,0.005886856759849215,1.0078486693572062e-05,0.006004986460976361
267,8.9,axial_advance_candidate,unknown_no_ground_truth,0.5139751055462538,0.11006979876560044,0.15788756416466945,0.008753717058854993,2.3640400099186945,0.099800035,1.5263965,-2.3126242,0.015829835378336404,3.2315279066448226,0.01475483509452981,0.005733980243989539,-0.00014178553415974802,0.008752568720598082
268,8.933333,axial_advance_candidate,unknown_no_ground_truth,0.5139255790167343,0.11038854956930247,0.15788050735029385,0.010430863990983216,2.3640400099186945,0.099800035,1.5530463,-2.2044935,0.01576175571390839,3.232190024013108,0.014743089994388288,0.005574427378869665,-0.000707514529921879,0.010406841345400616
269,8.966666,axial_advance_candidate,unknown_no_ground_truth,0.5138453867904991,0.11075198905676328,0.15785075304171187,0.013135714509897709,0.5750740561131027,0.099800035,1.5934148,-2.0407002,0.015677993111348036,3.233079443116447,0.014707668198711844,0.005429913825842616,-0.0014426733837634206,0.013056250962405624
270,9.0,axial_advance_candidate,unknown_no_ground_truth,0.5137202684401418,0.11123583115429024,0.15779779074556224,0.01792154788504346,0.5750740561131027,0.09979265,1.5596972,-2.177508,0.015572324620136024,3.2306295393738127,0.014646911118550217,0.0052882217011188766,-0.001968518500157772,0.01781310791272658
271,9.033334,axial_advance_candidate,unknown_no_ground_truth,0.5135518371942738,0.11190465323140657,0.15773802659844982,0.024775043374409323,0.5750740561131027,0.09979265,1.5103856,-2.3775876,0.015463358898373367,3.223232085231514,0.014576431871496865,0.005161695682187516,-0.0022135257513489063,0.024675961540575855
272,9.066667,axial_advance_candidate,unknown_no_ground_truth,0.5133178910115952,0.11283307778138635,0.15767581746187254,0.03303663038847326,1.372257906820721,0.09979265,1.549343,-2.2195196,0.01538228868954523,3.2130039471114493,0.01449934308207447,0.005136521733314322,-0.0021129789821609482,0.032968989478683465
273,9.1,axial_advance_candidate,unknown_no_ground_truth,0.5130298946419539,0.11404169311801221,0.15763119074898768,0.039846416624213205,1.6222498014022202,0.09979265,1.5129806,-2.3670588,0.015394841434340714,3.2147906377136306,0.01443556710413409,0.005349349976449042,-0.0013732033415394013,0.039822747649718486
274,9.133333,axial_advance_candidate,unknown_no_ground_truth,0.5127358244594725,0.11542444225951445,0.1576248486366476,0.04317785114049179,1.7789988597244129,0.09979265,1.5644897,-2.1580625,0.015560955799553912,3.217489462426733,0.014407795266958958,0.005878671698697383,-0.00024204157279101153,0.04317717273036192
275,9.166667,axial_advance_candidate,unknown_no_ground_truth,0.5124812084370535,0.11686730935386219,0.15765813666905704,0.04045645835142124,1.6222498014022202,0.09979265,1.6241552,-1.9159724,0.015884957107884592,3.220739042473648,0.01441943212506321,0.006664220847933259,0.0008154696712834095,0.040448238917850286
276,9.2,axial_advance_candidate,unknown_no_ground_truth,0.512316252519389,0.118087062730756,0.15771848193590993,0.031627050515169446,1.6222498014022202,0.09979265,1.553261,-2.2036223,0.016267856033887328,3.2338751375247505,0.01446215898747243,0.0074491004396742225,0.0014300918311693884,0.03159470148052522
277,9.233334,axial_advance_candidate,unknown_no_ground_truth,0.5122417119977636,0.11895839105198835,0.15778308971975674,0.020967740344298175,1.4064132080415954,0.09979265,1.5834336,-2.0811982,0.016595543199436024,3.2799467832825364,0.014514771755286388,0.00804571034628315,0.001398818255913949,0.02092102871832146
278,9.266666,axial_advance_candidate,unknown_no_ground_truth,0.5122275154803273,0.1194775996264004,0.15783046603474826,0.010405797951124205,1.4064132080415954,0.09979265,1.59084,-2.0511475,0.016806580078212417,3.3211520101398397,0.014555413808525545,0.00840244385806596,0.0012052215215370712,0.010335766642278869
279,9.3,axial_advance_candidate,unknown_no_ground_truth,0.5122714629742785,0.11964577537954267,0.15787169126604805,0.0028603271629186458,1.3208024234897242,0.09979265,1.5430785,-2.2449374,0.016883380593683817,3.3319530414697383,0.014595119736200673,0.008487109057691252,0.00124636511783204,0.0025744990720491146
280,9.333333,axial_advance_candidate,unknown_no_ground_truth,0.5123554408471362,0.11959224663591925,0.15791325715097676,0.004435379022566948,1.3208024234897242,0.09979265,1.5028203,-2.408284,0.016872569646583093,3.3327565131775865,0.014638504648999911,0.008390338975274192,0.001433516747965818,0.0041973344883542985
281,9.366667,axial_advance_candidate,unknown_no_ground_truth,0.5124613286258308,0.11943787931078842,0.15796205314588585,0.0065835875599345554,0.9483316475636218,0.09979265,1.3363718,-3.0836418,0.016828107646065914,3.3366450315289975,0.014690687662851748,0.008207856171992631,0.0017161387947545396,0.0063559808681637395
282,9.4,axial_advance_candidate,unknown_no_ground_truth,0.5125845882556412,0.11923345886263778,0.15802002546679522,0.008127161414070787,0.7972076300929022,0.09979265,1.7391274,-1.4494771,0.016772219514763497,3.3687468866874175,0.014752913522673773,0.007978652144561936,0.0018580823360492289,0.007911907651307799
283,9.433333,axial_advance_candidate,unknown_no_ground_truth,0.5127248045170687,0.11897849822280279,0.15807654928346726,0.009046505383683368,0.8744157721802147,0.09979265,2.051903,-0.18040264,0.01669757934032363,3.40809125338771,0.01481455966673537,0.007703114805527704,0.0015727924090619607,0.008908736369149624
284,9.466666,axial_advance_candidate,unknown_no_ground_truth,0.5128520565802256,0.11870123814794971,0.15811452834266593,0.008445695115304437,0.8744157721802147,0.09979265,2.2644854,0.6821417,0.016608878100444764,3.412640614551583,0.014857766794633303,0.007423045037700215,0.0008984224324962562,0.00839777369982454
285,9.5,axial_advance_candidate,unknown_no_ground_truth,0.5129395170597698,0.11846045053840093,0.1581269877867958,0.006589690427605053,0.8744157721802147,0.16350926,2.143998,0.19326872,0.016524734716669837,3.4099101772899627,0.014874453662553735,0.007198436336931456,-6.856805532704035e-05,0.006589333680536928
286,9.533334,axial_advance_candidate,unknown_no_ground_truth,0.5129651965091641,0.11827689306745673,0.15810306398631588,0.004902786391964864,0.7972076300929022,0.16350926,1.6856389,-1.6665045,0.016445442942106682,3.4065699711725723,0.014853195529621235,0.007059403382788532,-0.0008713142346950501,0.004824741019956784
287,9.566667,axial_advance_candidate,unknown_no_ground_truth,0.5129563340500372,0.11814004196926796,0.15806462856990147,0.003620342070880216,0.3383617863846958,0.16350926,1.5197121,-2.339746,0.016377555399304966,3.405505037038624,0.014816366564932796,0.006978510060954616,-0.001051243870553737,0.0034643560779470182
288,9.6,axial_advance_candidate,unknown_no_ground_truth,0.5129450273552499,0.11804763412777411,0.15803036164256756,0.0022942648748252546,0.3061411524386818,0.16350926,1.5002197,-2.4188354,0.016326367848374535,3.4039409990026948,0.014783112756899542,0.006928915090923817,-0.0006471873208078132,0.0022010906132284846
289,9.633333,axial_advance_candidate,unknown_no_ground_truth,0.5129461502240967,0.11799416814223143,0.15801977921780652,0.0013007436497802685,0.23651644282863002,0.16350926,1.6000216,-2.0138934,0.016302940958451903,3.3973444013576195,0.0147732201334612,0.006894769813638836,-0.00017455689637187237,0.0012889778634145403
290,9.666667,axial_advance_candidate,unknown_no_ground_truth,0.5129572545885153,0.11796275583357606,0.1580174869608199,0.00154627313134507,0.23651644282863002,0.16350926,1.6995761,-1.6099547,0.01628948817527308,3.394189135118618,0.01477147585756287,0.006866653187820017,-0.0008287286127071166,0.0013054384256640469
291,9.7,axial_advance_candidate,unknown_no_ground_truth,0.5129282811811724,0.11790953757479285,0.1579637032161404,0.0038104440180669265,0.3061411524386818,0.16350926,1.6898874,-1.6492664,0.016236527533613442,3.39242651561583,0.01471797310992573,0.006856099028258742,-0.0027282030092399085,0.00266014885959345
292,9.733334,axial_advance_candidate,unknown_no_ground_truth,0.5128222271647784,0.11784720147360578,0.15783597347051212,0.006136229819220401,0.3383617863846958,0.16350926,1.6582903,-1.7774706,0.016139426189744267,3.390973921161884,0.014589593671033975,0.006901074861811644,-0.00446227093571565,0.004212060599107877
293,9.766666,axial_advance_candidate,unknown_no_ground_truth,0.5126690763672741,0.11779597922488055,0.15766829878599756,0.007428637085297492,0.3383617863846958,0.28412467,1.2416729,-3.4678788,0.016026178472735065,3.364591253770417,0.014420489846830696,0.006991986056723052,-0.005338433360200062,0.005165827930134751
294,9.8,axial_advance_candidate,unknown_no_ground_truth,0.5124958236678825,0.11772830078634183,0.15748300192012743,0.007768859947883287,0.6902721281611115,0.28412467,1.8816049,-0.8713803,0.015902837063581143,3.317171812942043,0.014233697929936732,0.007092395216718041,-0.0053992818158876904,0.005585959251771321
295,9.833333,axial_advance_candidate,unknown_no_ground_truth,0.5123390490893961,0.11761886493084761,0.15731058748159743,0.0073808284462413155,0.7492634758148063,0.11936708,2.4143012,1.2900133,0.015778567005163606,3.288229856218185,0.014060537696122326,0.007159920141479277,-0.004592955489622501,0.005777662885907375
296,9.866667,axial_advance_candidate,unknown_no_ground_truth,0.512226035596185,0.11745317826025127,0.15717699627418666,0.006638777606551654,0.7961754224264654,0.11936708,2.7725968,2.7437837,0.015662915062271927,3.2853953051714697,0.013927502320226425,0.007166002188670636,-0.0029502987300303756,0.005947193078489454
297,9.9,axial_advance_candidate,unknown_no_ground_truth,0.5121815222254598,0.1172563482607448,0.1571114670959664,0.006060912558531984,0.7492634758148063,0.11936708,2.7580965,2.684949,0.015577967612821996,3.2811385388103353,0.013863849333698027,0.00710399581916064,-0.0011710769733686618,0.005946699905377469
298,9.933333,axial_advance_candidate,unknown_no_ground_truth,0.5121918275704908,0.11705912719183346,0.15709442446461522,0.005416506675788744,0.6902721281611115,0.11936708,2.6911206,2.413197,0.01551775738912291,3.275467036625469,0.013849431988058021,0.006999573415275667,-0.00035052889749630765,0.00540515254742029
299,9.966666,axial_advance_candidate,unknown_no_ground_truth,0.5122090465521012,0.11689740896965364,0.1570832005010753,0.004104263692205348,0.3641569297717399,0.09369873,2.905393,3.2825983,0.015469205993879128,3.266466759782686,0.013840480623473764,0.006909227901315259,-0.0005125786477750074,0.004072130104134717
300,10.0,axial_advance_candidate,unknown_no_ground_truth,0.5121925505685797,0.11678810775897981,0.15705682649375458,0.003080908268327188,0.6902721281611115,0.09369873,3.0211358,3.7522204,0.015431179435949429,3.2581149673723573,0.013815259628279756,0.006874583637406119,-0.0006969318463676491,0.003001046777270459
301,10.033334,axial_advance_candidate,unknown_no_ground_truth,0.5121731357500461,0.11670106491266775,0.15703475253634147,0.0032809752130757435,0.7492634758148063,0.09369873,3.3056772,4.906736,0.015402906127843626,3.2520984276287934,0.013794017877083968,0.0068538009884917565,0.0003817827176617781,0.003258686898938314
302,10.066667,axial_advance_candidate,unknown_no_ground_truth,0.512229451022777,0.11657366426852717,0.157079076496821,0.005037779949038211,0.7961754224264654,0.09369873,3.3186562,4.959398,0.015398799890125669,3.2508158665270703,0.01384070985861948,0.006749651003248085,0.0014202631924579588,0.004833433487602842
303,10.1,axial_advance_candidate,unknown_no_ground_truth,0.512231257972771,0.11638272925970061,0.15712464997106618,0.01100038897366965,0.9968016174252952,0.09369873,3.2019436,4.485841,0.015407906458073922,3.2247874691911105,0.013888702019777054,0.006671396977140308,-0.003934801723572903,0.010272579664728842
304,10.133333,axial_advance_candidate,unknown_no_ground_truth,0.5118668233615662,0.11599379752192296,0.1568144051885712,0.025317668160127378,1.483179916188874,0.09369873,4.471423,9.6367035,0.015215750207224831,3.203422220595068,0.013578400261786895,0.006866301821167497,-0.014655743767175556,0.02064445435697496
305,10.166667,axial_advance_candidate,unknown_no_ground_truth,0.5112468359070453,0.11541964505886493,0.1561488219155771,0.03713375465018496,2.132961632297087,0.09369873,4.4619613,9.598312,0.014829010865794818,3.154602154898605,0.012911643151814648,0.007293081267753619,-0.02428671951693104,0.02809040742897928
306,10.2,axial_advance_candidate,unknown_no_ground_truth,0.5104967561704905,0.11471405653363377,0.15519773109793228,0.04278437772094616,2.132961632297087,0.09369873,1.7907087,-1.2401882,0.014330878581733843,2.94182447613812,0.011959295359179263,0.007896159537161794,-0.030024955370402437,0.03047958385499933
307,10.233334,axial_advance_candidate,unknown_no_ground_truth,0.5097565549823105,0.11403446656128062,0.15414984593007608,0.04087276074445929,2.132961632297087,0.09369873,2.4545426,1.4532914,0.013873448203792446,2.8806738371171425,0.010909978578244595,0.008570001895306439,-0.030198391127035533,0.02754341562356408
308,10.266666,axial_advance_candidate,unknown_no_ground_truth,0.5091450484194209,0.11346714683343936,0.15318702795424585,0.03226603410033312,2.132961632297087,0.09369873,3.079953,3.9908688,0.013529036252990043,2.873472346776241,0.009946068777223769,0.009171179739458458,-0.024896702481790094,0.020524404061923136
309,10.3,axial_advance_candidate,unknown_no_ground_truth,0.5087913132032891,0.11306338821082074,0.15249082349240922,0.018151167969243393,1.21730148327465,0.0937135,3.0640872,3.926494,0.013287361672926237,2.8654515717976072,0.009250207647976839,0.009538744083812079,-0.014560988131289152,0.010837090167021026
310,10.333333,axial_advance_candidate,unknown_no_ground_truth,0.5087810857623736,0.11284767421959026,0.1522133197980729,0.0054619443599991475,0.2357076359243894,0.0937135,2.8389068,3.0128336,0.01311655627353674,2.8645043561355417,0.008975325133173426,0.009564914387002186,-0.0034470492923859095,0.0042368251518782665
311,10.366667,axial_advance_candidate,unknown_no_ground_truth,0.5089152655532772,0.11281409115942401,0.15225615127422346,0.002564933667667772,0.22292983280675105,0.0937135,2.580279,1.9634621,0.013053597879609354,2.8657165817660486,0.009020413718884686,0.00943549436662959,0.0012514388526449073,0.00223892508084269
312,10.4,axial_advance_candidate,unknown_no_ground_truth,0.5089305280486374,0.11282980081387717,0.15229448680233115,0.0016774237077750147,0.22292983280675105,0.0937135,2.5087993,1.6734358,0.013068322494660363,2.8659107575676823,0.009058754520040657,0.00941913049968462,0.0014195132467238226,0.0008937183212742535
313,10.433333,axial_advance_candidate,unknown_no_ground_truth,0.5089528940603216,0.11286012506712244,0.1523508647962995,0.0012483392284986096,0.22292983280675105,0.0937135,2.5161874,1.7034128,0.013089680465149653,2.8666690293017147,0.00911504834218535,0.009394446678721668,0.0009913995850493705,0.0007586024599040263
314,10.466666,axial_advance_candidate,unknown_no_ground_truth,0.5089682565756921,0.11286363848099534,0.15236050052459388,0.0006808351229540127,0.2357076359243894,0.09369873,2.471506,1.5221201,0.013085378816391439,2.872934781296283,0.009124849109397834,0.009378926777578943,0.00010120439580969087,0.0006732712194328532
315,10.5,axial_advance_candidate,unknown_no_ground_truth,0.5089962177015079,0.11287210463028857,0.15235716837943897,0.0011381192523513802,0.23890531968205667,0.09369873,2.2073903,0.45048082,0.013062680115789115,2.8842805535877036,0.009121794911144492,0.009350212265315197,-0.0005985135577191742,0.0009680376820140842
316,10.533334,axial_advance_candidate,unknown_no_ground_truth,0.5090322224082743,0.11286267003050326,0.15231970167281705,0.002749019632180997,0.3566155178634618,0.09369873,2.2335944,0.5568029,0.013011668973346399,2.895088040516618,0.009084947670271354,0.009314894272098658,-0.0025751900348331444,0.0009620318199584743
317,10.566667,axial_advance_candidate,unknown_no_ground_truth,0.5090392211830139,0.1128289389583561,0.15218432870449916,0.006118497032093206,0.3761120510589939,0.09369873,2.2300763,0.5425284,0.012914207992440242,2.9000709517799588,0.008950118559035835,0.009309787637277755,-0.005936793756286318,0.001480028995342039
318,10.6,axial_advance_candidate,unknown_no_ground_truth,0.5090429951039906,0.112770330226314,0.15192253387824278,0.011565249355471182,0.788352268930481,0.09369873,2.059413,-0.14993133,0.012734352223587507,2.923841864892504,0.008689158172136158,0.009309256512417492,-0.011276697755735091,0.0025673099501279033
319,10.633333,axial_advance_candidate,unknown_no_ground_truth,0.5090287902947643,0.11266725663726715,0.15143053487097946,0.017328328605609695,0.8485745224054364,0.09369873,2.016087,-0.32572442,0.012419940017744859,2.9411233532816774,0.008198346018209778,0.009329631965414502,-0.016915177466717623,0.0037613486322647252
320,10.666667,axial_advance_candidate,unknown_no_ground_truth,0.5089917653682462,0.11253633330639251,0.15079241618513028,0.022518966564886292,1.8657109018763884,0.09369873,2.18463,0.35813147,0.012045087335930262,2.9914426003305294,0.007561476554615952,0.00937593735282936,-0.02202552762231754,0.004688281999730136
321,10.7,axial_advance_candidate,unknown_no_ground_truth,0.5089507886862954,0.11237859067701916,0.14995935799753995,0.027218910535246273,2.1221616031782733,0.09369873,2.0260804,-0.28517696,0.011585169631912431,3.101275129005572,0.006729984494971234,0.009429923864890574,-0.026716115870531236,0.005207517980582452
322,10.733334,axial_advance_candidate,unknown_no_ground_truth,0.5089261262101511,0.11221404233660998,0.14900787773139862,0.029422624899675478,2.1221616031782733,0.09369873,2.0850563,-0.045884475,0.011095151498320625,3.2030029284436266,0.005780400466882342,0.009470446516038872,-0.028976329743049655,0.005105210143476893
323,10.766666,axial_advance_candidate,unknown_no_ground_truth,0.5089505296495627,0.11206358924023047,0.1480233109613846,0.029019280036751974,2.1221616031782733,0.09369873,2.2542408,0.64057463,0.010609847918066299,3.2632877683938224,0.004798231969473421,0.009462866521917078,-0.028610584095538003,0.004853152744719614
324,10.8,axial_advance_candidate,unknown_no_ground_truth,0.5090271396870464,0.11194059545017836,0.14709535085152087,0.0267694878365302,2.1221616031782733,0.09369873,2.30575,0.8495709,0.010168556553853193,3.3569957638870815,0.0038730316266364843,0.009402083195121404,-0.02637924053274219,0.00455424504675254
325,10.833333,axial_advance_candidate,unknown_no_ground_truth,0.5091009817371662,0.11183737845683393,0.1462594771975525,0.025600912392319475,2.083012664327694,0.09366179,2.1003175,0.016037123,0.009825014614853479,3.403332819517405,0.003039615001145617,0.009343000204800115,-0.025194656696081872,0.004542685250575232
326,10.866667,axial_advance_candidate,unknown_no_ground_truth,0.5092022459364336,0.11173278098034602,0.1454103981137409,0.027087627436626373,2.083012664327694,0.09366179,2.0485344,-0.19407067,0.009515491318095802,3.4230361686557393,0.002193389066346015,0.00925924507875185,-0.02667101026626862,0.004732522743956733
327,10.9,axial_advance_candidate,unknown_no_ground_truth,0.5092818173422426,0.11162020087141088,0.1444758902951055,0.031093246092186524,2.083012664327694,0.093639635,1.84812,-1.0072441,0.00928578675682118,3.4654501397714585,0.0012615518109314928,0.00919969144708077,-0.030714105052972413,0.0048408370499580826
328,10.933333,axial_advance_candidate,unknown_no_ground_truth,0.5093282017129029,0.11147502234258669,0.14335746032445967,0.03597164731050883,2.083012664327694,0.093639635,2.0671768,-0.11842977,0.009182375672398598,3.521735712089515,0.00014577873740184255,0.00918121841308544,-0.035545049324570005,0.005523484293950939
329,10.966666,axial_advance_candidate,unknown_no_ground_truth,0.509422800083833,0.11132528611028902,0.1421001694597425,0.03700393200989649,4.458786131511169,0.093639635,2.113957,0.07137864,0.009186750847559693,3.6529664929231362,-0.001108111916973521,0.009119675384277666,-0.03657156567626533,0.005640174481312936
330,11.0,axial_advance_candidate,unknown_no_ground_truth,0.5095403642680303,0.1112210871277962,0.14091282948421308,0.03280542527536008,4.458786131511169,0.093639635,2.1012478,0.019811815,0.009313496976303603,3.807208367291959,-0.002292321337738161,0.00902698669613325,-0.032382426849770767,0.005251129289636618
331,11.033334,axial_advance_candidate,unknown_no_ground_truth,0.509687529591125,0.11116306846932524,0.13993526182448993,0.02467953334189955,4.458786131511169,0.09361748,2.3541646,1.0460116,0.009476985911034203,4.059077407939719,-0.0032669693347375747,0.008896076288107308,-0.024126039981210892,0.005197457147388995
332,11.066667,axial_advance_candidate,unknown_no_ground_truth,0.5098537460191289,0.11115476140331301,0.1392990022423106,0.014350528583501115,4.458786131511169,0.09361748,4.3955693,9.328929,0.00956687808241045,4.305861705791651,-0.0039007322068081145,0.008735527717000006,-0.01354531967764643,0.004739407711544445
333,11.1,terminal_settle_candidate,unknown_no_ground_truth,0.5099910405325783,0.11117816584291529,0.13902811766769252,0.006037091361041421,1.8575995062125856,0.09361748,4.6898155,10.522821,0.009553762518869151,4.36340419522334,-0.004169979371704397,0.008595676256497148,-0.00478567243723109,0.003680191764716561
334,11.133333,terminal_settle_candidate,unknown_no_ground_truth,0.5100911918956119,0.11120009709679211,0.1389772061608368,0.0022462399941591276,1.820092436825955,0.09358793,5.0186925,11.857226,0.00948391616697461,4.424586292821229,-0.004219782994865387,0.008493414939731091,0.00049488732565479,0.002191045560061736
335,11.166667,terminal_settle_candidate,unknown_no_ground_truth,0.5101331196098264,0.11121346655586342,0.13905961287518276,0.0011024878332635969,1.2198199974897743,0.09358793,4.832128,11.100248,0.009408490892541428,4.4648408512731566,-0.004136983136124832,0.00845015215285818,0.0009436104068864617,0.0005701568402727684
336,11.2,terminal_settle_candidate,unknown_no_ground_truth,0.5101288216097928,0.11118967586422879,0.13903947952049772,0.001272902138987665,1.1618640558460518,0.09358793,4.905723,11.398858,0.00942776205675823,4.503179997863041,-0.004156872741278567,0.008461861876186905,-0.0008421270700035752,0.0009545165548101121
337,11.233334,terminal_settle_candidate,unknown_no_ground_truth,0.5101461174147589,0.11115205284127046,0.13900250977387563,0.0017293986858052288,0.8580607915259616,0.09358793,5.281726,12.924474,0.009440110316976195,4.531370434835865,-0.004193125370552596,0.0084577409763783,-0.001092346779913821,0.0013407454370150803
338,11.266666,terminal_settle_candidate,unknown_no_ground_truth,0.510145411768413,0.1111029673694931,0.13896532517043936,0.0019385990223280295,0.8396927709291543,0.093521446,5.7930202,14.99903,0.009471537355778664,4.558534723256652,-0.004229695766250113,0.00847465005807771,-0.0009355503353636938,0.0016979139375634064
339,11.3,terminal_settle_candidate,unknown_no_ground_truth,0.5101471563903228,0.11103966797676179,0.13893870108316708,0.0018917985080142963,0.5419225920110625,0.093521446,6.1634884,16.50219,0.009500851630723704,4.576103340703197,-0.004255495040410336,0.00849452433453859,-0.0005917262450526586,0.0017968755231904628
340,11.333333,terminal_settle_candidate,unknown_no_ground_truth,0.5101474843874008,0.11098371026696888,0.13892434075875698,0.0018225471537410953,0.49317525213017216,0.093521446,6.282689,16.985842,0.009524079107372707,4.585384103725603,-0.004269144477433296,0.008513664796918778,-0.0001513724173832557,0.001816250125633944
341,11.366667,terminal_settle_candidate,unknown_no_ground_truth,0.5101573470680592,0.11091916421066583,0.13892695231258456,0.0019330062994364805,0.3673186634796155,0.093521446,5.9948354,15.817887,0.009534817617937926,4.585548888125099,-0.004265586048098641,0.008527456987496664,0.0002975899261811018,0.001909961672258541
342,11.4,terminal_settle_candidate,unknown_no_ground_truth,0.5101707677460019,0.11085824076562362,0.13894228489672308,0.0017795021363656855,0.2902717034082448,0.09329247,5.7514205,14.830241,0.00953625892187128,4.585529889514662,-0.004249305516782367,0.00853719139120194,0.0006020984995592385,0.0016745462818801256
343,11.433333,terminal_settle_candidate,unknown_no_ground_truth,0.5101875852040276,0.11081105742217251,0.13896532402228962,0.0013147866852644768,0.15681998668259434,0.09329247,5.6496634,14.417366,0.009527415634970974,4.5903352157117725,-0.004225445984714317,0.008539160082335441,0.0006955762643141864,0.0011157229442256133
344,11.466666,terminal_settle_candidate,unknown_no_ground_truth,0.5102021952231197,0.11078995954701365,0.13898737410800133,0.0009804781565027972,0.11106989794637528,0.09329247,5.1270566,12.296909,0.009512512502926257,4.596241136903826,-0.004202933756359743,0.008533653494136035,0.0006536218966765292,0.0007308322868922118
345,11.5,terminal_settle_candidate,unknown_no_ground_truth,0.5102193063232695,0.110773034051286,0.1390079923320843,0.0009208696648650515,0.07972488904063667,0.09329247,4.9471474,11.566935,0.009494842663054092,4.599845791536647,-0.004181871289784202,0.008524317551090569,0.0005979301967486081,0.0007003430727042591
346,11.533334,terminal_settle_candidate,unknown_no_ground_truth,0.5102351073247542,0.1107558168399992,0.13902636209731212,0.0006459339158090834,0.11106989794637528,0.092679374,4.4990735,9.748894,0.00947941173618322,4.602440073074978,-0.004163071208486333,0.00851634222992244,0.000438144278828088,0.0004746158599569453
347,11.566667,terminal_settle_candidate,unknown_no_ground_truth,0.5102424762650681,0.11075070275755881,0.13903660814321328,0.0002661767875263715,0.11106989794637528,0.092679374,4.417752,9.418934,0.009470534719886644,4.603983615127063,-0.0041526614438517125,0.008511546910716396,0.0002323579016739282,0.00012984563045227295
348,11.6,terminal_settle_candidate,unknown_no_ground_truth,0.5102430335493826,0.11075955004553278,0.1390417932616772,0.000163552966246503,0.11106989794637528,0.092679374,4.32191,9.030059,0.00946486365699651,4.604778454031679,-0.0041475808641028575,0.008507715146927589,0.00010762999490359948,0.0001231477038563078
349,11.633333,terminal_settle_candidate,unknown_no_ground_truth,0.5102434564335756,0.11075877464984149,0.13904387290987594,3.496491527360317e-05,0.6734174966438934,0.09266461,4.159913,8.372764,0.009463873169669297,4.604943540626055,-0.004145486017125298,0.008507634280656698,2.9629657637028012e-05,1.8564177557940875e-05
350,11.666667,terminal_settle_candidate,unknown_no_ground_truth,0.5102419316402739,0.1107590181248091,0.1390437772722977,4.291115231918688e-05,0.6734174966438934,0.09266461,4.1468387,8.319715,0.009465110297543301,4.604976775258107,-0.004145605633987345,0.008508952160643084,3.0406257632432688e-05,3.0279142823907458e-05
351,11.7,terminal_settle_candidate,unknown_no_ground_truth,0.510242087976271,0.11075729143103595,0.13904590042303716,0.0001390190573352315,0.6734174966438934,0.09266461,4.117653,8.201295,0.009464643941544868,4.60501920004286,-0.004143458984901078,0.008509478984089713,0.00013119616991421013,4.597676915810953e-05
352,11.733334,terminal_settle_candidate,unknown_no_ground_truth,0.5102437950508462,0.11075638768203488,0.1390524666236179,0.00027486452250932177,0.6734174966438934,0.09266461,4.14587,8.315785,0.009460691138662205,4.605856816473277,-0.004136859118747328,0.008508294391521643,0.000260242719684167,8.84546922761338e-05
353,11.766666,terminal_settle_candidate,unknown_no_ground_truth,0.510247116868823,0.11075363645604455,0.13906313779052132,0.00043919867820174944,0.614164496888926,0.09265722,4.146282,8.317457,0.009454246281283041,4.605974694881083,-0.004126109590369443,0.00850635012184518,0.0003759105062754643,0.00022712721150467202
354,11.8,terminal_settle_candidate,unknown_no_ground_truth,0.5102538017846564,0.11074441765950227,0.13907724373310476,0.0006356556114553353,0.3146678902811895,0.09265722,4.0070205,7.752408,0.009445700541239893,4.608870715025279,-0.004111798355483142,0.008503785803900855,0.0004601476918602958,0.0004385455028275841
355,11.833333,terminal_settle_candidate,unknown_no_ground_truth,0.5102665871010152,0.110731078673526,0.13909326840084704,0.0006923558364928808,0.23476021070159955,0.09265722,3.7765722,6.8173733,0.009432645730771528,4.610444518918084,-0.004095433150441519,0.008497189699689364,0.00045030846885269437,0.0005259076793557009
356,11.866667,terminal_settle_candidate,unknown_no_ground_truth,0.5102765991734284,0.11071706383421517,0.1391066122079878,0.0003974511289371149,0.23476021070159955,0.09265722,3.580454,6.021632,0.009423332675702115,4.610444518918084,-0.004081777912214284,0.008493426151578335,0.00032219593323304136,0.00023271695361850344
357,11.9,terminal_settle_candidate,unknown_no_ground_truth,0.5102695283199912,0.11071552266268703,0.13911451591637447,0.0006120379773912859,0.23476021070159955,0.09264983,3.628533,6.2167096,0.009426421742591291,4.610444518918084,-0.004073953260069486,0.008500607725566864,0.00016011939808016198,0.0005907218161941057
358,11.933333,terminal_settle_candidate,unknown_no_ground_truth,0.5102378046945588,0.1107227763048341,0.13911789307146252,0.0012048822519699868,0.3146678902811895,0.09264983,3.6087325,6.13637,0.00944913745361226,4.610368806535173,-0.004071103453348092,0.00852715165160062,-2.8689358783957367e-05,0.001204540643483993
359,11.966666,terminal_settle_candidate,unknown_no_ground_truth,0.5101918568166143,0.11069507816310997,0.13911341247959388,0.0024023165586990604,0.5694932899824554,0.09264983,3.4045358,5.3078504,0.009499048726606894,4.592775770192224,-0.0040758656492221055,0.00858016584454772,0.00014367741949497322,0.002398016189963479
360,12.0,terminal_settle_candidate,unknown_no_ground_truth,0.5101602839452822,0.11058291348131798,0.13912677853372746,0.004664085631040319,0.673207603782909,0.09264983,3.5384367,5.851148,0.009558695149113571,4.568794524712893,-0.004061524436458316,0.008652899641492401,0.0007208970812505123,0.004608036693855775
361,12.033334,terminal_settle_candidate,unknown_no_ground_truth,0.5101324853031927,0.11039320409599052,0.13915849854108586,0.006415427845595012,0.7666326568760251,0.09264983,3.6017616,6.108086,0.00963686778330393,4.547165263854787,-0.0040278051990735595,0.008754770468218868,0.0011922415400477241,0.006303671513667292
362,12.066667,terminal_settle_candidate,unknown_no_ground_truth,0.5101127290142623,0.11016452062080002,0.139201663755248,0.006939996375038302,0.8256409198288537,0.09264983,4.0068665,7.751783,0.009722033083237241,4.533929757694463,-0.0039820420723346035,0.008869118795332294,0.0014853750302029002,0.006779174780546265
363,12.1,terminal_settle_candidate,unknown_no_ground_truth,0.51010719106726,0.10994083194494574,0.13925219673302064,0.006190474575151819,0.8528637507272623,0.09264983,4.224487,8.6347685,0.009795367128636115,4.53034531629356,-0.003928780092124547,0.008972954038246867,0.0015112331421580512,0.006003178312830979
364,12.133333,terminal_settle_candidate,unknown_no_ground_truth,0.5101035796556443,0.10976320896834968,0.13929750681959685,0.004072034318124929,0.8256409198288537,0.09264983,4.032355,7.8552012,0.009854357494740677,4.503234812742194,-0.0038812931118720776,0.009057810188665145,0.001230036620525626,0.003881813158841246
365,12.166667,terminal_settle_candidate,unknown_no_ground_truth,0.5100907349981255,0.1096816312986756,0.1393311778223893,0.0016388015087055736,0.8256409198288537,0.092635065,4.049584,7.9251075,0.009886672168190504,4.496517442141427,-0.0038467781152720444,0.009107611360457625,0.0008658413972614923,0.0013913982390832364
366,12.2,terminal_settle_candidate,unknown_no_ground_truth,0.5100715703523552,0.10967571668194773,0.13935457862845502,0.0006674560136520159,0.8256409198288537,0.092635065,3.9752946,7.6236815,0.00989595430616326,4.492800006239548,-0.003823570068424319,0.00912744342965328,0.00036952142522676546,0.0005558340098074425
367,12.233334,terminal_settle_candidate,unknown_no_ground_truth,0.5100542748798609,0.10967698622019234,0.13935625838374582,0.0012966574133354307,0.6151725140616863,0.092635065,3.907769,7.349699,0.009908934136940434,4.491323125866812,-0.003822144015458312,0.009142110853370772,0.00020597443231293671,0.0012801933372702317
368,12.266666,terminal_settle_candidate,unknown_no_ground_truth,0.5100726508522148,0.10959021192064228,0.13936722173763372,0.004327652442291978,0.5718724659356956,0.092635065,3.921339,7.404759,0.0099273619514064,4.490735613505751,-0.0038098387487679945,0.009167204809679853,0.0005890901392851762,0.004287370810773509
369,12.3,terminal_settle_candidate,unknown_no_ground_truth,0.5101099971569603,0.10939607492132622,0.13939123890834743,0.006698119388789396,0.5718724659356956,0.092635065,3.9789495,7.638511,0.009974602330755304,4.489726134895157,-0.003782870972650658,0.009229440874776012,0.0008945964387925552,0.0066381097127251616
370,12.333333,terminal_settle_candidate,unknown_no_ground_truth,0.5101540711342726,0.1091543746784234,0.13942027029230075,0.007455305123861873,0.5718724659356956,0.092635065,4.2590137,8.77486,0.010040883334700218,4.486515066020343,-0.003750199191059878,0.009314254890673454,0.0009928212250948684,0.007388902523709609
371,12.366667,terminal_settle_candidate,unknown_no_ground_truth,0.5101964033391875,0.10891018029887861,0.13945013882383855,0.006834541750766995,0.49485698999294697,0.092635065,4.860789,11.216538,0.010115091351136536,4.483915827481129,-0.0037166829451341895,0.00940751513031926,0.0009192124645549583,0.006772444860460952
372,12.4,terminal_settle_candidate,unknown_no_ground_truth,0.5102286042151196,0.1087082102736816,0.13947492516531768,0.004886889282563372,0.49485698999294697,0.092635065,5.6013966,14.221525,0.010182848547218263,4.481447843486758,-0.0036889182387802723,0.009491168882871031,0.0006853053481948578,0.004838599326227403
373,12.433333,terminal_settle_candidate,unknown_no_ground_truth,0.5102451860530489,0.10859068405693939,0.1394911439410435,0.002540235656981897,0.49485698999294697,0.092635065,5.6639423,14.475302,0.010225014148698348,4.4786062373965265,-0.003670996262295614,0.009543306595897097,0.00045150959951224866,0.0024997872458572424
374,12.466666,terminal_settle_candidate,unknown_no_ground_truth,0.5102505049959201,0.10854258540963829,0.1395026466929319,0.0006766723329675729,0.28829855088509465,0.09262767,5.6709146,14.503592,0.010242039666213811,4.4785974307977945,-0.0036588174480026566,0.00956621301281173,0.000225599489231354,0.0006379579270315011
375,12.5,terminal_settle_candidate,unknown_no_ground_truth,0.5102467345604897,0.10854799068867252,0.1395056278211199,0.0002101564006248059,0.25982408576106136,0.09262767,5.623739,14.312178,0.010241060997834993,4.4785974307977945,-0.0036559565924833316,0.009566259026142597,8.533087696281598e-05,0.00019205299831122314
376,12.533334,terminal_settle_candidate,unknown_no_ground_truth,0.5102510557413893,0.10855530789556456,0.13950848898310464,0.0003486672307376759,0.20926850911325326,0.09262767,5.599212,14.212662,0.010232860333643588,4.4785974307977945,-0.0036531286465564085,0.009558560649991468,0.00017114791242569906,0.00030377167389769073
377,12.566667,terminal_settle_candidate,unknown_no_ground_truth,0.5102650238313517,0.10853883738420517,0.13951667321176847,0.0006308842383886022,0.18413642128021115,0.09262767,5.8174357,15.098095,0.010227837020563721,4.4791753851955445,-0.0036445468919487074,0.009556460017789056,0.00025682979625568344,0.0005762407292116993
378,12.6,terminal_settle_candidate,unknown_no_ground_truth,0.5102770751148027,0.108526624289178,0.13952489576075633,0.0004763215950622825,0.1372880662005584,0.09262767,5.6373997,14.367606,0.01022207809845293,4.481703727677506,-0.003636006692863105,0.009553550961832245,0.00021689816336563632,0.0004240724568411521
379,12.633333,terminal_settle_candidate,unknown_no_ground_truth,0.5102861680318657,0.10851967423485873,0.1395306042477571,0.00030241428703931423,0.12163518475375357,0.09262767,5.6083083,14.249569,0.010216728258842978,4.481936483778989,-0.003630086938002626,0.009550078802689712,0.00016116001541568488,0.00025589421727876724
380,12.666667,terminal_settle_candidate,unknown_no_ground_truth,0.5102926508484498,0.10851921583531074,0.13953533449138272,0.00027078616530014187,0.10682453886784925,0.09262767,5.5152893,13.8721485,0.010210305705918632,4.482508877292052,-0.003625262748633574,0.009545041257725623,0.0001925231454984455,0.0001904205497453994
381,12.7,terminal_settle_candidate,unknown_no_ground_truth,0.5102976284954159,0.10852532777418894,0.13954335502726511,0.00040303698953642297,0.12163518475375357,0.092635065,5.5711718,14.098889,0.010200408611436246,4.4825566110358785,-0.0036172521498320856,0.009537495621220377,0.00033046822321976114,0.00023071534057482362
382,12.733334,terminal_settle_candidate,unknown_no_ground_truth,0.5103068790876434,0.10852546829905271,0.13955725295910582,0.0006162362709952258,0.10682453886784925,0.092635065,5.5246744,13.910228,0.010188324289270464,4.483569745040033,-0.003603231398020061,0.009529883279225455,0.0005104213137741023,0.00034527847331570013
383,12.766666,terminal_settle_candidate,unknown_no_ground_truth,0.5103211118274509,0.10852497422759519,0.13957706193096356,0.000765257648573373,0.09280881952266785,0.092635065,5.488401,13.76305,0.010170683125202926,4.486531539237498,-0.0035832242507604357,0.009518576532341897,0.0006265714328275751,0.0004393489595577161
384,12.8,terminal_settle_candidate,unknown_no_ground_truth,0.5103367193708114,0.10852385747592408,0.13959860162566518,0.0007702294421976387,0.09280881952266785,0.092635065,5.524522,13.909609,0.010151739772877429,4.491078310099651,-0.003561459973941833,0.009506514780414097,0.000625461928757244,0.0004495005776451839
385,12.833333,terminal_settle_candidate,unknown_no_ground_truth,0.5103513805447423,0.1085204587825544,0.13961829422386363,0.000651419701477754,0.07793769650154068,0.092635065,5.562364,14.063152,0.010135417867606493,4.49338316915621,-0.0035415267610071797,0.009496540609720307,0.0005188388204793129,0.00039389580581290984
386,12.866667,terminal_settle_candidate,unknown_no_ground_truth,0.5103624548767782,0.1085162618582255,0.13963274774451667,0.00043523227932041545,0.07292770991130217,0.092635065,5.525721,13.9144745,0.010124128764427125,4.493781752825004,-0.003526870918433546,0.009489950725025311,0.0003216883497027356,0.00029316163225765856
387,12.9,terminal_settle_candidate,unknown_no_ground_truth,0.510368817712664,0.10851080933635693,0.13963938322213043,0.00024610604635913463,0.06394333746989207,0.092635065,5.5785494,14.128823,0.010119855437264813,4.494557064019686,-0.0035200806512252917,0.0094879136948018,0.00012647873333916635,0.00021111919871827047
388,12.933333,terminal_settle_candidate,unknown_no_ground_truth,0.5103715179308501,0.10850529437677639,0.1396409185230831,0.0001538456543543334,0.06394333746989207,0.092635065,5.52907,13.928062,0.010120201362072282,4.494894095046347,-0.003518439173445888,0.009488891473278166,5.431409579300159e-05,0.0001439390994896858
389,12.966666,terminal_settle_candidate,unknown_no_ground_truth,0.5103733192223008,0.10850226456215054,0.13964283547817125,0.00012664484914915887,0.06394333746989207,0.092635065,5.5508857,14.016579,0.010119779111912459,4.495511419703015,-0.0035164597094095623,0.009489174905438246,5.889421184351563e-05,0.0001121177489398726
390,13.0,terminal_settle_candidate,unknown_no_ground_truth,0.5103755534085375,0.1084989206494531,0.13964470986463048,0.00011424448200470862,0.07793769650154068,0.092635065,5.5533123,14.026425,0.0101192081375998,4.4956816402647926,-0.0035145129125548047,0.009489287239806347,5.501486666873844e-05,0.00010012575150252368
391,13.033334,terminal_settle_candidate,unknown_no_ground_truth,0.510377073792133,0.10849666669727234,0.13964638183940267,8.066481202846633e-05,0.15609267063519103,0.092635065,5.515764,13.874075,0.010118672926977748,4.495701897944254,-0.0035127920024292897,0.009489353726720343,4.066828559337567e-05,6.966277662054134e-05
392,13.066667,terminal_settle_candidate,unknown_no_ground_truth,0.5103779421101481,0.10849488248749198,0.1396473379832168,6.281605189768431e-05,0.16098966457504127,0.092635065,5.5487976,14.008107,0.010118634287397989,4.495713074797384,-0.003511801659979316,0.009489679074819797,2.640722695365251e-05,5.6995743179915265e-05
393,13.1,terminal_settle_candidate,unknown_no_ground_truth,0.5103784621246834,0.10849309874215379,0.13964807865091095,5.9189539804061875e-05,0.16098966457504127,0.092635065,5.49154,13.775786,0.010118938112204882,4.495776980923835,-0.003511031543831979,0.009490287983873268,1.816902019152539e-05,5.633194766290766e-05
394,13.133333,terminal_settle_candidate,unknown_no_ground_truth,0.5103786699608525,0.10849118018381833,0.13964849291114323,5.796202740826347e-05,0.16098966457504127,0.092635065,5.5200667,13.891532,0.010119667245098551,4.495956640343394,-0.003510590368490599,0.009491228604147174,2.001181699954427e-05,5.439782901599141e-05
395,13.166667,terminal_settle_candidate,unknown_no_ground_truth,0.5103796243148009,0.10848964108290693,0.13964935354026226,6.715853399904043e-05,0.15609267063519103,0.092635065,5.4950128,13.789877,0.01011946459950707,4.495986015488625,-0.0035096974262659375,0.009491342779435322,2.6065317023377217e-05,6.189400566590526e-05
396,13.2,terminal_settle_candidate,unknown_no_ground_truth,0.5103805048201976,0.10848745141561345,0.13965015880840242,7.201561772663942e-05,0.11964229928894338,0.092635065,5.4443917,13.584484,0.01011968820617769,4.4960177313278695,-0.0035088526657475537,0.009491893507637352,2.192972334257116e-05,6.859545488345239e-05
397,13.233334,terminal_settle_candidate,unknown_no_ground_truth,0.510381288808071,0.10848535625201007,0.13965073898872493,7.29859363796539e-05,0.11776453768363582,0.092635065,5.470872,13.691926,0.010120013051974358,4.496095064044629,-0.003508235467834903,0.009492467965411134,2.2663601929786068e-05,6.937800845212469e-05
398,13.266666,terminal_settle_candidate,unknown_no_ground_truth,0.5103825390625296,0.10848326924724422,0.13965158943421357,8.175244902873172e-05,0.11776453768363582,0.092635065,5.4768157,13.716043,0.010119882438649273,4.49623201423604,-0.0035073417530839825,0.009492658974131313,3.465783593574065e-05,7.4042537304219e-05
399,13.3,terminal_settle_candidate,unknown_no_ground_truth,0.5103839746434533,0.10848116625651277,0.13965296031501512,7.076148595708696e-05,0.11045290771336891,0.092635065,5.4532857,13.620571,0.010119440075632582,4.496284382499945,-0.0035059249478974104,0.009492710766900532,2.967502638835482e-05,6.423846747631406e-05
400,13.333333,terminal_settle_candidate,unknown_no_ground_truth,0.5103844842857271,0.10847941603275399,0.13965349296227192,5.135074266909084e-05,0.10538444197606618,0.092635065,5.4585047,13.6417465,0.01011980821386251,4.4964614016258535,-0.0035053633801890153,0.009493310584732231,1.444069598442915e-05,4.9278444295173106e-05
401,13.366667,terminal_settle_candidate,unknown_no_ground_truth,0.5103848653400784,0.10847798871381525,0.13965387096679846,4.160405237585564e-05,0.10005023222526195,0.092635065,5.4558487,13.63097,0.010120154597167029,4.496497587096096,-0.0035049622555608194,0.009493827924375654,1.048710912695342e-05,4.0260622402694045e-05
402,13.4,terminal_settle_candidate,unknown_no_ground_truth,0.5103851810441666,0.10847681298304382,0.13965414992491273,4.008594839654992e-05,0.09791672861116567,0.09262767,5.441608,13.573189,0.01012044979559991,4.496603947995533,-0.0035046642220771503,0.009494252617017869,1.8962665687487385e-05,3.531714270542638e-05
403,13.433333,terminal_settle_candidate,unknown_no_ground_truth,0.5103861541110585,0.10847599160750775,0.13965509254434127,4.1741129021994185e-05,0.09791672861116567,0.09262767,5.4522266,13.616274,0.010119820988100542,4.496655556944039,-0.0035036980751597855,0.00949393894173129,2.5798551829154064e-05,3.281396921357148e-05
404,13.466666,terminal_settle_candidate,unknown_no_ground_truth,0.5103867526679825,0.10847524611421525,0.13965582885327965,3.686141084929578e-05,0.08228308017774978,0.09262767,5.420597,13.487938,0.010119510258323238,4.496865582084935,-0.0035029442989653217,0.009493885880220786,1.4949853102039813e-05,3.3693701221860604e-05
405,13.5,terminal_settle_candidate,unknown_no_ground_truth,0.5103868843587156,0.10847385049349455,0.13965605237841722,5.489509243206397e-05,0.08081999635381916,0.09262767,5.4224186,13.495329,0.010120085050804322,4.496878639069123,-0.0035027014490753698,0.009494588142418733,2.568338748859197e-05,4.8516335189662506e-05
406,13.533334,terminal_settle_candidate,unknown_no_ground_truth,0.5103881114914604,0.1084722791336277,0.13965748541281994,7.766714188214278e-05,0.08081999635381916,0.092635065,5.4115024,13.451036,0.01011949810327317,4.496902630916881,-0.003501232050162895,0.009494504515405816,4.600475888601042e-05,6.257593058022344e-05
407,13.566667,terminal_settle_candidate,unknown_no_ground_truth,0.5103894807432143,0.10847051445657167,0.13965904228058795,6.400782203260401e-05,0.0713611532301873,0.092635065,5.3913007,13.369069,0.010118864373464905,4.496998226372667,-0.003499634456521174,0.009494418090610243,2.9816679395898234e-05,5.6638916931379656e-05
408,13.6,terminal_settle_candidate,unknown_no_ground_truth,0.5103899731990758,0.10846895446086871,0.13965940609302052,5.1367978277507014e-05,0.0713611532301873,0.092635065,5.4267087,13.512736,0.010119203244762601,4.497029060063172,-0.0034992443231991067,0.009494923036832513,-2.3921179509254915e-06,5.131224964886351e-05
409,13.633333,terminal_settle_candidate,unknown_no_ground_truth,0.5103901275939278,0.10846715818123165,0.13965883171274035,5.787892583770244e-05,0.0713611532301873,0.092635065,5.3859067,13.347183,0.010120250886884905,4.497212512410024,-0.003499793888792889,0.0094958370220567,1.6680362275445865e-05,5.5423240346321703e-05
410,13.666667,terminal_settle_candidate,unknown_no_ground_truth,0.5103916705957638,0.10846565134110961,0.1396604534928565,0.0001026482697631584,0.0713611532301873,0.09262767,5.4038477,13.419978,0.010119323495197381,4.497434790590439,-0.0034981322520661906,0.009495460954977808,7.343779700527816e-05,7.171859770228149e-05
411,13.7,terminal_settle_candidate,unknown_no_ground_truth,0.5103937636956963,0.10846391611282535,0.13966363766413456,0.0001449111448381744,0.08262702424835008,0.09262767,5.4001904,13.405139,0.010117563212469429,4.49755903752784,-0.0034948980700976857,0.009494776081506196,0.00011822978580902356,8.379115493811244e-05
412,13.733334,terminal_settle_candidate,unknown_no_ground_truth,0.5103965186211898,0.10846259795199657,0.13966823187977445,0.00017448009121379826,0.08262702424835008,0.09262767,5.3992686,13.401399,0.010114588603766213,4.497801847951408,-0.0034902502486396404,0.009493316376551889,0.00014694448364689774,9.407773889567057e-05
413,13.766666,terminal_settle_candidate,unknown_no_ground_truth,0.510399378692564,0.10846074533896231,0.13967331866195898,0.0001320588928872991,0.08262702424835008,0.09262767,5.4064035,13.430348,0.01011165650951546,4.499322210112546,-0.0034851017796317775,0.009492084225923923,-8.872829330593745e-05,9.781023033218287e-05
414,13.8,terminal_settle_candidate,unknown_no_ground_truth,0.5103975559403403,0.10845624899923283,0.13966222104003687,0.00037326503477065354,0.08262702424835008,0.09262767,5.450222,13.60814,0.010119279039301914,4.4997044458914965,-0.0034961659416215935,0.009496137740360566,-0.0003242282747606137,0.00018494002278601876
415,13.833333,terminal_settle_candidate,unknown_no_ground_truth,0.5104091487852743,0.10845390294327881,0.139651479478675,0.0005195357851219857,0.08262702424835008,0.09262767,5.484995,13.749229,0.010115324791616741,4.500242826500307,-0.0035067169767943503,0.009488030969835552,0.00038298613040691073,0.0003510542065525761
416,13.866667,terminal_settle_candidate,unknown_no_ground_truth,0.5104212759478606,0.10845715278159802,0.1396874448441477,0.001687913917410991,0.08262702424835008,0.09262767,5.4754643,13.71056,0.010091965579646684,4.500469104736515,-0.0034706322382389424,0.009476417103930683,0.0016045469523124545,0.000523910746611034
417,13.9,terminal_settle_candidate,unknown_no_ground_truth,0.5104211003604211,0.10848587268748958,0.1397587048538918,0.0035135493079162076,0.08262702424835008,0.09262767,5.468161,13.680927,0.01005248956673941,4.500494821600329,-0.003399748262376721,0.009460140497998494,0.003265014730560766,0.0012979628455312851
418,13.933333,terminal_settle_candidate,unknown_no_ground_truth,0.5104101479662077,0.10853977766695248,0.13990634450521358,0.006104545664796876,0.36641953466196664,0.09262767,5.3575935,13.232304,0.009983343840414254,4.502122804476621,-0.0032529626407890137,0.009438505617605373,0.005888457102389258,0.0016098294092579605
419,13.966666,terminal_settle_candidate,unknown_no_ground_truth,0.5104012000456104,0.10858522131009785,0.1401528567161865,0.008365556755363674,0.506816575069079,0.09262767,5.3186073,13.074119,0.009889081049230886,4.50414128742901,-0.0030071876467873465,0.009420761458357123,0.008304756593936183,0.0010067560492414622
420,14.0,terminal_settle_candidate,unknown_no_ground_truth,0.5104172074540858,0.10846569894595058,0.1404590632454179,0.01183430066440723,0.5565537416078405,0.09262767,5.243654,12.769998,0.00985463144025217,4.497995773839874,-0.0026993109677260654,0.009477736075810527,0.009109116125567215,0.007554778330733517
421,14.033334,post_settle_motion_unresolved,unknown_no_ground_truth,0.510458696166828,0.10807637703439386,0.14075305321052936,0.01688465384065208,0.6968987362412593,0.15245894,4.6800017,10.483003,0.00997000957538041,4.496084528585587,-0.0023999050917093557,0.009676856229373493,0.007891845502093275,0.014926831877184693
422,14.066667,post_settle_motion_unresolved,unknown_no_ground_truth,0.510510709769272,0.10746780738914169,0.14097144052358337,0.020439508115374944,1.267742499133275,0.15245894,4.1264825,8.237121,0.010252428548912304,4.493363209468535,-0.0021731863410729096,0.01001945868186132,0.005554546863279848,0.019670294892098244
423,14.1,post_settle_motion_unresolved,unknown_no_ground_truth,0.5105720094742117,0.10676496134618113,0.14110536267682483,0.02073661719940976,1.325936237835243,0.15245894,3.5172594,5.765222,0.010639531921310473,4.469912372725025,-0.0020296047145690606,0.010444153589792882,0.0032526753122188324,0.020479926664618182
424,14.133333,post_settle_motion_unresolved,unknown_no_ground_truth,0.5106148978955123,0.10610363380256085,0.14116973138317274,0.0171278751666527,1.325936237835243,0.15245894,3.5761106,6.0040083,0.011054915326450544,4.42932941389147,-0.0019563394999156203,0.010880436049904482,0.0009306745253439811,0.017102571521625455
425,14.166667,post_settle_motion_unresolved,unknown_no_ground_truth,0.5106194078213824,0.10562506467759869,0.14115242378470258,0.010174225462775242,1.325936237835243,0.15245894,3.6094284,6.139194,0.011398806556566856,4.4038378292440425,-0.001967562237983767,0.011227710797562069,-0.0007042538876658418,0.010149822177215306
426,14.2,post_settle_motion_unresolved,unknown_no_ground_truth,0.5105820738720023,0.1054283759114563,0.14111472887231827,0.002379352942747165,1.267742499133275,0.15245894,3.5413113,5.8628116,0.011573870886045261,4.388733803275433,-0.00200328899787137,0.0113991806932715,-0.0009214807886287691,0.002193671256671723
427,14.233334,post_settle_motion_unresolved,unknown_no_ground_truth,0.5105116308127665,0.10552608186357994,0.1410912159613869,0.0019453196430863243,1.0410115791760257,0.15245894,3.4168532,5.3578277,0.011552989743626714,4.3822796335597545,-0.0020289939606252714,0.011373423210453844,-0.0005151670923871616,0.0018758655017614835
428,14.266666,post_settle_motion_unresolved,unknown_no_ground_truth,0.510489008894117,0.10551283889537905,0.1410827185198985,0.006595066351635629,1.0410115791760257,0.15245894,3.329024,5.001465,0.01157912263701896,4.3820416240933895,-0.002037633910801908,0.011398426605837975,-3.933929374606268e-05,0.006594949021974624
429,14.3,post_settle_motion_unresolved,unknown_no_ground_truth,0.5105626152315886,0.10508945422693994,0.1410823999173751,0.020149944034335326,1.0410115791760257,0.15245894,2.928895,3.377957,0.011843145434989098,4.381233859502092,-0.0020316161737222354,0.011667588847614289,0.00046750049920041774,0.020144520045662372
430,14.333333,post_settle_motion_unresolved,unknown_no_ground_truth,0.5107413209211793,0.10419347957000699,0.14109382642161328,0.03200081998804915,1.0410115791760257,0.15245894,1.9964159,-0.40553954,0.012416682315295904,4.3780521381396555,-0.0020064677725351817,0.012253492840686681,0.0009732285717651229,0.03198601735219041
431,14.366667,post_settle_motion_unresolved,unknown_no_ground_truth,0.5109872029383569,0.10299899377542734,0.1411151628670581,0.03738991076107786,1.0410115791760257,0.27286753,1.4725661,-2.5310388,0.013235785840811094,4.37173683722728,-0.0019667339288992614,0.013088849623887195,0.0012860250374519054,0.03736778781684049
432,14.4,post_settle_motion_unresolved,unknown_no_ground_truth,0.5112509196199707,0.10175394325868034,0.14114188641596495,0.03536543552236723,0.8111731350954166,0.27286753,1.5503323,-2.2155056,0.014146869695706724,4.380318521461173,-0.0019207330157218698,0.014015873389468856,0.001358408921392937,0.03533933721632303
433,14.433333,post_settle_motion_unresolved,unknown_no_ground_truth,0.5114784653487289,0.10069370675835382,0.14116999018864362,0.02652289359805182,0.8111731350954166,0.48679754,1.5856516,-2.0721989,0.014962378715408625,4.384824687802524,-0.0018761734771296395,0.014844283408336972,0.0011067041656063997,0.02649979416341583
434,14.466666,post_settle_motion_unresolved,unknown_no_ground_truth,0.5116222029508609,0.1000257983337065,0.14118883961886172,0.013125903427565045,0.5020609924968344,0.48679754,1.6010054,-2.0099015,0.015492772406856684,4.386363845145964,-0.001846952354150565,0.015382287341359789,0.0004994972179361169,0.013116395972943095
435,14.5,post_settle_motion_unresolved,unknown_no_ground_truth,0.511659502293685,0.09983782832368619,0.14119004120260775,0.0022138565845096943,0.17010000060684408,0.48679754,1.5251896,-2.317521,0.015646001381536673,4.386435553124828,-0.0018428744291040858,0.01553709023818816,-0.00036524353589823796,0.0021835196670196223
436,14.533334,post_settle_motion_unresolved,unknown_no_ground_truth,0.5116376646403051,0.09988140860260922,0.14116245659711396,0.002621914985287512,0.09846394562135709,0.48679754,1.5448964,-2.2375617,0.01561931592795484,4.386617559102294,-0.0018713022498647299,0.015506813275038653,-0.0017361776797191152,0.001964720146616399
437,14.566667,released,unknown_no_ground_truth,0.5116052408420896,0.0999591860923568,0.14107654965456579,0.0028963108666178587,0.09846394562135709,0.8160025,1.5665059,-2.1498818,0.015574086113650914,4.386704376044992,-0.001958617797187328,0.015450436065042155,-0.0025587489223734775,0.0013569895314044468
438,14.6,released,unknown_no_ground_truth,0.5116004805098199,0.09996702513700051,0.14099343175369006,0.0010069445782133549,0.09846394562135709,0.8160025,1.5938241,-2.0390391,0.015580195445164192,4.386802140735334,-0.00204188524824144,0.015445814796977497,-0.0008961738483648133,0.0004591403021956054
439,14.633333,released,unknown_no_ground_truth,0.511635025606451,0.09995978790070709,0.14101638998771093,0.010615683535898588,0.09846394562135709,0.8160025,1.4827721,-2.4896283,0.01556902810012247,4.38706128383008,-0.0020183657032580822,0.015437643468817206,0.009872522854084013,0.0039020545139627667
440,14.666667,released,unknown_no_ground_truth,0.5118401404767252,0.10007909514843294,0.14164985014136156,0.03360616572170314,0.8245357241558638,0.8160025,1.754195,-1.3883411,0.01530260720839802,4.389320474232592,-0.0013837002160141231,0.01523991998294996,0.03207922505379982,0.010014873661821029
441,14.7,released,unknown_no_ground_truth,0.5121784006538553,0.10035896667871894,0.14315291004685543,0.06062960862937199,1.179105433791392,0.8616811,1.8346295,-1.0619811,0.014837814820504636,4.396935792515708,0.00012022240660884641,0.014837327765488508,0.05861312998166839,0.015506464339199421
442,14.733334,released,unknown_no_ground_truth,0.5125689115464698,0.10081280884224347,0.14555731602865152,0.09910830708509855,3.698464188442432,0.8616811,1.8624548,-0.94908124,0.014472440421290889,4.341719285562424,0.002523863781779834,0.014250671680971196,0.0963571333480068,0.023189639631279985
443,14.766666,released,unknown_no_ground_truth,0.5130896796039155,0.10158678814924038,0.14958071525403496,0.13730115369960344,9.582520631378854,0.8616811,1.8752509,-0.8971613,0.014831335486085274,4.077030758187552,0.006543978938470847,0.01330957745210802,0.1337182261697343,0.03116155960894633
444,14.8,released,unknown_no_ground_truth,0.513635047539417,0.10255134354114856,0.15448066058498425,0.16740348706805333,11.784386868285758,0.8616811,1.5425707,-2.246998,0.0167077668496338,3.7486682416534185,0.011438428690143698,0.012178334130833315,0.16332512708338384,0.03672642571419681
445,14.833333,released,unknown_no_ground_truth,0.5142083339591856,0.10369821016348604,0.1604821073838777,0.2025902621965869,14.517701771866555,0.86982846,2.297379,0.8156064,0.020539013202027057,3.3796817302862805,0.017432278922824024,0.010861248310848393,0.19824504499414303,0.0417338767927453
446,14.866667,released,unknown_no_ground_truth,0.5147886130577812,0.1049919251325458,0.16771417714474157,0.22898222247166944,16.428403145816077,0.86982846,2.2073677,0.45038894,0.02638552209597723,2.9887752283566518,0.024654787553768962,0.009398788589803577,0.22453527287997363,0.04490845622798556
447,14.9,released,unknown_no_ground_truth,0.515366753808887,0.10634801747324199,0.17547112358850878,0.245728549008006,19.840268054648938,0.86982846,1.9090255,-0.7601222,0.03334535915066296,2.7536157339316714,0.03240126786650301,0.007878503508269904,0.24143934068035197,0.04571175526510617
448,14.933333,released,unknown_no_ground_truth,0.515910318298204,0.1077006435560735,0.183831603047102,0.2523911679569434,23.470848863278736,0.86982846,1.8988962,-0.80122155,0.04124671493342206,2.4514519417805403,0.04075074548173256,0.006377165160322812,0.24898548107988316,0.04132229270126687
449,14.966666,released,unknown_no_ground_truth,0.5162610158625494,0.10881211799869796,0.1920917433226227,0.2370063193461334,23.52175188051285,0.86982846,1.5491852,-2.2201602,0.049274631715323904,2.3505407859309106,0.04900028698748957,0.005192418109557886,0.23516290404565152,0.029502609559444927
450,15.0,released,unknown_no_ground_truth,0.5163666091744543,0.10945531567575476,0.19952762059014678,0.21868132895238937,28.127947657388773,0.86982846,1.5341653,-2.2811027,0.0566126790467218,2.3476150493410715,0.05642823394016065,0.004566162857546236,0.2184044422719242,0.011001055779916932
451,15.033334,released,unknown_no_ground_truth,0.5163662791221899,0.10935616868915235,0.20666015902574306,0.20219390198977052,32.2374566110353,0.86982846,2.2794695,0.74293923,0.06372919447305983,2.363694022252058,0.06356077846821694,0.004630083012142396,0.2015705788992114,0.01586429084723667
452,15.066667,released,unknown_no_ground_truth,0.5162623352269092,0.10826890995174798,0.21295450551056844,0.20180545690262308,32.2374566110353,0.86982846,1.5603497,-2.1748605,0.07008866696703583,2.431099219259589,0.06986628340195883,0.005578860171507538,0.19633963984471617,0.046649633024533045
453,15.1,released,unknown_no_ground_truth,0.5164087712520261,0.10608476490461773,0.21970999743900196,0.2310280384709505,30.732255942098227,0.86982846,1.7942585,-1.225785,0.07701004102697832,2.534305772758929,0.07665008896964158,0.007437088134674561,0.21715204946478903,0.07886026865904527
454,15.133333,released,unknown_no_ground_truth,0.5169352476303446,0.10285141731686265,0.22735638081844478,0.251871009612158,30.732255942098227,0.86982846,2.2778425,0.73633784,0.08496993620263914,2.74904255676019,0.08434304690605483,0.01030245101340443,0.2306339768535634,0.10122733921109343
455,15.166667,released,unknown_no_ground_truth,0.5178000656066051,0.09924761097381957,0.23498312343925354,0.266711461494932,28.127947657388773,0.86982846,2.1521559,0.22636934,0.09302902135991523,3.0044060443198184,0.09202567244320954,0.013626240367712041,0.2387389813761872,0.11890627596650706
456,15.2,released,unknown_no_ground_truth,0.5188544085544109,0.09490967329190494,0.24314877302335763,0.2800852404706875,28.127947657388773,0.87136495,2.347729,1.0198992,0.1018226246196634,3.241229204422394,0.10025894809021828,0.017776113531360126,0.24336064909654473,0.13864824701679884
457,15.233334,released,unknown_no_ground_truth,0.5198815958336327,0.0899902073643235,0.25106490662564784,0.2700412252620708,20.007596787138848,0.87136495,2.1123898,0.0650201,0.11058025898092681,3.4233848638364885,0.10824969327893605,0.022583126030404015,0.22302659854222118,0.15225439134464192
458,15.266666,released,unknown_no_ground_truth,0.5207596297417831,0.08471704186233538,0.2578654124836701,0.2594878062906214,16.249049308682274,0.87136495,1.8938642,-0.82163894,0.11843336734295137,3.545433568736085,0.11512740568441991,0.027787460491478188,0.19730496708350814,0.16853685525040163
459,15.3,released,unknown_no_ground_truth,0.5218904871914507,0.07873991879718578,0.26405169571248005,0.2570541875328224,16.249049308682274,0.87136495,2.3910272,1.1955802,0.12600203857672473,3.724288500882199,0.12140332796188245,0.03373048599220054,0.1782595343282041,0.18520365479452947
460,15.333333,released,unknown_no_ground_truth,0.5233172064115612,0.07245648153347892,0.2695620790742972,0.26804776248082657,16.249049308682274,0.87136495,1.4091325,-2.7884183,0.1331690921770295,3.850240051330947,0.1270113824423488,0.04002643927877654,0.17361554196111093,0.2042235210756277
461,15.366667,released,unknown_no_ground_truth,0.5255590390711562,0.06544127976665431,0.27541038548989016,0.3104364809313596,16.249049308682274,0.87136495,2.5478392,1.8318384,0.1410899208859133,3.9530090177685304,0.13297769660877487,0.04715186083515581,0.19445964758495418,0.24198399565711332
462,15.4,released,unknown_no_ground_truth,0.5286996151407921,0.057026041374619904,0.2822602223085866,0.33313760357316263,17.852564536012377,0.87136495,2.164187,0.27518496,0.1506944060610159,3.9808646624868254,0.13997531710825054,0.0558185866761874,0.2050656355773359,0.2625428498735643
463,15.433333,released,unknown_no_ground_truth,0.5321520842756244,0.04898328189657207,0.28878618560270275,0.33714161555907185,17.852564536012377,0.87136495,2.0558796,-0.16426781,0.16010022728988976,4.078639133316389,0.1466487166366065,0.06423578976793747,0.20691665815504048,0.2661765683145891
464,15.466666,released,unknown_no_ground_truth,0.5354406671975627,0.04036389536416452,0.29575484103175476,0.3520567288512079,17.852564536012377,0.87136495,1.7908264,-1.2397103,0.17031592981397767,4.34361764798982,0.15376973505434485,0.07322830415704266,0.21601123343192158,0.2779983585574433
465,15.5,released,unknown_no_ground_truth,0.5380554617069673,0.03117161383987713,0.30288427082285635,0.3343714670971048,17.852564536012377,0.87136495,2.6578546,2.2782214,0.18102178497068822,4.644510034435443,0.1610494563072779,0.0826556668178551,0.20162162344661297,0.26674519483473813
466,15.533334,released,unknown_no_ground_truth,0.539663475929596,0.022878298104546037,0.3089208202765258,0.2991054419095115,6.70263297062094,0.87136495,2.1118836,0.06296636,0.19037381372792275,4.745386720581716,0.16721135693706154,0.09100852193383006,0.17625332506536087,0.24165850033319414
467,15.566667,released,unknown_no_ground_truth,0.5408688615410202,0.015134785508126188,0.31439614158311185,0.27292216510334966,6.70263297062094,0.87136495,1.755167,-1.384397,0.19902552137279206,4.90772952507093,0.17279968321561348,0.09874931715356487,0.1591801254893202,0.22169392380916605
468,15.6,released,unknown_no_ground_truth,0.5417479884387824,0.008094490348919656,0.31932002164928064,0.2476943586870274,5.395040401974651,0.87138706,2.483274,1.5698677,0.2068899387632296,5.025800432002422,0.17782333899359612,0.1057464272239091,0.14550593550184854,0.20045078712519362
469,15.633333,released,unknown_no_ground_truth,0.542658167696737,0.0017537459224758853,0.32390530124623307,0.23798400026662173,5.2476941474277625,0.87138706,2.2422097,0.591759,0.21416451944284806,5.102205799214504,0.18250007962425896,0.11207213001154737,0.14413168817453637,0.18937381246323795
470,15.666667,released,unknown_no_ground_truth,0.5439047943382395,-0.004486476699935173,0.3287425661239952,0.2163412958790926,4.705758269099702,0.87138706,1.8268075,-1.0937186,0.22167638856152236,5.272106445690362,0.18743211631095735,0.11836225336176559,0.1358057473201545,0.16840533037127844
471,15.7,released,unknown_no_ground_truth,0.5451600853239555,-0.009331213752397085,0.3327867861476037,0.17928104894448435,4.406258223900678,0.87138706,2.228514,0.5361892,0.22780524247947317,5.2979904932106265,0.19155381069726352,0.12329787552301336,0.1171928466909788,0.1356743571759208
472,15.733334,released,unknown_no_ground_truth,0.5463056297414033,-0.013332904793828645,0.33641249286126806,0.15893074784630112,3.125837426155455,0.87138706,2.167192,0.28737774,0.2331295738717771,5.30991886617457,0.19524495295226796,0.1273923332084904,0.1017942895930487,0.12205287877486172
473,15.766666,released,unknown_no_ground_truth,0.5471255851702048,-0.017334093224485935,0.33944658526915183,0.13283577967609767,3.125837426155455,0.87138706,2.3586025,1.0640184,0.2379343850830994,5.375647945706976,0.19834010728561244,0.13143048903053042,0.07172400657502252,0.11180792119963096
474,15.8,released,unknown_no_ground_truth,0.547442663236213,-0.020768704667213436,0.3410857134765425,0.12204704038170967,3.125837426155455,0.87138706,2.2426794,0.5936647,0.24122814512178084,5.375647945706976,0.20002650848943698,0.13483476517730936,0.038570799802400565,0.11579194042997036
475,15.833333,released,unknown_no_ground_truth,0.5473336952664809,-0.02508329379574737,0.34191808628171755,0.153175353134971,4.705758269099702,0.87138706,1.992664,-0.42076263,0.24432739756636787,5.376229607078103,0.20091151445146807,0.13903395471024885,0.01876136446478773,0.15202203791372637
476,15.866667,released,unknown_no_ground_truth,0.5467393269269571,-0.030892950486320424,0.3422189538685684,0.18206131120363916,10.061313671428492,0.87138706,2.0914872,-0.0197915,0.24785135586193066,5.376229607078103,0.20127725003453986,0.14462974528474667,0.001103026809908691,0.1820579698037001
477,15.9,released,unknown_no_ground_truth,0.5457400623778965,-0.03711548328647059,0.34186215522455554,0.20136176112521845,11.250645934231281,0.87138706,1.9501127,-0.59341276,0.2511440429005038,5.332033637659998,0.20098506836182237,0.15059326870748135,-0.007116036138406574,0.20123598304758128
478,15.933333,released,unknown_no_ground_truth,0.544735372412748,-0.044152461518133956,0.3416051679155827,0.21674002353102095,12.998757561650807,0.87138706,1.9834653,-0.45808583,0.2551317704880153,5.331808851308117,0.2008028511871984,0.15738626136814216,0.0004861106593693058,0.21673947839896257
479,15.966666,released,unknown_no_ground_truth,0.5439044593681923,-0.05144720319757452,0.3417394506968599,0.20655244795306005,14.932848438770206,0.87138706,2.1473534,0.20688353,0.25973385825744655,5.328091166712907,0.201017464391437,0.164479956635867,0.011507115759747255,0.20623166595431786
480,16.0,released,unknown_no_ground_truth,0.5433627529890014,-0.057840241932714406,0.3422190890761483,0.17949766348083565,14.932848438770206,0.87138706,2.058989,-0.15165132,0.26415956477866515,5.316976229054877,0.20157000113765783,0.17073315526112204,0.023470502101720688,0.17795658663329225
481,16.033333,released,unknown_no_ground_truth,0.5432787525757549,-0.06331217910217816,0.34316372306319676,0.14347201227731898,14.932848438770206,0.8714166,2.179057,0.3355191,0.2684453191106086,5.344362786507505,0.2025821499264525,0.17613449941329726,0.034673810977129335,0.1392190545120368
482,16.066668,released,unknown_no_ground_truth,0.5435775207277802,-0.06714804559594122,0.34441105081539736,0.10145286237623284,12.998757561650807,0.8714166,2.1060557,0.039319877,0.27194311574169594,5.4357000386062015,0.20388161463979618,0.17995928820478002,0.038882018082743594,0.0937063069069742
483,16.1,released,unknown_no_ground_truth,0.5439631674240439,-0.06955765042518429,0.34566839013784756,0.0734530249216696,7.53658031620345,0.8714166,2.1113684,0.060875867,0.2745159945677297,5.491786088143032,0.20517434088560366,0.18238015548756364,0.035952085081579474,0.06405305963363721
484,16.133333,released,unknown_no_ground_truth,0.5442602737158737,-0.07139813943553111,0.34674538911817093,0.052947150689561864,7.53658031620345,0.8714166,2.1384041,0.17057219,0.2765695211712861,5.582241807943944,0.20627838358772715,0.1842279254221491,0.027278311465672677,0.04537945008178175
485,16.166666,released,unknown_no_ground_truth,0.5444019214977391,-0.07257702984238425,0.34744321969229447,0.05104050540286955,7.53658031620345,0.8714166,2.0684435,-0.113290116,0.27788693006897947,5.67311701693121,0.2069928671191882,0.18540522879611565,0.017470367242538535,0.04795747554022409
486,16.2,released,unknown_no_ground_truth,0.5443009932763356,-0.07460968929611084,0.347869296790274,0.07952546450732886,7.53658031620345,0.8714166,2.1112046,0.060211282,0.27955770019188847,5.70330105124673,0.20744305367813937,0.18740300749258637,0.01220525526924554,0.07858327588564235
487,16.233334,released,unknown_no_ground_truth,0.5439799391652578,-0.07780787577011966,0.3481970655989749,0.10740937918507955,7.702443157411825,0.8714166,1.7969766,-1.2147565,0.28193327758356673,5.7623283723852765,0.20780658820812575,0.1905329234182663,0.011460929020214911,0.10679616960789275
488,16.266666,released,unknown_no_ground_truth,0.5436045327476953,-0.08170330519544808,0.3485537961197424,0.11909938945373351,7.702443157411825,0.8714166,2.0083308,-0.35719505,0.2848202446075135,5.807422419379527,0.20820710390576205,0.1943511605868589,0.01821931149609667,0.11769758390408994
489,16.3,released,unknown_no_ground_truth,0.5435085214191826,-0.08565380554218696,0.34931963990251214,0.10845916185905709,7.702443157411825,0.8714166,1.9542062,-0.5768034,0.2880872514345042,5.904683548863332,0.20902119036395178,0.19825338942354523,0.02784741011898474,0.10482323950744038
490,16.333334,released,unknown_no_ground_truth,0.54362939285722,-0.0887143589170307,0.3503220792500146,0.07704143728776208,7.702443157411825,0.8714166,1.8986434,-0.80224746,0.29093962475963,6.010918886486099,0.21006361416400596,0.20129367416694924,0.02816785851441475,0.07170742504145641
491,16.366667,released,unknown_no_ground_truth,0.5438656196460316,-0.09044613806214773,0.3511326847157038,0.042646017946107596,7.644592009421091,0.8714166,2.1077764,0.046301413,0.29274459616329546,6.074333574459153,0.21089910628216182,0.2030294696643725,0.016076882054508072,0.039499578606172085
492,16.4,released,unknown_no_ground_truth,0.544058077962446,-0.09132807879002983,0.3513552707537174,0.020818410954950146,6.8376620924354,0.8714166,2.132755,0.14765123,0.29353577731095726,6.077864112525749,0.2111353898788319,0.20392424991221997,-0.0037402883882536285,0.02047966009146351
493,16.433332,released,unknown_no_ground_truth,0.5441475334426833,-0.09177798083938188,0.3508626655832758,0.029450920484575958,6.8376620924354,0.8714166,1.73629,-1.4609898,0.29350958475241234,6.077864112525749,0.21064975754355791,0.2043882481660181,-0.021022083576725602,0.020625923481919044
494,16.466667,released,unknown_no_ground_truth,0.5440836144363492,-0.09268470267578094,0.34993607173696073,0.04689235735512233,6.8376620924354,0.8714166,1.424675,-2.7253551,0.2934864564491922,6.152888152760598,0.20973385252390292,0.20529493716257424,-0.028850745938547747,0.03696657459259467
495,16.5,released,unknown_no_ground_truth,0.5439127668858561,-0.09420924060838025,0.3489115855216583,0.05835727862737846,6.305019285058525,0.8714166,1.1234002,-3.9477654,0.2938283198859213,6.156825321050738,0.208726375674029,0.20680517804196152,-0.021670606903247243,0.05418446977906507
496,16.533333,released,unknown_no_ground_truth,0.5439229254710602,-0.09627576342299489,0.348448162680974,0.06303271477719248,6.305019285058525,0.8714166,1.4763776,-2.5155737,0.2949739166739432,6.124958147346549,0.2082891675330139,0.20886654640312904,0.00018769951726431487,0.06303243530972064
497,16.566668,released,unknown_no_ground_truth,0.5442573581851469,-0.0983970808234308,0.34886671053766327,0.060984641167297564,6.305019285058525,0.8714314,1.6968334,-1.6210834,0.29680858405249616,6.087297290648477,0.20873891825724,0.21100568611306414,0.021752833179456265,0.05697315777601582
498,16.6,released,unknown_no_ground_truth,0.5447710792897993,-0.10000045101264499,0.34984010548566374,0.048020550962470834,6.305019285058525,0.8714314,1.8800623,-0.87763923,0.29867598883671204,6.167526151552402,0.20973936596337198,0.2126422927662097,0.03092341972567383,0.03673847339246781
499,16.633333,released,unknown_no_ground_truth,0.5453279239990999,-0.10063896801956837,0.3508856921774737,0.031336962608512285,5.981679326605574,0.8714314,1.9394684,-0.6366016,0.29990709254342157,6.279452836675237,0.21080044798476918,0.21332471794723898,0.026839585605951757,0.01617534760146083
500,16.666666,released,unknown_no_ground_truth,0.5458104567468002,-0.10038714007810115,0.35161055740330094,0.02420767123432771,3.65590416858601,0.8714314,1.8549354,-0.9795908,0.3002739169013838,6.281774122128519,0.21152864425445617,0.21311982036209312,0.015363420188143729,0.01870766331511862
501,16.7,released,unknown_no_ground_truth,0.5461587324233779,-0.09970929795083032,0.35191035360048406,0.023768084252016822,2.9345611637878752,0.8714314,1.5137438,-2.3639622,0.3000313425166594,6.283206184022403,0.21182464318170788,0.21248323941735056,0.004419557270176783,0.023353572372264538
502,16.733334,released,unknown_no_ground_truth,0.5463562936893034,-0.09893126751921928,0.3519161102503249,0.021605988372882128,2.6039687505194506,0.8714314,1.6116837,-1.9665747,0.2995003734620043,6.291335277151312,0.21182332417655395,0.21173415652339758,-0.00229741661318486,0.021483496234891097
503,16.766666,released,unknown_no_ground_truth,0.5464233377435055,-0.09830028271215736,0.3517712621556659,0.014880746911133617,1.0189340341863093,0.8714314,1.7200196,-1.5270063,0.2989574588931476,6.2932637052428895,0.21167148442091702,0.21111784602655825,-0.0029056838348255586,0.014594301288011225
504,16.8,released,unknown_no_ground_truth,0.5464826782989345,-0.0979645437074093,0.35173279457358453,0.007429299796814716,0.6656496359411194,0.8714314,1.8759137,-0.89447206,0.29869795928372217,6.298286368893436,0.21162961488898374,0.2107922602521273,0.00031647753218947723,0.007422555991204812
505,16.833334,released,unknown_no_ground_truth,0.5465438929155289,-0.09782057470966628,0.351796728762796,0.004235852095217189,0.6378238698812769,0.8714314,1.9366827,-0.6479044,0.2986463245557748,6.314194695842746,0.2116925673878904,0.2106558427468762,0.0015869332032833773,0.003927351013198668
506,16.866667,released,unknown_no_ground_truth,0.5465834653146051,-0.09772361767980076,0.3518402800980346,0.0034863806022672147,0.49209583333880047,0.8714314,1.9602839,-0.5521436,0.29861178787848025,6.323594235803396,0.21173543481649343,0.2105637801309925,0.0008552103494807828,0.0033798616779398038
507,16.9,released,unknown_no_ground_truth,0.5466122322625591,-0.09760634457730508,0.3518555087154776,0.003205867108951448,0.2912915726272331,0.8714314,1.9324523,-0.665069,0.2985420627442641,6.326822428078301,0.21174958053761272,0.2104506554272169,0.0002599184264098052,0.0031953131821261848
508,16.933332,released,unknown_no_ground_truth,0.5466332493661343,-0.09751666911388167,0.35185953081935684,0.001384485751039979,0.2912915726272331,0.8714314,1.9036198,-0.7820559,0.2984833440154107,6.327581134184888,0.2117527624460871,0.21036414678141574,0.00015488094761386743,0.0013757952925122856
509,16.966667,released,unknown_no_ground_truth,0.546647359354633,-0.09752170331286572,0.35186639700664524,0.0019686557657485693,0.2912915726272331,0.8714314,1.8203598,-1.1198798,0.2984930577246652,6.327593330794103,0.21175988447793453,0.21037076041054792,0.00036379685909903664,0.0019347499500774672
510,17.0,released,unknown_no_ground_truth,0.5466530177071278,-0.09764447715423821,0.3518819303035545,0.005387374023941397,0.2912915726272331,0.8714314,1.8339744,-1.0646393,0.29859144343008764,6.331312683365661,0.21177703714110957,0.21049307976604908,0.0005980594687556057,0.005354075433319024
511,17.033333,released,unknown_no_ground_truth,0.546646131423098,-0.09787910537861189,0.35190179424283236,0.009398618019948714,0.9038791523086246,0.8714314,1.8915246,-0.83113176,0.2987709668353082,6.339976099013694,0.21179975449828184,0.21072483151772212,0.0007414939129935188,0.009369322678929263
512,17.066668,released,unknown_no_ground_truth,0.5466140651748485,-0.09826843272574072,0.35192403558994517,0.013842472532003474,1.0879599136657883,0.8714314,1.9295267,-0.67693967,0.2990595802634143,6.345671528452267,0.2118264491351297,0.21110705339739796,0.0007960786216471842,0.013819562389143404
513,17.1,released,unknown_no_ground_truth,0.5465528184360102,-0.0987962146225419,0.35194464081780247,0.017308313412666625,1.4077006500368385,0.8714314,1.9899653,-0.43171233,0.2994428617076389,6.350999034587172,0.21185284895770287,0.21162324498070836,0.0007219383469012157,0.017293250654933815
514,17.133333,released,unknown_no_ground_truth,0.5464640961545459,-0.09941195478553017,0.35195984471730635,0.01824543398774751,1.4077006500368385,0.8714314,1.9624708,-0.54327035,0.29988280932306,6.353756817286486,0.21187457762081408,0.21222361481581734,0.0005433343808833889,0.01823734216249183
515,17.166666,released,unknown_no_ground_truth,0.5463674877778195,-0.09999812351539589,0.3519682921013765,0.016109340524227418,1.4077006500368385,0.8714314,1.9653159,-0.5317262,0.30029689546030663,6.356873930411394,0.21188907069475899,0.21279390767409148,0.00034349715235501295,0.016105677937666568
516,17.2,released,unknown_no_ground_truth,0.5462811364314266,-0.10047014993395569,0.3519719254301793,0.011435812221472856,1.4077006500368385,0.8714314,1.9738718,-0.49701104,0.3006277854874469,6.3583875345090615,0.21189745556016573,0.21325227720756923,-8.599078546815304e-05,0.011435488916071867
517,17.233334,released,unknown_no_ground_truth,0.546192992264569,-0.10074018519026251,0.35195564136324387,0.006536376524768838,1.1267847197697474,0.87144613,1.9799747,-0.47224867,0.300800900255633,6.359852224755267,0.2118833610130547,0.21351024078580125,-0.00014243324406622786,0.006534824469297849
518,17.266666,released,unknown_no_ground_truth,0.5461685037737545,-0.10089088509911998,0.35195868156270393,0.0044153328759440206,1.1267847197697474,0.87144613,1.9113213,-0.75080734,0.30090829921962187,6.360607035423436,0.21188796015605338,0.2136569607575476,0.0009431626863499007,0.004313421907542704
519,17.3,released,unknown_no_ground_truth,0.5462638107819231,-0.10101985842158338,0.3520140377780311,0.007106084592213116,1.1267847197697474,0.87144613,1.9651079,-0.53257024,0.3010476764809567,6.360828529605781,0.2119462375620604,0.21379545340785297,0.002557046139909998,0.006630079431655402
520,17.333334,released,unknown_no_ground_truth,0.5464545010387997,-0.10123189450128879,0.35212094707109803,0.01090191083410459,1.1267847197697474,0.87144613,1.8449061,-1.0202843,0.30129110514010254,6.371220775185994,0.21205841343118534,0.2140270060753848,0.003826644452741871,0.010208254114542157
521,17.366667,released,unknown_no_ground_truth,0.5466904773318642,-0.10155594835664748,0.35225661194521557,0.01376845316790653,1.890736579561552,0.87144613,1.8774012,-0.8884366,0.301638880396071,6.441527570063574,0.2122013706843164,0.21437488762980741,0.004579113669180462,0.012984684079389842
522,17.4,released,unknown_no_ground_truth,0.546949146937435,-0.1019488449882637,0.35241045750945443,0.01604536621858606,2.419293494027817,0.87144613,1.9253544,-0.6938687,0.30205080817402147,6.511324731300235,0.21236368299834496,0.2147937542433624,0.0050807807708167976,0.015219705774010252
523,17.433332,released,unknown_no_ground_truth,0.5472189042128337,-0.10242900505106096,0.3525771442914712,0.01861780766138543,2.511484858989343,0.87144613,1.8654021,-0.9371226,0.3025353426218312,6.5445486910369235,0.2125400842124778,0.21530059483954442,0.005134594879154913,0.01789577317534222
524,17.466667,released,unknown_no_ground_truth,0.5474363073239389,-0.10304411189846904,0.352732336333908,0.02096629984356862,3.7017934904168635,0.87144613,1.8240854,-1.1047636,0.30310376928453014,6.5677168303321025,0.21270597143620032,0.21593532520148712,0.0043541964413916934,0.020509185807344902
525,17.5,released,unknown_no_ground_truth,0.5475405769749753,-0.10376237751619302,0.3528463101969956,0.021343015423205852,2.511484858989343,0.87144613,1.8474779,-1.0098493,0.30370711358728947,6.607007601198745,0.21283039210901625,0.21665926021807874,0.00331050098827353,0.021084707504773287
526,17.533333,released,unknown_no_ground_truth,0.5476064088732364,-0.10444240816287503,0.3529331433471358,0.021237710532692765,2.419293494027817,0.87144613,1.8254795,-1.0991069,0.30426115734861525,6.659218397613832,0.21292666812048955,0.2173409438514191,0.002553686537115159,0.021083620034059756
527,17.566668,released,unknown_no_ground_truth,0.5476197321030585,-0.1051678814410037,0.3529977947507267,0.022506248477430775,2.2153427111944617,0.87144613,1.799326,-1.2052239,0.3048280594859724,6.6868766352145155,0.21300061698899478,0.21806164956794005,0.0018831861255919611,0.02242732330315486
528,17.6,released,unknown_no_ground_truth,0.5475805466644422,-0.10593879735057918,0.35304026440776853,0.023908823699451496,2.2153427111944617,0.87144613,1.7503141,-1.4040874,0.3054080512733897,6.693079666177033,0.21305223871453235,0.21882143716129682,0.0012137632190515697,0.02387799467165388
529,17.633333,released,unknown_no_ground_truth,0.5474888525573876,-0.10675515589160149,0.3530605523182613,0.024652650070238213,2.2153427111944617,0.87144613,1.6013068,-2.0086787,0.30600141267129144,6.692416955217991,0.21308153329710214,0.21962041053732223,0.0008788508872938732,0.024636979859624
