frame_index,time_s,stage,contact_state,tcp_x_m,tcp_y_m,tcp_z_m,speed_m_s,angular_speed_deg_s,gripper_state,aux_action_tail_norm,aux_action_tail_robust_z,reference_distance_m,reference_axis_error_deg,axial_distance_proxy_m,lateral_distance_proxy_m,axial_velocity_m_s,lateral_speed_m_s
0,0.0,approach,unknown_no_ground_truth,0.5237690784688737,-0.06953113384854197,0.38391644537449904,0.015292743672354439,0.71292466744168,0.87332976,2.1883771,-0.19576363,0.29412383375711904,7.670770080997865,0.25976171235118084,0.1379589880376331,0.007851565141234381,0.01312329736999394
1,0.033333335,approach,unknown_no_ground_truth,0.5233815826652952,-0.06947373614431193,0.38424264451034684,0.014876770573433083,0.71292466744168,0.87332976,2.3391387,0.4854222,0.29435128324136267,7.647408307347687,0.2600234312028717,0.13795105353465906,0.00823568466277434,0.012389180797369455
2,0.06666667,approach,unknown_no_ground_truth,0.5230453749305523,-0.06942726451532258,0.38458659563837894,0.014154770628530154,0.71292466744168,0.87332976,2.2490888,0.07854956,0.2946006762007831,7.600030957979162,0.26031075803027315,0.13794153715129917,0.009003701193615226,0.010922037189205673
3,0.1,approach,unknown_no_ground_truth,0.5227604552646447,-0.06939171896157392,0.3849482987585953,0.013598231436716809,0.7652877376045824,0.87332976,2.2346387,0.0132598225,0.2948718384791422,7.596435661023467,0.26062369283338527,0.13793002523728687,0.009772176271227126,0.00945602819002666
4,0.13333334,approach,unknown_no_ground_truth,0.5225268236675717,-0.06936709948306588,0.3853277538709955,0.01469234886357047,0.8164198814678545,0.87332976,2.2074132,-0.10975307,0.29516462286960715,7.596435661023467,0.2609622356122073,0.13791615633433307,0.011933373334177624,0.00857086436691183
5,0.16666667,approach,unknown_no_ground_truth,0.5223206153148349,-0.06935406288607748,0.385822669337346,0.01479150268114459,0.8164198814678545,0.87332976,2.1623914,-0.31317484,0.29555873250003617,7.596435661023467,0.26141925200981936,0.13789466645107964,0.013100880241422181,0.0068669853987191115
6,0.2,approach,unknown_no_ground_truth,0.5222095305454227,-0.0693566052880311,0.38626135362947045,0.011976202364499118,0.7652877376045824,0.87332976,2.201809,-0.13507482,0.2959170155229242,7.636400867802717,0.2618356276283022,0.13787307271721927,0.011137457859966525,0.004403005279681617
7,0.23333333,approach,unknown_no_ground_truth,0.5221447188591163,-0.06936275382027005,0.38660141769662903,0.008572603116813467,0.5880505746947506,0.87332976,2.1802287,-0.23258068,0.29619746777329875,7.6620041892842154,0.2621617492004838,0.1378555663419399,0.008105881962069659,0.0027900182464266577
8,0.26666668,approach,unknown_no_ground_truth,0.5221102040498118,-0.06936467118829154,0.3868241040519196,0.005229027839449839,0.5880505746947506,0.87332976,2.2140572,-0.07973345,0.2963800174599221,7.680615812094867,0.26237601799841825,0.1378402696197211,0.0049589447258141595,0.001658794547875469
9,0.3,approach,unknown_no_ground_truth,0.5220876614740921,-0.06936712906677492,0.38694529189858806,0.0024566016932462257,0.1973732281346062,0.87332976,2.1770208,-0.24707502,0.29648018461393566,7.686847659369952,0.2624923474370137,0.1378342025976117,0.002320350015434612,0.0008067637108427824
10,0.33333334,approach,unknown_no_ground_truth,0.5220772909877153,-0.06938087939080423,0.38698371534913983,0.0009696424603432568,0.1973732281346062,0.87332976,2.1605117,-0.32166785,0.29651942830106154,7.689596570546242,0.2625307079994472,0.13784556110842805,0.0008272861878477003,0.0005057707625960044
11,0.36666667,approach,unknown_no_ground_truth,0.5220728230575288,-0.06940076468565862,0.38699846296304763,0.0008831582693114395,0.1973732281346062,0.87332976,2.1441357,-0.3956596,0.2965429335695031,7.691336575704709,0.2625474998495369,0.13786414244742592,0.0006213454378479837,0.0006276132372079753
12,0.4,approach,unknown_no_ground_truth,0.5220696382256628,-0.0694264776805131,0.38702016748217216,0.001607586928960564,0.1973732281346062,0.87332976,2.2004178,-0.14136055,0.29657549154600876,7.693735744503027,0.2625721310286371,0.13788726624615108,0.001376705998357901,0.0008300700743010992
13,0.43333334,approach,unknown_no_ground_truth,0.5220598781999262,-0.06946347646651851,0.3870844024754928,0.0027894432670694394,0.23384444979196903,0.87332976,2.2191093,-0.056906607,0.2966492400546719,7.699362360750084,0.2626392802494274,0.13791801947199323,0.0025972762192879193,0.0010174232063996185
14,0.46666667,approach,unknown_no_ground_truth,0.522045034317147,-0.06950073607472315,0.3871888759080909,0.0036343356233286403,0.35294730298839855,0.87332976,2.2438202,0.05474457,0.29675594516930953,7.710598442851356,0.26274528277658965,0.13794566818853057,0.003434969361789626,0.0011871734947185046
15,0.5,approach,unknown_no_ground_truth,0.5220158925756971,-0.06952585444799805,0.387314355148766,0.0039314970529610895,0.35294730298839855,0.87332976,2.227507,-0.018962763,0.2968727040143203,7.726633707656555,0.2628682782068801,0.1379625699286749,0.003648052038158372,0.0014657371539025291
16,0.53333336,approach,unknown_no_ground_truth,0.5219794271967868,-0.06954051343712336,0.387439476065903,0.0037034020065447267,0.382459557395572,0.87332976,2.1922164,-0.17841674,0.2969831020690586,7.743330327579996,0.2629884536243559,0.13797114254376128,0.0035199389282279166,0.0011511804218389114
17,0.56666666,approach,unknown_no_ground_truth,0.5219702544904787,-0.06956778213928702,0.38755334866585905,0.0035940133617750713,0.5188993624138557,0.87332976,2.2041957,-0.1242905,0.2970917550355125,7.755445791604783,0.26310294806701323,0.13798677338255116,0.003513845678298619,0.0007548646194648898
18,0.6,approach,unknown_no_ground_truth,0.5220404651198975,-0.06961318949320766,0.38765946987091193,0.004918982794161434,0.5332031743953652,0.87332976,2.1940854,-0.16997221,0.2972049708173027,7.7619090093990035,0.26322270272583576,0.13800218638927444,0.003764314843050548,0.00316643735002693
19,0.6333333,approach,unknown_no_ground_truth,0.5221997033695559,-0.06967086687528229,0.38776375970929333,0.007395387410163389,1.2611548276824103,0.87332976,2.252143,0.09234908,0.2973242995191967,7.802365495760145,0.26335390962698835,0.1380089032228032,0.004352907031275932,0.005978624868936979
20,0.6666667,approach,unknown_no_ground_truth,0.5224562238839072,-0.06976215861820523,0.3878785988797041,0.009941863589714483,2.749042596176817,0.87332976,2.2069247,-0.111960344,0.2974723709886469,7.891901176731449,0.2635128892833786,0.13802452203551732,0.005206663679989811,0.008469433567834717
21,0.7,approach,unknown_no_ground_truth,0.5227781543434795,-0.06988004613079599,0.3880106264435741,0.01262505538830939,3.0929765895198895,0.87332976,2.1019907,-0.5860833,0.2976505536678059,8.00736625933968,0.26370102774307064,0.1380493392450674,0.006462987251181016,0.010845359346234297
22,0.73333335,approach,unknown_no_ground_truth,0.5231976900248945,-0.07001990322540093,0.3881822240815173,0.016360238024468406,3.5446600970743063,0.87332976,2.016981,-0.97018296,0.29787494862777875,8.108272082959514,0.26394374788884584,0.13806948602204333,0.00818929025768222,0.014163082760920839
23,0.76666665,approach,unknown_no_ground_truth,0.5237531295867146,-0.0701832013066618,0.3883942011131478,0.020065526928740973,3.8187546712524942,0.87332976,1.9288298,-1.3684759,0.29814789210217046,8.23267865558116,0.2642469875693773,0.13807858315277155,0.00930479881374936,0.01777768516887611
24,0.8,approach,unknown_no_ground_truth,0.5244115526281162,-0.0703967451353533,0.3885992947254443,0.021903707912855425,3.8187546712524942,0.87332976,1.8525454,-1.7131516,0.298446612167218,8.369676659856214,0.2645640605052211,0.1381167556927094,0.008748964949451432,0.020080538654253167
25,0.8333333,approach,unknown_no_ground_truth,0.5250648229434056,-0.07072636552171042,0.3887359348654055,0.022260387044400524,3.8187546712524942,0.87332976,1.6754477,-2.5133317,0.29875796053569087,8.597125944212985,0.26483025924759174,0.13827961805811725,0.006578144352677187,0.02126623728452817
26,0.8666667,approach,unknown_no_ground_truth,0.5256154046920339,-0.07124921163271312,0.38876161985628765,0.02532431593647357,4.191788697472046,0.87332976,1.4300787,-3.6219816,0.2990905169060656,8.822258033582798,0.2650025959680927,0.13866780965065148,0.0029137255502250034,0.025156136052031028
27,0.9,approach,unknown_no_ground_truth,0.5259361720111007,-0.07216652261249909,0.3886054424736775,0.03400950971356854,5.094021156488988,0.87332976,1.4258077,-3.6412795,0.2995016053119022,8.82869281240646,0.26502451517476733,0.13951063737502595,-0.0015796844645868,0.03397280306288629
28,0.93333334,approach,unknown_no_ground_truth,0.5259858839333561,-0.07343373340617917,0.3882807261953223,0.043759126167317766,5.094021156488988,0.87332976,1.3666807,-3.9084327,0.29997803817031643,8.828724998511879,0.26489727610953184,0.1407702258798439,-0.006001766730321788,0.04334558707691057
29,0.96666664,approach,unknown_no_ground_truth,0.5257433585836436,-0.0749656344079522,0.38780651874679095,0.05110584751695864,3.6299825889150608,0.87332976,1.2065482,-4.631959,0.30048915292605,8.828724998511879,0.2646244049775022,0.14236451565090924,-0.009656932241832967,0.05018517022092557
30,1.0,approach,unknown_no_ground_truth,0.5253797248465981,-0.07661765617484034,0.38723036578716896,0.05241697250447436,3.6299825889150608,0.87332976,1.0965276,-5.129065,0.3009953741470502,8.802799679589972,0.26425347319738035,0.14411216867788826,-0.011952234879368336,0.05103609593144083
31,1.0333333,approach,unknown_no_ground_truth,0.525117661667553,-0.07818406482627699,0.3865976037774716,0.047582064133536085,5.094021156488988,0.87332976,0.97220564,-5.6907887,0.3014163240575298,8.757515281574292,0.26382759675718126,0.14576281966840515,-0.01463733932645278,0.04527472942658211
32,1.0666667,approach,unknown_no_ground_truth,0.525100225847184,-0.07945975991467977,0.3858495086310255,0.04111338197803426,6.554807994763146,0.87332976,1.0483813,-5.3466043,0.30158292158775846,8.700749719955175,0.2632776638639001,0.14709565018645285,-0.019780176865891758,0.0360424025395893
33,1.1,approach,unknown_no_ground_truth,0.5253534025039235,-0.08032595969795049,0.38490372022191854,0.040286912260521786,8.532738910843126,0.87332976,1.016741,-5.4895644,0.3013556938832286,8.680237987977604,0.2625089033997073,0.14800111442730876,-0.027961403424059717,0.029003365633042694
34,1.1333333,approach,unknown_no_ground_truth,0.5258379584311368,-0.08081438955609224,0.38365082571897513,0.047484859149259546,10.914706967770831,0.87332976,1.1357492,-4.95185,0.3006645082637392,8.677884030309908,0.26141357196151693,0.14853313072778374,-0.038256840174373405,0.02812874025436382
35,1.1666666,approach,unknown_no_ground_truth,0.5264532538755019,-0.08111465518103061,0.3820419629735765,0.05727603936182224,15.949400224907144,0.87332976,1.0812042,-5.198301,0.299584469679071,8.639711642456342,0.2599584496582311,0.148904193776331,-0.04923488711269766,0.029265518549599082
36,1.2,approach,unknown_no_ground_truth,0.527138444278851,-0.08118069749493269,0.3800794469309997,0.06452913417203252,15.949400224907144,0.87332976,1.0594189,-5.2967334,0.298089501216095,8.548254888924026,0.25813125644864227,0.1490825448518557,-0.05785367239285109,0.028582542707968346
37,1.2333333,approach,unknown_no_ground_truth,0.527759720253043,-0.08108208174727505,0.37794331995369207,0.06699620400462256,15.949400224907144,0.87332976,1.1548864,-4.8653827,0.2963618239743257,8.397398819131293,0.25610152119220364,0.14913866551779417,-0.06111112147279026,0.027457643441615234
38,1.2666667,approach,unknown_no_ground_truth,0.5284143965819277,-0.08078397472425078,0.37581759619455013,0.06448148601605853,15.949400224907144,0.87332976,1.3183972,-4.126592,0.2945260137550473,8.358347351029062,0.2540571853101042,0.14899838714142413,-0.05751240192082396,0.02915794341404683
39,1.3,approach,unknown_no_ground_truth,0.5291854292771194,-0.08030571868145184,0.37396287172376064,0.059815592322602695,13.020983962674563,0.87332976,1.3275236,-4.085356,0.29279884933491396,8.359744053003073,0.25226736447691633,0.14863493193633956,-0.04642293617751776,0.03772023437840649
40,1.3333334,approach,unknown_no_ground_truth,0.5304186863675147,-0.07962020228150296,0.3725725591031168,0.06121172050578502,13.020983962674563,0.87332976,1.5345187,-3.1500907,0.29132461967257417,8.366783466353798,0.2509623361872275,0.14794573276312833,-0.030313903259181298,0.05317839783663419
41,1.3666667,approach,unknown_no_ground_truth,0.5322259679335107,-0.07874018619928846,0.3717364418176642,0.07001033108976058,13.020983962674563,0.87332976,1.5394622,-3.1277547,0.29019045815959055,8.395884632392683,0.25024641957986093,0.14692593880705093,-0.014576478081415503,0.06847607425984577
42,1.4,approach,unknown_no_ground_truth,0.5344876103119397,-0.0776983510317414,0.3713338043194636,0.07978260891374783,13.020983962674563,0.87332237,1.4104471,-3.710683,0.28932814093322856,8.80202706772446,0.24999057184676335,0.1456553710770956,-0.005260783001883573,0.07960897466549313
43,1.4333333,approach,unknown_no_ground_truth,0.5369932705524021,-0.07647172492811953,0.37109074521207,0.08628992542252821,13.020983962674563,0.87332237,1.2959808,-4.227876,0.2885097547188959,9.495894144512334,0.24989570102524192,0.14418743765342518,-0.007620962926997677,0.08595273208857766
44,1.4666667,approach,unknown_no_ground_truth,0.5395083531988818,-0.07499939987970591,0.3705584826489272,0.09034962842583447,13.020983962674563,0.87332237,1.1372986,-4.9448495,0.287338554076731,10.072131954940701,0.24948252020054873,0.14255496053553954,-0.022020712242104164,0.08762501691318982
45,1.5,approach,unknown_no_ground_truth,0.5418341695625859,-0.07329486531367499,0.3694313928038675,0.09832939302745176,13.020983962674563,0.87332237,0.9808358,-5.651795,0.28556901486375186,10.513303929519129,0.24842764047221438,0.14083099694194431,-0.045219124305960576,0.08731494906457407
46,1.5333333,approach,unknown_no_ground_truth,0.5440093615976576,-0.07140494593248158,0.36742916765852945,0.11435238281609524,13.014133748814222,0.87332237,1.1619521,-4.8334575,0.28300812080426674,10.879802396705085,0.24646791459677317,0.13909408152570746,-0.07446625023876084,0.08678274616015008
47,1.5666667,approach,unknown_no_ground_truth,0.5461053299137535,-0.06951658419417976,0.3643717918112518,0.13774859471762405,11.828451261918504,0.87332237,0.9384617,-5.8432536,0.2796330911659883,11.185953100877583,0.24346322979436844,0.13755115925771205,-0.10521086186078982,0.08891203458019646
48,1.6,approach,unknown_no_ground_truth,0.5484332524926006,-0.06780052021570224,0.360234078356372,0.16504951852292282,11.31828755996527,0.87332237,1.1448369,-4.9107895,0.27556423135662605,11.530849753455854,0.23945384080438414,0.13637266488265448,-0.13444550466028798,0.09573792269152871
49,1.6333333,approach,unknown_no_ground_truth,0.5510786363558131,-0.06650779146025307,0.3550291041973752,0.1908570380408263,11.30979838331088,0.87332237,0.9173388,-5.938693,0.2709983487316496,11.879825932726217,0.2345002041283028,0.13582989096316425,-0.15968883473823223,0.10452695838712119
50,1.6666666,approach,unknown_no_ground_truth,0.553963062057164,-0.06573620209458464,0.3489622258179942,0.2118949310231198,11.30979838331088,0.87332237,0.99961346,-5.5669518,0.2661848794051103,11.988441022534385,0.22880792796438673,0.13601956522705522,-0.1801146548572881,0.1116161856494509
51,1.7,approach,unknown_no_ground_truth,0.5568762412588545,-0.06534323619387356,0.34220003286394907,0.224022858291975,11.31828755996527,0.87332237,1.1677369,-4.80732,0.261178431794814,12.032705391061704,0.22249256138444853,0.1367890103896717,-0.19361458085590003,0.11269265777902503
52,1.7333333,approach,unknown_no_ground_truth,0.5596226121003349,-0.0650927124602633,0.3351562184418998,0.227445129753739,11.31828755996527,0.87332237,1.2271533,-4.5388594,0.25614457318360945,12.121096557712956,0.2159002658997487,0.13783003140038566,-0.2012972917017816,0.10588053363212253
53,1.7666667,approach,unknown_no_ground_truth,0.5620760335139147,-0.06425858373291501,0.3279978460050489,0.2197558750387684,17.14142455636308,0.87332237,1.4738462,-3.4242272,0.25071798529977146,12.269704628298237,0.20907275388258048,0.13837663002375203,-0.19872060469890207,0.09382305623969776
54,1.8,approach,unknown_no_ground_truth,0.5641083210080177,-0.06265693704567432,0.32142381123491326,0.2003373967976062,18.663621814305284,0.87332237,1.9149678,-1.4311086,0.2452352559759158,12.130405560799169,0.2026522373785061,0.13810286549908576,-0.18118901640351695,0.08547287809807028
55,1.8333334,approach,unknown_no_ground_truth,0.5657011994577275,-0.06014477188388073,0.3158194665671483,0.17941074468088225,18.663621814305284,0.87332237,1.6691638,-2.541724,0.23982307740599618,12.017185034701862,0.19699349111704761,0.13677965094998643,-0.15610088860586718,0.08843487933732568
56,1.8666667,approach,unknown_no_ground_truth,0.5668264665377597,-0.056862699037929704,0.311319472778377,0.16227505900200206,18.663621814305284,0.87332237,1.8894951,-1.5462016,0.2346221975664874,11.77666790732696,0.19224548682166967,0.13449627648238843,-0.13110060743141216,0.09563380942542236
57,1.9,approach,unknown_no_ground_truth,0.5675100965615518,-0.05322747377298198,0.30770065563303123,0.14724889867151345,18.663621814305284,0.87332237,1.5010995,-3.3010888,0.22973672009565765,11.64466522309602,0.18825345840108854,0.13167989960635673,-0.11262649996459853,0.09485520368276017
58,1.9333333,approach,unknown_no_ground_truth,0.5677385283889689,-0.04976375728642839,0.3046009535536741,0.1317004374183455,17.871581523996216,0.87332237,1.2987381,-4.215418,0.22525118051369164,11.446772303175297,0.1847370601739172,0.1288810029488838,-0.10392834576922344,0.08089440130105592
59,1.9666667,approach,unknown_no_ground_truth,0.5675058224656886,-0.0469393885075546,0.3015729448831771,0.12100903032336478,17.836424623738434,0.87332237,1.4758729,-3.41507,0.22115490628265702,11.138821337414116,0.18132490850040314,0.12661267760461922,-0.10713932525232117,0.05625255909092807
60,2.0,approach,unknown_no_ground_truth,0.5669066276889665,-0.04501169462039652,0.2981351237484715,0.12893442912495542,17.836424623738434,0.87332237,1.2798601,-4.300714,0.21729795827332518,10.755938133015954,0.1775944215555996,0.12521431268863692,-0.12513889468884432,0.03105388944774047
61,2.0333333,approach,unknown_no_ground_truth,0.5660791423703948,-0.04371177174469086,0.2937351024771889,0.14750276950197178,17.836424623738434,0.87332237,1.008247,-5.527943,0.21315199964591586,10.313885077232577,0.17298232294684915,0.12454272721024097,-0.14711923650848197,0.010630016929109991
62,2.0666666,approach,unknown_no_ground_truth,0.5651343289658078,-0.04310821364085741,0.2886517899011978,0.1630854067343863,17.836424623738434,0.87332976,1.0255829,-5.4496145,0.2090145552796011,9.856613967718665,0.16778648118504297,0.12463860176634951,-0.16249527085634838,0.013861343334691256
63,2.1,approach,unknown_no_ground_truth,0.5642253228565884,-0.0429309201937179,0.28305045763683007,0.1729882990772357,17.836424623738434,0.87332976,1.4662839,-3.458396,0.20488506463334585,9.364348712106025,0.16214931453217704,0.1252417243036658,-0.1714212318016722,0.023231721960124067
64,2.1333334,approach,unknown_no_ground_truth,0.5634109175633215,-0.04295686613021604,0.2772497083808708,0.17292277075794477,17.836424623738434,0.87332976,1.2662332,-4.3622847,0.20086664190058895,8.921855017560222,0.15635836783892415,0.12609309511296454,-0.17091511824777783,0.026273694086535387
65,2.1666667,approach,unknown_no_ground_truth,0.5627111366454951,-0.04300136988967451,0.27162233213180853,0.1636356924746806,17.120163636057114,0.87332976,0.9964072,-5.5814385,0.1970899889404359,8.534615428894366,0.1507549418838254,0.12695436675493113,-0.16179971396520998,0.02444365791866016
66,2.2,approach,unknown_no_ground_truth,0.5621030142359311,-0.04299150731744513,0.26641941451373874,0.14685144003400466,16.100747040805395,0.87332976,1.4192387,-3.6709602,0.1936505688844441,8.19440537817606,0.14557172984238714,0.1277083172701132,-0.14535331347033723,0.02092270783753265
67,2.2333333,approach,unknown_no_ground_truth,0.5615980211497447,-0.04295826837857744,0.26189582580823884,0.1263544609027172,13.501340677812008,0.87332976,1.2649797,-4.367948,0.19071311201253954,7.941209578789166,0.1410647296110224,0.12834419797278177,-0.12489248035534418,0.019165545666801502
68,2.2666667,approach,unknown_no_ground_truth,0.5611927887352197,-0.04302721845407817,0.25804518962083295,0.10437510233171302,10.92428322657508,0.87332976,1.046685,-5.354269,0.18834347362923629,7.749217140645999,0.13724557189644432,0.1289841736553162,-0.10246717017469903,0.019865573818665137
69,2.3,approach,unknown_no_ground_truth,0.5609058873134517,-0.04325469771808123,0.2549783485278899,0.0802440112929093,10.88361371530189,0.87332976,1.5974481,-2.865757,0.1866342478467784,7.603251684223815,0.13423359101307847,0.12966759623385596,-0.0773962108157992,0.021187918721123192
70,2.3333333,approach,unknown_no_ground_truth,0.5607234698144838,-0.043654324953695506,0.2527532472120468,0.05801820757069456,8.978636636114883,0.87332976,1.4416414,-3.569738,0.185606165260302,7.643126923019018,0.13208582910139094,0.1303954843283796,-0.0533012528658629,0.02291481731643398
71,2.3666666,approach,unknown_no_ground_truth,0.5606161314305044,-0.04423484389516319,0.25124795605978945,0.04064966564980554,8.446962470649918,0.87332976,1.3721967,-3.88351,0.18517161328471263,7.837242347050013,0.13068017731823367,0.13119153030031386,-0.032854044366677895,0.02393756642170086
72,2.4,approach,unknown_no_ground_truth,0.5605379022560539,-0.044908496165821536,0.25035812349856973,0.028409442453541038,8.384641872726204,0.87332976,1.3094633,-4.1669583,0.18517985900577374,8.020979072823398,0.1298955581644867,0.1319800142087229,-0.01715317913986784,0.022646519951565677
73,2.4333334,approach,unknown_no_ground_truth,0.5604879274902757,-0.04556087334518402,0.2499017270175249,0.02106520052139095,8.345884617149158,0.87332976,1.1894532,-4.7091994,0.1854287598957294,8.232004743287948,0.1295366259556955,0.13268039618753896,-0.008630143691810133,0.019216224729772476
74,2.4666667,approach,unknown_no_ground_truth,0.5605656497334859,-0.046085682453655866,0.24959284664136994,0.01876284315667729,8.345884617149158,0.87332976,1.294261,-4.2356467,0.18568946666198585,8.44682500474166,0.12932021576380934,0.13325486791864136,-0.0077920406406620235,0.01706834455875388
75,2.5,approach,unknown_no_ground_truth,0.5609717400637702,-0.04645696501620616,0.24917537752540392,0.02721449340723336,8.345884617149158,0.87332976,1.179298,-4.7550836,0.1858395136615688,8.558885524627232,0.1290171570420286,0.13375686160627778,-0.013418470354721447,0.02367642930747392
76,2.5333333,approach,unknown_no_ground_truth,0.5617954625238424,-0.046728217462523036,0.24842392136642646,0.04286389364239569,7.984068876920297,0.87332976,1.3095872,-4.166398,0.18581826194316298,8.653031935628714,0.12842565186974236,0.1342954891774466,-0.02369798705199205,0.035717205767952044
77,2.5666666,approach,unknown_no_ground_truth,0.5630168752198881,-0.046902988330443346,0.24723004770863422,0.05950389298429559,7.762075186435038,0.87332976,1.2423674,-4.4701176,0.18557337787728642,8.792036389594738,0.12743729264479348,0.13489705341537825,-0.0365481148033306,0.04695688005616503
78,2.6,approach,unknown_no_ground_truth,0.5645065103862905,-0.04701241384860412,0.24554192078425566,0.07519658345014382,5.398843437864433,0.87332237,1.1958786,-4.6801677,0.18508621061570446,8.970367905539252,0.12598911305160718,0.13558631476867514,-0.05110582476546675,0.05516086327837745
79,2.6333334,approach,unknown_no_ground_truth,0.5661425221245528,-0.04710789827464308,0.24331600375285323,0.08716735583297668,5.398843437864433,0.87332237,1.4072163,-3.725281,0.18436294823188806,9.112105478257426,0.12403022504225553,0.1364045452201696,-0.0644719179084902,0.05866446730443969
80,2.6666667,approach,unknown_no_ground_truth,0.5677291014184598,-0.04719737931784482,0.2407096961163009,0.09391448935784057,5.398843437864433,0.87332237,1.2731253,-4.3311443,0.18346219995820748,9.209945498834985,0.12169097654686897,0.13729415515809368,-0.07472530982174008,0.05688637256310958
81,2.7,approach,unknown_no_ground_truth,0.5691249833741013,-0.047316017214714984,0.2378149823626097,0.09692643617853151,5.207642031846948,0.87332237,1.4193491,-3.6704614,0.18243415607406502,9.2862225935873,0.11904854215498234,0.13823771523440956,-0.08161941479053442,0.05227815183727937
82,2.7333333,approach,unknown_no_ground_truth,0.5702848985272644,-0.047497279927839926,0.2347824488715914,0.09612447171108512,5.207642031846948,0.87332976,1.2334338,-4.510482,0.18137573480550984,9.376951424416752,0.11624968707077017,0.1392234442620446,-0.083633388099976,0.0473853401027575
83,2.7666667,approach,unknown_no_ground_truth,0.5712544010873846,-0.047751948494446854,0.23178656998995686,0.09175466111227189,5.207642031846948,0.87332976,1.4483243,-3.5395427,0.18039460013469938,9.490773331831956,0.11347298791109596,0.14023584695892255,-0.08062180676528324,0.04380687285950901
84,2.8,approach,unknown_no_ground_truth,0.5721143559312873,-0.048086512284066095,0.22897527771595722,0.08583541315397422,5.207642031846948,0.87332976,1.4249884,-3.6449814,0.1795851723167352,9.623889724742106,0.11087490473715705,0.14127133331131914,-0.07427839147630261,0.04301672594475998
85,2.8333333,approach,unknown_no_ground_truth,0.5730251294372887,-0.04849260096546025,0.2263957156290214,0.08063192256104022,5.663938495973215,0.87332976,1.439854,-3.577814,0.17900134844050067,9.771407285803537,0.1085210995536653,0.14235397323285712,-0.06716655593126729,0.044611217201747926
86,2.8666666,approach,unknown_no_ground_truth,0.5740519830405144,-0.04892355597131493,0.2240315449164087,0.074930597836948,5.663938495973215,0.87332976,1.4400699,-3.5768385,0.17860946308332742,9.926437015902835,0.10639713832738132,0.14346075860199048,-0.05942340019767698,0.045644868289317686
87,2.9,approach,unknown_no_ground_truth,0.5751617171791517,-0.04931041331131618,0.22195498995004556,0.06738142684682943,5.663938495973215,0.87332976,1.3617597,-3.9306676,0.17836681758389833,10.152833216319227,0.10455953115881617,0.14450614540169637,-0.05111591542546808,0.04390239030088247
88,2.9333334,approach,unknown_no_ground_truth,0.57623923669467,-0.049609728174820684,0.22016836849493476,0.05899680098018565,5.663938495973215,0.87332976,1.4671143,-3.454644,0.17819318668128648,10.40129900219121,0.10298939970527951,0.14541662672465616,-0.04449621933788993,0.038738985409145985
89,2.9666667,approach,unknown_no_ground_truth,0.5771441922421812,-0.04981459612637855,0.21859567480803202,0.05023492954165956,5.52268818234159,0.87332976,1.5799665,-2.9447439,0.17799698638676328,10.490536922256423,0.10159311917668166,0.14615664644046178,-0.040193611752335254,0.03013339875218257
90,3.0,approach,unknown_no_ground_truth,0.5777386964124027,-0.0499347673229507,0.21719150442700902,0.04305045300263561,3.381742794097674,0.87332976,1.3837309,-3.8313951,0.1777149261783108,10.507465615326012,0.10030982797353333,0.14669878458420374,-0.038693126560502986,0.018872823336878765
91,3.0333333,approach,unknown_no_ground_truth,0.577929790704,-0.04997026256789258,0.21583965200294825,0.039702089073405306,3.381742794097674,0.87332976,1.4007348,-3.7545664,0.1772627316503729,10.507465615326012,0.09901357970201932,0.14703192533169107,-0.038792425852686094,0.008450063506060793
92,3.0666666,approach,unknown_no_ground_truth,0.5777896415849417,-0.04995503195230443,0.21454526877280858,0.039813917379388976,3.381742794097674,0.87332976,1.4387274,-3.5829046,0.17669116695499731,10.507465615326012,0.09772366855195118,0.14720683776464707,-0.03946561085599976,0.005254862210905775
93,3.1,approach,unknown_no_ground_truth,0.5775108149325892,-0.04992507132592842,0.2132190591671204,0.042104188417487136,2.4336146973493196,0.87332976,1.3589332,-3.9434383,0.17605736326285415,10.45003519663978,0.09638254132016283,0.1473316017958662,-0.04166667902617423,0.006053969047247494
94,3.1333334,approach,unknown_no_ground_truth,0.5772283164527008,-0.04989724736260301,0.2117956205074827,0.04374302894810025,2.4336146973493196,0.87332976,1.318122,-4.1278353,0.1753953816058146,10.359346717091464,0.09494588195972191,0.14747480933210214,-0.04336699218435813,0.0057233356040125045
95,3.1666667,approach,unknown_no_ground_truth,0.5770648099359743,-0.04987483018075464,0.21033759540502756,0.044421795264710885,3.381742794097674,0.87332976,1.2672949,-4.3574877,0.17477321551157374,10.356337271261765,0.09349140098517869,0.14766527960926876,-0.04367801829369399,0.00809485098538722
96,3.2,approach,unknown_no_ground_truth,0.5771997434790173,-0.049872868008042685,0.20883440832404293,0.04533907280481555,3.444144553575752,0.87332976,1.3284189,-4.081311,0.174259405267168,10.356337271261765,0.0920340166653154,0.14797324116378455,-0.04161431251902462,0.01799668070421085
97,3.2333333,approach,unknown_no_ground_truth,0.577804511493681,-0.04990915841932858,0.20740710278179247,0.04777780596399555,4.657911549738792,0.87332976,1.4155965,-3.6874168,0.17397210267746954,10.356337271261765,0.0907171159532905,0.14844762505051154,-0.035627179935996074,0.03183430213686751
98,3.2666667,approach,unknown_no_ground_truth,0.5789372480706453,-0.04999081610276243,0.20616746913939182,0.053117070064797524,6.748190642829871,0.87332976,1.50157,-3.2989628,0.17398047923533952,10.412586714700723,0.08965887345035452,0.14909893885125985,-0.028757754640591323,0.04465887011893783
99,3.3,approach,unknown_no_ground_truth,0.5804621171537545,-0.05010356989041731,0.20507494232888152,0.056764394794205635,7.415817022946279,0.87332976,1.548855,-3.0853155,0.17421759002603157,10.634319668617925,0.08879993401706043,0.14988775931691062,-0.023022119651819106,0.05188620744561857
100,3.3333333,approach,unknown_no_ground_truth,0.5821290973940482,-0.050229059999835,0.20414851256374683,0.05691236903523269,7.415817022946279,0.87332976,1.4916945,-3.3435836,0.17459204268852546,10.915875832013255,0.08812406683969187,0.15072003919116203,-0.021526093442550683,0.05268439095505508
101,3.3666666,approach,unknown_no_ground_truth,0.5837213276480948,-0.050347939326385024,0.20314791369746804,0.05358680621122192,7.415817022946279,0.87332237,1.2907164,-4.2516623,0.17492912727117826,11.167398464069013,0.08736486239824193,0.15155058688765394,-0.024839435881432618,0.04748208319999503
102,3.4,approach,unknown_no_ground_truth,0.5850130884232722,-0.05043893799764826,0.20205064919656995,0.04884151960277253,7.415817022946279,0.87332237,1.3013557,-4.203591,0.17511913337580814,11.327707150935698,0.08646809911574908,0.15228256206671553,-0.03129501563430404,0.03749821373821264
103,3.4333334,approach,unknown_no_ground_truth,0.5858813800384013,-0.05049382462178729,0.20071580605245426,0.047905777891033736,3.85220800180664,0.87332237,1.3281242,-4.082643,0.17505965295652817,11.379774886619817,0.0852785245909193,0.1528837968420985,-0.04004377195807215,0.026295624782746115
104,3.4666667,approach,unknown_no_ground_truth,0.5863341623780655,-0.050517505805676315,0.19914403422867039,0.050006880222038,3.1534223075717005,0.87332237,1.3342818,-4.054821,0.17475701360772733,11.379774886619817,0.08379851669472896,0.1533552164253131,-0.046969741700495504,0.01716191813667661
105,3.5,approach,unknown_no_ground_truth,0.5864936282026604,-0.05052282207951584,0.1974388469826094,0.051313342609009036,3.129592465265917,0.87332237,1.3528816,-3.9707816,0.1743016935211518,11.379774886619817,0.08214721126472249,0.1537300102314788,-0.05007222792291709,0.01121744714919509
106,3.5333333,approach,unknown_no_ground_truth,0.5864621771840697,-0.05050746600418438,0.1957255586034658,0.04999904653953325,3.129592465265917,0.87332237,1.4652388,-3.463118,0.17376895957087937,11.379774886619817,0.08046037113780459,0.154018765047356,-0.04942475685890982,0.00755632611128312
107,3.5666666,approach,unknown_no_ground_truth,0.5862925148126621,-0.050483743994604716,0.19411188231741439,0.04598538996368132,3.129592465265917,0.87332237,1.5205133,-3.2133715,0.17321978970368399,11.317708764690758,0.07885223040697786,0.1542317130321562,-0.04556893659523377,0.006174796165980518
108,3.6,approach,unknown_no_ground_truth,0.5860352898441431,-0.050470543270613774,0.1926899600313054,0.04170332889458177,3.1534223075717005,0.87332237,1.3466051,-3.9991407,0.17271294537124668,11.25670958844221,0.0774224447355019,0.15438758547885056,-0.04113660094731372,0.006851839416618484
109,3.6333334,approach,unknown_no_ground_truth,0.5857671104841324,-0.050504746010860704,0.19138183113066579,0.03732782322981978,3.5184487350607756,0.87332237,1.4106876,-3.7095969,0.1722851309860921,11.188892082838418,0.07610978396619117,0.15456217889093898,-0.03632456931610664,0.00859604857338749
110,3.6666667,approach,unknown_no_ground_truth,0.5854833203462493,-0.05063551185821799,0.19026903174920606,0.03345042038955384,3.9878160891138763,0.87332237,1.340869,-4.0250583,0.17199772102864044,11.155635972762608,0.07500079891431494,0.15478403083412878,-0.031483691690107854,0.011300786777924487
111,3.7,approach,unknown_no_ground_truth,0.5852134966559247,-0.05089341429503515,0.1892568688162284,0.03194718934672928,5.380355141711399,0.87332237,1.3517542,-3.9758754,0.17186188210526143,11.1870307199406,0.0740108730550829,0.15510930723327726,-0.028683929943364175,0.014066096479121305
112,3.7333333,approach,unknown_no_ground_truth,0.5850103483158232,-0.05126037725451971,0.18828864430494197,0.03177502961025504,5.380355141711399,0.87332237,1.3546641,-3.9627275,0.17186608687667124,11.265646651768101,0.07308853862018597,0.1555506905824114,-0.027355554201920797,0.016165585700442717
113,3.7666667,approach,unknown_no_ground_truth,0.5849046666729888,-0.051692180970746376,0.1873193620870902,0.032227589750968885,5.380355141711399,0.87332237,1.3347858,-4.0525436,0.17197097881665707,11.422940758312619,0.0721871710648914,0.15608661021627454,-0.026975743905154632,0.01763311605815227
114,3.8,approach,unknown_no_ground_truth,0.5849462370909976,-0.05214552027960537,0.18633199376915488,0.03299360945416627,5.380355141711399,0.87332237,1.266678,-4.360275,0.1721524622327327,11.555003538952777,0.07129015729390774,0.15669774639669312,-0.02655753022033715,0.019577432247614313
115,3.8333333,approach,unknown_no_ground_truth,0.5851627034661047,-0.05262113378967612,0.18534234901626456,0.03399149594408559,4.049647569856342,0.87332237,1.1777499,-4.762079,0.17242560845811197,11.624247388115583,0.07041667062611769,0.15739149579975087,-0.025622179986467195,0.022336644538915578
116,3.8666666,approach,unknown_no_ground_truth,0.5855105213899278,-0.05312944767179351,0.18437019129190152,0.03495038727953443,3.8345606377113644,0.87332237,1.2384223,-4.4879427,0.17278832769917102,11.651941601906438,0.06958201348188861,0.15815862160780986,-0.024652373401913806,0.02477478671234235
117,3.9,approach,unknown_no_ground_truth,0.5859266131788021,-0.05367512537599804,0.18340983933797728,0.03661989888541817,3.8345606377113644,0.87332237,1.2532092,-4.4211307,0.17321993126941077,11.750046252303877,0.06877317493427114,0.15898237323187603,-0.023964582491599398,0.02768963308499371
118,3.9333334,approach,unknown_no_ground_truth,0.5864281781731067,-0.05431666526428877,0.18244443832965135,0.03821027215240521,3.8345606377113644,0.87332237,1.1854379,-4.7273417,0.17377608720542947,11.850756064797787,0.0679843702705294,0.15992577616928608,-0.022410743673738062,0.030948076934615543
119,3.9666667,approach,unknown_no_ground_truth,0.5870120540474499,-0.05502665481103267,0.18154324503236433,0.03832799181341011,4.049647569856342,0.87332237,1.2611952,-4.385048,0.17444606819851094,11.939511055645305,0.06727912668586837,0.16095014700927243,-0.01999096639099731,0.03270162410650041
120,4.0,approach,unknown_no_ground_truth,0.5876469375553834,-0.05574706974539746,0.1807130801297161,0.03635139195725843,4.049647569856342,0.87332237,1.2384747,-4.4877057,0.17516634655406657,12.059672230860368,0.06665164036405384,0.16199014723704705,-0.018649692949038437,0.03120276670644478
121,4.0333333,approach,unknown_no_ground_truth,0.5881918004498947,-0.05638422791931446,0.17991899830342895,0.03238973456436455,4.049647569856342,0.87332237,1.2634364,-4.3749213,0.17579026452798827,12.235619843996416,0.06603581492926598,0.16291558626923275,-0.019075489275959576,0.026176718931767276
122,4.0666666,approach,unknown_no_ground_truth,0.5885465378752492,-0.05690314419075162,0.17912662279849212,0.028948842460862084,3.457770150211061,0.87332237,1.2897382,-4.256082,0.17623973589675077,12.322567041039848,0.06537994221092334,0.16366400846078769,-0.0205234033551989,0.02041630217604604
123,4.1,approach,unknown_no_ground_truth,0.5886435868232169,-0.05736437122727908,0.17831905965748512,0.028522244572712976,3.230138353726117,0.8733371,1.1833041,-4.7369833,0.1765392636314614,12.335394327783197,0.06466758925677163,0.16426872649185575,-0.022039299738578058,0.01810490824331259
124,4.133333,approach,unknown_no_ground_truth,0.5884477005182345,-0.05787752543459111,0.17749676285881938,0.031843288227779466,3.230138353726117,0.8733371,1.21743,-4.5827923,0.17677462335556976,12.339233806593482,0.06391065686948987,0.16481715748372158,-0.022962765951848717,0.022061423004830303
125,4.1666665,approach,unknown_no_ground_truth,0.5880240945520583,-0.05854149719939687,0.176664598954892,0.036644543820204274,3.1810019874824373,0.8733371,1.3100195,-4.164445,0.17706313722543957,12.345359770565457,0.0631367395559183,0.1654240208747296,-0.023049015247790423,0.028487988484587605
126,4.2,approach,unknown_no_ground_truth,0.5875073839581972,-0.05939389981079847,0.17582807975477893,0.040143811254082624,2.9805566930956258,0.8733371,1.3224393,-4.108329,0.17749398177939624,12.32300305392835,0.06237405722069174,0.16617337498448576,-0.02229977624293228,0.033380316977502836
127,4.233333,approach,unknown_no_ground_truth,0.5869430567375662,-0.060355930872425544,0.17502097160676336,0.04065085298967319,2.8723303332343,0.8733371,1.2910396,-4.250202,0.1780204627752508,12.32127374670934,0.06165008912965113,0.16700464567496476,-0.021125674068184004,0.034730357670961005
128,4.266667,approach,unknown_no_ground_truth,0.5863907693626783,-0.061297846431928336,0.17425557914361428,0.03851841550890245,2.8723303332343,0.8733371,1.2928982,-4.241804,0.1785488671560363,12.323408256852986,0.06096565459643182,0.1678180172756563,-0.020955409419254372,0.032319330893257704
129,4.3,approach,unknown_no_ground_truth,0.5858002687752826,-0.06207297292060181,0.17349130910891908,0.03515321131070953,2.2533779887689045,0.8733371,1.2675043,-4.356541,0.17891886985245103,12.307267321495154,0.06025306972040092,0.16846818565695668,-0.021899717317940222,0.02749819351975154
130,4.3333335,approach,unknown_no_ground_truth,0.5851752603098903,-0.06260027092607896,0.1727329390300029,0.031152328421804033,1.6644972370966125,0.8733371,1.326015,-4.0921726,0.179057207050126,12.281707458459115,0.05950567474142472,0.16888030693411074,-0.02203826234977743,0.022017778241737337
131,4.366667,approach,unknown_no_ground_truth,0.5845716918824677,-0.06289485046028054,0.17203244049503208,0.027385418519707425,1.3700217697760901,0.8733371,1.337501,-4.040275,0.1790042916654392,12.259548155662847,0.05878385353815925,0.16907689078596722,-0.021117734322172114,0.017435665877668344
132,4.4,approach,unknown_no_ground_truth,0.5840144550396127,-0.06301955887514474,0.17138761993694013,0.024612795333322817,1.313066148760235,0.8733371,1.3554369,-3.9592357,0.17882443899159348,12.235994605107717,0.05809782703973291,0.16912368986608417,-0.020036975515438274,0.014293680642639413
133,4.4333334,approach,unknown_no_ground_truth,0.5835194873756155,-0.06305955983364983,0.1707841895804971,0.023008477790919107,0.7310522780630249,0.8733371,1.3036546,-4.193204,0.17859816669927908,12.234823898173449,0.05744805635945113,0.16910655211689699,-0.01954749317126754,0.012136126275482908
134,4.4666667,approach,unknown_no_ground_truth,0.5830709036621367,-0.06304830692475479,0.17017860181176678,0.023043663536038102,0.7310522780630249,0.8733371,1.2200739,-4.570846,0.17834355041637917,12.233293862008155,0.056794661988257125,0.1690585352614863,-0.020579523636321883,0.01036791377588573
135,4.5,approach,unknown_no_ground_truth,0.5826719394933413,-0.06301199414865526,0.16950378251890882,0.02349216191234434,0.7310522780630249,0.8733371,1.2043684,-4.6418085,0.17807633304907378,12.233293862008155,0.05607608933821205,0.16901672283161065,-0.0220968644683519,0.007975603549769108
136,4.5333333,approach,unknown_no_ground_truth,0.5823759574753016,-0.06299317007348312,0.1687761707843565,0.023181439001134962,0.7310522780630249,0.8733371,1.2945083,-4.234529,0.17785717187938016,12.233288606028745,0.05532153900158791,0.16903461453627527,-0.022287597181605605,0.006375117727056268
137,4.5666666,approach,unknown_no_ground_truth,0.58219535983256,-0.06311006328206345,0.16803694863643032,0.022157570152254717,2.4033725085603885,0.8733371,1.3233011,-4.104435,0.17780581673388612,12.277719001996571,0.054590250848643954,0.1692182406736532,-0.020009471686867338,0.009517297823675778
138,4.6,approach,unknown_no_ground_truth,0.582132748150568,-0.06342343782103688,0.16738413982803746,0.02168794080499456,2.4033725085603885,0.8733371,1.4078311,-3.7225032,0.17799214240985942,12.36008628477338,0.053987575409819105,0.1696070295153499,-0.015580577425996372,0.015086828143565515
139,4.633333,approach,unknown_no_ground_truth,0.5821554579771848,-0.06394717153506616,0.16685874114230176,0.023336020287935307,2.4033725085603885,0.87332237,1.3010801,-4.204836,0.1784219895618305,12.411896347012213,0.05355154661145739,0.1701958818970743,-0.01191834308803888,0.020062974378559233
140,4.6666665,approach,unknown_no_ground_truth,0.58216279056944,-0.0646213724669884,0.16639199259033485,0.025547444529791234,2.4033725085603885,0.87332237,1.2794185,-4.3027096,0.17899566539309106,12.433098067214488,0.053193019911180556,0.17090918893448695,-0.010729970024308444,0.023184901666390614
141,4.7,approach,unknown_no_ground_truth,0.5820968284166956,-0.0653706502077947,0.16592545127478817,0.027802423969506312,1.9511466036685314,0.87332237,1.2081946,-4.6245203,0.17961608434909365,12.450388363346013,0.0528362159132165,0.1716690771364275,-0.011914547446420575,0.02512007837820519
142,4.733333,approach,unknown_no_ground_truth,0.5819403960479831,-0.06615989290320977,0.16538257053352684,0.030668189994060104,1.8415054031311706,0.87332237,1.252154,-4.4258986,0.18023650191535207,12.46550329544007,0.05239871745509132,0.1724516483880169,-0.014572343770292626,0.026984897156598207
143,4.766667,approach,unknown_no_ground_truth,0.5817630016216572,-0.06700010706132284,0.16473646343914602,0.03357296684200199,1.8415054031311706,0.87332237,1.2464365,-4.451732,0.18088926047805115,12.459333859232554,0.05186470332673947,0.17329448088478044,-0.01665695719326338,0.029149440468660057
144,4.8,approach,unknown_no_ground_truth,0.5816452032835888,-0.06791694834121914,0.1640278867824704,0.0375751525290281,1.8415054031311706,0.87332237,1.3678994,-3.9029264,0.1816312643401455,12.476020156428316,0.05128826293232949,0.17423957722395922,-0.017059006134785906,0.03347958179656764
145,4.8333335,approach,unknown_no_ground_truth,0.5816214121814489,-0.0690417789970863,0.16329195905662908,0.04163051359979981,1.9511466036685314,0.87332237,1.323341,-4.1042547,0.1826013029554324,12.503177379254513,0.05072743726336309,0.1754136908844722,-0.0153957881672695,0.03867905595140193
146,4.866667,approach,unknown_no_ground_truth,0.5816815851188024,-0.07030899388241627,0.16262095894290773,0.043971642585238536,1.9511466036685314,0.87332237,1.3328375,-4.0613465,0.18374379146014774,12.538376469316491,0.05026187796809273,0.176735747723178,-0.012339892031668168,0.04220464922601224
147,4.9,approach,unknown_no_ground_truth,0.581783848841537,-0.07168676658708348,0.16203856494429555,0.04410562193545247,1.8415054031311706,0.87332237,1.298721,-4.215495,0.18501624557497706,12.60443221007501,0.04990477852683049,0.178158705111056,-0.009649074321115768,0.04303720775164963
148,4.9333334,approach,unknown_no_ground_truth,0.5818545876938126,-0.07303669746927305,0.16153675794711098,0.04060640945161065,1.8415054031311706,0.87332237,1.3237735,-4.1023006,0.18626263018542355,12.658595135236373,0.049618606919258006,0.17953206190255827,-0.00820255985532263,0.03976931606617976
149,4.9666667,approach,unknown_no_ground_truth,0.5818560247861425,-0.07422284656846717,0.1610944073080528,0.03415400128417303,1.4893322709613248,0.87332237,1.3128824,-4.15151,0.18734008593884327,12.685659136777728,0.0493579416898796,0.18072105962424972,-0.008203867430447459,0.03315407008050348
150,5.0,approach,unknown_no_ground_truth,0.5817818765044166,-0.07514316980587354,0.16067541948685268,0.026373650116481153,1.2469761135602437,0.87332237,1.2859505,-4.2731957,0.18814684545933455,12.711586736158587,0.049071682910709735,0.18163481327270242,-0.009347779704416298,0.024661476741352478
151,5.0333333,approach,unknown_no_ground_truth,0.5816623304470163,-0.07575636067010344,0.16025641497737317,0.019055078742226384,1.2188118859606163,0.87332237,1.2752451,-4.321566,0.18865139386721963,12.724314398386984,0.04873475693094614,0.18224783091967497,-0.010668536338181264,0.01578855149383102
152,5.0666666,approach,unknown_no_ground_truth,0.5815341942214481,-0.07607179105353767,0.15984471297593572,0.014662471255442702,1.1391337421243368,0.87332237,1.2630422,-4.3767023,0.18887455619008187,12.70233399531183,0.048360447787898525,0.1825783806088616,-0.011753356860256206,0.008766223008351538
153,5.1,approach,unknown_no_ground_truth,0.5814181022025249,-0.0762048711980936,0.15942293331978935,0.012740129428131531,1.0248707473207166,0.87332237,1.3152435,-4.1408415,0.1889300257978905,12.683996704206578,0.0479512005043695,0.1827436374218849,-0.012170226931882926,0.003767820891711094
154,5.133333,approach,unknown_no_ground_truth,0.5813299829433151,-0.07618297741646253,0.1590278189616421,0.011766275883240406,0.8537090024146801,0.87332237,1.284971,-4.2776217,0.18885129672199916,12.669550049511104,0.04754910004795043,0.18276732574016225,-0.011722727504509747,0.001011389151383131
155,5.1666665,approach,unknown_no_ground_truth,0.5812612777653363,-0.07612800575806844,0.15865820531670294,0.010813792326281803,0.7659716317067883,0.87332237,1.2923121,-4.244452,0.1887502680395505,12.658234182361369,0.04716968603302512,0.18276127709268172,-0.010792244283568585,0.0006823252887973815
156,5.2,approach,unknown_no_ground_truth,0.5811922703821936,-0.07607902320619425,0.15832785270799127,0.009378032825429879,0.7411253556598351,0.87332237,1.2391465,-4.4846706,0.18865826793341975,12.642747568554498,0.04682961773612086,0.18275373857277663,-0.009341435649918042,0.000827695398851922
157,5.233333,approach,unknown_no_ground_truth,0.5811348235003713,-0.07606712519678203,0.15804895991735582,0.007554518128394006,0.7411253556598351,0.87332237,1.2993002,-4.212878,0.1886091201059476,12.630513741981618,0.04654692421068175,0.18277522817292505,-0.007487971687008036,0.0010005119523522443
158,5.266667,approach,unknown_no_ground_truth,0.5811125143120079,-0.07607063112624135,0.15783062602681303,0.005413802407907895,0.7411253556598351,0.87332237,1.2860391,-4.2727957,0.18859033073001177,12.630513741981618,0.046330402241634205,0.1828108494400253,-0.005257336570328185,0.001292156607443227
159,5.3,approach,unknown_no_ground_truth,0.5811518258013821,-0.07607334788628972,0.15768849903798915,0.0036576190754927396,0.7659716317067883,0.87332237,1.2892983,-4.2580695,0.18859595960261352,12.630513741981618,0.04619644697316429,0.1828505517232208,-0.002661662470900001,0.002508730793132429
160,5.3333335,approach,unknown_no_ground_truth,0.5812509651768094,-0.07608022272861353,0.1576301320889092,0.0031860419143429977,0.7659716317067883,0.87332237,1.2825758,-4.2884436,0.18863046862084587,12.630513741981618,0.04615295823484973,0.18289712446698592,-0.0009369340059544027,0.0030451630085163964
161,5.366667,approach,unknown_no_ground_truth,0.581343474974797,-0.0760859512695502,0.1575977983446697,0.00255674894108201,0.8288952543019338,0.87332237,1.2753148,-4.3212514,0.18866355052165626,12.642022899128396,0.04613398476169804,0.1829360291070213,-0.0017311734163264528,0.0018814897688609886
162,5.4,approach,unknown_no_ground_truth,0.5813582251126294,-0.07608467356135964,0.1574977363828991,0.005290927434132616,0.8288952543019338,0.87332237,1.2806449,-4.2971683,0.18866047315180853,12.644761296607713,0.046037546776488594,0.1829571491269661,-0.005232770903503394,0.0007823182119223777
163,5.4333334,approach,unknown_no_ground_truth,0.5812587638780741,-0.07606874844040483,0.15725582573920355,0.011249776478267259,0.8825105413696162,0.87332237,1.0981754,-5.1216197,0.1885975444209709,12.650715907558036,0.04578513367864212,0.18295561017812206,-0.010753063223439826,0.00330591925546907
164,5.4666667,approach,unknown_no_ground_truth,0.5810530846638893,-0.07603356103924408,0.15681454280611606,0.018252739422062465,1.0621451220440785,0.87332237,1.105231,-5.0897403,0.18847004315058596,12.66154261839443,0.04532067653300928,0.18293986291613448,-0.017423544763799165,0.005438987430910266
165,5.5,approach,unknown_no_ground_truth,0.5807566719406789,-0.07597641039768992,0.15615124575451733,0.02555929403263636,1.0621451220440785,0.87332237,1.1502552,-4.8863077,0.18828066537331586,12.666180721325242,0.044623565061629775,0.18291622780554226,-0.024494237133985734,0.007301360056238497
166,5.5333333,approach,unknown_no_ground_truth,0.5803688435064078,-0.07589506607394456,0.15526016716917262,0.03216245915818271,2.0032614063398944,0.87332237,1.0830895,-5.1897826,0.18802938132043487,12.681197347312013,0.04368772884422384,0.18288365314641733,-0.030800754152132053,0.009259445056896815
167,5.5666666,approach,unknown_no_ground_truth,0.579888914436866,-0.07579087724450012,0.15419932229352806,0.03771033583972679,2.0032614063398944,0.87332237,1.0262161,-5.446753,0.18772366532818102,12.757188318008707,0.04257018327919461,0.18283313162504955,-0.03567828183106671,0.012211864506616425
168,5.6,approach,unknown_no_ground_truth,0.5792616736071581,-0.0756639110463886,0.15301494123620718,0.041710889593763525,2.0504132088161406,0.87332237,1.0526246,-5.327432,0.18735157291483012,12.792303890985703,0.04130917883929064,0.18274070049467472,-0.03845442597155595,0.016157209966490317
169,5.633333,approach,unknown_no_ground_truth,0.5784940982341991,-0.07552125226505127,0.1518088802209212,0.042891742344663523,2.4321897729400574,0.87332237,1.0266652,-5.444724,0.1869291383779818,12.792295187455004,0.04000655716296431,0.1825978591295669,-0.03821771626677762,0.019470688860774386
170,5.6666665,approach,unknown_no_ground_truth,0.5776473128886951,-0.07536244052980476,0.1506741311570878,0.040486662522751286,2.4321897729400574,0.87332237,1.1315112,-4.970999,0.1864792862030997,12.786539925137717,0.03876133335599925,0.18240636836273746,-0.03481475043212735,0.020666470298041743
171,5.7,approach,unknown_no_ground_truth,0.5768290737396902,-0.075204219450028,0.14970831602131857,0.034516798601948444,2.0032614063398944,0.87332237,1.2760991,-4.3177075,0.18605262175288698,12.775388191084058,0.03768557586671873,0.18219598083579294,-0.028720631599954638,0.01914509614045219
172,5.733333,approach,unknown_no_ground_truth,0.5761361618011447,-0.07515765009376948,0.1489508706814247,0.026603673276179435,2.0032614063398944,0.87332237,1.0986804,-5.119338,0.1857820351192303,12.730137393931027,0.03684662628694213,0.18209143501085748,-0.0210962197618664,0.016208175207121294
173,5.766667,approach,unknown_no_ground_truth,0.5756290620121745,-0.07534924873765893,0.14841037375540833,0.02112958938664522,2.4321897729400574,0.87332237,1.0247828,-5.4532294,0.18580307203037458,12.695833937292349,0.036279141753671,0.18222679673840952,-0.013456252792211743,0.016290758375236067
174,5.8,approach,unknown_no_ground_truth,0.575318376973315,-0.07585457615537197,0.14803996778618844,0.023365329779497953,2.727283587788739,0.87332237,1.1148498,-5.04628,0.18618752137121497,12.695849746977483,0.035949548393849035,0.18268394314945946,-0.007436495420641388,0.02215033118405848
175,5.8333335,approach,unknown_no_ground_truth,0.5751541872800258,-0.0766866644874395,0.1477683436018879,0.030264807595965663,2.736077098722773,0.87332976,1.1551802,-4.864055,0.18693049416930044,12.71402183717309,0.03578337583357419,0.1834735939156696,-0.0039838129795377744,0.030001463513716912
176,5.866667,approach,unknown_no_ground_truth,0.575064200398637,-0.07778615727082816,0.14751526936494327,0.03554363340278534,3.6909983405144353,0.87332976,1.1688634,-4.8022304,0.18795239941822878,12.747698168390468,0.03568396109827806,0.1845338976107262,-0.0020552626319727697,0.03548416225564884
177,5.9,approach,unknown_no_ground_truth,0.5750706046646276,-0.07900687901458155,0.1472945326329296,0.03615631841171648,3.6909983405144353,0.87332976,1.1246651,-5.001931,0.18911981609209616,12.811778140556706,0.03564635844673464,0.18573002441230438,-0.000724888051440449,0.036149051141106135
178,5.9333334,approach,unknown_no_ground_truth,0.5751689179055164,-0.08015813248572831,0.147099471368016,0.03199126332968986,3.6909983405144353,0.87332976,1.2153361,-4.592253,0.1902482944530749,12.897321942811313,0.03563563527119665,0.1868810184077616,-0.000379191805619827,0.0319890159743014
179,5.9666667,approach,unknown_no_ground_truth,0.5753217531022945,-0.0810924115111978,0.14692561946778418,0.02512136379176261,3.6909983405144353,0.87332976,1.274367,-4.325534,0.19118526451711249,12.99514100124384,0.03562107901552775,0.1878375470938859,-0.0012782562342549043,0.025088821808878753
180,6.0,approach,unknown_no_ground_truth,0.5754523731305506,-0.0817681946557889,0.14673593192985335,0.017785975647242044,3.50788744839973,0.87332976,1.2605821,-4.387818,0.19186832840856216,13.077312940627044,0.03555041826476431,0.18854607714693022,-0.0035601221482193545,0.01742602823405394
181,6.0333333,approach,unknown_no_ground_truth,0.57550162805227,-0.08218353234649013,0.1464977672620509,0.01236801766885565,2.603393203553479,0.87332976,1.2694852,-4.347591,0.19227841492562314,13.092290868730338,0.03538373775023633,0.18899465587453154,-0.006734055794552434,0.010374023019686254
182,6.0666666,approach,unknown_no_ground_truth,0.5754282076820865,-0.08238531081871364,0.14618963565260376,0.012300742937192802,2.0102120002752732,0.87332976,1.262106,-4.380933,0.1924487011767198,13.09263422209907,0.03510148161139088,0.18922047609413623,-0.01025820093462893,0.006788047612655403
183,6.1,approach,unknown_no_ground_truth,0.5752030524490196,-0.08248306830866056,0.1457951928178679,0.015465293490572627,1.9496741653852119,0.87332976,1.2719952,-4.3362503,0.19247630838113777,13.092732224677958,0.034699858296646104,0.18932260594610334,-0.012948259361811891,0.008456824596076168
184,6.133333,approach,unknown_no_ground_truth,0.574874253623071,-0.08260823143847434,0.14534913535456973,0.017654788541888837,1.819080482335096,0.87332976,1.3519324,-3.97507,0.19250191419452764,13.072001640185391,0.034238265088949026,0.18943264811604188,-0.0136962440709377,0.011140217987459369
185,6.1666665,approach,unknown_no_ground_truth,0.5745096242753225,-0.08281876196954618,0.14490538357806004,0.018847236116211943,1.7590999622348904,0.87332976,1.347462,-3.9952686,0.19260106869825874,13.041102360566985,0.033786776171314384,0.18961441247874825,-0.012902224151027293,0.013738665189052821
186,6.2,approach,unknown_no_ground_truth,0.5741331212839402,-0.08314697100775778,0.14448935179873096,0.021646875038580357,1.819080482335096,0.87332976,1.3643367,-3.9190238,0.19281175153507182,13.013451087470665,0.03337811757782775,0.18990069193392367,-0.012887681439228882,0.017392379539811934
187,6.233333,approach,unknown_no_ground_truth,0.5736537837710538,-0.08358101853716303,0.14402839553824068,0.025393433220637935,2.0102120002752732,0.87332976,1.3358394,-4.0477834,0.19309800597370397,13.006934982378993,0.03292759817345004,0.19026984309014505,-0.014493141794916183,0.020851265948221277
188,6.266667,approach,unknown_no_ground_truth,0.5730682038556212,-0.08402921072767419,0.1435128142270919,0.028112690389976096,2.0102120002752732,0.87332976,1.2720869,-4.335836,0.1933722088387786,12.97786982884875,0.03241188683390479,0.19063651471597554,-0.017080766093718322,0.022328698811492284
189,6.3,approach,unknown_no_ground_truth,0.5723840587728105,-0.08439178598404085,0.14291352401487994,0.03063078063842598,1.9455617815454045,0.87332976,1.3053265,-4.18565,0.19354218393064687,12.92841885923054,0.03178888924474345,0.19091370689719947,-0.02073553881999104,0.02254511371370782
190,6.3333335,approach,unknown_no_ground_truth,0.5716078877266217,-0.08460970856030864,0.142208794215408,0.03260652554953012,1.9455617815454045,0.87332976,1.3346347,-4.0532265,0.1935546587478669,12.857719547865422,0.03102951880967903,0.19105123628347184,-0.023826559183811602,0.022259393205397205
191,6.366667,approach,unknown_no_ground_truth,0.5707965820035446,-0.08468801890980193,0.1414583868821199,0.032491496487426254,1.9455617815454045,0.87332976,1.3515192,-3.976937,0.1934299767694562,12.811754600659098,0.030200453379683127,0.19105781462346408,-0.024862490148007763,0.020917789740616703
192,6.4,approach,unknown_no_ground_truth,0.570040076698937,-0.08467205862122949,0.1407154553743321,0.029243630254317136,1.9455617815454045,0.87332976,1.3226094,-4.10756,0.19323434573272086,12.770152996852143,0.0293720209418108,0.19098899642792647,-0.023581605502978758,0.017294443973516305
193,6.4333334,approach,unknown_no_ground_truth,0.5694575369482124,-0.08460336132540856,0.14004395105345113,0.02285362051669322,1.9455617815454045,0.87332976,1.2760955,-4.3177238,0.19303554387347732,12.767727097033426,0.028628347745476207,0.19090086145403656,-0.020245977788690278,0.01060133737322237
194,6.4666667,approach,unknown_no_ground_truth,0.5691672474732549,-0.08453811906954814,0.13947388174508438,0.016786846365444835,1.9455617815454045,0.87332976,1.2082634,-4.6242094,0.19291460370934962,12.767727097033426,0.028022290290621324,0.1908685295463963,-0.016594774294601693,0.0025321289477977385
195,6.5,approach,unknown_no_ground_truth,0.5691611966125734,-0.08451048619277822,0.13896878089086595,0.015252432150340306,1.9455617815454045,0.87332976,1.2771693,-4.312872,0.19290160308387166,12.767727097033426,0.027522030443898064,0.19092817055786376,-0.013995074050806938,0.006064205538499243
196,6.5333333,approach,unknown_no_ground_truth,0.5694298269993837,-0.08451398141718305,0.1384918387956786,0.017882317615836522,1.7855849239832469,0.87332976,1.2676831,-4.3557334,0.1929885674286809,12.795773377453788,0.02708928618436412,0.1910778839431611,-0.01295416431361365,0.012327485966309424
197,6.5666666,approach,unknown_no_ground_truth,0.5698468671315646,-0.08453998208982474,0.1379939907741417,0.0204461927528634,1.1904275204330512,0.87332976,1.2805588,-4.2975574,0.19313743886339943,12.921562246729762,0.02665842025835314,0.19128878409369007,-0.014428527211029515,0.014486697367164977
198,6.6,approach,unknown_no_ground_truth,0.5702400117038416,-0.08456726522804245,0.13739696709457738,0.021346277144723275,1.7516520599196355,0.87332976,1.1555301,-4.8624744,0.19328736495817275,12.97510605793145,0.02612738522647971,0.19151335513143983,-0.017300006411442564,0.012504932071122236
199,6.633333,approach,unknown_no_ground_truth,0.5704933892751418,-0.08458291262694778,0.1367269730924054,0.021531175096768183,1.7516520599196355,0.87332976,1.171575,-4.789979,0.19339552213895525,12.97510605793145,0.025505087524167202,0.191706333994951,-0.020106646859291692,0.007701574717122867
200,6.6666665,approach,unknown_no_ground_truth,0.5705273545593542,-0.08458093178684956,0.13599067753976846,0.02208064012628872,1.4461809285925726,0.8733371,1.2205926,-4.5685024,0.19343546906642584,12.97510605793145,0.02478694329564897,0.19184078850704941,-0.021844679889044805,0.0032194143771551234
201,6.7,approach,unknown_no_ground_truth,0.570383308452076,-0.0845667475801482,0.1352591424879353,0.02101300453679764,1.3192591003090892,0.8733371,1.2568482,-4.404689,0.19342019409389852,12.97510605793145,0.024048776827820584,0.1919193263233462,-0.02071689839265682,0.00351517860880659
202,6.733333,approach,unknown_no_ground_truth,0.57018730544844,-0.08454845160377725,0.13463209871925397,0.01696425223746585,1.1093862298606778,0.8733371,1.2272778,-4.538297,0.19338480829301008,12.94466133075666,0.02340581796547268,0.19196315209928028,-0.016549730272382383,0.0037272351532677966
203,6.766667,approach,unknown_no_ground_truth,0.5700282367115532,-0.08453337789883097,0.1341858704206999,0.011898065943082813,1.0343176139414771,0.8733371,1.2248765,-4.5491467,0.1933539809045751,12.917107795105698,0.022945443474106354,0.191987678134362,-0.011572933458629208,0.0027624598364659864
204,6.8,approach,unknown_no_ground_truth,0.5699257975989178,-0.0845226403353537,0.1338837003516684,0.007672331792073922,0.8550928365995731,0.8733371,1.240708,-4.4776154,0.1933346007044247,12.899140906338701,0.022634295895458796,0.19200509492942153,-0.007466039792612196,0.0017671799406963297
205,6.8333335,approach,unknown_no_ground_truth,0.5698610686788124,-0.08451753433132775,0.13370273054156662,0.0050202439480064144,0.5405215806505839,0.8733371,1.2331079,-4.5119543,0.1933236607743463,12.890902121335907,0.022447707930964615,0.19201598429255995,-0.004865508481664128,0.00123680091864029
206,6.866667,approach,unknown_no_ground_truth,0.5698115640880859,-0.08451444416661262,0.13356922302027296,0.0039690537174808275,0.5405215806505839,0.8733371,1.1562802,-4.859085,0.19331591813543114,12.88590667672687,0.0223099289520656,0.19202424658021316,-0.003843822856186073,0.0009891477455415433
207,6.9,approach,unknown_no_ground_truth,0.5697703265233229,-0.08451183565982398,0.13345423845540355,0.00394137036089939,0.49195910237584894,0.8733371,1.0958172,-5.1322746,0.1933097413349278,12.87781529691835,0.022191453301976798,0.19203175647616952,-0.003820397489066177,0.0009690012112030811
208,6.9333334,approach,unknown_no_ground_truth,0.5697222794563683,-0.08450847641374287,0.1333221718175534,0.004763331268171438,0.49195910237584894,0.8733371,1.0780118,-5.212725,0.19330221733918615,12.866545273338383,0.02205523601282902,0.19203987552762156,-0.004613261887285901,0.0011862291219048111
209,6.9666667,approach,unknown_no_ground_truth,0.5696615661920388,-0.08450513795864335,0.13315596409337305,0.005865529499671667,0.5405215806505839,0.8733371,1.0555177,-5.31436,0.19329368891826523,12.854960611420386,0.021883902783240546,0.19205089162668515,-0.005677419729639356,0.0014735472591743824
210,7.0,approach,unknown_no_ground_truth,0.5695879627986722,-0.08450127876713327,0.13295499942892475,0.006828229775692716,0.5565143382158065,0.8733371,1.0218014,-5.4667006,0.19328371491627708,12.84468363184817,0.021676741701082677,0.1920643468243422,-0.0066131243246476765,0.0017003848200950911
211,7.0333333,approach,unknown_no_ground_truth,0.5695063175635884,-0.08449672733075474,0.13272812330301118,0.007419291489459938,0.6378591374458455,0.8733371,0.975417,-5.6762786,0.19327291870888458,12.8313398190127,0.02144302822068475,0.19207971690675207,-0.007195271658872592,0.001809406521652201
212,7.0666666,approach,unknown_no_ground_truth,0.5694210690224581,-0.08449018659320287,0.13248951969923303,0.007783990848054902,0.6378591374458455,0.8733371,0.98920774,-5.6139684,0.19326035171400477,12.816106404869831,0.021197057350789635,0.19209437343214444,-0.007536059697056906,0.0019489273370233795
213,7.1,approach,unknown_no_ground_truth,0.5693266170141476,-0.08448351333036944,0.13224147785245532,0.007860485422336479,0.6378591374458455,0.8733371,1.050452,-5.3372483,0.19324628673540517,12.799102563677513,0.020940624688068336,0.19210834852940645,-0.007569106633585698,0.00212034333167374
214,7.133333,approach,unknown_no_ground_truth,0.5692287664868201,-0.0844774244248412,0.13200221457010344,0.0070700203497173555,0.6866054681310914,0.8733371,1.0325315,-5.4182186,0.19323169929169326,12.788757323617437,0.0206924506910323,0.19212056656057036,-0.0068952186774917665,0.0015624170809954087
215,7.1666665,approach,unknown_no_ground_truth,0.5691823502146229,-0.08447646753521384,0.13179282047558,0.00571803243824671,0.7413009623141006,0.8733371,1.0263798,-5.4460135,0.19323331836818483,12.788757323617437,0.02048094385206231,0.19214485750732166,-0.0056018006345575745,0.001147050397982573
216,7.2,approach,unknown_no_ground_truth,0.5692263004019787,-0.08448250593774591,0.13162105459490095,0.0057193277541936535,0.8271205340344845,0.8733371,1.0176384,-5.48551,0.19326208595553054,12.788757323617437,0.020318997647804194,0.19219097846275562,-0.00414166680129654,0.003944275100310309
217,7.233333,approach,unknown_no_ground_truth,0.5693991347704528,-0.08449701254158824,0.13147983000700925,0.007660046998933232,0.8704044010420661,0.8733371,1.0722497,-5.23876,0.1933296143292624,12.788757323617437,0.020204832977741068,0.19227091433974855,-0.0030263992142429666,0.007036847861215671
218,7.266667,approach,unknown_no_ground_truth,0.5696595415577196,-0.08451845796688334,0.13135315482859444,0.009111888455317364,0.8704044010420661,0.8733371,1.049312,-5.342399,0.19342529054842056,12.8452274739915,0.020117223261942416,0.19237629883114518,-0.0027310280414116735,0.008692985508970377
219,7.3,approach,unknown_no_ground_truth,0.5699444128090505,-0.08454248282251978,0.13121591615660375,0.009249844257092051,0.8704044010420661,0.8733371,1.0773257,-5.215825,0.19353084897170103,12.90640079045679,0.02002277697164201,0.19249228012066155,-0.0031298664633451823,0.008704226255221421
220,7.3333335,approach,unknown_no_ground_truth,0.5702019332910591,-0.08456122372993115,0.1310629021928964,0.008167717075043343,0.8704044010420661,0.8733371,1.0305244,-5.427287,0.19362588934258637,12.964389588087226,0.019908565683444672,0.1925996729907283,-0.004073471793484984,0.007079437107965351
221,7.366667,approach,unknown_no_ground_truth,0.5703713836931481,-0.08456924882540615,0.13087905575931597,0.006845417436302491,0.5586282739727244,0.8733371,1.0095178,-5.5222015,0.19369057049596494,12.964389078502066,0.019751212427128215,0.19268089346562317,-0.005472429991108685,0.004112450591757715
222,7.4,approach,unknown_no_ground_truth,0.5704201621687295,-0.08456275645751894,0.13066210430429137,0.006981302007456778,0.5586282739727244,0.8733371,1.036936,-5.3983173,0.1937128763387,12.964389056938053,0.01954373734210303,0.1927244685817433,-0.006863132311970156,0.001279059258873968
223,7.4333334,approach,unknown_no_ground_truth,0.5703839440416133,-0.08454624477876002,0.1304143746139682,0.007777751751331261,0.5285948205996509,0.8733371,1.0381142,-5.3929944,0.19370618938863826,12.964388467632743,0.019293670680252957,0.19274294300738729,-0.007751997379509841,0.0006324230652095609
224,7.4666667,approach,unknown_no_ground_truth,0.5703151534907427,-0.08450437653844337,0.13015769956733364,0.007847650571154526,0.5191140719214001,0.8733371,1.0159364,-5.4932003,0.19366770551834203,12.958786589219155,0.01902693797680343,0.19273078579190747,-0.007787918817531893,0.0009664057007668135
225,7.5,approach,unknown_no_ground_truth,0.5702736056310381,-0.08442466848909208,0.1299176271750557,0.007358457858431387,0.5191140719214001,0.8733371,1.0206897,-5.471723,0.19359884735345406,12.940129725857675,0.01877447655455012,0.1926863584343444,-0.0069998680547130095,0.0022690855583073453
226,7.5333333,approach,unknown_no_ground_truth,0.5702600551786713,-0.08428665634727234,0.12972156362066714,0.007407520603561559,0.5586282739727244,0.8733371,1.0926605,-5.146538,0.193477862904397,12.935021000208135,0.01856028052185918,0.19258556389564233,-0.005771511241138818,0.004643384486083104
227,7.5666666,approach,unknown_no_ground_truth,0.5702772277848192,-0.084065952427155,0.12957824251053224,0.008870481535613768,0.7190673948431834,0.8733371,1.1113709,-5.0619984,0.1932811592276056,12.9257168577887,0.01838970948095386,0.19240432712798627,-0.00442153416308894,0.007689959578456974
228,7.6,approach,unknown_no_ground_truth,0.5703308346264326,-0.08374622105648301,0.12949214604889447,0.010779332034426147,0.7260426796666001,0.8733371,1.0941993,-5.139585,0.19299406690948656,12.915647330024289,0.01826551184002569,0.192127772431487,-0.0030973987926627778,0.010324733402253877
229,7.633333,approach,unknown_no_ground_truth,0.5704064488933966,-0.08336999791785574,0.1294542825146563,0.011684571301514348,0.7260426796666001,0.8733371,1.1471392,-4.900387,0.19265455315844682,12.910807827764073,0.018183216411908332,0.19179454500480073,-0.0019957153062714816,0.011512876570018739
230,7.6666665,approach,unknown_no_ground_truth,0.5704916009096884,-0.08298526604366138,0.12944859075356727,0.011499229714547981,0.8615035992776231,0.8733371,1.1395122,-4.934848,0.19230689471106177,12.9004190690534,0.01813246427136603,0.1914501383986416,-0.0012021107120142264,0.011436223758916399
231,7.7,approach,unknown_no_ground_truth,0.5705832341945816,-0.08262407003543296,0.129460327795266,0.010500627726219229,0.8615035992776231,0.8733371,1.2201493,-4.5705056,0.1919823309395339,12.890996320517909,0.018103075769106913,0.19112690559069567,-0.0006306216174004997,0.010481674437813416
232,7.733333,approach,unknown_no_ground_truth,0.5706793449923449,-0.08231166294708639,0.12948128241682555,0.00889305224370891,0.8615035992776231,0.8733371,1.2407212,-4.4775553,0.19170528552209715,12.894488823902234,0.018090422867626896,0.19084981817538949,-0.0002191081041337667,0.008890352627879222
233,7.766667,approach,unknown_no_ground_truth,0.5707704606966024,-0.08206326204868829,0.12950426602349804,0.007086172904856665,0.7728298128937371,0.8733371,1.3713529,-3.8873224,0.19148846143977444,12.904125605941667,0.01808845519122966,0.19063220780698853,4.533083135130204e-05,0.0070860279108435455
234,7.8,approach,unknown_no_ground_truth,0.5708525094503263,-0.08187446959765998,0.1295266801700238,0.005539198087615075,0.6607502490163779,0.8733371,1.402932,-3.7446384,0.19132671876932286,12.906188261297924,0.018093458275063548,0.19046926282916124,0.00016498186689672348,0.00553674059690661
235,7.8333335,approach,unknown_no_ground_truth,0.5709199016301969,-0.08172812522923975,0.12954571600655468,0.004295200048924461,0.44332548156565654,0.87332976,1.3667538,-3.9081025,0.19120226800801313,12.905362647061978,0.018099453972566147,0.19034368142206098,3.806356770222146e-05,0.004295031388138446
236,7.866667,approach,unknown_no_ground_truth,0.5709610444066688,-0.08161092491847935,0.1295542234948178,0.002960986541500383,0.3104037102239161,0.87332976,1.3888445,-3.8082902,0.19109979862433055,12.903309624456892,0.018095995843985017,0.19024107855212072,-0.0001502636787605065,0.0029571713047761975
237,7.9,approach,unknown_no_ground_truth,0.5709796536768775,-0.0815402470613997,0.12955560657640838,0.0016229528753379922,0.30732276803853814,0.87332976,1.3326285,-4.062291,0.191036681014998,12.902624662535016,0.018089436402898697,0.19017829998149519,1.2367855532334889e-05,0.0016229057494868233
238,7.9333334,approach,unknown_no_ground_truth,0.5710011893233571,-0.08151099485262506,0.12956465934268158,0.0010232080165560875,0.30732276803853814,0.87332976,1.366404,-3.909683,0.19101353122060588,12.902460120707445,0.01809682036695327,0.19015434310572976,0.00038838227991604916,0.000946632901283203
239,7.9666667,approach,unknown_no_ground_truth,0.5710301273256505,-0.08150206698847895,0.12958105881175322,0.0010652289232908803,0.18446375066028775,0.87332976,1.377942,-3.857551,0.19101128045784316,12.903277336013806,0.018115328531846612,0.1901503198375645,0.0006291488302051755,0.0008595838577282077
240,8.0,approach,unknown_no_ground_truth,0.571062535415333,-0.08150610248026341,0.12960009774117184,0.0011272990013120978,0.13213253742179776,0.87332976,1.3506992,-3.980642,0.19102219787033534,12.908994709994468,0.018138763584966775,0.19015905272908315,0.0006962813484171526,0.0008865637722158765
241,8.033334,approach,unknown_no_ground_truth,0.5710945855185328,-0.08151101215514209,0.1296185800711823,0.001045211492438631,0.13213253742179776,0.87332976,1.3910589,-3.7982848,0.19103391220097082,12.917826627145107,0.01816173413356692,0.19016862786503416,0.0006290500141735338,0.0008347233934628088
242,8.066667,approach,unknown_no_ground_truth,0.571123098386612,-0.08151265206152733,0.1296339305245654,0.0013453340827039907,0.2553248666581903,0.87332976,1.426183,-3.6395838,0.19104180622302183,12.919563612680317,0.0181807003494176,0.19017474558878555,0.0008008743835409407,0.0010809828934228822
243,8.1,approach,unknown_no_ground_truth,0.5711729036006645,-0.0815157331576197,0.12966203346504027,0.002316129967331129,0.30732276803853814,0.87332976,1.4093764,-3.715521,0.1910557118742849,12.922052537406904,0.018215126128249003,0.1901854206292421,0.0014613670970105594,0.001796904069043261
244,8.133333,approach,unknown_no_ground_truth,0.571254415674912,-0.08152252099107832,0.12971455328382853,0.003253495561018974,0.47457464600630406,0.87332976,1.4443184,-3.5576427,0.19107965786658315,12.927367672497779,0.01827812393446299,0.19020343276567564,0.0021078023605894487,0.0024783870912881457
245,8.166667,approach,unknown_no_ground_truth,0.571354813678317,-0.0815300955630509,0.12977928571793929,0.003564592666626459,0.2553248666581903,0.87332976,1.4213443,-3.6614466,0.1911084573377773,12.940003643403946,0.01835564654488831,0.1902249003310139,0.002226673134238729,0.002783567429078485
246,8.2,approach,unknown_no_ground_truth,0.5714575315801462,-0.08153812803959457,0.12983691679500325,0.0030971382178797925,0.2553248666581903,0.87332976,1.4556298,-3.5065343,0.19113895096636996,12.966079909697262,0.01842656887963488,0.19024867972169596,0.001591779499257068,0.0026567843658070064
247,8.233334,approach,unknown_no_ground_truth,0.5715440740519095,-0.08154609999728968,0.12986025619418562,0.0023805691567724604,0.5926375087977289,0.87332976,1.3503838,-3.9820673,0.1911678536052029,12.980633257128268,0.018461764032511575,0.19027430599223885,0.0003717119636400448,0.002351369755326287
248,8.266666,approach,unknown_no_ground_truth,0.5716156081776858,-0.08155202131887912,0.12983937327077888,0.002645059004325936,0.7096809898134459,0.87332976,1.3534088,-3.9683993,0.19119432214251855,12.981307595636643,0.018451350980737868,0.1903019087306346,-0.0009241644346529678,0.0024783577695902323
249,8.3,approach,unknown_no_ground_truth,0.5716982337425685,-0.08155790738811783,0.12977545974409704,0.0039907200293496535,0.9883693676515686,0.87332976,1.340823,-4.0252657,0.1912271847020926,12.981880013946318,0.018400151939763985,0.19033988173181637,-0.001852494405549462,0.0035347009534132364
250,8.333333,approach,unknown_no_ground_truth,0.5718304936798069,-0.08156623087713177,0.12968315909252498,0.006750853670093809,0.9883693676515686,0.87332976,1.4059287,-3.7310987,0.19127803726052545,13.002925299542863,0.018327852097471075,0.1903979447781204,-0.001927188653013001,0.006469928065343308
251,8.366667,approach,unknown_no_ground_truth,0.5721057707108603,-0.08158684497346932,0.12958669950232846,0.010712900359475643,2.0457479084788024,0.87332976,1.4308233,-3.6186175,0.1913796786739346,13.047026841322973,0.018271673257696384,0.19050545232539262,-0.001194554172855359,0.010646091979696924
252,8.4,approach,unknown_no_ground_truth,0.572519861855308,-0.08161795562374652,0.12950382153590329,0.01396257320754858,2.9749143617817917,0.87332976,1.3327539,-4.061724,0.1915283520050549,13.11997004941188,0.01824821431471871,0.19065705414722084,-0.000845910718955888,0.01393692525744861
253,8.433333,approach,unknown_no_ground_truth,0.5730151431050128,-0.08165451878632767,0.12939981826187716,0.0152775940085285,2.9749143617817917,0.87332976,1.3686546,-3.8995142,0.19170703000576048,13.212545580196077,0.018215278970148296,0.19083969441829765,-0.0020479822099698434,0.01513970434179852
254,8.466666,approach,unknown_no_ground_truth,0.5734971135265244,-0.08168903749480036,0.12922582994082543,0.014743139403700542,2.9749143617817917,0.87332976,1.2965847,-4.2251472,0.1918870044343017,13.323460419313786,0.01811168434144485,0.19103033623245702,-0.004434441379140678,0.014060437017813938
255,8.5,approach,unknown_no_ground_truth,0.5738983785546312,-0.08171725502796043,0.12897320328587833,0.013330177147331361,2.9749143617817917,0.87332976,1.298371,-4.217077,0.19204625268609635,13.389613763550537,0.017919647274186993,0.19120839263050324,-0.007061324646356931,0.011306251236284618
256,8.533334,approach,unknown_no_ground_truth,0.5741727889183483,-0.0817350206411222,0.12865040058882327,0.012384103343069634,2.0083180081572594,0.87332976,1.2565131,-4.406203,0.1921670356470727,13.434509897015932,0.017640923049749506,0.19135560463006074,-0.009601873366767,0.007821128017134039
257,8.566667,approach,unknown_no_ground_truth,0.5743169568251558,-0.0817420272742476,0.12826200394661297,0.012517153337927472,0.5870955864531292,0.87332976,1.2965567,-4.225274,0.19224759071753597,13.445620292619477,0.017279525381057054,0.1914694600694916,-0.01159860008694163,0.0047065490232639125
258,8.6,approach,unknown_no_ground_truth,0.5743581160656653,-0.08174166865049295,0.12783679096429404,0.013133185290211995,0.5870955864531292,0.87332976,1.3028191,-4.1969786,0.1922963672807841,13.445620292619477,0.016867682315942902,0.1915551465314222,-0.012813607410352909,0.002879586949614441
259,8.633333,approach,unknown_no_ground_truth,0.5743510708171445,-0.0817387868115245,0.12738713060063353,0.013716714624387658,0.5870955864531292,0.87332976,1.2942597,-4.235653,0.1923324034775955,13.445620292619477,0.01642528659795033,0.19162975600789087,-0.013534770933234845,0.002226709651425481
260,8.666667,approach,unknown_no_ground_truth,0.5743174398303809,-0.08173466286513795,0.12692327572581846,0.013923308421370656,0.5870955864531292,0.87332976,1.3357415,-4.0482254,0.19236219116810765,13.445620292619477,0.015965364590726856,0.19169851257764303,-0.013750270222943764,0.0021882838464507017
261,8.7,approach,unknown_no_ground_truth,0.5742894751780007,-0.08173686023530012,0.1264609588547167,0.013612782564100954,0.3982824176672272,0.87332976,1.315401,-4.14013,0.19240057305779093,13.426540777661902,0.015508602722264599,0.19177451278668214,-0.013393556964338147,0.0024332038509997695
262,8.733334,approach,unknown_no_ground_truth,0.5742798684619381,-0.08174360141151527,0.12601658039386726,0.012293892382276841,0.3982824176672272,0.87332976,1.3449372,-4.0066767,0.1924477586800879,13.402318474960877,0.01507246221263377,0.19185661495981335,-0.0120013808518164,0.0026658296188352385
263,8.766666,approach,unknown_no_ground_truth,0.574304982601532,-0.08174800638973509,0.12564158738484818,0.009837352001321985,0.3982824176672272,0.87332976,1.406423,-3.7288654,0.19249642818403434,13.386476465283375,0.014708509385143858,0.19193367243732465,-0.009401000286154397,0.0028973588002935728
264,8.8,approach,unknown_no_ground_truth,0.574369409265338,-0.08173656351036944,0.12536693972719393,0.007064994005790627,0.40846147567004254,0.87332976,1.3836697,-3.8316715,0.19253140910818353,13.38334833120646,0.014445732330675188,0.19198870881021418,-0.006192494594398416,0.003401051455095012
265,8.833333,approach,unknown_no_ground_truth,0.5744761706094369,-0.08169883888931113,0.1252055601277246,0.004997997451734956,0.40846147567004254,0.87332976,1.4044491,-3.737784,0.19254188012498738,13.382480274639683,0.014295673602876717,0.1920104406492132,-0.002902408441521947,0.004068906949800064
266,8.866667,approach,unknown_no_ground_truth,0.5746037915779212,-0.08163191633604963,0.1251544899490166,0.004243611552916515,0.39697554666100965,0.87332976,1.4275837,-3.633255,0.19251913060005277,13.380690199732088,0.014252241647853936,0.19199085721724188,-0.00041551739214785207,0.004223219661451338
267,8.9,approach,unknown_no_ground_truth,0.5747129736580937,-0.08154852189374936,0.1251686026772445,0.003825072470363435,0.2628167011118426,0.87332976,1.4085847,-3.719098,0.192468848576658,13.378247151454984,0.014267970799065593,0.19193926821185267,0.0005843550958831911,0.0037801730814140742
268,8.933333,approach,unknown_no_ground_truth,0.5747908357733169,-0.0814633291570427,0.12519473744772136,0.003170715897271545,0.25910449855261675,0.87332976,1.4282268,-3.6303492,0.19240685278067685,13.379430922341765,0.014291198809777356,0.19187537266034035,0.0004970601307820103,0.003131512498393942
269,8.966666,approach,unknown_no_ground_truth,0.5748339934768432,-0.08138060002942119,0.1252114817868757,0.0027716176716221677,0.2628167011118426,0.87332976,1.3897005,-3.8044224,0.1923384160109734,13.377084822981882,0.014301108512417858,0.191806007645554,-0.0001550585390898087,0.0027672768865987405
270,9.0,approach,unknown_no_ground_truth,0.5748523748447925,-0.08128925578350812,0.1252020135238417,0.003009885522551602,0.40846147567004254,0.87332976,1.3708194,-3.8897328,0.19225748093130596,13.375365623619706,0.014280860699019873,0.19172635706064695,-0.001004549033496269,0.002837303666893525
271,9.033334,approach,unknown_no_ground_truth,0.5748533354614427,-0.08118528802639643,0.125169717715289,0.0037357701601468873,0.44999635770122837,0.8733371,1.3237692,-4.1023197,0.1921619498692807,13.372475377230591,0.014234137678436426,0.19163403743102442,-0.0017818598941010916,0.0032834363108240655
272,9.066667,approach,unknown_no_ground_truth,0.5748466062700972,-0.0810554387884323,0.125116442900623,0.004821337287953196,0.46485656324969354,0.8733371,1.3346548,-4.0531354,0.1920417548017674,13.365394700325165,0.014162070899647527,0.1915188537329302,-0.002376066268473381,0.004195187997221444
273,9.1,approach,unknown_no_ground_truth,0.5748461018612194,-0.08088560140823334,0.12505374971136518,0.006132276085529187,0.5198978582787742,0.8733371,1.3353181,-4.0501385,0.19188620898943107,13.357506987290678,0.014075732981454769,0.19136925286307205,-0.002833586618817054,0.005438345048157032
274,9.133333,approach,unknown_no_ground_truth,0.5748495048702547,-0.08066977835862495,0.1249808379723083,0.007405677420078977,0.5636850812814498,0.8733371,1.3112304,-4.1589737,0.19168905145404638,13.349148077280324,0.013973165791377152,0.19117908642191675,-0.003359000587968907,0.0066000888706359215
275,9.166667,approach,unknown_no_ground_truth,0.5748525280302363,-0.0804184618866729,0.12489408956527188,0.008108142588168487,0.6653858508842869,0.8733371,1.3368107,-4.0433946,0.19145948340295435,13.337125572042149,0.013851799262800429,0.19095774779282776,-0.0037950426540978173,0.007165167652166261
276,9.2,approach,unknown_no_ground_truth,0.5748530834651798,-0.08016107488434743,0.12479809857624738,0.00783011233076248,0.6653858508842869,0.8733371,1.326328,-4.0907583,0.1912245018063732,13.324106221990744,0.013720163504674261,0.19073166282633996,-0.003942736858741604,0.006765019229468534
277,9.233334,approach,unknown_no_ground_truth,0.5748481254079167,-0.07993442661217849,0.1246986900501457,0.006697139307433178,0.6653858508842869,0.8733371,1.2956722,-4.2292705,0.19101770488789746,13.31089213881149,0.013588950379845147,0.19053373456743555,-0.003725176129848634,0.0055654952793774345
278,9.266666,approach,unknown_no_ground_truth,0.5748389892215438,-0.07975793845082232,0.12460672463038619,0.004969978540064956,0.6653858508842869,0.8733371,1.2820642,-4.2907553,0.19085679757274518,13.300070000982913,0.013471818285119272,0.19038074296476667,-0.0031741074774892797,0.003824359869318372
279,9.3,approach,unknown_no_ground_truth,0.5748253416858156,-0.07965132816819372,0.12452805725911004,0.0031540882125703153,0.28490557755157203,0.8733371,1.232457,-4.5148954,0.19075980276246002,13.294436305674077,0.013377344042952046,0.1902901705720218,-0.0025256902181355597,0.0018892224259439
280,9.333333,approach,unknown_no_ground_truth,0.5748071321526669,-0.07960940338134198,0.12446133704172632,0.0019715131153016543,0.22347005186810712,0.8733371,1.3270602,-4.08745,0.19072187108825311,13.290068416332732,0.013303438531114018,0.19025732741382947,-0.0019183316691562646,0.0004548269681082831
281,9.366667,approach,unknown_no_ground_truth,0.5747875746660072,-0.07961191528798003,0.12440849551288184,0.001583686380464584,0.14725117068357413,0.8733371,1.2870399,-4.268274,0.190724403640873,13.286749139043359,0.013249455935211738,0.1902636330505321,-0.001444340824486217,0.0006495707308611511
282,9.4,approach,unknown_no_ground_truth,0.5747693827136016,-0.07963040936522015,0.12436500075334443,0.001441691097019138,0.14714743800633193,0.8733371,1.3013092,-4.2038007,0.1907415504484263,13.283342410538424,0.013207148922356481,0.19028376253588286,-0.0012786294351136505,0.0006660180079286093
283,9.433333,approach,unknown_no_ground_truth,0.5747529800400115,-0.07963699228442267,0.12432240266663232,0.0013300003794866056,0.14714743800633193,0.8733371,1.3216395,-4.1119423,0.1907477756581721,13.280852003504185,0.013164214014450334,0.1902929777682879,-0.0012790832977935052,0.00036448172346526073
284,9.466666,approach,unknown_no_ground_truth,0.5747386240402759,-0.07963206870857754,0.1242818567428634,0.0012616668482285098,0.12635432816697287,0.8733371,1.2659538,-4.3635473,0.19074341091174854,13.279099145720014,0.013121876788470405,0.19029152675775227,-0.0012303595565685361,0.000279318093719932
285,9.5,approach,unknown_no_ground_truth,0.5747245951941744,-0.07963016811317485,0.12424352052245943,0.0011217684745455302,0.1104538767770165,0.8733371,1.2409477,-4.476532,0.19074178724518057,13.276290421037872,0.013082190176330787,0.19029263175876263,-0.0010891418264072595,0.0002685788384338301
286,9.533334,approach,unknown_no_ground_truth,0.5747129831613677,-0.0796288222711069,0.12421167920239297,0.0009152494412421919,0.08113990098462284,0.8733371,1.2441941,-4.4618635,0.19074067838876585,13.27264957618025,0.013049266359306306,0.1902937808749684,-0.0008869465641391426,0.00022584802867396103
287,9.566667,approach,unknown_no_ground_truth,0.5747034988547939,-0.07962819145214958,0.12418630095423816,0.0006783798562788627,0.06229776244133717,0.8733371,1.2290965,-4.5300794,0.19074015458859578,13.27120459955871,0.013023060291315235,0.19029505109994369,-0.0006589908741063968,0.00016102874665542677
288,9.6,approach,unknown_no_ground_truth,0.5746977104618587,-0.0796271481753346,0.12416914394837403,0.00037720590771364007,0.02520343931793013,0.8733371,1.3075417,-4.1756406,0.19073939240234214,13.270738259753141,0.01300533389713858,0.19029549943243165,-0.00036950632090097487,7.582463734365586e-05
289,9.633333,approach,unknown_no_ground_truth,0.5746956155485394,-0.07962639191891628,0.12416248912912861,0.00011280070449954216,0.019062591474687533,0.8733371,1.3142886,-4.145156,0.1907388050673941,13.270603238948818,0.012998426272282013,0.19029538268960028,-0.00011000605523699112,2.4953291301731956e-05
290,9.666667,approach,unknown_no_ground_truth,0.5746955875435482,-0.07962725172193778,0.12416193068432194,5.2281340360465895e-05,0.015696387790255777,0.8733371,1.3238176,-4.1021013,0.19073967718862672,13.270221999499364,0.01299800033083163,0.19029628593701253,-4.145963778283941e-05,3.1850227390124486e-05
291,9.7,approach,unknown_no_ground_truth,0.5746945314474037,-0.07962797316679798,0.12415957845942825,7.940429185424288e-05,0.014891765348225004,0.8733371,1.3464814,-3.999699,0.19074032169443342,13.270180302016847,0.012995662375496209,0.19029709162128058,-7.582676059954961e-05,2.356573660746413e-05
292,9.733334,approach,unknown_no_ground_truth,0.5746934786928903,-0.0796270892998512,0.12415707793663748,0.00010665032556437323,0.014891765348225004,0.8733371,1.2898698,-4.2554874,0.19073945441134613,13.269873517158794,0.012992945185702176,0.19029640786031493,-0.0001014484110112417,3.290154777941266e-05
293,9.766666,approach,unknown_no_ground_truth,0.5746915675636797,-0.07962643742280012,0.12415330087500082,9.101939898046662e-05,0.014891765348225004,0.873315,1.3499938,-3.9838293,0.19073870396007547,13.269580909567013,0.012988899214288915,0.19029593186815727,-8.819610859616936e-05,2.249394183459341e-05
294,9.8,approach,unknown_no_ground_truth,0.5746912738358967,-0.07962592148447682,0.12415154671110276,4.196626388683918e-05,0.014891765348225004,0.873315,1.3610612,-3.9338233,0.19073832120579923,13.269580909567013,0.012987065492302968,0.19029567337778672,-4.119092300340097e-05,8.02964300250737e-06
295,9.833333,approach,unknown_no_ground_truth,0.5746914276616355,-0.07962554794610599,0.12415065197061752,3.7753406558705114e-05,0.015696387790255777,0.873315,1.3477477,-3.993978,0.19073810716418527,13.269580909567013,0.012986153150739529,0.1902955211005287,-6.630317125045312e-06,3.716663290652261e-05
296,9.866667,approach,unknown_no_ground_truth,0.5746934688805561,-0.07962483345966576,0.12415096990073088,0.0001250314293625966,0.015869923446140684,0.873315,1.3670788,-3.9066343,0.1907379720365819,13.269585072036906,0.012986623489415492,0.1902953535611736,7.92102654360147e-05,9.673981692152454e-05
297,9.9,approach,unknown_no_ground_truth,0.5746982777711596,-0.07962452261681326,0.12415528907561886,0.00018231926039648808,0.015869923446140684,0.8504018,1.415929,-3.6859145,0.19073856989343943,13.269868942677418,0.012991433727626634,0.19029562447595888,0.00012765027993795111,0.00013017572255718472
298,9.933333,approach,unknown_no_ground_truth,0.5747030070073438,-0.07962424949849435,0.12415848093957782,9.651594637137026e-05,0.016171917555553306,0.8504018,1.4056897,-3.7321784,0.19073930470071454,13.269868942677418,0.012995133446463393,0.1902961083796004,-7.374586437000514e-05,6.226455968110612e-05
299,9.966666,approach,unknown_no_ground_truth,0.574701705930029,-0.07962305448881962,0.12415004583480407,0.00045197179215411136,0.016171917555553306,0.8504018,1.4248934,-3.6454108,0.19073872051588212,13.269868942677418,0.012986517715431824,0.19029611099983773,-0.00044726225305099647,6.507670780506391e-05
300,10.0,approach,unknown_no_ground_truth,0.5746949301248472,-0.0796207144285754,0.12412966784880883,0.0007180036021433854,0.03110996783333928,0.8504018,1.458031,-3.4956849,0.19073679904081906,13.269868942677418,0.012965315609537918,0.1902956307945163,-0.00070512892150961,0.00013536017413394295
301,10.033334,approach,unknown_no_ground_truth,0.5746899020463334,-0.07962314289159456,0.12410365658219664,0.0008607980532288298,0.046878294089666005,0.8504018,1.4424995,-3.565861,0.19074053697193621,13.267583945291953,0.01293950849003489,0.19030113390197884,-0.0008280028379221651,0.00023533930575954409
302,10.066667,approach,unknown_no_ground_truth,0.574689421132317,-0.07962806743165744,0.12407302178924598,0.0010577692771399194,0.04948746286514939,0.8504018,1.3522632,-3.9735754,0.19074845658637532,13.263851141140487,0.01291011559729699,0.19031106800538095,-0.001006623181512639,0.0003249394006618468
303,10.1,approach,unknown_no_ground_truth,0.5746902016354519,-0.07963266652841003,0.12403378513962245,0.0013039189036715098,0.12539037770210518,0.8504018,1.423287,-3.6526687,0.19075737680271565,13.263180712135908,0.012872400082103313,0.19032256335174638,-0.00124422696405291,0.00039000483237466545
304,10.133333,approach,unknown_no_ground_truth,0.574689939506479,-0.07963891941258773,0.12398677577768782,0.001474945165054299,0.1471445102211712,0.8504018,1.3854268,-3.8237326,0.19076844141947008,13.262670771764416,0.012827167448913017,0.19033670696124627,-0.0014119036927359302,0.0004266042690312623
305,10.166667,approach,unknown_no_ground_truth,0.5746876892110402,-0.07964520107835235,0.12393629000037322,0.001687496934919275,0.17123020977452483,0.8504018,1.3933393,-3.7879815,0.19077936424640646,13.259925264064707,0.012778273132549634,0.19035094314978585,-0.001627294614427679,0.0004467193114435728
306,10.2,approach,unknown_no_ground_truth,0.5746847232796592,-0.07965106099985711,0.12387505523008034,0.0020611265464408096,0.1471445102211712,0.8504018,1.4170872,-3.6806812,0.19079088752319107,13.25561637890009,0.012718681572499644,0.19036648313435933,-0.0020171662529871104,0.0004234181718501923
307,10.233334,approach,unknown_no_ground_truth,0.5746810862472339,-0.07965117575284947,0.12379917011117307,0.0023424928904834945,0.1471445102211712,0.8504018,1.41122,-3.7071912,0.19079839901213813,13.251516753519489,0.012643795051308325,0.19037899966197847,-0.00231812904141271,0.0003369728317308517
308,10.266666,approach,unknown_no_ground_truth,0.5746822480544641,-0.0796420393103473,0.12371916979038516,0.0022023903184013255,0.1471445102211712,0.8504018,1.3682102,-3.9015222,0.19079895416663073,13.248146789224773,0.012564139941908508,0.19038482948649085,-0.0021354229559285873,0.0005389730177672245
309,10.3,approach,unknown_no_ground_truth,0.5746980166009377,-0.07963490773984194,0.12365423411286455,0.0018996734695772173,0.17123020977452483,0.8504018,1.4236329,-3.651106,0.19080391327790786,13.24531420106477,0.012501434119920144,0.19039392707517927,-0.0015868872941294087,0.0010442930655453892
310,10.333333,approach,unknown_no_ground_truth,0.5747174158399735,-0.07967439987366612,0.12360188844924114,0.002485692847800626,0.17123020977452483,0.8504018,1.4235562,-3.6514525,0.19085290506352642,13.243367019077287,0.012458347016904483,0.19044584784340618,-0.001094727521115506,0.0022316452648482206
311,10.366667,approach,unknown_no_ground_truth,0.5747297327752956,-0.07976480638805793,0.12355634924211122,0.003926776780028487,0.17123020977452483,0.8504018,1.4290736,-3.6265233,0.19094760719397078,13.24233710863173,0.012428452710557727,0.1905427045476273,-0.0010963995433363187,0.0037706078981435878
312,10.4,approach,unknown_no_ground_truth,0.5747161358211035,-0.07991208583417396,0.12349218807523234,0.006183579099679104,0.447586057594499,0.8504018,1.40819,-3.7208815,0.19109121161092876,13.245242125646246,0.012385254186026585,0.19068942454598858,-0.00197069559769255,0.005861144030240465
313,10.433333,approach,unknown_no_ground_truth,0.5746600180881908,-0.08012953528244798,0.12337730957825507,0.009217280319280284,0.8368994596123718,0.8504018,1.3525566,-3.97225,0.1912953550603606,13.246960047617758,0.012297071820678282,0.19089969851287486,-0.003663815907027925,0.00845781942841066
314,10.466666,approach,unknown_no_ground_truth,0.5745581523774052,-0.08042211403297253,0.12318804981740683,0.012654053372512793,0.9467689260203687,0.8504018,1.3852887,-3.8243563,0.19156672289996676,13.241058719244199,0.012141001989091675,0.19118160317701471,-0.006148178631851324,0.01106006176588762
315,10.5,approach,unknown_no_ground_truth,0.5744045275268376,-0.08077433149343466,0.12289706608790923,0.016047069755852243,1.2916207649742657,0.8504018,1.3505523,-3.9813058,0.19189237259568362,13.227312211879562,0.01188719081807477,0.1915238297310686,-0.009265150791454832,0.013102115423121246
316,10.533334,approach,unknown_no_ground_truth,0.5742023705524075,-0.08115613233025659,0.12249584382973952,0.01908548550372085,1.6947277709863806,0.8504018,1.3358643,-4.0476704,0.19224620038036805,13.20951549104946,0.011523316983405437,0.19190053341871818,-0.012653795273231737,0.01428765978373914
317,10.566667,approach,unknown_no_ground_truth,0.5739595578345424,-0.08153805889556925,0.12198184654874761,0.021124394401803713,1.8557438923213747,0.8504018,1.3432713,-4.0142035,0.1926034804783054,13.189271091868994,0.011043608606654372,0.19228660744134002,-0.01536045530850565,0.014501601689411992
318,10.6,approach,unknown_no_ground_truth,0.573697907162992,-0.08189490704433192,0.1214081779056097,0.021146364479852332,1.8557438923213747,0.8504018,1.370971,-3.8890483,0.19294072447185123,13.16059265818317,0.010499285735939251,0.19265484203299413,-0.016612472553535675,0.013084131089712616
319,10.633333,approach,unknown_no_ground_truth,0.5734500532677029,-0.08216479497240173,0.12082641473233602,0.019213030449891255,1.8557438923213747,0.8504018,1.4811212,-3.3913567,0.19320197545014386,13.12604738803429,0.009936112053401298,0.19294630598977594,-0.016349405022962164,0.010091456508531764
320,10.666667,approach,unknown_no_ground_truth,0.5732423653919212,-0.08232837295304592,0.12029229088645582,0.015846862813956072,1.8557438923213747,0.8504018,1.4580886,-3.4954247,0.19336879876787558,13.09118956924231,0.009409327460233947,0.19313973411413113,-0.014388778967381591,0.006639736506231328
321,10.7,approach,unknown_no_ground_truth,0.5730951575396068,-0.0824013099712457,0.11985986516882083,0.011402344773461795,1.0978855448266704,0.8504018,1.5009315,-3.3018477,0.19345406327967216,13.070392721397297,0.008976858360021614,0.1932456742423993,-0.01086982333350253,0.0034438941666862276
322,10.733334,approach,unknown_no_ground_truth,0.5730197531012824,-0.08241201082492527,0.11957029509034947,0.006706481190425648,0.763873845309715,0.8504018,1.4973843,-3.3178751,0.19348168517771253,13.056841077657502,0.00868467725477974,0.19328667538189948,-0.006629202670739904,0.001015165950861203
323,10.766666,approach,unknown_no_ground_truth,0.5730108301338319,-0.08239844777275693,0.11942079636030503,0.0028330529365853674,0.3584329650390067,0.8504018,1.4850249,-3.3737185,0.1934860744118775,13.056841077657502,0.008534907883625504,0.19329774012837458,-0.002686220412343563,0.0009002271034598735
324,10.8,approach,unknown_no_ground_truth,0.5730560520891289,-0.08238922585718716,0.11938635486100196,0.0018549854387277694,0.3584329650390067,0.8504018,1.4980943,-3.314667,0.19349413226003478,13.056841077657502,0.008505599489895155,0.19330709763581191,0.00017202029705949378,0.0018469921481402184
325,10.833333,approach,unknown_no_ground_truth,0.5731343882395394,-0.08239529690056133,0.11941674172701416,0.0031691684005739976,0.3584329650390067,0.8412646,1.5059149,-3.2793312,0.1935171941835401,13.056841077657502,0.008546373908665916,0.19332838368352234,0.002005540558520037,0.0024538613284633437
326,10.866667,approach,unknown_no_ground_truth,0.5732354786390675,-0.08240764559959246,0.11949638038093746,0.004039201605508663,0.32598174821258746,0.8412646,1.5332175,-3.1559699,0.19354596637530172,13.064250305985867,0.008639303537197943,0.19335305411226789,0.0029223558796333355,0.0027883661385686483
327,10.9,approach,unknown_no_ground_truth,0.5733438063802387,-0.08242100143708984,0.11958405825788478,0.004119474485647098,0.32598174821258746,0.8412646,1.5536907,-3.063466,0.19357669930733967,13.07321409972125,0.008741197212984057,0.19337923876675053,0.0029823605774659864,0.0028417592128599086
328,10.933333,approach,unknown_no_ground_truth,0.5734489383462801,-0.08243442928741052,0.11966708440069683,0.003646602380866161,0.32598174821258746,0.8412646,1.5226328,-3.2037947,0.19360733248502773,13.08213971681105,0.008838127222789632,0.1934054981099603,0.00260442955150212,0.0025523823450653354
329,10.966666,approach,unknown_no_ground_truth,0.5735348897761332,-0.0824447390225091,0.1197324660392141,0.0027503609944308917,0.32598174821258746,0.8412646,1.5180902,-3.2243195,0.19363213248472239,13.089503454803964,0.00891482628426887,0.19342680425138187,0.0019172247813251135,0.0019719875094837075
330,11.0,approach,unknown_no_ground_truth,0.5735957560767618,-0.0824516663064791,0.11977555991859007,0.002017334226253238,0.22476727962765033,0.8412646,1.5431824,-3.1109457,0.1936497918452581,13.094361211463763,0.008965941333054245,0.19344211996802566,0.001365839348336803,0.0014846279853713007
331,11.033334,approach,unknown_no_ground_truth,0.5736447311983315,-0.08245863501221906,0.11980881737173553,0.0019488584412163214,0.22476727962765033,0.8412646,1.5249625,-3.1932683,0.1936655345402669,13.098069284843007,0.009005883462358394,0.19345602428415024,0.00131828914559934,0.0014353267755096999
332,11.066667,approach,unknown_no_ground_truth,0.5737018733792142,-0.08246672010798692,0.1198489943995108,0.002678118588321473,0.22476727962765033,0.8412646,1.5110875,-3.2559597,0.19368370180465994,13.09974062928092,0.00905382698466731,0.1934719735819329,0.0018570889094891585,0.0019296476246624323
333,11.1,approach,unknown_no_ground_truth,0.5737881994244485,-0.08247746312329635,0.11991341015799573,0.003919057156736982,0.22476727962765033,0.8412646,1.5534554,-3.0645294,0.19370930853241716,13.104873794862657,0.009129690049056883,0.19349404376289037,0.002776911221277639,0.0027654607332077037
334,11.133333,approach,unknown_no_ground_truth,0.5739085123599581,-0.08249278474487402,0.1200067361440748,0.005068433366756954,0.4368945618086913,0.8412646,1.5727711,-2.9772553,0.19374496564581545,13.116048803598634,0.009238953288604353,0.19352455517383113,0.003630198067031571,0.003537043792120119
335,11.166667,approach,unknown_no_ground_truth,0.5740531775566706,-0.08251075028014301,0.12012041818338223,0.0056688189425297695,0.4368945618086913,0.8412646,1.5654614,-3.0102825,0.1937873672560109,13.129880219341375,0.009371703673362576,0.19356062326381035,0.004080143542227443,0.00393547162078499
336,11.2,approach,unknown_no_ground_truth,0.5742037003321903,-0.08252892478758775,0.12023993569727819,0.005338741277161414,0.4368945618086913,0.8412646,1.541248,-3.1196861,0.19383101161341074,13.143915743184614,0.009510962433819346,0.1935975275065791,0.00385283536758682,0.0036956485296547378
337,11.233334,approach,unknown_no_ground_truth,0.574330562206701,-0.08254424900591642,0.120340897104652,0.0041071357006168055,0.49590582507514375,0.8412646,1.5163171,-3.232331,0.19386791394912248,13.153732029343518,0.009628558478441924,0.19362866244596016,0.0029525129693223195,0.002855036046929111
338,11.266666,approach,unknown_no_ground_truth,0.5744177865886428,-0.08255476945042775,0.12040866987530151,0.002582249077059786,0.6124637170637551,0.8412646,1.5532008,-3.0656793,0.19389355539779923,13.160041366831486,0.009707797562833357,0.1936503795278452,0.0018282835055547777,0.0018235651124356514
339,11.3,approach,unknown_no_ground_truth,0.5744667983284819,-0.08256128140573946,0.12044474628284388,0.0012750031085389123,0.6160002890359274,0.8412646,1.5746267,-2.968871,0.1939088158988546,13.163099271732241,0.009750442860901664,0.19366351682057253,0.0008630485617615375,0.0009384988581906911
340,11.333333,approach,unknown_no_ground_truth,0.5744871924713728,-0.08256437588031393,0.12045679214491312,0.0004408567637351444,1.5311536957443215,0.8412646,1.566164,-3.007108,0.19391591363680794,13.163683753243058,0.009765334894159983,0.19366987322762116,0.00023286717828224768,0.0003743361636415707
341,11.366667,approach,unknown_no_ground_truth,0.5744933844392961,-0.0825658763933512,0.12045640080407273,0.0001395711916144733,2.574865804295006,0.8412646,1.5532414,-3.0654962,0.1939191165571577,13.163683753243058,0.009765966895277478,0.1936730483492963,-7.50644585680924e-05,0.00011766666727906914
342,11.4,approach,unknown_no_ground_truth,0.5744931015655836,-0.08256770207711087,0.12045042050044905,0.000239653684754947,2.574865804295006,0.8412646,1.5477546,-3.090287,0.19392153424324174,13.163683753243058,0.00976033080241474,0.19367575322140926,-0.00022643381360011,7.84959659800053e-05
343,11.433333,approach,unknown_no_ground_truth,0.5744898035115418,-0.08256861689097597,0.12044107331021711,0.0003256135644071116,2.574865804295006,0.8412646,1.5302376,-3.1694343,0.19392267223684181,13.16366372170446,0.009750871191320652,0.19367736914386216,-0.0003120834357619267,9.288768728381396e-05
344,11.466666,approach,unknown_no_ground_truth,0.5744859322002829,-0.08256892946200883,0.12042996792464061,0.00039021851902377834,2.574865804295006,0.8412646,1.5304794,-3.1683414,0.1939233009057854,13.16366372170446,0.009739525335225301,0.19367856949192988,-0.00037391888265212505,0.00011160269613811862
345,11.5,approach,unknown_no_ground_truth,0.5744811151619145,-0.08257001269902604,0.12041659217245093,0.00021318255603970193,1.9505871280851947,0.8412646,1.502523,-3.2946572,0.1939246889183355,13.16366372170446,0.009725943204217373,0.1936806417814169,-0.00014860970035967096,0.00015284619445255897
346,11.533334,approach,unknown_no_ground_truth,0.5744947582319889,-0.08256757240734386,0.12041891121744949,0.000886679789302467,1.2724421999518878,0.62646294,1.5059035,-3.279383,0.19392587125045876,13.16366372170446,0.009729617888959423,0.19368164104009533,0.000472529415296813,0.0007502779487874607
347,11.566667,approach,unknown_no_ground_truth,0.5745339843077688,-0.08256489741316435,0.12044253066390898,0.001717005332763871,0.8010146586427735,0.62646294,1.4654485,-3.4621706,0.19393125747942588,13.163951263126863,0.009757444465588995,0.19368563422477242,0.001126425234875007,0.0012958678570658183
348,11.6,approach,unknown_no_ground_truth,0.5745899570109863,-0.08257202101098873,0.1204823163892519,0.0022286425549116933,0.5235330970388178,0.62646294,1.4579523,-3.4960408,0.19394860555407917,13.168162635674111,0.009804713367862698,0.19370061742840633,0.0015753916857280386,0.0015763846846827366
349,11.633333,approach,unknown_no_ground_truth,0.5746492067098825,-0.08260096818615074,0.12052911847449949,0.0024436668231799068,0.5116921863997594,0.62646294,1.3231598,-4.1050735,0.19398677773700077,13.17770444989182,0.009862470199141264,0.19373590688965117,0.001734791520009733,0.001721047914734653
350,11.666667,approach,unknown_no_ground_truth,0.5747013218529646,-0.08264721220654418,0.12057442579714844,0.0023481296463251505,0.25630593620504644,0.62646294,1.4113607,-3.7065551,0.19403963419383718,13.184310231404028,0.009920366008145727,0.1937858766173185,0.0015521951233587706,0.0017619316487799202
351,11.7,approach,unknown_no_ground_truth,0.5747358639130011,-0.08270493063011913,0.1206077808539045,0.002536742435348247,0.25630593620504644,0.62646294,1.4243563,-3.6478372,0.19410002447612906,13.187172665214948,0.009965950148990252,0.1938440077465944,0.0011528801433322543,0.002259630403054171
352,11.733334,grasp_lift,unknown_no_ground_truth,0.5747429310065909,-0.08280342642858654,0.12062408723735077,0.0034901715573375366,0.25630593620504644,0.30852252,1.3759038,-3.86676,0.19419370230544072,13.1901142524121,0.009997224180244995,0.19393619962189643,0.0007019010274539605,0.0034188642042799833
353,11.766666,grasp_lift,unknown_no_ground_truth,0.5747232583739901,-0.08293678917386108,0.12062265529253471,0.004495859159758898,0.25630593620504644,0.30852252,1.3565742,-3.9540973,0.19431533959645025,13.19226609992789,0.010012743978339636,0.19405719816721054,0.0005224786926728813,0.004465396466170816
354,11.8,grasp_lift,unknown_no_ground_truth,0.5746977732550533,-0.08309971789969522,0.12062145484782451,0.005341134513240048,0.31807423620782777,0.30852252,1.3634224,-3.9231548,0.19446349337569777,13.196330649066837,0.010032056146957496,0.1942045522261112,0.0006794334532786305,0.005297743677367741
355,11.833333,grasp_lift,unknown_no_ground_truth,0.5746718016909332,-0.08328912567999464,0.12062318089287183,0.00596108269631514,0.41261402466478714,0.30852252,1.3734754,-3.8777323,0.19463638498888236,13.203248045582585,0.010058039329251912,0.19437633139451846,0.0008270108319572949,0.005903436287124057
356,11.866667,grasp_lift,unknown_no_ground_truth,0.5746448726400604,-0.08349356025657145,0.12062602701143248,0.006057480166817514,0.41261402466478714,0.30852252,1.3862065,-3.8202095,0.19482321489360793,13.207072798912902,0.010087190219050867,0.1945619018589344,0.0008519323635816198,0.005997272481659456
357,11.9,grasp_lift,unknown_no_ground_truth,0.5746184403868846,-0.08368938045814533,0.12062855356207547,0.005280783126453888,0.41261402466478714,0.30852252,1.3704088,-3.8915884,0.1950020567593681,13.211976954889328,0.010114834830510296,0.19473954980110053,0.0007149549191137394,0.005232161111077827
358,11.933333,grasp_lift,unknown_no_ground_truth,0.5745957440059208,-0.0838421514842463,0.1206292183363582,0.0037694972600242124,0.41261402466478714,0.24359453,1.3875915,-3.8139517,0.19514119506388813,13.215725701007242,0.010134853595267269,0.1948778354599746,0.0005136062865743759,0.0037343430715082036
359,11.966666,grasp_lift,unknown_no_ground_truth,0.5745835690417211,-0.08393823823842364,0.12063102347249799,0.00238427158010759,0.2360706599274666,0.24359453,1.3750173,-3.8707657,0.19522912778162663,13.218292375090215,0.010149075404240517,0.19496514714895516,0.0003939173284453494,0.0023515059230329875
360,12.0,grasp_lift,unknown_no_ground_truth,0.574579008342893,-0.084000123504496,0.12063469129730502,0.0012938196263849737,0.08797127566394111,0.24359453,1.3810807,-3.8433692,0.1952863615855792,13.219344894182523,0.010161114641579726,0.19502183152297142,0.0003225012589857464,0.0012529813101445533
361,12.033334,grasp_lift,unknown_no_ground_truth,0.5745832991418426,-0.0840240017071445,0.12064022224566745,0.0005659311168518602,0.08262007686557105,0.24359453,1.3497368,-3.9849904,0.19530960766323577,13.21973122707158,0.010170575776600792,0.19504461600859302,0.0003067137504328211,0.00047560982361240917
362,12.066667,grasp_lift,unknown_no_ground_truth,0.5745948235886011,-0.0840313278694765,0.12064882084575582,0.000548137413829801,0.08262007686557105,0.24359453,1.3825688,-3.8366456,0.19531870601388537,13.221309812107872,0.010181562183234388,0.19505315355166017,0.00038117511270225474,0.0003939037419172937
363,12.1,grasp_lift,unknown_no_ground_truth,0.5746103208063029,-0.08403790820186513,0.12066051499131561,0.0006921599834033438,0.06989863932577532,0.24359453,1.4366518,-3.5922825,0.1953278092829285,13.222490410923617,0.010195987503502257,0.19506151572797878,0.000488382657234848,0.0004904771378333002
364,12.133333,grasp_lift,unknown_no_ground_truth,0.5746290129620495,-0.08404778362469766,0.12067508014581185,0.0007711497393419666,0.06344450693898612,0.24340986,1.4718425,-3.4332805,0.19534058091384046,13.224165302819763,0.010214120911344188,0.19507335616573857,0.0005438610787713237,0.0005467056314735335
365,12.166667,grasp_lift,unknown_no_ground_truth,0.5746469050070837,-0.08405950456549718,0.12068946614663871,0.000687882936247815,0.06344450693898612,0.24340986,1.5620381,-3.0257502,0.195354913688932,13.226218897102214,0.010232244852469426,0.195086758822041,0.0004766923545981253,0.0004959307744520506
366,12.2,grasp_lift,unknown_no_ground_truth,0.5746591418438193,-0.08407179591744773,0.12069995404226944,0.0005659589597149748,0.05050270103747499,0.24340986,1.6385059,-2.6802456,0.19536870940941198,13.227806489022191,0.010245900520619244,0.1950998568395703,0.00037736618321703146,0.0004217870408699945
367,12.233334,grasp_lift,unknown_no_ground_truth,0.57466887922877,-0.0840834164140094,0.1207086740300076,0.0004139779684099282,0.04825104148491539,0.24340986,1.6354413,-2.6940925,0.19538139406725688,13.22890019507093,0.01025740249096823,0.19511195463580136,0.0002605899321583294,0.00032166853372148297
368,12.266666,grasp_lift,unknown_no_ground_truth,0.5746728500978018,-0.08409197170736907,0.12071286576125248,0.00022697747790850395,0.02626985992126478,0.24340986,1.6237491,-2.746921,0.19539012365139363,13.22933885879779,0.010263273348742791,0.19512038755772265,0.00010224804246416965,0.00020264282195516024
369,12.3,grasp_lift,unknown_no_ground_truth,0.5746724654862465,-0.08409744552367573,0.12071306602013093,0.00017414793387035375,0.02626985992126478,0.24340986,1.6046356,-2.8332818,0.195395206680387,13.229624957166058,0.01026421885827573,0.1951254278788405,-1.1143419451852251e-05,0.0001737910442866179
370,12.333333,grasp_lift,unknown_no_ground_truth,0.5746695643898905,-0.08410293363063123,0.12071090923154347,0.00017662816095031616,0.02626985992126478,0.24340986,1.6170049,-2.7773938,0.1953998989014177,13.230255791732576,0.010262530551616082,0.19513021538798497,9.524840949824543e-06,0.00017637115593421542
371,12.366667,grasp_lift,unknown_no_ground_truth,0.5746703198586742,-0.08410899666501236,0.12071227697886894,0.0005400546994834996,0.02626985992126478,0.24340986,1.6227746,-2.7513244,0.19540571412375907,13.230544834094148,0.0102648539404015,0.19513591644235687,0.00039712686698420126,0.0003659908878012206
372,12.4,grasp_lift,unknown_no_ground_truth,0.5746946249546113,-0.08411715226766839,0.12073249634832198,0.0018352865299684426,0.0814693180146601,0.24340986,1.6365223,-2.6892083,0.1954177091730187,13.232443700759971,0.010289005047778618,0.19514665621925809,0.0013498705698680644,0.0012434331874643185
373,12.433333,grasp_lift,unknown_no_ground_truth,0.5747635854491716,-0.08412981072862896,0.12078868889999697,0.004186561914351991,0.19242309997526413,0.24326952,1.6365994,-2.6888597,0.19544192967843874,13.236988867805852,0.010354846397226388,0.1951674282059423,0.003080977519815965,0.002834586069444932
374,12.466666,grasp_lift,unknown_no_ground_truth,0.5749081817984453,-0.08415371935308655,0.12090843307394235,0.007318392563914282,0.44700500740017624,0.24326952,1.6751404,-2.5147202,0.1954900940471177,13.247258209803517,0.010494401265708324,0.19520820785157886,0.005387448348497792,0.0049532080525477905
375,12.5,grasp_lift,unknown_no_ground_truth,0.5751370867967227,-0.08418723177421958,0.12109730117139997,0.010529024703750658,0.8473581277149329,0.24326952,1.7274364,-2.2784312,0.1955626469091166,13.266598818961334,0.010714011546871668,0.19526893972845066,0.007736157696168755,0.007142284320313813
376,12.533334,grasp_lift,unknown_no_ground_truth,0.5754466973724592,-0.08422768617043389,0.12135256798896388,0.012917683165403083,1.1735935602930776,0.24326952,1.7941295,-1.9770919,0.19565684560202332,13.293404915376547,0.011010152030925747,0.19534681411067314,0.009488881935759025,0.00876513878788946
377,12.566667,grasp_lift,unknown_no_ground_truth,0.5757979829894413,-0.08427055822424437,0.12164310147930311,0.013522866686754533,1.1735935602930776,0.24326952,1.8519694,-1.7157542,0.19576168515087847,13.32735082595794,0.011346601940894228,0.19543257660253718,0.009926797891336128,0.00918295197920038
378,12.6,grasp_lift,unknown_no_ground_truth,0.5761389748606038,-0.08431062795292893,0.1219240716922996,0.01242107043927672,1.1735935602930776,0.24326952,1.9387388,-1.3237039,0.19586307561037558,13.357103048112885,0.011671937586350944,0.19551498730413489,0.00913527730206029,0.008416038228996826
379,12.633333,grasp_lift,unknown_no_ground_truth,0.5764327452773172,-0.08434337927943687,0.12216986300304153,0.010233094516451702,1.1735935602930776,0.24171834,1.9456611,-1.2924272,0.19594906993665054,13.384484403687875,0.011955621060158982,0.19558400019966934,0.00757894545650629,0.006875740625557117
380,12.666667,grasp_lift,unknown_no_ground_truth,0.576658499770013,-0.08436748591087342,0.12236254875353064,0.0074336978091288945,0.6931328430250442,0.24171834,1.9983975,-1.0541484,0.196014191034176,13.400292153434066,0.012177198336439782,0.19563557684495286,0.005562404680091484,0.004931482261181123
381,12.7,grasp_lift,unknown_no_ground_truth,0.5768064495793168,-0.08438518124904154,0.12249266247977872,0.004787253723976885,0.4570479964209302,0.24171834,2.1099818,-0.54997724,0.1960584646680605,13.410779982917525,0.012326449776082072,0.19567059105526016,0.0036482083507236225,0.00309973773849353
382,12.733334,grasp_lift,unknown_no_ground_truth,0.5768947304651937,-0.08439975083920784,0.12257470268173572,0.0028434341976054404,0.45631551292769573,0.24171834,2.049956,-0.8211912,0.19608828195037778,13.421229382627503,0.012420410391002761,0.19569452655598196,0.002218239481028758,0.0017789130504095364
383,12.766666,grasp_lift,unknown_no_ground_truth,0.5769430640452138,-0.08440195024609728,0.1226230069225459,0.0016617752255516684,0.21269846251808971,0.24171834,2.1274354,-0.47111636,0.19609875628226264,13.425353028845151,0.012474333434268767,0.19570159227972808,0.0012721162792342054,0.0010692132960100238
384,12.8,grasp_lift,unknown_no_ground_truth,0.5769729706020557,-0.08438935062485882,0.12265244227123312,0.001103986970314578,0.1749397597308009,0.24171834,2.1320095,-0.4504494,0.1960920275719421,13.42619089435564,0.012505217381247115,0.19569287880636602,0.000625788834749962,0.0009094919268067451
385,12.833333,grasp_lift,unknown_no_ground_truth,0.5769872207840689,-0.08436146943994532,0.1226657662239153,0.0009900526215804025,0.1398222453521155,0.24171834,2.165303,-0.30001953,0.1960681050001797,13.427194747833674,0.01251605324538766,0.19566821461218506,0.00017522790418320828,0.0009744225854801336
386,12.866667,grasp_lift,unknown_no_ground_truth,0.5769909821674727,-0.08432863046655076,0.12267101905548775,0.0009169839504844187,0.1398222453521155,0.24171834,2.1447406,-0.3929266,0.1960373689193972,13.42759472845572,0.012516898922887196,0.19563736160098366,-9.810782256144696e-06,0.0009169314663580553
387,12.9,grasp_lift,unknown_no_ground_truth,0.5769883717001634,-0.08430089925674825,0.12267395727282798,0.0008803210475841616,0.1398222453521155,0.2416297,2.0922394,-0.6301427,0.1960099165904989,13.426620844801443,0.012515399282637969,0.19560994908902382,0.00016633438292323438,0.0008644640072768921
388,12.933333,grasp_lift,unknown_no_ground_truth,0.5769939074518559,-0.0842732353921039,0.1226901796206393,0.0015330633388262252,0.1749397597308009,0.2416297,2.2235103,-0.03702172,0.19598336178199033,13.428459021756048,0.012527988252574703,0.19558253399962344,0.0009887072507113142,0.001171640377096952
389,12.966666,grasp_lift,unknown_no_ground_truth,0.5770281088596649,-0.08423922783034977,0.12274511229288905,0.004295956512367517,0.21223231161258443,0.2416297,2.2019691,-0.13435091,0.19595463966622112,13.432205465479948,0.012581311892742739,0.19555032957726276,0.003295344365701887,0.002756074720973601
390,13.0,grasp_lift,unknown_no_ground_truth,0.5771495032277929,-0.0841728428115093,0.12290866697676542,0.01007854306725412,0.3711060140392484,0.2416297,2.3414304,0.49577668,0.19590806324385895,13.439158344105698,0.012747680880009226,0.19549287934894527,0.00795959829744977,0.006182380229469132
391,13.033334,grasp_lift,unknown_no_ground_truth,0.5774216196054136,-0.08406348232435651,0.12326060079045295,0.01843190376396394,1.167124210307213,0.2416297,2.4297729,0.8949341,0.195843589672898,13.461162661001648,0.0131119588978789,0.19540416615268666,0.015002670127302649,0.010707705889468986
392,13.066667,grasp_lift,unknown_no_ground_truth,0.5778629587071173,-0.08390959596799266,0.12387385673333093,0.02771603641221472,2.073815618289953,0.2416297,2.5418494,1.4013292,0.19575896510014454,13.501012761852216,0.013747850185481619,0.19527562324150236,0.023284095147507896,0.015034280413941045
393,13.1,grasp_lift,unknown_no_ground_truth,0.5784373796578886,-0.08370826517085397,0.12476266784844789,0.03659534620510652,2.073815618289953,0.2416297,2.5589411,1.4785548,0.19564291331275868,13.56590359943731,0.01466423843062004,0.19509256685161927,0.03187358020890106,0.017980385105396256
394,13.133333,grasp_lift,unknown_no_ground_truth,0.5790628806206428,-0.08345900080170782,0.12594971465967364,0.04353407282107902,2.073815618289953,0.2416297,2.4231577,0.86504483,0.19547318154189863,13.643128741794524,0.015872745170608694,0.19482766914086147,0.039353711204375086,0.01861453493465935
395,13.166667,grasp_lift,unknown_no_ground_truth,0.5796147517838433,-0.08317764924340601,0.12736178977922263,0.04814382719916322,3.1922712469219703,0.2416297,2.4606938,1.0346442,0.19523957843442177,13.644539864541077,0.017287822563538783,0.19447268234449364,0.044840394419899496,0.01752618400139444
396,13.2,grasp_lift,unknown_no_ground_truth,0.5799554451520921,-0.08284662717234692,0.12897126074605592,0.052346701078835364,3.340735320901273,0.2416297,2.769452,2.429706,0.19488985224762595,13.644539864541077,0.018862097415234536,0.1939749359845227,0.04897429665242696,0.01848500422604834
397,13.233334,grasp_lift,unknown_no_ground_truth,0.5799537757603785,-0.08243929242009611,0.13075567606237246,0.05826918100919037,3.8644869161475137,0.2416297,2.800121,2.5682776,0.19436360208323433,13.632049031146272,0.020552775867990425,0.19327388136758158,0.05259793181521288,0.02507498802081484
398,13.266666,grasp_lift,unknown_no_ground_truth,0.579569206255516,-0.08194727672484786,0.13273053150958986,0.06576410266140274,3.8644869161475137,0.2416297,2.7113667,2.1672587,0.19364340345448539,13.611583761766106,0.02236861930035565,0.19234711480038466,0.056384514129384666,0.03384824611782333
399,13.3,grasp_lift,unknown_no_ground_truth,0.5788970938172244,-0.0813981606926823,0.13488136969078485,0.07242485639540304,3.8644869161475137,0.2416297,2.3589702,0.57502645,0.19279176131222714,13.433211678397434,0.024311743510608268,0.19125271856197273,0.06050971452187182,0.039798671741357504
400,13.333333,grasp_lift,unknown_no_ground_truth,0.5781092896621483,-0.08084424229781706,0.1371987047213786,0.07652806264206576,3.8644869161475137,0.2416297,2.502781,1.2248063,0.19191813545836492,13.21537539630183,0.02640259221786508,0.19009332929377726,0.0648381322252874,0.04065170330114209
401,13.366667,grasp_lift,unknown_no_ground_truth,0.5774069554258097,-0.08033025161124702,0.1396424744992819,0.07810438645062515,3.8644869161475137,0.2416297,2.3774984,0.6587425,0.1911334030641132,13.038770261907656,0.028634285543128475,0.18897633570980082,0.0686696889565372,0.03721248448358468
402,13.4,transport,unknown_no_ground_truth,0.5769124068364222,-0.07985873235720746,0.1421694799039064,0.0771516046733935,3.463434622593759,0.2416297,2.9715633,3.3429048,0.1904815441981175,12.988791827570433,0.03098056386080298,0.18794526688098878,0.07008510693113706,0.03225597448738259
403,13.433333,transport,unknown_no_ground_truth,0.5766689736701035,-0.0793823271974945,0.1446436468128636,0.07500095097960005,3.463434622593759,0.2416297,2.63729,1.8325584,0.1899331238035414,12.974779998919537,0.03330662094717247,0.18699000111998706,0.06861616463627594,0.030281423322754228
404,13.466666,transport,unknown_no_ground_truth,0.5766934374103266,-0.07871446623525041,0.14703191844435226,0.07330925296344243,3.463434622593759,0.24150412,2.3522243,0.54454684,0.18931251741766886,12.964394644728158,0.03555497272108048,0.18594373655979488,0.064737409327927,0.0343993372547557
405,13.5,transport,unknown_no_ground_truth,0.5769204086531308,-0.077769792617638,0.14925038003487967,0.07246635724364092,3.463434622593759,0.24150412,2.43424,0.91511846,0.18851499733045807,12.942845903331715,0.03762243892054763,0.18472264698236726,0.0586921111120632,0.042504223618038454
406,13.533334,transport,unknown_no_ground_truth,0.5772338087978961,-0.07648203321769387,0.15128213056261175,0.07150101331437583,3.4694637402709327,0.24150412,2.631022,1.8042376,0.18743834033091059,12.925888191765974,0.03946783261964013,0.1832359724898862,0.050822729089512575,0.050293589182683736
407,13.566667,transport,unknown_no_ground_truth,0.577549324150778,-0.07494958229970491,0.15304150262976823,0.06944628551976337,3.6394980529315593,0.24150412,2.6247692,1.7759857,0.1861431186020063,12.933373969902563,0.04101062631057756,0.18156924060119528,0.042256658533551275,0.05511044712276742
408,13.6,transport,unknown_no_ground_truth,0.5778026091591625,-0.07326085600844975,0.15455856625845432,0.06664875354990078,4.044308273197287,0.24150412,2.6677468,1.9701712,0.18468852680954254,12.886394435665336,0.04228493279580453,0.17978274776388697,0.035062689363962216,0.05668036842083601
409,13.633333,transport,unknown_no_ground_truth,0.5779686815301766,-0.07155263732459938,0.15587476403546463,0.06518964634666427,4.80502070953749,0.24103877,2.671652,1.9878165,0.18319302225367204,12.815938569534996,0.04334814276992782,0.17799051076063668,0.029682876825612645,0.058039786475819026
410,13.666667,transport,unknown_no_ground_truth,0.5779518830225929,-0.06972579162261247,0.15708215870211317,0.06775679363394688,5.240349524637132,0.24103877,2.4956043,1.1923801,0.18153351364055906,12.732814693184338,0.04426378511681378,0.17605434928401958,0.02561710471906985,0.062727561959361
411,13.7,transport,unknown_no_ground_truth,0.5777004714554013,-0.06770352215709735,0.1582235229302075,0.07477770624082969,5.240349524637132,0.24103877,2.6544244,1.9099768,0.17962100156643915,12.59816557954191,0.04505595168017936,0.17387830635799306,0.023680903847841564,0.07092897957527022
412,13.733334,transport,unknown_no_ground_truth,0.5772901730486931,-0.0653757181263722,0.15942546131179786,0.0830196718070043,5.837553975653947,0.24103877,2.7187092,2.2004347,0.1773842189041079,12.407200669786766,0.04584251034888412,0.171358178565054,0.025129551697417866,0.07912503736763418
413,13.766666,transport,unknown_no_ground_truth,0.5768129345868398,-0.06286873777249682,0.16076700467374128,0.08823476981049602,5.837553975653947,0.24103877,2.71162,2.1684039,0.17498106775650743,12.12823919076263,0.04673125063071354,0.1686255149367879,0.029630872132137602,0.08311068535513427
414,13.8,transport,unknown_no_ground_truth,0.5763414336876093,-0.060339419640803554,0.1623128875128571,0.0886054633628837,5.837553975653947,0.24103877,2.6073358,1.6972164,0.17259377890636907,11.888165438332278,0.04781790557759848,0.165837451811563,0.03540859977700649,0.08122289824663426
415,13.833333,transport,unknown_no_ground_truth,0.5759699903241178,-0.05800263432188711,0.1640079089141023,0.08508643717981196,5.837553975653947,0.24103877,2.4262135,0.8788519,0.17045583484243673,11.787471851114677,0.0490918163659127,0.16323352963692103,0.04125002311079973,0.07441866288312748
416,13.866667,transport,unknown_no_ground_truth,0.5758078704363581,-0.055930816916814036,0.16584217613817104,0.08127715872971276,5.837553975653947,0.23937678,2.842753,2.7609012,0.16867499949660852,11.731627308884715,0.050567910254705487,0.1609165681577038,0.0472740938890866,0.06611457160218728
417,13.9,transport,unknown_no_ground_truth,0.5759479072905318,-0.05413182873953751,0.1677995115266516,0.08032610177268601,5.837553975653947,0.23937678,2.8048515,2.5896513,0.16729270489898182,11.685228461060657,0.05224341394009114,0.1589260042041645,0.052456742685705396,0.06083233328421329
418,13.933333,transport,unknown_no_ground_truth,0.5763579136499974,-0.052428987537350445,0.1698560785148472,0.08177181152243332,4.079081084681156,0.23937678,2.8886158,2.9681234,0.16613647260283446,11.644655863182857,0.054065027253032596,0.15709328552500648,0.055976274051620395,0.059609444746266914
419,13.966666,transport,unknown_no_ground_truth,0.5769099174550187,-0.05076581226857336,0.1719783569457651,0.08161654590462714,3.9810149793901815,0.23937678,2.6740775,1.9987754,0.16511227777369697,11.728859690850081,0.055975159478146366,0.15533462522250005,0.05729334926633906,0.058126867240953166
420,14.0,transport,unknown_no_ground_truth,0.57745528854684,-0.04918962503321926,0.17408784233842534,0.07724234183992305,3.9810149793901815,0.23937678,2.690631,2.0735686,0.16420339730654074,11.826573036337418,0.05788458018159194,0.1536623931357654,0.056278357698794836,0.05290676542411214
421,14.033334,transport,unknown_no_ground_truth,0.577818197489206,-0.047842171031545,0.17611904558739816,0.06885438020742897,4.079081084681156,0.23937678,2.4898107,1.166203,0.16346435968018935,11.804748654302445,0.05972710032375601,0.1521619872785917,0.05327275436195027,0.04362269267755598
422,14.066667,transport,unknown_no_ground_truth,0.5778090508123375,-0.04683503547551305,0.17801232770281403,0.05992972392812723,5.652000205606043,0.23736024,2.350876,0.538455,0.16291067666408623,11.787998210489475,0.061436097598807596,0.15088238625823835,0.048513621854999876,0.03518522850020479
423,14.1,transport,unknown_no_ground_truth,0.5773396103177004,-0.04618949733741258,0.1797248847370253,0.05629909282284358,5.652000205606043,0.23736024,2.796371,2.5513337,0.16251252972655694,11.778655447445338,0.06296133341209098,0.14982053535178874,0.04369278977501828,0.03550391491584014
424,14.133333,transport,unknown_no_ground_truth,0.5764377000895267,-0.045728922324396404,0.18132637959228737,0.058113955965099384,5.652000205606043,0.23736024,3.0062919,3.4998188,0.1621291605286891,11.703543359571734,0.06434895143680033,0.14881222107986208,0.04047697516759456,0.041699476725678995
425,14.166667,transport,unknown_no_ground_truth,0.5753321681969268,-0.04519820112143201,0.18288675425245454,0.061086799006798954,7.2569887323004645,0.23736024,2.6376052,1.8339825,0.16162434760381306,11.489792887347612,0.06565979362612988,0.14768622562491138,0.03948840738211858,0.046607539039525525
426,14.2,transport,unknown_no_ground_truth,0.5742951483357841,-0.04433826922152861,0.1844981886495498,0.06747847028240457,7.785585496898036,0.23736024,2.5012147,1.2177298,0.16087814282069823,11.213540833065634,0.06698150913449571,0.14627116691782577,0.04253711913550265,0.052382606343188115
427,14.233334,transport,unknown_no_ground_truth,0.5735233624614005,-0.04296448967880259,0.18634737356709097,0.07668039617654442,7.785585496898036,0.23736024,2.9887664,3.4206336,0.1598383820965536,10.966878997605669,0.06849560434070077,0.14441835263305716,0.047451018307354514,0.06023523901659987
428,14.266666,transport,unknown_no_ground_truth,0.5730767602702771,-0.04120481664698295,0.188349122239475,0.08507718204721842,7.785585496898036,0.23388857,2.982971,3.3944478,0.15862922485559344,10.757191774542306,0.07014490349746406,0.14227762821897855,0.05229449092256584,0.0671074744290472
429,14.3,transport,unknown_no_ground_truth,0.5728360205499934,-0.039217179337045285,0.190549123946502,0.08993988443971584,7.2569887323004645,0.23388857,2.9952416,3.4498906,0.1573779535357784,10.555127235248921,0.0719819057532562,0.1399515112574315,0.05695069063264729,0.06961179245999875
430,14.333333,transport,unknown_no_ground_truth,0.5726098581841077,-0.03728671506998932,0.19286380065440156,0.08802134789535032,5.395581893813922,0.23388857,2.8415117,2.755293,0.15626422956658761,10.397784453103423,0.0739416091028875,0.1376631682234394,0.05948066980902238,0.06488303017264489
431,14.366667,transport,unknown_no_ground_truth,0.5722519741705556,-0.03567972362194609,0.19519451444811167,0.08203034007884362,4.3428472370579225,0.23388857,2.5691283,1.5245833,0.15544908195392837,10.328580604495382,0.07594728124591266,0.1356334308040366,0.0598735157226017,0.05607262084534757
432,14.4,transport,unknown_no_ground_truth,0.5717180248578114,-0.03447446657544374,0.19746841447683564,0.0745958393373872,4.3428472370579225,0.23388857,2.4218104,0.8589573,0.15495839459527574,10.245928997452575,0.077933173605302,0.1339347770646259,0.05812886925880828,0.046750120910449604
433,14.433333,transport,unknown_no_ground_truth,0.5711361524766605,-0.03364724742649346,0.1995939624300311,0.06632443910229234,4.3428472370579225,0.23388857,2.624805,1.7761472,0.15477401370865232,10.149302204932177,0.07982253271040265,0.1326022571119466,0.05445907582695631,0.03785683930688758
434,14.466666,transport,unknown_no_ground_truth,0.5706474544773394,-0.033064011364626694,0.20151999873293758,0.05995421464065193,4.3428472370579225,0.23379993,2.6350503,1.8224387,0.1547953655125476,10.07755208254601,0.08156377946427404,0.13156350201961975,0.05110936943012301,0.031342307024732084
435,14.5,transport,unknown_no_ground_truth,0.5702587358427564,-0.03257302300633149,0.20334252335321729,0.0540614871493179,6.1338088204396275,0.23379993,2.8231575,2.6723633,0.1549176748843438,9.94547330433599,0.08322981857568397,0.13066094784376078,0.04686104333392151,0.02695713283070355
436,14.533334,transport,unknown_no_ground_truth,0.5699064577086778,-0.03217780261415467,0.20493400473625306,0.05063401538991761,6.1338088204396275,0.23379993,2.7607696,2.390476,0.15506891591801233,9.77147801894923,0.08468789092988259,0.1299012309943054,0.043153927044430565,0.02648663993696403
437,14.566667,transport,unknown_no_ground_truth,0.5693637444329112,-0.03180949927943326,0.20650648879779354,0.05079908456412596,6.212297919255864,0.23379993,2.6921794,2.0805652,0.15519371929762021,9.642269876751183,0.08610674545293112,0.12911513814008277,0.04100057443669234,0.02999166364866196
438,14.6,transport,unknown_no_ground_truth,0.568611338238749,-0.03150670227724781,0.20799036913222135,0.05159863107742043,6.212297919255864,0.23379993,2.3971174,0.74738693,0.15529235966484373,9.46351950506255,0.08742125693758895,0.1283481234990494,0.0397822937838541,0.03286012523346283
439,14.633333,transport,unknown_no_ground_truth,0.5677424663837889,-0.031304841309394406,0.20949809628244276,0.053844253786297445,6.1338088204396275,0.23379993,2.619017,1.749995,0.15547032564754823,9.318495173739281,0.08875889521042991,0.1276435688860924,0.04249779739470667,0.03306268111332881
440,14.666667,transport,unknown_no_ground_truth,0.5669304269119507,-0.03119065032840106,0.21114631458616862,0.05617924302595278,5.37957360085781,0.23360789,2.6046398,1.6850349,0.15581928571532283,9.24883855634414,0.09025444521685635,0.1270188368685168,0.047837586770532625,0.0294562835222101
441,14.7,transport,unknown_no_ground_truth,0.5663456122628661,-0.031081211949258503,0.2129659327378317,0.058663065880648,5.217351849518617,0.23360789,2.8481784,2.785415,0.15633415846509005,9.229602129682236,0.09194805898354734,0.12643545211745788,0.053744729963097974,0.02351296024984787
442,14.733334,transport,unknown_no_ground_truth,0.5661002652474783,-0.030874864795354826,0.21495499110905988,0.06330952566218026,5.217351849518617,0.23360789,2.7259693,2.233238,0.15696232161851897,9.219175647031904,0.09383742936803872,0.1258241123850025,0.05968589739638027,0.021111364038333177
443,14.766666,transport,unknown_no_ground_truth,0.5661475440998599,-0.030476871298006643,0.21713836824185734,0.06782827812552776,5.08712707548826,0.23360789,2.8500926,2.794064,0.15762576763955732,9.203228088990247,0.09592710931454926,0.12507546650928086,0.06322873097617324,0.02455204457100587
444,14.8,transport,unknown_no_ground_truth,0.5664204463641669,-0.029890341361206926,0.21935676664184578,0.06982728670649023,4.283684681748176,0.23360789,2.8966691,3.0045106,0.1582420639273529,9.277076796980024,0.09805267507609727,0.12420234984254418,0.06333027437059469,0.029413029713641944
445,14.833333,transport,unknown_no_ground_truth,0.5667008760260833,-0.029153132921264053,0.2215669045875091,0.06710996935928173,4.283684681748176,0.23360789,2.4358582,0.92242974,0.1587632495422495,9.33970869120484,0.10014912444316044,0.12319059330355929,0.059052145456389274,0.0318840415317942
446,14.866667,transport,unknown_no_ground_truth,0.5668656627079158,-0.02836427878279471,0.2235388091182302,0.058770699716626164,4.283684681748176,0.23243341,2.8011632,2.5729864,0.159123630281741,9.375199437579495,0.10198947366082362,0.12214121735281819,0.05037134636645873,0.030277427407428253
447,14.9,transport,unknown_no_ground_truth,0.5668295020997642,-0.027675406042668924,0.22519332359654323,0.04740661919179859,3.9769776019050407,0.23243341,2.6510386,1.8946788,0.15937455415305818,9.41678675170294,0.10350722025918094,0.12118788662941307,0.039786576746059704,0.025776265323473595
448,14.933333,transport,unknown_no_ground_truth,0.5665963079713187,-0.027176100433253095,0.2264549666514768,0.03405660426276816,2.3862033805623875,0.23243341,2.3435833,0.50550425,0.15954064081489425,9.395634980198134,0.10464189859013,0.12042960238695488,0.02682361840951606,0.0209844177744218
449,14.966666,transport,unknown_no_ground_truth,0.5662105702370732,-0.02685820220072471,0.22721916940586384,0.021972089699887204,2.3862033805623875,0.23243341,2.458456,1.0245333,0.15956419933485969,9.37056098265086,0.1052954735768771,0.11988993683206281,0.012105396382389359,0.018336632848075567
450,15.0,transport,unknown_no_ground_truth,0.5656930951546588,-0.02663998182523517,0.22747595150952601,0.01892658479293859,2.3862033805623875,0.23243341,2.4575782,1.0205668,0.15937290129577947,9.355387051353324,0.10544890990551713,0.11949999609695558,-0.0025869229778619136,0.018748958409226482
451,15.033334,transport,unknown_no_ground_truth,0.5650224919843903,-0.0264354286923828,0.22726211970990304,0.026842218218523894,2.3862033805623875,0.23243341,2.4694617,1.07426,0.15890787309347865,9.299568412556109,0.1051230097314139,0.11916738209804799,-0.01601216247100738,0.021543336136562483
452,15.066667,transport,unknown_no_ground_truth,0.5641745639514439,-0.02616366580440604,0.22665779064510574,0.03707245446692658,5.236891623553063,0.23227091,2.3783855,0.6627509,0.15813955289458273,9.154404369355365,0.10438144534909158,0.11879659951586635,-0.02655073852103456,0.025873251905974167
453,15.1,transport,unknown_no_ground_truth,0.5631397108282561,-0.025777418506051322,0.2258025002348904,0.04447417805559385,7.891346356746052,0.23227091,2.266096,0.15539384,0.15710180650326377,8.922264587434553,0.10335295394438511,0.11831798053363969,-0.03229578908621863,0.030576698988267963
454,15.133333,transport,unknown_no_ground_truth,0.5619640335977683,-0.025297823662877108,0.22488163558887084,0.04633917038830102,7.891346356746052,0.23227091,2.1099384,-0.5501733,0.15592234268136632,8.630683377956892,0.10222839757628488,0.11773330742075694,-0.03239271961349391,0.03313654219011937
455,15.166667,transport,unknown_no_ground_truth,0.5607869069549085,-0.024800771080518563,0.22405490577964804,0.04211926609134662,7.891346356746052,0.23227091,2.0472171,-0.8335666,0.1547831278900195,8.284590601921542,0.10119344389543183,0.1171226006883395,-0.027662654170116457,0.031761771681349894
456,15.2,transport,unknown_no_ground_truth,0.5597471271787371,-0.024367861394976105,0.22343073668916635,0.03373552297184771,7.891346356746052,0.23227091,2.119817,-0.5055387,0.15384142889007268,7.978503377088956,0.10038421596326154,0.11657698927481594,-0.02042218348254374,0.026851814314667495
457,15.233334,transport,unknown_no_ground_truth,0.5589381890619758,-0.02404329098659791,0.22302215573789175,0.024800524426856888,6.518352680799019,0.23227091,2.0769238,-0.69934285,0.15316154610878446,7.782488535678012,0.09983197361652826,0.11615522480828021,-0.014063914260231848,0.02042724473657602
458,15.266666,transport,unknown_no_ground_truth,0.5583525801331091,-0.023808128456636116,0.22274111026908183,0.018443056032307517,5.26001853287232,0.23213795,2.1482544,-0.37705016,0.1526785959841306,7.656237090084717,0.09944661782957187,0.1158495743364837,-0.010741588066827202,0.014992151333728932
459,15.3,transport,unknown_no_ground_truth,0.5579177147241825,-0.023610103791183404,0.22249043306635566,0.017089424239543058,5.26001853287232,0.23213795,2.2293243,-0.010751994,0.15228034439668917,7.556656382834723,0.09911586995989621,0.11560859661663231,-0.011297535818179624,0.01282240637618502
460,15.333333,transport,unknown_no_ground_truth,0.5574939410051996,-0.02334168611072738,0.22215531457306292,0.020392250620261777,5.26001853287232,0.23213795,2.3219867,0.40792403,0.15178461356155137,7.457837759208369,0.0986934521467497,0.11531769776312181,-0.014741260953374911,0.014090390727870926
461,15.366667,transport,unknown_no_ground_truth,0.5570181752106298,-0.022963051653068074,0.22170280630999678,0.02381509512833799,4.762487297757661,0.23213795,2.2532363,0.09728933,0.1511263709748722,7.319231264200494,0.09813311619032251,0.11493072483375084,-0.017867215623449274,0.015745518785894547
462,15.4,transport,unknown_no_ground_truth,0.5565244712593096,-0.022539021764089166,0.2211875581902885,0.024367279553553722,4.762487297757661,0.23213795,2.1467607,-0.3837991,0.15039539532155796,7.1484369395328535,0.09750230762136865,0.11450796890363439,-0.01865851610324285,0.01567239897610014
463,15.433333,transport,unknown_no_ground_truth,0.5560624692030389,-0.022134719261500374,0.22068327906745183,0.022105531530506022,4.762487297757661,0.23213795,2.1792524,-0.236992,0.14969489543986972,6.964956202625916,0.09688921677937495,0.11410977781344075,-0.01695658037273848,0.014181992325095094
464,15.466666,transport,unknown_no_ground_truth,0.5556754268469044,-0.021769362000354252,0.2202609780615461,0.01780742480077588,4.762487297757661,0.23071234,2.1847887,-0.21197727,0.14908672124040911,6.845838459784974,0.09637186729925928,0.11375110392198141,-0.01333002045475337,0.011807410076352248
465,15.5,transport,unknown_no_ground_truth,0.5554003440822297,-0.021460797450555274,0.2199644200204234,0.015114636604659462,2.503906860205475,0.23071234,2.1684315,-0.2858839,0.14861601882394124,6.782234780899608,0.09600055374421174,0.11344873173324932,-0.009339969536267064,0.011883484705780328
466,15.533334,transport,unknown_no_ground_truth,0.5552551339022622,-0.020978643363359036,0.21979893000392198,0.01872821144590492,2.503906860205475,0.23071234,2.1440983,-0.39582872,0.1480978150183272,6.724790740620963,0.09574919431033833,0.11298254113854819,-0.006068615192388759,0.017717725971727646
467,15.566667,transport,unknown_no_ground_truth,0.555233657914328,-0.020241246706398736,0.2197552210561482,0.027958481601767816,2.503906860205475,0.23071234,2.3240972,0.41745982,0.14745861474640543,6.684489954811702,0.09559597700641556,0.11227400519763105,-0.004600909466310267,0.027577315416102526
468,15.6,transport,unknown_no_ground_truth,0.5552688080765771,-0.01911515939450384,0.2197615948042354,0.03817739285915157,2.503906860205475,0.23071234,2.4130487,0.8193696,0.14653768840564313,6.6560665342645695,0.09544246726635389,0.11119365793686403,-0.005331057528748866,0.03780334841184266
469,15.633333,transport,unknown_no_ground_truth,0.5553026096599429,-0.017697041855997762,0.21976225487710271,0.04514068288503545,3.0655681019142227,0.23071234,2.323017,0.41257882,0.1453757652542733,6.61687064727783,0.09524057492470621,0.10983326459355106,-0.007692035526156699,0.044480488315571304
470,15.666667,transport,unknown_no_ground_truth,0.5552632201435768,-0.016106708535392675,0.21968698880246065,0.04734638792124542,3.8478931681279773,0.23063108,2.2834783,0.23393154,0.14402011331740713,6.580764754953885,0.09492966223755106,0.10830582748598186,-0.010973936417613718,0.04605706426479249
471,15.7,transport,unknown_no_ground_truth,0.5551179634622485,-0.014556317055473039,0.21950776867570984,0.04475380195376164,4.307791207272473,0.23063108,2.3572698,0.56734353,0.1426219490405337,6.51689506084415,0.09450898303198929,0.10681325982470415,-0.013877765038488282,0.0425477429113817
472,15.733334,transport,unknown_no_ground_truth,0.5548698495009146,-0.013184694649828153,0.21922999573471885,0.03930750505053453,4.833080319539613,0.23063108,2.390183,0.7160552,0.14129618262034163,6.434795134111966,0.09400447635538706,0.10548824412336383,-0.01581187394923549,0.03598700592590728
473,15.766666,transport,unknown_no_ground_truth,0.5545424081081711,-0.01207880621080825,0.218877120428339,0.03376632182841654,4.833080319539613,0.23063108,2.2849052,0.24037886,0.14012965063339955,6.291981167300378,0.09345486042813064,0.10441507577451276,-0.016499291674726857,0.02946078519069864
474,15.8,transport,unknown_no_ground_truth,0.5541878225037852,-0.01116815292421983,0.21849803503998205,0.027666756323319282,5.734454334009243,0.23063108,2.1818779,-0.22512937,0.1391022040133843,6.1452190113201315,0.09290452457531331,0.10352860703600815,-0.015473379519072699,0.022935211612554813
475,15.833333,transport,unknown_no_ground_truth,0.5538542480454078,-0.010531635450221776,0.21814587810149028,0.02190503161184756,5.734454334009243,0.23063108,2.1598055,-0.32485867,0.13831743098388444,5.966795549384855,0.09242330083008392,0.10290600166002681,-0.013445733937946435,0.017292849643306227
476,15.866667,transport,unknown_no_ground_truth,0.5535612726770358,-0.01002716501300187,0.2178361091706269,0.018945952533185203,5.734454334009243,0.23061632,2.0615337,-0.7688801,0.1376724947597912,5.796105674574128,0.09200814502780767,0.10241199666995392,-0.011659035371990492,0.014933720620943107
477,15.9,transport,unknown_no_ground_truth,0.5533094059820114,-0.009547582568066062,0.21757131958478992,0.020550875016959975,5.734454334009243,0.23061632,2.0869148,-0.6542008,0.13708160620433785,5.687250923715322,0.09164603105901331,0.10194298284183924,-0.011181768305988729,0.017242578737355255
478,15.933333,transport,unknown_no_ground_truth,0.5530647078414691,-0.008861584920552838,0.2173146534426641,0.027167094668194284,4.367167149405132,0.23061632,2.15318,-0.35479534,0.1363288563698516,5.6081282851020875,0.09126269388115751,0.10127525751468501,-0.012080010009364416,0.024333606203854902
479,15.966666,transport,unknown_no_ground_truth,0.5528219684120528,-0.007879168775083059,0.21706240663692233,0.03554719129473187,4.0895024515189915,0.23061632,2.282215,0.22822429,0.1353382695912523,5.51359659969098,0.09084069896234785,0.10032155614815084,-0.013382342162226859,0.032931986384021034
480,16.0,transport,unknown_no_ground_truth,0.5525716209961732,-0.006600090509216288,0.21680617633734947,0.04278796076843693,3.805434778425473,0.23061632,2.2786996,0.2123403,0.13410407025681964,5.406490926812427,0.09037053717988772,0.09908111661292755,-0.01453443735791079,0.04024375376888027
481,16.033333,transport,unknown_no_ground_truth,0.5523201334797514,-0.00511808321061627,0.21655108282807123,0.04520031469056518,3.5955909548030798,0.23061632,2.1577494,-0.33414882,0.13270810014386034,5.296188671434424,0.08987173824504291,0.09764481813494945,-0.014596602302130121,0.0427785886789124
482,16.066668,transport,unknown_no_ground_truth,0.5520837989988088,-0.0036674040044708716,0.21631428024158028,0.0402568106330331,3.5955909548030798,0.23060893,2.0798259,-0.6862306,0.1313537762953783,5.206882714517473,0.08939740153220459,0.09623886505121554,-0.012955712051354321,0.03811509317299749
483,16.1,transport,unknown_no_ground_truth,0.551882358837344,-0.002506106188452407,0.21611647356074604,0.029665645916574685,2.74203393835251,0.23060893,2.1476054,-0.3799824,0.13026427672014326,5.151776761556449,0.08900802486435776,0.09511231938696445,-0.01001292839959922,0.027924752684886645
484,16.133333,transport,unknown_no_ground_truth,0.5517276581744498,-0.001753645244283097,0.21596512837024068,0.01765098672948372,1.9165858031452292,0.23060893,2.1819243,-0.2249193,0.12954080707530674,5.116559700264533,0.08872988320019241,0.09438129330011354,-0.006677463167087748,0.016339180462207913
485,16.166666,transport,unknown_no_ground_truth,0.5516224208967269,-0.0013867489903021057,0.21586323740046326,0.008094236822102767,0.873522429255157,0.23060893,2.1573343,-0.3360243,0.1291657022791596,5.095492446816856,0.08856286747408364,0.09402338618682266,-0.003823326173657768,0.00713434276595313
486,16.2,transport,unknown_no_ground_truth,0.5515571418303101,-0.0012691356987327503,0.21579969518766756,0.0028537963999349107,0.5757671217587899,0.23060893,2.0681322,-0.73906624,0.12902094416450713,5.087078595909426,0.08847497877874866,0.09390730622907272,-0.0019681295473192206,0.0020665478405424097
487,16.233334,transport,unknown_no_ground_truth,0.5515189226937035,-0.0012638879877198204,0.21576133987412238,0.001228852849576092,0.5397357182161562,0.23060893,2.0972002,-0.6077284,0.12898650771646683,5.081179358969182,0.08843167165048411,0.09390079138106942,-0.0008494466479553356,0.000887986327703713
488,16.266666,transport,unknown_no_ground_truth,0.5515032953043725,-0.0012974299074981703,0.21574482035373427,0.0009561620373904371,0.3833140948181296,0.23057938,2.133021,-0.44587865,0.12900056062562823,5.0718822860424355,0.08841834986990725,0.09393263569180342,-9.403252442626462e-05,0.0009515270495874805
489,16.3,transport,unknown_no_ground_truth,0.5515062037755402,-0.0013248096485888059,0.2157475568884668,0.00035394203623639414,0.3833140948181296,0.23057938,2.154729,-0.34779647,0.1290246950092382,5.063052492652384,0.08842540291157426,0.09395914027997854,0.00017007632007665392,0.00031040136978491
490,16.333334,transport,unknown_no_ground_truth,0.5515113652778175,-0.001318321391547984,0.2157521960399162,0.0009279992418338064,0.5397357182161562,0.23057938,2.1259997,-0.47760355,0.12902328061517515,5.056838468693891,0.08842967116823067,0.09395318088165418,-0.0004444120395166994,0.0008146659020584617
491,16.366667,transport,unknown_no_ground_truth,0.5514856278360214,-0.0012697690586235622,0.21572825775946658,0.003600070370431311,0.5757671217587899,0.23057938,2.1882331,-0.19641429,0.1289650746986021,5.052646243687915,0.08839579434301212,0.09390513316365583,-0.0024037731072128815,0.0026799965524413583
492,16.4,transport,unknown_no_ground_truth,0.5513862313523281,-0.0011542347890757688,0.21562964982703545,0.008832458504235113,0.6108498905379798,0.23057938,2.2393274,0.034444947,0.12879458734024588,5.038900777688036,0.08826942208314513,0.09378995070502913,-0.0062388067813011336,0.0062521686777170515
493,16.433332,transport,unknown_no_ground_truth,0.5511574597582317,-0.0009062269995817264,0.215401372923999,0.01579317429075001,3.5698725175157526,0.23057938,2.2390285,0.03309408,0.12841593968494155,4.9718405411301765,0.08797988026371369,0.09354247288771637,-0.01136345457391152,0.010967964912628796
494,16.466667,transport,unknown_no_ground_truth,0.55078456084388,-0.000533460474302897,0.21502856846998641,0.022119000640235264,6.1520784608438,0.23055722,2.3032157,0.32311136,0.1278239986123646,4.855146946814759,0.08751182100825135,0.0931700370563067,-0.01617853308488662,0.015083277380727211
495,16.5,transport,unknown_no_ground_truth,0.5502976720123797,-7.553914335408137e-05,0.21453817222155253,0.026725125813063015,6.196399382991933,0.23055722,2.2070134,-0.111559615,0.1270730523205567,4.705805275898355,0.08690132216270995,0.09271311035897696,-0.019323812160562556,0.018461382215515226
496,16.533333,transport,unknown_no_ground_truth,0.5497685128205078,0.0005116071649326395,0.21400399598986136,0.029435687646815763,6.196399382991933,0.23055722,2.125331,-0.4806252,0.12618535736156342,4.531985260632327,0.08622358660301466,0.09213163151588001,-0.01974224229977093,0.021833542456917925
497,16.566668,transport,unknown_no_ground_truth,0.5492965171424565,0.0012773358128068306,0.21352893472038298,0.032530194565088336,6.196399382991933,0.23055722,2.1425831,-0.40267462,0.12520028070617467,4.39250814356038,0.08558514032617917,0.0913799433368896,-0.01752163074120619,0.02740813774431457
498,16.6,transport,unknown_no_ground_truth,0.548955430426042,0.0023514765896441286,0.21319346513467197,0.03904851046873311,6.196399382991933,0.23055722,2.176229,-0.25065255,0.1240741792901242,4.286757355399135,0.08505547297625773,0.09033254387707111,-0.013995139548478745,0.03645438572854253
499,16.633333,transport,unknown_no_ground_truth,0.5487610524458706,0.0037733597975383205,0.21301926661415882,0.04740572419683027,5.338055317646081,0.23055722,2.2819166,0.22687559,0.12279318707069053,4.2102389625050565,0.0846521453186395,0.08895044172981685,-0.010740177809939635,0.04617305780687282
500,16.666666,transport,unknown_no_ground_truth,0.5486749062119858,0.00549120010936285,0.21296730534012054,0.05416992583402086,4.491728724892256,0.23054984,2.2218332,-0.044599067,0.12137361264845178,4.1638131248937285,0.08433947209309028,0.08728348809709234,-0.00931095060140707,0.05336372423061829
501,16.7,transport,unknown_no_ground_truth,0.5486046278493252,0.00738056172654313,0.21294345373493312,0.05531809881535327,4.209280957165017,0.23054984,2.1050122,-0.5724314,0.11984601756691877,4.1218870837319415,0.08403139036543127,0.08545053165371594,-0.009810240212070925,0.05444126416172438
502,16.733334,transport,unknown_no_ground_truth,0.5484829023457757,0.009172926171649057,0.21287334664997942,0.04907446158982901,4.200122222142272,0.23054984,2.2644374,0.14789943,0.118366289676996,4.072295031595472,0.0836854663397386,0.08370974408872012,-0.0114199704026476,0.047727215049008
503,16.766666,transport,unknown_no_ground_truth,0.5482590564343752,0.010624347039489163,0.21269510488188642,0.03878493634331397,4.209280957165017,0.23054984,2.285168,0.24156599,0.1170745490911305,4.008806315158915,0.08327007067047479,0.08229547603256002,-0.013538405059973545,0.03634532811224848
504,16.8,transport,unknown_no_ground_truth,0.5479240799344645,0.011651749306218004,0.21239522671731786,0.028836831861573174,4.1358805326029175,0.23054984,2.4072757,0.79328513,0.11602010529101346,3.928714454258305,0.08278291983155615,0.08128747145716858,-0.015140926163901433,0.024542111292876305
505,16.833334,transport,unknown_no_ground_truth,0.5475133571140103,0.012257129073526857,0.2120067091098502,0.022227748728042212,3.5277087430940623,0.23054984,2.2678022,0.16310261,0.11522596489609781,3.8487613368033435,0.08226064330090471,0.08068586958047912,-0.015503419316928068,0.015928490292569597
506,16.866667,transport,unknown_no_ground_truth,0.5470813626726105,0.012564987675340939,0.21158793973748985,0.018773915399438828,3.424110744977815,0.23052767,2.0768692,-0.6995895,0.1146418381729771,3.7685616452375106,0.08174936082484656,0.08037283785215073,-0.014572984525451624,0.011835878566723888
507,16.9,transport,unknown_no_ground_truth,0.5466790280973067,0.01271491001038914,0.21119383018645344,0.0162281631373805,3.3979524019982894,0.23052767,2.068588,-0.7370066,0.11420333004664156,3.70117931208723,0.08128912588515466,0.08021520184210482,-0.012802075321877764,0.009972970784395374
508,16.933332,transport,unknown_no_ground_truth,0.5463342137486318,0.01284587591573508,0.2108576703138026,0.014050257382699778,2.1409760754090055,0.23052767,2.039818,-0.8669979,0.11382753081203527,3.6482091166285384,0.08089590221372775,0.08007846012375511,-0.01087485451884772,0.00889647524101579
509,16.966667,transport,unknown_no_ground_truth,0.5460520994639247,0.013057311121357754,0.21058788259174527,0.013006566276332775,1.5953608764899128,0.23052767,2.1071007,-0.5629947,0.11344197698601022,3.609571455082543,0.08056411273463678,0.07986554877902743,-0.008924961214294315,0.00946128076023427
510,17.0,transport,unknown_no_ground_truth,0.545844123671479,0.013392879893382326,0.21039675186049628,0.014435128905099208,1.5953608764899128,0.23052767,2.055357,-0.79678833,0.11302148927068836,3.577347983620089,0.08030090955366256,0.07953377246062725,-0.007173455689498263,0.012526551000879519
511,17.033333,transport,unknown_no_ground_truth,0.5456954233715622,0.013893217792670652,0.21027147177181493,0.01798230384862015,1.5953608764899128,0.23052767,2.23413,0.010960979,0.1125233840698553,3.54693058888847,0.08008588968284615,0.07904278737645302,-0.0062988140248754765,0.016843045852343072
512,17.066668,transport,unknown_no_ground_truth,0.5455681577376819,0.014538308473782284,0.2101752024546487,0.02154012202573026,1.5953608764899128,0.23052767,2.2986257,0.30237222,0.11193409376685648,3.5186403854093498,0.0798809669653642,0.07841092056649898,-0.006888494695569571,0.020408956311199742
513,17.1,transport,unknown_no_ground_truth,0.5454059507427276,0.015281858414866453,0.21004782601189217,0.024135534069011862,1.883651567378763,0.2305129,2.1959474,-0.16155891,0.11124284287126958,3.4915334345084004,0.07962666997910689,0.07768245309025952,-0.009013733209613713,0.022389207632748844
514,17.133333,transport,unknown_no_ground_truth,0.5451626982104782,0.016059330292564004,0.20984201866422114,0.02540747603195287,2.6051421306204685,0.2305129,2.2176542,-0.06348104,0.11046210325916196,3.452256475957394,0.0792800606253643,0.07691910194273151,-0.0117619243748151,0.022521034019675694
515,17.166666,transport,unknown_no_ground_truth,0.544832304842884,0.016795432196972243,0.20954882419222223,0.02510938484015296,3.5926864883023764,0.2305129,2.283918,0.23591799,0.10964357067038757,3.392987212887717,0.0788425537019702,0.0761942538194595,-0.013960273901728975,0.02087083993613118
516,17.2,transport,unknown_no_ground_truth,0.544441775541843,0.01742244071108788,0.20919050635116043,0.02317750058448018,3.5926864883023764,0.2305129,2.2434845,0.05322781,0.10885876089238203,3.3179334049783558,0.07834934352167242,0.0755751956183229,-0.01471420728746782,0.01790778147189115
517,17.233334,transport,unknown_no_ground_truth,0.5440422503340814,0.017903671556087845,0.20881726994546326,0.019625484696983914,3.6890123069312093,0.2305129,2.1165073,-0.52049303,0.10817707344834895,3.249415013973943,0.07786160961355655,0.0750989278767387,-0.013487113986468086,0.01425683716353549
518,17.266666,transport,unknown_no_ground_truth,0.5437001153029021,0.018244525795282164,0.20849345225563676,0.015164605561093942,3.702789651304122,0.2305129,2.0396092,-0.86794156,0.10764677805405445,3.205311850690067,0.07745021636599775,0.07476157308590418,-0.010571145271679334,0.01087272502497019
519,17.3,transport,unknown_no_ground_truth,0.5434599059818439,0.018520124346890862,0.2082669086803132,0.011457510129683686,4.464307541820181,0.23050553,2.0536504,-0.80449927,0.10724698998709883,3.1828893716487237,0.07715687739361055,0.0744898189832693,-0.0071288034321433215,0.008969654396779502
520,17.333334,transport,unknown_no_ground_truth,0.543322567676847,0.01880810666511342,0.20814228692518524,0.011280251589665993,4.464307541820181,0.23050553,2.0304062,-0.90952325,0.10691985185892121,3.1818920193387137,0.07697494638118436,0.07420722573407156,-0.004265417968397402,0.010442714468998696
521,17.366667,transport,unknown_no_ground_truth,0.5432732518160897,0.019230886304802724,0.20810722179721802,0.016282576034358683,4.049018453011141,0.23050553,2.0690324,-0.7349986,0.10655972630817347,3.1845652398035966,0.07687252426543184,0.0737942428915253,-0.002564716494428686,0.016079319376698667
522,17.4,transport,unknown_no_ground_truth,0.5432747745231623,0.019892521437587074,0.20813553696804998,0.023708541685672192,4.049018453011141,0.23050553,2.117982,-0.51383024,0.10606350205872066,3.192806686462922,0.07680396790135084,0.07314791168289435,-0.002663938696435056,0.023558403585194225
523,17.433332,transport,unknown_no_ground_truth,0.5432586692113673,0.02081037951735125,0.2081630049215441,0.030964839455850927,4.049018453011141,0.23050553,2.2121816,-0.08820815,0.10536711666832158,3.206476659804743,0.07669493107348428,0.07225037593417204,-0.005222668378888149,0.030521222412131274
524,17.466667,transport,unknown_no_ground_truth,0.5431385789487679,0.021952158388724462,0.2081047539022966,0.03739424503611992,4.464307541820181,0.23050553,2.2181978,-0.06102492,0.10442804619528061,3.2272472299994446,0.07645576150184123,0.07113180277019016,-0.009963877323631753,0.036042346073764345
525,17.5,transport,unknown_no_ground_truth,0.5428561932611751,0.023256811861537698,0.20790250072260286,0.04255540425277119,4.883943456782413,0.23049812,2.1568367,-0.33827254,0.10324601703582918,3.2277162521232414,0.07603069071786844,0.06985036938146112,-0.016265434883531167,0.03932426806904845
526,17.533333,transport,unknown_no_ground_truth,0.54235464258563,0.02461019243131879,0.20749748618723565,0.04604885823634057,4.883943456782413,0.23049812,2.1615462,-0.31699368,0.10185948376768213,3.176222823517883,0.07537141579101583,0.06851645141917752,-0.023092749189024316,0.03983995833034226
527,17.566668,transport,unknown_no_ground_truth,0.5416390838659128,0.025884558498495032,0.20688347898258974,0.04771064704227364,4.753275243219452,0.23049812,2.1105208,-0.5475416,0.10036183250922101,3.114444326814717,0.07449112453603002,0.06725748872777364,-0.02875986785988918,0.03806804226479381
528,17.6,transport,unknown_no_ground_truth,0.540764174253115,0.02698683043978955,0.20610498921957576,0.04668832636386516,4.753275243219452,0.23049812,2.0591543,-0.7796311,0.0988628673813273,3.0675144161010333,0.0734540908428785,0.06616920042817552,-0.03140109101700896,0.034550995667278615
529,17.633333,transport,unknown_no_ground_truth,0.5398558741582913,0.02786721665264886,0.2052781964226927,0.04179319805579723,4.753275243219452,0.23049812,1.9920212,-1.0829582,0.09749954739290266,3.010595194670427,0.07239775054367473,0.06530488081328008,-0.02978608833999876,0.02931655411423524
530,17.666666,transport,unknown_no_ground_truth,0.5390461550664909,0.028517201062207592,0.20453364522162495,0.03358413815292884,4.753275243219452,0.23049812,2.0771937,-0.6981234,0.09638611854298931,2.962533837187153,0.07146838204597154,0.06467266977258819,-0.024737653030856226,0.022714375580235098
531,17.7,transport,unknown_no_ground_truth,0.5384127420640673,0.028942413708299246,0.20394614473558476,0.024485704142286964,3.4447830575125207,0.23049073,2.0108716,-0.99778634,0.09557852380885849,2.9222867065715095,0.07074854749722988,0.06426427655013896,-0.018507405179439614,0.016032019862377324
532,17.733334,transport,unknown_no_ground_truth,0.5379547929784456,0.029181835923669963,0.20351782701309393,0.016735371082343912,2.06895057832866,0.23049073,1.9791801,-1.1409782,0.09504637467151096,2.8934324080085863,0.070234542795581,0.06403844420731146,-0.012887844268327005,0.010675959693587441
533,17.766666,transport,unknown_no_ground_truth,0.5376433345723926,0.02930771252135102,0.20322552135507754,0.011816149771989583,2.06895057832866,0.23049073,2.035356,-0.8871585,0.09471322750118888,2.8828856580714954,0.06988937104395866,0.06392238480197557,-0.009143752463974008,0.007484195769196498
534,17.8,transport,unknown_no_ground_truth,0.5373998136717626,0.029394524812137487,0.2030008338552028,0.009800183896491264,2.06895057832866,0.23049073,2.0747857,-0.70900357,0.09446468671651616,2.876035548001715,0.06962496863810191,0.0638430949954094,-0.007549601011727575,0.006248770196508163
535,17.833334,transport,unknown_no_ground_truth,0.5371791155905086,0.029478815858333826,0.20279874977277268,0.010370146106522168,2.06895057832866,0.23049073,2.1474602,-0.38063848,0.09423657177359474,2.8627356761583984,0.06938604305321322,0.06376604495385861,-0.007951761022779266,0.006656532649001681
536,17.866667,transport,unknown_no_ground_truth,0.5369126044960093,0.02959805881036602,0.2025546032554399,0.012901010690066992,2.3324444620465052,0.23049073,2.1681075,-0.28734788,0.09394820683637298,2.858850453004038,0.06909486309341917,0.06365662150846192,-0.009889150509512962,0.008284973085377062
537,17.9,transport,unknown_no_ground_truth,0.5365763466578273,0.029742888522243344,0.20224500933620104,0.015146110081675221,2.3324444620465052,0.23047596,2.1002324,-0.594028,0.09358870847679429,2.8746620712468305,0.06872677645410401,0.06352540084550434,-0.011687959153902439,0.009633081616125338
538,17.933332,transport,unknown_no_ground_truth,0.5361970591690389,0.029864002438271593,0.20189368430971433,0.016338589047841617,2.3324444620465052,0.23047596,2.0999753,-0.5951893,0.09321592569432798,2.886457746162363,0.06831567775545634,0.06342063525275604,-0.012665063482449813,0.010322095671895619
539,17.966667,transport,unknown_no_ground_truth,0.5357932148451424,0.029957117288906782,0.20151881665439036,0.01763054480350023,2.4201634914729113,0.23047596,2.1325028,-0.44822058,0.0928480409823415,2.885010434306997,0.06788241042224531,0.06334616854652228,-0.013599300139019,0.01122030061081729
540,18.0,transport,unknown_no_ground_truth,0.5353566340869989,0.030144626876611083,0.2011214240459658,0.0200538312159746,3.076640398561369,0.23047596,2.2132409,-0.083421946,0.09238965166009495,2.864622982910999,0.06740906377684933,0.0631812144122155,-0.014706794387388322,0.013633280796854462
541,18.033333,transport,unknown_no_ground_truth,0.5349027209379533,0.03056203175823538,0.2007260966754816,0.024848889150810516,3.076640398561369,0.23047596,2.1116753,-0.54232556,0.0917524534536319,2.8376509108309254,0.06690197248571632,0.06279043551593941,-0.01523248389977317,0.019632593467813153
542,18.066668,transport,unknown_no_ground_truth,0.5344714341336562,0.031331841536908114,0.20037884249011673,0.03269363741278392,3.2615917040174036,0.23047596,2.270438,0.17501156,0.09087484007616517,2.825428612248629,0.0663935353695172,0.06204945624262362,-0.014581548264938644,0.029261790401064823
543,18.1,transport,unknown_no_ground_truth,0.5341082408345198,0.032501448610610245,0.20012775972133895,0.04149522920965359,3.4452941142978926,0.23046859,2.242703,0.0496966,0.0897576082622676,2.838087316042653,0.06592986947966314,0.060907146964516996,-0.013104800751475451,0.039371541047129664
544,18.133333,transport,unknown_no_ground_truth,0.5338158528493543,0.03398794816143406,0.19996925620644335,0.04729992631833564,3.4452941142978926,0.23046859,2.1587508,-0.32962438,0.08846782374943338,2.861116297674228,0.06551989537231846,0.05944492534574547,-0.01114018299009235,0.04596933056579395
545,18.166666,transport,unknown_no_ground_truth,0.533603612685078,0.035605636355214965,0.19989853428466514,0.04681287308399489,3.4452941142978926,0.23046859,2.0708818,-0.7266424,0.08715270881017116,2.9090118104003175,0.06518720199308102,0.05784655002040952,-0.008290746421587798,0.046072861970482604
546,18.2,transport,unknown_no_ground_truth,0.5334874876131377,0.037090960001815595,0.1999103618229726,0.03969237219139185,3.4452941142978926,0.23046859,2.13005,-0.4593033,0.08601563297016165,2.9543897181142573,0.06496716228048595,0.0563733708454494,-0.005421858212359337,0.03932032379959566
547,18.233334,transport,unknown_no_ground_truth,0.533422596514603,0.03824521697959207,0.19994638649082513,0.029164106811444542,2.571997300678793,0.23046859,2.2531621,0.09695431,0.08516066733396861,2.993877316709173,0.06482575114044975,0.055226454257387786,-0.004189529836221351,0.02886161751982652
548,18.266666,transport,unknown_no_ground_truth,0.5333369813188377,0.03902922983430106,0.19993365628063914,0.019295668086560528,2.571997300678793,0.23046859,2.1538699,-0.35167778,0.08455355579174116,3.0197006382305744,0.06468786457090664,0.05444982988295856,-0.005122551390122675,0.018603286649467688
549,18.3,transport,unknown_no_ground_truth,0.533168823787314,0.03949975509223945,0.19981812562877382,0.014310794481487109,2.571997300678793,0.23046859,2.1760256,-0.25157145,0.08410264961689783,3.0440909395343025,0.06448425294700234,0.05399108069347848,-0.007690747071396782,0.01206860589194807
550,18.333334,transport,unknown_no_ground_truth,0.5328901942171089,0.03979611893002219,0.19958360972723566,0.0151610751078708,2.571997300678793,0.23046859,2.2340837,0.010751994,0.08368774531791585,3.0641823557946957,0.06417511953630169,0.0537139902529847,-0.010652496496632607,0.010788072896292907
551,18.366667,transport,unknown_no_ground_truth,0.5325251515982053,0.04004294421926183,0.19925938632961426,0.01759132444077881,3.8372856507570905,0.23046859,2.1624904,-0.31272778,0.08323928463806744,3.109045434942122,0.06377409791232479,0.0534943262648145,-0.013127698188504225,0.011709749606728779
552,18.4,transport,unknown_no_ground_truth,0.5320951167895351,0.040275309725247906,0.19886699258948448,0.019008975245046418,3.8372856507570905,0.23046859,2.058938,-0.7806081,0.08274929436863705,3.1884463866975925,0.0632999530666902,0.05329691980088686,-0.014380510400885413,0.012431494700027591
553,18.433332,transport,unknown_no_ground_truth,0.5316556555334915,0.04051231692984486,0.19846592728181717,0.018024065206151744,3.8372856507570905,0.27253515,1.9628776,-1.2146376,0.08225077518332685,3.2928053875362244,0.06281541190827154,0.053098154817774544,-0.013620968362366648,0.011804073340462466
554,18.466667,transport,unknown_no_ground_truth,0.5312749249018605,0.04073174002375617,0.19811672197649408,0.014682260084821302,3.8372856507570905,0.27253515,1.981831,-1.1290008,0.08180878721773986,3.3585810949907335,0.062391864278832816,0.05291439253973481,-0.011165262399510921,0.009534446850678042
555,18.5,transport,unknown_no_ground_truth,0.5309898017864979,0.04087833116206355,0.1978488846102997,0.010789325058675425,1.7130507919911755,0.27253515,1.9948024,-1.0703921,0.08148796251872147,3.3663944147494114,0.06207106078372618,0.05279650981490655,-0.008416971354846852,0.006750120623622144
556,18.533333,transport,unknown_no_ground_truth,0.530770839138201,0.040917490047481804,0.19763843928897395,0.008888193491239522,1.0496330551937347,0.27253515,1.9750443,-1.1596652,0.0812942925014879,3.369027649563814,0.061830741452906436,0.0527799337314979,-0.007084434693279472,0.005367566358636919
557,18.566668,transport,unknown_no_ground_truth,0.530579544175128,0.04087888638219836,0.19742128149045873,0.00918653819696596,1.0496330551937347,0.27253515,1.9220823,-1.398963,0.08115901578352272,3.382217248030664,0.061598743786534,0.05284298067739015,-0.007887827251106446,0.004708998333087104
558,18.6,transport,unknown_no_ground_truth,0.5304130542754667,0.04087605917259696,0.19714313743070117,0.011103500168901298,1.0496330551937347,0.27253515,1.8977548,-1.508882,0.08096132594893642,3.382217248030664,0.0613048982940589,0.05288143099959586,-0.010497893536744731,0.0036168974677151565
559,18.633333,transport,unknown_no_ground_truth,0.5302587408603398,0.04103920494797203,0.19677373859312952,0.01674204654107142,1.0496330551937347,0.27253515,2.024522,-0.93610966,0.0805816802361467,3.382217248030664,0.06089889494075877,0.05277055793408879,-0.014903414726756445,0.007627866796536276
560,18.666666,alignment_or_advance_unresolved,unknown_no_ground_truth,0.5300610736268088,0.04146731729756611,0.1962643622481712,0.02646709538181688,1.7809018105664955,0.27253515,2.0857227,-0.659587,0.07990673951129543,3.409324424874572,0.060311352535748215,0.052417819247224676,-0.021306984819305385,0.015700940604310376
561,18.7,alignment_or_advance_unresolved,unknown_no_ground_truth,0.5297665990600773,0.04222888390787259,0.19556707383403943,0.03714550206751129,3.4489126902581453,0.27253515,2.0608296,-0.7720612,0.07884729143501347,3.448365646682407,0.05947838082549882,0.05176115899991888,-0.028277150020925075,0.024087156547454556
562,18.733334,alignment_or_advance_unresolved,unknown_no_ground_truth,0.5293718613588453,0.04325842106130496,0.19469933028368658,0.04468753674494169,3.4489126902581453,0.27253515,1.9364693,-1.3339583,0.07746405609862084,3.4712355074839567,0.05842621187073419,0.05086312764357258,-0.03357236918824921,0.0294935919721286
563,18.766666,alignment_or_advance_unresolved,unknown_no_ground_truth,0.5289109562792425,0.044405166776663965,0.19372130977794116,0.04652909046799941,3.4489126902581453,0.27253515,1.8126762,-1.8932924,0.07591447589509152,3.4855994382979456,0.057240257172968316,0.04986542498764932,-0.03562511569923934,0.029930041616995532
564,18.8,alignment_or_advance_unresolved,unknown_no_ground_truth,0.5284077119262303,0.04545344534164368,0.19273107795132677,0.04180516450081596,3.4489126902581453,0.27253515,1.730627,-2.2640154,0.07442849210399238,3.497581205586987,0.05605124054763462,0.04896793716244597,-0.033508947606848784,0.02499644393152246
565,18.833334,alignment_or_advance_unresolved,unknown_no_ground_truth,0.5279417608610488,0.04621962214473042,0.19184086789410276,0.031982512731292004,2.544687867664876,0.27253515,1.9727172,-1.1701796,0.07322693177670633,3.5165691938699752,0.055006290517826406,0.048337268653688786,-0.027252503771503775,0.01673864268067838
566,18.866667,alignment_or_advance_unresolved,unknown_no_ground_truth,0.5276139374679686,0.0466598912022835,0.1911624206907598,0.020110481482470775,2.013035708179738,0.27253515,1.9458984,-1.2913548,0.0724251035366615,3.5471562621997856,0.05423438212527915,0.048000285601080946,-0.018315405970080925,0.008305261561680283
567,18.9,alignment_or_advance_unresolved,unknown_no_ground_truth,0.5274561169921091,0.04683031522435073,0.19075062842818236,0.009397004522041274,1.0362159625879581,0.27253515,1.7963243,-1.9671754,0.0720174036465628,3.5570201792396623,0.05378528216189292,0.04789206459067638,-0.009200218196698846,0.0019130287819046482
568,18.933332,alignment_or_advance_unresolved,unknown_no_ground_truth,0.5274468926507002,0.04683819125503384,0.19058557239545504,0.0029218599097962186,0.9843748186997909,0.27253515,1.6366484,-2.6886384,0.0719058250749129,3.5664739079128247,0.05362104364329676,0.047908572910363725,-0.0025233549017938434,0.0014730734442203993
569,18.966667,alignment_or_advance_unresolved,unknown_no_ground_truth,0.5275145807334729,0.04680119252129042,0.19056711677161117,0.0029538676597019075,0.7088930372462123,0.3274839,1.7003137,-2.4009798,0.0719291478931904,3.584939092933965,0.053617050405606465,0.04794803669018277,0.0010627893452643598,0.00275605024602698
570,19.0,alignment_or_advance_unresolved,unknown_no_ground_truth,0.5276231718220511,0.04675865307451589,0.1906228565098817,0.0037471763660957536,0.7088930372462123,0.3274839,1.81897,-1.8648553,0.07200779804319467,3.6083011315712046,0.053691907714002104,0.04798230950111293,0.0021047669690555794,0.0031002075292791563
571,19.033333,alignment_or_advance_unresolved,unknown_no_ground_truth,0.5277344398039621,0.0467488216757352,0.1906735276996014,0.003191623062641691,0.9843748186997909,0.3274839,1.72716,-2.2796803,0.07205855198673193,3.6249773596846295,0.053757366053575596,0.04798521136148539,0.0011982190385759087,0.002958163097190646
572,19.066668,alignment_or_advance_unresolved,unknown_no_ground_truth,0.5278284054837862,0.046765836655872764,0.19067841538407979,0.0029020936551294885,1.0362159625879581,0.1830246,1.709098,-2.3612897,0.07205812056549177,3.6394665410583,0.05377177211532487,0.04796841943412894,-0.0003191635097102183,0.002884489944030364
573,19.1,alignment_or_advance_unresolved,unknown_no_ground_truth,0.5279170237521499,0.04680045910741386,0.19063557605481496,0.003813758438745971,1.7367517075081087,0.1830246,1.6923233,-2.4370825,0.07201353658522688,3.6749811169280986,0.053736106083310205,0.04794142628786761,-0.0016829654803954869,0.003422335550600393
574,19.133333,alignment_or_advance_unresolved,unknown_no_ground_truth,0.5280306703782298,0.0468512123825591,0.19055019188619599,0.005144262305403916,3.5792150291906184,0.1830246,1.7113615,-2.3510623,0.07193240495914559,3.742057683840007,0.05365957613573983,0.04790533135402837,-0.0028814267166226404,0.004261550743981923
575,19.166666,alignment_or_advance_unresolved,unknown_no_ground_truth,0.5281663167233243,0.046899044797346835,0.19042169399094913,0.006211523310707503,3.5792150291906184,0.1830246,1.6889677,-2.4522443,0.07182884889989752,3.839963910589808,0.0535440139121755,0.047879245069832335,-0.004137512583848621,0.004632926878114634
576,19.2,alignment_or_advance_unresolved,unknown_no_ground_truth,0.5283003802666174,0.04692258421394336,0.19024418829634482,0.00705834010047767,3.5792150291906184,0.1830246,1.6558521,-2.6018705,0.07171325529753936,3.94430145346618,0.053383720709306325,0.047884959523850884,-0.00567128496751354,0.004201986648154188
577,19.233334,alignment_or_advance_unresolved,unknown_no_ground_truth,0.5283953328816967,0.0469689421509801,0.19001660255034014,0.00776288284104506,3.5792150291906184,0.1830246,1.6487759,-2.6338427,0.07154478672290177,4.047404950939131,0.05316594146992847,0.04787524595071695,-0.007122342771393254,0.0030878120814865156
578,19.266666,alignment_or_advance_unresolved,unknown_no_ground_truth,0.5284301917577401,0.04706756881040493,0.18976465424878142,0.008971371792028613,3.2698095962764127,0.18113363,1.6450864,-2.650513,0.0713145040060659,4.112337961812398,0.05290890513317876,0.04781638044895785,-0.008277000523972714,0.003460747629770498
579,19.3,alignment_or_advance_unresolved,unknown_no_ground_truth,0.5283861381782595,0.04727033707552378,0.18950009603438622,0.011511685384827986,2.0215126464159954,0.18113363,1.7361246,-2.239175,0.07098741571279678,4.149769899827155,0.05261414988975024,0.04765463693031688,-0.009166732269251536,0.006963470392205657
580,19.333334,alignment_or_advance_unresolved,unknown_no_ground_truth,0.5283094330103474,0.04761319333477111,0.18923860716498586,0.014402480041006692,2.0215126464159954,0.18113363,1.6988608,-2.4075444,0.07055056260411527,4.17173817043709,0.0522977652846232,0.047353200842093546,-0.009090673815562358,0.01117099283459823
581,19.366667,alignment_or_advance_unresolved,unknown_no_ground_truth,0.5282723663332449,0.04809383993110976,0.1890196613318363,0.016595051851563968,2.0215126464159954,0.18113363,1.7382504,-2.2295704,0.07003858335941172,4.1872789451315935,0.052008110258127876,0.04691012285607104,-0.007716946013208664,0.014691646952786457
582,19.4,alignment_or_advance_unresolved,unknown_no_ground_truth,0.5283314053532012,0.04865470152446852,0.18886615382244867,0.01745808058767026,2.0215126464159954,0.18113363,1.792567,-1.9841517,0.06951722593953973,4.218294073424074,0.05178331009974729,0.04638031368417451,-0.005626042285264893,0.016526712498558225
583,19.433332,alignment_or_advance_unresolved,unknown_no_ground_truth,0.5284897209112083,0.04921071005408575,0.1887748864779883,0.016605573727537293,2.3538043833669406,0.18113363,1.7614259,-2.1248567,0.06905145502120831,4.281907858613075,0.05163304651930796,0.045849012504970435,-0.0034143823246145038,0.016250756048936214
584,19.466667,alignment_or_advance_unresolved,unknown_no_ground_truth,0.5287454807255314,0.04967246273081119,0.18873112181361584,0.014764338378072402,2.3538043833669406,0.18113363,1.74205,-2.2124023,0.06870125260693792,4.360739530972376,0.051555670844671,0.04540787281428449,-0.0015167194963425987,0.014686226530720402
585,19.5,alignment_or_advance_unresolved,unknown_no_ground_truth,0.5290409918944644,0.05002436845587152,0.18872049555521886,0.012341859344964533,2.5073976632317114,0.18113363,1.6996315,-2.4040623,0.06846292306493224,4.426322705670334,0.05153194234900711,0.04507361481325232,-0.00013358142978605095,0.012341136418195233
586,19.533333,alignment_or_advance_unresolved,unknown_no_ground_truth,0.5293128340178961,0.05026832168834399,0.18873622163056275,0.009548254440323901,2.873858508483639,0.18113363,1.6947724,-2.426017,0.06832243197879548,4.480483313069571,0.05154676555246874,0.04484289991265015,0.0005946118753229775,0.009529721904383672
587,19.566668,alignment_or_advance_unresolved,unknown_no_ground_truth,0.5295157850243811,0.050446349673953034,0.1887613570190384,0.007369586448602233,2.873858508483639,0.1810376,1.7116637,-2.3496969,0.06823031696390872,4.529833501025043,0.0515715693584492,0.04467381097356832,0.0008367866391361283,0.007321925466978269
588,19.6,alignment_or_advance_unresolved,unknown_no_ground_truth,0.5296616954958491,0.05060876178992127,0.1887979684657755,0.00637965387392162,2.873858508483639,0.1810376,1.7067542,-2.3718796,0.0681505946969172,4.583892334942573,0.05160256660587677,0.04451604965885371,0.001031542967239458,0.006295705096157375
589,19.633333,alignment_or_advance_unresolved,unknown_no_ground_truth,0.5297656245875231,0.050779394407055686,0.18884821708501626,0.005978289568439019,2.5073976632317114,0.1810376,1.6959343,-2.420767,0.06806833770365506,4.67005256095919,0.05164033783590262,0.044346072046266644,0.0010263525284960994,0.005889528559346364
590,19.666666,alignment_or_advance_unresolved,unknown_no_ground_truth,0.5298274300290067,0.05095719402683395,0.18889780021596653,0.005545028392287464,2.5073976632317114,0.1810376,1.7081145,-2.3657334,0.06797498080015502,4.758399516020048,0.05167098905938255,0.0441668077226169,0.0005499463030559669,0.0055176896374324255
591,19.7,alignment_or_advance_unresolved,unknown_no_ground_truth,0.5298553801693939,0.05112948285271808,0.18892587058320343,0.004686854299808266,2.5073976632317114,0.1810376,1.7098801,-2.3577557,0.06786758879897804,4.830473221031733,0.051676985112356605,0.04399430439368765,-0.0003485251969966236,0.004673877770619349
592,19.733334,alignment_or_advance_unresolved,unknown_no_ground_truth,0.529869194227109,0.05126640356411308,0.1889146390044136,0.003478325786935918,2.3307297923622983,0.1810376,1.5695424,-2.9918432,0.06775956678399268,4.87020203531392,0.0516477706403969,0.04386190463980469,-0.0014739821920954216,0.0031505756263655927
593,19.766666,alignment_or_advance_unresolved,unknown_no_ground_truth,0.529862102430277,0.051351038111672444,0.18885776291764675,0.0031557835316664727,1.4455606276574198,0.18089727,1.6322775,-2.7083876,0.06765833573287425,4.89453408121185,0.05157872113852029,0.04378682358720586,-0.002755936811819036,0.0015374595890617886
594,19.8,alignment_or_advance_unresolved,unknown_no_ground_truth,0.5298330332059975,0.051393577844164526,0.18875099361270717,0.004156019948398863,0.9805040925378803,0.18089727,1.563675,-3.0183537,0.06755331246589785,4.907036340393776,0.05146404433473093,0.04375959512870383,-0.0040872108248220735,0.0007531331123689595
595,19.833334,alignment_or_advance_unresolved,unknown_no_ground_truth,0.5297830750190006,0.05141333898296383,0.1885995887097659,0.0053089964580867646,0.9805040925378803,0.18089727,1.5609359,-3.0307302,0.06743370502652812,4.9036067847253415,0.051306219423975084,0.043760443576633515,-0.005201606245763699,0.0010624198115669196
596,19.866667,alignment_or_advance_unresolved,unknown_no_ground_truth,0.5297182039396299,0.0514416110382675,0.18841968848047763,0.006258065766311578,0.9805040925378803,0.18089727,1.5590041,-3.0394588,0.06728744792512734,4.896806423885573,0.05111728259227365,0.04375641745685266,-0.0060530878796468315,0.0015885572878412521
597,19.9,alignment_or_advance_unresolved,unknown_no_ground_truth,0.5296300287833408,0.05149860690043934,0.18822095908005487,0.007044936768138659,0.9805040925378803,0.18089727,1.5219488,-3.2068853,0.0671044949044335,4.8935360569854165,0.05090268641507963,0.04372561894481552,-0.006590047151284213,0.002490464336408535
598,19.933332,alignment_or_advance_unresolved,unknown_no_ground_truth,0.5295219660415136,0.05158996037594549,0.18801961446247262,0.007372392744358674,1.9543436311432067,0.18089727,1.5724759,-2.9785888,0.06689150517747851,4.909767074955873,0.05067795284709313,0.04366026294167775,-0.0065455441514446445,0.0033923482336813884
599,19.966667,alignment_or_advance_unresolved,unknown_no_ground_truth,0.5294056223617035,0.0517070193857416,0.187836512030004,0.007161617473095174,1.9543436311432067,0.18089727,1.6028018,-2.8415675,0.06666992561164758,4.948508868521286,0.0504662968817928,0.04356640747297594,-0.0059614978389652745,0.003968539825547233
600,20.0,alignment_or_advance_unresolved,unknown_no_ground_truth,0.5292933653233415,0.05183729379369044,0.18768122995667536,0.006430066687636162,1.9543436311432067,0.18089727,1.5490063,-3.0846314,0.06645692066192296,4.990966321300524,0.05028052767653755,0.04345561920435684,-0.004986030966167777,0.004060203543156959
601,20.033333,alignment_or_advance_unresolved,unknown_no_ground_truth,0.5292002486530472,0.05196543512935328,0.18756302302687572,0.005241996242649087,1.9543436311432067,0.18089727,1.5547837,-3.0585275,0.0662719516811428,5.026111979305734,0.050133899910490116,0.043342400249555685,-0.003806669011004943,0.003603858439034724
602,20.066668,alignment_or_advance_unresolved,unknown_no_ground_truth,0.5291286349321935,0.052069611340499825,0.18747866055352339,0.003825708417574547,1.6282786166779104,0.22192971,1.5541252,-3.061503,0.06612969546911449,5.050759723611695,0.050026733804795165,0.04324884423498491,-0.0026224282238205524,0.0027854829217229334
603,20.1,alignment_or_advance_unresolved,unknown_no_ground_truth,0.5290825200334214,0.05214632641265194,0.18742715145883232,0.002504347119701937,1.5563055476633227,0.22192971,1.525791,-3.189525,0.06603264155971919,5.076679632401859,0.049959081554224266,0.04317869754419096,-0.0015545498728769332,0.0019634482903039996
604,20.133333,alignment_or_advance_unresolved,unknown_no_ground_truth,0.5290577601362516,0.052199689270387484,0.18740165337400821,0.0017500421166629925,1.3212712947737886,0.22192971,1.512366,-3.250183,0.06597272647143439,5.0992286490842496,0.049923098734537985,0.043128701010072996,-0.0010451837351217867,0.001403651797965278
605,20.166666,alignment_or_advance_unresolved,unknown_no_ground_truth,0.5290304413428639,0.05223763146294198,0.18737652985347392,0.001677963391524247,0.5900883181868768,0.22192971,1.5268637,-3.1846786,0.06592437794138564,5.1043446228838585,0.04988940370617905,0.04309374670181907,-0.001174896055257262,0.0011979901513103012
606,20.2,alignment_or_advance_unresolved,unknown_no_ground_truth,0.5289904666211049,0.052264684391992416,0.18734028122652138,0.0019536958175899537,0.4459393833193114,0.22192971,1.5729344,-2.9765172,0.06587548386720415,5.112555558602696,0.04984475587294079,0.043070636014635434,-0.0014809297138327795,0.0012742741190009468
607,20.233334,alignment_or_advance_unresolved,unknown_no_ground_truth,0.5289396664080195,0.05228205350544119,0.18729441030224536,0.0022996625469862125,0.43000296351492256,0.22192971,1.5258204,-3.1893926,0.0658263595932313,5.110289853582013,0.049790689056483,0.043058064292046616,-0.0017747336690237669,0.0014624528142967736
608,20.266666,alignment_or_advance_unresolved,unknown_no_ground_truth,0.528878970257598,0.052289042953073,0.18723791563786563,0.0028871846623465284,0.43000296351492256,0.22192971,1.5202527,-3.2145488,0.06577704492939414,5.1065574711197455,0.049726442107852854,0.04305694595460637,-0.002232782638775416,0.0018304417397098796
609,20.3,alignment_or_advance_unresolved,unknown_no_ground_truth,0.5288000806945322,0.05228961585130227,0.1871621013419063,0.0035633381611462622,0.4459393833193114,0.22192971,1.5501775,-3.07934,0.06571796576861184,5.105167963552947,0.0496418391612974,0.04306435683309709,-0.0027549790641815675,0.0022599710632223774
610,20.333334,alignment_or_advance_unresolved,unknown_no_ground_truth,0.5287086308827861,0.052284592428824044,0.1870723433329673,0.00357448150485883,0.5036337201433582,0.22192971,1.5124018,-3.2500215,0.06565275383962733,5.105107068262098,0.049542758782612356,0.043078987208784156,-0.0027962046151284105,0.0022266921158778158
611,20.366667,alignment_or_advance_unresolved,unknown_no_ground_truth,0.528629637136234,0.052299395423467954,0.18699588750777923,0.0033035169830764083,0.5900883181868768,0.22192971,1.5388693,-3.1304338,0.06558274086026375,5.099554127456519,0.049455437115239885,0.04307267856176422,-0.002394803790349643,0.002275552518225241
612,20.4,alignment_or_advance_unresolved,unknown_no_ground_truth,0.5285680538861317,0.052396050407123404,0.1869446054742021,0.006468207993104526,0.7556145410206402,0.22192971,1.547464,-3.0916,0.06546898473363531,5.09871649831321,0.049383107642822444,0.042982515533532745,-0.0022667227977097287,0.006058026279276466
613,20.433332,alignment_or_advance_unresolved,unknown_no_ground_truth,0.5285066420104481,0.0527053506830292,0.18691834895891368,0.014020179952647049,1.3383059866001144,0.22192971,1.6293664,-2.7215407,0.06521027303258203,5.125089065590454,0.04930432457746106,0.042678604557134535,-0.0025872413218809955,0.013779391432387633
614,20.466667,alignment_or_advance_unresolved,unknown_no_ground_truth,0.5284379734488185,0.053321422954080454,0.18692344620620288,0.022946268957008274,1.6716517348294733,0.22192971,1.8006983,-1.9474123,0.06474018671079958,5.1675823949129605,0.049210606977680905,0.0420667081697322,-0.0030072220926856685,0.022748359816316975
615,20.5,alignment_or_advance_unresolved,unknown_no_ground_truth,0.5283600244233388,0.054227504797496995,0.18695960774262466,0.030659074989955244,2.0765727139111245,0.22192971,1.8209555,-1.855884,0.06407502431001483,5.20770614852294,0.0491038559090394,0.04116333411172238,-0.003489260975266783,0.030459874213236326
616,20.533333,alignment_or_advance_unresolved,unknown_no_ground_truth,0.5282665805280764,0.055356229755472906,0.18701143276418708,0.035053449806503933,2.2767020671945257,0.22192971,1.7771226,-2.053934,0.06325989905697663,5.247792091681671,0.0489779931435244,0.04003712048002142,-0.003970633275216759,0.03482783965064201
617,20.566668,alignment_or_advance_unresolved,unknown_no_ground_truth,0.5281598710848787,0.05655359805219136,0.18706195228207098,0.034164200891660154,2.2767020671945257,0.3475015,1.7323176,-2.2563767,0.062402144701159346,5.272817361651915,0.04883912800962493,0.038842853120798174,-0.003988746722189717,0.033930554403839804
618,20.6,alignment_or_advance_unresolved,unknown_no_ground_truth,0.5280618047876565,0.05762275527856815,0.1871043231482254,0.028076913879083495,2.2767020671945257,0.3475015,1.7059973,-2.3752992,0.06164378511154117,5.310350388424726,0.04871208717997505,0.037776828949084316,-0.0032248362572285163,0.027891101163050835
619,20.633333,alignment_or_advance_unresolved,unknown_no_ground_truth,0.5279952691694751,0.058416417006670454,0.1871414389726646,0.019045324993969447,2.2767020671945257,0.3475015,1.68551,-2.467867,0.06109164260095839,5.373059008169467,0.048624142219900954,0.036984883250621194,-0.002034516570602756,0.018936344590492118
620,20.666666,alignment_or_advance_unresolved,unknown_no_ground_truth,0.5279640806985793,0.05888710902893371,0.18716692233058177,0.010301426508853895,2.257644860229079,0.18542524,1.7607881,-2.1277385,0.06077018376809848,5.428403181538023,0.048576454820143694,0.03651497326186886,-0.0009534009926179322,0.0102572128117044
621,20.7,alignment_or_advance_unresolved,unknown_no_ground_truth,0.5279606918297509,0.05910103984062122,0.18718298964723473,0.004688805183415008,2.1998635164036244,0.18542524,1.6609026,-2.5790505,0.06062918126521559,5.47371359487671,0.04856056841796408,0.03630108560104778,-0.0002606550187063684,0.004681554550493097
622,20.733334,alignment_or_advance_unresolved,unknown_no_ground_truth,0.5279687380339586,0.059198421507120236,0.1871949119826109,0.003154492648557707,1.608461022535127,0.18542524,1.5676773,-3.0002706,0.060569532328564185,5.505274591490476,0.04855909146509648,0.03620335457641151,-0.00015306520732681053,0.003150776874377274
623,20.766666,alignment_or_advance_unresolved,unknown_no_ground_truth,0.5279681670031292,0.05931027447474521,0.1872027258645124,0.006174378036575236,1.608461022535127,0.18542524,1.5547751,-3.0585663,0.060495830355887806,5.529564362567632,0.04855036422716133,0.03609165587581609,-0.0007050429798175358,0.006133992055354546
624,20.8,alignment_or_advance_unresolved,unknown_no_ground_truth,0.5279408353362135,0.05960875091575964,0.18721168490620493,0.012830881992176055,1.608461022535127,0.18542524,1.7339113,-2.2491758,0.06028821914337624,5.544542781691527,0.04851208931995943,0.03579450456832773,-0.0016203253641784187,0.012728160841667105
625,20.833334,alignment_or_advance_unresolved,unknown_no_ground_truth,0.5278850237975808,0.06016120299006002,0.18723005218024596,0.020372963143183497,1.608461022535127,0.18542524,1.7246118,-2.2911937,0.05990662238297197,5.55724948389213,0.04844232458973483,0.03524407175226455,-0.0024846124292436126,0.020220888415447065
626,20.866667,alignment_or_advance_unresolved,unknown_no_ground_truth,0.5278049696533773,0.06095922156508529,0.18726151845027,0.02718206570219511,1.963250808479336,0.18542524,1.7519206,-2.1678045,0.05936383321473584,5.565149157123223,0.04834646246267506,0.03444828386570405,-0.00317825901846131,0.026995617523035496
627,20.9,alignment_or_advance_unresolved,unknown_no_ground_truth,0.5277065111565703,0.06196292218062772,0.18730544221783266,0.03219582196342564,2.3092885862848065,0.16924864,1.7349716,-2.2443848,0.05869300820102287,5.570929198978344,0.04823044390168448,0.033446875679677544,-0.00366151061157076,0.03198693939629041
628,20.933332,alignment_or_advance_unresolved,unknown_no_ground_truth,0.5275984477492626,0.06309347432976653,0.18735719849793786,0.03378658787190782,2.6282712411001716,0.16924864,1.7620796,-2.121903,0.05795117688442408,5.5852037862135715,0.0481023654953804,0.03231874589210796,-0.0037134232280296355,0.03358190000514679
629,20.966667,alignment_or_advance_unresolved,unknown_no_ground_truth,0.5275008884495017,0.06420339144133118,0.18741325223679284,0.03145113116873462,3.0663143576841194,0.16924864,1.8912184,-1.5384152,0.05724042813480976,5.617964850181505,0.04798286485538878,0.031210756051813563,-0.003224542840775995,0.031285395558646054
630,21.0,alignment_or_advance_unresolved,unknown_no_ground_truth,0.5274265319208311,0.06518009566608773,0.18747095882071696,0.02623948149974419,3.0663143576841194,0.16924864,1.771484,-2.079411,0.056633473579462724,5.699364212689344,0.04788740638854703,0.03023485801279457,-0.0024368628291024323,0.02612608062698185
631,21.033333,alignment_or_advance_unresolved,unknown_no_ground_truth,0.5273785361822514,0.06594494268385317,0.18752271271012755,0.0195866276317022,2.6282712411001716,0.16924864,1.7214875,-2.30531,0.05617178371826888,5.811852777585319,0.04782040982264431,0.029469945546035898,-0.0015898550659424466,0.01952199638490534
632,21.066668,alignment_or_advance_unresolved,unknown_no_ground_truth,0.5273552503362383,0.066480481823113,0.18756565223342583,0.012807914183765243,2.05301813417986,0.16924864,1.6877092,-2.4579306,0.05585890027123484,5.89674890593746,0.04778140157490529,0.02893362063498791,-0.0008027079537536726,0.012782735453715511
633,21.1,alignment_or_advance_unresolved,unknown_no_ground_truth,0.5273520669541792,0.06679508660557665,0.18759808656549018,0.006834896802438423,2.05301813417986,0.16924864,1.6569473,-2.5969222,0.05568350216922569,5.9421067981299664,0.04776690849652962,0.028617736921607358,-0.0002703209121796338,0.006829549099642036
634,21.133333,alignment_or_advance_unresolved,unknown_no_ground_truth,0.5273548684066831,0.06693348622309912,0.1876147067598602,0.0025748242106288744,1.1346375724210862,0.16924864,1.6553593,-2.6040971,0.055609056400597594,5.9633105330081095,0.047763380456886176,0.02847852947565214,-7.615193299605899e-05,0.0025736978452688595
635,21.166666,alignment_or_advance_unresolved,unknown_no_ground_truth,0.5273568802830598,0.06696555439361207,0.18761763351222227,0.0003032032112673861,0.9707685374450882,0.16924864,1.6132152,-2.7945166,0.05559130336861554,5.974568797165134,0.047761831778783875,0.028446448554373113,-0.00011057502761531096,0.0002823213604931947
636,21.2,alignment_or_advance_unresolved,unknown_no_ground_truth,0.5273512450127834,0.06695293404589756,0.18761054417361803,0.0011110203002322005,0.9707685374450882,0.16927078,1.6061704,-2.826347,0.055593143018179296,5.988393471876069,0.04775599378992607,0.02845984201952429,-0.0005455775401313799,0.0009678384447996686
637,21.233334,alignment_or_advance_unresolved,unknown_no_ground_truth,0.527324469796948,0.0669128349638056,0.18757698067913325,0.0033411238348957043,0.9707685374450882,0.16927078,1.5438538,-3.1079123,0.0555894773086113,5.99884829705292,0.047725475521585015,0.02850384138468359,-0.0026233757459691895,0.002069059732237998
638,21.266666,alignment_or_advance_unresolved,unknown_no_ground_truth,0.5271920765571276,0.06698176406305097,0.18745742158242074,0.009042905780042028,0.9707685374450882,0.16927078,1.6093938,-2.8117826,0.055438247521811715,6.002811078108263,0.04758110475324219,0.028450619654950507,-0.006381575459367975,0.006406999266670002
639,21.3,alignment_or_advance_unresolved,unknown_no_ground_truth,0.5269319364029339,0.06722337273387813,0.1872409548841954,0.017830930910999264,1.580887712603886,0.16927078,1.5740906,-2.9712932,0.05508876177580538,6.019087753261131,0.04730004367625015,0.028239644867035143,-0.011154323645927559,0.013911260228848085
640,21.333334,alignment_or_advance_unresolved,unknown_no_ground_truth,0.5264978399691759,0.06777538600008523,0.18690841053227308,0.028796157251516342,3.359524034473713,0.16927078,1.7191441,-2.3158982,0.05443582882020538,6.06575667544088,0.046837448216263594,0.027740095600619845,-0.01610545885555607,0.023871172311096242
641,21.366667,alignment_or_advance_unresolved,unknown_no_ground_truth,0.525918870688992,0.06867338332137343,0.18649494449154985,0.038321186364154054,3.359524034473713,0.16927078,1.7421736,-2.2118444,0.05349231990406268,6.140629108762496,0.04622635514052491,0.026917510641599977,-0.01945454457724666,0.03301566324713392
642,21.4,alignment_or_advance_unresolved,unknown_no_ground_truth,0.5252630781263665,0.06984295108239269,0.18605573022711386,0.04332247403663391,3.359524034473713,0.16927078,1.6770217,-2.5062196,0.05236222863190127,6.195672298112804,0.04554049845012123,0.02584310330076494,-0.020215102498787715,0.03831692038275422
643,21.433332,alignment_or_advance_unresolved,unknown_no_ground_truth,0.5246240794416843,0.07111418358201493,0.18565396245088955,0.042116796379460426,3.359524034473713,0.16924864,1.6132761,-2.7942414,0.05121560774198626,6.271948991272003,0.04487870228983775,0.024676720956421955,-0.018273375753594764,0.037946123330807664
644,21.466667,alignment_or_advance_unresolved,unknown_no_ground_truth,0.5240775672990572,0.07228324827447578,0.1853322579227989,0.035637224355865325,3.3161029289821866,0.16924864,1.6847687,-2.4712167,0.05021771872828191,6.326322261878463,0.044322248640356075,0.02360842116142648,-0.014850159763364382,0.032395748406123206
645,21.5,alignment_or_advance_unresolved,unknown_no_ground_truth,0.5236478376549623,0.07320373920204924,0.1850835434390224,0.028014645452396972,2.181649058811353,0.16924864,1.7115595,-2.3501675,0.04944676234655096,6.346471890291059,0.043888685807496476,0.022776425633692986,-0.012205673550673386,0.025215905555777653
646,21.533333,alignment_or_advance_unresolved,unknown_no_ground_truth,0.5232750863402024,0.07389872762171767,0.18484828024948757,0.02138689629353527,1.625807329427649,0.16924864,1.757806,-2.1412125,0.04882994629668547,6.358296468026178,0.04350854953810773,0.022166862033838084,-0.01068873184912942,0.018524317653501817
647,21.566668,alignment_or_advance_unresolved,unknown_no_ground_truth,0.5229557737625875,0.07436093677334774,0.18461998100184965,0.017133273516060893,1.5141338545615028,0.16924864,1.6660632,-2.5557337,0.0483606075848686,6.3621972383278065,0.043176082476541366,0.021784725565325534,-0.010036207481171434,0.013886093790948989
648,21.6,alignment_or_advance_unresolved,unknown_no_ground_truth,0.5226382300784741,0.07471842454095953,0.18437165277730744,0.015445520489134237,1.513295666892503,0.16924864,1.6056767,-2.828578,0.04793759751704016,6.35447326084168,0.04283947469854626,0.02151261637408035,-0.009987438609478198,0.011781985112966735
649,21.633333,alignment_or_advance_unresolved,unknown_no_ground_truth,0.52234094846098,0.07501810471888853,0.18411960858906337,0.013695564187197404,1.4522209795794014,0.16924864,1.6468043,-2.642751,0.04754750443470691,6.351240933256415,0.04251026343783338,0.021298889182642358,-0.009372758874066946,0.009985983651811343
650,21.666666,alignment_or_advance_unresolved,unknown_no_ground_truth,0.5220900400386959,0.07526531999941084,0.18388791196489065,0.011295538971777699,1.1272950837650615,0.16924864,1.6521468,-2.618612,0.04720737156270963,6.351600300737233,0.04221463368098541,0.0211296150707943,-0.00814203728548397,0.0078292036315795
651,21.7,alignment_or_advance_unresolved,unknown_no_ground_truth,0.5218975337621643,0.07544756383627348,0.18368827051043424,0.00901305060116254,1.1201850605894212,0.16924864,1.6327335,-2.7063272,0.04693350125764111,6.350195905636438,0.04196744213897337,0.021011600144037662,-0.007260940076138033,0.005339834299849486
652,21.733334,alignment_or_advance_unresolved,unknown_no_ground_truth,0.5217558407809313,0.07555531871893967,0.1834814114818796,0.008148251029350856,1.1201850605894212,0.16924864,1.6244203,-2.7438886,0.046698022751132925,6.348921460366687,0.04173057824400935,0.020958629923874827,-0.007489956061588376,0.0032085125888474896
653,21.766666,alignment_or_advance_unresolved,unknown_no_ground_truth,0.5216390569802265,0.07560178521334895,0.18323607486806776,0.009546692934173344,1.1201850605894212,0.16924864,1.6008049,-2.85059,0.04646677210367056,6.3456893968839925,0.04146811938567412,0.020965590484170373,-0.009146399156383357,0.002735457631093022
654,21.8,alignment_or_advance_unresolved,unknown_no_ground_truth,0.5214973870617421,0.07562316663272728,0.18290378731102613,0.01236926504429908,1.1201850605894212,0.16924864,1.5777944,-2.9545581,0.04617846810020421,6.338631363773932,0.04112082764307319,0.021012578376540216,-0.011963976353711138,0.0031403801591463297
655,21.833334,alignment_or_advance_unresolved,unknown_no_ground_truth,0.5213424946299192,0.0756403385781236,0.18246755560358052,0.014804836606316622,1.563929936354154,0.16924864,1.5481863,-3.0883365,0.04580842408060039,6.32762756814881,0.04067049014180976,0.02107896933849196,-0.014566955460288536,0.002643292559990798
656,21.866667,alignment_or_advance_unresolved,unknown_no_ground_truth,0.5212296619075427,0.07566159432385654,0.18195458998813874,0.016054433945552015,1.6475775038109253,0.24960719,1.5534934,-3.0643575,0.0453759609398393,6.337893414084245,0.040149702536335284,0.02114188301589085,-0.015965450845264767,0.001687965822973689
657,21.9,alignment_or_advance_unresolved,unknown_no_ground_truth,0.5212317104538764,0.0756879249027466,0.18140408958723636,0.016318408382925226,1.8756740859902339,0.24960719,1.6538458,-2.6109354,0.04491390790940784,6.357826743585827,0.039606143060442425,0.021180475810768193,-0.015547292981031666,0.00495702865776342
658,21.933332,alignment_or_advance_unresolved,unknown_no_ground_truth,0.5214073611055562,0.07571599100397056,0.18088270340398857,0.01612768283876349,2.270812483297196,0.24960719,1.6729163,-2.5247693,0.044479616317053,6.391360575177398,0.039113232218778805,0.02117997481377473,-0.013192436565048767,0.0092769483789073
659,21.966667,alignment_or_advance_unresolved,unknown_no_ground_truth,0.5217261457883364,0.07574484971015974,0.18045103070079363,0.01564863611119112,2.270812483297196,0.24960719,1.625601,-2.7385535,0.04412324946238432,6.4306276833657625,0.03872662746730608,0.021144963185787125,-0.01010846798730252,0.011945655573896099
660,22.0,alignment_or_advance_unresolved,unknown_no_ground_truth,0.5221088602285976,0.07577994391043415,0.1801131424800565,0.01398735601785708,2.270812483297196,0.24960719,1.6771624,-2.505584,0.043844151200253256,6.5175516539111324,0.03843933376203463,0.021088556479796655,-0.006973727271431021,0.012124902321832614
661,22.033333,alignment_or_advance_unresolved,unknown_no_ground_truth,0.5224678540085498,0.07581942103202588,0.17989083454213498,0.01052362843036528,2.270812483297196,0.24960719,1.6757759,-2.5118487,0.04365773743313337,6.603322137755014,0.038261719439368944,0.02102472029120558,-0.004165572157938921,0.009664096643628751
662,22.066668,alignment_or_advance_unresolved,unknown_no_ground_truth,0.5227112907079192,0.0758626976660446,0.179763274861041,0.006286116584881932,1.9897821868029193,0.24960719,1.6370747,-2.6867123,0.043541779581598515,6.648871755063321,0.038161615588116087,0.020966107527086778,-0.0022379967240527877,0.00587423462094056
663,22.1,alignment_or_advance_unresolved,unknown_no_ground_truth,0.522831368469932,0.07591453169143315,0.1797051853347275,0.00329290264390177,1.5721666940466712,0.24960719,1.6331285,-2.7045424,0.04347063925419344,6.678534177634771,0.03811252881679976,0.020907692946779945,-0.0008171569867617423,0.003189900042509441
664,22.133333,alignment_or_advance_unresolved,unknown_no_ground_truth,0.5228817308590941,0.07598768913740094,0.17970396343783346,0.0037609789251162582,1.5721666940466712,0.24960719,1.7182133,-2.320104,0.04342848779003856,6.697292066097914,0.03810713929037115,0.02082977404663285,-0.00023244920238572281,0.0037537887318652985
665,22.166666,alignment_or_advance_unresolved,unknown_no_ground_truth,0.5229686834201549,0.07612429901631637,0.1797025686071327,0.0070154896849219635,1.5721666940466712,0.24960719,1.7174331,-2.3236291,0.04335045452076462,6.720028263125987,0.03809703244074855,0.020685212746438822,-0.0010466421638557779,0.006936975976611549
666,22.2,alignment_or_advance_unresolved,unknown_no_ground_truth,0.523166490914635,0.07635475882106557,0.17965004043453192,0.011965499669048559,1.5721666940466712,0.24960719,1.7556174,-2.151101,0.04318280578063144,6.744012030114205,0.03803734530723768,0.02044297133651808,-0.0037763319401616937,0.011353964039387994
667,22.233334,alignment_or_advance_unresolved,unknown_no_ground_truth,0.5234580212649941,0.07670929776107391,0.17946872775260703,0.018151207709379343,2.6148568031152064,0.24960719,1.668588,-2.5443256,0.04284626231918804,6.776997604697533,0.037845295244439,0.020088201078889964,-0.008663409724246979,0.015950287560381318
668,22.266666,alignment_or_advance_unresolved,unknown_no_ground_truth,0.5238458296304909,0.07718901777703974,0.17909618045052633,0.024845325570114703,2.9008656926966103,0.24960719,1.6985435,-2.4089777,0.04229276570839923,6.826259883674305,0.03745979350841537,0.019632674335719805,-0.014617258069610804,0.020090444724081977
669,22.3,alignment_or_advance_unresolved,unknown_no_ground_truth,0.5243276499249822,0.07774796011171753,0.17851565144152243,0.031008958698945807,3.5377174320788356,0.24960719,1.6481897,-2.6364915,0.0415389772412558,6.871281269237055,0.03687082630430268,0.019131879099751524,-0.020927085665159554,0.022882583008830115
670,22.333334,alignment_or_advance_unresolved,unknown_no_ground_truth,0.5248795916883857,0.0783169578998941,0.1777059353595405,0.03539817738473121,3.9787115006611935,0.24960719,1.6918442,-2.4392474,0.04060998794149727,6.90732097067605,0.0360646093726124,0.018668558364518452,-0.02644025927188069,0.023536007558560636
671,22.366667,alignment_or_advance_unresolved,unknown_no_ground_truth,0.5254392332868979,0.0788222779637127,0.1767325600066394,0.036669834467416,4.021056116819986,0.35364714,1.6823802,-2.4820085,0.03959868088569896,6.954544773828325,0.03510814130146259,0.01831594775718574,-0.029635670776481746,0.021596383435558746
672,22.4,alignment_or_advance_unresolved,unknown_no_ground_truth,0.5259298726316355,0.07920878309972207,0.17568659988246252,0.03512253079411408,4.032576508019238,0.35364714,1.6898456,-2.4482777,0.038602770031977034,6.998564655412383,0.034088928259625395,0.018114050465089716,-0.03038908645547276,0.017609531333493633
673,22.433332,alignment_or_advance_unresolved,unknown_no_ground_truth,0.5262999956972684,0.07945076085144781,0.17464771920055694,0.03128095770602769,4.125272477454968,0.35364714,1.7505137,-2.1741612,0.03769312160886877,6.997019453754352,0.03308223324613851,0.01806480722479645,-0.028685621290758186,0.0124753134697888
674,22.466667,alignment_or_advance_unresolved,unknown_no_ground_truth,0.5265073019647661,0.07954730254954134,0.17371152016680783,0.025827206159729884,4.125272477454968,0.17949381,1.6571732,-2.5959015,0.0369367984365482,6.997019453754352,0.032176519921837725,0.018138319780557677,-0.024833644939324575,0.007094692174065633
675,22.5,alignment_or_advance_unresolved,unknown_no_ground_truth,0.526538933617732,0.0795758810558686,0.17294713242120774,0.019553634076722098,4.032576508019238,0.17949381,1.6172231,-2.7764075,0.0363343659842794,6.997019453754352,0.03142663955884501,0.018236021427877235,-0.019428686008371505,0.0022069811042365185
676,22.533333,alignment_or_advance_unresolved,unknown_no_ground_truth,0.526455807325044,0.07964916842024078,0.17241297138796688,0.013775984825973865,4.021056116819986,0.17949381,1.5861986,-2.9165857,0.03586606600551873,6.997019453754352,0.030881294033873165,0.018240624153402652,-0.01344129489071306,0.0030181699068066443
677,22.566668,alignment_or_advance_unresolved,unknown_no_ground_truth,0.5263203674261692,0.0798749886795886,0.1721067420797434,0.012852637489170822,2.0162237462345907,0.17949381,1.6973053,-2.4145725,0.035468870759582466,6.982469488226854,0.030530538735753333,0.018053448353836155,-0.008653685989394444,0.009502842165636422
678,22.6,alignment_or_advance_unresolved,unknown_no_ground_truth,0.5261867750153582,0.0803253600418092,0.1719606925151813,0.017760257481286682,1.5803892511998772,0.17949381,1.8495659,-1.7266139,0.03505488903560137,6.972848764052977,0.030304380399527535,0.01762072001647652,-0.005548154391251021,0.01687141750572374
679,22.633333,alignment_or_advance_unresolved,unknown_no_ground_truth,0.5260608042539051,0.08101713672961794,0.1719335991339961,0.023633993982232045,1.4550485050469142,0.17949381,1.9400086,-1.3179665,0.03458886856689161,6.964418566242577,0.03016066744364041,0.01693292556210627,-0.0038868194976766825,0.02331219221233089
680,22.666666,alignment_or_advance_unresolved,unknown_no_ground_truth,0.5259340137168298,0.08188052873172708,0.17196099815448612,0.026858852468627355,1.1379984578404787,0.17949381,1.893268,-1.5291547,0.034071908275814085,6.953505096502983,0.030045263069973342,0.016067890359707612,-0.0035378363695966236,0.026624831825824726
681,22.7,alignment_or_advance_unresolved,unknown_no_ground_truth,0.5258021770764472,0.08278806427327351,0.17199046220209557,0.026328101019339693,0.8795399492574502,0.1642036,1.8206253,-1.857376,0.03354519052336997,6.93808585898454,0.0299247946572416,0.015158709442796079,-0.0036613997961658746,0.026072266008484807
682,22.733334,alignment_or_advance_unresolved,unknown_no_ground_truth,0.5256796768386213,0.08361671287145465,0.1720037608170829,0.022537989806884703,0.7886460841740495,0.1642036,1.7515309,-2.1695652,0.033067737980370646,6.9246506771455945,0.029801180238317824,0.014330560056806654,-0.0034276627093265317,0.022275819017183885
683,22.766666,alignment_or_advance_unresolved,unknown_no_ground_truth,0.5255828057304126,0.08427437721129434,0.172007351738086,0.016869241784221972,0.5428565968840661,0.1642036,1.7548972,-2.154355,0.03269343246589685,6.913580771685,0.029696287311226664,0.013674466948705395,-0.0026432897791544467,0.01666086244820352
684,22.8,alignment_or_advance_unresolved,unknown_no_ground_truth,0.5255196224708292,0.084729842466158,0.17201067184862567,0.01098390869817615,0.3346050163846534,0.1642036,1.83555,-1.789942,0.03244096028333094,6.906913062449486,0.02962496361976327,0.013220341698774599,-0.0016968957724425617,0.010852041053522431
685,22.833334,alignment_or_advance_unresolved,unknown_no_ground_truth,0.5254856170035352,0.0850001378696074,0.17201270499915416,0.006229447761294551,0.2518840833994287,0.1642036,1.82099,-1.8557283,0.03229388761920332,6.90411758553874,0.029583147543079263,0.012951160527386613,-0.0009346706290429284,0.006158929308402735
686,22.866667,alignment_or_advance_unresolved,unknown_no_ground_truth,0.5254675276922077,0.08514184726616947,0.17201527259234323,0.003557470700491615,0.21704057078467728,0.1642036,1.7626599,-2.1192808,0.03221864969872842,6.903132767595314,0.02956266374486851,0.01280977364035797,-0.0005206129948180054,0.0035191703417826953
687,22.9,alignment_or_advance_unresolved,unknown_no_ground_truth,0.5254574155708616,0.08523559257871172,0.17201604218118483,0.0027233003713629284,0.21704057078467728,0.1642036,1.721864,-2.3036091,0.03216863787417082,6.903019571294355,0.02954844054188482,0.012716561021842135,-0.000537442861542912,0.002669741576115941
688,22.933332,alignment_or_advance_unresolved,unknown_no_ground_truth,0.5254464070490855,0.08532203089224699,0.1720083162222562,0.002886008666522594,0.21704057078467728,0.1642036,1.723732,-2.2951689,0.03211535740055788,6.902789102983623,0.029526834769750376,0.012631793595741975,-0.0014125481637022803,0.0025166949971072846
689,22.966667,alignment_or_advance_unresolved,unknown_no_ground_truth,0.5254211954236903,0.08541307794997006,0.17195117033634746,0.003950929376453679,0.2518840833994287,0.1642036,1.7508284,-2.1727393,0.03201609928171363,6.902075871097626,0.02945425293781242,0.012549007813046915,-0.0032615482925370154,0.0022298308620102847
690,23.0,alignment_or_advance_unresolved,unknown_no_ground_truth,0.5254049261399527,0.08549992014893393,0.17181856000053425,0.005623466912472158,0.515057201291877,0.1642036,1.6692376,-2.5413907,0.03185702853453697,6.897297528805585,0.029309412985766857,0.012483131717644569,-0.0053848153146355176,0.0016208467364115403
691,23.033333,alignment_or_advance_unresolved,unknown_no_ground_truth,0.5254213217935045,0.08556270770566224,0.17160743356301106,0.007743761568486586,0.9744720304882905,0.1642036,1.6890931,-2.4516776,0.0316496158608401,6.898873012323097,0.029095270750626987,0.012456460335362171,-0.007555017644571777,0.0016992797355876855
692,23.066668,alignment_or_advance_unresolved,unknown_no_ground_truth,0.5254510758176166,0.08559275087555804,0.17131280727753673,0.010097106171194399,2.1935097410006668,0.1642036,1.7237144,-2.2952485,0.03139171036144469,6.906434782301324,0.028805720564697303,0.01247677611265863,-0.009905166265488258,0.001959396408439445
693,23.1,alignment_or_advance_unresolved,unknown_no_ground_truth,0.5254502830198116,0.08559971776268648,0.17093593983455818,0.012678585718606345,2.4593329478744783,0.1642036,1.7446088,-2.2008414,0.031073242594302657,6.9254534752501105,0.02843493564828039,0.012529997605847255,-0.012547576535455343,0.001817927091755688
694,23.133333,alignment_or_advance_unresolved,unknown_no_ground_truth,0.5253480540821639,0.08559509081258382,0.17047388642200836,0.015659721648531442,2.5724985190583802,0.1642036,1.7031014,-2.388384,0.03067540287982813,6.9399036858789245,0.027969228279375695,0.012597722464633788,-0.015157076442520963,0.00393572303713821
695,23.166666,alignment_or_advance_unresolved,unknown_no_ground_truth,0.5251062331295999,0.08559542032669307,0.1699503054905621,0.01902442730874195,2.5724985190583802,0.1642036,1.7407975,-2.2180617,0.03020460298589993,6.9144059862973775,0.027424479368027974,0.012657644841298214,-0.017330188977903723,0.00784814528508174
696,23.2,alignment_or_advance_unresolved,unknown_no_ground_truth,0.5246913228588939,0.08564852507966941,0.16939012174459195,0.022808917649025113,2.6194527380919927,0.1642036,1.7748768,-2.0640812,0.029653229211839816,6.891804091471897,0.026813849693716058,0.012662206256917207,-0.019112931997899308,0.012447592327983996
697,23.233334,alignment_or_advance_unresolved,unknown_no_ground_truth,0.5241218892615822,0.08583040342371923,0.16881539864353087,0.025562222642167974,2.5724985190583802,0.16421099,1.7758894,-2.0595062,0.029004341290212298,6.874298126816013,0.026150283262538855,0.012546493492928383,-0.01961110141118304,0.01639609489628734
698,23.266666,alignment_or_advance_unresolved,unknown_no_ground_truth,0.5235068824617494,0.08619621435003012,0.16829414299432885,0.027208615045443738,2.4593329478744783,0.16421099,1.9418712,-1.309551,0.02830026155631633,6.829304300609206,0.025506462965230257,0.01226071576863494,-0.01810094121424656,0.020314149252418562
699,23.3,alignment_or_advance_unresolved,unknown_no_ground_truth,0.5229387163863086,0.0868489594432805,0.16789192379841816,0.029917288420637615,2.424529505835777,0.16421099,1.9744414,-1.162389,0.027549497648898826,6.780747430049088,0.02494357233792385,0.011695854809693998,-0.015221411414162962,0.025755635907591314
700,23.333334,alignment_or_advance_unresolved,unknown_no_ground_truth,0.5224687239245497,0.08776400806609055,0.16762899811647214,0.033124302043904735,2.244310007346905,0.16421099,1.9903519,-1.0905006,0.026794744302069927,6.741744388560853,0.024491681697853238,0.010868111603418029,-0.011875748531639984,0.03092225707656351
701,23.366667,alignment_or_advance_unresolved,unknown_no_ground_truth,0.5221143846580214,0.08885817859566927,0.16749178217327246,0.03440058908961898,1.691877078214319,0.16421099,1.8006176,-1.9477769,0.02608511273860997,6.714595853244956,0.024151852010731254,0.009855006394606186,-0.008898323699069066,0.03322981139066844
702,23.4,alignment_or_advance_unresolved,unknown_no_ground_truth,0.5218559376889376,0.08996516449885225,0.16743202064634316,0.03127096898538887,1.164123248297916,0.16421099,1.7662525,-2.1030483,0.025475455315766636,6.687234789697824,0.02389846920733499,0.008823944304656732,-0.006479751590560292,0.030592259161588312
703,23.433332,alignment_or_advance_unresolved,unknown_no_ground_truth,0.5216778462153624,0.09089508318926995,0.16741162524812758,0.02407270138412764,1.1262458837049483,0.1642036,1.8324667,-1.803873,0.025020398128500203,6.667506432777376,0.023719875190268084,0.007961648288310728,-0.0046185213692968635,0.023625499196646176
704,23.466667,alignment_or_advance_unresolved,unknown_no_ground_truth,0.5215488698900189,0.09153987334104421,0.16739260918464788,0.015341550500790137,0.6936116075845445,0.1642036,1.7994134,-1.9532175,0.024716609775228163,6.652682471106982,0.02359055328034687,0.007375404714862785,-0.0032985193042445985,0.014982754825726138
705,23.5,alignment_or_advance_unresolved,unknown_no_ground_truth,0.5214582389126193,0.09189292354384095,0.1673646757822555,0.007288767672150255,0.507714345079061,0.1642036,1.7975342,-1.9617083,0.024539400726212753,6.644003408505781,0.023499981935781723,0.007066331227701108,-0.0020075553036932583,0.007006843503404063
706,23.533333,alignment_or_advance_unresolved,unknown_no_ground_truth,0.5214159700156553,0.09200458611917094,0.1673427235795682,0.0020233878378268246,0.4035620697653429,0.1642036,1.7073131,-2.3693545,0.024471743158313235,6.641297923974717,0.0234567183107692,0.006974853352987124,-0.0008624216307795109,0.0018303899237673705
707,23.566668,alignment_or_advance_unresolved,unknown_no_ground_truth,0.5214036038798171,0.09201153673155729,0.16733085908196882,0.000705810198610357,0.3273608204407072,0.1642036,1.6699945,-2.537971,0.02445760796925301,6.64099713159003,0.023442474867052965,0.006973159949783053,-0.00032934349273426616,0.0006242602824591566
708,23.6,alignment_or_advance_unresolved,unknown_no_ground_truth,0.5213958895672898,0.09197008706771438,0.16731785611963979,0.0012842211913893257,0.3273608204407072,0.1642036,1.6461575,-2.6456735,0.024462513903381913,6.640603711563915,0.02343477459252397,0.007016119031968194,-0.00039702705848141664,0.0012213081442645885
709,23.633333,alignment_or_advance_unresolved,unknown_no_ground_truth,0.5213760360197466,0.09193809364171676,0.16729656934914539,0.0012286805983592751,0.3273608204407072,0.2454264,1.6548445,-2.606423,0.024455601780730585,6.640266974390625,0.023416006802040947,0.00705457893176092,-0.0007220438073228517,0.0009941371902766876
710,23.666666,alignment_or_advance_unresolved,unknown_no_ground_truth,0.5213471637621416,0.09192631964525502,0.16726866683915786,0.0020493849934281423,0.3273608204407072,0.2454264,1.6689842,-2.5425358,0.02443404367890489,6.636875970840719,0.023386639076252515,0.007077259584029043,-0.0014584319763376022,0.0014397760317787145
711,23.7,alignment_or_advance_unresolved,unknown_no_ground_truth,0.5212724454827119,0.09192282054382217,0.167208750561309,0.004723183430330275,0.355638560945778,0.2454264,1.6258988,-2.7372081,0.02437845494434946,6.629108415358689,0.02331876132072497,0.007109461016190855,-0.0033932910526370827,0.003285428061705138
712,23.733334,alignment_or_advance_unresolved,unknown_no_ground_truth,0.5211059504216037,0.09190871591650454,0.16706708888742466,0.009276263034345434,0.431558407444597,0.2454264,1.5952328,-2.8757663,0.02425072479167041,6.622202110534805,0.023160434993025215,0.007189708189849638,-0.006868241691101359,0.006235087164986606
713,23.766666,alignment_or_advance_unresolved,unknown_no_ground_truth,0.5208178198551132,0.0918668529168156,0.16679328492817772,0.014733276021046947,0.4906191062038253,0.2454264,1.590868,-2.895488,0.02401423186285704,6.612184356776624,0.02286088555705888,0.007352771144957205,-0.011327100486661119,0.009421582503881098
714,23.8,alignment_or_advance_unresolved,unknown_no_ground_truth,0.5204292947772432,0.09177995803574567,0.16636688750836814,0.020256397400613,1.2589735213532283,0.2454264,1.5457871,-3.099177,0.02366389659500168,6.603911607063792,0.022405306530936826,0.007614607101728347,-0.016104965024996178,0.012286241784826268
715,23.833334,alignment_or_advance_unresolved,unknown_no_ground_truth,0.5199601051016544,0.09163370951363686,0.16577653729970115,0.024659016572865775,1.4064654883351622,0.2454264,1.5087544,-3.2665017,0.02320435026407607,6.585460948965505,0.021787184437141945,0.007985015058212912,-0.020015754388591288,0.014402662066314601
716,23.866667,alignment_or_advance_unresolved,unknown_no_ground_truth,0.5194582076247926,0.0914433244163762,0.1650838639786632,0.026637444554918496,1.4064654883351622,0.2454264,1.5347962,-3.1488369,0.022692998570140805,6.554896138233338,0.02107092374139341,0.008425458847374208,-0.02191821181210528,0.015137550772038575
717,23.9,alignment_or_advance_unresolved,unknown_no_ground_truth,0.5189761242422978,0.09122658967710719,0.16435544287334175,0.02523898966612559,1.4064654883351622,0.2454264,1.581657,-2.9371057,0.02218482279006826,6.519954028237076,0.020325992705251407,0.00888934096391846,-0.021030803415988272,0.013953920848451528
718,23.933332,alignment_or_advance_unresolved,unknown_no_ground_truth,0.5186002934397732,0.09101039649865678,0.16370270129697861,0.020401122743895075,1.2685114859115085,0.2454264,1.4898921,-3.351727,0.021757232117988606,6.511296720945488,0.019668891662778076,0.009301174667424217,-0.01717731338288851,0.011006621377948464
719,23.966667,alignment_or_advance_unresolved,unknown_no_ground_truth,0.5183574149193647,0.09083165134099505,0.1632104060363882,0.014081988997888473,1.2685114859115085,0.2454264,1.4701757,-3.4408114,0.021452206402546227,6.504674678199722,0.019180819866074506,0.009606940657808141,-0.011939021071098128,0.0074674085197293785
720,24.0,alignment_or_advance_unresolved,unknown_no_ground_truth,0.5182306419188141,0.09070737602563805,0.16289468853228312,0.008034367780571828,1.2443355463165313,0.2454264,1.4339671,-3.6044128,0.02126459778674313,6.501082772847898,0.018872948891534135,0.00979769968765635,-0.006820696290607203,0.004246076747397278
721,24.033333,alignment_or_advance_unresolved,unknown_no_ground_truth,0.5181967271628896,0.09063525182457745,0.1627387159810227,0.0032653788020203973,1.2231599233567811,0.2454264,1.4070032,-3.726244,0.021176259247789327,6.510121930018422,0.018726113747208215,0.009887700423061094,-0.0025526264137866704,0.0020363686091478548
722,24.066668,alignment_or_advance_unresolved,unknown_no_ground_truth,0.5182387589166653,0.09060187823338697,0.1627044341742745,0.0017165871255439783,0.7835281367448138,0.2454264,1.4553047,-3.508003,0.02116117217402845,6.519614397545578,0.01870276568470231,0.009899584007522621,2.3847533142894297e-06,0.0017165854690445704
723,24.1,alignment_or_advance_unresolved,unknown_no_ground_truth,0.5182989112772911,0.09058782894796252,0.162718427078549,0.001360265340033958,0.6354414304505945,0.2454264,1.4807504,-3.3930318,0.02117418395861605,6.518293904099136,0.01872628294848867,0.009882934445115777,0.0006188471259164015,0.0012113422431512528
724,24.133333,alignment_or_advance_unresolved,unknown_no_ground_truth,0.5183233165859841,0.09058586443769802,0.16273301667459728,0.0011709230596556421,0.6354414304505945,0.2454264,1.4767535,-3.4110913,0.021184933071068446,6.517753560970035,0.018744021527626244,0.009872337423200928,-0.0008383461809100841,0.0008174573338020812
725,24.166666,alignment_or_advance_unresolved,unknown_no_ground_truth,0.5182389636729882,0.09058327377768033,0.1626686380030733,0.005145764278344939,0.6354414304505945,0.2454264,1.4963312,-3.3226333,0.021141371489272948,6.517298090946213,0.018670394059444737,0.009918365496012634,-0.0036125213320250165,0.003664502644828492
726,24.2,alignment_or_advance_unresolved,unknown_no_ground_truth,0.5180544242294088,0.09057053668903231,0.16252047157091631,0.008335756796340172,0.6354414304505945,0.3533295,1.4835217,-3.3805106,0.0210453946480544,6.5101936642535705,0.018503165302122305,0.010027038929549143,-0.005924005188319321,0.00586438435784159
727,24.233334,alignment_or_advance_unresolved,unknown_no_ground_truth,0.517810270241079,0.09054721688732931,0.1623169105056202,0.010108441660720857,0.6354414304505945,0.3533295,1.4648111,-3.4650507,0.020919199040526592,6.490389205691417,0.018275471436349906,0.010179392529828461,-0.007280403085993325,0.0070125832411213436
728,24.266666,alignment_or_advance_unresolved,unknown_no_ground_truth,0.5175439477761972,0.0905138383325082,0.16208421346088978,0.010242596727448696,0.6354414304505945,0.3533295,1.4126105,-3.7009082,0.020781914726232607,6.465978670735237,0.01801781253314282,0.010355984318688654,-0.007476212561614124,0.007001216569618877
729,24.3,alignment_or_advance_unresolved,unknown_no_ground_truth,0.5173040643614094,0.09047464524887104,0.161864423109186,0.008591286800471692,0.6354414304505945,0.3533295,1.4190485,-3.6718194,0.02065951679270952,6.45055778174511,0.017777064902343657,0.01052575876438882,-0.006373311580640499,0.005761172483447517
730,24.333334,alignment_or_advance_unresolved,unknown_no_ground_truth,0.5171309376441493,0.09044008382178342,0.16169425710612834,0.0058622031647424765,0.2796751018332968,0.3533295,1.3600944,-3.9381917,0.020568168175443716,6.445472961732382,0.017592909804710836,0.010655471209507588,-0.004458108559058294,0.0038066644218223244
731,24.366667,alignment_or_advance_unresolved,unknown_no_ground_truth,0.5170379710734567,0.09040709683058884,0.16158629997259244,0.003304697250582693,0.2661431930777673,0.3533295,1.374718,-3.8721182,0.020514963835897536,6.442330529004222,0.017479862449445636,0.01073862886669635,-0.0025527675697735487,0.002098666636872388
732,24.4,alignment_or_advance_unresolved,unknown_no_ground_truth,0.5170026160238469,0.09037408482403902,0.16152778161020373,0.00178498524874077,0.175233761028383,0.16085748,1.3758588,-3.8669636,0.020492564259022808,6.439926478892073,0.017422727907648795,0.010788593150462893,-0.0013030428795124482,0.0012199391756862535
733,24.433332,alignment_or_advance_unresolved,unknown_no_ground_truth,0.5169884139454239,0.09034828466198132,0.16149549495131313,0.0011406400276569944,0.175233761028383,0.16085748,1.3954446,-3.7784688,0.020483743788359165,6.439597507333154,0.017392994255171178,0.010819774046934858,-0.0006007857504172578,0.0009695958718914398
734,24.466667,alignment_or_advance_unresolved,unknown_no_ground_truth,0.5169934293312993,0.09031603335742508,0.16147950781693643,0.0013162778447772972,0.175233761028383,0.16085748,1.3517488,-3.9758997,0.02048850302306469,6.441165374471411,0.01738266328134754,0.010845357226639566,-7.630240909956113e-05,0.0013140644227042943
735,24.5,alignment_or_advance_unresolved,unknown_no_ground_truth,0.5170248041579976,0.09027134604584983,0.16147410289864333,0.0020667990306978347,0.2661431930777673,0.16085748,1.4112079,-3.7072456,0.020504491173704252,6.4412999633957115,0.01738791928431407,0.01086712571265716,0.0003863105249757255,0.002030374943596992
736,24.533333,alignment_or_advance_unresolved,unknown_no_ground_truth,0.517085275570673,0.09021333142795337,0.16147843640768106,0.002749964471040235,0.4262581685826315,0.16085748,1.3803504,-3.8466694,0.020531262093107704,6.445881958568645,0.01740841692173917,0.010884840072999996,0.0007222657170768444,0.002653419835970002
737,24.566668,alignment_or_advance_unresolved,unknown_no_ground_truth,0.517158346860786,0.09014643734786408,0.16148707913120014,0.00295345706980654,0.4262581685826315,0.16085748,1.3952082,-3.779537,0.02056488735518911,6.45577456003686,0.01743605856764183,0.010904056747714627,0.0008283722545428318,0.0028349088294147766
738,24.6,alignment_or_advance_unresolved,unknown_no_ground_truth,0.5172301379717601,0.09008111493882048,0.1614960778031083,0.002776142039102168,0.4262581685826315,0.16085748,1.3830566,-3.8344414,0.02059851057724834,6.465876202545357,0.017463655299510845,0.01092334113634095,0.0007748570218383329,0.002665813425012743
739,24.633333,alignment_or_advance_unresolved,unknown_no_ground_truth,0.5172924247076524,0.0900199019513521,0.16150332877268572,0.002222154651867856,0.4262581685826315,0.16085748,1.3795056,-3.850486,0.02063021291494914,6.4736254998405585,0.01748771491093361,0.010944656783565425,0.0005372586481137789,0.0021562292182986734
740,24.666666,alignment_or_advance_unresolved,unknown_no_ground_truth,0.5173291829525062,0.08997118506424079,0.16150324585936182,0.0013650503967114283,0.14952396254891184,0.16085748,1.4030422,-3.7441409,0.02065295649521167,6.473433551054919,0.017499471993921885,0.010968732466746081,0.00017215918720528268,0.0013541505824031699
741,24.7,alignment_or_advance_unresolved,unknown_no_ground_truth,0.5173401593746202,0.0899426741442608,0.1614972662108956,0.0007355422588419594,0.12321384772600197,0.16085748,1.3625436,-3.9271257,0.02066321144781917,6.473851672822075,0.01749917883156395,0.010988496146344569,-9.577475579709709e-05,0.0007292802003992281
742,24.733334,alignment_or_advance_unresolved,unknown_no_ground_truth,0.5173390238419489,0.08992541752792343,0.16148865142124652,0.00046211851493510776,0.11079821334729671,0.16085748,1.3426161,-4.017164,0.020666642453832176,6.475121716055504,0.01749310007858124,0.011004615393337443,-0.00019224932212427178,0.0004202305557531334
743,24.766666,alignment_or_advance_unresolved,unknown_no_ground_truth,0.5173368569827661,0.08991685134246924,0.16148079275362748,0.00028582367883791653,0.10186337067081046,0.16085748,1.3845049,-3.8278978,0.020665746443837302,6.475718667637641,0.017486362406466983,0.01101363726798156,-0.0001404406045804614,0.0002489409808961051
744,24.8,alignment_or_advance_unresolved,unknown_no_ground_truth,0.5173417148225952,0.08991090917533115,0.16147659551522237,0.00023045819942999244,0.08517027596760451,0.16085748,1.3673574,-3.9053755,0.0206651607983283,6.4766963950263055,0.017483737515065868,0.011016705193706657,-8.487781263158254e-05,0.00021425857884199676
745,24.833334,alignment_or_advance_unresolved,unknown_no_ground_truth,0.517344366841252,0.08990635830588271,0.1614724647709583,0.00019402423765759052,0.0690388393926015,0.16085748,1.3772105,-3.860856,0.020664148210004847,6.477303644944104,0.01748069096375725,0.011019639952133741,-9.783859527213576e-05,0.00016755003453829657
746,24.866667,alignment_or_advance_unresolved,unknown_no_ground_truth,0.5173444473368609,0.08990146478742997,0.1614681956559928,0.00017346933191173916,0.03546348215566804,0.16085748,1.3837358,-3.831373,0.020663618486870764,6.47730059576986,0.017477227700423436,0.01102413900848946,-9.740059332917631e-05,0.00014354349004057812
747,24.9,alignment_or_advance_unresolved,unknown_no_ground_truth,0.5173434706449997,0.08989783935338319,0.1614646955581802,0.00012916022465435172,0.024189573943805116,0.16085748,1.3803694,-3.8465831,0.02066311634353917,6.477365982352677,0.017474197690360967,0.0110280003674655,-0.00010987510332338033,6.789569428497733e-05
748,24.933332,alignment_or_advance_unresolved,unknown_no_ground_truth,0.5173401454115665,0.08989949970360886,0.16146100027896035,0.00018097300886958477,0.024067164254015175,0.16087225,1.4002819,-3.7566128,0.020659708127066058,6.477331983752216,0.01746990280576991,0.011028419463028778,-0.00013477511392887616,0.00012077623360897316
749,24.966667,alignment_or_advance_unresolved,unknown_no_ground_truth,0.5173363986779335,0.0899044163162328,0.16145742846470168,0.0001585833658441042,0.024067164254015175,0.16087225,1.3929337,-3.789814,0.020654548316900896,6.477303468613892,0.017465199717985228,0.011026203561792352,-0.00012371550705064698,9.921268687847494e-05
750,25.0,alignment_or_advance_unresolved,unknown_no_ground_truth,0.5173354324316781,0.08989522501398942,0.1614525874325167,0.0005163702353426996,0.024067164254015175,0.16087225,1.3790034,-3.8527553,0.020656254627205686,6.477295982174962,0.017461667748842814,0.01103499046909326,-7.671596563625366e-05,0.0005106396778202533
751,25.033333,alignment_or_advance_unresolved,unknown_no_ground_truth,0.5173368097299792,0.08987152803306722,0.16144726902047551,0.0011193853706000544,0.024067164254015175,0.16087225,1.3830384,-3.834524,0.020665773784889607,6.477109421103556,0.017460085398639625,0.011055298458225449,1.3961261649739117e-05,0.0011192983029945898
752,25.066668,alignment_or_advance_unresolved,unknown_no_ground_truth,0.5173436031854695,0.08982186915868753,0.16144154095514124,0.002096654066122459,0.1633841442777192,0.16087225,1.3700007,-3.8934321,0.020689501289924698,6.476639450554075,0.017462585924982094,0.011095654844956787,0.0001585102453385811,0.0020906536717281857
753,25.1,alignment_or_advance_unresolved,unknown_no_ground_truth,0.5173575279025928,0.08973385513673518,0.16143486011346986,0.003456410748193803,0.3174540941095802,0.16086486,1.3679444,-3.9027233,0.020734250553222488,6.4766683568116665,0.017470665391442267,0.01116624362908442,0.000345738667242112,0.003439075462126891
754,25.133333,alignment_or_advance_unresolved,unknown_no_ground_truth,0.5173795955041978,0.0895947686498908,0.1614265388308958,0.0048521505496678915,0.3720254705357077,0.16086486,1.3401388,-4.028357,0.02080730412475002,6.477601316151467,0.01748563481630132,0.011278141691377638,0.00045844530864029055,0.004830444374550661
755,25.166666,alignment_or_advance_unresolved,unknown_no_ground_truth,0.5174019163259481,0.08941421399282098,0.16141265250059758,0.00577790797159478,0.4314427625649198,0.16086486,1.3351991,-4.050676,0.02090169153600632,6.478494692237544,0.017501227943727608,0.011427498830804845,0.0004532011840742241,0.005760106701700258
756,25.2,alignment_or_advance_unresolved,unknown_no_ground_truth,0.5174229167446527,0.0892133186877789,0.16139490959560196,0.0063146508478154825,0.5583099146389114,0.16086486,1.3141595,-4.145739,0.021006849111207156,6.479550775996779,0.017515835753500273,0.011596689503363726,0.0004830267743657778,0.006296149653960156
757,25.233334,alignment_or_advance_unresolved,unknown_no_ground_truth,0.5174493042733117,0.08899740870265571,0.16137728432110976,0.006695465499190613,0.597842561490367,0.16086486,1.3156587,-4.1389656,0.02112202181036098,6.478901075098999,0.017533442812095096,0.011777868589535034,0.0005920438472529939,0.006669238512287717
758,25.266666,alignment_or_advance_unresolved,unknown_no_ground_truth,0.5174846077067474,0.08877250989042662,0.16136148996660285,0.006583972964963161,0.597842561490367,0.16086486,1.3060588,-4.182341,0.021244577284436447,6.47153776138851,0.017555304738558843,0.011964252568828802,0.0006920331065932272,0.00654750259127438
759,25.3,alignment_or_advance_unresolved,unknown_no_ground_truth,0.5175245232546027,0.08856582254107032,0.16135025702048167,0.0058563380686318,0.597842561490367,0.16086486,1.3270054,-4.087698,0.02136021090977676,6.472884234867737,0.017579577645639763,0.012133303750877952,0.0007714437827870647,0.0058053053377152535
760,25.333334,alignment_or_advance_unresolved,unknown_no_ground_truth,0.5175704430363124,0.0883919508274302,0.16134604472635733,0.004965580554913732,0.545673901099656,0.24694066,1.3441998,-4.0100083,0.021460910570375722,6.4750104271509805,0.017606722348794367,0.012270860224211236,0.0009371549790293201,0.004876343998593405
761,25.366667,alignment_or_advance_unresolved,unknown_no_ground_truth,0.5176329938457538,0.08825306146233569,0.16135321375256198,0.004309425971759448,0.545673901099656,0.24694066,1.4127225,-3.7004025,0.021546634252265287,6.476417739844247,0.017642067840864462,0.012369918750712458,0.0011246895521279904,0.004160075193720541
762,25.4,alignment_or_advance_unresolved,unknown_no_ground_truth,0.517705127742619,0.08813907053610978,0.1613671992314833,0.003794746050297756,0.545673901099656,0.24694066,1.3739785,-3.8754592,0.021620981199713774,6.478559496296545,0.017681700503426732,0.012442841128355506,0.0011262378716583765,0.0036237668030231793
763,25.433332,alignment_or_advance_unresolved,unknown_no_ground_truth,0.5177731020564106,0.08804417338186855,0.16138030492512306,0.0033233927718620236,0.5449674337150217,0.24694066,1.3849193,-3.8260255,0.021683440937808784,6.484233286217837,0.017717149215217293,0.01250096934598142,0.0009666745873856243,0.0031796980608491078
764,25.466667,alignment_or_advance_unresolved,unknown_no_ground_truth,0.5178283923005065,0.0879563402713809,0.1613895348842969,0.0033653771638253865,0.5193394673876948,0.24694066,1.4508024,-3.5283458,0.021740403002577117,6.493152965507242,0.017746133132545323,0.012558657633538755,0.0009160188036368758,0.003238313296483382
765,25.5,alignment_or_advance_unresolved,unknown_no_ground_truth,0.5178890344235496,0.08785297671909714,0.16139892692685817,0.003865456990688909,0.5193394673876948,0.24694066,1.466452,-3.4576364,0.02180730577958715,6.4962404123453785,0.01777823061259713,0.012629057829059516,0.0010813773625072995,0.0037111158357995932
766,25.533333,alignment_or_advance_unresolved,unknown_no_ground_truth,0.5179607358136696,0.08773647189778477,0.16141296285947834,0.004230902683647484,0.5449674337150217,0.24694066,1.4608458,-3.482967,0.02188545553104551,6.498430756335974,0.017818223852111986,0.012707637961375745,0.0012780204903503991,0.004033261849265431
767,25.566668,alignment_or_advance_unresolved,unknown_no_ground_truth,0.5180425621155533,0.08761852325619726,0.1614307603552504,0.004227714634596497,0.7896510780399654,0.24694066,1.4772648,-3.4087813,0.02196681895799791,6.5017759092491865,0.017863420574223077,0.012784339659203371,0.0014194377404745905,0.003982306810442635
768,25.6,alignment_or_advance_unresolved,unknown_no_ground_truth,0.5181323801853167,0.08751673650760429,0.16145424540288594,0.0040057015368174685,0.7288910958429567,0.24694066,1.5933527,-2.8842614,0.022041554875104858,6.51511128175728,0.01791286690324042,0.012843649816896006,0.0015624451970877732,0.003688415623022869
769,25.633333,alignment_or_advance_unresolved,unknown_no_ground_truth,0.5182375973430344,0.08744451471383655,0.1614854785311819,0.003873818685371357,0.8654374046099026,0.24694066,1.6105628,-2.806501,0.02210154660804729,6.527705957836028,0.017967581991362783,0.012870289812251405,0.0016929220941005717,0.003484320018373514
770,25.666666,alignment_or_advance_unresolved,unknown_no_ground_truth,0.518354541776695,0.08740474559919693,0.16152349601675253,0.003967956430318593,0.9439243160970341,0.24694066,1.6231321,-2.7497091,0.02214460157794904,6.538970321297747,0.01802572664690201,0.01286299179418498,0.0017702622704877061,0.003551175823103438
771,25.7,alignment_or_advance_unresolved,unknown_no_ground_truth,0.5184792787704315,0.08737006078561363,0.1615629976480803,0.004092615749746071,0.9561734752373474,0.24694066,1.6127837,-2.7964664,0.02218536470404432,6.548847888895207,0.01808558829890754,0.01284919853274414,0.0017416773859953143,0.0037035204276717744
772,25.733334,alignment_or_advance_unresolved,unknown_no_ground_truth,0.5185978310615895,0.08730394018847118,0.16159496834866327,0.004542006726414997,0.9561734752373474,0.24694066,1.6126611,-2.7970202,0.022242613698077476,6.561571025026329,0.01814185309075702,0.012868839518592726,0.001663090993298117,0.004226577037131792
773,25.766666,alignment_or_advance_unresolved,unknown_no_ground_truth,0.5187119751217446,0.08718424356408302,0.1616178581087323,0.005441308269490697,0.9439243160970341,0.24694066,1.6134205,-2.793589,0.022329809102966947,6.575988215481946,0.018196459332987375,0.012942536162510121,0.0016325089744203365,0.005190640628290972
774,25.8,alignment_or_advance_unresolved,unknown_no_ground_truth,0.5188182536084545,0.08701857522888021,0.16163455482397648,0.006300118378512622,0.9439243160970341,0.24694066,1.6500022,-2.6283019,0.02244466018812354,6.567729082313611,0.018250685354817105,0.013064273995894386,0.0015864318565705577,0.006097107965890928
775,25.833334,alignment_or_advance_unresolved,unknown_no_ground_truth,0.518913895656015,0.086816929904213,0.16164454208979234,0.0069186935157436215,1.1324841267560415,0.24694066,1.6478658,-2.637955,0.02258070128353084,6.54562304811297,0.018302209849278155,0.01322562607550346,0.0013993637451907943,0.006775699305122566
776,25.866667,alignment_or_advance_unresolved,unknown_no_ground_truth,0.5189851962299283,0.08658868785708329,0.16164383432096285,0.007303201624019073,1.2710127170546484,0.3547625,1.6245046,-2.7435079,0.022729969363862856,6.5301288114935865,0.018343990948490693,0.013421978369966015,0.0010681028285130139,0.00722467371642466
777,25.9,alignment_or_advance_unresolved,unknown_no_ground_truth,0.5190321304052814,0.08634481460906877,0.1616314017797601,0.007680465452826603,1.2795381697948152,0.3547625,1.7193059,-2.3151674,0.022884504962168505,6.509682123458254,0.018373415613471493,0.013642513187025215,0.0008828915581964972,0.007629551236378737
778,25.933332,alignment_or_advance_unresolved,unknown_no_ground_truth,0.5190647472777269,0.08608352876602846,0.16161826744254204,0.008333028004832427,2.0300871665187796,0.3547625,1.8366202,-1.7851062,0.023053108345380355,6.459283154106709,0.018402849483851694,0.013884557438339364,0.000986150368861449,0.008274470567916472
779,25.966667,alignment_or_advance_unresolved,unknown_no_ground_truth,0.5190906070882321,0.08579282330033888,0.16160864179180912,0.010071420026173212,3.5329610881853593,0.17662044,1.9604995,-1.2253826,0.02324694451224786,6.364443527995765,0.01843914736616614,0.014156916103598951,0.001146905011199399,0.010005903769219877
780,26.0,alignment_or_advance_unresolved,unknown_no_ground_truth,0.519102466110212,0.0854136893504005,0.16159165484066274,0.012757004467393343,5.320465881880642,0.17662044,2.0040839,-1.0284555,0.023500937023403917,6.224807521515879,0.018479323499282007,0.014519250806666327,0.001105523981819203,0.012709011751773478
781,26.033333,alignment_or_advance_unresolved,unknown_no_ground_truth,0.519093135073242,0.08494393106542308,0.16155718816375328,0.015033079064109334,8.48129719050833,0.17662044,1.9797342,-1.1384747,0.023812354584304047,6.032989278624856,0.018512847835688413,0.014976738492117463,0.0008316296827676304,0.01501005856812365
782,26.066668,alignment_or_advance_unresolved,unknown_no_ground_truth,0.5190670459295934,0.08441589351794204,0.16150440652072912,0.015867570404033828,8.48129719050833,0.17662044,1.994469,-1.0718982,0.02415991816561918,5.823886108223467,0.018534752671317285,0.0154972445674227,0.0005415749392608858,0.01585832548260171
783,26.1,alignment_or_advance_unresolved,unknown_no_ground_truth,0.5190339378226774,0.08389365878458704,0.16144556825579887,0.014765260072356078,8.48129719050833,0.17662044,1.9807854,-1.133725,0.024506130045376745,5.536580298844064,0.01854896664031494,0.01601518799069809,0.00037366299716829593,0.014760531188573798
784,26.133333,alignment_or_advance_unresolved,unknown_no_ground_truth,0.5189993329542517,0.08344016530318502,0.16139356448924783,0.012002816753585336,8.48129719050833,0.17662044,1.9490932,-1.2769196,0.024811665394628767,5.324936126684591,0.018559663156107596,0.016466865007852615,0.00040442259354348084,0.011996001516587952
785,26.166666,alignment_or_advance_unresolved,unknown_no_ground_truth,0.5189739032280687,0.08310003314167133,0.16136289387072353,0.008223699559591516,6.356777941299528,0.17662044,2.0479825,-0.83010864,0.025049266533506687,5.190700161670184,0.018575927733443395,0.016804780947948912,0.0007275811213080238,0.008191450430683315
786,26.2,alignment_or_advance_unresolved,unknown_no_ground_truth,0.5189646456247134,0.08289369094132468,0.1613662760933888,0.004296620714939421,3.356879643321566,0.15826479,1.9997915,-1.0478498,0.02520844404877538,5.133892048405451,0.018608157238264117,0.01700594412422544,0.001203366244714411,0.004124664743846277
787,26.233334,alignment_or_advance_unresolved,unknown_no_ground_truth,0.5189726655569249,0.08281636179347301,0.1614026655365646,0.001970935028564238,1.4271469290631846,0.15826479,2.0333362,-0.89628494,0.02529028985959371,5.115413169683528,0.01865616521114627,0.01707472578979481,0.0015350876721903033,0.0012361596682916285
788,26.266666,alignment_or_advance_unresolved,unknown_no_ground_truth,0.5189894375361622,0.08279829818464467,0.16145316611442223,0.001525046926243356,0.9152913365532338,0.15826479,2.0836117,-0.66912496,0.025335712238724026,5.1105495445139555,0.01871049484835569,0.017082613885851475,0.001494462482404845,0.0003038914541882634
789,26.3,alignment_or_advance_unresolved,unknown_no_ground_truth,0.5190053800218613,0.08280502143329502,0.1614982562813444,0.0011665332139473234,0.5170368931154452,0.15826479,2.1038535,-0.57766676,0.025358904966654595,5.110887890334726,0.018755794516749753,0.017067344056802713,0.001093787301801492,0.0004054985544488214
790,26.333334,alignment_or_advance_unresolved,unknown_no_ground_truth,0.5190152727583983,0.0828090586159935,0.16152570298500857,0.0006279501836331634,0.5170368931154452,0.15826479,2.0516565,-0.8135083,0.025373088272486324,5.110543482086316,0.018783401066847175,0.017058061227623354,0.000592081690959994,0.00020919059337092056
791,26.366667,alignment_or_advance_unresolved,unknown_no_ground_truth,0.5190190245238306,0.08281028730879189,0.16153750475173945,0.0002422526343323499,0.5170368931154452,0.15826479,2.083927,-0.6677009,0.025379608248349995,5.110127390724266,0.018795280957830708,0.01705467468337997,0.00023651812489015677,5.239766635459487e-05
792,26.4,alignment_or_advance_unresolved,unknown_no_ground_truth,0.5190201491455445,0.08280878097773339,0.1615410966182768,0.00022919727406778783,0.5170368931154452,0.15826479,2.044688,-0.84499407,0.025383019529141748,5.109626972774378,0.01879916870024239,0.017055466472559996,0.00010111859498827548,0.00020568524543024898
793,26.433332,alignment_or_advance_unresolved,unknown_no_ground_truth,0.5190223270530008,0.08279600659106766,0.16154181985245816,0.0004433480119374325,1.0453071751144112,0.15826479,2.0544798,-0.80075157,0.02539304797140024,5.109194746581713,0.018802022094206425,0.017067244957719663,8.64189236174401e-05,0.0004348439137548976
794,26.466667,alignment_or_advance_unresolved,unknown_no_ground_truth,0.5190248803290444,0.0827796193200836,0.16154199894131527,8.021450891292318e-05,1.4639602525302753,0.15826479,2.0725412,-0.71914476,0.02540544418696348,5.10891305118827,0.018804917139497158,0.0170824964719318,2.1885657196581008e-05,7.717114388950817e-05
795,26.5,alignment_or_advance_unresolved,unknown_no_ground_truth,0.5190222710286025,0.082790710497041,0.161542540391668,0.0011562010269962474,3.027284258522337,0.15826479,2.0413752,-0.8599624,0.0253975344650813,5.108578797509615,0.018803494306465805,0.0170722979932902,-0.00017118250107351376,0.0011434585109016391
796,26.533333,alignment_or_advance_unresolved,unknown_no_ground_truth,0.5190111258513692,0.0828554472227776,0.1615434475286235,0.0032547102775657465,3.027284258522337,0.15826479,2.0658746,-0.74926674,0.025349717908229114,5.108062813477756,0.018793505147617667,0.017012123979481812,-0.0004662809579228667,0.0032211366098274428
797,26.566668,alignment_or_advance_unresolved,unknown_no_ground_truth,0.5189869656172317,0.08300475447265887,0.16154730317061333,0.0062644223920889355,3.027284258522337,0.15826479,2.0983942,-0.60233355,0.025240803261331067,5.100794179317953,0.018772394955945182,0.016872917260960685,-0.0008507815893367166,0.006206380474459405
798,26.6,alignment_or_advance_unresolved,unknown_no_ground_truth,0.5189458464972672,0.08326776433806946,0.16155552777718726,0.009439274187619988,3.090059741098147,0.15826479,2.0576391,-0.78647697,0.025050873559494573,5.091173211522708,0.01873679934433171,0.01662764614802814,-0.0012659615738456606,0.009353995856457025
799,26.633333,alignment_or_advance_unresolved,unknown_no_ground_truth,0.5188896240074337,0.08362616019503244,0.1615664590376992,0.011899802868824576,3.090059741098147,0.15826479,2.1118298,-0.5416275,0.024794153422276574,5.085657183656877,0.01868799881083756,0.01629443906286814,-0.00161275831060776,0.011790009285342028
800,26.666666,alignment_or_advance_unresolved,unknown_no_ground_truth,0.5188198307665011,0.08405065111304863,0.161578893841945,0.0133773830613042,2.77291875731685,0.15826479,2.1002235,-0.5940679,0.02449343607651042,5.077951943979786,0.01862928377101765,0.01590214441554977,-0.0019005481588422984,0.013241687742307988
801,26.7,alignment_or_advance_unresolved,unknown_no_ground_truth,0.5187345711374134,0.08450414848641188,0.16158820309286548,0.01381040447500271,2.7627090689753837,0.15827218,2.1647875,-0.30234852,0.024174549023976397,5.0669416729837335,0.018561280481984764,0.015488308086480253,-0.0020826900376487,0.013652460363255181
802,26.733334,alignment_or_advance_unresolved,unknown_no_ground_truth,0.5186469385370133,0.08495484268064799,0.16159452346158637,0.013345430047139362,2.0554132869859503,0.15827218,2.2239962,-0.03482629,0.023860444535588356,5.063718859502026,0.01849044895925712,0.015080587214064163,-0.0019124973101270057,0.013207681748961362
803,26.766666,alignment_or_advance_unresolved,unknown_no_ground_truth,0.5185928852016192,0.08538226546754506,0.1616074176256398,0.011914709234432504,2.0554132869859503,0.15827218,2.1530588,-0.35534257,0.023569467604525777,5.060906927021723,0.0184337826148788,0.014687255076023649,-0.000874122566181124,0.01188260097286634
804,26.8,alignment_or_advance_unresolved,unknown_no_ground_truth,0.5186549292553697,0.08574702986962349,0.1616518900126293,0.010544125705195955,2.0554132869859503,0.15827218,2.1948812,-0.16637637,0.02333968613115441,5.057242717451974,0.018432175014406527,0.014317676939332351,0.00097789310570338,0.010498681439151865
805,26.833334,alignment_or_advance_unresolved,unknown_no_ground_truth,0.5188521271242202,0.08602303730736496,0.1617351595432116,0.010707353386996363,2.0554132869859503,0.15827218,2.1840968,-0.21510343,0.023192955816992305,5.068744057574325,0.018498967393427965,0.013989331824853044,0.0028061543409826223,0.010333098004403466
806,26.866667,alignment_or_advance_unresolved,unknown_no_ground_truth,0.5191525448422066,0.08621994179909953,0.16184766668191553,0.011255729718557836,2.5309851720417393,0.15827218,2.121297,-0.49885222,0.023119802140560013,5.128585015144025,0.018619264297771616,0.013705774258624383,0.00398708649520483,0.010525901043472775
807,26.9,alignment_or_advance_unresolved,unknown_no_ground_truth,0.5194936654516542,0.08633468522150817,0.16196831188606736,0.010960528800877532,2.5309851720417393,0.15827218,2.109081,-0.5540471,0.023112543504061438,5.2207691254433675,0.018764769087063773,0.01349344686639809,0.004260371349280012,0.010098634935529647
808,26.933332,alignment_or_advance_unresolved,unknown_no_ground_truth,0.5198140107262399,0.0864248200794726,0.16208089770224876,0.009479840029638687,2.5309851720417393,0.15827218,2.18646,-0.20442577,0.023122778232804498,5.277462188353804,0.01890328470252532,0.01331648229296047,0.0035535794005761845,0.00878859718222087
809,26.966667,alignment_or_advance_unresolved,unknown_no_ground_truth,0.5200517103812738,0.08655299409532968,0.1621690656691687,0.007680214027320778,2.5309851720417393,0.15827218,2.2084765,-0.10494855,0.02309607992763681,5.304546780440305,0.01900166234763241,0.013128813200375605,0.002028170849604956,0.007407577911184434
810,27.0,alignment_or_advance_unresolved,unknown_no_ground_truth,0.5201703307615531,0.08676420999602447,0.16222248548652832,0.0078388530883173,1.3979770801489964,0.20675027,2.2419543,0.046314046,0.022992923200398342,5.315268893423471,0.019038514334595465,0.012892225922268788,0.0003046160698195366,0.007832932196197625
811,27.033333,alignment_or_advance_unresolved,unknown_no_ground_truth,0.5201868014649103,0.08705187902790262,0.16224624324079923,0.009265506209016368,1.3979770801489964,0.20675027,2.190965,-0.1840712,0.022820419056918766,5.329629756078726,0.019021969774462556,0.012606989800615144,-0.000770857292991307,0.009233384230235574
812,27.066668,alignment_or_advance_unresolved,unknown_no_ground_truth,0.5201726440551757,0.08738067956847312,0.16226146465154825,0.00998379728324381,1.3979770801489964,0.20675027,2.1464987,-0.384983,0.022617494959100107,5.333186625463359,0.018987109198014968,0.012289864219248894,-0.0010194763937303184,0.009931609943787216
813,27.1,alignment_or_advance_unresolved,unknown_no_ground_truth,0.5201646908353112,0.08771631955183896,0.1622786916313098,0.009843152886304418,1.3979770801489964,0.20675027,2.1240933,-0.4862172,0.022414657734399823,5.332664594267329,0.018954016583842614,0.011965038098130286,-0.0008840987437606482,0.009803368204573561
814,27.133333,alignment_or_advance_unresolved,unknown_no_ground_truth,0.5201713321150426,0.08803580465771407,0.16229898820701422,0.009059686483443352,1.253005217999669,0.20675027,2.073371,-0.7153959,0.022227415623433274,5.333365067698039,0.01892817018484947,0.011652569620054667,-0.0006679883828300786,0.009035026878692183
815,27.166666,alignment_or_advance_unresolved,unknown_no_ground_truth,0.5201894836017402,0.0883183930107583,0.16231958713280226,0.008208704254778012,1.253005217999669,0.20675027,2.0647526,-0.75433624,0.02206625606988458,5.336390772272689,0.018909484707321043,0.011373260088704111,-0.0004062305778726568,0.008198646367542136
816,27.2,alignment_or_advance_unresolved,unknown_no_ground_truth,0.5202257783407824,0.08857839246694171,0.16234492209848933,0.007739465010660932,1.253005217999669,0.20675027,2.058618,-0.78205377,0.02192498547613497,5.354730252781111,0.01890107546325577,0.011111000605752841,-0.00019645045793475352,0.007736971362802246
817,27.233334,alignment_or_advance_unresolved,unknown_no_ground_truth,0.5202672966347999,0.08882582531140486,0.16237150964316593,0.007409129540159271,0.8382030007112312,0.20675027,2.051013,-0.8164158,0.021794558508963644,5.365324227829918,0.01889640052908578,0.010859504023895667,-0.00022326700679136963,0.007405764807671059
818,27.266666,alignment_or_advance_unresolved,unknown_no_ground_truth,0.5202940857177802,0.08906519393565147,0.16239318828644037,0.006939326639202849,0.45039164143031957,0.20675027,2.0409818,-0.8617398,0.021667301232510705,5.366243931524706,0.018886191224198105,0.010619968161128467,-0.00045984293876164765,0.00692407384978102
819,27.3,alignment_or_advance_unresolved,unknown_no_ground_truth,0.5202940539885379,0.08928643119705003,0.16240525295818226,0.006725908306576489,0.45039164143031957,0.20675027,2.0120933,-0.99226654,0.021545197674122087,5.3651796007185375,0.01886574480288665,0.010405729952740035,-0.0008012788821471183,0.006678008288516845
820,27.333334,alignment_or_advance_unresolved,unknown_no_ground_truth,0.5202654609147568,0.0895123969622434,0.16240898422011632,0.0071274438703485534,0.45039164143031957,0.20675027,2.087728,-0.65052634,0.021415424702012038,5.36443340181553,0.01883275829430794,0.01019547106296334,-0.0010878161189362685,0.0070439415256198425
821,27.366667,alignment_or_advance_unresolved,unknown_no_ground_truth,0.5202245140097101,0.08975645636090943,0.16241036453793917,0.007798461159538713,0.45039164143031957,0.20675027,2.0108967,-0.9976732,0.021275064059785964,5.364159661632156,0.01879323603515487,0.00997209256249424,-0.0012659736623325494,0.007695018332864075
822,27.4,alignment_or_advance_unresolved,unknown_no_ground_truth,0.5201758047836742,0.09002449387231118,0.16241087302069626,0.008512923376965634,0.45039164143031957,0.20675027,2.0782204,-0.6934848,0.02112240376687192,5.359244334907935,0.018748361343313542,0.00972907435634611,-0.0014049166280524607,0.008396194000278322
823,27.433332,alignment_or_advance_unresolved,unknown_no_ground_truth,0.5201247631921451,0.0903151402623385,0.16241106376339143,0.008672440996077726,0.6343887755278111,0.20675027,1.995668,-1.0664808,0.020959283362387473,5.353262302070584,0.01869957636170595,0.009466646869804559,-0.001402435780150365,0.008558294614758459
824,27.466667,alignment_or_advance_unresolved,unknown_no_ground_truth,0.520079159885128,0.0905945248592678,0.16241300534930808,0.008566773769463666,0.6888165698307718,0.20675027,2.0450435,-0.84338784,0.020806625024511388,5.347040099875962,0.018654851709946466,0.009214779031020272,-0.0013710954569058707,0.008456341411344673
825,27.5,alignment_or_advance_unresolved,unknown_no_ground_truth,0.5200320677277648,0.09087868665854812,0.16241386964787896,0.009064492664476977,0.8464913680338567,0.34929645,2.0350268,-0.8886462,0.020653260608274878,5.341117290453929,0.01860818177873308,0.008960621889296801,-0.0014699659004153173,0.008944508232204447
826,27.533333,alignment_or_advance_unresolved,unknown_no_ground_truth,0.5199800822383627,0.0911906349527164,0.16241476171778596,0.010708868249182277,0.8464913680338567,0.34929645,2.012266,-0.9914866,0.02048819961935443,5.3355113685437265,0.018556855484786295,0.008683860786497665,-0.001748096482339541,0.010565226825145612
827,27.566668,alignment_or_advance_unresolved,unknown_no_ground_truth,0.519913366153419,0.09158268668523917,0.16241532742803427,0.01390676976514618,0.6888165698307718,0.34929645,2.0792007,-0.68905514,0.020285403959252456,5.330201474048606,0.018491626771503678,0.008340105103262416,-0.0022729349918437576,0.013719767192763736
828,27.6,alignment_or_advance_unresolved,unknown_no_ground_truth,0.5198233372600083,0.0921044095861887,0.16241676872318167,0.018097790795135082,1.0134310090415133,0.17328909,2.10969,-0.5512958,0.02002523680615048,5.318794700403235,0.018405338544758777,0.007890096462985788,-0.0029613894645461897,0.017853856841135222
829,27.633333,alignment_or_advance_unresolved,unknown_no_ground_truth,0.5197058014746352,0.09277119576556206,0.16241806449807716,0.02256800119953539,1.2636027852491232,0.17328909,2.0974422,-0.60663503,0.01970805651500227,5.304348597291606,0.01829420383218738,0.007330047594995823,-0.003699678764110154,0.022262683018554236
830,27.666666,alignment_or_advance_unresolved,unknown_no_ground_truth,0.519561304535497,0.09358592215069891,0.16242005471808152,0.026033101518219647,1.0134310090415133,0.17328909,2.0335784,-0.8951905,0.01934603353132363,5.286627167350906,0.01815869707294935,0.006673135245741619,-0.004286204516716579,0.025677827507380926
831,27.7,alignment_or_advance_unresolved,unknown_no_ground_truth,0.5194003187016296,0.09447966525375255,0.16242092257202495,0.026478384956097275,0.9948927970528391,0.17328909,2.0463004,-0.83770865,0.018981408708821014,5.268325141770216,0.01800843933366539,0.005999165720081376,-0.004400213584257653,0.026110208545628143
832,27.733334,alignment_or_advance_unresolved,unknown_no_ground_truth,0.5192462734789975,0.09532283621476055,0.16242067420096404,0.023409255913944358,0.6110759133473729,0.17328909,2.019638,-0.9581771,0.018670559443818412,5.2499254076056925,0.01786535801803789,0.005423907524330247,-0.003912924164920719,0.02307991089506453
833,27.766666,alignment_or_advance_unresolved,unknown_no_ground_truth,0.5191196479563409,0.096014811596618,0.16242013818071024,0.0176339895217888,0.6110759133473729,0.17328909,2.0146232,-0.98083586,0.01844101958880708,5.233914781669233,0.017747581719626853,0.00500944573580084,-0.0029403187241862664,0.017387124899038278
834,27.8,alignment_or_advance_unresolved,unknown_no_ground_truth,0.5190387800266066,0.09647996091657082,0.16242016609865512,0.01077836946033554,0.566324706008004,0.15742272,1.890678,-1.5408568,0.018300341451564433,5.231614226468641,0.017669339773222346,0.004764129429630372,-0.0017820217956401028,0.010630035114869447
835,27.833334,alignment_or_advance_unresolved,unknown_no_ground_truth,0.51900044723476,0.0967234096581962,0.16242004262092216,0.004721538837756729,0.5454258337496766,0.15742272,1.8849757,-1.5666219,0.018230700885325093,5.230603465969307,0.017628767997695843,0.004645965309126633,-0.000768203900996256,0.004658625522934774
836,27.866667,alignment_or_advance_unresolved,unknown_no_ground_truth,0.5189947473363564,0.09679165106024792,0.1624201017805748,0.00049198758479394,0.4904221851603359,0.15742272,1.8331497,-1.8007872,0.01821140946251516,5.2300317381471215,0.017618136612936375,0.00461049855214136,-6.492001480537816e-05,0.00048768552907487806
837,27.9,alignment_or_advance_unresolved,unknown_no_ground_truth,0.5190043496195379,0.09675597524763094,0.16241996189760616,0.0015417791044321529,0.4904221851603359,0.15742272,1.8351109,-1.7919258,0.01822082597924196,5.229054859553336,0.017624440063023016,0.004623592956860287,0.0003599629859557991,0.001499169588674142
838,27.933332,alignment_or_advance_unresolved,unknown_no_ground_truth,0.5190352090420913,0.09669730546030464,0.16242522495018744,0.0023326177824516165,0.5454258337496766,0.15742272,1.7730999,-2.07211,0.01824050227341517,5.231350851892479,0.01764213377764006,0.0046336852459263654,0.0008559697596133398,0.002169889741354841
839,27.966667,alignment_or_advance_unresolved,unknown_no_ground_truth,0.5191164107600736,0.09665187410076753,0.16244793978283034,0.0037136547730177807,0.566324706008004,0.15742272,1.7645874,-2.1105719,0.01826929165780303,5.238334325642737,0.017681493884863054,0.0045969328554398,0.0015987299950403445,0.0033519090345825384
840,28.0,alignment_or_advance_unresolved,unknown_no_ground_truth,0.5192625115381158,0.0966268109272792,0.16249358575079276,0.006171759312540488,0.7982994015155239,0.15742272,1.7833853,-2.0256376,0.018309926991489624,5.2560841179117554,0.017748728443607028,0.004498451407848606,0.002718825826763094,0.0055406316549339585
841,28.033333,alignment_or_advance_unresolved,unknown_no_ground_truth,0.519504084745296,0.09659471865929001,0.16257335334788756,0.00890653143037043,2.1241280529807938,0.15742272,1.7395192,-2.2238374,0.018381108725124037,5.3048004083793066,0.017862746162766615,0.00433445007923699,0.0038649779772268597,0.008024228770151541
842,28.066668,alignment_or_advance_unresolved,unknown_no_ground_truth,0.5198229937732467,0.09654160493841141,0.16267004584896472,0.010927444512577402,2.2684819700306074,0.15742272,1.7172133,-2.3246224,0.018475091245488538,5.375138722994291,0.01800638593963531,0.004135101198523564,0.0043923499296690885,0.010005813593646141
843,28.1,alignment_or_advance_unresolved,unknown_no_ground_truth,0.5201976727478472,0.09647851950600903,0.1627636059296258,0.0116798636162725,2.344649196607183,0.15742272,1.6741344,-2.5192657,0.018573814602990207,5.443926494562029,0.018155585946053286,0.003919347887305322,0.0041199538620938295,0.010929098511265431
844,28.133333,alignment_or_advance_unresolved,unknown_no_ground_truth,0.5205741119224179,0.09641679314492194,0.16283293409495342,0.010648937914761361,2.344649196607183,0.15742272,1.657207,-2.5957484,0.018656710965459424,5.522262127875268,0.018281045322009602,0.003725083352533847,0.0030787705437408876,0.010194167482018112
845,28.166666,alignment_or_advance_unresolved,unknown_no_ground_truth,0.5208906208992473,0.09636184798687844,0.1628645744022511,0.008529404684357035,2.344649196607183,0.15742272,1.566869,-3.0039225,0.01870787616950575,5.576609869420536,0.018360834170747308,0.003586697551770895,0.0017840659080994976,0.008340734566277054
846,28.2,alignment_or_advance_unresolved,unknown_no_ground_truth,0.5211331321815388,0.09631832068398993,0.16286617701397912,0.006399872939145038,2.2684819700306074,0.15742272,1.6140633,-2.7906847,0.018729639476368937,5.633256141568919,0.0183999694409474,0.003498645378851585,0.0008793571677825698,0.0063391722337124085
847,28.233334,alignment_or_advance_unresolved,unknown_no_ground_truth,0.5213102762515883,0.09628493936558166,0.16285785144251508,0.004181106471319372,1.188512732416439,0.15742272,1.5186085,-3.2219782,0.018739028466368587,5.661299789391921,0.018419472766733416,0.0034458976855005967,0.00022399060060890278,0.004175102338308319
848,28.266666,alignment_or_advance_unresolved,unknown_no_ground_truth,0.5214053863194168,0.09626569836343418,0.16283784994263456,0.0020077121818773127,0.5652963574891019,0.15742272,1.5692556,-2.9931393,0.018730437313719952,5.673118331970677,0.01841490191885373,0.003423546302036799,-0.0004904654319044298,0.0019468826018446417
849,28.3,alignment_or_advance_unresolved,unknown_no_ground_truth,0.5214286835827977,0.09625301339613929,0.16280423208987416,0.0016805428589043252,0.5652963574891019,0.15742272,1.5436311,-3.1089184,0.0187036079437748,5.671892438920658,0.018386775572271547,0.0034280364889181306,-0.0015305317323316987,0.0006940438868976893
850,28.333334,alignment_or_advance_unresolved,unknown_no_ground_truth,0.5213717241633169,0.09623923869734469,0.16273429124439553,0.003783278500269632,0.5652963574891019,0.15743011,1.5256985,-3.1899428,0.01863867309319672,5.670795730559906,0.018312849608519432,0.003469823322707522,-0.00296267281003214,0.002352820866810455
851,28.366667,alignment_or_advance_unresolved,unknown_no_ground_truth,0.5212610619959435,0.09621630773561424,0.1626194215359253,0.005881438912076043,0.5652963574891019,0.15743011,1.5186886,-3.221616,0.01853186846163477,5.669539323763943,0.0181892771196838,0.003546878422314572,-0.004466168172375274,0.003826834923607802
852,28.4,alignment_or_advance_unresolved,unknown_no_ground_truth,0.5211009105908604,0.0961787221761841,0.1624572853513343,0.007464229763077778,0.5652963574891019,0.15743011,1.4614886,-3.4800625,0.01838399395605422,5.651527518325762,0.01801510962577581,0.0036642951501643225,-0.005609698929970515,0.004924023138766084
853,28.433332,alignment_or_advance_unresolved,unknown_no_ground_truth,0.5209153597022875,0.0961335252814772,0.16227121124660082,0.007915742337598305,0.5652963574891019,0.15743011,1.4504366,-3.5299988,0.018217043781472493,5.6303137577403675,0.017815302921189147,0.0038046899955653754,-0.005917275430973021,0.00525783493742903
854,28.466667,alignment_or_advance_unresolved,unknown_no_ground_truth,0.5207343546689146,0.09608523597440241,0.16208929081834145,0.007382378111540137,0.5652963574891019,0.15743011,1.4432158,-3.5626242,0.018057494244581012,5.611583721408861,0.01762060676766985,0.00394807744759699,-0.005488931911816208,0.00493671277766821
855,28.5,alignment_or_advance_unresolved,unknown_no_ground_truth,0.5205747114953932,0.09603907809306453,0.16192881170381138,0.00659789788337037,0.6394307154330512,0.15743011,1.441914,-3.5685067,0.017919922645589913,5.5971980649106605,0.0174493807177578,0.004079551469300069,-0.004878187470480788,0.004442470425588387
856,28.533333,alignment_or_advance_unresolved,unknown_no_ground_truth,0.520426792221993,0.09600279779600353,0.16178584386326686,0.006019107035619699,0.6394307154330512,0.15742272,1.4312055,-3.6168907,0.017797362342498707,5.588699347410172,0.01729539925258681,0.004197055044172128,-0.0044187141851418366,0.004087127898203441
857,28.566668,alignment_or_advance_unresolved,unknown_no_ground_truth,0.5202862375301626,0.09597628234579525,0.16165698839368348,0.00602257110871138,0.6394307154330512,0.15742272,1.4655741,-3.461603,0.017686238082981216,5.5745290145625,0.017154783783353916,0.00430306993601923,-0.00437362765765003,0.0041403796772426235
858,28.6,alignment_or_advance_unresolved,unknown_no_ground_truth,0.520129214795461,0.09595522989812472,0.16152057023697852,0.007133968345799976,0.6394307154330512,0.15742272,1.4328288,-3.6095562,0.01756784894070606,5.5564191253960535,0.017003833566292925,0.004415762726107141,-0.005151185924209045,0.004935462281601052
859,28.633333,alignment_or_advance_unresolved,unknown_no_ground_truth,0.5199275163100099,0.09593376566979256,0.16134763771936061,0.008956316615011154,0.702621367408692,0.15742272,1.4222499,-3.6573546,0.017418470311914416,5.536590311516554,0.016811376650216883,0.004558587844013377,-0.006462250277983962,0.006201203806763737
860,28.666666,alignment_or_advance_unresolved,unknown_no_ground_truth,0.5196768463705104,0.09590815683309048,0.16113372424708705,0.010415836567436923,0.7920607125309381,0.15742272,1.411071,-3.7078645,0.017237323263029392,5.5143340262061775,0.01657302348212436,0.004739219971169173,-0.007518042221385485,0.007208931443495725
861,28.7,alignment_or_advance_unresolved,unknown_no_ground_truth,0.5194013045431487,0.09587999528002422,0.16089769971705492,0.011290981739968129,1.125289250844165,0.15742272,1.3818445,-3.8399184,0.017042557621604434,5.481204958173179,0.016310152958616778,0.004942436722127233,-0.008147876090304826,0.007816545520198337
862,28.733334,alignment_or_advance_unresolved,unknown_no_ground_truth,0.5191056428825501,0.09585273057114883,0.16064666457616356,0.012532725925178293,1.1417754348604015,0.24267858,1.4398859,-3.5776703,0.016840785514289597,5.443177535665866,0.016029838221634393,0.005162978145076305,-0.009029037198991742,0.008691703306881767
863,28.766666,alignment_or_advance_unresolved,unknown_no_ground_truth,0.5187650760922762,0.09582340543307624,0.16035911362954083,0.014045572023553233,1.185381434503054,0.24267858,1.3646619,-3.9175544,0.01661731494863413,5.411338402088485,0.015708226368290997,0.005420957522857648,-0.010072668932485665,0.009788740166403406
864,28.8,alignment_or_advance_unresolved,unknown_no_ground_truth,0.5183913164851307,0.09578246218942282,0.16004536198130692,0.014792284865632737,1.3674298373555438,0.24267858,1.4187263,-3.6732752,0.016387594366677395,5.380028100278898,0.015358337248453282,0.005716181075642126,-0.010516230637587514,0.010402912319302368
865,28.833334,alignment_or_advance_unresolved,unknown_no_ground_truth,0.5180149392789039,0.09571968223577669,0.15972735418354866,0.015032539945661201,1.3674298373555438,0.24267858,1.3735945,-3.8771942,0.016174507757216947,5.340386903924372,0.015007122173696099,0.006033322903013736,-0.010548987308136668,0.010709627630812901
866,28.866667,alignment_or_advance_unresolved,unknown_no_ground_truth,0.5176368586978747,0.09562712225805789,0.1594042920523721,0.01530836470806624,1.2300546200561546,0.24267858,1.3981051,-3.766448,0.015981726612296934,5.289928239378288,0.01465507473555433,0.006375293719156566,-0.010598958998293212,0.011045727598835094
867,28.9,alignment_or_advance_unresolved,unknown_no_ground_truth,0.5172578700586337,0.0955115974731356,0.15907539335525905,0.015139675354567474,1.2300546200561546,0.24267858,1.3935362,-3.7870917,0.01580727400592403,5.253442685069974,0.014300535733720223,0.006735323988269055,-0.010382553915549327,0.011018726969682528
868,28.933332,alignment_or_advance_unresolved,unknown_no_ground_truth,0.516897471426836,0.09538826008532589,0.15876014129620858,0.013808324408561223,1.2300546200561546,0.24267858,1.434597,-3.6015668,0.015658841286522802,5.224657025864213,0.013962915080042226,0.00708775796031725,-0.009408712545200808,0.010106728017209556
869,28.966667,alignment_or_advance_unresolved,unknown_no_ground_truth,0.5165888943374874,0.09527571058816128,0.15848860408773582,0.011534217896836802,1.115057464264188,0.24267858,1.409909,-3.7131145,0.015544756506440221,5.192453128202396,0.013673269970753195,0.007394669914973524,-0.007854049004849291,0.008447017030948632
870,29.0,alignment_or_advance_unresolved,unknown_no_ground_truth,0.5163378151617506,0.09519226114592168,0.1582706245922958,0.009695465347668391,1.097150585198808,0.24267858,1.4471525,-3.5448375,0.015458905354447602,5.163064744996754,0.013439314212021795,0.0076395411032546805,-0.006683973238631474,0.007023286271617926
871,29.033333,alignment_or_advance_unresolved,unknown_no_ground_truth,0.5161088051202084,0.09514109299830142,0.1580773055019773,0.008394795904377871,0.8479490044825927,0.24267858,1.4307619,-3.6188948,0.015380283647942021,5.139735220252456,0.013227678582359377,0.00784739730184115,-0.005874238786410947,0.005997159073793584
872,29.066668,alignment_or_advance_unresolved,unknown_no_ground_truth,0.5159120960549706,0.09511462684754085,0.15791567770826084,0.006915702973110929,0.5893825306920804,0.24267858,1.4262202,-3.6394157,0.015313040536658617,5.124132013839585,0.013047682296767242,0.008015434932676873,-0.004891131083719621,0.004889149653484446
873,29.1,alignment_or_advance_unresolved,unknown_no_ground_truth,0.5157532096070675,0.0951047672170604,0.157786141191899,0.0055233097146604295,0.567139314918317,0.24267858,1.4711637,-3.4363475,0.015257247222512212,5.1094542272426615,0.012901609426263914,0.008144450074805219,-0.003935233734259528,0.003875678735500155
874,29.133333,alignment_or_advance_unresolved,unknown_no_ground_truth,0.5156267716358626,0.09509954244786725,0.15768341766610247,0.00431423185058366,0.535846851019984,0.24267858,1.4524332,-3.5209775,0.015213780881829446,5.093333911300884,0.012785337400894806,0.00824586419155686,-0.00307081888406456,0.0030302917090377617
875,29.166666,alignment_or_advance_unresolved,unknown_no_ground_truth,0.5155313786543301,0.0950871822309939,0.1576039272718677,0.0032851183234053,0.33271468292415834,0.24267858,1.4344014,-3.6024506,0.015184274040235887,5.084204946757869,0.012696891304092541,0.00832773254499931,-0.002286511689123586,0.0023587850038260067
876,29.2,alignment_or_advance_unresolved,unknown_no_ground_truth,0.5154649956388921,0.095055045078091,0.15754260994840052,0.002443948732333595,0.33271468292415834,0.24267858,1.4511992,-3.5265534,0.015170198700674507,5.080339773762344,0.012632890113872038,0.008399108047214335,-0.001434869766553641,0.00197839181137238
877,29.233334,alignment_or_advance_unresolved,unknown_no_ground_truth,0.5154353495368659,0.09499933402884497,0.15750595002339218,0.0022177922644329505,0.31713369582665657,0.24267858,1.4851134,-3.3733187,0.015175640766204404,5.0794588541835815,0.01260124271757401,0.008456284919376415,-0.0005279031315638199,0.0021540475416907
878,29.266666,alignment_or_advance_unresolved,unknown_no_ground_truth,0.5154371444350776,0.09491961327744834,0.15749024274865586,0.0026407389167700216,0.3113424302935227,0.24267858,1.4601303,-3.4861996,0.015199370022250773,5.078308771914503,0.012597697111007878,0.008504050597956203,5.3041102464410094e-05,0.002640206179068799
879,29.3,alignment_or_advance_unresolved,unknown_no_ground_truth,0.5154515068024058,0.09482572789316562,0.15748161393899013,0.0028144891999317915,0.24379811064173698,0.3485061,1.484708,-3.3751507,0.015231835147228283,5.0770311501210434,0.012604778736891472,0.008551511851500148,0.0002734337044519268,0.002801175372196891
880,29.333334,alignment_or_advance_unresolved,unknown_no_ground_truth,0.5154685892829387,0.09473508815927477,0.15747724351845244,0.0024762271087033975,0.24261792542236157,0.3485061,1.4608774,-3.482824,0.015265847069357689,5.079284793119517,0.012615913973684618,0.008595626873800768,0.0003306453193490418,0.002454052641381223
881,29.366667,alignment_or_advance_unresolved,unknown_no_ground_truth,0.5154853510236594,0.09466425912852011,0.15747564288512517,0.001756314451669355,0.2788727088705972,0.3485061,1.4749976,-3.4190247,0.015293121568965078,5.080505816653327,0.012626834592882078,0.008628013414867953,0.0003403633894369932,0.001723018634917681
882,29.4,alignment_or_advance_unresolved,unknown_no_ground_truth,0.5155048254100063,0.09462376555684344,0.15747906403854334,0.0010926456951083521,0.24261792542236157,0.3485061,1.4809914,-3.3919432,0.01530915534593184,5.081160430302169,0.012638604518640887,0.008639207905083868,0.0002592050837261881,0.001061455293269252
883,29.433332,alignment_or_advance_unresolved,unknown_no_ground_truth,0.5155177740532719,0.09459913478876603,0.1574793190681914,0.0007147285670177878,0.24261792542236157,0.3485061,1.4652348,-3.4631364,0.01531712564277115,5.081725776179717,0.01264411466702552,0.008645270513034724,1.6953154503968835e-05,0.0007145274767730524
884,29.466667,alignment_or_advance_unresolved,unknown_no_ground_truth,0.5155223312203965,0.09458011937140956,0.157471414292966,0.0006540328524863326,0.24261792542236157,0.3485061,1.455793,-3.505797,0.015318495138764359,5.086824930487616,0.012639721648587898,0.008654116359430681,-0.00021703223828230424,0.0006169732406495294
885,29.5,alignment_or_advance_unresolved,unknown_no_ground_truth,0.5155217866140105,0.09456109804176155,0.157458397495077,0.0008108524113270469,0.20313848068523718,0.15709771,1.4359447,-3.5954776,0.01531740198733956,5.085673022551304,0.012629658510625788,0.00866686388186243,-0.0004046384640044828,0.0007026730010488374
886,29.533333,alignment_or_advance_unresolved,unknown_no_ground_truth,0.5155145300533254,0.09453783936920679,0.15743864854483156,0.0010516798126618124,0.20313848068523718,0.15709771,1.4101797,-3.7118914,0.015315143733265455,5.072007768447959,0.01261274616431586,0.00868747729580433,-0.0006097829312270402,0.0008568519155283158
887,29.566668,alignment_or_advance_unresolved,unknown_no_ground_truth,0.5154989380434579,0.09451297577177065,0.15741278039904538,0.001273078975881168,0.20313848068523718,0.15709771,1.4003674,-3.7562265,0.015311501757310105,5.066677419802325,0.01258899285269044,0.008715465852094166,-0.0008218376455898229,0.0009722720622963616
888,29.6,alignment_or_advance_unresolved,unknown_no_ground_truth,0.5154725154946913,0.09449139016531496,0.15738140895605568,0.0013486032228832371,0.17110723534808045,0.15709771,1.4045155,-3.737484,0.015305439716063797,5.062837275724848,0.01255796919625091,0.0087495082472146,-0.0009225685057619335,0.00098366559609821
889,29.633333,alignment_or_advance_unresolved,unknown_no_ground_truth,0.5154457908048423,0.09447448099820219,0.15735132697702656,0.00119680092885144,0.1531618433933188,0.15709771,1.4273715,-3.6342137,0.015298336676627031,5.059661172616201,0.01252748922802076,0.00878072427042643,-0.0008654808548381706,0.0008266047140007487
890,29.666666,alignment_or_advance_unresolved,unknown_no_ground_truth,0.5154223176812498,0.09446506479022193,0.1573252584339432,0.0011446366201599799,0.12403071466309495,0.15709771,1.3981186,-3.766387,0.015289785522130239,5.055872440689891,0.01250027135666253,0.008804587288598243,-0.0008473480235767312,0.0007695416292520303
891,29.7,alignment_or_advance_unresolved,unknown_no_ground_truth,0.5153948487398101,0.09445579761095849,0.1572976285719222,0.00118160282778498,0.11000381344171539,0.15709032,1.3926346,-3.7911654,0.015281317672639178,5.05227709876691,0.012470985965097802,0.008831374687467863,-0.0008665343805563265,0.0008033077927813998
892,29.733334,alignment_or_advance_unresolved,unknown_no_ground_truth,0.5153690002563628,0.09444599703706057,0.15727053611916753,0.0010370950769736035,0.11000381344171539,0.15709032,1.4001971,-3.7569957,0.015273103976095265,5.050028894088448,0.012442514096933054,0.008857287847430458,-0.0007581676862100286,0.0007076354699065164
893,29.766666,alignment_or_advance_unresolved,unknown_no_ground_truth,0.5153496463890046,0.09443621073751596,0.15724911826786941,0.0008135669955899007,0.06807607574214308,0.15709032,1.3984673,-3.7648115,0.015267330318804818,5.049019014208243,0.012420442227133496,0.008878287557065044,-0.0005867746762523802,0.0005635483436423993
894,29.8,alignment_or_advance_unresolved,unknown_no_ground_truth,0.5153361119009969,0.09442649243009252,0.15723207087305419,0.0006266713865315807,0.04858919667286491,0.15709032,1.3954141,-3.778607,0.015263110080610286,5.048272307933962,0.012403396384558854,0.008894846117856094,-0.0004448407030974195,0.0004413997910797051
895,29.833334,alignment_or_advance_unresolved,unknown_no_ground_truth,0.5153273505961634,0.09441762632998327,0.1572190330549798,0.0004918235343655929,0.0477400794977743,0.15709032,1.4061577,-3.730064,0.015260087144575617,5.045956954190678,0.012390773521754836,0.008907243748355676,-0.00034289089422099737,0.00035258505869674667
896,29.866667,alignment_or_advance_unresolved,unknown_no_ground_truth,0.5153209932022125,0.09440979298648358,0.15720827853634162,0.00041058542312725696,0.03820680743906749,0.15709032,1.4096078,-3.7144756,0.015257575755489531,5.045014817987876,0.012380549062301124,0.008917153292977344,-0.00028017417837671146,0.0003001380006855568
897,29.9,alignment_or_advance_unresolved,unknown_no_ground_truth,0.51531632577389,0.09440236095953891,0.15719916738168419,0.00033861556374335556,0.03793500689725376,0.15709032,1.3885498,-3.8096218,0.015255614703520484,5.045215907399815,0.012372095529387462,0.008925526998109477,-0.00022603704965843725,0.00025212646071156366
898,29.933332,alignment_or_advance_unresolved,unknown_no_ground_truth,0.5153129113747972,0.09439641880941887,0.15719198737126758,0.0002743044586338411,0.029201050610143674,0.15709032,1.4159045,-3.6860251,0.015254030092446197,5.044970931387365,0.012365480156548527,0.008931983797525538,-0.00018556868016106787,0.00020200792303690454
899,29.966667,alignment_or_advance_unresolved,unknown_no_ground_truth,0.5153098760451891,0.09439164740027417,0.1571857951164944,0.00023504020238253315,0.025117367639899503,0.15709032,1.4031001,-3.743879,0.015252521910139743,5.045098976850006,0.01235971165464654,0.008937390694900127,-0.00015894472449204492,0.00017314869705594113
900,30.0,alignment_or_advance_unresolved,unknown_no_ground_truth,0.5153071555522164,0.09438735491800906,0.15718060435121206,0.0001927468111158964,0.023541685300951028,0.15709032,1.4048318,-3.7360551,0.015251467768199549,5.045113400522793,0.012354896157176156,0.008942248600314326,-0.00012880584102584398,0.00014338894139009485
901,30.033333,alignment_or_advance_unresolved,unknown_no_ground_truth,0.5153049622702351,0.09438416898606528,0.15717657339685026,0.00016017391383946243,0.0201237300833317,0.15709771,1.4097562,-3.713805,0.01525060474567924,5.045197593873166,0.012351124730150157,0.00894598586010549,-9.7763876634688e-05,0.0001268775279551467
902,30.066668,alignment_or_advance_unresolved,unknown_no_ground_truth,0.5153038095327352,0.09438025896873065,0.15717333066151118,0.00014625326293174013,0.023541685300951028,0.15709771,1.436098,-3.594785,0.015250381689394691,5.045094437535524,0.01234836602469925,0.008949413287600372,-8.257704605406653e-05,0.00012071059764231675
903,30.1,alignment_or_advance_unresolved,unknown_no_ground_truth,0.5153025556529658,0.09437717398424503,0.1571702490988947,0.00013461070077127772,0.0201237300833317,0.15709771,1.4328289,-3.6095557,0.015249907883709325,5.0451041856266885,0.012345632029879573,0.008952377351543634,-7.206171689714691e-05,0.00011369762407354834
904,30.133333,alignment_or_advance_unresolved,unknown_no_ground_truth,0.5153021331771301,0.09437351702158889,0.15716765025419743,9.8556844652723e-05,0.01991084343867868,0.15709771,1.4643816,-3.4669912,0.015249824904979512,5.045248458333651,0.012343561983848707,0.00895509001537217,-6.91782456445328e-05,7.019844697317492e-05
905,30.166666,alignment_or_advance_unresolved,unknown_no_ground_truth,0.5153010101042202,0.09437329815478612,0.1571651737862665,8.335898677425403e-05,0.01991084343867868,0.15709771,1.4368886,-3.5912127,0.015248347666960262,5.045149535453096,0.012341020217500496,0.008956077632743949,-7.465156481829306e-05,3.709264814232668e-05
906,30.2,alignment_or_advance_unresolved,unknown_no_ground_truth,0.5152995802998936,0.09437577083795096,0.1571632339120597,8.475189528865962e-05,0.01345287840550797,0.15709771,1.4234327,-3.6520104,0.01524604684683435,5.0450015283645175,0.012338572640862201,0.00895553290664684,-1.0570249771217674e-05,8.409015147324922e-05
907,30.233334,alignment_or_advance_unresolved,unknown_no_ground_truth,0.5153027262281156,0.09437869512348533,0.15716504540063875,0.00019675831978893972,0.01345287840550797,0.15709771,1.4502709,-3.5307477,0.01524494812425194,5.044955275864085,0.01234032779503055,0.008951243110447243,7.68735668741961e-05,0.00018111954925464333
908,30.266666,alignment_or_advance_unresolved,unknown_no_ground_truth,0.5153064126201737,0.09438537486448212,0.15716899049928307,0.00027534696527791727,0.01345287840550797,0.15709771,1.4499305,-3.5322852,0.015243476180138507,5.044894809723285,0.012343697466796009,0.00894408737114435,0.00010575553916817454,0.00025422768775844865
909,30.3,alignment_or_advance_unresolved,unknown_no_ground_truth,0.5153111414115367,0.09439280827431033,0.1571732278892257,0.00028391628608593266,0.01345287840550797,0.15709771,1.44167,-3.5696092,0.015241509860569826,5.044784439137043,0.012347378056281758,0.008935652072742032,-0.0001732391261145372,0.00022493701938076054
910,30.333334,alignment_or_advance_unresolved,unknown_no_ground_truth,0.5152934603240216,0.0943963206706699,0.15716052976488532,0.0017059691441424997,0.058559363435512025,0.15709771,1.4497544,-3.5330813,0.01523564683306339,5.044567868458436,0.01233213444372469,0.00894669740651452,-0.001212535804861984,0.0012000365172335355
911,30.366667,alignment_or_advance_unresolved,unknown_no_ground_truth,0.5152221050008047,0.09439283011084801,0.15710251824490248,0.0046614109230888184,0.21039665514018355,0.15709771,1.446324,-3.548581,0.015215801350906631,5.038759430331992,0.01226655664292529,0.00900289947051268,-0.0033403360013447075,0.003251293156885765
912,30.4,alignment_or_advance_unresolved,unknown_no_ground_truth,0.5150550014360036,0.09437815713894204,0.15696209409351272,0.008380076368615551,0.43325071204009546,0.15709771,1.4530778,-3.5180652,0.015171102735679457,5.0269643767159,0.012109448789039804,0.009139125135490988,-0.006041698777029867,0.00580719862166472
913,30.433332,alignment_or_advance_unresolved,unknown_no_ground_truth,0.5147970065302242,0.09435484550791579,0.15674202826043837,0.011508781103711549,0.9840187962223124,0.15709771,1.3687654,-3.8990138,0.015105862983989993,5.000062498445858,0.011863782895903946,0.009350815573517426,-0.008350293800838817,0.007919888631339512
914,30.466667,alignment_or_advance_unresolved,unknown_no_ground_truth,0.5144749706027753,0.09432448499474874,0.15646266547578208,0.013062232104699117,0.9840187962223124,0.15709771,1.4012408,-3.75228,0.015031918330117593,4.962409074215839,0.011552738864455977,0.009617317370920735,-0.009540385266426367,0.008922048897264967
915,30.5,alignment_or_advance_unresolved,unknown_no_ground_truth,0.5141438161922965,0.09429052567996776,0.1561697596301388,0.012430677368476003,0.9840187962223124,0.15709771,1.376042,-3.8661358,0.01496546312520373,4.919274380184033,0.011227761959168388,0.009894566586772954,-0.009148985871876705,0.008415331090060684
916,30.533333,alignment_or_advance_unresolved,unknown_no_ground_truth,0.5138580303245954,0.09426352604678251,0.15591274644283168,0.009755403165634644,0.9840187962223124,0.15709771,1.4061514,-3.7300925,0.014914181910714334,4.891811804854417,0.010942815818462504,0.01013348923269204,-0.007260421755325511,0.006515686215501056
917,30.566668,alignment_or_advance_unresolved,unknown_no_ground_truth,0.5136638929446095,0.09424772005639798,0.1557328949804597,0.00609004156918143,0.7689031647018394,0.21103449,1.4039991,-3.7398174,0.014879828680226248,4.872258667765681,0.010743719847765315,0.01029474552311116,-0.004602441209769887,0.003988250396473336
918,30.6,alignment_or_advance_unresolved,unknown_no_ground_truth,0.5135617167958866,0.09424392920973507,0.1556359092692419,0.002796360541698846,0.49087570840641603,0.21103449,1.4400619,-3.5768747,0.014859578491707647,4.8641792669136095,0.010635989487015248,0.010377032359172908,-0.002171022405539684,0.0017624681539860354
919,30.633333,alignment_or_advance_unresolved,unknown_no_ground_truth,0.5135300760655744,0.09424912562430778,0.15560311083849804,0.0008538855716830737,0.36450641482756624,0.21103449,1.4500421,-3.5317812,0.014848261180962595,4.862288518547878,0.010598987238375539,0.010398669608119745,-0.0006949162542979444,0.0004961975101116938
920,30.666666,alignment_or_advance_unresolved,unknown_no_ground_truth,0.5135238616496667,0.0942577391644925,0.15559570094155023,0.00016296320875590155,0.36450641482756624,0.21103449,1.4510154,-3.5273838,0.01484137968177617,4.861952036529435,0.010589662446568641,0.01039834602840146,-4.767807560708864e-05,0.00015583262981296408
921,30.7,alignment_or_advance_unresolved,unknown_no_ground_truth,0.5135313741639108,0.09425974519844366,0.15560126774328886,0.00022845479194437085,0.3444533816383483,0.21103449,1.5187095,-3.2215214,0.014840768764438473,4.861157670674282,0.010595797136796365,0.010391222283994823,0.00015058624679578522,0.00017180039068146683
922,30.733334,alignment_or_advance_unresolved,unknown_no_ground_truth,0.5135362935032255,0.09425413014271958,0.15560378047289797,0.0002115585955543937,0.3163472948946624,0.21103449,1.4811106,-3.3914046,0.014843202711874708,4.861111971067754,0.010599714196026627,0.010390703811982918,-8.825989651936012e-05,0.00019226864023896197
923,30.766666,alignment_or_advance_unresolved,unknown_no_ground_truth,0.5135184081788092,0.09426389974501774,0.15559758846995092,0.001210947417641147,0.3163472948946624,0.21103449,1.4980667,-3.314792,0.01484204436312029,4.860754575898063,0.010589913233850414,0.010399039310260861,-0.00040464868246531177,0.0011413382899346054
924,30.8,alignment_or_advance_unresolved,unknown_no_ground_truth,0.5134836638377094,0.09431422438104675,0.1555921225908193,0.0021925493942507378,0.3444533816383483,0.21103449,1.5117655,-3.2528965,0.014828172291656233,4.860754575898063,0.010572738030534323,0.01039672564073588,-0.00025713757456174595,0.0021774189109993927
925,30.833334,alignment_or_advance_unresolved,unknown_no_ground_truth,0.5134807008277655,0.09440487659206345,0.15560601578966937,0.0033804056517081327,0.3444533816383483,0.21103449,1.4772575,-3.408814,0.014792417036859087,4.860721882241919,0.010572759079137949,0.010345644844419561,0.0005233528722002995,0.003339647307914412
926,30.866667,alignment_or_advance_unresolved,unknown_no_ground_truth,0.5135652132618476,0.09451699515162641,0.155647161677025,0.00542120377766456,0.4359181724966308,0.21103449,1.5602882,-3.0336566,0.01472447989111474,4.8607188213519,0.010607639099160866,0.010212164354621208,0.001439621520296465,0.005226561037361353
927,30.9,alignment_or_advance_unresolved,unknown_no_ground_truth,0.5137578475727262,0.0946173430248545,0.15569909357181527,0.00753874475087759,1.3296250252790578,0.21103449,1.6104519,-2.8070018,0.014621499342152997,4.88752775485537,0.010668732376619573,0.009998319483225656,0.001644527690890863,0.0073571870366858
928,30.933332,alignment_or_advance_unresolved,unknown_no_ground_truth,0.5140371924081983,0.09467343397567302,0.15572026772719127,0.009147381268116754,2.2985622416382885,0.21103449,1.6036334,-2.83781,0.014482239162266267,4.963398497387762,0.010717272598708832,0.009740396254672785,0.0008023624953637392,0.009112123709121105
929,30.966667,alignment_or_advance_unresolved,unknown_no_ground_truth,0.5143654162061057,0.09466634857925921,0.15568117866249062,0.00984166713668896,2.2985622416382885,0.21103449,1.54981,-3.0809999,0.014313947740779914,5.059643326596749,0.010722209019348833,0.009482791449313487,-0.001257611709148049,0.009760984828304838
930,31.0,alignment_or_advance_unresolved,unknown_no_ground_truth,0.5146646637079593,0.09460265117337065,0.15554194950216196,0.009659059013654537,2.2985622416382885,0.21103449,1.5249615,-3.1932733,0.014118249133673032,5.137789255356098,0.010633448467307117,0.009287342585130759,-0.0040216239386122905,0.00878202493310293
931,31.033333,alignment_or_advance_unresolved,unknown_no_ground_truth,0.5148781504214193,0.09452247549545892,0.15531917499113862,0.0088706034507481,2.2985622416382885,0.34634918,1.5426974,-3.113137,0.013909115358824706,5.187528075930496,0.010454104864765003,0.009174703348969386,-0.0060363058365236425,0.006500047494316847
932,31.066668,alignment_or_advance_unresolved,unknown_no_ground_truth,0.5149850377803252,0.09445422298031128,0.15506755548529944,0.007540393370144823,1.2081694380277923,0.34634918,1.515113,-3.2377715,0.013718747092856183,5.208731034908988,0.010231007793632228,0.009139502247080338,-0.006375487311938982,0.004026250577377054
933,31.1,alignment_or_advance_unresolved,unknown_no_ground_truth,0.5150207147478958,0.09440995908191142,0.15485042719494913,0.005464274512856837,0.45111584090407764,0.34634918,1.4597636,-3.4878564,0.01357140726251352,5.211383893581214,0.010029077861460718,0.009143341420605668,-0.005095116019140553,0.0019743577951714187
934,31.133333,alignment_or_advance_unresolved,unknown_no_ground_truth,0.5150266313133951,0.09440687285929619,0.15470876945569517,0.003095556404434179,0.44529606541570815,0.17153847,1.3737067,-3.8766873,0.013468784287041508,5.216420850325188,0.0098913385968924,0.009141639400702856,-0.0030644103334266956,0.0004380168506132476
935,31.166666,alignment_or_advance_unresolved,unknown_no_ground_truth,0.5150233168869122,0.09444220203371256,0.15464661093218968,0.0018203274850165875,0.2571516883677426,0.17153847,1.3883481,-3.810533,0.013405533956765978,5.216361310916456,0.009824786969452387,0.00912041126654299,-0.0012486138876820572,0.0013245963582141972
936,31.2,alignment_or_advance_unresolved,unknown_no_ground_truth,0.5150163146058478,0.09450636695146511,0.15464004792903388,0.0021913309780674647,0.2026921292737021,0.17153847,1.3839109,-3.8305817,0.013367384278297213,5.216277818391365,0.009808087049497066,0.009082311978409209,-0.0001059478456097328,0.0021887682630760087
937,31.233334,alignment_or_advance_unresolved,unknown_no_ground_truth,0.5150117070894991,0.09458696706489152,0.15466247579303077,0.002428128365583218,0.17317569547505776,0.17153847,1.3964661,-3.7738535,0.013340130311942993,5.216122528298485,0.009817734535905068,0.009031675665241592,8.174698684981004e-05,0.0024267519011820734
938,31.266666,alignment_or_advance_unresolved,unknown_no_ground_truth,0.5149962963933732,0.09466385691167738,0.1546716543980499,0.0021776670981646625,0.17317569547505776,0.17153847,1.4394785,-3.5795107,0.01331025954767988,5.21593251773868,0.00981353676511784,0.008992080147901479,-0.00020277875326618402,0.0021682054256118616
939,31.3,alignment_or_advance_unresolved,unknown_no_ground_truth,0.5149875626259146,0.09472972638416659,0.154673095175288,0.0015955765735111073,0.17317569547505776,0.17153847,1.4956867,-3.3255455,0.013278486811027774,5.215913572311673,0.009804216159487534,0.008955197233376946,-0.00022738136907865978,0.0015792917130579012
940,31.333334,alignment_or_advance_unresolved,unknown_no_ground_truth,0.5149836858720171,0.09476945926847291,0.1546735489625968,0.0007981243104852419,0.2571516883677426,0.15526585,1.4595853,-3.4886622,0.013258567729553859,5.215746269146192,0.009798365645507456,0.008932057373086352,-0.00010532986439599985,0.0007911434981429494
941,31.366667,alignment_or_advance_unresolved,unknown_no_ground_truth,0.5149846321007552,0.09478284814125766,0.15467423409816328,0.0002817291492666779,0.29756519291321387,0.15526585,1.4453847,-3.5528247,0.01325132926032697,5.216101896350215,0.009797206163166651,0.008922582505194732,-9.275115464658487e-06,0.0002815764297302658
942,31.4,alignment_or_advance_unresolved,unknown_no_ground_truth,0.5149866152795375,0.09478792999651758,0.154675281406128,9.878200077134735e-05,0.31896230592090635,0.15526585,1.4626894,-3.474637,0.013248483766260373,5.2161092562498785,0.009797747313950793,0.008917761472299798,4.4585912064723484e-05,8.8147490728592e-05
943,31.433332,alignment_or_advance_unresolved,unknown_no_ground_truth,0.5149905927742701,0.09478083870536208,0.15467618334969754,0.0005058159439319131,0.6481329061662594,0.15526585,1.4576266,-3.4975123,0.013251379431269385,5.216392710881994,0.009800178511760878,0.008919392242136776,0.0001262711527594351,0.0004898013527099895
944,31.466667,alignment_or_advance_unresolved,unknown_no_ground_truth,0.5149980455119892,0.09475629823153348,0.15467764669406225,0.0004866406170563598,1.575047624784309,0.15526585,1.4798775,-3.3969762,0.01326283497187939,5.216551864541272,0.009806153349118515,0.008929845910477891,0.0001777007430887257,0.00045303591035889126
945,31.5,alignment_or_advance_unresolved,unknown_no_ground_truth,0.5150045317410692,0.09475214988236097,0.15468217763561515,0.0010211318964963394,1.575047624784309,0.15526585,1.489108,-3.3552701,0.013265730280439132,5.216523390715784,0.009812037749054104,0.008927682514768153,3.772574907840443e-05,0.001020434769056153
946,31.533333,alignment_or_advance_unresolved,unknown_no_ground_truth,0.5149971136091583,0.09482318344794377,0.1546902809962834,0.004623721669325262,1.575047624784309,0.15522891,1.4965265,-3.321751,0.01323577487560586,5.216429248988136,0.009808668360521145,0.008886830793428597,-0.0006056174734026007,0.004583888038695692
947,31.566668,alignment_or_advance_unresolved,unknown_no_ground_truth,0.5149559187341284,0.09505637375564041,0.1546926283335922,0.010359657104070526,1.575047624784309,0.15522891,1.5932434,-2.8847554,0.013128950396988316,5.21604012154183,0.009771648428505279,0.008768365042370782,-0.0020279840599103736,0.010159221228355466
948,31.6,alignment_or_advance_unresolved,unknown_no_ground_truth,0.5148639694792795,0.09550058452549268,0.15467068492837993,0.01714727884506949,1.303944461686096,0.15522891,1.6790359,-2.4971192,0.012921164869679353,5.205896668351991,0.009673483465898419,0.008566225494605298,-0.004054335571852961,0.016661078442327053
949,31.633333,alignment_or_advance_unresolved,unknown_no_ground_truth,0.5147177732970423,0.09617167339974628,0.15461420813073962,0.023434842338900037,1.2596119086489668,0.15522891,1.615795,-2.7828603,0.012617383004856576,5.187557411994144,0.009501363531786246,0.008301954283666344,-0.0062956750191303056,0.022573354015356255
950,31.666666,alignment_or_advance_unresolved,unknown_no_ground_truth,0.5145200749932987,0.09701642438887026,0.15451338300359146,0.02705468106709177,1.2450024910001387,0.15522891,1.5456151,-3.0999541,0.012263019936229717,5.159076176822823,0.009253778228834213,0.00804669164613144,-0.008569498124249791,0.0256616341946598
951,31.7,alignment_or_advance_unresolved,unknown_no_ground_truth,0.5142748713298926,0.09789956610061201,0.1543468641995403,0.026483415028490328,1.2450024910001387,0.15522891,1.5418943,-3.1167655,0.011921879028226664,5.124976135207736,0.008930039331780144,0.007898455361431777,-0.009851017474299211,0.024583098386743663
952,31.733334,alignment_or_advance_unresolved,unknown_no_ground_truth,0.5140352642388397,0.09867572705903271,0.1541542666059686,0.02227383648911259,1.2596119086489668,0.15522891,1.4781775,-3.404657,0.011652396735031125,5.092146171286883,0.008597047774698071,0.007865692546122238,-0.009343110080428041,0.020219547125708018
953,31.766666,alignment_or_advance_unresolved,unknown_no_ground_truth,0.5138336959801209,0.0992672836206113,0.15397317963044585,0.015922865189735527,1.2596119086489668,0.15522891,1.5125225,-3.2494764,0.01146779336368172,5.059606029974327,0.008307174870176365,0.007905765637078599,-0.0074326272397232385,0.014081679167124054
954,31.8,alignment_or_advance_unresolved,unknown_no_ground_truth,0.5136982743545571,0.09963046149141144,0.15383533183536263,0.00936933098398368,1.2450024910001387,0.15522891,1.4730645,-3.427759,0.01135772573799568,5.042682963892809,0.008101546884296526,0.007960079900420268,-0.004862995056966734,0.008008473148069718
955,31.833334,alignment_or_advance_unresolved,unknown_no_ground_truth,0.513625588233704,0.09981274275461699,0.1537510872564367,0.005184257656475783,1.215735027543927,0.15522152,1.4708222,-3.4378905,0.011298971379399328,5.041144998075995,0.007982963584650792,0.007996189507423179,-0.0026702508666469377,0.0044436795291626354
956,31.866667,alignment_or_advance_unresolved,unknown_no_ground_truth,0.5135819583941723,0.09993247054894994,0.15371403501745518,0.004105488265231453,1.215735027543927,0.15522152,1.5633184,-3.0199654,0.011273948607456973,5.040576674326187,0.007923536641288276,0.00801994291112743,-0.0012210835110736916,0.003919692456677835
957,31.9,alignment_or_advance_unresolved,unknown_no_ground_truth,0.5135487511604476,0.1000731990358811,0.15371691773931578,0.004942247955133381,1.215735027543927,0.15522152,1.6374149,-2.685175,0.011270999193621858,5.039808824461319,0.00790155926455278,0.008037461291439275,-0.00011100743402206556,0.004941001133334409
958,31.933332,alignment_or_advance_unresolved,unknown_no_ground_truth,0.5135519999629203,0.10025752037826782,0.15375876701135008,0.00593170027011921,1.215735027543927,0.15522152,1.709176,-2.3609374,0.011270505380456833,5.0392465951377865,0.007916136259078181,0.008022411000354824,0.0011396146936807424,0.005821198024846712
959,31.966667,alignment_or_advance_unresolved,unknown_no_ground_truth,0.5136667023123522,0.10043255472060833,0.15383233430096654,0.007834845625367112,1.215735027543927,0.15522152,1.7970057,-1.9640965,0.011231252987277245,5.0384214703682195,0.007977525028419447,0.007905702883688796,0.0028740791073337247,0.0072886538714718755
960,32.0,alignment_or_advance_unresolved,unknown_no_ground_truth,0.5139519870234589,0.10053820352297871,0.15394337832381802,0.011177874845024013,1.597912576638095,0.15522152,2.2461536,0.06528758,0.011134272064151055,5.075561234065503,0.008107752407085864,0.007631275470321326,0.00397764172647247,0.010446207558097133
961,32.033333,alignment_or_advance_unresolved,unknown_no_ground_truth,0.5143783420062353,0.10054033750609259,0.15402532498716495,0.013971781219394287,4.521339003327954,0.15522152,2.4663367,1.0601406,0.010956769507122599,5.1853678439829745,0.008242697080454019,0.0072186385746958156,0.0017400693516355953,0.013863002167428144
962,32.066666,alignment_or_advance_unresolved,unknown_no_ground_truth,0.5148731766224044,0.10040231653959608,0.1539205563292803,0.01708129570813109,4.521339003327954,0.15522152,2.4405782,0.943756,0.010622022203506453,5.361414184251846,0.008223755253090008,0.006722886673822384,-0.005346797276659816,0.016222898074971705
963,32.1,alignment_or_advance_unresolved,unknown_no_ground_truth,0.5153019786731645,0.10015341950290618,0.1534831916724402,0.02329146361735861,4.521339003327954,0.15522152,2.518897,1.2976238,0.010075573887485686,5.508863745160069,0.007886249390299133,0.006270905813053643,-0.016895278817498888,0.016032524165511597
964,32.133335,alignment_or_advance_unresolved,unknown_no_ground_truth,0.5155260884136178,0.09988591314290085,0.15260967568788797,0.03388088512527937,4.521339003327954,0.20241436,2.388199,0.70709145,0.009292860788958203,5.615983570660956,0.0070972954054298225,0.005998804845218889,-0.030740097693105664,0.014246430103387178
965,32.166668,alignment_or_advance_unresolved,unknown_no_ground_truth,0.5155131785631439,0.09965018028852293,0.1512913471020495,0.044720579176586873,4.228038805347188,0.20241436,2.2401187,0.038020328,0.008327995598381164,5.702776348583887,0.005836886360774431,0.005940224599967701,-0.04285179235897685,0.012792735966653462
966,32.2,alignment_or_advance_unresolved,unknown_no_ground_truth,0.5153634338111353,0.09948820701757574,0.14965947576053407,0.051475450818632563,2.742862871131101,0.20241436,2.0965772,-0.61054325,0.007344865497570431,5.745755383553225,0.004240553020220951,0.005997062552624868,-0.050263188673052656,0.011105579741669128
967,32.233334,alignment_or_advance_unresolved,unknown_no_ground_truth,0.5151731848577505,0.09941415509383789,0.147884753804688,0.051172012527319934,1.7941950881835922,0.20241436,1.9116077,-1.4462903,0.006564118491342429,5.764348523270271,0.002486058458520282,0.006075126740176156,-0.05038624793237332,0.008933134130505054
968,32.266666,alignment_or_advance_unresolved,unknown_no_ground_truth,0.515092304319917,0.09941465212841685,0.14625964747742282,0.04315159260513741,1.7941950881835922,0.20241436,1.87543,-1.609752,0.006112643021049577,5.783300015732655,0.000881521293047477,0.006048745730537035,-0.04251441099513627,0.007388152820318903
969,32.3,alignment_or_advance_unresolved,unknown_no_ground_truth,0.5151377881762413,0.09947421091273181,0.14500886981120925,0.03136964599436108,1.3714620721382027,0.20241436,1.8518531,-1.7162794,0.005924193104858642,5.797345052783106,-0.0003481921803926863,0.0059139518216813425,-0.030552048128127538,0.007115268441043734
970,32.333332,alignment_or_advance_unresolved,unknown_no_ground_truth,0.5152717175087236,0.09955848026044313,0.14418105017364452,0.019515486852877392,0.7871264311020633,0.20241436,1.8056109,-1.9252156,0.005831412339304871,5.79836837176868,-0.0011552507073255575,0.00571583464370873,-0.018328644404993894,0.0067018670070448485
971,32.366665,alignment_or_advance_unresolved,unknown_no_ground_truth,0.5154231010375361,0.09964017387281951,0.14375042376542363,0.009583316849416865,0.44386053913427587,0.20241436,1.7449343,-2.1993704,0.005743162012768665,5.871859938237702,-0.001570083085130961,0.005524377703478888,-0.008126214337030039,0.0050798230663050324
972,32.4,alignment_or_advance_unresolved,unknown_no_ground_truth,0.5155327907967945,0.09970153890341271,0.14361577199618336,0.0032931312885382306,0.25714586152753827,0.20241436,1.6365411,-2.6891232,0.005653614931298811,5.88041818354715,-0.0016969966923062432,0.005392917950210863,-0.0014282408430142867,0.0029672953641144834
973,32.433334,alignment_or_advance_unresolved,unknown_no_ground_truth,0.515590188835096,0.09973687698146746,0.1436457975999507,0.002079309961923348,0.15708338742155925,0.20241436,1.5411454,-3.1201491,0.005581209693250723,5.880236088075237,-0.001665312737733532,0.005326972416446163,0.0015531148051188815,0.0013825210016033074
974,32.466667,alignment_or_advance_unresolved,unknown_no_ground_truth,0.5156025225735374,0.09975924392020159,0.14372076109098314,0.0016706321926825442,0.12102054770789465,0.20241436,1.5655305,-3.0099702,0.0055427784684608725,5.880129290868691,-0.0015934572917670293,0.0053087933666463175,0.0012587482892227762,0.0010984373753683092
975,32.5,alignment_or_advance_unresolved,unknown_no_ground_truth,0.5155551727093074,0.09977995544744503,0.14374234931674823,0.0010570442784002322,0.12102054770789465,0.20241436,1.6212846,-2.7580566,0.0055708950683782425,5.880165181328831,-0.0015813974708992174,0.005341727613976079,0.00028360235423729893,0.0010182889134080413
976,32.533333,alignment_or_advance_unresolved,unknown_no_ground_truth,0.5155473149183042,0.09979007338931778,0.14375186532864306,0.0008032096242875105,0.12102054770789465,0.20241436,1.6424396,-2.662472,0.00557151145029494,5.880147854889455,-0.0015745507578440838,0.005344392365062677,0.00038964293302825594,0.0007023703334347358
977,32.566666,alignment_or_advance_unresolved,unknown_no_ground_truth,0.5156048082825957,0.09978067187324001,0.1437624247484252,0.0026118894371960854,0.12102054770789465,0.20241436,1.64088,-2.669519,0.005522122017887772,5.880119533888552,-0.001555421673374727,0.005298537062099036,0.00033867794519753847,0.0025898385435337962
978,32.6,alignment_or_advance_unresolved,unknown_no_ground_truth,0.5157172897923519,0.09975260521490609,0.14374700736756768,0.003956675583602788,0.596544292362482,0.20241436,1.6706668,-2.534933,0.00543864894566348,5.896522412498884,-0.0015519725741154685,0.00521251220462455,-0.0006427948364921761,0.0039041127637476697
979,32.633335,alignment_or_advance_unresolved,unknown_no_ground_truth,0.515850018919498,0.09973061250019855,0.1436790999104372,0.004813688494415126,1.34183125270064,0.20241436,1.7408761,-2.2177067,0.005349417113639529,5.935584018264106,-0.0015982907105827817,0.005105069074965025,-0.0022787218604189336,0.004240167874520234
980,32.666668,alignment_or_advance_unresolved,unknown_no_ground_truth,0.5159760230142183,0.09974612061874052,0.14355722836404725,0.005810437918823087,1.3972542665648646,0.20241436,1.7723237,-2.0756168,0.00526719410235313,6.002091852404863,-0.001703878410873864,0.004983987567482643,-0.003780764136170306,0.004412143623585429
981,32.7,alignment_or_advance_unresolved,unknown_no_ground_truth,0.5161039867750516,0.09982797715568838,0.14340330001537527,0.006920476637783412,1.421285163785518,0.20241436,2.1179273,-0.51407695,0.0051692047140629105,6.037779996869159,-0.0018503377910361904,0.004826689075852464,-0.005183199671467327,0.004585568455470597
982,32.733334,alignment_or_advance_unresolved,unknown_no_ground_truth,0.5161716795451107,0.09998568384067419,0.1432149138511064,0.007835659300136848,1.421285163785518,0.34278148,2.7454827,2.3214052,0.005110100715680141,6.067122705829278,-0.0020494197611268345,0.004681133192625213,-0.00609788063787751,0.004920712183619323
983,32.766666,alignment_or_advance_unresolved,unknown_no_ground_truth,0.5161947899460193,0.10018139982156421,0.14302951281530074,0.00774250794172509,1.798108854130837,0.34278148,3.0661404,3.7702322,0.005085246751714345,6.108314845195749,-0.0022568569380589563,0.004557009028623539,-0.005890288246495396,0.005025030706460836
984,32.8,alignment_or_advance_unresolved,unknown_no_ground_truth,0.516187877366586,0.10036884328533358,0.1428694476726639,0.006504957829804024,1.3972542665648646,0.34278148,3.1857457,4.3106446,0.00509175615176222,6.167981023193415,-0.0024420996274413702,0.0044678999673962196,-0.005029362184648926,0.004125529345811524
985,32.833332,alignment_or_advance_unresolved,unknown_no_ground_truth,0.5161816996404626,0.10050126987269407,0.14273698867842904,0.004535018037438431,1.34183125270064,0.16500135,3.8978457,7.528125,0.005113345824877706,6.1873553080039985,-0.0025921426129986353,0.004407618653952594,-0.003887984940984663,0.002334515302705983
986,32.866665,alignment_or_advance_unresolved,unknown_no_ground_truth,0.5161780264742944,0.10055924855455298,0.14263481569727238,0.002886290034177953,1.0361977289417283,0.16500135,4.5249615,10.36162,0.005146292089027375,6.234467532350737,-0.0027012946520256413,0.0043803344014496665,-0.002857978054882483,0.0004032760831057419
987,32.9,alignment_or_advance_unresolved,unknown_no_ground_truth,0.5161600321984744,0.10055554933792613,0.14255364794798378,0.002297696989494665,0.5782294674727535,0.16500135,4.7389135,11.32832,0.0052008009198861735,6.247563590844645,-0.0027826878121840915,0.004393743136348663,-0.00206317888525945,0.001011288456847215
988,32.933334,alignment_or_advance_unresolved,unknown_no_ground_truth,0.5161300079780818,0.10051931716178782,0.14249495257046518,0.002009011019884673,0.21138961860341843,0.16500135,4.9985867,12.5016,0.005264382524349452,6.248053780464166,-0.0028388400753737273,0.004433363326993174,-0.001380463308708329,0.0014596048545164914
989,32.966667,alignment_or_advance_unresolved,unknown_no_ground_truth,0.5161016165026433,0.10048379050255611,0.14245681788605563,0.002028334713816745,0.18048219278558938,0.16500135,5.1669064,13.262118,0.005316675932569346,6.247555697597439,-0.0028747172893218574,0.004472476213289024,-0.0013595413970522146,0.0015052537663049939
990,33.0,alignment_or_advance_unresolved,unknown_no_ground_truth,0.5160413520178466,0.1004681813027584,0.14240657973199064,0.002211040670597391,0.18048219278558938,0.16500135,5.2029076,13.424783,0.005395315392848659,6.24800012373491,-0.002929474779772291,0.004530740083362514,-0.0016143797131331571,0.0015107875392853447
991,33.033333,alignment_or_advance_unresolved,unknown_no_ground_truth,0.5159942294318094,0.10046276522819475,0.14235806137560741,0.0019259671692831778,0.18048219278558938,0.1546306,5.4954696,14.746665,0.005459399623790026,6.250920900160691,-0.002982340954481408,0.0045728204298290135,-0.0015455136192599212,0.0011492333052251645
992,33.066666,alignment_or_advance_unresolved,unknown_no_ground_truth,0.5159551133792899,0.10046073632016508,0.1423117485019049,0.001840428466818891,0.18048219278558938,0.1546306,5.826576,16.242704,0.005514944978626627,6.251933779795998,-0.003032507442352008,0.0046063561227242,-0.0015309489641853484,0.001021455926869653
993,33.1,alignment_or_advance_unresolved,unknown_no_ground_truth,0.5159164436182476,0.10045696040145322,0.14226335483087035,0.001504050916078724,0.18048219278558938,0.1546306,6.210435,17.97709,0.005571769123803795,6.254189419933763,-0.003084402654933557,0.004640158556688784,-0.0012853755358025526,0.0007810114532563205
994,33.133335,alignment_or_advance_unresolved,unknown_no_ground_truth,0.515896734739619,0.10045173495052105,0.14223069868771598,0.000850364524826224,0.25154269220994896,0.1546306,6.407181,18.866049,0.005605722155451817,6.25951718314395,-0.003118209160218867,0.0046584216766250896,-0.0007813394685947621,0.00033560163870128006
995,33.166668,alignment_or_advance_unresolved,unknown_no_ground_truth,0.5158890420001989,0.10045624723407094,0.14221374488702374,0.0008152098310449145,0.3395049273686147,0.1546306,6.370158,18.69877,0.005619251431583995,6.259379705258457,-0.0031364874320495514,0.004662449274786159,-0.00041170755962677356,0.0007036078126189651
996,33.2,alignment_or_advance_unresolved,unknown_no_ground_truth,0.5158804079935255,0.10050010154451339,0.14221205329009207,0.002349631690747784,0.3685435143341307,0.1546306,6.416971,18.910284,0.005614911500994726,6.259115618487125,-0.0031456559103114623,0.004651029999680222,-0.000296337368360869,0.0023308696330509877
997,33.233334,alignment_or_advance_unresolved,unknown_no_ground_truth,0.5158549693605714,0.10060897381915399,0.14222079080846978,0.004510506694317254,0.3685435143341307,0.1546306,6.5190926,19.3717,0.005602426864881328,6.258980495511337,-0.003156242953905586,0.004628748987822234,-0.00044269730099007036,0.004488729189779316
998,33.266666,alignment_or_advance_unresolved,unknown_no_ground_truth,0.5158157961799167,0.1007929524165177,0.1422340002226731,0.00628575674049412,1.3948302926346294,0.1546306,6.519657,19.37425,0.005583985511735781,6.254931309537918,-0.0031751686115063607,0.004593386385204263,-0.0005321303660879072,0.006263192083447099
999,33.3,alignment_or_advance_unresolved,unknown_no_ground_truth,0.5157778138498719,0.1010193640803945,0.1422557873592925,0.0067840063778372445,3.0316764675495538,0.1546306,6.6210628,19.83243,0.005558559201379136,6.251754122020488,-0.0031917177680866366,0.004550881022847853,-0.0004199819808061452,0.006770993846573378
1000,33.333332,alignment_or_advance_unresolved,unknown_no_ground_truth,0.5157453846994078,0.10123724231218797,0.1422807759246384,0.005930292476250197,3.4321446889584855,0.15462321,6.6109343,19.786669,0.005537517889238186,6.249133736750987,-0.003203166981225464,0.004517059404526343,-0.000321942737161631,0.005921547241039167
1001,33.366665,alignment_or_advance_unresolved,unknown_no_ground_truth,0.5157188616438468,0.1014078479168928,0.142299422413742,0.004212304603142845,3.4321446889584855,0.15462321,6.689675,20.142439,0.005528625834433324,6.247348619216264,-0.003213180288374124,0.004499019454455333,-0.00017961620170848998,0.004208473368068546
1002,33.4,alignment_or_advance_unresolved,unknown_no_ground_truth,0.5157045985419401,0.10151298097256162,0.1423149231401983,0.0023345331545967974,3.4321446889584855,0.15462321,6.7675767,20.494423,0.005522075847336927,6.247307895091523,-0.003215149457904409,0.00448955851137713,-8.441079187690534e-05,0.00233300661553421
1003,33.433334,alignment_or_advance_unresolved,unknown_no_ground_truth,0.5156972018181406,0.10156070110152349,0.14231927036768033,0.0009889882755699457,3.4321446889584855,0.15462321,6.70172,20.196865,0.0055219131505631885,6.247108775753575,-0.0032187992378997043,0.0044867422823758165,4.0745778805592706e-05,0.0009881485671316538
1004,33.466667,alignment_or_advance_unresolved,unknown_no_ground_truth,0.5156962708951911,0.10157700044990868,0.14232830689831838,0.0005490617362346327,3.1553183978581445,0.15462321,6.754867,20.436996,0.005516849825574213,6.247092352591138,-0.0032124331142715013,0.0044850758615958925,0.0002944433555338369,0.00046343489357078397
1005,33.5,alignment_or_advance_unresolved,unknown_no_ground_truth,0.5156956820027021,0.1015880514799376,0.14234354931314036,0.000715451085468514,2.726090702147874,0.15462321,6.7184324,20.272377,0.005508935579135965,6.2467827562168825,-0.003199169981630804,0.004484828050628304,0.00037078822094745547,0.0006118711881635676
1006,33.533333,alignment_or_advance_unresolved,unknown_no_ground_truth,0.5156896220440016,0.10161234395791657,0.14235963641186783,0.0010087961592508234,2.241260146042245,0.15462321,6.552017,19.520464,0.0055043545722145435,6.235250678490772,-0.0031877142782927733,0.004487359684338613,0.0004243819210865017,0.0009151883281457117
1007,33.566666,alignment_or_advance_unresolved,unknown_no_ground_truth,0.5156815955576275,0.10164128473510627,0.1423821579962462,0.0010648090322245057,2.241260146042245,0.1546306,6.301323,18.387753,0.005498178370376842,6.217753636250965,-0.0031708782870541134,0.004491714180707463,0.0004995410164116766,0.0009403600629701782
1008,33.6,alignment_or_advance_unresolved,unknown_no_ground_truth,0.5156709665312114,0.10166467847024914,0.14240381908464902,0.0009129814664715419,1.6708628071165714,0.1546306,5.8119397,16.17657,0.005495323489290662,6.192717060987148,-0.0031544120541342393,0.004499807200834531,0.0005098579420046369,0.0007573506698322274
1009,33.633335,alignment_or_advance_unresolved,unknown_no_ground_truth,0.5156613513890258,0.10167935243946112,0.14242512182558095,0.0007636544986131537,1.6708628071165714,0.1546306,5.781199,16.037676,0.005492531845559105,6.170403714947655,-0.003136894693215757,0.004508635908803874,0.0005245556031807801,0.0005549861371455643
1010,33.666668,alignment_or_advance_unresolved,unknown_no_ground_truth,0.5156536563471533,0.1016885781639392,0.14244530683987416,0.0004705129028315565,1.6708628071165714,0.1546306,5.6705875,15.5379,0.00548907349537072,6.14980876415054,-0.0031194317216680207,0.0045165333577238875,0.00028756781439669957,0.00037240722852018205
1011,33.7,alignment_or_advance_unresolved,unknown_no_ground_truth,0.5156433763294945,0.10168985066261682,0.142448586184407,0.0003095976669795286,1.6708628071165714,0.1546306,5.364285,14.1539345,0.005496470042943516,6.134463497837959,-0.0031177237993327816,0.0045266965045217536,0.00017969266426245083,0.0002521135891010821
1012,33.733334,alignment_or_advance_unresolved,unknown_no_ground_truth,0.515640613034676,0.10167850564812138,0.14245773288308256,0.0007927808521536157,1.2653921119858298,0.15461583,5.162137,13.240569,0.0054953326383565875,6.1242162385485,-0.0031074523942688412,0.004532374700258135,0.0006257892161879153,0.0004867127863990505
1013,33.766666,alignment_or_advance_unresolved,unknown_no_ground_truth,0.515648332443623,0.10165166507013498,0.14248478772815085,0.0016596069686069849,1.2653921119858298,0.15461583,4.8518715,11.838697,0.005477707508060257,6.11374500376235,-0.0030760051574819356,0.0045324906855948675,0.0014828487164895827,0.0007452885174575434
1014,33.8,alignment_or_advance_unresolved,unknown_no_ground_truth,0.5156694998442637,0.1016179672398541,0.14254571919243955,0.002655395155859853,1.2222734453013535,0.15461583,4.773888,11.486345,0.005433301381438742,6.10293505115996,-0.0030085973278631832,0.0045242796134101464,0.002539499729291258,0.0007759281917120942
1015,33.833332,alignment_or_advance_unresolved,unknown_no_ground_truth,0.5157007420797965,0.10158650056884144,0.14264081395622474,0.0033129145795654435,1.1759065148264445,0.15461583,4.983689,12.434287,0.00536497659059771,6.103106613063465,-0.00290670776956597,0.004509326308885424,0.003183417367406431,0.000917200564976052
1016,33.866665,alignment_or_advance_unresolved,unknown_no_ground_truth,0.5157331922352526,0.10153931220229429,0.1427420218631651,0.003640764974932076,1.1759065148264445,0.15461583,4.713321,11.212686,0.005295587836124297,6.10395703798483,-0.0027963727551522763,0.004497060144622226,0.003327231193002512,0.0014780738110809083
1017,33.9,alignment_or_advance_unresolved,unknown_no_ground_truth,0.5157712558616121,0.10146691696795535,0.1428399127751226,0.0037856969112461925,1.1690347731654658,0.15461583,4.4564247,10.05195,0.00522694677561321,6.1072287837264785,-0.0026848914095714224,0.004484677325505471,0.00302436286803475,0.0022770002956239554
1018,33.933334,alignment_or_advance_unresolved,unknown_no_ground_truth,0.5158076924140743,0.10136868955015178,0.14291244071486453,0.003532490179257005,1.0571652511822947,0.15461583,4.04909,8.211491,0.005175750386372892,6.10116099868568,-0.0025947291533343774,0.004478367189375588,0.0020094753633609535,0.002905253109557333
1019,33.966667,alignment_or_advance_unresolved,unknown_no_ground_truth,0.5158309320248073,0.10126134386597666,0.1429380794568538,0.0032101301025938556,1.0537782595752547,0.23235215,3.796039,7.068132,0.0051594970091318635,6.090284901784699,-0.002550928437977212,0.004484771286426967,0.0008419243416320557,0.0030977570399478823
1020,34.0,alignment_or_advance_unresolved,unknown_no_ground_truth,0.5158483950891155,0.10115962114338595,0.14293322538192985,0.002982718681913603,0.418485185806735,0.23235215,3.5274003,5.8543415,0.005162286515347606,6.089859047671785,-0.002538601723897325,0.004494964221655747,0.00016252303170827026,0.0029782875951796144
1021,34.033333,alignment_or_advance_unresolved,unknown_no_ground_truth,0.5158623763055648,0.10106624838155243,0.1429159821800447,0.002622430716161574,0.3405809634384486,0.23235215,3.1007903,3.9267907,0.005173744722804587,6.085395746422165,-0.0025400937352099725,0.004507278366497389,0.00012226495882790192,0.002619579000700402
1022,34.066666,alignment_or_advance_unresolved,unknown_no_ground_truth,0.5158847560770029,0.10098999928406054,0.14291153561143438,0.0020585408641635135,0.26231220714445774,0.23235215,2.7307425,2.2548044,0.005170690810424207,6.084015148887335,-0.0025304508515328022,0.0045091974834755525,0.0003941384238571842,0.002020456728631039
1023,34.1,alignment_or_advance_unresolved,unknown_no_ground_truth,0.5159096857201667,0.10093743472194823,0.1429174030095261,0.001631983667733438,0.21821574194953594,0.23235215,2.440425,0.9430633,0.005157199037045475,6.085198352750111,-0.0025138182428888853,0.004503045608188064,0.0005164165079226497,0.0015481229544495685
1024,34.133335,alignment_or_advance_unresolved,unknown_no_ground_truth,0.5159352462198342,0.10089469524989941,0.14292582706940898,0.0014160141942111432,0.17757181955501222,0.23235215,2.1662712,-0.29564482,0.0051405140353385954,6.086560527715516,-0.002496030018068989,0.004493853435127987,0.0006026986536884919,0.0012813471547748147
1025,34.166668,alignment_or_advance_unresolved,unknown_no_ground_truth,0.5159633837842231,0.10086322482745227,0.14294029205152725,0.001334178358303099,0.14758552158405203,0.23235215,2.018697,-0.9624289,0.005116896356014716,6.089793156886531,-0.0024736286605448305,0.004479262167804858,0.0007413614021551756,0.001109240804856576
1026,34.2,alignment_or_advance_unresolved,unknown_no_ground_truth,0.5159964626152522,0.10083998912231366,0.1429600440674686,0.0011697766653269417,0.14758552158405203,0.23235215,1.900519,-1.4963924,0.0050850808554834415,6.091367651086562,-0.0024466066818745044,0.004457820437277755,0.0007478726898565626,0.0008994797866045295
1027,34.233334,alignment_or_advance_unresolved,unknown_no_ground_truth,0.5160245867528845,0.10083393409698488,0.1429787334473095,0.0010657319363816756,0.08746754666174734,0.23235215,1.8456228,-1.74443,0.005054107315801762,6.093544878703127,-0.0024237712451546786,0.004435012255992336,0.0007076593719251619,0.0007968706128038109
1028,34.266666,alignment_or_advance_unresolved,unknown_no_ground_truth,0.516054813941073,0.10084058924990799,0.14300057232072033,0.001074214977965934,0.08746754666174734,0.23235215,1.7587174,-2.1370943,0.005016970564666727,6.095730514076832,-0.002399430113269539,0.00440598783228775,0.000688467239078155,0.0008245912196976478
1029,34.3,alignment_or_advance_unresolved,unknown_no_ground_truth,0.5160812748258046,0.10084798483959834,0.1430201761111675,0.0010175105602682143,0.07604428091874826,0.23235215,1.7337028,-2.2501178,0.004983894810490506,6.100342422330996,-0.0023778741324685672,0.00438005959915742,0.0006813580542864233,0.000755697652580948
1030,34.333332,alignment_or_advance_unresolved,unknown_no_ground_truth,0.5161085210741242,0.10084916918446732,0.14304110926928051,0.0008943913215185879,0.07604428091874826,0.23235215,1.7153183,-2.3331842,0.004951095750007797,6.102263870975478,-0.002354006938974324,0.004355685991552422,0.000621924519107222,0.0006427641313429187
1031,34.366665,alignment_or_advance_unresolved,unknown_no_ground_truth,0.5161279105867752,0.1008527031711242,0.14305702722486502,0.000942293448544739,0.11953966698873088,0.23235215,1.7351907,-2.2433949,0.00492670243190439,6.106802468115165,-0.0023364131331420662,0.0043374612994024385,0.0005346309821659664,0.0007759424309048905
1032,34.4,alignment_or_advance_unresolved,unknown_no_ground_truth,0.5161618170358213,0.10086089343813284,0.1430721890839739,0.001770328351624762,0.14625700705356587,0.23235215,1.7907019,-1.992579,0.004888684299606352,6.108516486841754,-0.0023183718451236525,0.0043039965344962355,0.0007343092294743135,0.0016108545645325302
1033,34.433334,alignment_or_advance_unresolved,unknown_no_ground_truth,0.5162363982955568,0.10087750725839592,0.14309639804671428,0.003330638165195736,0.14625700705356587,0.23235215,1.8617333,-1.6716378,0.004809099871013622,6.1123774098416295,-0.002287450081962169,0.0042302498380018295,0.0012955355909784454,0.0030683445243268478
1034,34.466667,alignment_or_advance_unresolved,unknown_no_ground_truth,0.5163693478019837,0.10090260924311399,0.1431392126124645,0.005139206636251035,0.25868089278633005,0.23235215,1.9361051,-1.3356037,0.004668523428209178,6.120019599052828,-0.0022320041290829645,0.0041003985864174934,0.0021325204640889935,0.004675874390991309
1035,34.5,alignment_or_advance_unresolved,unknown_no_ground_truth,0.51655501670164,0.10093557357856386,0.14320816215533574,0.007012648272680784,0.5874512251999181,0.33569774,1.8509265,-1.720466,0.004469089291181372,6.1394590458007405,-0.002145284229340315,0.003920524794959949,0.0033125501671581,0.0061809584359056825
1036,34.533333,alignment_or_advance_unresolved,unknown_no_ground_truth,0.5167950790981685,0.10097325466863347,0.14331899270591922,0.009283996669307504,0.7877407318433193,0.33569774,1.7698108,-2.086971,0.004203720105776502,6.165301472082519,-0.0020111708349612872,0.0036914027957283026,0.005064332179346254,0.0077810753583904355
1037,34.566666,alignment_or_advance_unresolved,unknown_no_ground_truth,0.5170987496413084,0.1010153298038069,0.14349287234490077,0.012465379535939843,0.8540905598949653,0.33569774,1.7425662,-2.2100701,0.0038561700755845416,6.193200073917249,-0.0018076672571418406,0.003406227640556483,0.007680767897722726,0.009817916860329378
1038,34.6,released,unknown_no_ground_truth,0.5174919225640378,0.10106256057727997,0.14376285701977815,0.016139583212408097,1.113195310593406,0.541473,1.7919229,-1.9870619,0.003392542138158794,6.229071723027092,-0.001499127487496053,0.00304334666697976,0.010708964442902825,0.012074942104659892
1039,34.633335,released,unknown_no_ground_truth,0.5179650980868469,0.10111918863444125,0.14412251305196766,0.019561825034881113,1.541081674549847,0.541473,1.823504,-1.8443693,0.002830011383052926,6.278538814757605,-0.0010937037844870345,0.0026101295868228213,0.013415608875900438,0.014236798698589615
1040,34.666668,released,unknown_no_ground_truth,0.518518938764575,0.10118222295373269,0.1445577283155913,0.02209174947439809,1.5464591407682995,0.541473,1.8971446,-1.5116392,0.002192921902069812,6.347501858398654,-0.0006047169890329424,0.0021078955931811273,0.015324753042729643,0.015912175810332062
1041,34.7,released,unknown_no_ground_truth,0.5191148958437001,0.10125290903629747,0.14503306681013603,0.022366991483567786,1.5464591407682995,0.541473,1.8567666,-1.6940789,0.0015741529221909797,6.427648105470387,-7.206923549825367e-05,0.0015725022886269825,0.015663042736537933,0.015967197633253622
1042,34.733334,released,unknown_no_ground_truth,0.5196705020211344,0.10133085512294081,0.14549325989319006,0.020035570480723852,1.5464591407682995,0.541473,1.8740901,-1.6158062,0.0011654303526016981,6.493736072925259,0.00043946986065512204,0.0010793952697418525,0.014283802657472318,0.01404980662252829
1043,34.766666,released,unknown_no_ground_truth,0.5201223667096725,0.10141245370489547,0.1458953894428423,0.016432577307298968,1.5464591407682995,0.541473,1.9156295,-1.4281187,0.0011167764060769165,6.537019014615284,0.0008801696844453891,0.0006873797114793094,0.011998122883832294,0.011228296586072925
1044,34.8,released,unknown_no_ground_truth,0.5204670408183285,0.10149123089255147,0.14622803899078668,0.013354376919652182,1.194672934548554,0.80993074,1.9113811,-1.4473141,0.001305890357613412,6.544752273960748,0.001239332463788622,0.0004115879861066274,0.009916186195176882,0.008944754566488806
1045,34.833332,released,unknown_no_ground_truth,0.5207493295134098,0.10156251540323671,0.14650938807474218,0.01208132906499565,1.1106591445868976,0.80993074,1.9000868,-1.4983455,0.0015655838842700543,6.552093856616372,0.001541238634982526,0.0002750206696292302,0.008956952291214616,0.008107497618230543
1046,34.866665,released,unknown_no_ground_truth,0.5210353196060704,0.10162694048434293,0.14678240957519056,0.0119903980857919,0.6449998473034854,0.80993074,1.9511139,-1.2677895,0.0018722922137300066,6.564419643294557,0.0018364534672288993,0.00036457755868534185,0.008787612033565604,0.008157666394459572
1047,34.9,released,unknown_no_ground_truth,0.5213262333480013,0.10168451508194473,0.14704910355138723,0.011346504145088388,0.6449998473034854,0.80993074,1.891592,-1.5367272,0.002206528079430083,6.567055728186987,0.0021270948117181623,0.0005867144341799401,0.008338638229573647,0.007694820906999776
1048,34.933334,released,unknown_no_ground_truth,0.5215780331158013,0.10174630899791426,0.14729572531338325,0.009767756385879048,1.1106591445868976,0.80993074,1.931976,-1.3542606,0.0025236970739397967,6.557901306004276,0.0023923976447839767,0.0008034179673397742,0.007458756137034259,0.006306823424049124
1049,34.966667,released,unknown_no_ground_truth,0.5217482830829931,0.10183191033235614,0.14752257578405537,0.008907625847109888,1.194672934548554,0.80993074,1.9590932,-1.2317368,0.0027931754862223035,6.562134620703337,0.0026243376019170974,0.0009563897991913232,0.007261619459644999,0.00515894185423767
1050,35.0,released,unknown_no_ground_truth,0.5218179542549441,0.10196948811922345,0.14779096880136766,0.011157235916461604,2.364514018950096,0.80993074,1.9489424,-1.277601,0.0030570050273331937,6.565580806489514,0.0028764981911939174,0.0010349096062934877,0.008958600828530257,0.006650367244794666
1051,35.033333,released,unknown_no_ground_truth,0.5217914025932423,0.1021813687437294,0.1481777585137217,0.016298774703200812,4.811342818405377,0.86287034,2.0065148,-1.0174719,0.003399933378072613,6.429914024679629,0.0032215685061611206,0.0010867581770766927,0.012534681848556946,0.010417860038470268
1052,35.066666,released,unknown_no_ground_truth,0.5216669343587184,0.10247934637203679,0.1487385279244911,0.022664884004350447,5.747608882020244,0.86287034,2.2901936,0.26427326,0.00390417318079168,6.272797722298939,0.0037121308438939015,0.001209401845303941,0.017420873471172382,0.01449862526007425
1053,35.1,released,unknown_no_ground_truth,0.5214867338227889,0.1028451871237818,0.14950046398589031,0.028562599230543283,5.747608882020244,0.86287034,2.3587077,0.57384044,0.004637072118577803,6.086175323383534,0.004382942275910412,0.0015140194314898657,0.022863579050974286,0.017119545197945
1054,35.133335,released,unknown_no_ground_truth,0.5213164736170752,0.10323507456782609,0.15045092286525247,0.03327081367080934,5.747608882020244,0.86287034,2.117416,-0.51638764,0.0055974540024480495,5.870146464947696,0.005236445542804744,0.0019776575504272787,0.02827271064347199,0.017538553965142603
1055,35.166668,released,unknown_no_ground_truth,0.5212227224455025,0.10360085946564417,0.15156913188228285,0.037657984642577115,5.747608882020244,0.86287034,2.2717965,0.18114972,0.006747057101871161,5.646518311170567,0.006267857307099022,0.002497347455552685,0.03380475076774646,0.01659405414210522
1056,35.2,released,unknown_no_ground_truth,0.5212057076777323,0.10391720735449236,0.15286442759960753,0.041416455591246217,5.528141819240897,0.86287034,2.444117,0.9597455,0.008071968280042927,5.5090372147818165,0.007490061063262975,0.0030092618999700053,0.03851977559700195,0.015216756609024256
1057,35.233334,released,unknown_no_ground_truth,0.5212419634759351,0.10417443338674806,0.15426988473681785,0.044114238492034226,3.255672535999218,0.87154955,2.6935499,2.0867572,0.009496884829046119,5.459540683182941,0.00883580299989191,0.003481293840408686,0.04179026289329807,0.014129400731846634
1058,35.266666,released,unknown_no_ground_truth,0.521267198326592,0.10438840706516053,0.15576668656063797,0.046922947158913375,3.255672535999218,0.87154955,2.7181928,2.1981013,0.011001758185964187,5.462846771756206,0.01027603590175296,0.003929601675528226,0.04483053478570828,0.013855905632818702
1059,35.3,released,unknown_no_ground_truth,0.5212851306095164,0.1045796936593121,0.15737137051621114,0.0501147040791856,2.4123844243492996,0.87154955,2.366737,0.6101188,0.012608749188949999,5.429854635698032,0.011824459525645953,0.0043775236191490735,0.04810403557929645,0.014052947232880485
1060,35.333332,released,unknown_no_ground_truth,0.5213416109560811,0.10477711460184971,0.15908409162119136,0.053024964012775046,2.006749325076871,0.87154955,2.3323212,0.45461833,0.014327130469802026,5.354433042400172,0.013482922469945329,0.004845355422275337,0.051101274958861076,0.014152968103368538
1061,35.366665,released,unknown_no_ground_truth,0.5215106110885817,0.1049873713237712,0.16087547990082088,0.054646659876113675,1.9693848913804155,0.87154955,2.525809,1.3288542,0.016133324087625044,5.325561043596175,0.015231158990869388,0.0053193930021386004,0.052846804799852584,0.013909444922854773
1062,35.4,released,unknown_no_ground_truth,0.5217958630186754,0.10518035562319475,0.16267635609012657,0.05477344731459122,2.006749325076871,0.87154955,2.6621366,1.9448225,0.01795508352053566,5.315017692923949,0.017006184510205136,0.005759749355160359,0.05310839792737575,0.013402559468691493
1063,35.433334,released,unknown_no_ground_truth,0.5221718837554462,0.10533446112084505,0.1644500256906023,0.05444559336809145,3.255672535999218,0.87154955,2.607714,1.6989249,0.01975337208490152,5.309441665027472,0.018771877984743956,0.006149171135238625,0.052840652951105925,0.013122043777717887
1064,35.466667,released,unknown_no_ground_truth,0.5225841450178391,0.10547102627301744,0.16620743037589536,0.05243734007765822,3.488518622171802,0.87154955,2.5522814,1.4484642,0.0215399871480548,5.317536528557877,0.020528840731512853,0.0065220966382402564,0.050958361602982304,0.01236608333950891
1065,35.5,released,unknown_no_ground_truth,0.5229451725730623,0.10558861196510949,0.1678497070597973,0.04715914767295206,3.590798018826364,0.87154955,2.5058184,1.2385304,0.023208749096380668,5.231652074038441,0.022169050038891292,0.006868715672662877,0.04605058051617532,0.01016509927952275
1066,35.533333,released,unknown_no_ground_truth,0.5231898690022906,0.10566369156406807,0.1692864000657126,0.04079654936529466,3.590798018826364,0.87154955,2.5080607,1.2486619,0.02465846347568235,5.061515574387303,0.023598832393051203,0.007150869224523525,0.04010024498006104,0.0075052510053970406
1067,35.566666,released,unknown_no_ground_truth,0.5234307645891996,0.10567564534463825,0.17052431871927187,0.037380681595657696,3.872862912337299,0.87154955,2.4945424,1.187582,0.025904438366537687,4.948773737307824,0.024842358742810704,0.00734146709992264,0.03669791647039885,0.0071118410617484334
1068,35.6,released,unknown_no_ground_truth,0.5238770678826717,0.1056002647130958,0.1716809427983926,0.03882281256501348,5.110967417472798,0.87154955,2.4333925,0.91128886,0.027085266661433603,4.970251760382423,0.0260453226717217,0.007433225211633678,0.03662854480515917,0.012867030773050016
1069,35.633335,released,unknown_no_ground_truth,0.5245903157629568,0.10543151602234446,0.1728254276121709,0.04277392647053712,3.9663407667842434,0.87154955,2.5617821,1.4913913,0.028285680718190574,4.981752405750018,0.027284358626478034,0.007459457623255966,0.038075754414178736,0.019489630871262403
1070,35.666668,released,unknown_no_ground_truth,0.5254896444342656,0.10517126494906887,0.17399348470014672,0.046263568824994446,3.872862912337299,0.87154955,2.829189,2.6996155,0.02954416797564297,4.988994316699311,0.028583815820001024,0.007471501491752954,0.03982018089381443,0.023551454180345096
1071,35.7,released,unknown_no_ground_truth,0.5264746631174995,0.10486340773696927,0.17520002654228511,0.04953458043467854,3.872862912337299,0.87154955,2.6112647,1.7149683,0.030873739517083717,5.13838360076065,0.029938996677392925,0.007539513891478159,0.04279089066775968,0.024952241075692494
1072,35.733334,released,unknown_no_ground_truth,0.52749360533672,0.10458158627266925,0.17655108245704149,0.05128282245180225,3.872862912337299,0.87154955,2.5543008,1.4575884,0.032376698157749254,5.248218859258469,0.031436498154671665,0.007745783844733164,0.045723016507217655,0.02322355786919341
1073,35.766666,released,unknown_no_ground_truth,0.5284002934357084,0.10436932860624165,0.1779814009965372,0.04819659023600523,3.872862912337299,0.87321156,2.63648,1.828899,0.033954975341758876,5.3457577654683845,0.032987151072932694,0.008049112656123568,0.04498616813941173,0.01729612634406824
1074,35.8,released,unknown_no_ground_truth,0.5290197998150378,0.10425202659196547,0.17935925886336648,0.04212299876699154,3.478228714517808,0.87321156,2.7444174,2.316592,0.035429818447118754,5.444530486135116,0.03443553007836362,0.008334644768549589,0.04103714888569963,0.009502601562566588
1075,35.833332,released,unknown_no_ground_truth,0.5293282450468753,0.10423171141874883,0.1806282316365574,0.0370553952205116,3.182189256565882,0.87321156,2.5533223,1.4531673,0.03673206382119272,5.449450440874786,0.03572291908020362,0.008550880946042894,0.03659685920378587,0.005811386354957615
1076,35.866665,released,unknown_no_ground_truth,0.5294229773285273,0.10427053362102176,0.18179638736371267,0.03340736647011378,2.940892488978327,0.87321156,2.358855,0.57450616,0.03788927653263543,5.46565023998019,0.03687528330915409,0.00870693729368367,0.03258956260039193,0.007346600845535191
1077,35.9,released,unknown_no_ground_truth,0.5293863647042598,0.10434166406155627,0.1828519858996416,0.029863722278689237,2.0457096061698463,0.87321156,2.4513795,0.99255955,0.038909712404321006,5.47286562288392,0.03789562246257989,0.008825390504707596,0.028659085184565756,0.008396353060852296
1078,35.933334,released,unknown_no_ground_truth,0.5293237809108504,0.1044188592209997,0.1837793953271497,0.026080960218845185,1.9412831883313926,0.87321156,2.5922716,1.6291517,0.03980197440402828,5.5289463161885894,0.038785994398966635,0.008935536074699216,0.02512855219584502,0.0069837203894255045
1079,35.966667,released,unknown_no_ground_truth,0.529365644203556,0.10448835857072733,0.18458436666645292,0.023519383831597896,1.4159231635590448,0.87321156,2.6024745,1.6752514,0.04059902052186066,5.530880369001006,0.03957083360743568,0.009079074564464265,0.022907192283564918,0.005331224765643679
1080,36.0,released,unknown_no_ground_truth,0.5295915539633652,0.10454171635514653,0.18531940297652957,0.02140947930834501,1.4159231635590448,0.87321156,2.6857812,2.0516562,0.04136757670676964,5.53385493266997,0.04031311715206847,0.009280570460595237,0.020207958658624004,0.0070713655757425175
1081,36.033333,released,unknown_no_ground_truth,0.529913313377414,0.10457836366194864,0.18589931019541328,0.01709625020132832,1.2519076311535389,0.87321156,2.5497913,1.4372133,0.04200567859725013,5.5882445520754365,0.040918010209409154,0.009497024529723305,0.015272555804092607,0.007683151056519449
1082,36.066666,released,unknown_no_ground_truth,0.5301901936600547,0.1045999847888252,0.1862875070973563,0.011388221691913768,1.2519076311535389,0.87321156,2.4782987,1.1141882,0.04244713700108387,5.628760875805175,0.04133127193846634,0.00966878480147987,0.009731326915999032,0.005915477136979575
1083,36.1,released,unknown_no_ground_truth,0.5303733217878945,0.10459638331211196,0.18650301291398505,0.005928140149117364,0.6549594037444524,0.87321156,2.4672496,1.0642654,0.04269842006619407,5.6434070040279325,0.041566755396830364,0.0097652404952074,0.004838875931997881,0.0034246350670266864
1084,36.133335,released,unknown_no_ground_truth,0.5304580590481678,0.10456153920264649,0.18657550261346928,0.0024986679636344288,0.4069940110250894,0.87321156,2.4011202,0.7654728,0.04278643590425525,5.643408430644088,0.041653849769462827,0.00977936075477146,0.0014831925448377074,0.0020108409851181345
1085,36.166668,released,unknown_no_ground_truth,0.5304802696044614,0.1044901822858712,0.18657401354267966,0.0028555191610536135,0.4069940110250894,0.87321156,2.231305,-0.0018033101,0.04278604480486742,5.644153982248097,0.0416656581372539,0.009727207309069268,-5.012605263137371e-05,0.002855079168428072
1086,36.2,released,unknown_no_ground_truth,0.5304776597459906,0.10437520754804294,0.18654181031867012,0.003963827736686785,0.4069940110250894,0.87321156,2.126756,-0.4741865,0.04274776225356379,5.644139122709005,0.04165050808382328,0.009623219526051838,-0.000355899882820378,0.003947817827551814
1087,36.233334,released,unknown_no_ground_truth,0.5304738247405496,0.10423328071473992,0.1865124610607501,0.004195605149335322,0.4069940110250894,0.87321156,2.095258,-0.61650366,0.04271087500641181,5.642334524871449,0.04164193184194223,0.009495701990078001,-0.00012155570803097974,0.004193843914474424
1088,36.266666,released,unknown_no_ground_truth,0.5304734095531017,0.1040998037759921,0.1864931450111892,0.004559518804157819,0.5844365273038022,0.87321156,2.0070002,-1.0152787,0.0426853972717813,5.640795608275356,0.041642404494120724,0.009378341441738446,9.517827099562786e-05,0.0045585252902884095
1089,36.3,released,unknown_no_ground_truth,0.5304792004115391,0.10393188599197087,0.1864733971591916,0.006631326425569239,0.6567527833344209,0.87321156,1.9379727,-1.3271656,0.042659830720452756,5.638427807442753,0.04164827696278633,0.009234835305988232,0.0003779179435040404,0.00662054893422219
1090,36.333332,released,unknown_no_ground_truth,0.5305050312782571,0.10366102774101979,0.18644942033856698,0.011422085041994347,0.6965437239444345,0.8732337,1.867156,-1.6471363,0.04263150166486106,5.636928060895351,0.04166759863765375,0.009014219765040465,0.0010124209721121928,0.01137712751452573
1091,36.366665,released,unknown_no_ground_truth,0.5305706243269985,0.10317796053564378,0.1864180760597664,0.018821999012167454,0.9580641516446069,0.8732337,1.8565252,-1.6951697,0.04260099204769504,5.634373938566557,0.04171577066009723,0.008639386649638188,0.0019251311035543926,0.01872328809392624
1092,36.4,released,unknown_no_ground_truth,0.5306772783805819,0.10242036240693375,0.18637313212810525,0.027009161835941164,2.2880240006862724,0.8732337,1.8487386,-1.7303519,0.0425693897268417,5.627462122196838,0.04179593928788874,0.008077895812577307,0.002838573964329939,0.026859585270980802
1093,36.433334,released,unknown_no_ground_truth,0.530818108088652,0.10139745021704064,0.1863137223651814,0.03366726752854398,3.034603734483253,0.8732337,1.856181,-1.6967247,0.04254905401592757,5.631568687707294,0.04190502404058466,0.007375022563243002,0.0035111438508526,0.033483679184002045
1094,36.466667,released,unknown_no_ground_truth,0.5309741690445137,0.10019947414340868,0.18624248926327883,0.036607104452426396,3.034603734483253,0.8732337,1.9089152,-1.4584562,0.04255340171337327,5.613542600555831,0.04203001195806478,0.006653577397509555,0.003658073447169215,0.036423873970872066
1095,36.5,released,unknown_no_ground_truth,0.53111493529925,0.09897977622927834,0.18616380531369325,0.03448307922972903,3.034603734483253,0.8732337,1.8953987,-1.5195273,0.04258268916110075,5.599763086997892,0.04214889186709685,0.00606269994034876,0.0032237937545739727,0.03433205363784315
1096,36.533333,released,unknown_no_ground_truth,0.5312197124704017,0.097918869324609,0.18609017257080063,0.028270700562308976,3.034603734483253,0.87324846,1.8445094,-1.7494607,0.04262757138857157,5.589142806981145,0.04224492824867671,0.005698761247141534,0.002461637422191236,0.028163324581544077
1097,36.566666,released,unknown_no_ground_truth,0.5312857025832027,0.0971076019316421,0.18603024793977524,0.020055924257294168,2.232553712320853,0.87324846,1.8272662,-1.8273704,0.04267285953574664,5.581843591948219,0.04231299851407394,0.005530198703983396,0.001678224990907395,0.019985586273467547
1098,36.6,released,unknown_no_ground_truth,0.5313270016890288,0.09658972613836408,0.1859924668968568,0.012138463454721181,1.4892642595360006,0.87324846,1.8497039,-1.7259902,0.04271014326606479,5.573300459763062,0.04235680820047149,0.005482438953262578,0.0010793513025212304,0.012090380300360588
1099,36.633335,released,unknown_no_ground_truth,0.5313567427518069,0.09630340365739981,0.18597466481721736,0.005982803299527803,0.8602058556833517,0.87324846,1.8480921,-1.7332729,0.042738182472885904,5.569385893986722,0.04238494599394668,0.005483483762710973,0.0006265098891098358,0.005949909300122846
1100,36.666668,released,unknown_no_ground_truth,0.5313743032308949,0.09619428731642331,0.18597004067101103,0.0021600621462300753,0.8602058556833517,0.87324846,1.926909,-1.3771547,0.042753030148888434,5.56304020565946,0.04239858944242926,0.005493741912766778,-0.00020734945845049958,0.0021500871325730877
1101,36.7,released,unknown_no_ground_truth,0.5313169006852169,0.09616809373006957,0.1859456753182681,0.0034830446242129485,0.8602058556833517,0.87324846,1.9457442,-1.2920518,0.04271869752543947,5.556517819962012,0.042371122908519056,0.005438295848991689,-0.0016612532486240165,0.0030613457005367545
1102,36.733334,released,unknown_no_ground_truth,0.5311599452190945,0.09617637385512955,0.1858825974323684,0.008017819569097012,0.8602058556833517,0.87324846,2.029755,-0.9124652,0.04261754416796724,5.530264363558102,0.04228784092278384,0.005290896048682676,-0.003776136848019061,0.007072921683973863
1103,36.766666,released,unknown_no_ground_truth,0.5308286271674603,0.0960923231713164,0.18574183208447453,0.014708628927503182,2.1810403510575576,0.87324846,2.1349435,-0.4371928,0.04241227471539574,5.463795378862107,0.042119384309215725,0.004975792594832413,-0.006341099396218872,0.013271556931055828
1104,36.8,released,unknown_no_ground_truth,0.5303240317877984,0.09582530995638112,0.18550909876649946,0.022570864115996618,6.096859383502907,0.87324846,2.2672963,0.1608167,0.042106637080593826,5.280048690518192,0.04186510744031361,0.004503516986515827,-0.0055006722407580306,0.021890329185339764
1105,36.833332,released,unknown_no_ground_truth,0.5297850685699477,0.09507992110629573,0.18535433592939343,0.03182940663474289,6.096859383502907,0.87324846,2.3645642,0.60030186,0.04195202160469885,5.073808843015787,0.04175267844530049,0.004084845084511735,-0.000283502312291406,0.031828144042006914
1106,36.866665,released,unknown_no_ground_truth,0.5293420171117669,0.09395190464410275,0.18534004892363937,0.03981441456257025,6.096859383502907,0.87324846,2.5162787,1.2857934,0.042044696439765064,4.763917573402183,0.04184620757575153,0.00408061395369722,0.007762834562288299,0.0390503009785936
1107,36.9,released,unknown_no_ground_truth,0.5291369626632269,0.09251623348786076,0.18558572626289102,0.047980449499037514,6.096859383502907,0.87324846,2.7122135,2.1710851,0.042536164033870554,4.64876856458859,0.04227024981848923,0.004748813641200752,0.019403489199551496,0.04388197968429156
1108,36.933334,released,unknown_no_ground_truth,0.5292503144672628,0.09087600029289859,0.1862133723284983,0.05588441406761943,5.454301173862764,0.87324846,2.6323059,1.8100386,0.04354928433757422,4.561256886530172,0.043139787373652705,0.0059580963126591256,0.03175580272890374,0.04598517944647047
1109,36.966667,released,unknown_no_ground_truth,0.5296587495709488,0.0891900770715224,0.1871808117201897,0.06143588044138771,5.021786711744064,0.87324846,2.614668,1.730345,0.044999713023461785,4.545353812863742,0.04438727089597483,0.007398942802945681,0.04267247282627033,0.044197595732117664
1110,37.0,released,unknown_no_ground_truth,0.5303047343058838,0.08764171788125971,0.18849417663405788,0.06340087808440054,5.008542897782041,0.87324846,2.4754295,1.1012245,0.04681741223688369,4.62441757059321,0.0459845753065183,0.008791411856889352,0.05091265082268443,0.03778324136545766
1111,37.033333,released,unknown_no_ground_truth,0.5308734232888981,0.08634218943783731,0.19005809555860265,0.06095834583499134,5.008542897782041,0.87324846,2.5294816,1.3454481,0.0487939249897428,4.610903263383361,0.047781395611461386,0.00988864749729024,0.05448175325417348,0.027343344515434898
1112,37.066666,released,unknown_no_ground_truth,0.5310296406986661,0.08533209739163113,0.19175835455485082,0.06046796273182522,5.008542897782041,0.8732559,2.7665474,2.416582,0.05072298952027587,4.592726510871361,0.04961663653835342,0.01053617788834959,0.05573476317027864,0.023452306737085704
1113,37.1,released,unknown_no_ground_truth,0.530640516967321,0.08441234386452087,0.1935895975244351,0.0652570737021541,5.021786711744064,0.8732559,2.6244318,1.7744614,0.052638264758957935,4.555267213864193,0.051496989557784596,0.010901696350549193,0.05669075168802354,0.03232095823479292
1114,37.133335,released,unknown_no_ground_truth,0.5297317767742633,0.08357373456845886,0.1955202847774247,0.07200630539216794,5.171299652497305,0.8732559,2.1207662,-0.5012502,0.05453977570672128,4.458797576185035,0.053396169946504736,0.01111018313005905,0.05766828113402822,0.04311933866928898
1115,37.166668,released,unknown_no_ground_truth,0.5285446337617848,0.08261548279606445,0.19751696933072788,0.07989724090498362,7.358090493632957,0.8732633,2.2424457,0.048534248,0.056532169490337125,4.061982183969189,0.05534170877428966,0.011540427081608177,0.0619703276697139,0.05043062157793894
1116,37.2,released,unknown_no_ground_truth,0.5274225848413152,0.08117631814097057,0.1996784786060517,0.09041635032735036,8.814235366788175,0.8732633,2.6656256,1.9605869,0.05889430457540629,3.8620667904105845,0.05752746182331391,0.012614683808478234,0.06981993049851261,0.05744818284072193
1117,37.233334,released,unknown_no_ground_truth,0.5266529989676291,0.07902906716740515,0.20197702292054703,0.10604871790869888,9.183156126254229,0.8732633,2.6452808,1.8686633,0.06171797288287143,3.803788791870852,0.059996299488175045,0.014475918778995015,0.07957469500487846,0.07010134438767464
1118,37.266666,released,unknown_no_ground_truth,0.5263609689401267,0.07608651523473615,0.2044689940036728,0.12450031078021605,12.169591662063072,0.8732633,2.8219101,2.666727,0.06511263265284764,3.714076347153964,0.062832360206704,0.01708067451360395,0.08883471747646376,0.087227979199608
1119,37.3,released,unknown_no_ground_truth,0.5263746707730739,0.07248777593730185,0.20707822624053257,0.13744342855827876,12.169591662063072,0.8732633,2.0369723,-0.8798559,0.06896752875584372,3.6017852567106585,0.06591852324411805,0.020279751379215626,0.09348580160771387,0.10075267218102871
1120,37.333332,released,unknown_no_ground_truth,0.5264072275771214,0.06856210554856824,0.20969749238371022,0.14115365984460163,12.399026128658651,0.8732633,2.3829236,0.6832552,0.07304937897999558,3.5120478203513197,0.0690646514870952,0.023796757853310608,0.09277631136431654,0.10638097450746017
1121,37.366665,released,unknown_no_ground_truth,0.5261788173673546,0.06462182871116634,0.2122394755091006,0.1395817506611579,13.055230026692993,0.8732633,2.150656,-0.36619905,0.07712395375770452,3.483857588283778,0.0721035158996763,0.02737128491915698,0.0899104336340908,0.10676693796004176
1122,37.4,released,unknown_no_ground_truth,0.52553081098702,0.06081002837747285,0.2147705289896472,0.13544409085046483,13.055230026692993,0.8732633,2.7156663,2.1866858,0.0811635365117606,3.511016395273515,0.07505891074446679,0.030881702947701338,0.08588899673052411,0.10472908854245315
1123,37.433334,released,unknown_no_ground_truth,0.5245449038232757,0.05725238069075522,0.21719554221005363,0.13340408508434834,13.055230026692993,0.8732633,2.2086477,-0.10417509,0.08502138071472404,3.4870672122096456,0.07782972254892918,0.03422235331760157,0.08456764531420376,0.10317443134421961
1124,37.466667,released,unknown_no_ground_truth,0.523520108176833,0.05370336946477941,0.21972494836379203,0.13777039123901602,12.399026128658651,0.8732633,2.3438642,0.50677323,0.08901279253838489,3.41504052547781,0.08069666738163547,0.03756760717665206,0.08994233404920626,0.10436022828612697
1125,37.5,released,unknown_no_ground_truth,0.5226700156896484,0.049971986628435675,0.2224715873762042,0.1470607854079373,11.582978502376061,0.8732633,2.2724023,0.18388699,0.09333432043016952,3.5500946885639943,0.0838257862783185,0.04104306183733408,0.09978082347668088,0.10803083759332256
1126,37.533333,released,unknown_no_ground_truth,0.5220682480477782,0.045947476423783586,0.2255434294803007,0.15823225157278997,11.207209683961427,0.8732633,2.9077706,3.0546703,0.09812989399475262,3.6703311274898005,0.0873486203564138,0.044717945136739906,0.11076205600170937,0.11300093976630853
1127,37.566666,released,unknown_no_ground_truth,0.521683919779178,0.041661119404482756,0.22889274195525722,0.17061634613198462,11.125146503428564,0.8732633,2.234063,0.0106582735,0.10333505515578542,3.7970354695531734,0.09120981020437201,0.048568551003006576,0.1228734809155464,0.11837248521141235
1128,37.6,released,unknown_no_ground_truth,0.5213883743235295,0.03710785438459263,0.23266890417150268,0.18002826095481458,11.125146503428564,0.8732633,2.3999367,0.76012534,0.10906712601527545,4.045558605854163,0.09554006023853255,0.05260926597900359,0.1331292108432376,0.12118905875808926
1129,37.633335,released,unknown_no_ground_truth,0.521020912905878,0.03254557484447042,0.23667251854082982,0.1840858899354903,11.018112063734357,0.8732633,3.0804515,3.834894,0.11500477746780031,4.216895429399298,0.10008547540273285,0.056648004853015146,0.13926663434212022,0.12038446507901104
1130,37.666668,released,unknown_no_ground_truth,0.520500529437756,0.028051528945163197,0.2409041187589071,0.18648510518124567,11.125146503428564,0.8732633,2.229746,-0.008846345,0.12109516425883253,4.329659044670484,0.10482488329820863,0.060628233096393105,0.14500862178631188,0.11725695741445208
1131,37.7,released,unknown_no_ground_truth,0.5199336595355841,0.02371674916009342,0.24535745188381058,0.18800806601409176,11.207209683961427,0.8732633,2.4511864,0.99168694,0.12727228133886534,4.463189885986767,0.10975256873239846,0.06444072667063466,0.15062247053452277,0.1125162399675527
1132,37.733334,released,unknown_no_ground_truth,0.5195297148046207,0.01947576581456416,0.24999295342027966,0.19019890962077804,11.958033177975487,0.87327063,3.2864738,4.7657638,0.13353908036634982,4.634476061295823,0.1148662274766793,0.0681060626549957,0.15655760439065483,0.10800621152689371
1133,37.766666,released,unknown_no_ground_truth,0.5194246547815479,0.01528056923181596,0.2548098278788351,0.1975398916531852,11.958033177975487,0.87327063,2.4964468,1.196187,0.13991973226789822,4.94669682957911,0.12018958243868406,0.07163794909916871,0.16590508641395127,0.10722644774649358
1134,37.8,released,unknown_no_ground_truth,0.5195852213152428,0.010898434986823798,0.2599855582091451,0.2076420466826679,12.368770126738669,0.87327063,2.4218388,0.8590855,0.14669651628950114,5.329611958391199,0.12592639710296072,0.07524898938951488,0.17547079412586897,0.11101900719878624
1135,37.833332,released,unknown_no_ground_truth,0.5199057560217333,0.006305439321689397,0.2653375489327224,0.21811269775503683,12.368770126738669,0.87327063,2.9577785,3.2806206,0.15374243728114795,5.680880238645839,0.13188745614129055,0.07900908766545064,0.18343993434826303,0.11799550588172837
1136,37.866665,released,unknown_no_ground_truth,0.520247457345301,0.0013695762197555043,0.2709487708865909,0.22603963672548846,13.22337567402095,0.87327063,2.3752024,0.6483686,0.1612061082072625,6.022147641631528,0.138155538680112,0.0830689861220161,0.1887036927776699,0.12443807175885345
1137,37.9,released,unknown_no_ground_truth,0.5205559618382128,-0.003697333021279585,0.27659032646303083,0.22890918245592093,13.22337567402095,0.87327063,2.612555,1.7207984,0.16877702090639748,6.3043816317996715,0.144468220987155,0.08726176660396624,0.1898305312472043,0.12792100382283703
1138,37.933334,released,unknown_no_ground_truth,0.5208472110970683,-0.008869382546253524,0.2822496505668292,0.2257690740267971,12.368770126738669,0.87327063,3.1538866,4.1666956,0.1764293706621265,6.543873134293318,0.15081145043237726,0.09155997624899562,0.18673113721092693,0.1268982158378571
1139,37.966667,released,unknown_no_ground_truth,0.5211835137086454,-0.013843113520470409,0.2876900179641695,0.21151493119751685,12.260567426746157,0.87327063,2.0603068,-0.77442366,0.1837885506902447,6.844039159843693,0.15691677272660073,0.09568363392915727,0.17502716491803583,0.118760505473179
1140,38.0,released,unknown_no_ground_truth,0.5215921832786294,-0.018380765285468108,0.2926328385781839,0.19108847506183527,12.260567426746157,0.87327063,2.6253457,1.7785904,0.19048848190453077,7.152869095407515,0.1624797493076179,0.09942933572757286,0.15829859392540654,0.10703438915926457
1141,38.033333,released,unknown_no_ground_truth,0.5220734632399003,-0.022434057154499643,0.2970541371278527,0.17418099878973786,11.458740172062766,0.87327063,2.8394089,2.7457917,0.19648015674962943,7.479221470650235,0.16746985062349162,0.10275359423642735,0.14405975998209092,0.09790712891967067
1142,38.066666,released,unknown_no_ground_truth,0.5225480242119387,-0.02623719811013191,0.301129825675692,0.16603965458133008,11.458740172062766,0.87327063,2.587737,1.6086636,0.2020474717981712,7.725301366782188,0.17208358615290784,0.10587927198837142,0.13503927654716197,0.09661035494762724
1143,38.1,released,unknown_no_ground_truth,0.5229724735690964,-0.03011764180152584,0.30497121886520895,0.16498305746490402,11.458740172062766,0.87327063,3.0150127,3.5392222,0.20748419366297638,7.973268167905314,0.17647233112065586,0.10912014923384719,0.1300655113304931,0.10150060104652187
1144,38.133335,released,unknown_no_ground_truth,0.5233155493252619,-0.03419328067779423,0.30868607008018706,0.1705928372887386,11.458740172062766,0.87327063,2.9999945,3.4713655,0.2129493790945129,8.253907850236782,0.18075495578970507,0.11258367561152162,0.13019188544946375,0.11023606078473486
1145,38.166668,released,unknown_no_ground_truth,0.523550335606356,-0.03864368787606431,0.31247619981864494,0.18119888792704078,13.02379456544719,0.87327063,2.4908774,1.1710225,0.21871460674085708,8.6305334294401,0.18515215817940825,0.11642490078722487,0.13437100392585674,0.12156261880180799
1146,38.2,released,unknown_no_ground_truth,0.5236266504277708,-0.04348800831703622,0.3163952458678333,0.1860559537087871,13.02379456544719,0.87327063,2.6632857,1.9500148,0.22483507850767354,9.123661181001939,0.18971288546140636,0.12066413558907643,0.13493846008018834,0.1280953937566599
1147,38.233334,released,unknown_no_ground_truth,0.5235592117812683,-0.04834657143942761,0.3202028925881626,0.17923097018932213,13.02379456544719,0.87327063,2.7656088,2.4123409,0.2308842768707944,9.549341317598188,0.1941479176817558,0.12495653390674631,0.12871530413056437,0.12472414023589018
1148,38.266666,released,unknown_no_ground_truth,0.5234114698023971,-0.05288342010536722,0.32377411707479387,0.16456346790638005,13.02379456544719,0.87327063,2.8916366,2.9817722,0.23654950450093043,9.966349787579203,0.19829377425724704,0.12897770028362132,0.11919009713494101,0.11346742137872659
1149,38.3,released,unknown_no_ground_truth,0.5232560070770639,-0.05689539119280129,0.32707185606613226,0.1487076903294702,11.534693792905438,0.87327063,2.630076,1.7999631,0.24166856909952278,10.237967898640372,0.2020938024076538,0.1325209127610695,0.11110440726558386,0.09884223717262215
1150,38.333332,released,unknown_no_ground_truth,0.5231823495578332,-0.060396680397337116,0.3302378431532622,0.13777405924921304,11.534693792905438,0.8732854,2.723931,2.2240286,0.24635576392808065,10.476464568924673,0.20570062125118876,0.13556701972627117,0.10781770421481522,0.08577315465722524
1151,38.366665,released,unknown_no_ground_truth,0.5232668376198587,-0.06354337903803225,0.3334094130072759,0.128928800498688,10.401611391006156,0.8732854,2.8787076,2.923355,0.2508158799395517,10.778216873960769,0.20928153922216428,0.1382383556421781,0.10561450137400923,0.07394736437189561
1152,38.4,released,unknown_no_ground_truth,0.5235257279829909,-0.06627859656079621,0.3364963448554494,0.12151432352861842,9.835058892308028,0.8732854,2.829942,2.7030175,0.25494295118648813,11.110934285240225,0.21274185198969528,0.14048776733819446,0.1030417439265933,0.06440597667285332
1153,38.433334,released,unknown_no_ground_truth,0.5238973116080685,-0.06879012963421866,0.3395499044978687,0.11616018216453852,9.664477863366097,0.8732854,2.607739,1.699038,0.25889894701636684,11.44309730066475,0.2161513011821612,0.14250361315925347,0.09998026149676978,0.059136581162054946
1154,38.466667,released,unknown_no_ground_truth,0.524242121965964,-0.07115062562464125,0.34247279855637164,0.11069550285049899,9.664477863366097,0.8732854,2.6106806,1.712329,0.26265720398535686,11.710586927252345,0.21940710062875846,0.14439297420265024,0.09474883186451098,0.0572376904813206
1155,38.5,released,unknown_no_ground_truth,0.524523930639743,-0.07348489591716348,0.34520895248841615,0.10338740335205719,8.863225105289782,0.8732854,2.7538557,2.359237,0.2662572132739061,11.946174468646516,0.2224677931895177,0.14629075368516056,0.08641840278657567,0.05675222314322265
1156,38.533333,released,unknown_no_ground_truth,0.5247473117247576,-0.07573046274851206,0.3475987020735455,0.0959162611399128,8.308574264897016,0.8732854,2.8364642,2.7324865,0.26953762324417296,12.146979172179691,0.2251682392069152,0.14815463002071566,0.07768660829723795,0.0562558445170941
1157,38.566666,released,unknown_no_ground_truth,0.5250008781723954,-0.07794879070848139,0.34976235619961377,0.09302786796386764,8.308574264897016,0.8732854,2.7363226,2.2800174,0.2726309003419629,12.343782426159773,0.2276468210543661,0.15001510818951122,0.07401417695916226,0.056356772680491614
1158,38.6,released,unknown_no_ground_truth,0.5253930395953192,-0.08016628074886939,0.35188454113850653,0.09351023338582709,8.308574264897016,0.8732854,2.7482584,2.3339465,0.2756953046690744,12.57068916633914,0.23010244206719052,0.15185772015702387,0.07507106616830571,0.05575391261809092
1159,38.633335,released,unknown_no_ground_truth,0.5260042013938928,-0.08233124710346257,0.3540813249628601,0.09491510210632961,8.308574264897016,0.8732854,2.9254072,3.1343577,0.2787858114969422,12.75315044035385,0.23265176086282036,0.1536056211843748,0.07820777897917706,0.05378122269899753
1160,38.666668,released,unknown_no_ground_truth,0.5268282972241334,-0.0843760751152248,0.3563857249415615,0.09532893117202933,8.48062315546715,0.8732854,2.7897012,2.5211978,0.28188341201357775,13.009684622422718,0.2353165186927787,0.15519147527724445,0.08100586653560499,0.05025589224376836
1161,38.7,released,unknown_no_ground_truth,0.5278226923427841,-0.08621634970565553,0.35877037463506056,0.09429089472266101,8.48062315546715,0.8732854,2.67152,1.9872197,0.2849123323609586,13.280277820422231,0.23805206921968558,0.15654472035679573,0.08262472589679869,0.04543046882961725
1162,38.733334,released,unknown_no_ground_truth,0.528957617208474,-0.08779209623503484,0.3612137816032835,0.09284605162518932,8.48062315546715,0.8732854,2.4364898,0.9252834,0.2878179959905088,13.560556230261776,0.24082474935343165,0.1576154780307104,0.08362907744563153,0.04033071668071228
1163,38.766666,released,unknown_no_ground_truth,0.5301292704891237,-0.08913493322637725,0.3637174176681733,0.08539970172372689,8.48062315546715,0.8732854,2.723499,2.2220767,0.290621364738107,13.79733251197553,0.24362725562434015,0.15845042745032986,0.0794023224810149,0.03143851521815935
1164,38.8,released,unknown_no_ground_truth,0.5310355593005517,-0.09007296190954711,0.36599840626638774,0.07263521252709981,8.48062315546715,0.8732854,3.1418054,4.112109,0.2929870703421779,13.97442386568712,0.24611815641130513,0.15895683839455496,0.07075752437282366,0.01640874289780365
1165,38.833332,released,unknown_no_ground_truth,0.5314707002132217,-0.09060552321439659,0.3681316607697005,0.06438848579010324,8.48062315546715,0.8732854,2.9187546,3.104299,0.2949626484978488,13.97442386568712,0.24834435163878385,0.1591478778305812,0.06433821417284807,0.0025438748772411484
1166,38.866665,released,unknown_no_ground_truth,0.5314343158436328,-0.09077064071811893,0.3702150154851416,0.06456904234470055,8.48062315546715,0.8732854,2.4803073,1.123264,0.296647408981513,13.97442386568712,0.2504073049695852,0.15904674430278093,0.06213987284714461,0.017544156629842152
1167,38.9,released,unknown_no_ground_truth,0.5310044869676185,-0.09064165866384763,0.37241097522069133,0.0698456203378216,8.835870105763837,0.8732854,2.5511456,1.4433321,0.29821882862427945,13.971122244225521,0.2524871660026139,0.15869688323973438,0.06268576006176814,0.030804320571204837
1168,38.933334,released,unknown_no_ground_truth,0.5302881204143615,-0.09027029876829251,0.37470048442180337,0.07583998635631177,8.835870105763837,0.8732854,2.456986,1.0178909,0.29970530343277324,13.619159970262704,0.2545865487315586,0.15814220850451155,0.06537929953587407,0.03843501948385105
1169,38.966667,released,unknown_no_ground_truth,0.5295808635283465,-0.0897327204648442,0.37717642075061286,0.08109763046327413,8.835870105763837,0.8732854,3.0805616,3.8353918,0.30124201815964435,13.344689688795913,0.2568457191883191,0.15740721088797247,0.07135170755946385,0.038545550911960214
1170,39.0,released,unknown_no_ground_truth,0.5292195034448703,-0.08908595398145303,0.37986622016415306,0.08373872856586324,8.835870105763837,0.8732854,2.389866,0.7146236,0.3029003953327857,13.076829450598298,0.2593432563515013,0.15649193230884886,0.07614139017165016,0.03485202095368157
1171,39.033333,released,unknown_no_ground_truth,0.5293377311690514,-0.08837330205612655,0.3825854071563237,0.08186175849039237,6.263505066586461,0.8732854,2.0728898,-0.7175698,0.30457059847185713,13.076717099987329,0.26192173408986413,0.1554356930208237,0.07465916239605892,0.03357613696449057
1172,39.066666,released,unknown_no_ground_truth,0.5298343460319299,-0.08759870274482501,0.38508090197019396,0.07551824170095443,4.4726535702228185,0.8732854,2.544414,1.4129171,0.3060550339417747,13.076717099987329,0.26432045758206624,0.15428667960879824,0.06686472710381018,0.0351014686150988
1173,39.1,released,unknown_no_ground_truth,0.5305049255904251,-0.08677466032138254,0.38721443655713117,0.06504112134521751,4.362705666357415,0.87330014,2.443553,0.9571968,0.30724519585362675,13.050693055777256,0.26637931426277056,0.1531067317528188,0.05462498312481174,0.03530522177323551
1174,39.133335,released,unknown_no_ground_truth,0.5311674231380596,-0.08595084390307783,0.3888637565023741,0.050285647562123954,4.362705666357415,0.87330014,2.4188442,0.8455553,0.30806566825553866,12.980417203510417,0.26796220115781094,0.15198919273551145,0.03886350142282638,0.031910415351419585
1175,39.166668,released,unknown_no_ground_truth,0.5315149831875111,-0.08514656607706281,0.3899656217142551,0.03413625656948533,4.362705666357415,0.87330014,2.4227593,0.8632448,0.3084619490884633,12.980417203510417,0.2689704094254062,0.15100891658767418,0.020607246103157045,0.027214434049262336
1176,39.2,released,unknown_no_ground_truth,0.5312509499454561,-0.08436093569979952,0.3904898243136399,0.03001739111267062,4.4726535702228185,0.87330014,2.5396397,1.3913453,0.3083934992556359,12.980417203510417,0.269335996514891,0.1502154165339448,0.0044254522106976345,0.029689377594383295
1177,39.233334,released,unknown_no_ground_truth,0.5304089827933418,-0.08362060923504641,0.3906384776426629,0.038202122696701146,7.2419923801321655,0.87330014,2.6948974,2.092846,0.3080367650467246,12.83710716952863,0.269265435052295,0.1496087367320149,-0.0038433228219430207,0.038008302359091764
1178,39.266666,released,unknown_no_ground_truth,0.529142409907978,-0.08295048971268512,0.39071506677875645,0.04417602683715174,7.2419923801321655,0.87330014,2.7104394,2.1630692,0.3076561745400495,12.501470763865916,0.26907977891928825,0.14915895651741595,-0.0041819577265411224,0.04397763723405538
1179,39.3,released,unknown_no_ground_truth,0.52773903972513,-0.08240264884592816,0.39088574050614433,0.04357547543239926,7.2419923801321655,0.87330014,2.742638,2.3085525,0.30742714719376624,12.1446512463117,0.26898664214229295,0.1488544160604973,0.003480543493290223,0.04343625071470771
1180,39.333332,released,unknown_no_ground_truth,0.5264922549950255,-0.08200681801385279,0.3914397137290816,0.04096942441083036,7.2419923801321655,0.87330014,3.0132782,3.5313852,0.307606418161113,12.116956646156536,0.26931181159688433,0.14863665977245932,0.017415184039061893,0.03708375791961147
1181,39.366665,released,unknown_no_ground_truth,0.525585136848688,-0.08177838379068035,0.39244482328088826,0.04281445702273722,5.453892713362185,0.87330014,2.9742181,3.3549001,0.308259455367172,12.1030939250825,0.27014763662237984,0.14847271214134974,0.03266647646156377,0.027676326449475062
1182,39.4,released,unknown_no_ground_truth,0.5250622112755473,-0.08170861653309575,0.3938920273821641,0.04952264464184712,5.445795714700831,0.87330014,3.0196073,3.5599818,0.30937249637402897,12.1030939250825,0.27148970546333173,0.14833974969687652,0.04571768763276474,0.019036422191042606
1183,39.433334,released,unknown_no_ground_truth,0.5248128223872529,-0.08176928024265337,0.3956548422615285,0.055488074554283943,5.2777820755084575,0.87330014,2.8577044,2.8284564,0.3108244825819645,12.133028608954618,0.2731955895016067,0.14824314098539454,0.05383215526296738,0.013454570877049432
1184,39.466667,released,unknown_no_ground_truth,0.5246935230911361,-0.08193054322424385,0.39756605999526207,0.057789721550391554,5.268701300129291,0.87330014,2.6514404,1.896494,0.3124607771591359,12.27631232714201,0.2750784608259682,0.14820113917412187,0.05695406237864981,0.009792175214969185
1185,39.5,released,unknown_no_ground_truth,0.5246666821046441,-0.08220883393853132,0.39947948317648496,0.05665852902743821,4.966927799167954,0.87330014,2.502864,1.2251811,0.31417193208242783,12.428303948678275,0.27699246881633705,0.14825375249023615,0.05601810106792933,0.008494778649047498
1186,39.533333,released,unknown_no_ground_truth,0.5246238898427146,-0.08259772785279006,0.4012831939640369,0.05116576033164119,5.046764125974078,0.87330014,2.671913,1.988995,0.3158610615324084,12.561751430847318,0.2788129436760455,0.14843029552984863,0.04994736224308277,0.011099370940427967
1187,39.566666,released,unknown_no_ground_truth,0.5244605724427855,-0.08307407219872634,0.40277247449294995,0.04247519940014711,5.046764125974078,0.87330014,2.6540341,1.9082134,0.31734595060901954,12.561751430847318,0.28032224194586886,0.1487544723306968,0.039174982038524174,0.016415338752629058
1188,39.6,released,unknown_no_ground_truth,0.5240462935397682,-0.08358019223901021,0.4038753575237125,0.03413102190505133,5.046764125974078,0.87330014,2.5242414,1.3217714,0.31853204548375336,12.561751430847318,0.2814245691289958,0.14920749274290132,0.0252542387765049,0.02295974912977862
1189,39.633335,released,unknown_no_ground_truth,0.5233240956628874,-0.08403174659313514,0.4044955614737292,0.030609355935069117,5.046764125974078,0.87330014,2.47453,1.0971601,0.3192918876042025,12.541841285717929,0.2820058478445684,0.14973313351199485,0.010266422348573952,0.02883631812351314
1190,39.666668,released,unknown_no_ground_truth,0.5223322857518573,-0.08433497847064247,0.40468586645823235,0.03280831488259872,7.649446300108211,0.87330014,2.390749,0.7186126,0.3196159678697047,12.238178697314925,0.2821091018551095,0.1502292300712201,-0.0023306486963970297,0.03272542745465262
1191,39.7,released,unknown_no_ground_truth,0.5211760977205289,-0.08443910696722398,0.4045584219126326,0.035185188514509226,7.649446300108211,0.87330014,2.2893775,0.26058584,0.31956856842227505,11.897508619607247,0.2818504736455091,0.15061334744724478,-0.010341249980141392,0.03363117660222101
1192,39.733334,released,unknown_no_ground_truth,0.5200216698068817,-0.0843585939895699,0.4042827055444571,0.0338209512382268,7.649446300108211,0.87330014,2.2622192,0.13787673,0.31929724660112097,11.585859137038126,0.2814196957531002,0.15084325152054212,-0.013172378555049971,0.031150364136892122
1193,39.766666,released,unknown_no_ground_truth,0.519013768370702,-0.08414712685471581,0.4039903274191133,0.029406556749617466,7.649446300108211,0.87330014,2.1681857,-0.28699455,0.3189394336393813,11.351063632747936,0.2809723285304345,0.15092022041593664,-0.012714391487819677,0.026515841094766932
1194,39.8,released,unknown_no_ground_truth,0.5182084946113006,-0.08385732609137253,0.40373105156046984,0.02460494382070722,6.5440194820668625,0.87330014,2.2105072,-0.095773645,0.318564467073394,11.152090579770066,0.28057208264135175,0.15087288067790713,-0.011017573792306166,0.022000371091216775
1195,39.833332,released,unknown_no_ground_truth,0.5175685524883737,-0.08352757721899529,0.4035233070700358,0.021127331009805055,5.949763448653001,0.87330014,2.1250083,-0.48208272,0.3182085742037461,10.969684615763228,0.28023783486512915,0.15074300185045264,-0.008058745582231037,0.01952999578184138
1196,39.866665,released,unknown_no_ground_truth,0.5170300225101812,-0.08314117874041145,0.4034444923179143,0.020034355486406783,5.4050648302320585,0.87330014,2.1752064,-0.25527287,0.3179247028099636,10.804683811087399,0.2800348411676809,0.15052110944646743,-0.0021933742237378717,0.019913927519963504
1197,39.9,released,unknown_no_ground_truth,0.5165303194479675,-0.0826946070675554,0.403634357731701,0.02398228180393852,4.992112455052439,0.87330014,2.4728248,1.0894557,0.31782505582571396,10.656481512506568,0.2800916124501629,0.15020470946573525,0.007201501673671238,0.022875493746969285
1198,39.933334,released,unknown_no_ground_truth,0.5160067921404039,-0.0821810846258828,0.4042110042224554,0.03394888685483827,4.32393774542981,0.87330014,2.9283128,3.147486,0.31800354673744907,10.53212646088954,0.2805149405511822,0.14979193524740803,0.018317514788893523,0.028583134373984905
1199,39.966667,released,unknown_no_ground_truth,0.515310392556041,-0.08160840135941329,0.40520092098595095,0.046805318636036645,4.32393774542981,0.87330014,3.01451,3.5369503,0.3184907613611823,10.453215347121102,0.2813127613918631,0.1493301555296527,0.028625692541566446,0.03703117037222327
1200,40.0,released,unknown_no_ground_truth,0.5143077055077854,-0.08101330094201288,0.4065531613887883,0.059452320427036284,4.32393774542981,0.87330014,2.6413743,1.8510127,0.31927246169026413,10.396653390716049,0.28242329081350953,0.1489026178407519,0.036218839768895096,0.04714630473275821
1201,40.033333,released,unknown_no_ground_truth,0.5129337815154589,-0.08043712413882087,0.40814856166822133,0.06921698647158459,4.32393774542981,0.87330014,2.5947883,1.6405231,0.32028125170221255,10.29782690902237,0.2837273137131318,0.14858967543226595,0.03972613436728509,0.056681791295264614
1202,40.066666,released,unknown_no_ground_truth,0.5112352560264926,-0.079922384783461,0.409818524753226,0.07306090782398364,3.3732101072672713,0.87330014,2.6922748,2.080996,0.321407082116559,10.11888200318489,0.28507165919205535,0.14844750439185264,0.038772504086723704,0.06192405977412678
1203,40.1,released,unknown_no_ground_truth,0.5094143765265318,-0.07950527938362509,0.41138410029728634,0.0695102826462301,3.3732101072672713,0.87330014,2.4237986,0.8679405,0.32252029352307676,9.916498211870712,0.2863121077137502,0.14847463322305765,0.03553592813428365,0.05974008039159159
1204,40.133335,released,unknown_no_ground_truth,0.5077610142165621,-0.07919506297567233,0.4127978501921777,0.059271829745968695,3.3732101072672713,0.87330014,2.216478,-0.06879509,0.3235755998609214,9.74506573069944,0.28744078644374876,0.14858991592283213,0.031946372452817146,0.049925735733597196
1205,40.166668,released,unknown_no_ground_truth,0.5065053337553506,-0.07900547334580198,0.41401152015822457,0.04442938872330387,3.193775560921496,0.87330014,2.2256277,-0.027454695,0.3245263971564086,9.718240304239135,0.2884419912769867,0.14872323328749182,0.027070283025751218,0.03523024778840146
1206,40.2,released,unknown_no_ground_truth,0.5057409320808792,-0.07890987434171534,0.41494514368632035,0.028548509578627458,2.194619272614059,0.87330014,2.465301,1.055461,0.3252811256422216,9.706210030926679,0.2892454443271678,0.1488115709044495,0.020053366844748077,0.02031944579340053
1207,40.233334,released,unknown_no_ground_truth,0.505382105408162,-0.07887009778428418,0.4155419514985286,0.014837973658237897,0.6861156922684769,0.87330014,2.315565,0.3789095,0.32577082485115016,9.697612358416649,0.2897788619159469,0.14884502514661804,0.01196789605611261,0.008771255683916982
1208,40.266666,released,unknown_no_ground_truth,0.5052898192547245,-0.0788653558024442,0.4158243470176681,0.00524910992157785,0.5633947399976482,0.87330014,2.2690063,0.1685427,0.32600699668442107,9.697472048134122,0.2900432918393293,0.14884707167493016,0.00494064296421337,0.0017729078004724173
1209,40.3,released,unknown_no_ground_truth,0.5053194970194799,-0.07886820544368411,0.4158862352806339,0.0013788620303856682,0.5633947399976482,0.87330014,2.048353,-0.8284346,0.32605860266868314,9.705669174005566,0.2901082330668153,0.14883354958175432,0.0004445105033552095,0.001305247452112505
1210,40.333332,released,unknown_no_ground_truth,0.505379608618078,-0.07887539798956203,0.4158412825549933,0.0028016040411219046,0.6861156922684769,0.87330014,1.8255669,-1.8350484,0.32602246643578503,9.706197448571714,0.2900729254188298,0.14882320571683244,-0.0010927499306149658,0.002579705950757096
1211,40.366665,released,unknown_no_ground_truth,0.5054768073413334,-0.07889038481172111,0.41578802709383217,0.00370092103148723,0.6861156922684769,0.87330014,1.7179695,-2.3212054,0.325982065579101,9.714697114612758,0.2900353841876583,0.14880787277000754,7.107385956444672e-06,0.0037009142068371932
1212,40.4,released,unknown_no_ground_truth,0.5056207177994696,-0.07891268955335437,0.41580456896882323,0.004893508510635064,0.4789883664341503,0.87330014,1.694665,-2.4265025,0.326001596167574,9.745475098801856,0.2900733864173194,0.14877658147771283,0.0018927722095375876,0.0045126310403643686
1213,40.433334,released,unknown_no_ground_truth,0.5057891698494589,-0.07893963076045257,0.41586838033748985,0.005331763338881279,0.4789883664341503,0.87330014,1.711407,-2.350857,0.3260619192316038,9.803236643308773,0.29016159004909664,0.14873677027950052,0.0025321463363923514,0.004692114153868513
1214,40.466667,released,unknown_no_ground_truth,0.5059510399273464,-0.07896286520858986,0.41592585853309505,0.004344594383867894,0.4789883664341503,0.87330014,1.6524311,-2.6173275,0.32611530798102045,9.854649457758079,0.2902421935865534,0.14869654724176165,0.0018063375048352375,0.003951283991180849
1215,40.5,released,unknown_no_ground_truth,0.5060648222931416,-0.07897579642582288,0.415949598050403,0.0024756283078677084,0.4789883664341503,0.87330014,1.5734217,-2.9743154,0.3261371571896685,9.866384269958724,0.2902820107042895,0.14866673992939142,0.0005717715298091691,0.002408695256028794
1216,40.533333,released,unknown_no_ground_truth,0.5061146680204998,-0.0789782154471971,0.41594096505903366,0.0009055505418518362,0.05759739801015474,0.87330014,1.5489894,-3.0847077,0.3261291305127275,9.866424402319483,0.2902803111044901,0.14865244953941426,-0.0004151298185532352,0.0008047912882208107
1217,40.566666,released,unknown_no_ground_truth,0.5061143721767362,-0.07897389513057625,0.41591516516364824,0.0008580614413015624,0.037172977434746644,0.87330014,1.5758295,-2.9634364,0.32610531530376974,9.866506129928192,0.29025433580709753,0.14865092402858363,-0.0008332216161634137,0.00020496627870589756
1218,40.6,released,unknown_no_ground_truth,0.5060939968351015,-0.07897124939652697,0.41588808420650014,0.0008516379986190307,0.026312037590190816,0.87330014,1.5349966,-3.1479313,0.32608225089679893,9.866570631539707,0.29022476384786133,0.1486580667147802,-0.0007203814461932127,0.0004542442654259971
1219,40.633335,released,unknown_no_ground_truth,0.5060781912721286,-0.0789692670331249,0.41587161735543465,0.00037144939748990404,0.026312037590190816,0.87330014,1.4837446,-3.3795033,0.3260681706863409,9.86657064061368,0.29020628813131216,0.14866325122162025,-0.00030834288609483734,0.0002071215089997147
1220,40.666668,released,unknown_no_ground_truth,0.5060777699914107,-0.07897009499598504,0.41586944760781414,0.0003824293170775386,0.037172977434746644,0.87330014,1.5508866,-3.0761356,0.3260668467872991,9.866570663437525,0.2902042264121488,0.14866437214860284,0.00025051186095587,0.00028895672700392255
1221,40.7,released,unknown_no_ground_truth,0.5060989222931407,-0.07897577134134565,0.4158849555908396,0.0010947814949645153,0.037172977434746644,0.87330014,1.5670183,-3.0032482,0.32608194543062713,9.866570737036565,0.29022298866615087,0.1486608623192728,0.0007378646446081003,0.000808765904297468
1222,40.733334,released,unknown_no_ground_truth,0.5061372009162847,-0.07898250949485895,0.4159099513802227,0.0017906740329212806,0.19872577076450215,0.87330014,1.6268578,-2.7328756,0.32610476218357337,9.872281757996749,0.2902534166347454,0.14865150537637303,0.0009555773760264075,0.0015143927398812535
1223,40.766666,released,unknown_no_ground_truth,0.5062066435192326,-0.07899404707719995,0.4159330478905483,0.0029280554582994337,0.5938076038502819,0.87330014,1.5474577,-3.0916286,0.3261273056983603,9.898488047544973,0.2902866928484537,0.14863598311707443,0.0009573803596589933,0.002767116118600071
1224,40.8,released,unknown_no_ground_truth,0.5063263879390808,-0.0790150368136677,0.41594535702482965,0.004328509503296713,0.8452228073710868,0.87330014,1.550282,-3.0788674,0.3261439656479876,9.923082848402368,0.2903172410141154,0.14861287258695918,0.0006015865410139371,0.004286500688650457
1225,40.833332,released,unknown_no_ground_truth,0.5064907305009997,-0.07904452410595628,0.4159291502819441,0.0053770172115835116,0.8452228073710868,0.87330014,1.4598325,-3.487545,0.32613978844046243,9.940770884500107,0.29032679800334876,0.14858503277622673,-0.0002622519061478275,0.00537061803067274
1226,40.866665,released,unknown_no_ground_truth,0.5066721118383194,-0.07907622914002017,0.41587306787828704,0.005822962856658494,0.8452228073710868,0.87330014,1.4521623,-3.5222018,0.3261030903153445,9.974090771771115,0.2902997578215894,0.14855731594890997,-0.0014414526752773073,0.00564172939930305
1227,40.9,released,unknown_no_ground_truth,0.5068425147623266,-0.07910399874893467,0.415776145444098,0.005835598701983136,0.5938076038502819,0.87330014,1.4952416,-3.3275564,0.3260308604728762,10.007505638290075,0.29023067080988624,0.1485337662012498,-0.002457878167416617,0.0052927353159518565
1228,40.933334,released,unknown_no_ground_truth,0.5069910556391121,-0.0791283478210454,0.41565643342944614,0.005285375816677431,0.3303274015128993,0.87330014,1.4500076,-3.5319374,0.32593881597611546,10.010470645052811,0.2901359168315049,0.14851687286047366,-0.002896081585968797,0.004421301728103509
1229,40.966667,released,unknown_no_ground_truth,0.5070998955262351,-0.0791462980633692,0.41553925192550256,0.0040318466624017155,0.1693813394110587,0.87330014,1.3867941,-3.8175547,0.3258470284509456,10.01146457826143,0.2900376016624314,0.14850749332008858,-0.002747648914941395,0.0029506292463373353
1230,41.0,released,unknown_no_ground_truth,0.5071545546973643,-0.07915318255927084,0.4154445442502871,0.0025972310646779078,0.1270790247790305,0.87330014,1.3917136,-3.7953267,0.32577000359092095,10.011995841803474,0.28995274304383156,0.148504215566382,-0.0021376842853796335,0.0014750983354911988
1231,41.033333,released,unknown_no_ground_truth,0.5071736737678916,-0.07915566673161943,0.4153828915541212,0.0014712823668680086,0.11304550446982295,0.87330014,1.3597775,-3.9396238,0.32571943264099373,10.010633238719068,0.28989509156033155,0.148505840589513,-0.0013170485298422956,0.0006557857676840641
1232,41.066666,released,unknown_no_ground_truth,0.5071826694427772,-0.07915763072925566,0.41535068135226916,0.0008094398338707146,0.11304550446982295,0.87330014,1.3691303,-3.897365,0.32569342517111854,10.010131990616987,0.28986494115384154,0.14850765330303686,-0.0007222434020433449,0.0003654549395773785
1233,41.1,released,unknown_no_ground_truth,0.5071892783067131,-0.07915861179425769,0.41533131923656363,0.0007111249248914139,0.1270790247790305,0.87330014,1.3705919,-3.8907611,0.32567763225921836,10.009790119869605,0.28984694273794925,0.14850814772070467,-0.000642813216516215,0.0003041214025252032
1234,41.133335,released,unknown_no_ground_truth,0.507195657512228,-0.07915881494771712,0.41530508745646055,0.0012424617483007946,0.1270790247790305,0.87330014,1.391156,-3.7978463,0.32565571528827203,10.008898365318279,0.2898220628703972,0.14850864208342768,-0.0011626816012890657,0.00043804416445669187
1235,41.166668,released,unknown_no_ground_truth,0.5072060023654502,-0.07915803733152796,0.41525021003478046,0.002346933774483758,0.21201436811075444,0.87330014,1.3635497,-3.9225798,0.3256093199882842,10.00339413693864,0.2897694520297682,0.14850957522530567,-0.002216015190493189,0.0007729002634984782
1236,41.2,released,unknown_no_ground_truth,0.5072228240876783,-0.07915819328622473,0.41515100541103706,0.003771151516371349,0.2879834567733235,0.87330014,1.3622991,-3.9282303,0.3255264022573989,9.995926363931927,0.28967433078796956,0.14851336858743672,-0.003571794459665563,0.0012099041686564741
1237,41.233334,released,unknown_no_ground_truth,0.5072478060470772,-0.07915572370443275,0.41500231448955127,0.005165303823936978,0.48267757969387376,0.87330014,1.3313833,-4.067917,0.3254006453296319,9.983250916305966,0.2895313360476243,0.1485166166710598,-0.004894155467474106,0.0016515465036659697
1238,41.266666,released,unknown_no_ground_truth,0.5072798592303991,-0.07915457044478054,0.414811432697891,0.006129997185875963,0.592599635065724,0.87330014,1.3894029,-3.8057673,0.32524036070241724,9.966204137918863,0.28934805875606456,0.14852270238564702,-0.005798744982068603,0.001987818435315814
1239,41.3,released,unknown_no_ground_truth,0.5073134956390688,-0.07915975142412777,0.41459898853169974,0.006233318129014086,0.592599635065724,0.87330014,1.3177,-4.129742,0.3250656986639008,9.947092936949678,0.2891447589720958,0.14853624745097943,-0.005865879598710038,0.0021084855775966387
1240,41.333332,released,unknown_no_ground_truth,0.507346449437425,-0.07917098637977188,0.41440158327804666,0.005332704739957834,0.592599635065724,0.87330014,1.3635206,-3.9227111,0.3249069569972735,9.927500206954969,0.2889570061080029,0.148554297569366,-0.00495221515173254,0.001978207505424901
1241,41.366665,released,unknown_no_ground_truth,0.5073727574458861,-0.07919158993594663,0.4142499033999903,0.0038305758928357963,0.592599635065724,0.87330014,1.301212,-4.2042403,0.3247916563182486,9.91192833620661,0.28881461635388,0.14857906108975238,-0.003448871508942156,0.0016669124108908107
1242,41.4,released,unknown_no_ground_truth,0.5073903765181353,-0.07921790053234219,0.41415441280482895,0.0025588461744425308,0.2710956887789439,0.87330014,1.3932078,-3.7885756,0.32472648895212974,9.909231400270794,0.2887270565220996,0.14860679479506295,-0.002086136579884193,0.0014817988778941145
1243,41.433334,released,unknown_no_ground_truth,0.5073982072047376,-0.07925811432032277,0.4140948964347398,0.0017833528466791777,0.2710956887789439,0.87330014,1.4096375,-3.7143414,0.32469930543458797,9.909221078900565,0.28867555204845563,0.14864745069870258,-0.0009136648568785345,0.0015315233935738147
1244,41.466667,released,unknown_no_ground_truth,0.5073976251478935,-0.07930858772133677,0.4140778769622787,0.0016790959995831765,0.2710956887789439,0.87330014,1.4544483,-3.5118725,0.3247134137038238,9.908879033447302,0.28866614646492733,0.14869652626836896,0.00034932119823818583,0.0016423574751794035
1245,41.5,released,unknown_no_ground_truth,0.5073886303476036,-0.07936932073538426,0.41410335438744617,0.0024548167145123905,0.16811900474923974,0.87330014,1.4376241,-3.5878894,0.32476880652611184,9.908533037215513,0.28869883977151517,0.14875401711206357,0.0016123072533625212,0.0018511051895027497
1246,41.533333,released,unknown_no_ground_truth,0.5073712228038679,-0.07944031336246526,0.4141713287102421,0.002994563319757174,0.16811900474923974,0.87330014,1.4160192,-3.6855068,0.32486547923439857,9.907895005654721,0.28877363196821915,0.14881992164384097,0.0022438001387915787,0.0019831213813566733
