frame_index,time_s,stage,contact_state,tcp_x_m,tcp_y_m,tcp_z_m,speed_m_s,angular_speed_deg_s,gripper_state,aux_action_tail_norm,aux_action_tail_robust_z,reference_distance_m,reference_axis_error_deg,axial_distance_proxy_m,lateral_distance_proxy_m,axial_velocity_m_s,lateral_speed_m_s
0,0.0,approach,unknown_no_ground_truth,0.5146110293939921,-0.08602876439558775,0.40085685395589565,0.032925100652044806,4.628350660487341,0.8740167,1.5193459,-8.367352,0.31756239563758126,9.829169386836364,0.27760657535055216,0.1542091581107228,-0.015621086417055932,0.028983511038142905
1,0.033333335,approach,unknown_no_ground_truth,0.513587724259336,-0.08602952232400217,0.4004601679756072,0.03013472598944243,4.628350660487341,0.8740167,1.5381813,-8.194155,0.31726394559015486,9.77286509491352,0.2770858724428269,0.15453100162760305,-0.014343682593734019,0.026502084448378562
2,0.06666667,approach,unknown_no_ground_truth,0.5127401498308389,-0.08604508818756013,0.40012504024378326,0.02456211032460814,3.1965785202931607,0.8740167,1.41042,-9.368953,0.3170229930009277,9.67470429963,0.27665032978350673,0.1548165789634405,-0.011789107928202269,0.021547951128945426
3,0.1,approach,unknown_no_ground_truth,0.5120683061085008,-0.08607546198626163,0.3998514707604239,0.019006940851620857,3.1965785202931607,0.8740167,1.4686769,-8.833265,0.3168380656063848,9.596329964744914,0.2762999473725918,0.15506353181550708,-0.009234053978191457,0.01661312877410093
4,0.13333334,approach,unknown_no_ground_truth,0.511572193092321,-0.0861206437201066,0.3996394595255286,0.013568794230567961,3.1965785202931607,0.8740167,1.4748808,-8.776218,0.316707987937912,9.562321057819448,0.2760347252100815,0.15527002319145652,-0.006839978383057208,0.011718654896821754
5,0.16666667,approach,unknown_no_ground_truth,0.5112586962020833,-0.08621343689278968,0.39947230181108595,0.00737562505487787,0.8920658536094039,0.8740167,1.3738497,-9.705224,0.316637762721463,9.552139836789205,0.2758439496882616,0.15546571391028094,-0.0038329176007805043,0.006301475034923903
6,0.2,approach,unknown_no_ground_truth,0.5111830574822461,-0.086305587460547,0.3994025072549955,0.002743261456811022,0.4089161324743006,0.8740167,1.4362698,-9.131257,0.31663870173420156,9.548096648114887,0.2757791973700295,0.15558245959574943,-0.001027897698552581,0.0025434051469900025
7,0.23333333,approach,unknown_no_ground_truth,0.5112026896581261,-0.0863653168053326,0.39938719980065385,0.0013371276578005911,0.14952676695169914,0.8740167,1.4260101,-9.225596,0.31666136497177877,9.547355000366089,0.2757754231750248,0.15563526604990932,-0.00011002735071321729,0.0013325930944404316
8,0.26666668,approach,unknown_no_ground_truth,0.511212646766899,-0.08638635999723414,0.39937913123593927,0.0004563012966753383,0.13082140123344013,0.8740167,1.44104,-9.087393,0.31666711432813965,9.546209099578451,0.2757718603439382,0.15565327603155196,-0.000289070274182398,0.0003530570066316605
9,0.3,approach,unknown_no_ground_truth,0.5112044668320277,-0.08638531524352976,0.3993643473427127,0.0006557497607516795,0.12727497039920252,0.8740167,1.4055136,-9.414067,0.31665485833528184,9.544542526910949,0.2757561536931995,0.1556561691924543,-0.0005983219114178581,0.000268362886858756
10,0.33333334,approach,unknown_no_ground_truth,0.5111898370249405,-0.08637935071359268,0.3993425015872308,0.0008654588106365498,0.11600350604626473,0.8740167,1.390902,-9.548425,0.31663419256282416,9.543439614394702,0.2757319722165104,0.15565696707023804,-0.0007790378172935257,0.00037698677978805905
11,0.36666667,approach,unknown_no_ground_truth,0.5111728625777505,-0.08637778574205593,0.39931666662498344,0.0007854369126628842,0.11600350604626473,0.8740167,1.3616306,-9.817583,0.3166130111317914,9.542172475161122,0.27570421783871324,0.15566304341070572,-0.0007086168823707396,0.00033878202105863984
12,0.4,approach,unknown_no_ground_truth,0.5111613742163674,-0.08637370617794868,0.3992989144899294,0.0005201122373199377,0.08500843021106456,0.8740167,1.3450456,-9.970086,0.3165966644292465,9.541329129631613,0.27568473109101893,0.1556643085970496,-0.0004699501710946104,0.00022285326135844998
13,0.43333334,approach,unknown_no_ground_truth,0.5111550853413197,-0.08636818544747904,0.3992884868302979,0.00029476163713867135,0.055832750102003635,0.8740167,1.3429844,-9.989038,0.31658518961077203,9.541056639306307,0.2756728878273069,0.15566194524623395,-0.0002570511992368685,0.00014425360896545188
14,0.46666667,approach,unknown_no_ground_truth,0.5111521270610864,-0.086364925223753,0.3992839633042732,0.00017147618499714756,0.030480986009736345,0.8740167,1.356289,-9.866699,0.316579703651469,9.541056639306307,0.2756675943444032,0.1556601625092994,-0.00010353417373582427,0.00013669219761938182
15,0.5,approach,unknown_no_ground_truth,0.5111519943309681,-0.08635847869800813,0.3992832993956045,0.00020182808923341485,0.030480986009736345,0.8740167,1.3534428,-9.892872,0.31657533778893293,9.541056639306307,0.27566598554905786,0.1556541323172746,-3.8673563910193586e-05,0.0001980881951507849
16,0.53333336,approach,unknown_no_ground_truth,0.5111515398150736,-0.0863514867103761,0.3992833763707834,0.00026083069170965275,0.030480986009736345,0.8740167,1.3737539,-9.706106,0.31657125185830515,9.541094707154816,0.2756649824870135,0.15564759854738847,-6.173992754342301e-05,0.00025341829271911055
17,0.56666666,approach,unknown_no_ground_truth,0.5111446544640361,-0.08634274543270412,0.39928241399348574,0.00024584577643180705,0.030480986009736345,0.8740167,1.3947567,-9.51298,0.3165654797614382,9.541154913661456,0.2756618770291079,0.155641358672361,-5.097982606843618e-05,0.00024050198153734628
18,0.6,approach,unknown_no_ground_truth,0.5111449412118,-0.08633648360198865,0.3992830011870943,0.00038065184764943255,0.06898863035362043,0.8740167,1.4082254,-9.389132,0.31656221649057487,9.541665577427056,0.2756615763659856,0.15563525379824938,0.00013989215609827409,0.0003540141434760805
19,0.6333333,approach,unknown_no_ground_truth,0.5111671456808923,-0.08633398862776907,0.3992902806484401,0.001352121059019837,0.07859549394353878,0.8740093,1.3247261,-10.156929,0.31656592449924614,9.542429815168177,0.2756712106257298,0.15562573111862624,0.0005160067199816607,0.0012497873511836696
20,0.6666667,approach,unknown_no_ground_truth,0.5112319104679448,-0.08633638052582754,0.3993066678304921,0.0031325493491738392,0.30902900327150723,0.8740093,1.3131982,-10.262931,0.3165786116608963,9.545298451941989,0.27569596936740753,0.15560767923115515,0.0011667775459360133,0.0029071456075176172
21,0.7,approach,unknown_no_ground_truth,0.5113692236101581,-0.08634896858641572,0.39934084498451755,0.005813443255301577,1.1881124077726104,0.8740093,1.3087894,-10.303471,0.3166095733767145,9.557041947235291,0.27574900321188606,0.15557669870978888,0.0022707667500200357,0.005351611051787569
22,0.73333335,approach,unknown_no_ground_truth,0.511604374753199,-0.0863757180088808,0.3994062700582008,0.008943990444975854,1.7126504256856496,0.8740093,1.2802898,-10.565532,0.31667136538496576,9.574050406962646,0.27584734641589276,0.15552811684736922,0.003871091987059873,0.008062853831463162
23,0.76666665,approach,unknown_no_ground_truth,0.5119342501244035,-0.08641285777365865,0.399520310196502,0.012060797041272652,2.5105163129195387,0.8740093,1.2486331,-10.856623,0.31677600209601314,9.599956352216724,0.27600708335943674,0.1554577931123116,0.005995288219347997,0.01046514904039681
24,0.8,approach,unknown_no_ground_truth,0.5123464258489709,-0.0864624234870458,0.39970347015910535,0.014229203259115636,3.114582129453849,0.8740093,1.2983066,-10.399862,0.3169417971319214,9.63614998615551,0.2762470249378981,0.15536950789061638,0.008069491093797933,0.011719792612343566
25,0.8333333,approach,unknown_no_ground_truth,0.5127769694808415,-0.08652217519725405,0.39994192682603813,0.015202179071358048,3.114582129453849,0.8740167,1.3640546,-9.795294,0.31715820479382534,9.67625528716622,0.2765450567752085,0.15528090172728515,0.009733747868554944,0.011677345629424466
26,0.8666667,approach,unknown_no_ground_truth,0.5132007962951572,-0.08658450714207508,0.40023475590081015,0.015561659326928061,3.114582129453849,0.8740167,1.3654908,-9.782087,0.31742063750516464,9.71368182313619,0.2768959340300826,0.15519182591809813,0.011061367276422136,0.01094583916305482
27,0.9,approach,unknown_no_ground_truth,0.5135951366932751,-0.08664013390729255,0.4005688236467345,0.01547478137247622,3.114582129453849,0.8740167,1.4784793,-8.74313,0.3177135209607133,9.749817758816516,0.2772824886406875,0.15510094420886236,0.01186698719954705,0.009931942072511473
28,0.93333334,approach,unknown_no_ground_truth,0.5139591810244969,-0.08667898622623518,0.40092772827732576,0.015246523622342287,2.7021994767371513,0.8740167,1.5738572,-7.8661065,0.3180176317042873,9.773625828732806,0.2776870589948999,0.1550003591659281,0.012070766110318046,0.009314133780263127
29,0.96666664,approach,unknown_no_ground_truth,0.5143080335074981,-0.08665715557479237,0.40129315032578466,0.01508489614198555,2.672078742810764,0.8740167,1.5649893,-7.9476485,0.31829183736239297,9.806037678400072,0.27808721384142904,0.1548457142753371,0.011629190943121212,0.009608122065363142
30,1.0,approach,unknown_no_ground_truth,0.5146461399414686,-0.08653919811737035,0.40164875398587613,0.015105322642392007,2.58578029764388,0.8740167,1.6917429,-6.782118,0.31850197079987086,9.84068854735396,0.27846233078752863,0.15460347905457614,0.010557578587290915,0.010803161875300074
31,1.0333333,approach,unknown_no_ground_truth,0.5149605948082483,-0.08630944672730359,0.40197679711315903,0.016049070124197956,2.5790791464859995,0.8740167,1.74444,-6.2975554,0.3186248530092432,9.876189203791057,0.2787910599674238,0.15426387081038165,0.009276884646923987,0.013096261416873495
32,1.0666667,approach,unknown_no_ground_truth,0.5152877901825053,-0.08596178836320578,0.4022809617834343,0.01940437959212599,2.58578029764388,0.8740167,1.781294,-5.9586735,0.31865944278504454,9.908148908890576,0.2790808052021106,0.15381074294020122,0.009167548898300158,0.01710222191858681
33,1.1,approach,unknown_no_ground_truth,0.5157298645472499,-0.08549250201470082,0.4026204243228294,0.024487383909707828,2.672078742810764,0.8740167,1.6824254,-6.867795,0.31865023015433774,9.936596791358962,0.2794022152482596,0.15320695575520596,0.010838365628198933,0.021958183013421076
34,1.1333333,approach,unknown_no_ground_truth,0.5163387362488532,-0.08496096330101438,0.4030285497697809,0.030887966219424818,2.7021994767371513,0.8740167,1.8039694,-5.7501674,0.31865951733842157,9.96309215200853,0.279803362267512,0.1524925127806322,0.01456090348684438,0.027240531324097404
35,1.1666666,approach,unknown_no_ground_truth,0.5172139372966855,-0.08442965707309924,0.4035734072823701,0.03949955683485027,3.977725742246151,0.8740167,1.8852355,-5.002905,0.3187795553123529,10.026342662005701,0.2803729412833432,0.15169515048698315,0.02038569357112321,0.03383250637735598
36,1.2,approach,unknown_no_ground_truth,0.5184161313633935,-0.0839496587704662,0.4042919162457026,0.04810768065509822,3.977725742246151,0.8740167,1.7882153,-5.8950305,0.31907248302099106,10.123668941573712,0.28116242555964044,0.15084740592598953,0.025459919534703807,0.04081839579527004
37,1.2333333,approach,unknown_no_ground_truth,0.5198996778424431,-0.08353990169324366,0.40508371109469277,0.052599108721120814,3.977725742246151,0.8740167,1.7346132,-6.387915,0.3194718312454144,10.216519193797193,0.2820702551612938,0.14999540697148414,0.026205921577535537,0.04560609512475657
38,1.2666667,approach,unknown_no_ground_truth,0.5215141480664578,-0.08323777254942588,0.4057723834078988,0.05073459492338098,3.977725742246151,0.8740167,1.5353565,-8.22013,0.31985869867562317,10.32996581668645,0.2829094854430918,0.14923742883334634,0.021419517358168456,0.04599134046951312
39,1.3,approach,unknown_no_ground_truth,0.5230572439246175,-0.08305920069646146,0.4061966705373431,0.04371346781626922,3.6506477212672506,0.8740167,1.7533824,-6.215327,0.32011007831060934,10.402531067314639,0.28349822171414435,0.14865806577828974,0.01203347714474631,0.04202454873441086
40,1.3333334,approach,unknown_no_ground_truth,0.5243772223137957,-0.08298258722518251,0.40625253396368155,0.03557957482685349,2.7013338892518592,0.8740167,2.014892,-3.8106806,0.32012473708298234,10.46117462083065,0.28371173179044795,0.14828182807381873,0.000223156489874711,0.03557887499683897
41,1.3666667,approach,unknown_no_ground_truth,0.5254106563199131,-0.08295983284996786,0.4059178002098244,0.029566015986140264,2.7013338892518592,0.8740093,1.8631496,-5.2059903,0.31985278735254,10.506510490388424,0.283513085102965,0.14807476541459766,-0.011379037617515988,0.027288583770358213
42,1.4,approach,unknown_no_ground_truth,0.5260783166697522,-0.08297635351301552,0.4052568732672184,0.027177597076640973,2.1295588690180347,0.8740093,1.6456385,-7.2060595,0.31933455686562195,10.538041315450014,0.282953129957842,0.14802731320814994,-0.01959659297187688,0.018830701706384432
43,1.4333333,approach,unknown_no_ground_truth,0.5264612040456451,-0.08299957022804341,0.404442155248399,0.02563586339276519,2.0650540698276707,0.8740093,1.6979705,-6.7248535,0.3186914753492087,10.533993337081506,0.28220664673436213,0.14806642090360073,-0.02245581668103684,0.01236664016943106
44,1.4666667,approach,unknown_no_ground_truth,0.5266591202444081,-0.08300743284938097,0.4036498383338217,0.022552306438764602,2.0650540698276707,0.8739945,1.8259646,-5.5479164,0.3180552715984439,10.518284871828223,0.2814560893688208,0.1481270588001066,-0.021149599825601828,0.007829492507490286
45,1.5,approach,unknown_no_ground_truth,0.5267512992690313,-0.08299771628448707,0.40296691011689967,0.018082536887735937,2.0650540698276707,0.8739945,1.7739223,-6.026458,0.31749639293681386,10.507849109570598,0.2807966567430475,0.1481796109112683,-0.017409728058736234,0.0048866664728813985
46,1.5333333,approach,unknown_no_ground_truth,0.5267924325804683,-0.08298868579527667,0.4024518775827637,0.012415669433239369,1.7359020231800926,0.8739945,1.6985525,-6.719502,0.31707369152166887,10.49920245915838,0.2802954418646595,0.1482234499837112,-0.012042356086089027,0.0030216729424788853
47,1.5666667,approach,unknown_no_ground_truth,0.5268174121701854,-0.08298292881032235,0.4021419874677793,0.0068084464798549415,1.0195137441465625,0.8739945,1.7014087,-6.6932383,0.31681930625207594,10.494239003568993,0.27999384812715034,0.14824951205652234,-0.006565975668940355,0.0018008073144932506
48,1.6,approach,unknown_no_ground_truth,0.5268384914871067,-0.08298341661666112,0.40200034273593205,0.0029334577731726288,0.45802787099021736,0.8739945,1.722114,-6.5028486,0.31670508168117756,10.493068385236644,0.2798576940978201,0.14826253679514703,-0.002715225207285924,0.00111028220768687
49,1.6333333,approach,unknown_no_ground_truth,0.5268485923765808,-0.08300454801180782,0.4019501397239729,0.0010477968122917793,0.45802787099021736,0.8739945,1.7642511,-6.115387,0.31667690248319086,10.492589771825584,0.27981283327445183,0.14828701528209476,-0.0001932261365889316,0.0010298261115293833
50,1.6666666,approach,unknown_no_ground_truth,0.5268445556661748,-0.0830488596482979,0.4019766808436943,0.002103400712494958,0.44548247646963496,0.8739945,1.7115664,-6.5998354,0.31672424707120866,10.49241102658534,0.2798448123668468,0.14832777782394085,0.0013836274308801362,0.001584256825719975
51,1.7,approach,unknown_no_ground_truth,0.5268332086832592,-0.08311939306032598,0.402029131301512,0.0027887670569195474,0.44548247646963496,0.8739945,1.8106014,-5.689185,0.31680778884043576,10.492150297442175,0.2799050903648439,0.1483924373336279,0.001202437308777689,0.002516220621531264
52,1.7333333,approach,unknown_no_ground_truth,0.5268152551564376,-0.08322246094969847,0.40203641417613134,0.004037681389964796,0.44548247646963496,0.8739945,1.7464777,-6.2788177,0.3168735872162484,10.49231166229568,0.2799249599852996,0.1484954108803428,-0.0009252627285416591,0.00393023662010822
53,1.7666667,approach,unknown_no_ground_truth,0.5267930943334389,-0.08336817830036253,0.40193450668121766,0.007432453894883018,0.5035227152563976,0.8739945,1.7058123,-6.652746,0.31687574349095493,10.491607460368908,0.2798434062378459,0.14865364037972778,-0.004711669534461124,0.0057481771978247715
54,1.8,approach,unknown_no_ground_truth,0.5268025021773447,-0.083554142070526,0.40166852592877667,0.012495280872297067,0.8050347071662093,0.8739945,1.4935683,-8.6043825,0.3167692653255656,10.485670031971061,0.2796108489625912,0.14886416827872856,-0.009700942514080487,0.007875516390440615
55,1.8333334,approach,unknown_no_ground_truth,0.5268963336786249,-0.08375514738995134,0.4012040917653268,0.018672575804416672,1.7869648296275755,0.8739945,1.5262548,-8.3038225,0.31651297808337897,10.47496388174031,0.2791966906028711,0.14909618791778093,-0.015407529398915605,0.010548607727716406
56,1.8666667,approach,unknown_no_ground_truth,0.5270917185728283,-0.08395045070165785,0.4005244393752224,0.025198297101979128,1.7896635633084668,0.8739945,1.4739177,-8.785074,0.31608209716174657,10.469381881179318,0.27858366510850685,0.14932860971990303,-0.02131902621561044,0.013433290663784679
57,1.9,approach,unknown_no_ground_truth,0.5273738266237986,-0.08412743057259539,0.3996371140184417,0.03119152750778989,2.1354816809085264,0.8739945,1.483085,-8.700779,0.31547579188877856,10.476829206202671,0.27777542345356127,0.14955196218387326,-0.026950358965222725,0.015703169741006193
58,1.9333333,approach,unknown_no_ground_truth,0.5277131763747178,-0.0842627093831287,0.3985647639854662,0.03563340030384157,2.1909017315152055,0.8739945,1.4610615,-8.903291,0.3146987312314246,10.489905411742084,0.2767869761100511,0.14974732483260733,-0.03147546040158671,0.016704329071290575
59,1.9666667,approach,unknown_no_ground_truth,0.5280653388795802,-0.08434466978560463,0.39737484039692894,0.038742723789774655,2.610662803804648,0.8739945,1.5063732,-8.486639,0.3137979310988811,10.49430502135366,0.2756770721730505,0.14990428092630595,-0.035093185058794635,0.01641545031608832
60,2.0,approach,unknown_no_ground_truth,0.5283856382589742,-0.08438104291102531,0.39607379094695344,0.04249634749705532,3.8277138921543457,0.8740093,1.5863448,-7.7512794,0.3127823150329573,10.489202377632754,0.27444741391329297,0.15003797383889791,-0.03957357594687639,0.015487789944575257
61,2.0333333,approach,unknown_no_ground_truth,0.5286467406275761,-0.08438853989654127,0.39460239902966665,0.04632296244161379,4.716126017491173,0.8740093,1.555712,-8.032956,0.3116138907255192,10.480183611177258,0.27303883612487545,0.15017659891164548,-0.044011737612951275,0.014449352983988289
62,2.0666666,approach,unknown_no_ground_truth,0.5288521939892283,-0.08438279198817955,0.39302104308827646,0.04987367374642307,5.684801686931448,0.8740093,1.396659,-9.495487,0.31035093155853555,10.470063919141342,0.271513300684072,0.15032707098487463,-0.047910084813031946,0.013856662880099771
63,2.1,approach,unknown_no_ground_truth,0.529026155950906,-0.08436922583269914,0.39129926592082953,0.05346114708465324,6.991385967994671,0.8740093,1.3829112,-9.621902,0.30897352284128415,10.458732525158405,0.26984483331364256,0.1504938661570165,-0.051684757106478546,0.013666752739815097
64,2.1333334,approach,unknown_no_ground_truth,0.5291687872893808,-0.08435286618614843,0.38947117177593316,0.05627496334202861,7.172429276717075,0.8740093,1.3151507,-10.244976,0.3075125904500037,10.447717447685708,0.26806764037639746,0.15067758117351812,-0.05469284887791965,0.013250048330617796
65,2.1666667,approach,unknown_no_ground_truth,0.5292687869962398,-0.08433278320281545,0.38755562377855024,0.05956691156994992,7.172429276717075,0.8740093,1.2191335,-11.127879,0.3059828587147166,10.44054545744595,0.26619863438966096,0.15087676055744909,-0.057981448114674594,0.013651689584352995
66,2.2,approach,unknown_no_ground_truth,0.5294020885594791,-0.08430323335176332,0.38550721766991713,0.06084926257149554,7.172429276717075,0.87400186,1.0901273,-12.314122,0.304347727014321,10.436368876483417,0.26420221394268656,0.1510785527021177,-0.05892744936398895,0.015171963187054155
67,2.2333333,approach,unknown_no_ground_truth,0.5296169075863465,-0.08426851234735647,0.3835144856224365,0.05836536260966734,6.991385967994671,0.87400186,1.1958557,-11.341924,0.3027608035316291,10.43816180424298,0.2622701412621312,0.15125632931371658,-0.05591363204127247,0.016738617162452334
68,2.2666667,approach,unknown_no_ground_truth,0.5299189990210851,-0.08422003049757823,0.3816515824395014,0.053875774020180414,6.588284221000499,0.87400186,1.3839607,-9.612251,0.3012750237790091,10.448187908055331,0.2604746417911656,0.15139220896996816,-0.05094812037612118,0.017518220697713936
69,2.3,approach,unknown_no_ground_truth,0.5302624144587256,-0.0841625704796009,0.3799828409135354,0.04597146718590989,5.043425290283762,0.87400186,1.4490151,-9.01406,0.29994159596149067,10.460065942280357,0.25887360292696837,0.15149065547266083,-0.042935004684737106,0.016430495060916216
70,2.3333333,approach,unknown_no_ground_truth,0.5305856608348832,-0.08411135575074744,0.3786621817610034,0.035218932495014905,4.960671235826358,0.87400186,1.3160324,-10.236869,0.2988871438783505,10.462638864409696,0.25761231069326596,0.15155666318256686,-0.03256999720110312,0.013400316727919246
71,2.3666666,approach,unknown_no_ground_truth,0.530831601941314,-0.08408318772703816,0.3777063339446637,0.02360850813097977,3.6607500205643735,0.87400186,1.28646,-10.508795,0.2981314869400225,10.462778127259227,0.2567022717129215,0.15161242430122357,-0.02183975933675377,0.008965855691634482
72,2.4,approach,unknown_no_ground_truth,0.5309512298366166,-0.08410133734473638,0.37713135653948704,0.012946822736928794,3.6607500205643735,0.87400186,1.3077993,-10.312574,0.2976985298626783,10.461341223939941,0.2561563255341948,0.151685040696898,-0.01193890954034669,0.005008258975819361
73,2.4333334,approach,unknown_no_ground_truth,0.530967686705019,-0.08419156720029763,0.3768609220230257,0.006617866141133875,3.6607500205643735,0.87400186,1.2996287,-10.387705,0.29754479612505225,10.462833259979543,0.2559063401591987,0.15180530546533402,-0.004540055426333293,0.004814981722477022
74,2.4666667,approach,unknown_no_ground_truth,0.531017476604494,-0.08435483751317166,0.3767763942183251,0.0066596213962740155,4.014562692914474,0.87400186,1.4254808,-9.230464,0.2975829494338367,10.463289136379737,0.2558536554418447,0.15196880861146217,0.002338993390246012,0.006235356209720189
75,2.5,approach,unknown_no_ground_truth,0.5311912208039518,-0.08456802675719954,0.37693456946037746,0.012372298497220054,4.014562692914474,0.87400186,1.4743005,-8.781555,0.29784586916737754,10.465624252968128,0.2560622729130867,0.1521324231406787,0.00927480254501505,0.008188516828785049
76,2.5333333,approach,unknown_no_ground_truth,0.531519863176744,-0.08477419188753313,0.3772784662218709,0.019341921431628408,9.094158653812574,0.87400186,1.7988064,-5.797642,0.2982547786864347,10.483925519345592,0.25647197506114855,0.15224335459233604,0.015564679400514146,0.01148262512783975
77,2.5666666,approach,unknown_no_ground_truth,0.5320425924343652,-0.08495210881729376,0.37782358865836996,0.02671259049201061,11.451232272136984,0.87400186,1.8346331,-5.468207,0.2988105255712785,10.495664086130127,0.25709991728285114,0.15227397258013212,0.021372603784767286,0.016024178551589056
78,2.6,approach,unknown_no_ground_truth,0.5327531015418961,-0.08510351504020162,0.37852026032643593,0.03233425212778208,11.581870730126036,0.87400186,1.9707528,-4.2165523,0.2994764543197465,10.517310883574554,0.25789681404522286,0.1522346215459906,0.0252334151646206,0.02021827440195812
79,2.6333334,approach,unknown_no_ground_truth,0.5335937235941517,-0.08524609991875057,0.3792913332983843,0.034377588602087575,11.581870730126036,0.87400186,2.0718493,-3.2869446,0.30020248639825947,10.54869327790086,0.2587821500658522,0.1521621886244802,0.026021531909367367,0.02246549521341912
80,2.6666667,approach,unknown_no_ground_truth,0.534457114479105,-0.08544371343702611,0.3800146363673119,0.03232492071764344,11.581870730126036,0.87400186,2.121948,-2.826275,0.30092919241665367,10.5843552616152,0.2596315876388542,0.15215064097356723,0.023458203539390727,0.022239900766560326
81,2.7,approach,unknown_no_ground_truth,0.5352334503147265,-0.08575053742859702,0.38059549319381597,0.028187085943461816,11.581870730126036,0.87400186,2.2063136,-2.0505123,0.30161091380058097,10.621298889277409,0.26034602890980924,0.15227963933012933,0.018264636102294767,0.021468928292647804
82,2.7333333,approach,unknown_no_ground_truth,0.5358721588619473,-0.08625228446696721,0.38095006119897545,0.02624466764782059,7.584190181653387,0.87400186,1.9760698,-4.167661,0.30223215026603695,10.677859398421448,0.2608492289618561,0.15264977040414285,0.011109050674503365,0.023777543461339257
83,2.7666667,approach,unknown_no_ground_truth,0.5364023673918508,-0.08698338820184115,0.3810137781433025,0.02974395811453672,6.68510747079628,0.87400186,1.7921233,-5.859095,0.3027652809374954,10.7161559407811,0.26108663162890194,0.15329900888731993,0.0024924997190703497,0.02963934023337478
84,2.8,approach,unknown_no_ground_truth,0.5369239243101986,-0.08791928942805312,0.3807335192119201,0.037899526959993886,6.68510747079628,0.87400186,1.4628868,-8.886507,0.3031603869168114,10.747151630204074,0.26101539546188995,0.1541985198613268,-0.00753308996521118,0.03714332644456253
85,2.8333333,approach,unknown_no_ground_truth,0.5376035954598634,-0.08898471608816527,0.3800465079953961,0.04816010284018913,5.35096461551703,0.87400186,1.2745718,-10.61811,0.30333414046911245,10.803574366573784,0.26058442607823235,0.15526544258016167,-0.019315952813351286,0.04411677087559763
86,2.8666666,approach,unknown_no_ground_truth,0.5384915232903007,-0.09003798245058058,0.37889989454144934,0.058853862345689005,5.008112394278701,0.8740093,1.1766701,-11.518341,0.30316454005917326,10.895320283557343,0.2597276664205358,0.1563658455195154,-0.03288295579802788,0.048810739914390305
87,2.9,approach,unknown_no_ground_truth,0.5395734882305501,-0.09092714787345577,0.37726421616734973,0.07028507455770308,5.008112394278701,0.8740093,1.009862,-13.052183,0.30253749426720095,11.0107356270527,0.2583922198514231,0.15736071986912897,-0.04839372939682472,0.050970958992830266
88,2.9333334,approach,unknown_no_ground_truth,0.5407441332081594,-0.09156972491836138,0.37508739914250994,0.08358483292017944,5.35096461551703,0.8740093,0.9344129,-13.745955,0.30135889574928065,11.079839435707012,0.2565014132195989,0.15819042026486427,-0.06655003694772799,0.05057189809123595
89,2.9666667,approach,unknown_no_ground_truth,0.5418840576518547,-0.09191599876164935,0.37229087099178726,0.09664650572287181,6.481968799543023,0.8740093,0.86580956,-14.3767805,0.2995331241639615,11.144889848056591,0.25395555467063263,0.1588290550351368,-0.08364260109020152,0.048419648401310335
90,3.0,approach,unknown_no_ground_truth,0.5429370439330293,-0.09202970266740274,0.36904645288819166,0.10737328217585713,5.532502571055743,0.8740093,1.0398002,-12.776894,0.2972311979906274,11.213518361483446,0.25092524477691086,0.15932013869122422,-0.09681871454425704,0.04642368187912188
91,3.0333333,approach,unknown_no_ground_truth,0.5439321608552516,-0.09198056257070011,0.3654322187829184,0.11667722628114117,5.532502571055743,0.8740093,0.8541715,-14.483795,0.2945622090800459,11.254677347926014,0.24750097944620728,0.1597190038514039,-0.10708409966072377,0.0463310989780385
92,3.0666666,approach,unknown_no_ground_truth,0.5449465513171332,-0.09182833235628367,0.3615347286701156,0.12595812541132176,6.481968799543023,0.8740093,1.1033474,-12.19256,0.2916397628319877,11.19752503724532,0.24378631115386573,0.16006869075084176,-0.11611428890108873,0.04881517458873588
93,3.1,approach,unknown_no_ground_truth,0.5460760436664814,-0.09153395150161107,0.35732559878615633,0.13321988371713137,6.700202967749659,0.8740093,0.74608225,-15.477702,0.2884293867728412,11.158725952324971,0.23976003374298638,0.16033289548224114,-0.12276999230386368,0.05172104414370666
94,3.1333334,approach,unknown_no_ground_truth,0.5472759444306343,-0.0910671741561544,0.3529981635162317,0.13670093546258288,6.932146756382501,0.8740093,1.2155575,-11.160762,0.2850532702301788,11.116120841301464,0.23560162249273864,0.16045947260198876,-0.1258852960099543,0.05329200695068111
95,3.1666667,approach,unknown_no_ground_truth,0.5485152591809227,-0.09040728916620736,0.3486172540408893,0.13733197981170017,7.2841484827964305,0.8740093,0.98991483,-13.2356,0.2815422874949254,11.018063357146012,0.2313676590402394,0.16042152598113119,-0.1264845744003531,0.05349509433361869
96,3.2,approach,unknown_no_ground_truth,0.5497239901826345,-0.08961653879312129,0.3442961450687905,0.1370399913353724,6.932146756382501,0.8740093,0.7634021,-15.318442,0.2780124733636039,10.826693233748443,0.2271693250382696,0.1602655081650621,-0.12684471495991953,0.05186884914797807
97,3.2333333,approach,unknown_no_ground_truth,0.5508370200996702,-0.08874886067971965,0.3399382346233205,0.13362121912285926,7.2841484827964305,0.8740093,1.3972896,-9.489689,0.2744226668551234,10.665717731840635,0.2229113522365032,0.16005726827598815,-0.12476006916664888,0.04784929823322559
98,3.2666667,approach,unknown_no_ground_truth,0.5517855241197822,-0.08789999191784985,0.3358015988545756,0.12640736324505591,7.2841484827964305,0.8740093,1.1082202,-12.147754,0.2710125748237482,10.638010142882484,0.2188519944970492,0.1598487416818201,-0.11907793900129347,0.04241775484124243
99,3.3,approach,unknown_no_ground_truth,0.5525900059021345,-0.08713244446025048,0.33185546917298986,0.12104079782012847,7.2841484827964305,0.8740093,0.8348813,-14.661173,0.26780202773266293,10.615307391347093,0.21497283003579742,0.15970162304787672,-0.11452921547031662,0.039165463621499565
100,3.3333333,approach,unknown_no_ground_truth,0.5533789180348754,-0.08647644544146488,0.3280202433059144,0.12255858425924084,6.809551293282906,0.8740093,1.3038305,-10.349069,0.2647701782509403,10.593339120323426,0.21121672026182206,0.1596582111038262,-0.11506626582378202,0.04219432479611651
101,3.3666666,approach,unknown_no_ground_truth,0.5543914013597395,-0.08589200606840638,0.32398308582318713,0.13002548193938324,6.679944067730286,0.8740093,1.0804316,-12.403277,0.2617055474287255,10.59646543301817,0.20730175247554095,0.15973658621473802,-0.1194343089155968,0.05140108760933642
102,3.4,approach,unknown_no_ground_truth,0.5557494112353787,-0.08539109953146516,0.31975321387910005,0.1432508237869911,6.1796330135200295,0.8740093,1.0942826,-12.275913,0.2586500753160517,10.692783670491668,0.203254411075823,0.15996095098248067,-0.12758435228617834,0.06513855668778608
103,3.4333334,approach,unknown_no_ground_truth,0.5575832499517828,-0.08498140206434986,0.31502837480671886,0.15871165675085427,6.1796330135200295,0.8740093,1.2425685,-10.912388,0.255441940499014,10.830286174128746,0.19879610945699344,0.1604078920460738,-0.13702996818447652,0.08007607512835739
104,3.4666667,approach,unknown_no_ground_truth,0.5598144405478416,-0.08470485814912808,0.3100086125763032,0.17251063665643226,5.6634101607843945,0.8740093,1.1767731,-11.517393,0.2522626618212419,11.00662625038306,0.19411908799483935,0.1611031664033642,-0.1458382255647806,0.09214733704087037
105,3.5,approach,unknown_no_ground_truth,0.5623221663090339,-0.0845546350505535,0.3045581018275414,0.1819082004030794,5.565049962316073,0.8740093,0.9642184,-13.471887,0.24902893980134133,11.187646226272843,0.18907356974000206,0.16206973216598053,-0.1532761945019723,0.09796428723203396
106,3.5333333,approach,unknown_no_ground_truth,0.5648161751996246,-0.08451918372955103,0.29896247218448524,0.1810946320066887,5.565049962316073,0.8740093,1.1977853,-11.324182,0.2458928947160032,11.389670721250425,0.18390068412340194,0.16322945215481235,-0.15390929167905762,0.0954316282816592
107,3.5666666,approach,unknown_no_ground_truth,0.5671021533070835,-0.08454593104657995,0.29347170810849754,0.17340223320054435,5.565049962316073,0.8740093,1.0929466,-12.288198,0.24294272180750426,11.561029513149439,0.17881295942766007,0.16446000006068467,-0.1494950148809781,0.08786111201590899
108,3.6,approach,unknown_no_ground_truth,0.569107140459326,-0.08458995889612511,0.2882284416160011,0.16388369993625135,5.520498252634434,0.8740093,1.5545633,-8.043519,0.24020745142465913,11.739870258991628,0.17393435866899012,0.16566972745295708,-0.1434889411241395,0.07917569627018439
109,3.6333334,approach,unknown_no_ground_truth,0.5708751946277291,-0.08458619098169647,0.2832183467404171,0.15236281695783538,4.670905925369826,0.8740093,1.1905873,-11.390368,0.23762091610115693,11.88403596601769,0.16924700617541075,0.16679073915962345,-0.13511320592485043,0.07041909951167945
110,3.6666667,approach,unknown_no_ground_truth,0.5724149553849684,-0.08449821026054669,0.2786250156307787,0.14031213384331356,4.3457044456115685,0.8740093,1.0865989,-12.346568,0.2352449959705073,12.02133264107885,0.1649267851874158,0.16774791699722533,-0.12602229537948978,0.06169178203738786
111,3.7,approach,unknown_no_ground_truth,0.5737357491481667,-0.084329555330276,0.27431603313320885,0.12932931293508138,4.3457044456115685,0.87400186,1.395423,-9.506852,0.23298852862828834,12.15617124884482,0.16084552729490104,0.16855969512786848,-0.11789759153147435,0.05316229016265042
112,3.7333333,approach,unknown_no_ground_truth,0.5748252243142747,-0.08408636368606656,0.2703570686120884,0.1188592356979015,4.3457044456115685,0.87400186,1.3603975,-9.828921,0.23087318910336554,12.279060386890858,0.15706695274798985,0.16921111606871195,-0.11006124377721632,0.04487806289158951
113,3.7666667,approach,unknown_no_ground_truth,0.5757003905180548,-0.0837856382454581,0.26665880157028443,0.1091823275021876,4.3457044456115685,0.87400186,1.1082073,-12.147872,0.2288520921407285,12.375212050978151,0.1535081175740859,0.16973078069710607,-0.10326312455316361,0.03546135567505528
114,3.8,approach,unknown_no_ground_truth,0.5762549937900834,-0.08340198191470549,0.2632529477091239,0.09913549320893673,5.4203877690152655,0.87400186,1.5238645,-8.325802,0.22688237376705153,12.451817874084222,0.15018275057204666,0.17006102715433213,-0.09609833807774072,0.024350676222137893
115,3.8333333,approach,unknown_no_ground_truth,0.5764835884613306,-0.08290236963965994,0.26015605788696206,0.09075566450906869,5.648765774851533,0.87400186,1.2296231,-11.0314245,0.22493011244353806,12.519228089044478,0.14710156740468136,0.17016076031491117,-0.08947028850689384,0.015220319148290227
116,3.8666666,approach,unknown_no_ground_truth,0.5764615381015081,-0.08226207999041663,0.25731451631723684,0.08523116932933243,5.648765774851533,0.87400186,1.283317,-10.537696,0.2229541424662432,12.559041875179714,0.14421806998072556,0.17002852094249488,-0.08426286075084224,0.012811031314047597
117,3.9,approach,unknown_no_ground_truth,0.5763564982313477,-0.08147115056586929,0.25465863770187724,0.08085431056797249,5.648765774851533,0.87400186,1.1149236,-12.086115,0.22094475722227497,12.590673520269059,0.14148402962737938,0.16970225427026261,-0.07934214412160209,0.015564180145740718
118,3.9333334,approach,unknown_no_ground_truth,0.5763027618257401,-0.08059598025695493,0.25219062471493586,0.07676366607773473,5.648765774851533,0.87400186,1.2018063,-11.287207,0.21898669206813823,12.61290528249589,0.13892857844685041,0.16927498750164752,-0.07471246540778788,0.01762690960957311
119,3.9666667,approach,unknown_no_ground_truth,0.5763332267562131,-0.07974713699700789,0.24984025717102265,0.0735994413689,4.225741136229513,0.87400186,1.3583311,-9.847922,0.2171430199965288,12.637236846483788,0.13650320303360752,0.16887263453496137,-0.0715758749784071,0.01713977511198983
120,4.0,approach,unknown_no_ground_truth,0.5764377964740333,-0.07903758504106975,0.24754001836231224,0.06985630401197561,3.2264017686157214,0.87400186,1.2469409,-10.872184,0.215472717638513,12.67366588855754,0.13415685769557964,0.16861325446053865,-0.06853236077601788,0.013535831584327808
121,4.0333333,approach,unknown_no_ground_truth,0.5764844617965748,-0.07856351002583391,0.2453386379891986,0.0661655672050506,2.543295372486621,0.87400186,1.0801942,-12.40546,0.21404634438686376,12.710555144311915,0.1319343830485615,0.1685501590476121,-0.06580896018927421,0.006860250897204105
122,4.0666666,approach,unknown_no_ground_truth,0.5763222279364844,-0.07832580234623722,0.24318832567273857,0.06432103253551735,2.21387185921602,0.87400186,1.0400571,-12.774531,0.21280316241988356,12.727622282937237,0.12976959758804413,0.16865656666059706,-0.06411489175778896,0.005145471924137466
123,4.1,approach,unknown_no_ground_truth,0.5758381227926501,-0.0782672110659926,0.24110993199033615,0.061999581563148345,2.5418010995729863,0.87400186,1.0428433,-12.748911,0.21167564472799777,12.727622282937237,0.1276600607359329,0.16884752726620386,-0.06047299642217246,0.013673507879450719
124,4.133333,approach,unknown_no_ground_truth,0.5750833672920337,-0.0782966249020043,0.2392451598878314,0.05643448825594079,1.8917943236150703,0.87400186,1.172872,-11.553266,0.2106641585026095,12.727622282937237,0.12573806808168106,0.16902463108286656,-0.053044131338855965,0.019265814159181494
125,4.1666665,approach,unknown_no_ground_truth,0.5742419077907686,-0.07833755923690582,0.23770375833021112,0.04658962382076582,1.7370271247454254,0.87400186,1.5451815,-8.1297865,0.20979737418928435,12.727622282937237,0.12412378846096439,0.16913965636365813,-0.04230063512685945,0.019525606664705066
126,4.2,approach,unknown_no_ground_truth,0.5735111771278139,-0.07835893822382453,0.23656721325354424,0.03336066177899871,1.29469923519429,0.87400186,1.3929182,-9.529885,0.20912981340894723,12.718728990757352,0.1229180282499967,0.16919349038185275,-0.029480278703042255,0.015615598673240128
127,4.233333,approach,unknown_no_ground_truth,0.5729972964985268,-0.07835612724730193,0.2358606735800674,0.02064455219567909,1.1780914676355392,0.87400186,1.2368975,-10.964535,0.20868922371274035,12.712605630498668,0.12215843829677864,0.1691996100666852,-0.017573239617550255,0.010834149006926228
128,4.266667,approach,unknown_no_ground_truth,0.5726574918354099,-0.07833903019302876,0.23548779694368158,0.012426930409536694,1.7370271247454254,0.87400186,1.3316989,-10.092812,0.20842710421849736,12.709766704375754,0.1217464566289182,0.16917345557507332,-0.009771192280551311,0.0076780466799806725
129,4.3,approach,unknown_no_ground_truth,0.5724085992619683,-0.07832313401626034,0.23527873817456277,0.008930203182430273,1.1780914676355392,0.87400186,1.3024976,-10.361325,0.20826050387541165,12.708298421292609,0.12150703896335048,0.1691404060442069,-0.006823062693046817,0.005761453320668365
130,4.3333335,approach,unknown_no_ground_truth,0.5722196465569378,-0.0783147168911999,0.23508513374616016,0.009596270960982116,1.1780914676355392,0.8740167,1.3040078,-10.347439,0.20812234189318374,12.705813502367342,0.12129158618759348,0.16912498430214515,-0.008534711288132941,0.004387153927639732
131,4.366667,approach,unknown_no_ground_truth,0.5720541455242883,-0.07831630341785582,0.23474619990115464,0.013045880784283564,1.1780914676355392,0.8740167,1.2384613,-10.950155,0.2079361956117391,12.705813502367342,0.12093805871725537,0.16914918681207164,-0.012535783029575196,0.003612360623353332
132,4.4,approach,unknown_no_ground_truth,0.5719123045634273,-0.07832712764535557,0.2342716180597587,0.017436590980324976,1.0407981483665072,0.8740167,1.2497619,-10.846243,0.20770613679208894,12.705813502367342,0.12045586806282452,0.16921058805620107,-0.01705089873055519,0.003647130035452776
133,4.4333334,approach,unknown_no_ground_truth,0.571759038282873,-0.07834254398589115,0.2336221509259015,0.0218772908897081,1.0407981483665072,0.8740167,1.2575495,-10.774634,0.20740342542891785,12.705813502367342,0.11980133314701327,0.16930393219251294,-0.021463685495992642,0.004233917996610249
134,4.4666667,approach,unknown_no_ground_truth,0.5715768413173377,-0.07835615364132799,0.2328525339535455,0.02557909216064373,1.0407981483665072,0.8740167,1.1596961,-11.67442,0.20704272443565255,12.712912918657956,0.11902495697007327,0.16941000371881754,-0.02504036664718049,0.005222067975187253
135,4.5,approach,unknown_no_ground_truth,0.5713196206723629,-0.07836484161432486,0.2319746178726449,0.029256721310568796,0.8906181088817215,0.8740167,1.2032735,-11.273715,0.20661606661883353,12.713422059695953,0.11813197685642199,0.16951411454221751,-0.028374493505125834,0.00713048807388822
136,4.5333333,approach,unknown_no_ground_truth,0.5709513923985307,-0.07836302031462537,0.23100510128413407,0.03172307235600225,0.8906181088817215,0.8740167,1.0962646,-12.2576885,0.20611796361095147,12.715807067378494,0.11713332575346498,0.16960070436486452,-0.030517905981363325,0.00866087375596845
137,4.5666666,approach,unknown_no_ground_truth,0.5705605380072402,-0.07836073062815155,0.2300006751009342,0.031008709528160594,0.8906181088817215,0.8740167,1.2164618,-11.152446,0.2056035341962579,12.716297723918807,0.1160974516019206,0.16968852349387537,-0.030096350295895507,0.007466576556132545
138,4.6,approach,unknown_no_ground_truth,0.5702959849867248,-0.07837026761161128,0.22904451657525388,0.028116903180387183,0.8906181088817215,0.8740167,1.2483014,-10.859673,0.20515427830515534,12.716413161001464,0.11512690418631313,0.16980598882072623,-0.027707521625441815,0.004780532379446983
139,4.633333,approach,unknown_no_ground_truth,0.570281956484228,-0.07840461741369337,0.228147553109083,0.025868836798949493,0.8906181088817215,0.8740167,1.2789844,-10.577535,0.2048155118034552,12.73286406423153,0.11425028513771332,0.1699890179431086,-0.024244551144981287,0.009022109349208201
140,4.6666665,approach,unknown_no_ground_truth,0.5705722156933823,-0.07847255400903332,0.22734527073443833,0.02733926127576321,2.1104307372426137,0.8740167,1.2275336,-11.050638,0.20462213455918218,12.762434613675927,0.1135106022153117,0.17025146441741207,-0.021442995727810533,0.01695975062674995
141,4.7,approach,unknown_no_ground_truth,0.5711441486180127,-0.07857839226790395,0.22655119620518954,0.03111830933280618,3.1888255572486006,0.8740167,1.1984372,-11.318187,0.2045385074802499,12.795786903210939,0.1128207533616132,0.1706091400047673,-0.0202056664978906,0.02366601396746468
142,4.733333,approach,unknown_no_ground_truth,0.5718936262670853,-0.07870849007330735,0.22576350756565733,0.03356006647775146,3.231150480645893,0.8740167,1.1974698,-11.327082,0.20452811356436687,12.837327220898931,0.11216355898111682,0.1710294865655863,-0.020439550284333145,0.026617716772204838
143,4.766667,approach,unknown_no_ground_truth,0.5726668535980984,-0.07880765748579938,0.2249280861291601,0.03419468763506995,4.382808614731807,0.8740167,1.1519812,-11.74536,0.20448363548654158,12.837213532410761,0.11145808815949926,0.17143701982250534,-0.022480463428345487,0.02576636230644184
144,4.8,approach,unknown_no_ground_truth,0.573375033959815,-0.07877120609543928,0.22403191691513513,0.03463486563748219,4.401096312897135,0.8740167,1.1954268,-11.345868,0.2042851608241403,12.838674838042401,0.11066487271727574,0.17171404392015824,-0.02580343465192002,0.023103174627971325
145,4.8333335,approach,unknown_no_ground_truth,0.5739723745420973,-0.07848965057302468,0.22305034365172238,0.03607704778933104,4.802020276369225,0.8740167,1.1735291,-11.547222,0.20381399670480393,12.839890661433577,0.10973786071387222,0.17174908203169126,-0.029489398571400833,0.020782895589660705
146,4.866667,approach,unknown_no_ground_truth,0.5744074701067858,-0.07797587273215945,0.22201048380413002,0.037485587589645056,6.855480663938648,0.87400186,1.188125,-11.41301,0.20307756069235236,12.678011676556904,0.10869891456240727,0.17153728932716217,-0.031974774338925656,0.019564843033250557
147,4.9,approach,unknown_no_ground_truth,0.5746733101005524,-0.07731260593538421,0.22096026209047545,0.03771249272082035,6.855480663938648,0.87400186,1.2187623,-11.131292,0.20216409011660713,12.37231778535898,0.1076062109886501,0.17114678696762545,-0.032612382322897975,0.018938443083924818
148,4.9333334,approach,unknown_no_ground_truth,0.574820770987446,-0.07660544333124572,0.2199435716206648,0.035824594731001386,6.855480663938648,0.87400186,1.1662637,-11.61403,0.20119598568780073,12.039465630541788,0.10652475767608913,0.1706818697429115,-0.031222802615159584,0.017565255036442722
149,4.9666667,approach,unknown_no_ground_truth,0.5749483398195798,-0.07597467942112604,0.21900110201583578,0.03127889935376927,6.855480663938648,0.87400186,1.3327941,-10.082742,0.20032084566619168,11.849614353209434,0.10552469266705732,0.17027325229154838,-0.02755534463045967,0.014801098847039203
150,5.0,approach,unknown_no_ground_truth,0.575112286136334,-0.07550560084106349,0.21819609722546784,0.025484933486045563,4.709424878462636,0.87400186,1.2128242,-11.185894,0.19965249231856283,11.726971177091315,0.10468773633585057,0.1700046927290221,-0.022315845515256057,0.012307919146931077
151,5.0333333,approach,unknown_no_ground_truth,0.5753551081050966,-0.07519608541354272,0.21754682840781892,0.021192687771402492,4.709424878462636,0.87400186,1.217204,-11.145621,0.1992067530543238,11.618662875616522,0.10403697095692212,0.16988125010299074,-0.01706296985143135,0.012569211384382774
152,5.0666666,approach,unknown_no_ground_truth,0.5757148730400954,-0.0749663742538001,0.2170375405555542,0.020321440721384483,4.709424878462636,0.87400186,1.182896,-11.461091,0.19891702769237285,11.52791068684151,0.103550206024933,0.16983915549178336,-0.013478974594057364,0.015207833405370394
153,5.1,approach,unknown_no_ground_truth,0.5761895790378031,-0.07471886320126411,0.21659221017598537,0.02151761305120039,4.709424878462636,0.87400186,1.163358,-11.640749,0.1986684923260422,11.445740497534262,0.1031383734504897,0.16979883911584912,-0.012162885285539275,0.017750264588225203
154,5.133333,approach,unknown_no_ground_truth,0.5767199273307442,-0.07444537618554992,0.21615649850467597,0.022354053592005815,5.384266528651191,0.87400186,1.1606303,-11.66583,0.19841819455405663,11.346142087296755,0.10273934772763882,0.16974806731916206,-0.012528983628908495,0.018512922006555608
155,5.1666665,approach,unknown_no_ground_truth,0.5772245477238259,-0.07413728814864365,0.2156913707285087,0.023385026962863258,5.610402729168042,0.87400186,1.1226178,-12.015365,0.1981217061763035,11.238388559453469,0.10230310861869504,0.16966521277256874,-0.014566631048300539,0.018294063134157167
156,5.2,approach,unknown_no_ground_truth,0.5776956827402417,-0.07378282663066354,0.21513698305795015,0.024932681660995052,5.610402729168042,0.87400186,1.1513352,-11.751301,0.19774506095460379,11.118109198465557,0.10176823985546471,0.1695474402303396,-0.017157393899932878,0.018090396606240147
157,5.233333,approach,unknown_no_ground_truth,0.5781536111197947,-0.07342965840234424,0.21450860502132713,0.0260895984373841,5.610402729168042,0.87400186,1.2195374,-11.124166,0.1973422493100326,10.990545997204299,0.10115928337681383,0.16944250573404698,-0.01888227046886311,0.018003527670005532
158,5.266667,approach,unknown_no_ground_truth,0.5786352764392753,-0.0731286528256822,0.21382762456454416,0.026807153997894836,5.610402729168042,0.87400186,1.205959,-11.249022,0.19697733464264788,10.861111672676618,0.10050939475183737,0.1694046396340461,-0.019651768484993552,0.018232704157065224
159,5.3,approach,unknown_no_ground_truth,0.5791504173091766,-0.07290905393826685,0.21311961257919065,0.027470191521412637,5.418628476729008,0.87400186,1.237272,-10.961091,0.196688776822629,10.765612555379464,0.09984917614766621,0.16945977974320126,-0.019907338502183104,0.018929059564135483
160,5.3333335,approach,unknown_no_ground_truth,0.5797100717993573,-0.0727909074894818,0.21238382208685422,0.02835285073584587,3.8380228802936602,0.87400186,1.2110009,-11.20266,0.19649810224205858,10.779141784350305,0.09918224003298698,0.16963014899117862,-0.020189487127916544,0.0199065003041933
161,5.366667,approach,unknown_no_ground_truth,0.5802906381750976,-0.07277014678505718,0.2116184752633654,0.029007733259296238,3.7911779495043674,0.87400186,1.1474956,-11.786607,0.19639469350236288,10.794527953021861,0.09850321153717617,0.1699058355464855,-0.02055288521941702,0.02047016116204146
162,5.4,approach,unknown_no_ground_truth,0.5808615206476446,-0.07282657146023544,0.21083054861465692,0.028798798827821152,2.9862530582321654,0.87400186,1.1425508,-11.832075,0.1963541239628855,10.807592138040246,0.09781204890462752,0.17025787819161545,-0.02098679232985769,0.019721190674721934
163,5.4333334,approach,unknown_no_ground_truth,0.58136017470875,-0.07291320869888546,0.21003048570534388,0.027316356065411006,2.655821184619474,0.87400186,1.1261066,-11.983284,0.19631887622716915,10.84057527296562,0.0971040932938686,0.17062208599320963,-0.021040415837719,0.017420798204105928
164,5.4666667,approach,unknown_no_ground_truth,0.5817670503259759,-0.0729835194374149,0.2092583693337836,0.02453996262914278,1.9212583700488108,0.87400186,1.2990106,-10.393389,0.19625408627088503,10.86857029682445,0.09640935576397786,0.17094122527697855,-0.019880669239689976,0.014386408739562808
165,5.5,approach,unknown_no_ground_truth,0.5820827267040577,-0.07302894521822786,0.20856726775996187,0.021623221530097783,1.9212583700488108,0.8740093,1.3356522,-10.05646,0.1961685266494353,10.877576161702196,0.09577871652426852,0.17119733732968517,-0.018473507518438913,0.011238026041341305
166,5.5333333,approach,unknown_no_ground_truth,0.5823193120689123,-0.0730060588531185,0.2079269955421366,0.020239301414603224,1.9212583700488108,0.8740093,1.237465,-10.959316,0.19601620740638173,10.881172162014906,0.095177789692294,0.17135793508113686,-0.0184466364679302,0.008327720262544112
167,5.5666666,approach,unknown_no_ground_truth,0.5824740215164137,-0.07287190626988788,0.2072855506847469,0.021690255181467975,1.9212583700488108,0.8740093,1.2713885,-10.647381,0.19574040566100598,10.88248920931091,0.09454894185435737,0.17139079322576384,-0.020444390861521364,0.007245277920034545
168,5.6,approach,unknown_no_ground_truth,0.5825888320962314,-0.07262178863993912,0.20655927596740692,0.024833044318951593,3.135100604507461,0.8740093,1.2004188,-11.299965,0.19532342400254166,10.804631894492625,0.09381483151468956,0.17131846763249747,-0.02333023593862743,0.008507654271007433
169,5.633333,approach,unknown_no_ground_truth,0.5827080540074504,-0.07228011603228424,0.2057572154370591,0.02766784511701132,4.1999964766016635,0.8740093,1.2775182,-10.591018,0.1948044963780694,10.655438541070792,0.09299359417619103,0.17117529976987667,-0.025579477161376325,0.010545141135591985
170,5.6666665,approach,unknown_no_ground_truth,0.5828855582874777,-0.07189578333393334,0.20488980631128584,0.02986797487355437,4.1999964766016635,0.8740093,1.2882433,-10.492397,0.1942485404183999,10.494735188539249,0.09210953455514251,0.17102142877053084,-0.027464232657117862,0.011739329095096363
171,5.7,approach,unknown_no_ground_truth,0.5830935472445554,-0.07153702088682024,0.2039505421739008,0.030742653756056157,4.1999964766016635,0.87400186,1.2774367,-10.591766,0.19370669966610518,10.348471253351004,0.09116264696210201,0.17091418108044115,-0.02860993970663569,0.011250871519461254
172,5.733333,approach,unknown_no_ground_truth,0.5832999805782497,-0.07126260980632369,0.20298511992301016,0.029960715190266527,4.1999964766016635,0.87400186,1.2153202,-11.162943,0.19323609209410186,10.261701223160866,0.09020220693907154,0.17089104467795008,-0.028300395158856673,0.009835247254890414
173,5.766667,approach,unknown_no_ground_truth,0.5834873774445989,-0.07111797957658283,0.2020377160976045,0.02914395590451122,2.6329412101455,0.87400186,1.1188447,-12.050059,0.1928853885662932,10.214460168598016,0.08927592475153046,0.17098123400574985,-0.027619030559827038,0.009303725957885613
174,5.8,approach,unknown_no_ground_truth,0.5836677058979355,-0.07109487913531079,0.20108468648591082,0.02941153156505889,2.6329412101455,0.87400186,1.2170504,-11.147033,0.19264426078604235,10.201626673072031,0.08836094459338968,0.17118456321866354,-0.027740401418887867,0.009772835725694953
175,5.8333335,approach,unknown_no_ground_truth,0.5838436646559428,-0.07108962877942519,0.20010979935030054,0.029515295569282143,2.6329412101455,0.87400186,1.3006462,-10.378349,0.19241608875667823,10.210243364942565,0.08742656630304453,0.17140754568243846,-0.027985254521246176,0.00937966960628981
176,5.866667,approach,unknown_no_ground_truth,0.5840151289577661,-0.07100925637716603,0.1991498095585565,0.02854349505345402,2.6329412101455,0.87400186,1.1946838,-11.3527,0.19212779153891663,10.217345557976682,0.08649526261927606,0.17155657325221865,-0.027223760830445132,0.008578925114096487
177,5.9,approach,unknown_no_ground_truth,0.5841754415491786,-0.07076901400448465,0.1982636815403946,0.027448188941102857,4.079578463019473,0.87400186,1.2369167,-10.964358,0.19171670153643,10.177415257464052,0.08561165052979751,0.17153990480810116,-0.025818987119497237,0.009315738310499984
178,5.9333334,approach,unknown_no_ground_truth,0.5842838061666148,-0.0703769172082967,0.19745381077074003,0.027800894447260836,4.222077554277469,0.87400186,1.2297133,-11.030595,0.19117583899894308,9.991125826528727,0.08477399834340009,0.17135218300862998,-0.02563627464692982,0.010755052500798024
179,5.9666667,approach,unknown_no_ground_truth,0.584312468972586,-0.06989952606873145,0.19663264702953884,0.028687156386498675,4.222077554277469,0.87400186,1.1859084,-11.433392,0.19053100762264974,9.78025516552175,0.08390256707458393,0.171062632108819,-0.026553803797531066,0.0108558023851605
180,6.0,approach,unknown_no_ground_truth,0.5842856675847475,-0.06943607786587347,0.19578876422941238,0.02863542599674055,4.222077554277469,0.87400186,1.2067429,-11.241814,0.189876613588627,9.566660855101674,0.0830037463325923,0.17077326044389807,-0.027374677063705388,0.008403253993105682
181,6.0333333,approach,unknown_no_ground_truth,0.5842442878977481,-0.06910151057202776,0.19489975766448198,0.028718307990659244,4.222077554277469,0.87400186,1.1421151,-11.836082,0.1893245503937301,9.451572159059582,0.08207759022807487,0.17060789713298818,-0.028416425470673676,0.004153068421782972
182,6.0666666,approach,unknown_no_ground_truth,0.5842357338944686,-0.06896209455066449,0.19393448366160507,0.03044555705038855,2.7076570243205995,0.87400186,1.263831,-10.716874,0.1889435881075158,9.44853578303582,0.08110931965410237,0.1706486382957427,-0.030126747620833758,0.004394430782143609
183,6.1,approach,unknown_no_ground_truth,0.584224748033354,-0.06896873893368648,0.19287449716734106,0.03270926715387004,2.635882832847915,0.87400186,1.1917961,-11.379253,0.18867441032711185,9.467327146051241,0.08006914217439762,0.1708419315734269,-0.032007599131576324,0.006738676099617534
184,6.133333,approach,unknown_no_ground_truth,0.5841340915813751,-0.0690569699583296,0.1917583051150114,0.03457496832546406,2.5458268132296986,0.87400186,1.2395898,-10.939778,0.18844400498383584,9.488128041650931,0.07897548161131805,0.17109651170789053,-0.03368115501048375,0.007810776649386957
185,6.1666665,approach,unknown_no_ground_truth,0.5839362610621379,-0.0691561967071242,0.190595321733592,0.03570024110579823,2.5458268132296986,0.87400186,1.1629906,-11.644127,0.18818252389334192,9.499896079301841,0.07782373383899438,0.1713363030715486,-0.03469544439932969,0.008410312297718062
186,6.2,approach,unknown_no_ground_truth,0.5836794508057653,-0.0692545547118116,0.18943048887276487,0.03575918816032198,2.5458268132296986,0.87400186,1.1575736,-11.693937,0.18790706118864442,9.501125070670842,0.07666245404351271,0.1715573716999047,-0.034739959303237054,0.008476719028889924
187,6.233333,approach,unknown_no_ground_truth,0.5834168687983661,-0.069336075331663,0.18827560985800174,0.03494264246887199,1.6013439821344977,0.8740093,1.1893581,-11.40167,0.18762380507510484,9.505198606322148,0.07550773861357007,0.17175934804349288,-0.03401170191649101,0.008012015692145042
188,6.266667,approach,unknown_no_ground_truth,0.583127478422391,-0.06938896195508402,0.18717127809514233,0.034324049506547195,1.6013439821344977,0.8740093,1.2617218,-10.736268,0.18732382910621817,9.531687898908373,0.0743949767291448,0.17191743480079508,-0.03339343796439351,0.00793843028854603
189,6.3,approach,unknown_no_ground_truth,0.582771367142737,-0.06939999131507724,0.1860812107403026,0.03456161042039234,3.223988400643869,0.8740093,1.228764,-11.039324,0.1869728655939032,9.529178541043462,0.07328151261842501,0.1720135819543079,-0.033454703666473004,0.008676849511167655
190,6.3333335,approach,unknown_no_ground_truth,0.5823541263952116,-0.06937635909322545,0.18500087050859707,0.03545391260670205,3.223988400643869,0.8740167,1.1964366,-11.336582,0.1865782452890712,9.508959557447461,0.07216466513657144,0.17205726581831798,-0.034099346334354685,0.009706415336951043
191,6.366667,approach,unknown_no_ground_truth,0.5818916501377921,-0.06933786894391222,0.18388831168303355,0.03640638016405962,3.223988400643869,0.8740167,1.150732,-11.756847,0.18615466364634145,9.465251100340543,0.07100822488624575,0.17207960598451771,-0.034843725057109705,0.010551745864764709
192,6.4,approach,unknown_no_ground_truth,0.5814037891377617,-0.0692990036495455,0.18276891164354298,0.03647822197573286,1.5512380002066524,0.8740167,1.2967845,-10.413858,0.1857278749339922,9.414618772111156,0.06984175220037969,0.1720958255655186,-0.03489770573113904,0.010621243487165928
193,6.4333334,approach,unknown_no_ground_truth,0.5809463977672451,-0.06928575312519222,0.18164826283773208,0.035194497001891555,1.2126287315832793,0.8740167,1.324043,-10.16321,0.18534153025951727,9.405593906482354,0.06868171324165526,0.17214617365811707,-0.03388708332008693,0.00950358896804992
194,6.4666667,approach,unknown_no_ground_truth,0.5805793409911464,-0.0693103354295608,0.18057226196819343,0.03285916541361127,0.6967765917153386,0.8740167,1.3099322,-10.292962,0.18503523553018988,9.404774488792315,0.06758261532322267,0.17225164293494027,-0.031730725100556904,0.008537320204370634
195,6.5,approach,unknown_no_ground_truth,0.5802666632922799,-0.06937447197995485,0.179567672022663,0.03085676123855579,0.6967765917153386,0.8740167,1.2488798,-10.854354,0.18480304317406862,9.40460539151949,0.06656633345117595,0.17239805108313586,-0.029473043410612017,0.009136707626350883
196,6.5333333,approach,unknown_no_ground_truth,0.5798971208029151,-0.06945569178199235,0.1786370173647631,0.029732660275558324,0.6967765917153386,0.8740167,1.2654557,-10.701935,0.18458757510466645,9.41351737789152,0.06561774751143623,0.17253082070907294,-0.027543513873931388,0.011197585924578266
197,6.5666666,approach,unknown_no_ground_truth,0.5794117033335041,-0.06952396843433556,0.17778561861767983,0.02862793896906546,0.6967765917153386,0.8740167,1.2177094,-11.140974,0.184342260807836,9.413864826123376,0.06473010082733721,0.1726038330009707,-0.025225852721274308,0.013535702571389275
198,6.6,approach,unknown_no_ground_truth,0.5788569319572746,-0.06957481720887895,0.1770413063108398,0.0273956987038046,1.1271413881738546,0.8740167,1.3122234,-10.2718935,0.18408218659357067,9.407696363826457,0.06393602549357869,0.17262223514123154,-0.023012658697614076,0.014864112726186122
199,6.633333,approach,unknown_no_ground_truth,0.5782777855603083,-0.06961515294360839,0.17635678219613277,0.025595957330653455,1.1271413881738546,0.8740167,1.353593,-9.89149,0.18381913622112303,9.397275617520295,0.06319592494639348,0.1726144545258293,-0.02076050493903906,0.01497178901630554
200,6.6666665,approach,unknown_no_ground_truth,0.5777195426612923,-0.06963465213364606,0.17577065630415006,0.023337512886228543,1.1271413881738546,0.8740167,1.3797574,-9.650902,0.1835635697422081,9.388570880225249,0.06255199306289785,0.17257703294575927,-0.01877968396931532,0.013855070469958805
201,6.7,approach,unknown_no_ground_truth,0.577223063143306,-0.06965039457428893,0.1752135698905371,0.021584923941766268,1.260191897621317,0.8740167,1.3658705,-9.778596,0.18333159011281264,9.389860185516497,0.06194394712948626,0.17254975904738828,-0.018367825280171616,0.011337192599974788
202,6.733333,approach,unknown_no_ground_truth,0.5768474516871109,-0.0696955549545139,0.1746276554730491,0.0208571212812548,1.331941820341854,0.8740167,1.3104719,-10.287999,0.18316245289499186,9.389860185516497,0.061327472467494,0.17259033944939928,-0.01934369506819311,0.007800062131145726
203,6.766667,approach,unknown_no_ground_truth,0.5766614246171596,-0.06979972134383228,0.17395032971559818,0.022702995902392546,1.5305232008508987,0.8740167,1.2563583,-10.785588,0.1830948430892359,9.396195154229693,0.06065434248910227,0.17275639583843663,-0.02135436069138458,0.007708261957555786
204,6.8,approach,unknown_no_ground_truth,0.5767296047656164,-0.06999071441326649,0.1731478716977019,0.027404969437857585,2.946674154312039,0.8740167,1.2750958,-10.613292,0.1831702017785385,9.44148287208586,0.05990385682454322,0.17309780691024115,-0.023528205141152697,0.014051900680183589
205,6.8333335,approach,unknown_no_ground_truth,0.5770553380199482,-0.07027045590934375,0.17222952850311923,0.03420594660861162,4.449064183332148,0.87400186,1.2237424,-11.085499,0.1833947584957111,9.536725522143545,0.05908579687584832,0.17361597291506964,-0.0264545665217428,0.02168415766263181
206,6.866667,approach,unknown_no_ground_truth,0.577589081028364,-0.07064553546351288,0.17113971119247479,0.04206889076695488,4.449064183332148,0.87400186,1.2110564,-11.20215,0.18375436407177828,9.655378050774887,0.05814022062623263,0.17431403001754228,-0.031370047474024665,0.028030549260394822
207,6.9,approach,unknown_no_ground_truth,0.5782150538519263,-0.07111505131478814,0.16981966458572226,0.04768762924115419,4.449064183332148,0.87400186,1.1235901,-12.006424,0.1842085790736998,9.785008471278264,0.056994462239068636,0.175169723064321,-0.03611552953950397,0.031141266973631627
208,6.9333334,approach,unknown_no_ground_truth,0.5788236987770472,-0.07162259473510535,0.16837778945567883,0.051190558679060055,4.449064183332148,0.87400186,1.1181695,-12.056268,0.1846892778275664,9.897759595133676,0.05573252080001642,0.17607957141515237,-0.04025101005776548,0.03162798582274808
209,6.9666667,approach,unknown_no_ground_truth,0.5793479222009702,-0.07217038942996276,0.16677838228644748,0.0531297118334065,3.87094470081857,0.87400186,1.125234,-11.991308,0.18517579788602995,10.007860493873958,0.0543110639570331,0.17703215655519447,-0.04342366032367193,0.030612938499843076
210,7.0,approach,unknown_no_ground_truth,0.5797404669105901,-0.07273162068605458,0.16514124759672866,0.05188973349220685,3.1487058874523277,0.87400186,1.393324,-9.526154,0.18564439737495686,10.105223976448102,0.05283761268851782,0.17796637031217183,-0.043764331445404515,0.027878804404583627
211,7.0333333,approach,unknown_no_ground_truth,0.579979419802569,-0.07326522531814475,0.16355822886773846,0.04839877856562817,2.299282313552264,0.87400186,1.1993104,-11.310157,0.1860589091203575,10.168946511614385,0.051393444457634344,0.17882010941121107,-0.04179530848198669,0.02440479370001477
212,7.0666666,approach,unknown_no_ground_truth,0.5800997408401288,-0.07375261543503389,0.16210162167747194,0.042728111597663904,2.27666323513274,0.87400186,1.2077419,-11.232628,0.18641773633115796,10.239069855375172,0.050051261269839054,0.17957294802985066,-0.037420676266125004,0.020624851720395205
213,7.1,approach,unknown_no_ground_truth,0.5801382643723154,-0.07416510716756888,0.1608602386617876,0.035989245320575625,1.660183122297911,0.87400186,1.1334956,-11.91534,0.18670984535145024,10.279635124285477,0.04889873492709039,0.1801928968458319,-0.0318760109109284,0.016707654148651403
214,7.133333,approach,unknown_no_ground_truth,0.5801295416668208,-0.07449616937969009,0.15982065955350094,0.029626652121455512,1.5290654286042176,0.87400186,1.22723,-11.05343,0.18693450845553575,10.309768244143061,0.047926195767289514,0.18068644169053805,-0.02663583754176473,0.012971918685162245
215,7.1666665,approach,unknown_no_ground_truth,0.5800817243324599,-0.07474076404933638,0.1589717272097384,0.023041650014119616,1.2425193999583888,0.87400186,1.2007067,-11.2973175,0.18708518439485378,10.336325673744822,0.04712301400486822,0.18105327329588228,-0.021202737926289083,0.00902006318172334
216,7.2,approach,unknown_no_ground_truth,0.5799931008980901,-0.07488214314560435,0.15834010631128032,0.01761525341086213,1.1370549549730906,0.87400186,1.2416774,-10.920582,0.18714466249195202,10.358913800688745,0.046512681163700664,0.18127243361909873,-0.01658816161650536,0.005927060562672535
217,7.233333,approach,unknown_no_ground_truth,0.5799119009898515,-0.07496982654163792,0.1578325229223334,0.013158741599839362,1.1370549549730906,0.87400186,1.2277478,-11.048668,0.18716640397651071,10.372022393494861,0.0460171375481041,0.18142129375951788,-0.012516708445967917,0.004060109625364622
218,7.266667,approach,unknown_no_ground_truth,0.5799071057861844,-0.07502686474251925,0.15747914485331138,0.00967426337373922,1.1370549549730906,0.87400186,1.1503545,-11.760319,0.18719502551371162,10.377253713833893,0.04567821579829685,0.18153643760568666,-0.008728318136601833,0.004172269685763336
219,7.3,approach,unknown_no_ground_truth,0.5800201265594145,-0.0750872286240086,0.15720764815279598,0.010140377240881349,1.1370549549730906,0.87400186,1.1858296,-11.434116,0.18727020264440766,10.385302263530841,0.0454352598725941,0.18167489083191257,-0.007283853823370308,0.007054978672339
220,7.3333335,approach,unknown_no_ground_truth,0.5802484041719762,-0.0751811495471344,0.15691636532279618,0.013695875483503556,2.6427605901015805,0.87400186,1.1809399,-11.479078,0.1874130439603926,10.416527873195475,0.045192625975627086,0.18188258741266886,-0.008652154110333857,0.010616837312056109
221,7.366667,approach,unknown_no_ground_truth,0.5805645224815397,-0.07532200396321748,0.15651325077743805,0.01830409474824086,3.204521611701595,0.87400186,1.1015097,-12.209459,0.18762217230795486,10.51218371580898,0.04485845011198792,0.18218067678847333,-0.012138039196782115,0.013700652868019093
222,7.4,approach,unknown_no_ground_truth,0.5809271293812772,-0.07550253634756421,0.15595454095342537,0.022919628857812305,3.204521611701595,0.87400186,1.0747095,-12.4558935,0.18787592300710143,10.61135471035669,0.04438342408277565,0.18255813899264747,-0.017109837023222583,0.015250011935032195
223,7.4333334,approach,unknown_no_ground_truth,0.581259190215217,-0.07569343036753073,0.15520398250992376,0.0270612378917705,3.204521611701595,0.87400186,1.06475,-12.547474,0.1881213235056444,10.691274547537859,0.043717795325732035,0.18297099969495909,-0.023138639957497775,0.014032602650694668
224,7.4666667,approach,unknown_no_ground_truth,0.5814340600372028,-0.07586494272252213,0.15426149904711906,0.030723993053401167,3.204521611701595,0.8740093,1.1320482,-11.928649,0.18829142836857785,10.769340012475,0.0428408494586487,0.18335300274263489,-0.028656483093713193,0.011080150082249478
225,7.5,approach,unknown_no_ground_truth,0.5814000974642743,-0.07602781106995098,0.1531881150378263,0.033295178717936524,2.903730719642305,0.8740093,1.1524465,-11.741082,0.18838490015421058,10.814013755771853,0.04180736481995111,0.18368727460802342,-0.03172609954725687,0.01010066994693328
226,7.5333333,approach,unknown_no_ground_truth,0.5811727378035322,-0.0762221269499979,0.15208639115308142,0.034157602173853746,2.6640842621938017,0.8740093,1.1242001,-12.000815,0.18845088221459913,10.850249151788155,0.04072577803811489,0.18399767936213465,-0.031644197561180566,0.012860270097328132
227,7.5666666,approach,unknown_no_ground_truth,0.5807630483968045,-0.07649266873902054,0.15105185998469894,0.03352006158991178,2.615404939366862,0.8740093,1.1288463,-11.958092,0.18853965929976413,10.867158690266852,0.039697753526962365,0.1843130258386088,-0.028662201117980037,0.0173802403914314
228,7.6,approach,unknown_no_ground_truth,0.5802138873099598,-0.0768557815609818,0.150169927707745,0.03207258238674366,2.092040759711349,0.8740093,1.1757205,-11.527073,0.18868297389825384,10.864186315457586,0.03881496633105548,0.18464740189834292,-0.023582479880292762,0.021737460377193256
229,7.633333,approach,unknown_no_ground_truth,0.5796031019867582,-0.07735040248081909,0.14947369991760023,0.029745627446207606,2.001753957051489,0.8740093,1.1804731,-11.483371,0.18894240988007782,10.840920246872297,0.03812558960098639,0.18505586634545926,-0.017000968946461997,0.024408388046940222
230,7.6666665,approach,unknown_no_ground_truth,0.5790484433961794,-0.0779574549598501,0.1490035212159636,0.027088596523750084,2.001753957051489,0.8740093,1.2093356,-11.217974,0.18933616250267488,10.823731176098784,0.03768156941012343,0.1855485967557539,-0.010619203321365938,0.024920364813662256
231,7.7,approach,unknown_no_ground_truth,0.5785890430124375,-0.07862597143255422,0.14869530381540458,0.025322189866206737,2.092040759711349,0.8740093,1.2655411,-10.70115,0.18982452314599116,10.812309969382047,0.037417643343035475,0.18610016000599333,-0.006953214075399672,0.024348842141709473
232,7.733333,approach,unknown_no_ground_truth,0.5781691030125458,-0.07928733366204704,0.1484485302781055,0.02414835411394646,2.092040759711349,0.8740093,1.3117082,-10.276631,0.1903218171772942,10.80337605756273,0.037218022217698314,0.1866472954957299,-0.006166930510644117,0.02334763316675679
233,7.766667,approach,unknown_no_ground_truth,0.5777528832644538,-0.07990761528967079,0.1481952429255582,0.02330121991913881,2.086361790669634,0.8740093,1.3310738,-10.09856,0.19078317983390888,10.794165243528667,0.03700649728164664,0.18715966677273468,-0.0072952605040447205,0.022129754266556972
234,7.8,approach,unknown_no_ground_truth,0.577302344887654,-0.08045079103708323,0.14789340570695514,0.02277212711679605,1.7272217727350845,0.8740093,1.3182508,-10.216471,0.19116214020053546,10.776333026642046,0.036731684034762416,0.18759996597552878,-0.00944737895956961,0.02071996149170648
235,7.8333335,approach,unknown_no_ground_truth,0.5768009247273737,-0.08088698247280962,0.14753239655578654,0.022616140591566247,1.8775581573805162,0.8740093,1.2457263,-10.883351,0.1914254381282443,10.755070594994965,0.03637667257827982,0.1879373194837122,-0.01172764881619655,0.01933784032671317
236,7.866667,approach,unknown_no_ground_truth,0.5762567137216041,-0.08121361736640212,0.1471200781716829,0.022607910699541416,2.086361790669634,0.8740093,1.3013397,-10.371972,0.191573533872431,10.736862932528442,0.035949841476264253,0.1881702095928124,-0.013291079514388626,0.018288379686036655
237,7.9,approach,unknown_no_ground_truth,0.5756975180518098,-0.08146982093000653,0.1466871611498732,0.02191613719907472,2.086361790669634,0.8740093,1.294111,-10.438442,0.19165256651495938,10.719258583194224,0.03549060139934235,0.1883377908548466,-0.013758402608091238,0.017059408764735516
238,7.9333334,approach,unknown_no_ground_truth,0.5751602138587321,-0.08165797338716917,0.14626277162825146,0.02099296802676873,2.086361790669634,0.8740093,1.3369277,-10.044732,0.19167559151686978,10.69697074976031,0.03503261545214408,0.18844693745965763,-0.013924225689676661,0.01571052658302333
239,7.9666667,approach,unknown_no_ground_truth,0.5746316570882966,-0.0817793330922918,0.14583461981610146,0.020569270819325948,2.086361790669634,0.8740093,1.3096318,-10.295724,0.19163962898483916,10.672558272728876,0.034562320512956365,0.18849719732188722,-0.014254249675650274,0.014829405524935852
240,8.0,approach,unknown_no_ground_truth,0.5741090272880041,-0.08184991094010892,0.14540336182575675,0.019770692585126263,1.9797764782289244,0.8740093,1.3600779,-9.831861,0.19155905340468243,10.650878890893612,0.03408233298627671,0.18850269366645808,-0.01406089312728624,0.013898617548468667
241,8.033334,approach,unknown_no_ground_truth,0.5736214024126803,-0.08188916893188164,0.14499517070889595,0.01771259618660337,1.9797764782289244,0.8740093,1.3284099,-10.123055,0.19146048348440228,10.628823081701706,0.03362490770505235,0.18848470048761995,-0.012815273600151746,0.012227216617976877
242,8.066667,approach,unknown_no_ground_truth,0.5732055607378621,-0.08189432733712998,0.1446443088771454,0.0146361013504901,1.9797764782289244,0.8740093,1.3851539,-9.60128,0.1913508415112555,10.607291874522186,0.03322798052073136,0.18844374719682136,-0.01074128304820235,0.009941845966429927
243,8.1,approach,unknown_no_ground_truth,0.5728769071232443,-0.08187741304729883,0.14436457629618077,0.011723239980545839,1.3303993838014316,0.8740093,1.3193376,-10.206477,0.19124505936778577,10.591770746077437,0.03290882505263487,0.18839236175132731,-0.00862811867833967,0.00793661916145373
244,8.133333,approach,unknown_no_ground_truth,0.5726089699864902,-0.08186772799221029,0.144140132583585,0.009230350921216463,0.9609576934584159,0.8740093,1.3045293,-10.342643,0.1911634301835151,10.5802915309541,0.032652771375861,0.18835406436019214,-0.006684749839521109,0.006365021422730965
245,8.166667,approach,unknown_no_ground_truth,0.572402567954609,-0.08187680376115178,0.1439725784845819,0.006695697828916535,0.6977284545738744,0.8740093,1.3078142,-10.312437,0.19111684461274975,10.575094362132203,0.03246317736597586,0.18833956145759478,-0.004741121720256611,0.004728015889341807
246,8.2,approach,unknown_no_ground_truth,0.5722643918618511,-0.08190039615734798,0.14385825418873444,0.003933444319488823,0.6977284545738744,0.8740093,1.2852529,-10.519895,0.19110273248986331,10.575094362132203,0.03233669511406931,0.1883470002792505,-0.0028620754590382726,0.0026982417017920673
247,8.233334,approach,unknown_no_ground_truth,0.5722199418562233,-0.08193444820601134,0.14379344824395696,0.0017977562439920765,0.6977284545738744,0.8740093,1.3053021,-10.335537,0.19112388413790907,10.575094362132203,0.03227237427203598,0.18837949184241504,-0.0009349617444466335,0.0015355044933942092
248,8.266666,approach,unknown_no_ground_truth,0.5722868623234101,-0.08198729614364086,0.14377883404747072,0.0039559284625312234,0.6977284545738744,0.8740093,1.2807373,-10.561417,0.1911929783635941,10.576235903702889,0.032274362517179814,0.1884492517885158,0.0009444053676071392,0.0038415450670660463
249,8.3,approach,unknown_no_ground_truth,0.5724573344424397,-0.0820481978207489,0.14380956897600372,0.00682729320896102,1.872363006492532,0.8740093,1.2709379,-10.651525,0.19129765297257806,10.599029965061481,0.032335336233672095,0.18854500275391092,0.0025798673961359144,0.006321093005128161
250,8.333333,approach,unknown_no_ground_truth,0.5727129003342832,-0.08211164976046573,0.1438797759940475,0.008956159423120313,2.375052930817245,0.8740093,1.3112441,-10.280899,0.1914278593278708,10.64362237508634,0.03244635210493602,0.18865804929006766,0.0038165183677327567,0.008102282342717097
251,8.366667,approach,unknown_no_ground_truth,0.5730153381510021,-0.0821800786536484,0.14397612717086858,0.009973363131086658,2.5233750141923497,0.8740093,1.3096806,-10.295276,0.19157585311141223,10.685887096654051,0.03258977145217845,0.18878351170602845,0.004447430031461753,0.008926832487493578
252,8.4,approach,unknown_no_ground_truth,0.5733314734986008,-0.08225043126096074,0.14408023911308976,0.01104231853325092,2.8799137564080337,0.8740093,1.3246386,-10.157733,0.1917298682772376,10.720948550375908,0.032742846905124016,0.18891333559639056,0.005033480000445279,0.009828371059076583
253,8.433333,approach,unknown_no_ground_truth,0.5736991630655235,-0.082325127286222,0.14420692828863663,0.01343895591197828,3.0826125281454666,0.8740093,1.3417957,-9.9999695,0.19190272854368293,10.759170352807994,0.032925337283292576,0.18905707970687555,0.006305501175386455,0.011867863789717846
254,8.466666,approach,unknown_no_ground_truth,0.5741618210151203,-0.0824108982176808,0.14437597189555335,0.016918142527449373,3.0826125281454666,0.8740093,1.3639456,-9.796295,0.19211325037864227,10.806856565722313,0.033163211688524194,0.1892292323124232,0.008022410893580405,0.014895115643513934
255,8.5,approach,unknown_no_ground_truth,0.5747438549050117,-0.08251624154476556,0.1445866711496702,0.01991101693236744,4.4362693061079845,0.8740093,1.3414333,-10.003302,0.19237716009564554,10.876754929280109,0.03346016583259043,0.18944494986386198,0.009214536911291217,0.017650521374494143
256,8.533334,approach,unknown_no_ground_truth,0.5753971219637621,-0.08263566690431226,0.1448067289453026,0.02069010220662275,4.4362693061079845,0.8740093,1.3542191,-9.885734,0.1926765352726947,10.979153887930998,0.033777522390266525,0.18969271526831233,0.009047292047367499,0.018607171626287975
257,8.566667,approach,unknown_no_ground_truth,0.5760382165720377,-0.08276180268544524,0.1449952111498774,0.019109954153360104,4.4362693061079845,0.8740093,1.2791092,-10.576387,0.19298090909374296,11.080537963904993,0.0340633189873788,0.18995083988814465,0.007507749943674537,0.01757339006927178
258,8.6,approach,unknown_no_ground_truth,0.5766057500368837,-0.08288780179551083,0.14512090233054944,0.015647500038790077,4.4362693061079845,0.8740093,1.2034461,-11.272128,0.19326565314521432,11.158926473704767,0.03427803651832783,0.19020154809594605,0.004402548968688897,0.015015386110328027
259,8.633333,approach,unknown_no_ground_truth,0.5770509975063667,-0.08297213515062535,0.14513026030628645,0.011306297503209923,4.4362693061079845,0.8740093,1.2529949,-10.816515,0.19347608851351467,11.186560084773504,0.034356825884940996,0.19040116948590735,-0.0001356809013056001,0.011305483356500591
260,8.666667,approach,unknown_no_ground_truth,0.5773447004171189,-0.08297635980891624,0.14500154317185052,0.00925950096420591,4.4362693061079845,0.8740093,1.2864858,-10.508557,0.1935662030267673,11.201956124032053,0.03426898634228183,0.1905085602519535,-0.004594082770779802,0.00803945032955328
261,8.7,approach,unknown_no_ground_truth,0.5775416402716075,-0.08287826294649328,0.14476760846353592,0.010945377906258226,4.4362693061079845,0.8740093,1.3277625,-10.129008,0.19353061464803753,11.218583446135227,0.034050557752441014,0.19051157004968194,-0.007615717166763176,0.007861434318664397
262,8.733334,approach,unknown_no_ground_truth,0.577754908425978,-0.0826840492205288,0.1444735877925563,0.013363292062265037,5.735533542719962,0.8740093,1.3502166,-9.922537,0.1934087477640811,11.127126994979447,0.03376127029747185,0.19043928255370787,-0.008835156962472172,0.01002584541023226
263,8.766666,approach,unknown_no_ground_truth,0.5780258539253087,-0.08242799401823116,0.14417055891821864,0.014869958205400895,5.735533542719962,0.8740093,1.4590545,-8.921746,0.19324585100857902,10.997197838071825,0.03346154817244064,0.19032678142062237,-0.008561034118832984,0.01215830382276027
264,8.8,approach,unknown_no_ground_truth,0.5783632891428807,-0.08216317682094589,0.143889378049331,0.014998755002633367,5.735533542719962,0.8740093,1.5042874,-8.505818,0.1930954432635217,10.872258910291642,0.03319053603137207,0.19022155116360007,-0.007311374402201165,0.01309604734184544
265,8.833333,approach,unknown_no_ground_truth,0.5787368578430311,-0.08195459145151879,0.14365075422380952,0.01373562137212652,5.735533542719962,0.8740093,1.4319068,-9.171375,0.19301048284751027,10.805114359151633,0.032974122138914166,0.19017295748396254,-0.0058238505874896075,0.012439857668519193
266,8.866667,approach,unknown_no_ground_truth,0.5790943617593078,-0.08183469943713276,0.1434464876929049,0.011782106334160837,4.034705763764928,0.8740093,1.4705607,-8.815944,0.19300605753843442,10.789826339657248,0.032802280947223164,0.1901981824602667,-0.00556228791067663,0.010386480773977944
267,8.9,approach,unknown_no_ground_truth,0.5793691706519051,-0.08179252840015014,0.14321384806991494,0.01010174009884405,2.803870835257111,0.8740093,1.4239649,-9.244404,0.19305160920488074,10.78992129573316,0.03260330409866841,0.1902786072537944,-0.007087819476337086,0.007197775218458165
268,8.933333,approach,unknown_no_ground_truth,0.579507621076484,-0.08179772430703358,0.14291603378836282,0.010246228314066711,1.8425498169657877,0.8740093,1.3477733,-9.9450035,0.19310189456754134,10.78980394512227,0.03232975794220726,0.1903762811827464,-0.009507055945168682,0.0038211362079118814
269,8.966666,approach,unknown_no_ground_truth,0.5795168349093269,-0.08180156911309418,0.14254698085658946,0.011827451063120255,1.8425498169657877,0.8740093,1.4345798,-9.146796,0.19311279574939147,10.782251808065917,0.03196950347792731,0.19044816284102345,-0.011716106575597724,0.001619087817179854
270,9.0,approach,unknown_no_ground_truth,0.5794618309844078,-0.0817744737051533,0.1421292104101521,0.012939988736864807,1.8425498169657877,0.8740093,1.458686,-8.925134,0.19307604818112536,10.775885111222163,0.031548683158873624,0.1904810777273723,-0.012925513598935495,0.0006118878278913858
271,9.033334,approach,unknown_no_ground_truth,0.5793716429701022,-0.0816979274669069,0.1417029487722815,0.012829499903563326,1.8425498169657877,0.8740093,1.4508207,-8.9974575,0.19298254144761062,10.738771016586806,0.031107791011442745,0.19045883188229196,-0.012772372356823812,0.001209368493956378
272,9.066667,approach,unknown_no_ground_truth,0.5793107748928498,-0.08158285527356682,0.14130945286089208,0.011247738747766486,2.8061458184826757,0.8740093,1.4355026,-9.13831,0.19286162517779853,10.679301769749964,0.030697191637405866,0.1904029645037021,-0.011049230829432818,0.0021038357863481065
273,9.1,approach,unknown_no_ground_truth,0.579315703705311,-0.08145651666758211,0.140995233281277,0.00899295356030122,2.8061458184826757,0.8740093,1.4214079,-9.267915,0.19274919064853102,10.614095361336501,0.030371178721758364,0.190341382780295,-0.00838493430965294,0.0032505523162286378
274,9.133333,approach,unknown_no_ground_truth,0.5793731301389338,-0.08133140777631423,0.14076878259875586,0.0070972755597418676,2.8061458184826757,0.8740093,1.4380509,-9.11488,0.19265253117047637,10.538627194037414,0.030138193911856275,0.1902805482284585,-0.005989923192614239,0.0038068544124370282
275,9.166667,approach,unknown_no_ground_truth,0.5794536722129571,-0.08122929035786736,0.1406038210840845,0.005786386960315932,2.8061458184826757,0.8740093,1.4864056,-8.670245,0.19258371843757957,10.505679923949664,0.029971852772911804,0.19023715895850585,-0.004430835512801906,0.0037215548784087166
276,9.2,approach,unknown_no_ground_truth,0.5795413521575874,-0.0811505563843363,0.14047246401816205,0.0049644291941574915,2.1428526234621796,0.8740093,1.4498177,-9.0066805,0.1925387477321861,10.497306243504847,0.029842804115934447,0.19021192502252945,-0.003683479055979348,0.003328293747247183
277,9.233334,approach,unknown_no_ground_truth,0.5796173092371917,-0.08108852144064169,0.140352938217012,0.004305762586711481,1.919714166523616,0.8740093,1.4155611,-9.321678,0.1925059233654813,10.464550071532091,0.02972628807177061,0.1901969461591607,-0.0035454595527960125,0.0024432167346782495
278,9.266666,approach,unknown_no_ground_truth,0.5796553554686558,-0.08104116651445264,0.14023280704594057,0.004282022175013325,1.2947076156089414,0.8740093,1.4532247,-8.975352,0.19247553588284608,10.439731846343701,0.02960644048995809,0.1901848852956074,-0.004059692073572403,0.001361842199037485
279,9.3,approach,unknown_no_ground_truth,0.5796461822651053,-0.0809843654021115,0.14008872216767465,0.0050172370272955,0.6133073210055844,0.8740093,1.4307278,-9.182217,0.19242234306019032,10.426862255099012,0.029455641282640728,0.19015447222035556,-0.00488273144588561,0.001153950178917967
280,9.333333,approach,unknown_no_ground_truth,0.5796110478000497,-0.08091766834313616,0.13992513376973054,0.005285361678719718,0.4086429272050286,0.8740093,1.4524838,-8.982165,0.19235238313804062,10.420527495616817,0.029280926078360955,0.19011066952403577,-0.005166655318414899,0.001113876517201957
281,9.366667,approach,unknown_no_ground_truth,0.5795787386476526,-0.08086481648192329,0.1397641997317921,0.004783129953109459,0.3458800868124948,0.8740093,1.4436585,-9.063316,0.19229653144373268,10.4121866998092,0.029111198042483747,0.19008023083377648,-0.004719796597330784,0.0007757913560730406
282,9.4,approach,unknown_no_ground_truth,0.5795585495233975,-0.08082225540886234,0.13962543051462087,0.0039001508491792788,0.31719248990542376,0.8740093,1.4647619,-8.869266,0.19225370499233685,10.404426424012913,0.02896627258575732,0.19005904907624918,-0.0038640483579178695,0.0005294402081690295
283,9.433333,approach,unknown_no_ground_truth,0.5795478789093945,-0.08079235431421017,0.13951640640546797,0.0029618059322685554,0.2549282422984352,0.8740093,1.5094296,-8.458534,0.1922250896080353,10.399570160755237,0.02885359596353717,0.19004724432306336,-0.002947524957155099,0.00029050130355824297
284,9.466666,approach,unknown_no_ground_truth,0.5795458359823069,-0.08077887061608921,0.1394332213847411,0.0024395838136785073,0.2549282422984352,0.8740093,1.4240516,-9.243606,0.19221404766980896,10.39957001694771,0.028769770307302038,0.19004878436358566,-0.0024090726124081324,0.0003846275238555185
285,9.5,approach,unknown_no_ground_truth,0.5795511685767946,-0.08077695919665953,0.1393545314823456,0.0028867349133185607,0.2549282422984352,0.8740093,1.4483011,-9.020626,0.19221618253170314,10.39957001694771,0.028692991454105157,0.19006255041032064,-0.002787926280044798,0.0007488027222225427
286,9.533334,approach,unknown_no_ground_truth,0.5795523005310779,-0.08079015622479688,0.13924120978682103,0.004382410947897506,0.2549282422984352,0.8740093,1.4296104,-9.192492,0.19223247137614158,10.39957001694771,0.02858390606192674,0.19009545856127663,-0.004162625290229273,0.0013704292792390165
287,9.566667,approach,unknown_no_ground_truth,0.5795607615965948,-0.08081386317367523,0.13906487181588273,0.00629534517880743,0.25873727884342235,0.8740093,1.3902318,-9.554587,0.1922630251451534,10.402997814972785,0.028415485087038915,0.1901516001648005,-0.005763188685576163,0.0025331851678826894
288,9.6,approach,unknown_no_ground_truth,0.5796271315559551,-0.08084369879656189,0.1388317293834925,0.008336290099665267,0.3625984942025984,0.8740093,1.4076024,-9.39486,0.19231919878991466,10.414820836666458,0.02819969247064673,0.19024050979682444,-0.006496676927730616,0.005223688497840375
289,9.633333,approach,unknown_no_ground_truth,0.5798140439403304,-0.08089853929716619,0.13857749514954987,0.011414296719495688,0.6144362131482843,0.8740093,1.4512095,-8.993882,0.19243728643319621,10.434890132360332,0.027982373771885692,0.19039195352709234,-0.005905227759012316,0.009768032284696873
290,9.666667,approach,unknown_no_ground_truth,0.5801917404187841,-0.08097016647897995,0.1383374853931323,0.015989473109558092,1.3393812738097062,0.8740093,1.5902632,-7.7152486,0.19263035189775926,10.47348049385474,0.02780601214398258,0.19061290134957615,-0.004454757039368515,0.015356379457459303
291,9.7,approach,unknown_no_ground_truth,0.5807672954758079,-0.0810540801851182,0.13812651018240713,0.020575152605777965,1.3393812738097062,0.8740093,1.5243847,-8.321018,0.19289666393703161,10.523097389750154,0.027685388681085367,0.1908995605327926,-0.0033045515733057507,0.020308048740595788
292,9.733334,approach,unknown_no_ground_truth,0.5814848353286601,-0.08114962143926738,0.1379165273311282,0.023315730254681366,1.3393812738097062,0.8740093,1.4738983,-8.785254,0.19322036663345216,10.579644307027872,0.027585709491813427,0.19124104871548614,-0.004002940429030103,0.0229695395084599
293,9.766666,approach,unknown_no_ground_truth,0.5822297961113259,-0.08124180259237734,0.137634629180808,0.023358653964447692,1.3393812738097062,0.8740093,1.3995975,-9.468468,0.19355476879769345,10.614628408112008,0.027418528194821247,0.19160290403842622,-0.0072243193571706055,0.022213417676179816
294,9.8,approach,unknown_no_ground_truth,0.5828649773525889,-0.08132853249531483,0.13721781541467487,0.022432398423869664,1.2387266312795302,0.8740093,1.403898,-9.428924,0.19385679552307372,10.648984026897416,0.027104084424197407,0.1919526654620894,-0.011749998657122033,0.019108899251523113
295,9.833333,approach,unknown_no_ground_truth,0.5833518000950064,-0.08142070432291951,0.13666221012507168,0.022388157148193328,1.2387266312795302,0.8740093,1.5645305,-7.9518676,0.19412434457661223,10.684536869982821,0.026635200139836814,0.192288396089858,-0.01554225094685226,0.016114217821454137
296,9.866667,approach,unknown_no_ground_truth,0.5837336588219032,-0.08151905455825789,0.1360191589182579,0.022508626086565058,1.2387266312795302,0.8740093,1.4909037,-8.628884,0.19437006436694443,10.717843487161183,0.026067932511299123,0.1926140826019647,-0.017388669590241948,0.014292390219490648
297,9.9,approach,unknown_no_ground_truth,0.5840587205763732,-0.08163406446417916,0.13535589363496384,0.02178950500453792,1.2387266312795302,0.8740093,1.5797917,-7.8115373,0.19461656107502287,10.745232967737945,0.025475957336012788,0.1929419120939817,-0.01708829222281537,0.013519348995068174
298,9.933333,approach,unknown_no_ground_truth,0.5843772704042794,-0.08175428500185158,0.1347383124205413,0.019931079124062074,1.2387266312795302,0.8740093,1.6255254,-7.3910046,0.19486597084019855,10.798909903988848,0.024928715373012965,0.1932648590441222,-0.014883555974010159,0.013256231614532446
299,9.966666,approach,unknown_no_ground_truth,0.584713404843108,-0.08186823150395314,0.13422359359874328,0.017330139665934403,1.2387266312795302,0.8740093,1.559834,-7.995053,0.19511175271349934,10.871749614521766,0.02448371831507882,0.1935694799920731,-0.011507842285028099,0.012957750838155221
300,10.0,approach,unknown_no_ground_truth,0.5850655846125588,-0.08196470983036488,0.1338345686065304,0.01457348977238784,0.9060459903710761,0.8740167,1.5507718,-8.078382,0.19534082152627488,10.912036336974273,0.024161530109647993,0.1938408032827984,-0.008008845220512349,0.012175590432491126
301,10.033334,approach,unknown_no_ground_truth,0.5854062828121362,-0.08203576741206833,0.13356342874897809,0.011844288722412636,0.8174804954151562,0.8740167,1.5979704,-7.6443796,0.19553637601402524,10.92896238755113,0.02394978813769468,0.19406411825182368,-0.004843921604940107,0.010808496603370223
302,10.066667,approach,unknown_no_ground_truth,0.5857166839118495,-0.08207951456438879,0.1334028383061733,0.010027967649556609,0.8174804954151562,0.8740167,1.5586925,-8.005549,0.19569032350424367,10.94481080908645,0.02383859945664478,0.1942329114469049,-0.0018060458114844517,0.009863991773484678
303,10.1,approach,unknown_no_ground_truth,0.5860348580341206,-0.08210783589678328,0.13334748605116192,0.010053901278258948,0.7907716910295869,0.8740167,1.5439708,-8.140919,0.19582656414874916,10.963542081482075,0.023829388093149412,0.19437130315303808,0.0009620122695071087,0.010007770146555859
304,10.133333,approach,unknown_no_ground_truth,0.5863842623770301,-0.08213137979354865,0.13337290910022592,0.010655250981750578,0.6398131810293831,0.8740167,1.4751941,-8.773338,0.1959644293141722,10.985213026362327,0.023902731207744096,0.19450120050333758,0.002670162008768408,0.010315260943428748
305,10.166667,approach,unknown_no_ground_truth,0.5867389010079098,-0.08215439200271926,0.13342965989278643,0.010185184831658261,0.6398131810293831,0.8740167,1.5019274,-8.527519,0.1961022371707366,11.005301013931568,0.0240073995973224,0.19462716199940416,0.0029127929339154484,0.009759796482466925
306,10.2,approach,unknown_no_ground_truth,0.5870540452193909,-0.08217149147625057,0.13347702691921304,0.008492131564250655,0.6398131810293831,0.8740093,1.4663936,-8.85426,0.1962222062553833,11.02488627504997,0.024096917674482604,0.1947369836120489,0.002026325698207319,0.008246835918661587
307,10.233334,approach,unknown_no_ground_truth,0.5873009867644056,-0.08218732670186644,0.13348872588091143,0.006139849489350857,0.5277594543518028,0.8740093,1.4503598,-9.001696,0.19632030434875575,11.037198725747455,0.024142486568087436,0.19483018822014675,0.0005382126805397834,0.0061162144225319764
308,10.266666,approach,unknown_no_ground_truth,0.5874618508946636,-0.08219969728445833,0.133455903050611,0.00392421332148381,0.2742096187246536,0.8740093,1.4627308,-8.887941,0.19638866053395115,11.042852686623535,0.024132800089395706,0.19490026666519664,-0.0009876503688326021,0.0037978937506802134
309,10.3,approach,unknown_no_ground_truth,0.5875408451406602,-0.0822099526398364,0.1333867604209024,0.002789918870728419,0.2658815439984604,0.8740093,1.4314241,-9.175814,0.19642933135814575,11.046861317545487,0.02407664192049989,0.1949481919168276,-0.002097337821253101,0.001839788403264851
310,10.333333,approach,unknown_no_ground_truth,0.5875583267795952,-0.08221812805543592,0.13329795747704737,0.0026130618257135347,0.23745639623888765,0.8740093,1.4571276,-8.939465,0.19644826011843444,11.049254818110944,0.02399297851114244,0.19497757790506048,-0.0025139422565756122,0.0007128719629813413
311,10.366667,approach,unknown_no_ground_truth,0.5875444969129797,-0.08222472887666715,0.1332132228128906,0.002362434899007558,0.19110906983477885,0.8740093,1.4388732,-9.107318,0.1964548150806357,11.046461799988796,0.023909045899312267,0.19499449195439175,-0.00229091604422073,0.0005768902238562338
312,10.4,approach,unknown_no_ground_truth,0.5875214871198557,-0.08223013611654198,0.13314530230590854,0.0018417538944147417,0.16531864351874168,0.8740093,1.4127504,-9.347524,0.1964561355733418,11.04447249891684,0.02384025051030496,0.19500424523588494,-0.0017599364689390297,0.0005428453121196583
313,10.433333,approach,unknown_no_ground_truth,0.5875030335460842,-0.08223240405248033,0.1330979079249119,0.0012448534510476408,0.12283957033057037,0.8740093,1.4469347,-9.03319,0.19645484265913174,11.043288505804892,0.023791717470123215,0.19500887001376638,-0.0011948589284076145,0.00034924526595192187
314,10.466666,approach,unknown_no_ground_truth,0.5874936722230617,-0.08223380102337438,0.13306719757620136,0.000794456220734078,0.06651131176914687,0.8740093,1.4244854,-9.239616,0.19645482946697698,11.042888080826545,0.023760592849177982,0.195012651508446,-0.0007758350591672115,0.0001709989696755023
315,10.5,approach,unknown_no_ground_truth,0.5874898487404457,-0.08223418897118892,0.13304664295468488,0.0006092821698161679,0.0661101058474836,0.8740093,1.4232073,-9.251369,0.19645514346926032,11.042333648699353,0.023739995460502875,0.1950154763372973,-0.0006020364260815037,9.368513290222629e-05
316,10.533334,approach,unknown_no_ground_truth,0.5874859448918827,-0.08223361917250167,0.13302732042254553,0.0006139459870449299,0.0661101058474836,0.8740093,1.426007,-9.225625,0.19645445850469992,11.0416943351763,0.023720456549009984,0.19501716387918622,-0.000607691767554133,8.740932819503235e-05
317,10.566667,approach,unknown_no_ground_truth,0.5874806737194331,-0.08223255122609233,0.1330067885848597,0.0006639837775053303,0.06041204488788912,0.8740093,1.3804032,-9.644964,0.19645291597260217,11.040875266662859,0.023699482778537628,0.19501815994970337,-0.0006572121261537652,9.458688083817675e-05
318,10.6,approach,unknown_no_ground_truth,0.5874745200629263,-0.08222970451922035,0.13298473410534847,0.0006533480551302198,0.06041204488788912,0.8740093,1.3932426,-9.526902,0.19644949968362477,11.04010847181423,0.02367664237279741,0.19501749288691295,-0.0006462558546249781,9.600547643431648e-05
319,10.633333,approach,unknown_no_ground_truth,0.5874693911595377,-0.08222908264924714,0.13296486192465334,0.0005898386866868494,0.0661101058474836,0.8740093,1.3983896,-9.479574,0.19644838827662367,11.039199304864647,0.023656399044527033,0.195018829964517,-0.0005800711577156659,0.00010689774693076818
320,10.666667,approach,unknown_no_ground_truth,0.5874647355474247,-0.08222932157351243,0.13294665028650732,0.0005561186716676518,0.06651131176914687,0.8740093,1.425567,-9.2296715,0.19644814558189905,11.038516044455662,0.02363797102825531,0.1950208199865706,-0.0005401233549349628,0.0001324187993873745
321,10.7,approach,unknown_no_ground_truth,0.587459587994956,-0.08223097557379033,0.132929157087572,0.0005991761459367487,0.07184091748966281,0.8740093,1.388776,-9.567974,0.19644902002930453,11.03806291882962,0.023620390853789995,0.19502383086789235,-0.0005613846665385802,0.00020942614458319906
322,10.733334,approach,unknown_no_ground_truth,0.5874530040470527,-0.08223595809574123,0.1329090478292631,0.0008295015592642489,0.08199323969114605,0.8740093,1.3622173,-9.812188,0.1964526903731552,11.037727452378718,0.02360054533185888,0.19502993056166956,-0.0007806655615852893,0.00028041775581539983
323,10.766666,approach,unknown_no_ground_truth,0.5874418078182089,-0.08223841831366882,0.13287732538842123,0.0014735238530286512,0.10320848910134861,0.8739945,1.3781328,-9.66584,0.19645314369441702,11.036556398376845,0.023568346908908196,0.1950342808108375,-0.0014132028992806767,0.0004172890016632257
324,10.8,approach,unknown_no_ground_truth,0.5874196157695627,-0.08224015270837434,0.1328167554149976,0.002530806169859027,0.15189290719372675,0.8739945,1.3367966,-10.045937,0.1964509682429978,11.034797979435167,0.0235063310191705,0.19503957374242928,-0.0024312460876615024,0.0007028672211927055
325,10.833333,approach,unknown_no_ground_truth,0.587383397062851,-0.08224279112012726,0.1327191002616596,0.0037071260228022374,0.25446422579930966,0.8739945,1.2778258,-10.588188,0.1964472077198688,11.03206468543913,0.02340626510241907,0.1950478202259347,-0.0035665347396040973,0.0010112434425669564
326,10.866667,approach,unknown_no_ground_truth,0.587334516104884,-0.08224513172771747,0.13258477967888482,0.004641172924395325,0.42974340424171076,0.84403455,1.29481,-10.432014,0.19644123539581107,11.026585352354319,0.023268561163634904,0.19505828109876966,-0.0044593795423818194,0.001286242671942886
327,10.9,approach,unknown_no_ground_truth,0.5872776675735201,-0.08225233699776455,0.1324284715894455,0.005048607164303634,0.42974340424171076,0.84403455,1.3044513,-10.34336,0.19643863230153488,11.02064300699755,0.023108974065331446,0.19507463079074494,-0.004837706374904413,0.0014439637563551189
328,10.933333,approach,unknown_no_ground_truth,0.5872199370923767,-0.08226075088735088,0.13226869504133593,0.0047668738107885635,0.42974340424171076,0.84403455,1.2816719,-10.552823,0.19643723016379525,11.0150727566032,0.022946047594553917,0.195092450633571,-0.004567336328293408,0.0013647434895368328
329,10.966666,approach,unknown_no_ground_truth,0.5871707554211827,-0.08226867333845414,0.13212964956529358,0.003791965504010158,0.42974340424171076,0.84403455,1.2692146,-10.667371,0.1964370523425028,11.010729195238108,0.022804484678715722,0.19510886963833654,-0.0036427197425005753,0.0010533732772382044
330,11.0,approach,unknown_no_ground_truth,0.5871381105661069,-0.08227404287809956,0.13202987775061825,0.002597961676085429,0.2807228469659687,0.84403455,1.2372044,-10.961712,0.19643759514739073,11.007876526412218,0.022703200972959726,0.1951212275813977,-0.0024974205869552034,0.0007157480578115031
331,11.033334,approach,unknown_no_ground_truth,0.5871158932238949,-0.08227842296462606,0.1319656579681789,0.0018352723779894516,0.2807228469659687,0.84403455,1.3022327,-10.363761,0.19643843242649323,11.00544669250083,0.02263798773935914,0.1951296472740382,-0.0017509512199959207,0.0005499041067366678
332,11.066667,approach,unknown_no_ground_truth,0.587095253866803,-0.08228087321061789,0.13191548108493534,0.0018145554890700753,0.2807228469659687,0.831566,1.3054817,-10.333886,0.19643707840039856,11.003903075611937,0.022586470633837417,0.1951342540785475,-0.0017519612472192993,0.0004724864137265086
333,11.1,approach,unknown_no_ground_truth,0.5870702875612406,-0.08226835787361153,0.13185406621428364,0.002585549359433229,0.2807228469659687,0.831566,1.268653,-10.672534,0.19642098349730883,11.001614293605915,0.022521190017755655,0.1951255973936639,-0.002487132135768851,0.0007065686302769569
334,11.133333,approach,unknown_no_ground_truth,0.5870333414989707,-0.08223436673984433,0.13176148444375546,0.004373930374678421,0.4499994860516247,0.831566,1.2297091,-11.030633,0.1963828033808714,10.995107808151456,0.022420663014045026,0.19509874252219217,-0.004098024984178982,0.0015288747991838208
335,11.166667,approach,unknown_no_ground_truth,0.5869566652972547,-0.08216643659726833,0.13160560876514846,0.007338895888668926,0.6462906288732013,0.831566,1.2478688,-10.863651,0.19630368891523867,10.984840142464929,0.022247986525762944,0.19503888170639275,-0.0067003516628325955,0.0029941076231655627
336,11.2,approach,unknown_no_ground_truth,0.5868238286822602,-0.08204565447638706,0.1313616552490138,0.010826225063695556,0.8798986468873327,0.831566,1.2001659,-11.302291,0.19616224364586565,10.970254711643205,0.021973976251062614,0.1949276024576758,-0.009746126085561004,0.004713828110372418
337,11.233334,approach,unknown_no_ground_truth,0.586645053829658,-0.08186407522548275,0.13102906699065367,0.01382889416758676,1.2091469302611173,0.831566,1.1486455,-11.776033,0.19595490798920645,10.951126803355825,0.02159824247336917,0.19476098656332566,-0.012423776566180017,0.006073556596587487
338,11.266666,approach,unknown_no_ground_truth,0.5864434074080875,-0.08163711921903466,0.13062795195149207,0.015577131785147823,1.2091469302611173,0.8292171,1.1003894,-12.219761,0.1957029851162023,10.919066701067608,0.021145727489219897,0.1945572321769205,-0.014085627629272594,0.00665147569651541
339,11.3,approach,unknown_no_ground_truth,0.586241358111765,-0.08139663005890888,0.13019422808329675,0.015777103699267138,1.2091469302611173,0.8292171,1.1243273,-11.999645,0.19544166947702865,10.889427099719857,0.02065920053128642,0.19434670977759363,-0.0144458737090378,0.006343006693986632
340,11.333333,approach,unknown_no_ground_truth,0.5860606724302109,-0.0811724325034752,0.12976546894677154,0.014401468634707397,1.2091469302611173,0.8292171,1.1534029,-11.732287,0.19520355333283043,10.870131584828506,0.020182669896926936,0.19415737706714845,-0.0133965736425869,0.0052852732640050765
341,11.366667,approach,unknown_no_ground_truth,0.5859203735815796,-0.08098878664853043,0.1293865059780238,0.011392213829391755,1.1931848664194273,0.8292171,1.1519501,-11.745646,0.19501412153080672,10.855328799976755,0.01976609816646729,0.1940098166580903,-0.01079670251788854,0.0036350723066816727
342,11.4,approach,unknown_no_ground_truth,0.5858350747241596,-0.08087028316520803,0.12910620638111303,0.0077248191125434485,0.8687936573580115,0.8292171,1.1727414,-11.554465,0.19489700003667398,10.844475348532463,0.019462887194665164,0.19392275948259152,-0.007467614252101708,0.001976756864999846
343,11.433333,approach,unknown_no_ground_truth,0.585781925011102,-0.08081039501957933,0.12892367006347638,0.004598058715228885,0.6580912382471046,0.8292171,1.1243856,-11.999109,0.19483799081191103,10.83571201816459,0.01926826077532616,0.1938828945273831,-0.0045016401823982635,0.0009366854418157909
344,11.466666,approach,unknown_no_ground_truth,0.5857472309468967,-0.08078995187480434,0.12882372302084955,0.002241579870140191,0.3082364855918173,0.8292171,1.2027005,-11.278984,0.1948154746031657,10.83190232172925,0.01916277560741334,0.19387072284353982,-0.0021837649879510625,0.0005058169546553498
345,11.5,approach,unknown_no_ground_truth,0.5857297476359525,-0.08078959277108155,0.12878519224414936,0.0007699681900342929,0.09356197989159633,0.8292171,1.222312,-11.098652,0.1948124928610304,10.83152406011287,0.01912267843002637,0.19387168577280908,-0.000681066070086376,0.0003591657303276369
346,11.533334,approach,unknown_no_ground_truth,0.5857206163116222,-0.08079520238415228,0.1287801448447683,0.0002578850227828556,0.09356197989159633,0.8292171,1.1806481,-11.481762,0.1948151205887856,10.830659503703897,0.019117370593631805,0.19387484971395547,5.8505226593862146e-05,0.0002511609512581818
347,11.566667,approach,unknown_no_ground_truth,0.5857153443847374,-0.08079774560045185,0.12878984549265476,0.00030317785491616153,0.09356197989159633,0.8292171,1.257394,-10.776065,0.19481493222585508,10.830121835207038,0.019126578381819852,0.1938737522656654,0.0001535591699767523,0.00026141230465992986
348,11.6,approach,unknown_no_ground_truth,0.5857048816090121,-0.08079421591165403,0.12879279261630966,0.000444948001309966,0.09356197989159633,0.8292171,1.3013384,-10.3719845,0.19480786983690657,10.828623443494326,0.019127607605507385,0.19386655404603154,-0.0001280997916281754,0.0004261093372064869
349,11.633333,approach,unknown_no_ground_truth,0.5856870783642458,-0.08078958443134404,0.12878606224352493,0.0005474156669016942,0.09356197989159633,0.8292171,1.3112555,-10.280794,0.19479812378001288,10.823417796714494,0.019118038729439003,0.19385770457568324,-0.00025995520295330133,0.0004817542992303594
350,11.666667,approach,unknown_no_ground_truth,0.585671633397095,-0.08078506570925323,0.12878084831866046,0.0004985746465610356,0.0702619144882664,0.8292171,1.2881786,-10.492992,0.19478914773077716,10.8207375338562,0.01911027730451429,0.19384945028301495,-0.00023590016186763273,0.0004392354628491263
351,11.7,approach,unknown_no_ground_truth,0.5856571275844291,-0.08077988448769802,0.1287754019441278,0.00042836959697306436,0.0702619144882664,0.8292171,1.319851,-10.2017565,0.19477988459547624,10.818723056890649,0.019102312095177355,0.19384092734932293,-0.00021889182613945947,0.00036822123792660063
352,11.733334,approach,unknown_no_ground_truth,0.5856464393811003,-0.08077640041660884,0.12877056593823696,0.0002792458149953466,0.050212897875326234,0.8292171,1.3438362,-9.981207,0.1947734417792976,10.81779350914688,0.01909568454592552,0.19383510635144482,-0.00015014010694616652,0.00023544887657113387
353,11.766666,approach,unknown_no_ground_truth,0.5856407696524,-0.08077482211005632,0.1287680969068557,0.0001715563520986498,0.04812767280386315,0.8292171,1.3316232,-10.093508,0.19477026957973032,10.816965579304453,0.019092302693766112,0.19383225193452824,-8.932141317364133e-05,0.00014646933840930517
354,11.8,approach,unknown_no_ground_truth,0.5856364345427931,-0.08077281377467443,0.1287663414210259,0.00010509588158213437,0.04329471370644314,0.82872224,1.3097203,-10.29491,0.19476708075586108,10.816012670864469,0.019089729791504535,0.19382930109415203,-4.3850939839273906e-05,9.551041514273925e-05
355,11.833333,approach,unknown_no_ground_truth,0.5856349568390862,-0.08077129590179641,0.1287664037145564,5.947138625990465e-05,0.043053310005899285,0.82872224,1.3337853,-10.073627,0.19476515639843012,10.815437686040152,0.01908937925934793,0.19382740194925413,-1.1209396773992394e-05,5.8405438168358815e-05
356,11.866667,approach,unknown_no_ground_truth,0.5856336661307546,-0.08076997564990757,0.12876636492607332,3.9213245255831464e-05,0.035216366141560554,0.82872224,1.2951719,-10.428687,0.19476348855406433,10.815370599317896,0.01908898247541009,0.19382576511341995,-2.0521979845027504e-06,3.915950825695327e-05
357,11.9,approach,unknown_no_ground_truth,0.585632898539588,-0.0807697259274619,0.12876676782593402,9.688016746816288e-05,0.035216366141560554,0.60589135,1.3754106,-9.690872,0.19476296366969012,10.815370599317896,0.01908924244985496,0.19382521208576475,-5.976740975565744e-05,7.62471217801605e-05
358,11.933333,approach,unknown_no_ground_truth,0.5856282930309886,-0.08076815274849591,0.12876327882046185,3.155725287643159e-05,0.035216366141560554,0.60589135,1.381875,-9.63143,0.1947602378986927,10.815370599317896,0.01908499783398351,0.19382289112494486,1.7229313166294121e-06,3.151018433435811e-05
359,11.966666,approach,unknown_no_ground_truth,0.5856332490895276,-0.08076768562734193,0.12876714215927246,0.0007401206962021399,0.035216366141560554,0.60589135,1.4023849,-9.442837,0.1947611345088847,10.815437686040152,0.019089357088039854,0.19382336278465803,0.0005274199743392408,0.0005192367625801691
360,12.0,approach,unknown_no_ground_truth,0.5856665790166495,-0.08076643438422718,0.12879435768617786,0.0019144072203686048,0.05032290727266897,0.60589135,1.4292742,-9.195582,0.1947688406479983,10.816174833436719,0.019120159866262712,0.1938280701396315,0.001384266470992563,0.0013224074042008547
361,12.033334,approach,unknown_no_ground_truth,0.585731424903946,-0.0807655238460135,0.12884866492978836,0.0029425776093823454,0.1131298736341201,0.60589135,1.4512279,-8.993713,0.19478517721308822,10.8180169642775,0.019181642757453335,0.19383841168112065,0.0021306660050810847,0.0020295382139861595
362,12.066667,approach,unknown_no_ground_truth,0.5858172022940669,-0.0807625704558773,0.1289199790805426,0.0033729496802500526,0.1131298736341201,0.60589135,1.4910719,-8.627337,0.194805243390081,10.825831160175921,0.019262203607688436,0.193850587733039,0.0024325407929110415,0.002336564751151282
363,12.1,grasp_lift,unknown_no_ground_truth,0.5859042640057491,-0.08075862720929702,0.12899233987768904,0.0031615619874074538,0.1131298736341201,0.44954705,1.54418,-8.138995,0.1948247876991129,10.834713006103566,0.019343811996577406,0.19386210263856493,0.002293762962670655,0.0021758046031985757
364,12.133333,grasp_lift,unknown_no_ground_truth,0.5859789814737644,-0.08075985521670544,0.12905505158943253,0.0026918333353124564,0.2977323339272119,0.44954705,1.6034722,-7.5937886,0.19484588886370607,10.83977537067812,0.01941512130975062,0.19387618077426472,0.0019776471512289915,0.0018261649570439245
365,12.166667,grasp_lift,unknown_no_ground_truth,0.5860412952595544,-0.08076290876469977,0.12910813347924519,0.0024210103462990098,0.32027078008409016,0.44954705,1.6295444,-7.3540487,0.19486536265550478,10.841278626496267,0.019475654683555894,0.1938896811011568,0.0017773643154748466,0.001643857410776093
366,12.2,grasp_lift,unknown_no_ground_truth,0.5861023400502678,-0.08076397999563567,0.12915905072936612,0.0030935122017171084,0.32027078008409016,0.44954705,1.5996598,-7.6288447,0.19488275851549802,10.843156506894589,0.01953361224721443,0.19390133459877315,0.0022797102263938003,0.0020911095202901637
367,12.233334,grasp_lift,unknown_no_ground_truth,0.5861986157268695,-0.08077086141467191,0.1292412499812296,0.004983375291004076,0.32027078008409016,0.44954705,1.7107855,-6.6070166,0.19491497276879985,10.849011843527801,0.019627636229830964,0.19392421846043734,0.003691620444168291,0.0033475315961449363
368,12.266666,grasp_lift,unknown_no_ground_truth,0.5863546411178244,-0.08077831052920056,0.12937471389613658,0.007188975063216239,0.6088997388320846,0.44954705,1.693482,-6.766126,0.19496385068079153,10.859141784994922,0.019779718403484352,0.19395789700901803,0.005306505256368495,0.0048499860230394945
369,12.3,grasp_lift,unknown_no_ground_truth,0.5865630939630564,-0.08078350868246564,0.12955220333755008,0.008419615657670545,0.6088997388320846,0.42094624,1.8114942,-5.6809745,0.19502507958340068,10.873539718786937,0.019981404306278823,0.19399877615196648,0.006164877406489465,0.005734475946923722
370,12.333333,grasp_lift,unknown_no_ground_truth,0.5867837916459189,-0.08078468476516512,0.12973645214658447,0.007781989648824285,0.6088997388320846,0.42094624,1.79912,-5.7947593,0.19508653521948807,10.8902278339852,0.02019070964309716,0.1940388916378691,0.005679635236886307,0.005319878426273267
371,12.366667,grasp_lift,unknown_no_ground_truth,0.5869597099181632,-0.08078050953037683,0.12988662414226407,0.0054302476560875316,0.7525865377935516,0.42094624,1.8673512,-5.167356,0.19513076378477318,10.894172800783021,0.020360045128276917,0.19406566810645173,0.0040435540505550744,0.0036245358663812093
372,12.4,grasp_lift,unknown_no_ground_truth,0.5870535648826403,-0.08077316671617345,0.12997759019891966,0.002470830988118158,0.7525865377935516,0.42094624,1.8658804,-5.1808805,0.19514883848392295,10.894172800783021,0.020460281655486016,0.19407330067838396,0.0019673168944222626,0.0014948812691199579
373,12.433333,grasp_lift,unknown_no_ground_truth,0.5870681037422705,-0.08076068025320393,0.13000905766143156,0.0006371062422431526,0.6707994353877064,0.42094624,1.86829,-5.158724,0.1951396745914019,10.894172800783021,0.020491197457037376,0.19406082403827654,0.00019390030501094534,0.0006068830493775989
374,12.466666,grasp_lift,unknown_no_ground_truth,0.5870291507642538,-0.08074513909780406,0.12999814224699663,0.0015911737652654246,0.419239500197406,0.42094624,1.7751378,-6.015281,0.19511266642504185,10.892060379469468,0.020473209751810544,0.19403556447710307,-0.0007825338486258426,0.0013854510915307604
375,12.5,grasp_lift,unknown_no_ground_truth,0.5869721600887057,-0.08073414015115682,0.12997240866892404,0.0017429237770716477,0.1031197623496468,0.42094624,1.6718425,-6.9651074,0.19508491494408767,10.878616949071393,0.020439028097725076,0.19401126299563726,-0.0009367205689348662,0.001469808786344686
376,12.533334,grasp_lift,unknown_no_ground_truth,0.5869246032708378,-0.08072656245090529,0.1299509580215012,0.001170667114539944,0.1031197623496468,0.4155614,1.7206721,-6.5161066,0.19506326797331858,10.876884469141826,0.020410760876128732,0.19399247241294745,-0.0005953131811943544,0.001007999855834085
377,12.566667,grasp_lift,unknown_no_ground_truth,0.5869008222891481,-0.08072223577539268,0.12994307873860272,0.00046146528697186813,0.12088167739243356,0.4155614,1.7496805,-6.249367,0.19505172370177976,10.876637476131167,0.020399340130683986,0.1939820657722463,-0.00019881552975774825,0.0004164403873391419
378,12.6,grasp_lift,unknown_no_ground_truth,0.5868956980934661,-0.08072089621709459,0.12994208127303292,0.00010034877656790511,0.10362686640602602,0.4155614,1.8115457,-5.680501,0.19504880069056876,10.876470416732786,0.020397506771912807,0.19397931943462168,-2.493393465101642e-05,9.720172766722917e-05
379,12.633333,grasp_lift,unknown_no_ground_truth,0.5868949714791452,-0.08071902300955582,0.12994262961827027,0.00015294877778120142,0.09900021343116197,0.4155614,1.8345556,-5.4689193,0.19504675552470283,10.874150102611418,0.020397677835114883,0.19397724500478933,-5.7519595306267e-05,0.00014172093980977757
380,12.666667,grasp_lift,unknown_no_ground_truth,0.5868866168371076,-0.0807167630073969,0.1299399781334905,0.0003833157917026876,0.10362686640602602,0.4155614,1.7223067,-6.5010757,0.19504199821710932,10.87076651511528,0.020393671993877996,0.1939728826695345,-0.0001988143696987752,0.0003277252547026806
381,12.7,grasp_lift,unknown_no_ground_truth,0.5868720390452034,-0.080713162270912,0.12993299808478764,0.0005538735797188987,0.12088167739243356,0.4155614,1.7596661,-6.1575475,0.19503420152449688,10.868748441283472,0.020384423728930914,0.1939660151509471,-0.00029036852344706683,0.00047165884164488797
382,12.733334,grasp_lift,unknown_no_ground_truth,0.5868532932478796,-0.08070987769340196,0.129925639736709,0.0009885798777050966,0.16913836694814757,0.4155614,1.7659794,-6.099495,0.19502531285354807,10.867707340084943,0.020374314063629887,0.19395813976232312,-0.0004959649737587599,0.000855166018623224
383,12.766666,grasp_lift,unknown_no_ground_truth,0.5868115657148003,-0.08070343565645813,0.1299086717623715,0.0019951215601647413,0.29764417507682395,0.4155614,1.6759142,-6.927667,0.19500639354630828,10.861965515389263,0.02035135981886577,0.19394152643892623,-0.0010444167453471812,0.001699912851258144
384,12.8,grasp_lift,unknown_no_ground_truth,0.5867323976766503,-0.08069181334684025,0.12987320502791747,0.003206897670058405,0.501067019997279,0.4155614,1.6962198,-6.7409515,0.19497133986367543,10.852124049857872,0.02030468564587918,0.19391117324450094,-0.0018223300906373824,0.0026388076297797036
385,12.833333,grasp_lift,unknown_no_ground_truth,0.5866214732817723,-0.0806887555965321,0.12981194383837386,0.0044486539450891245,0.7927173142146665,0.4155614,1.6844934,-6.8487787,0.1949355832307869,10.83645830897221,0.02022987208958347,0.19388304176685012,-0.0026589938304881853,0.003566549275221471
386,12.866667,grasp_lift,unknown_no_ground_truth,0.5864754350089473,-0.08069816309279915,0.12972525791863443,0.006273159646517111,1.2131800413807887,0.4155614,1.6960361,-6.742641,0.19490169268673807,10.809260190775166,0.02012741874630246,0.19385963176166068,-0.003833253569452129,0.004965752613952208
387,12.9,grasp_lift,unknown_no_ground_truth,0.5862606103789514,-0.08067225084934689,0.12960122266552584,0.008461601601956704,1.2347073288891295,0.4155614,1.6172162,-7.467409,0.19481453900868198,10.785748262800436,0.01997432356667895,0.19378785051498687,-0.004975205659887652,0.00684441599495955
388,12.933333,grasp_lift,unknown_no_ground_truth,0.5859879280412743,-0.080575447701741,0.12946933599731064,0.01143319435271843,1.400610416458858,0.4155614,1.5300487,-8.268936,0.19464230397477586,10.762574919009694,0.019795737933546054,0.19363304278008805,-0.005337589550482826,0.010110789825607548
389,12.966666,grasp_lift,unknown_no_ground_truth,0.5856233507410507,-0.0803210061406632,0.12937431153512768,0.015684916525972523,3.4906315951999507,0.4155614,1.3007882,-10.377044,0.19428867803065056,10.670124965884296,0.01961848458699049,0.19329564266534258,-0.004990170845701847,0.014869929433505503
390,13.0,grasp_lift,unknown_no_ground_truth,0.5851865585742095,-0.07991766525177268,0.1293331637205135,0.019844805260599223,7.4758141324498375,0.4155614,0.9820286,-13.308117,0.19376715165622302,10.445338681691393,0.01946306079655918,0.19278718402786835,-0.004295321790423556,0.01937437757833317
391,13.033334,grasp_lift,unknown_no_ground_truth,0.5846847304930989,-0.07938911385844766,0.1293441384670646,0.022374983770943872,7.4758141324498375,0.4155614,1.335608,-10.056867,0.19310254052581682,10.181660479609233,0.01933212595945589,0.1921324024297111,-0.0034744317300765713,0.022103579413819806
392,13.066667,grasp_lift,unknown_no_ground_truth,0.584180534163641,-0.07881791909799873,0.12939259576655204,0.02137630692126896,7.4758141324498375,0.34940723,1.3775864,-9.670865,0.19239446994789328,9.839658394453625,0.019231431392663034,0.19143088599575592,-0.002528432624514758,0.021226246160251244
393,13.1,grasp_lift,unknown_no_ground_truth,0.5837524097603555,-0.07831694366389404,0.12945409490817117,0.017082499838593668,7.4758141324498375,0.34940723,1.2354273,-10.978054,0.19177689772512732,9.627410616068325,0.01916356486207781,0.19081702304262815,-0.0016742945710235887,0.017000251128292006
394,13.133333,grasp_lift,unknown_no_ground_truth,0.5834383009365636,-0.07796134449000748,0.12950359388614333,0.011538733846766054,5.823860287241987,0.34940723,1.1431949,-11.826153,0.19133487774161698,9.458282713047758,0.019119811193542946,0.1903771736850896,-0.0014076154266743517,0.011452554195335331
395,13.166667,grasp_lift,unknown_no_ground_truth,0.5832322577132063,-0.07775303802724315,0.12951054862904676,0.006171419907634501,2.2941108521760194,0.34940723,1.0947236,-12.271859,0.19107057512818887,9.392601352081606,0.019069723719546343,0.19011657033798246,-0.001311051765422232,0.006030552789316306
396,13.2,grasp_lift,unknown_no_ground_truth,0.583142961144252,-0.07767500406799455,0.12949582871810414,0.0024940872569556077,0.8730862712108237,0.34940723,1.1269515,-11.975515,0.19096902143267558,9.368234965966382,0.019032407482844974,0.19001824810359833,-0.000873613367432215,0.0023360802489538098
397,13.233334,grasp_lift,unknown_no_ground_truth,0.5831093012904411,-0.0776444391381369,0.12948345964628494,0.0008665168794427349,0.42872814543806737,0.34940723,1.1829077,-11.460984,0.19093021979520972,9.356114531395004,0.019011483330548234,0.18998134732815056,-0.00055133476293115,0.0006684919457576341
398,13.266666,grasp_lift,unknown_no_ground_truth,0.5831034429993089,-0.07764311534241625,0.12946828525192666,0.0005615348566324838,0.39126710861048664,0.24208766,1.156034,-11.708095,0.19092828965433384,9.3486025505833,0.018995651743693866,0.18998099116796266,-0.0004675730307526453,0.0003109611810597104
399,13.3,grasp_lift,unknown_no_ground_truth,0.5830853543428561,-0.07763525915093294,0.1294561884803946,0.0008109452327040885,0.3053043720202418,0.24208766,1.1520708,-11.744537,0.19091595033454511,9.342359430272294,0.01898031181660293,0.18997012358654458,-0.00046088243178273513,0.0006672477459830949
400,13.333333,grasp_lift,unknown_no_ground_truth,0.5830585690337429,-0.07762297800897887,0.12944584449681035,0.0009626251484941217,0.26610778261575607,0.24208766,1.146411,-11.796581,0.19089645378017514,9.337234436634553,0.018964926301202223,0.18995206668061418,-0.00046743488103634346,0.0008415175628017928
401,13.366667,grasp_lift,unknown_no_ground_truth,0.5830290607301607,-0.07761274132814941,0.12943515481131937,0.0009444916510491039,0.22132593758907562,0.24208766,1.1576475,-11.693258,0.19087802050658859,9.328300562251897,0.018949149487371537,0.189935116411418,-0.00044896775721156687,0.0008309587425894729
402,13.4,grasp_lift,unknown_no_ground_truth,0.58300183566214,-0.07760477280373125,0.12942548223554112,0.0007414086844760383,0.18814936775941465,0.24208766,1.2515779,-10.829545,0.19086239084382214,9.321488280247873,0.018934995121864993,0.18992082086584103,-0.0003488137107360864,0.0006542291896720993
403,13.433333,grasp_lift,unknown_no_ground_truth,0.5829846057927728,-0.07759785702585113,0.12941949465449457,0.00048293023985941847,0.13158697821711457,0.24208766,1.2814298,-10.555049,0.19085072734596573,9.318727711922492,0.018925895384430645,0.18991000661466403,-0.00021266443950268858,0.0004335844240072316
404,13.466666,grasp_lift,unknown_no_ground_truth,0.582973398107713,-0.07759258837248871,0.1294165720014746,0.00039313374865362243,0.13158697821711457,0.22205527,1.3316108,-10.093622,0.19084233666889752,9.317217500552895,0.01892081741337054,0.18990208038264014,-0.00015174153759089912,0.00036266878842822876
405,13.5,grasp_lift,unknown_no_ground_truth,0.5829603807188446,-0.07758980676373309,0.12941355750734057,0.0005813455839232796,0.13158697821711457,0.22205527,1.3466321,-9.955498,0.1908357025123674,9.315967126731406,0.018915779270363628,0.18989591530094493,-0.00020185083738942234,0.0005451778860081247
406,13.533334,grasp_lift,unknown_no_ground_truth,0.5829357710713405,-0.07758805215811554,0.1294084648697436,0.000950932754298606,0.13158697821711457,0.22205527,1.3187109,-10.212239,0.19082641142318707,9.313848426859376,0.018907360510353296,0.1898874166846845,-0.00030683626199869097,0.0009000692259602056
407,13.566667,grasp_lift,unknown_no_ground_truth,0.5828983452883987,-0.07758447588202211,0.12940163627616993,0.0013151692690787343,0.27813526652510906,0.22205527,1.3137156,-10.258173,0.19081135742230948,9.305350314196318,0.018895323664932486,0.18987348647176042,-0.0004276842340584872,0.0012436866173867506
408,13.6,grasp_lift,unknown_no_ground_truth,0.5828502484765694,-0.077577681106933,0.1293921613973179,0.0014281596735612571,0.27813526652510906,0.22205527,1.4342568,-9.149767,0.19079000787948913,9.294488490470794,0.018878848105936416,0.1898536704961179,-0.0004112613679664237,0.0013676637526837444
409,13.633333,grasp_lift,unknown_no_ground_truth,0.5828048619402936,-0.0775730624604653,0.12938764860458737,0.001273853108729863,0.27813526652510906,0.22205527,1.5072085,-8.478958,0.1907711958714024,9.287023596970847,0.018867906130575218,0.18983585354840846,-0.00025898218002938197,0.001247248961935012
410,13.666667,grasp_lift,unknown_no_ground_truth,0.5827660394361449,-0.07756794691082765,0.12938705698651332,0.0010472694595139854,0.2881818611477515,0.21822163,1.5065838,-8.484702,0.1907537466255958,9.281277854064415,0.018861582753530108,0.1898189467564651,-0.0001423692245466932,0.0010375472638548514
411,13.7,grasp_lift,unknown_no_ground_truth,0.5827363164101791,-0.07755985528369051,0.12938893090235826,0.0008237036184901203,0.27813526652510906,0.21822163,1.5242217,-8.322517,0.19073626910470098,9.276428438562027,0.018858414790055043,0.18980169794706042,-4.163713158829623e-05,0.0008226505943514637
412,13.733334,grasp_lift,unknown_no_ground_truth,0.5827138891747995,-0.07755197754029056,0.12939344524287638,0.0006688170989195438,0.2575415064048949,0.21822163,1.4524541,-8.982438,0.1907211604422966,9.275432793767525,0.01885880702692146,0.18978647590905307,-1.4588132741227274e-05,0.000668657982970576
413,13.766666,grasp_lift,unknown_no_ground_truth,0.5826944385830326,-0.07754602491273599,0.12939549150904925,0.0005166177164524337,0.2535895145627997,0.21822163,1.3203844,-10.196852,0.19070904023096055,9.269777818115998,0.018857442321407666,0.18977443161529667,4.639614593332401e-06,0.0005165968824227963
414,13.8,grasp_lift,unknown_no_ground_truth,0.5826811731685704,-0.07754300375183626,0.12939938816089613,0.0002623406378546955,0.11215424623679615,0.21822163,1.3954619,-9.506495,0.19070154781400744,9.265813349748138,0.018859116398864957,0.18976673593470544,0.00015004554369060511,0.00021519513258575157
415,13.833333,grasp_lift,unknown_no_ground_truth,0.5826818780504279,-0.07754449354790607,0.12940756511143361,0.00036909356791643857,0.11215424623679615,0.21822163,1.3656199,-9.7809,0.19070251000539698,9.265229890637602,0.01886744518006308,0.1897668749669864,0.00032515639950748146,0.00017465216212981093
416,13.866667,grasp_lift,unknown_no_ground_truth,0.5826953619760784,-0.07754778744115953,0.1294189143463507,0.0005779875683953299,0.12102098569225264,0.21822163,1.2509661,-10.835171,0.19070908051079613,9.26440120203726,0.018880793592762943,0.18977215028180713,0.0004789968122920733,0.0003234682102364597
417,13.9,grasp_lift,unknown_no_ground_truth,0.5827073508139666,-0.07754972346005189,0.1294359998548132,0.0007890856656203027,0.12102098569225264,0.21822163,1.1644899,-11.630341,0.1907134162681893,9.263691641073018,0.018899378142965544,0.18977465755598888,0.00037390971878405,0.0006948724414497016
418,13.933333,grasp_lift,unknown_no_ground_truth,0.5826576607068499,-0.07753135431347136,0.12945171793961813,0.003367559185322411,0.12102098569225264,0.21822163,1.0045758,-13.10079,0.1906786213531417,9.262266455919512,0.018905720510979062,0.18973905863868812,6.153293346954376e-05,0.003366996965360672
419,13.966666,grasp_lift,unknown_no_ground_truth,0.5824985139075949,-0.07747891535191881,0.12947811620059596,0.007713284643444143,0.9752002006843747,0.21822163,1.0244259,-12.918264,0.19057522306287783,9.24289715605627,0.018903480602505015,0.18963537134874484,-0.0006117388032594779,0.007688987945586721
420,14.0,grasp_lift,unknown_no_ground_truth,0.5821685344099277,-0.0773792490909363,0.12949694350479965,0.013048951747838378,2.509840819683449,0.21822163,1.0916346,-12.300262,0.19037260750304058,9.190556323843914,0.018864936901983438,0.1894355928625635,-0.0018285408291056598,0.012920200468789476
421,14.033334,grasp_lift,unknown_no_ground_truth,0.5816647459262589,-0.07723163024986296,0.12950001926053603,0.01721348126406501,4.313156989505443,0.21822163,1.1094539,-12.13641,0.19007044579319549,9.09993103998673,0.01878157624521539,0.18914023040529807,-0.0025404298115063,0.017024986155680925
422,14.066667,grasp_lift,unknown_no_ground_truth,0.5810670564931413,-0.07705791265538614,0.12951660609871857,0.0185556944702317,4.313156989505443,0.21822163,1.2887104,-10.488102,0.18971350141649365,8.994425931538872,0.01869557517394181,0.1887900635325425,-0.001563155243753421,0.018489736151619727
423,14.1,grasp_lift,unknown_no_ground_truth,0.5804824145669265,-0.07688206823107283,0.12960091164902754,0.017164230024363077,4.313156989505443,0.21822163,1.7749553,-6.0169597,0.1893545204625788,8.87601282717012,0.018677367912284755,0.18843112892375916,0.0014207718572275484,0.017105326645783677
424,14.133333,grasp_lift,unknown_no_ground_truth,0.5800120867697678,-0.07671885438448475,0.12980202208554464,0.01540657041863707,4.313156989505443,0.21822163,2.1520243,-2.5497165,0.18903532926569155,8.788347266678521,0.018790289478126956,0.1880991247505331,0.006364128899421282,0.01403069048250918
425,14.166667,grasp_lift,unknown_no_ground_truth,0.5796971636146655,-0.0765672312869766,0.13018332007964462,0.017695808276916917,2.8572682547944273,0.21742389,2.3722773,-0.5244354,0.18876251804618221,8.73618710347792,0.019101648422625437,0.1877935442092557,0.013001497117602628,0.012004278540352678
426,14.2,grasp_lift,unknown_no_ground_truth,0.5794758587704361,-0.07640036327257216,0.13080339601176608,0.024014042571400537,2.8572682547944273,0.21742389,2.4465797,0.15879399,0.18848738556095196,8.689152687830902,0.019657048166331896,0.18745958223838402,0.02059766521814425,0.012345461845645462
427,14.233334,grasp_lift,unknown_no_ground_truth,0.5792990426145943,-0.07620064790124359,0.1316900153690602,0.030909490286197678,2.8572682547944273,0.21742389,2.519901,0.833002,0.1881779834501962,8.633962015833418,0.02047483227871683,0.18706077808707183,0.027265892321375336,0.01455911074453773
428,14.266666,grasp_lift,unknown_no_ground_truth,0.5790811304530388,-0.07595058872562986,0.13277521414460325,0.03671439433247757,2.8572682547944273,0.21742389,2.384744,-0.40980124,0.18779901620684664,8.549919115888615,0.02147476739870673,0.18656715909674695,0.032139500999335005,0.01774821756443179
429,14.3,grasp_lift,unknown_no_ground_truth,0.5787971668127223,-0.07565168205866267,0.13402189126379593,0.04114690189368211,2.8572682547944273,0.16788211,2.4709456,0.3828445,0.18734968568329005,8.433229093806672,0.022617467697225148,0.18597944746824194,0.036058376826487236,0.019820721381608414
430,14.333333,grasp_lift,unknown_no_ground_truth,0.5785249175908311,-0.07533657732437918,0.13539023404807932,0.04340195912566375,2.8572682547944273,0.16788211,2.5407329,1.0245558,0.18689043858424623,8.332287286881593,0.023878653527451724,0.1853586953448039,0.038886910864071936,0.019275326700098003
431,14.366667,grasp_lift,unknown_no_ground_truth,0.5783483512578385,-0.07504163690617033,0.1368144766034195,0.04362387234368749,2.8572682547944273,0.16788211,2.4672825,0.34916174,0.18648737968796794,8.260275782905133,0.025209927931516683,0.18477554577533262,0.0405015699490945,0.01620694511365259
432,14.4,grasp_lift,unknown_no_ground_truth,0.5783587227312437,-0.0748024379346211,0.13824418331083493,0.04275038439750472,3.1655198846132215,0.16788211,2.4187303,-0.0972885,0.1862057671275824,8.192518757607031,0.026578754564336667,0.1842990979830889,0.04087753802646989,0.012514881183172436
433,14.433333,grasp_lift,unknown_no_ground_truth,0.578559100665609,-0.07462854270728614,0.13962651527193937,0.040286975275232714,2.83900511053835,0.16788211,2.457361,0.2579306,0.18605766448861363,8.150829066149388,0.02793509415395288,0.1839485934427532,0.03890936808019892,0.010445164068927289
434,14.466666,grasp_lift,unknown_no_ground_truth,0.5788599575354711,-0.07450944585735386,0.14086647960850718,0.03629142353207932,2.478540928650033,0.16788211,2.554778,1.1537052,0.18600678390632963,8.134049347583186,0.029172713382467196,0.18370486235557412,0.0349714948739546,0.009698554957607219
435,14.5,grasp_lift,unknown_no_ground_truth,0.5792281609702128,-0.07443860624391445,0.14194381642061904,0.032196557218801505,2.478540928650033,0.15860456,2.393629,-0.32810014,0.18603440591320644,8.150980451198587,0.030266520784216742,0.18355581685988118,0.030676649847047772,0.00977555373905659
436,14.533334,grasp_lift,unknown_no_ground_truth,0.5796351916836928,-0.07440467101796945,0.14286531684351836,0.029237324138683563,2.7738390284774734,0.15860456,2.372049,-0.5265334,0.18611810658812297,8.161552624870954,0.031217850807827227,0.18348132164034608,0.027532893184311246,0.009836712646598762
437,14.566667,grasp_lift,unknown_no_ground_truth,0.5800322322936979,-0.07437935485900225,0.1437184047980806,0.02742229308266765,2.7738390284774734,0.15860456,2.6145222,1.7030672,0.1862126717003473,8.172454699124497,0.03210204719035495,0.18342469208906836,0.025924656979649168,0.008938362176553933
438,14.6,grasp_lift,unknown_no_ground_truth,0.5803653592889524,-0.07434554445816147,0.14454027657315072,0.026492070690126227,2.3869096187006624,0.15860456,2.5793831,1.3799546,0.18628342591038494,8.194801056186815,0.03294615845432115,0.18334684456519187,0.02551993915057777,0.007110732395573124
439,14.633333,grasp_lift,unknown_no_ground_truth,0.5805647652666366,-0.07427222216190485,0.14539893128565556,0.027857020953887642,2.3869096187006624,0.15860456,2.4332037,0.035798363,0.18627787464300416,8.18418211582349,0.03380337449343474,0.18318509342839934,0.02689474563792223,0.00725853108395896
440,14.666667,grasp_lift,unknown_no_ground_truth,0.5806078640855398,-0.07412840452520236,0.14636866240418844,0.031322898957187005,2.7738390284774734,0.15860456,2.33146,-0.89976025,0.18616003201214534,8.152739442523911,0.03473914201039551,0.1828899929770477,0.029208769281043635,0.011312461985302244
441,14.7,grasp_lift,unknown_no_ground_truth,0.5804714784029769,-0.07390046923471569,0.14745164268978017,0.03494045660381646,2.7738390284774734,0.1551846,2.431926,0.02404973,0.18591113259052303,8.099984480091834,0.03575062177965829,0.18244133923938086,0.030788993360354296,0.016518879972299585
442,14.733334,grasp_lift,unknown_no_ground_truth,0.5801806011260722,-0.073597913734587,0.14859620926304895,0.03769519839185405,2.43973571374903,0.1551846,2.5832062,1.4151084,0.18554937384355258,8.020197010790111,0.03679174043410616,0.18186516425518054,0.031866352005579475,0.020136126530634856
443,14.766666,transport,unknown_no_ground_truth,0.5798694917152929,-0.07322679069385697,0.14979663348615574,0.0392163675791005,2.43973571374903,0.1551846,2.5785034,1.3718649,0.185124947812902,7.942161408542903,0.037875042038048326,0.1812090712225681,0.033227836996132416,0.02082869018103584
444,14.8,transport,unknown_no_ground_truth,0.5796683318913874,-0.07281654498017197,0.15103798111953953,0.039433130678094626,2.877723987086334,0.1551846,2.3899572,-0.36186403,0.1847081026261538,7.877486435590341,0.03900692882031265,0.18054235702394283,0.03442665514668414,0.019229592052016457
445,14.833333,transport,unknown_no_ground_truth,0.5796494552549019,-0.07241233520253515,0.1522864568500596,0.03849348393590568,2.9791187220237587,0.1551846,2.416559,-0.117253944,0.1843642285707536,7.825431187791587,0.040170149320363294,0.1799347878540134,0.03465199755747829,0.016762677912563605
446,14.866667,transport,unknown_no_ground_truth,0.5798222928272634,-0.07206024893774562,0.15348539612333262,0.03788641588302394,2.9791187220237587,0.1551846,2.4111016,-0.16743611,0.18413779399467695,7.76928752386584,0.041317059296476985,0.1794425473189608,0.034482437212310216,0.015695286947377946
447,14.9,transport,unknown_no_ground_truth,0.5801259218518151,-0.07172509297469794,0.15466975995137236,0.037816636919514514,2.9791187220237587,0.1551846,2.5413554,1.0302799,0.18397732999821287,7.759000071942507,0.042468976156964884,0.17900850264009938,0.033865542472824264,0.016829232333167306
448,14.933333,transport,unknown_no_ground_truth,0.5804205251057026,-0.07131727773545876,0.15581908183678228,0.037167313404387406,3.205766682941212,0.1551846,2.5845757,1.4277011,0.18375191552831524,7.757245129210435,0.04357475863015818,0.1785105231370088,0.03178497949902543,0.01926458574551991
449,14.966666,transport,unknown_no_ground_truth,0.580590014790615,-0.07077467490488759,0.15691049899000345,0.03672042618838919,4.4232894198219235,0.1551846,2.5937088,1.5116823,0.1833629756786305,7.679078772223273,0.04458797544265387,0.17785919513943418,0.028882130761916598,0.02267624797245985
450,15.0,transport,unknown_no_ground_truth,0.5805947383520071,-0.0701060919104115,0.15793934355279166,0.03716276560561908,5.663785913756627,0.1551846,2.2929704,-1.2536815,0.18280420140876594,7.491641518000859,0.045500229264402586,0.1770511372162954,0.02605311515446611,0.02650106296370606
451,15.033334,transport,unknown_no_ground_truth,0.5804242447035739,-0.06933165734898802,0.1589176061841803,0.03763449133248655,5.663785913756627,0.1551846,2.2829566,-1.3457611,0.18209075931823673,7.236056461364158,0.04632487308679935,0.17609954787728432,0.023342300467321095,0.02952104244006818
452,15.066667,transport,unknown_no_ground_truth,0.5800806865644373,-0.06853518439261003,0.1598269079921551,0.036441249166461256,5.663785913756627,0.1551846,2.3722472,-0.5247116,0.18129991943917478,7.000509261832036,0.04705638383460377,0.17508671431339876,0.0207705012298234,0.029942460143983125
453,15.1,transport,unknown_no_ground_truth,0.5796288290816607,-0.06783315019665465,0.16065652339851566,0.03334870576807096,5.663785913756627,0.1551846,2.3420508,-0.80237526,0.1805607771523054,6.822763218593086,0.04770956958204603,0.17414359366953583,0.019624036048207377,0.026963556619704798
454,15.133333,transport,unknown_no_ground_truth,0.579197541302785,-0.06731039257045265,0.16145870870222118,0.03050185748174406,4.743084959346749,0.1551846,2.3802004,-0.45158026,0.17999917781018862,6.671431660151213,0.04836465162793361,0.17337982721543044,0.02101658019171365,0.02210580618032049
455,15.166667,transport,unknown_no_ground_truth,0.5788511615247965,-0.06695503150689835,0.16231756949739867,0.031371348189543444,3.7145110324189528,0.1551846,2.5166407,0.803022,0.17963249336110318,6.558688628812413,0.049110676168413685,0.1727888137507981,0.024956377374750028,0.019008964084311266
456,15.2,transport,unknown_no_ground_truth,0.5785321342754206,-0.06667459322205607,0.16333674541689347,0.03614971879628516,3.7145110324189528,0.14526442,2.695544,2.4480827,0.17936616119292748,6.476032414936039,0.050028403645956676,0.17224801482085206,0.030599958460050636,0.01924694030992117
457,15.233334,transport,unknown_no_ground_truth,0.5781948078827757,-0.06639227673146707,0.16456713244764015,0.04327566771182794,3.7145110324189528,0.14526442,2.5929697,1.504886,0.17912147013055854,6.40388936835885,0.051150677280092344,0.17166277778109154,0.03769495127177145,0.021257329665866388
458,15.266666,transport,unknown_no_ground_truth,0.5778519135681057,-0.06607919639627773,0.16607649419845583,0.05152646614200678,3.6340225341338503,0.14526442,2.3718522,-0.5283443,0.1788878661552267,6.307281972103553,0.052541390346448225,0.17099786828505337,0.04558719642901298,0.0240163326681231
459,15.3,transport,unknown_no_ground_truth,0.5774880858394777,-0.06571255907310505,0.1678593135298962,0.060361979067655676,3.6052038469086463,0.14526442,2.5954971,1.5281268,0.178645643991722,6.166303703388454,0.054189828158026705,0.17022846013936863,0.053746923172112084,0.027474292829756025
460,15.333333,transport,unknown_no_ground_truth,0.577090144712002,-0.06528576289910207,0.16994737351299713,0.0676610709272848,3.6340225341338503,0.14526442,2.5505373,1.1147105,0.1783974829767754,6.055724920028271,0.05612450697741833,0.1693390139601344,0.060734612029398845,0.029821593194620983
461,15.366667,transport,unknown_no_ground_truth,0.576712137045968,-0.06484706048567648,0.17221770541575085,0.07159018074921338,3.6340225341338503,0.14526442,2.1736064,-2.3512633,0.17819819878867285,5.9454647594899805,0.05823880354457521,0.16841270680451562,0.06485302178660567,0.03031896345278135
462,15.4,transport,unknown_no_ground_truth,0.5763591759962383,-0.06440874487996133,0.17458147743643354,0.07266567756086412,4.055356595640101,0.14420074,2.2708647,-1.4569489,0.17805322829560308,5.831105467037951,0.06044803495031441,0.16747831852849407,0.06596406097812366,0.030480212509985165
463,15.433333,transport,unknown_no_ground_truth,0.5759939735280546,-0.06396423444721855,0.17692650710713398,0.07175952241845858,4.055356595640101,0.14420074,2.1243327,-2.8043475,0.17792836405941026,5.706553391338892,0.06263640279229574,0.16653883565733046,0.06419506507234543,0.03206902988995136
464,15.466666,transport,unknown_no_ground_truth,0.5754975780481485,-0.063482997734071,0.17919525687334975,0.07009677661122603,4.055356595640101,0.14420074,2.524509,0.8753729,0.17774668348043268,5.617110633831691,0.06472770467773378,0.16554216301427624,0.05983585698975474,0.03651339904180031
465,15.5,transport,unknown_no_ground_truth,0.5747451842812737,-0.06293428288717526,0.18131030719659008,0.07028450300402855,4.263476573146489,0.14420074,2.5680735,1.2759598,0.1774238472923056,5.500736266198686,0.06662545055586457,0.1644392621189703,0.05556879531610329,0.04303510601404761
466,15.533334,transport,unknown_no_ground_truth,0.5737516431756988,-0.06229442437944112,0.1833779301193378,0.0718329352591147,5.587385608545802,0.14420074,2.121337,-2.831894,0.17696294373901333,5.335850155096092,0.06843234072990265,0.1631958890383079,0.0530462148755527,0.04843624340632596
467,15.566667,transport,unknown_no_ground_truth,0.5726358246509737,-0.06158647370713475,0.18539285094072727,0.07238110954087665,5.587385608545802,0.14420074,2.275276,-1.4163866,0.17642157682191978,5.107021714745973,0.07016186374934248,0.16186996522996858,0.05232453737815629,0.050011676701849445
468,15.6,transport,unknown_no_ground_truth,0.5715748770786302,-0.06084927689208815,0.18743474553190242,0.07028117381248705,5.587385608545802,0.14420074,2.3449492,-0.7757233,0.17590689659932793,4.857322718270241,0.07192064070432283,0.1605324195042433,0.05308020556215304,0.04606446754213702
469,15.633333,transport,unknown_no_ground_truth,0.5707826576885706,-0.06016577379240401,0.18945492696915806,0.06613393104941578,5.745522300391384,0.14420074,2.3230975,-0.9766558,0.1755449537183491,4.699736575023692,0.07370054016898893,0.15932438970470458,0.05362167308297574,0.03870934011102948
470,15.666667,transport,unknown_no_ground_truth,0.5702667410251047,-0.059559324931685476,0.19144266091731588,0.06099881262352063,5.745522300391384,0.14420074,2.558074,1.1840118,0.1753525120583762,4.557989187541065,0.07549541590107031,0.1582685871015073,0.05221854758163174,0.031529009339721456
471,15.7,transport,unknown_no_ground_truth,0.5699634342203425,-0.059047152900468816,0.1932778462779385,0.05400046353531088,5.438201562424619,0.14420074,2.3650472,-0.5909174,0.175290536870319,4.425318668350545,0.07718177648738404,0.15738407065054635,0.04733316354233008,0.025992723810779706
472,15.733334,transport,unknown_no_ground_truth,0.569713486201832,-0.05861601281182901,0.19487256117887947,0.04715992799332304,4.914471602033945,0.14420074,2.16207,-2.457343,0.17527049729076266,4.3434489003795544,0.07865095088567414,0.15663261201081502,0.04055348490964041,0.024072259345956328
473,15.766666,transport,unknown_no_ground_truth,0.5693180944140597,-0.05822033430749353,0.19624173377606763,0.04359329896164866,4.74221965333097,0.14420074,2.2101562,-2.0151787,0.17519217120691302,4.212509001439585,0.07988534631538786,0.15591865923058365,0.034453709240373574,0.02670800692562953
474,15.8,transport,unknown_no_ground_truth,0.5686923311329342,-0.057802912450637865,0.1974691361802662,0.042908549227420566,3.9045646042219304,0.14420074,2.3982162,-0.28591993,0.17500033240313656,4.102280928058048,0.08094785769815391,0.15515334567867917,0.028770186732955404,0.031834257524761767
475,15.833333,transport,unknown_no_ground_truth,0.5678528785576502,-0.05731198647480194,0.1985244716452647,0.0430589202615447,3.753536593942698,0.14420074,2.2483804,-1.6636976,0.17464226413556133,4.002394669575507,0.08180336288642988,0.1542988342239378,0.023533322890099774,0.03605902560858198
476,15.866667,transport,unknown_no_ground_truth,0.5669286871803344,-0.0567238496431753,0.19946048815495152,0.043583574072587936,3.753536593942698,0.14420074,2.4367027,0.067972824,0.1741467360939673,3.9135203876677247,0.08251674029937955,0.15335603432061826,0.021043276338957702,0.03816685014332494
477,15.9,transport,unknown_no_ground_truth,0.5660379320720288,-0.056014423068272645,0.20038582173600739,0.04565103134997058,3.753536593942698,0.14420074,2.4968703,0.6212284,0.17355664637933463,3.829753799786349,0.08320624734974652,0.15231096449177323,0.020958181953308036,0.040555779767229606
478,15.933333,transport,unknown_no_ground_truth,0.5651295417047277,-0.05516110422391585,0.20135342247501237,0.048812383917035206,3.753536593942698,0.13878639,2.393446,-0.32978383,0.17285531316158972,3.7127765989946218,0.08391395158865798,0.15112050826068452,0.021338252934859886,0.04390134149831849
479,15.966666,transport,unknown_no_ground_truth,0.564156431320427,-0.054226696615111605,0.20234885526354612,0.05122952621743407,4.756829483116664,0.13878639,2.1474354,-2.5919118,0.17208477002639058,3.5783628810743657,0.08462879601363087,0.14983702800148893,0.022148365296560883,0.04619430994346448
480,16.0,transport,unknown_no_ground_truth,0.5631300982367076,-0.05329472340434728,0.20339869130876706,0.05327550084084537,5.2186758103833375,0.13878639,2.183137,-2.2636275,0.17133463709993096,3.4203118286370344,0.08539050917863333,0.14853962034547813,0.024330393223435193,0.04739526300629563
481,16.033333,transport,unknown_no_ground_truth,0.56208321732455,-0.05236518780288671,0.20455137713303034,0.055704308552670355,5.228724836567957,0.13878639,2.3248658,-0.96039534,0.1706319660736542,3.2848200466970607,0.08625081789011695,0.1472279330135642,0.02716017248244435,0.04863429882351524
482,16.066668,transport,unknown_no_ground_truth,0.5610827994257873,-0.05134140774572246,0.2058038112923276,0.05916184754950101,5.310507069888397,0.13878639,2.667134,2.186846,0.1699073769141141,3.128464609516351,0.08720119974451483,0.14582341201930524,0.02926517262072398,0.05141666925180613
483,16.1,transport,unknown_no_ground_truth,0.5601944369805252,-0.05005630499027902,0.2071316770236475,0.06368278010506492,5.629091810927387,0.13878639,2.7116797,2.5964544,0.16901978082279392,2.9594084875118107,0.08820186967481408,0.14418084649235627,0.03020602186727057,0.0560632921336593
484,16.133333,transport,unknown_no_ground_truth,0.5595224658079607,-0.04844921317255976,0.20849164425205435,0.06942754503035664,6.32838371706376,0.13874945,2.3559585,-0.67449075,0.1679260813781773,2.775674859097982,0.08921490368095472,0.14226689624866423,0.030171583206027988,0.06252886993848465
485,16.166666,transport,unknown_no_ground_truth,0.5590986064856045,-0.04648013661489267,0.20985794898894028,0.0757765512710169,6.32838371706376,0.13874945,2.1864107,-2.2335248,0.16659137171907235,2.635056662128123,0.09021327773568277,0.14005088236575555,0.028954067868502985,0.07002676400059606
486,16.2,transport,unknown_no_ground_truth,0.5588314086642331,-0.0442271015458458,0.21117816437857678,0.0785237902981121,6.32838371706376,0.13874945,2.2381113,-1.7581251,0.16504784870951378,2.5245686869397925,0.09114517968058816,0.1375985050232445,0.025779020762974152,0.07417161000870907
487,16.233334,transport,unknown_no_ground_truth,0.5585597029936232,-0.04191347077841842,0.21236000235750802,0.07443948824828649,6.32838371706376,0.13874945,2.5491667,1.1021068,0.1634204341406764,2.429302763231491,0.09193192770200244,0.1351101734279138,0.02066020897858617,0.07151498567173127
488,16.266666,transport,unknown_no_ground_truth,0.558171383086884,-0.039802847429489294,0.21332695680309738,0.06499131097569322,6.1913153022811835,0.13874945,2.360447,-0.63321817,0.16187861617947388,2.3216507536672073,0.09252250584192984,0.1328317442816719,0.014791309188354302,0.06328576202301564
489,16.3,transport,unknown_no_ground_truth,0.5575868995041242,-0.03805198007634157,0.21406725905871227,0.055730185940295746,6.1913153022811835,0.13874945,2.215943,-1.9619669,0.16052710414790863,2.2077340700987462,0.09291799987226604,0.13090147617903733,0.00963267933179763,0.054891393804773224
490,16.333334,transport,unknown_no_ground_truth,0.5567305543736802,-0.036640362731672746,0.21464105015922424,0.051375377058063464,6.1913153022811835,0.13874945,2.296144,-1.2244996,0.1593490472324001,2.0973196573270485,0.09316466715987214,0.12927669413650672,0.0056784159306061234,0.05106060086188991
491,16.366667,transport,unknown_no_ground_truth,0.555611714151309,-0.035451080323005174,0.21509923635410877,0.05240052793498604,6.1913153022811835,0.13874945,2.4867432,0.5281075,0.15826484971923324,1.9766743627545589,0.09329658996524363,0.12784173402104917,0.002610380058585212,0.0523354683156174
492,16.4,transport,unknown_no_ground_truth,0.554288684683612,-0.034290356569072894,0.2154883949318257,0.055669989996653596,8.158005909821405,0.13874945,2.244273,-1.7014668,0.15714122502787248,1.7641319043149604,0.0933386898306719,0.12641698297283516,0.0014116608721506246,0.05565208890787075
493,16.433332,transport,unknown_no_ground_truth,0.5529439654650006,-0.0330015744322706,0.21590954858306355,0.05772070873569367,8.158005909821405,0.13874945,2.2864878,-1.3132906,0.1559294223819101,1.4913786419693011,0.09339069924807669,0.12486857914748377,0.0033621748364696634,0.05762270383555247
494,16.466667,transport,unknown_no_ground_truth,0.5517747822013728,-0.03154208388390693,0.2164555177225617,0.058191476930749324,8.158005909821405,0.13874945,2.3399935,-0.82129276,0.15467717291672958,1.2258460730580716,0.09356282727310176,0.12317071557060787,0.007337204397833209,0.05772705967747143
495,16.5,transport,unknown_no_ground_truth,0.5508743367795848,-0.029956760725229764,0.2171326692341362,0.056328009264773514,8.158005909821405,0.13874945,2.4777024,0.4449748,0.15344571542487934,0.9841873230590883,0.0938798618936844,0.12137610602204948,0.011296417097814884,0.05518365327236505
496,16.533333,transport,unknown_no_ground_truth,0.5503005964385965,-0.028397836479875385,0.21788435786411492,0.05069681859636846,5.446391467205162,0.13874945,2.5324328,0.94823456,0.15235102216787813,0.9186963057619274,0.09431591020727605,0.11964674269435978,0.0145039655740632,0.04857779738130868
497,16.566668,transport,unknown_no_ground_truth,0.5500574537222431,-0.027053169245149694,0.21865748283236183,0.04249929893687909,3.998445931953416,0.13874945,2.3753064,-0.49658197,0.15152759178403463,0.9134151593666171,0.09484679382436362,0.11817231813376472,0.01658630736348598,0.03912907893332251
498,16.6,transport,unknown_no_ground_truth,0.5500440720325432,-0.026017355229178377,0.21939939697806007,0.0338779901739637,2.0979676280767223,0.13874945,2.2364843,-1.7730855,0.15100735713516078,0.9141835415563557,0.09542169381712422,0.11703812309677986,0.016356120198050175,0.029668089764831783
499,16.633333,transport,unknown_no_ground_truth,0.5501341094728402,-0.025258172451378562,0.22002603095017276,0.02817167293279313,2.0979676280767223,0.13866082,2.3871303,-0.38785833,0.15069260061471212,0.9156418958302595,0.09593718513019081,0.11620807368389095,0.012495476672196113,0.025248885491579068
500,16.666666,transport,unknown_no_ground_truth,0.550187689748143,-0.02447366716094044,0.22045939505531215,0.027847111940648008,2.0979676280767223,0.13866082,2.3776224,-0.4752858,0.15025807282880466,0.9176852297849878,0.09625471283144726,0.11537988866332807,0.006032830965758986,0.027185779260002103
501,16.7,transport,unknown_no_ground_truth,0.5501887729876794,-0.0235240947370675,0.2206867695769523,0.033078371925209286,1.7318356572869837,0.13866082,2.3924315,-0.33911213,0.1495744609769923,0.9207818202820335,0.09633934833558319,0.11441699759578103,-0.0005328393923265343,0.033074080053789236
502,16.733334,transport,unknown_no_ground_truth,0.5501559783705341,-0.022288212770108753,0.2207524194200112,0.04166491620553161,1.6516013710603215,0.1385574,2.4119158,-0.15994933,0.14856531536378853,0.9265532985807742,0.09621921903472529,0.11319679685171971,-0.006156876530781072,0.04120750069827928
503,16.766666,transport,unknown_no_ground_truth,0.5500917980651027,-0.020748178773107286,0.2206939160328845,0.049652421328400025,1.6087903817728142,0.1385574,2.4072819,-0.20255923,0.1472358769836007,0.8816614729685586,0.09592889618929637,0.1116962414185598,-0.01036102576587623,0.048559366643849494
504,16.8,transport,unknown_no_ground_truth,0.5500224199170518,-0.018986586250259892,0.22055682460894438,0.05245825832183551,1.6087903817728142,0.1385574,2.2779617,-1.3916901,0.14568476100883643,0.8514458329770584,0.09552849456720089,0.10999252845500941,-0.0120623160748441,0.051052614008207084
505,16.833334,transport,unknown_no_ground_truth,0.5499779186382081,-0.017264552196176237,0.22040713983710003,0.04750298773731761,1.5691498466034823,0.1385574,2.170203,-2.3825586,0.1441698872515826,0.8174019212463678,0.09512471328330926,0.10833395272444482,-0.010876775527915144,0.046240994778303526
506,16.866667,transport,unknown_no_ground_truth,0.5499558605933927,-0.015831155308472285,0.22029563373600508,0.03726064428205393,1.5691498466034823,0.1385574,2.1394904,-2.6649687,0.14292261765720018,0.7822086959101076,0.09480337929995532,0.10695416733954333,-0.007887939394913288,0.03641615059854533
507,16.9,transport,unknown_no_ground_truth,0.5499261956382124,-0.014786291426428233,0.2202464270858661,0.027148435424792474,1.5283949931624714,0.1385574,2.242155,-1.7209412,0.14202986290369743,0.7625360271180854,0.09459885871431861,0.10594120013663937,-0.004737632784788093,0.026731860795886023
508,16.933332,transport,unknown_no_ground_truth,0.5498685864539169,-0.01402387465819613,0.22025389740760867,0.020732681776050903,1.5283949931624714,0.1385574,2.230704,-1.826236,0.1413953519826249,0.7488018331816806,0.09448754195367862,0.10518911530116704,-0.0019018994045788295,0.020645262707988384
509,16.966667,transport,unknown_no_ground_truth,0.5497903464201238,-0.013413916272481915,0.22033909244762412,0.021423183325741786,1.5283949931624714,0.1385574,2.4070387,-0.20479539,0.1409242679167157,0.7360460354096569,0.09447205172162887,0.10456902376597069,0.0003958210614435666,0.02141952636020831
510,17.0,transport,unknown_no_ground_truth,0.5496956507720561,-0.012629649434683341,0.22051087296671196,0.02923517635541745,1.6853981347049907,0.1385574,2.4474602,0.16689022,0.14035495749946733,0.7185111546692253,0.09451394457734975,0.10376236492633993,0.0012754536505548758,0.029207340764226476
511,17.033333,transport,unknown_no_ground_truth,0.5495856580795171,-0.011516544596517658,0.22073483709970684,0.040452901725300146,1.6853981347049907,0.1385574,2.572271,1.3145578,0.13954531781211132,0.6992610924786918,0.09455708066215454,0.10262482263046284,0.0007983398192614741,0.04044502332215637
512,17.066668,transport,unknown_no_ground_truth,0.5494873144836752,-0.009983112126008602,0.22098607683242655,0.05040579711950735,1.9935778642542907,0.1385574,2.4659734,0.33712372,0.13841727589226338,0.6883065222743187,0.09456714856651885,0.10107619243636412,-0.0002454630021419199,0.05040519944576665
513,17.1,transport,unknown_no_ground_truth,0.5494179503072936,-0.008197614080527459,0.22123381314989604,0.05444999616672461,2.065794492009474,0.1385574,2.405888,-0.21537553,0.13709901116889417,0.6884972058160469,0.0945407358165186,0.0992884088640754,-0.001300661127239716,0.05443445933586934
514,17.133333,transport,unknown_no_ground_truth,0.549385421100427,-0.006383911532012919,0.22144636714740062,0.05131076074397376,2.433539478746267,0.1385574,2.4377825,0.07790183,0.13575742339283017,0.6860877166442046,0.09448043915329629,0.0974860227092091,-0.002131645605472525,0.05126646325950318
515,17.166666,transport,unknown_no_ground_truth,0.5493813287326641,-0.004796755983922893,0.2215995615684861,0.04097327909857677,2.7606088736926173,0.1385574,2.4906802,0.56430924,0.13457934069254468,0.6878712914688808,0.09439862828691088,0.09591922601225283,-0.002399338166358928,0.040902967819625526
516,17.2,transport,unknown_no_ground_truth,0.5493912729085768,-0.003662993642639026,0.22168719726190006,0.02798531646592882,2.7606088736926173,0.1385574,2.457796,0.2619316,0.13373336919738124,0.689145032779104,0.09432046386631375,0.09480645617744862,-0.0021255597045491317,0.027904478738019524
517,17.233334,transport,unknown_no_ground_truth,0.5494062072242563,-0.002935656410383272,0.22172865423867133,0.020174954564569286,2.433539478746267,0.1385574,2.335498,-0.86262894,0.13318629749305735,0.6883714909942833,0.09425693904517285,0.09409686116839257,-0.0019582011324793796,0.020079697209051523
518,17.266666,transport,unknown_no_ground_truth,0.549423559697006,-0.002319855644273159,0.22174964161307145,0.02066201526907787,2.433539478746267,0.1385574,2.331258,-0.9016171,0.13271735354380101,0.6859808466224465,0.09418991912440297,0.09349949233556676,-0.0028284689565338523,0.020467502005411687
519,17.3,transport,unknown_no_ground_truth,0.5494062938369597,-0.0015582676156660033,0.22174127082720063,0.029541058013594444,3.1331548386910004,0.13507093,2.4459255,0.15277827,0.13211064896419802,0.6825653201069435,0.09406837733728234,0.09275971083866222,-0.005595050683590444,0.02900637027293499
520,17.333334,transport,unknown_no_ground_truth,0.5493122934540888,-0.00035491520250134276,0.22167619250290577,0.04453035789469387,3.291719226693526,0.13507093,2.5722654,1.3145051,0.13111032000223127,0.6856305229225246,0.09381688586466977,0.09158770625877151,-0.01035715738205288,0.04330914528356467
521,17.366667,transport,unknown_no_ground_truth,0.5491104702355827,0.0013869121587635142,0.22151422372736657,0.06166050958458092,3.1331548386910004,0.13507093,2.4793475,0.46010178,0.12961412207560977,0.6891331229455658,0.09337791910094762,0.08989096097944417,-0.0161566596127599,0.05950614079561545
522,17.4,transport,unknown_no_ground_truth,0.5488064933045477,0.0037019369923003784,0.2212478720586419,0.07499677752475863,3.0040993966393272,0.13507093,2.3703754,-0.5419235,0.12759756374302417,0.6794175851231488,0.09273979172745114,0.08763828674445945,-0.02057407362457058,0.07211951284908191
523,17.433332,transport,unknown_no_ground_truth,0.5484623221794374,0.0063102686532441245,0.2209332326603375,0.07832054690268922,2.251143237964818,0.13507093,2.3420331,-0.8025375,0.12533025229333533,0.6804628186423778,0.09200633520855517,0.08510291664450795,-0.02147951502780815,0.07531758427689053
524,17.466667,transport,unknown_no_ground_truth,0.5481409973264664,0.008845024054506889,0.22064024321665965,0.07234044210231078,2.3791875212555995,0.13507093,2.2507296,-1.6420966,0.12315231856416069,0.6916451774245674,0.09130778955863095,0.08264006978243232,-0.018692596935813363,0.06988366320788428
525,17.5,transport,unknown_no_ground_truth,0.5479031491002258,0.011075561068197827,0.22044490300646957,0.06094829639298484,2.721117693680064,0.13507093,2.448795,0.179165,0.12129752268813782,0.7101892741484012,0.09076015406093739,0.08047163130640649,-0.013052108338200127,0.05953433716045737
526,17.533333,transport,unknown_no_ground_truth,0.547789463979875,0.012885828030856195,0.22040029234714759,0.04835964973274525,2.626426352468375,0.13507093,2.4693804,0.36845195,0.11989183654546097,0.7228849804772041,0.09043766233515987,0.07870884131782867,-0.00650729055384276,0.04791983818755732
527,17.566668,transport,unknown_no_ground_truth,0.5477743198401399,0.014296535864487637,0.22049859044083434,0.038889407506055816,2.3791875212555995,0.13507093,2.4603438,0.2853587,0.11890533629964906,0.7361576903167,0.09032632372314064,0.07732809478575713,-0.0017944380515843442,0.03884798589696893
528,17.6,transport,unknown_no_ground_truth,0.5477851118910958,0.015465203434402877,0.22066255130163176,0.033910811635269815,2.156823087920763,0.13507093,2.4897609,0.5558557,0.11815287337093641,0.7491963035430715,0.09031804286740712,0.07617580074019403,-0.0006644996317007454,0.03390430040573349
529,17.633333,transport,unknown_no_ground_truth,0.5477431424124919,0.01653802723934282,0.22079090224827014,0.03322623167785463,2.156823087920763,0.13507093,2.3816621,-0.43813914,0.11744196545567824,0.7628281792423762,0.09028202442646405,0.07511172555301916,-0.002749239843474343,0.033112296081569514
530,17.666666,transport,unknown_no_ground_truth,0.5476099428077457,0.017667241791313702,0.22082620114594995,0.03428845797851922,2.156823087920763,0.13507093,2.5217597,0.85009325,0.11661422122671616,0.7814451521141234,0.09013476301945668,0.0739905472863925,-0.006026357840648128,0.033754723546803596
531,17.7,transport,unknown_no_ground_truth,0.5473923226631825,0.018796710559816823,0.22076326252445722,0.0348614319744487,1.8045779393655492,0.13507093,2.4006722,-0.26333687,0.11570758685409065,0.8023871340748282,0.08988023850693631,0.07286829476207864,-0.009369661882443989,0.03357869675133016
532,17.733334,transport,unknown_no_ground_truth,0.5470795384791152,0.01991805705580124,0.2205937716872486,0.03425235310717354,1.8045779393655492,0.13507093,2.4419649,0.11635947,0.11471887010210115,0.8250323598172826,0.08951013434757746,0.07175203834443585,-0.01181176426736177,0.032151297303075914
533,17.766666,transport,unknown_no_ground_truth,0.5467212902791049,0.02094321571505544,0.22036778952137284,0.031957021119540074,1.6929044055101203,0.13507093,2.4119828,-0.15933329,0.11375434871273044,0.8502714750812287,0.08909279962120671,0.07072852965185256,-0.01239540462974038,0.029455137801404716
534,17.8,transport,unknown_no_ground_truth,0.5463663240242231,0.021872582869778605,0.22013561329666725,0.03265947079332454,1.6929044055101203,0.13507093,2.428012,-0.011941557,0.11285714781944933,0.8779446851681794,0.08868378670053031,0.06979915322119519,-0.012333472510855705,0.030241139005070316
535,17.833334,transport,unknown_no_ground_truth,0.5460122229452584,0.022952905621644884,0.21992145906954869,0.03876740705334015,1.8045779393655492,0.13507093,2.4918206,0.5747951,0.1118675446830538,0.9096278562087878,0.08827053974294144,0.06872160771478528,-0.012765772380188577,0.036605285208239836
536,17.866667,transport,unknown_no_ground_truth,0.5456334678751869,0.024317214266280703,0.21972774911281379,0.048809335110820765,1.9097008091993393,0.13507093,2.4506733,0.19643609,0.1106897425428461,0.9359653349700631,0.0878327423287035,0.06736192158201197,-0.014451355018288706,0.04662091303369962
537,17.9,transport,unknown_no_ground_truth,0.5451999387545423,0.02607687961259184,0.21951050413266826,0.05952330073016883,2.036595265014716,0.13507093,2.5590115,1.192632,0.10921415298751964,0.9757601854632277,0.0873071308367607,0.06561399330809012,-0.017335425181987156,0.05694300978674944
538,17.933332,transport,unknown_no_ground_truth,0.5447301882290418,0.028150055046441615,0.2192381520897267,0.0667800113199224,2.036595265014716,0.13507093,2.4540875,0.22783008,0.10748737056889344,1.0390114554475853,0.08667706502428324,0.06356588102583648,-0.020733284832550304,0.06347992447964398
539,17.966667,transport,unknown_no_ground_truth,0.544207235453205,0.030369349121959537,0.21887000468816084,0.0684644941914287,2.3502132389248014,0.13846138,2.3238106,-0.97009856,0.10559770254452604,1.0971279400268876,0.08592486935489498,0.06138233955321703,-0.023658484276484995,0.06424689164953809
540,18.0,transport,unknown_no_ground_truth,0.5436459965037108,0.03250774459694875,0.2184205888897574,0.06418117713560327,2.5426512543111386,0.13846138,2.3940632,-0.32410792,0.10371316002809587,1.132437599419595,0.08509983276033738,0.05928269584943004,-0.024440127275416133,0.05934562896518281
541,18.033333,transport,unknown_no_ground_truth,0.5431095439512723,0.034401817689441005,0.21795274267992404,0.05748500518648529,2.8583668174008716,0.13846138,2.4293106,0.0,0.10199790300921256,1.1527612096962492,0.08429555250152526,0.057426753754146104,-0.02305276112538269,0.05266019393988486
542,18.066668,transport,unknown_no_ground_truth,0.5426274408183133,0.036090938546688586,0.21752035459285038,0.05439512665895473,2.5426512543111386,0.13846138,2.4901934,0.5598325,0.10046616485658351,1.1986083134131738,0.08356294868392107,0.05577350525328838,-0.02104198593438559,0.05016038907525386
543,18.1,transport,unknown_no_ground_truth,0.5421682998566884,0.03781143465347496,0.2171532386956836,0.05566139276312617,2.3502132389248014,0.13846138,2.552992,1.1372825,0.09897598819383852,1.2479302648035513,0.08289274791742413,0.054083625818220085,-0.018931808592850256,0.05234288172936866
544,18.133333,transport,unknown_no_ground_truth,0.5417272873140184,0.039633143921620706,0.21687862335056923,0.059114807412917976,2.279782879332941,0.13846138,2.496918,0.62166685,0.09750415324539273,1.3035087062702608,0.08230084744944317,0.052284131523862125,-0.016913644444499713,0.05664352643569631
545,18.166666,transport,unknown_no_ground_truth,0.5413243579081242,0.041632071428628944,0.21668270657372707,0.06345523110958194,2.320556514985312,0.13857956,2.4506228,0.19597131,0.09600240523034545,1.3610933486518961,0.08176518889799765,0.05030820702913416,-0.015310288886428493,0.06158052784269196
546,18.2,transport,unknown_no_ground_truth,0.5409821709655139,0.043784695095450896,0.21655326857527502,0.06603311559152968,2.320556514985312,0.13857956,2.4362679,0.06397404,0.09448975789388293,1.4174489089602296,0.0812801340450044,0.04818562188527536,-0.013944855713731805,0.06454388703701938
547,18.233334,transport,unknown_no_ground_truth,0.5406819475891537,0.04598182275619331,0.2164661861631616,0.06467214625136104,2.320556514985312,0.13857956,2.5447223,1.0612398,0.09301855960245686,1.4538692967483906,0.08083553377792124,0.04602248265092153,-0.01217505964151282,0.06351578090115116
548,18.266666,transport,unknown_no_ground_truth,0.5404392148914027,0.0480600871910227,0.21643293409839656,0.059487246652625905,2.279782879332941,0.13857956,2.5590265,1.1927701,0.09170188441243246,1.4707378116195062,0.08046847583876207,0.04397794903105066,-0.009722136809829644,0.05868741406946899
549,18.3,transport,unknown_no_ground_truth,0.5402579791480695,0.04992480640560663,0.2164475098437518,0.05210829439291669,2.0483034707497714,0.13857956,2.5300434,0.92626315,0.09058835244006071,1.495026702667843,0.08018740125485722,0.04214534704800966,-0.007256416154810042,0.05160056946514336
550,18.333334,transport,unknown_no_ground_truth,0.540122237934501,0.05151894195738292,0.2164957674821093,0.04475905402806088,1.5825491333388426,0.13857956,2.4386168,0.08557275,0.08968920000203422,1.516399764165625,0.07998469615238163,0.040578331390239315,-0.005376609730230247,0.04443495229316293
551,18.366667,transport,unknown_no_ground_truth,0.5399926932970129,0.05289490171202886,0.21655865596418872,0.03951440685075376,1.5825491333388426,0.13857956,2.4545395,0.23198672,0.08894331795526353,1.5333460882486396,0.07982896972699284,0.03922052270454803,-0.0043163555308328005,0.03927795085920783
552,18.4,transport,unknown_no_ground_truth,0.5398573408376572,0.05413658031898626,0.21662649641494075,0.03733624041766079,1.0043382072328102,0.13857956,2.4491768,0.1826749,0.08828836625572288,1.546524660468783,0.07969694352604421,0.037989904036614605,-0.003884238392951034,0.03713364432199043
553,18.433332,transport,unknown_no_ground_truth,0.5397227422546566,0.05536536404967771,0.21669752668468417,0.0392135027108302,0.7814933508793148,0.13857956,2.6561847,2.0861638,0.08765601325288994,1.5625114932864097,0.07957002446845046,0.03677210716672369,-0.003988633296093898,0.03901012175425217
554,18.466667,transport,unknown_no_ground_truth,0.5395804766643355,0.05673175291545875,0.21677770222343706,0.04305580494260039,0.756692901968786,0.13857956,2.595604,1.529109,0.08697075717678972,1.5840937235678638,0.07943101380979599,0.035420709324519746,-0.004317191205167627,0.04283881650271487
555,18.5,transport,unknown_no_ground_truth,0.5394290796056889,0.058215712551006736,0.2168665939395482,0.045246935278738916,0.7814933508793148,0.13857956,2.4928243,0.5840248,0.08624744187333445,1.6023097663698433,0.07928222499988037,0.03395511785817491,-0.0046338707379385835,0.04500902569599197
556,18.533333,transport,unknown_no_ground_truth,0.5392623378003885,0.05972639783003052,0.21694991078300038,0.04330539185987283,0.7814933508793148,0.13857956,2.4794655,0.461187,0.0855228296906251,1.616591968356664,0.07912209382731888,0.032463035389079284,-0.004926363426743013,0.04302427114460847
557,18.566668,transport,unknown_no_ground_truth,0.5390827838716341,0.06107867613919318,0.21700300576072118,0.037032667870600236,0.7814933508793148,0.13857956,2.4560947,0.24628721,0.08486723962689169,1.6300445231942038,0.07895377935554337,0.031124734334037733,-0.005147719430484385,0.03667314377414623
558,18.6,transport,unknown_no_ground_truth,0.5388934201589344,0.06216679547000772,0.21701143141905785,0.030490686489542708,1.0785152678252308,0.13857956,2.3981464,-0.2865623,0.08431296821855279,1.6533703021886121,0.07877892485530516,0.030042596566623114,-0.005360962168053226,0.03001569668084158
559,18.633333,transport,unknown_no_ground_truth,0.5386964406540169,0.06307423321229169,0.21698615045519454,0.027658649569015047,1.295970859697426,0.13857956,2.431369,0.018928474,0.08382283050739135,1.6829050942669752,0.07859638735376472,0.029135456221034712,-0.0056665432822608185,0.027071963046883783
560,18.666666,transport,unknown_no_ground_truth,0.5384966914596301,0.06396630271626383,0.21694601122236748,0.030117085555765997,1.6231386469800413,0.13857956,2.4861627,0.5227692,0.08333376589943949,1.715745102153196,0.0784011610913896,0.02824490181439055,-0.0061694158466515745,0.029478418385056094
561,18.7,transport,unknown_no_ground_truth,0.5383015756091112,0.06504144246367373,0.21691122104501687,0.03731975158141431,1.9313767809467624,0.13860911,2.655798,2.082608,0.08277555208567937,1.7538827417384177,0.0781850697573836,0.027182473951465082,-0.006852136984505878,0.036685311459002806
562,18.733334,transport,unknown_no_ground_truth,0.5381139725732462,0.06642418179706197,0.21689610103748996,0.04486094586181913,1.9313767809467624,0.13860911,2.486553,0.526358,0.08211296755792072,1.8055815227211638,0.07794436374886887,0.02583051685414283,-0.007306391858577565,0.044261959984008586
563,18.766666,transport,unknown_no_ground_truth,0.5379395065877781,0.0680101188656238,0.21690369558138684,0.04913159653455999,1.9313767809467624,0.13860911,2.4622045,0.30246755,0.08140657577171656,1.8659982482068376,0.07769798443011208,0.02429102291741318,-0.007465197783204546,0.048561142903482256
564,18.8,transport,unknown_no_ground_truth,0.5377650943384344,0.06968085827907418,0.21691888665321057,0.04906401621462902,1.9313767809467624,0.14365414,2.415276,-0.1290508,0.08069826666895151,1.9111773375978374,0.07744669152217193,0.02267642422523344,-0.007470623990487265,0.0484919319506053
565,18.833334,transport,unknown_no_ground_truth,0.5375908047886451,0.071262378959868,0.21692540131363444,0.04415477583563832,1.340952494860568,0.14365414,2.431451,0.01968263,0.08004546158115707,1.9478806964119724,0.0771999199727699,0.02115297321745612,-0.0071119215761769414,0.043578260642088265
566,18.866667,prealignment,unknown_no_ground_truth,0.5374226245792879,0.0726045720570476,0.21691532084245008,0.038028759719220845,1.340952494860568,0.14365414,2.462602,0.30612215,0.0794937841377066,1.9716489245314768,0.07697257239691838,0.019861641803573377,-0.006760525746178666,0.03742301240436811
567,18.9,prealignment,unknown_no_ground_truth,0.5372421024964988,0.07377317224897786,0.21688511912953556,0.03379998852338966,1.340952494860568,0.14365414,2.440345,0.10146487,0.07900245517305508,2.006028762680589,0.07674922516206943,0.018733509025074445,-0.006767268262019519,0.033115605150006486
568,18.933332,prealignment,unknown_no_ground_truth,0.5370447978275172,0.07482452040256832,0.2168351438096105,0.0310056789257583,1.340952494860568,0.14365414,2.3642993,-0.5977947,0.07854480550948126,2.0340805566615185,0.07652142809204919,0.017713201722884122,-0.006875388944888137,0.030233775028992365
569,18.966667,prealignment,unknown_no_ground_truth,0.5368443126724474,0.07579840660522316,0.21677122257273568,0.029894676785231875,1.2013574461436967,0.14365414,2.4215386,-0.07146519,0.07811167763917845,2.063357481862904,0.07629084321017618,0.01676727246415611,-0.007040428714588696,0.029053813236962142
570,19.0,prealignment,unknown_no_ground_truth,0.5366338015656481,0.07676999135568785,0.21669993363018825,0.02963941105458617,1.4369706999989922,0.14365414,2.2849648,-1.3272952,0.07768078058086071,2.1085825736124173,0.07605207674508377,0.01582356768910585,-0.007080341246467065,0.028781303922795123
571,19.033333,prealignment,unknown_no_ground_truth,0.5364437084608445,0.07772811046905194,0.21662958765318457,0.029872007893844088,1.5353590600129363,0.14365414,2.2419887,-1.7224715,0.07726966663294343,2.123845629857992,0.07581882769280686,0.01490324625223232,-0.006859830573828756,0.029073692233843432
572,19.066668,prealignment,unknown_no_ground_truth,0.5363045685345567,0.07872967324675556,0.2165683497957016,0.030777729397358986,1.9954897530632145,0.14365414,2.2400882,-1.7399464,0.076874591361937,2.133469749330798,0.07559473275728382,0.013969222470117662,-0.00625638868861958,0.03013513277611314
573,19.1,prealignment,unknown_no_ground_truth,0.5362440941798442,0.0797680135949009,0.21653397208885017,0.031648424639474274,2.419410891724232,0.14365414,2.335998,-0.85803163,0.07652144245255392,2.1519631703425084,0.07540174409146831,0.013042551245222068,-0.005235258628326248,0.031212414985947783
574,19.133333,prealignment,unknown_no_ground_truth,0.536259938567182,0.08083875204571772,0.21653208440343824,0.032766833030006666,2.5527259342309763,0.14365414,2.2660475,-1.5012447,0.07621809509508508,2.1619126503681545,0.07524572086308384,0.012135877047758132,-0.004750511532359126,0.03242064137239204
575,19.166666,prealignment,unknown_no_ground_truth,0.5362983675783493,0.08195175515271916,0.2165287793892418,0.03215527808079976,2.5527259342309763,0.14365414,2.2492747,-1.6554742,0.07592081119129303,2.155747550306433,0.07508504817517551,0.011234104880921223,-0.0052245375746885715,0.03172800207362936
576,19.2,prealignment,unknown_no_ground_truth,0.5363438728426502,0.08298028232275362,0.2164844763350387,0.027929043789917157,2.5527259342309763,0.14365414,2.169126,-2.3924613,0.07562275497534325,2.1784298139025613,0.07489739584555287,0.01044897916618478,-0.006360703612979067,0.027195090302606924
577,19.233334,prealignment,unknown_no_ground_truth,0.536380765805549,0.08380434618592392,0.216361214898953,0.021838473156884,2.5527259342309763,0.14365414,2.179792,-2.294386,0.07531024042202211,2.2173959035893844,0.07466101467599486,0.009867380603465793,-0.007997840280234689,0.020321256375426165
578,19.266666,prealignment,unknown_no_ground_truth,0.5363800804136635,0.08439597393333995,0.21614671766315297,0.01723588383630672,2.360968914505891,0.14365414,2.1753495,-2.3352354,0.0749655069649572,2.2412634612266173,0.07436421466313514,0.009475801393454903,-0.009881404156931214,0.014122094161491835
579,19.3,prealignment,unknown_no_ground_truth,0.5363527678493942,0.08483102682384869,0.2158460072428311,0.01609156766969948,2.360968914505891,0.14365414,2.1162844,-2.8783536,0.07457291305370711,2.2307849444586774,0.07400226449247842,0.009207834235097294,-0.011404055213895052,0.011352800304195904
580,19.333334,prealignment,unknown_no_ground_truth,0.5363314529019017,0.08525484109917003,0.21550573076141608,0.01781904039468464,2.360968914505891,0.14479905,2.0259862,-3.7086678,0.07414824808716208,2.210344115258428,0.07360391581632836,0.008968069519031684,-0.011738916008519036,0.013405821553800367
581,19.366667,prealignment,unknown_no_ground_truth,0.5363460521631467,0.085826018029457,0.21519704215895352,0.023489882209147803,2.232547868548255,0.14479905,2.0616777,-3.3804755,0.07373035283392024,2.1926549858105266,0.07321967502979401,0.008662800791068159,-0.011738119502972237,0.020346771653841828
582,19.4,prealignment,unknown_no_ground_truth,0.5363342901761896,0.08670867252649264,0.21492381806451272,0.032247708009381926,2.360968914505891,0.14479905,1.9734383,-4.1918592,0.07327807866080656,2.173556866871352,0.07282138650633174,0.008168382919207323,-0.013427468534605755,0.02931923874541301
583,19.433332,prealignment,unknown_no_ground_truth,0.5362130480589926,0.08788951022992839,0.21460881499109052,0.039315187886805984,2.409585506542134,0.14479905,1.9645096,-4.27396,0.0727123929389636,2.14139560822422,0.07232452417665047,0.0075003526271331935,-0.016602807977392484,0.03563749101495065
584,19.466667,prealignment,unknown_no_ground_truth,0.5360219760294569,0.0892108169085438,0.21420849588893656,0.04183148277360429,2.4982431170755177,0.14479905,1.6826377,-6.865843,0.07204105242803391,2.1165812964754838,0.07171449521470276,0.0068515991592551185,-0.02078020131664464,0.03630504351020768
585,19.5,prealignment,unknown_no_ground_truth,0.5357980536957829,0.09046947365550564,0.21363466769262113,0.04069113385146299,2.800292351372327,0.14479905,1.6730465,-6.954036,0.07122658873628321,2.114466883847208,0.07093918443805572,0.006392108749946204,-0.027483687853572535,0.030006920469869393
586,19.533333,prealignment,unknown_no_ground_truth,0.535490800710744,0.0914290933833598,0.21274021549841676,0.03975664951257321,2.997775414024376,0.14479905,1.7625134,-6.131366,0.07014775610553003,2.087573381274607,0.06988227743171185,0.006097129455586634,-0.0349412184557744,0.01896582276863933
587,19.566668,prealignment,unknown_no_ground_truth,0.5350915184269973,0.09198456524418741,0.21157786786515,0.0413249984142657,2.997775414024376,0.14479905,1.7104058,-6.6105075,0.06885761652911757,2.0023816023122976,0.0686097103721054,0.005837721878165883,-0.04023167026873023,0.009442891576589847
588,19.6,prealignment,unknown_no_ground_truth,0.5346081711326898,0.09212697490571942,0.21022545706023255,0.043651307251507745,2.997775414024376,0.14479905,1.482512,-8.706048,0.06742775146652942,1.9085968270039113,0.06720015393524681,0.005535429424280823,-0.04215297730036897,0.011338568228842256
589,19.633333,prealignment,unknown_no_ground_truth,0.5340852049814412,0.09200064166578323,0.20884740590663736,0.04364642037981416,2.997775414024376,0.14479905,1.5413039,-8.165442,0.0660058543616669,1.8670311062667728,0.06579955494364792,0.005214535380207891,-0.04086344648543028,0.015335864934976195
590,19.666666,prealignment,unknown_no_ground_truth,0.5334808960461515,0.09185953686079142,0.20755634119883606,0.041139715071970166,2.923167187514675,0.14479905,1.7659382,-6.099874,0.06465652718239795,1.8436155623408512,0.06447596591056112,0.004828698291291864,-0.037870582720306946,0.01607156248244949
591,19.7,prealignment,unknown_no_ground_truth,0.5327871344411605,0.0919247677632932,0.20643251786632105,0.03692497308838541,2.7067536844331705,0.14479905,1.878941,-5.0607843,0.06342190635001703,1.8215140807135717,0.06327480697545175,0.004317060028497782,-0.03311747757830033,0.016330533256105322
592,19.733334,prealignment,unknown_no_ground_truth,0.5321306561261254,0.09233141015504424,0.20555283045825767,0.03470944718218144,2.341306175894028,0.14479905,1.8295994,-5.5144935,0.062380351902497036,1.8107945003866908,0.06226810899593558,0.0037404418922973755,-0.02836377257295787,0.020006052312292046
593,19.766666,prealignment,unknown_no_ground_truth,0.531589718732323,0.09309608929729865,0.2048361272995542,0.037554281263884735,2.341306175894028,0.14479905,1.6678914,-7.0014386,0.06146950003292762,1.8022283382495008,0.06138391777682014,0.0032425410817249435,-0.0273846575335126,0.025698337942738552
594,19.8,prealignment,unknown_no_ground_truth,0.5310949743621471,0.09407701610020197,0.20408717772383433,0.04075853250466822,2.399865771796174,0.14479905,1.6493714,-7.1717343,0.060515694024416894,1.7937848851526412,0.060442493133124955,0.002975608695542662,-0.029434244087076754,0.0281936738818566
595,19.833334,prealignment,unknown_no_ground_truth,0.5306120577849651,0.09508125307147922,0.20325911503069635,0.041854019307065386,2.399865771796174,0.14479905,1.6051041,-7.5787835,0.05949816957306253,1.7795721554906128,0.059421588608296994,0.0030177789533386975,-0.033298316456726144,0.025357071071082378
596,19.866667,prealignment,unknown_no_ground_truth,0.5300846911773667,0.09589490575292328,0.20222698684983978,0.042414260996877555,2.399865771796174,0.14479905,1.8175907,-5.624916,0.058308175441169334,1.7260194779952798,0.05822260120429154,0.0031578524798053084,-0.037890189704241274,0.01906051048864792
597,19.9,prealignment,unknown_no_ground_truth,0.5294819170607217,0.09640133212509736,0.20102856613338152,0.04323501656162397,2.399865771796174,0.14480644,1.6960977,-6.742074,0.05698270921213111,1.6891667895387892,0.05689561466524824,0.003149314372665967,-0.04034033882887074,0.015553897269038497
598,19.933332,prealignment,unknown_no_ground_truth,0.5287665550921403,0.09660336554470014,0.19976361533757087,0.04420052973649658,2.399865771796174,0.14480644,1.6011058,-7.6155486,0.055609200979312316,1.6592901866142595,0.05553328648903483,0.0029047074352388535,-0.04014799625513999,0.018488516048731002
599,19.966667,prealignment,unknown_no_ground_truth,0.5279292667092508,0.0965833357175466,0.19853064657754044,0.0424647410683537,2.8324252398777294,0.14480644,1.8274213,-5.534521,0.05427713199784148,1.6295127612024176,0.05421903338499301,0.0025106725609129613,-0.03657850172294208,0.02157005901028201
600,20.0,axial_advance_candidate,unknown_no_ground_truth,0.5271104608080968,0.09645310427106674,0.1974724724289412,0.036472285839874316,2.399865771796174,0.14480644,1.7053266,-6.6572127,0.05313978740875793,1.609789755759104,0.053094691255557144,0.0021887819272490513,-0.031111110456018543,0.0190348743252723
601,20.033333,axial_advance_candidate,unknown_no_ground_truth,0.5264746624183905,0.09644828882912904,0.19658698242363956,0.028451546632832923,2.8324252398777294,0.14480644,1.5717747,-7.8852553,0.05218998660399097,1.5949114430717686,0.05214499113382905,0.0021667028817185735,-0.025518219073627876,0.012582169968276576
602,20.066668,axial_advance_candidate,unknown_no_ground_truth,0.5260619802529538,0.0966231906879888,0.19590096546854063,0.022494419293822034,2.872987792807875,0.14480644,1.7617166,-6.1386924,0.05144744456850934,1.583144381575124,0.0513934502954504,0.0023564420975084,-0.020843802920508653,0.00845782354848267
603,20.1,axial_advance_candidate,unknown_no_ground_truth,0.5258657094988038,0.09699918876547017,0.19533215696506084,0.023329271014346776,2.909532220197968,0.14480644,1.7325758,-6.4066496,0.05082536528111342,1.573174361858258,0.050755394059213844,0.0026660326053014297,-0.020475611858789836,0.01118052794232123
604,20.133333,axial_advance_candidate,unknown_no_ground_truth,0.5257710000314545,0.09754835702697695,0.19468513890383488,0.027902084170843045,3.2152760137241256,0.14480644,1.7181673,-6.539139,0.050122947379741246,1.5320977580155686,0.050028430420200394,0.003076687134480447,-0.024011012055108964,0.014212586012623532
605,20.166666,axial_advance_candidate,unknown_no_ground_truth,0.5256473186739552,0.09816958229408852,0.19390299801744945,0.03208566723912859,2.909532220197968,0.14480644,1.5582073,-8.010012,0.04928259522814384,1.4914728734080278,0.04915468444886723,0.0035484065653974828,-0.02883965837763111,0.014062864105210618
606,20.2,axial_advance_candidate,unknown_no_ground_truth,0.5253611976141813,0.09873884651519367,0.19295582799406133,0.03563966571585345,3.2152760137241256,0.14480644,1.536623,-8.208484,0.048271640201390006,1.4415037662595107,0.04810573603831253,0.003998675773884511,-0.03323845965929025,0.012860426579842288
607,20.233334,axial_advance_candidate,unknown_no_ground_truth,0.5248465399124946,0.09915734330903302,0.1918959138186856,0.03775397352768377,3.5276105562647353,0.14480644,1.5961052,-7.66153,0.047141865354548895,1.4047341811807152,0.04693877890614535,0.004371098707009734,-0.03486589183220082,0.014482130501908866
608,20.266666,axial_advance_candidate,unknown_no_ground_truth,0.5241618858464374,0.09938611537544761,0.19083983066451723,0.037913645771658976,3.2152760137241256,0.14480644,1.6163118,-7.4757257,0.04601878221630491,1.3798912482898578,0.04578137886415361,0.004668368662448415,-0.033801207842677934,0.017173318959214673
609,20.3,axial_advance_candidate,unknown_no_ground_truth,0.5234225284894924,0.0995199242737003,0.1898394184701976,0.03428762120989707,3.2152760137241256,0.14480644,1.7362254,-6.3730907,0.04496113393648168,1.3572220869765694,0.044685399577072675,0.0049717833311195515,-0.02926925457945918,0.017859219036570197
610,20.333334,axial_advance_candidate,unknown_no_ground_truth,0.5227364878341825,0.09952489516485571,0.18905818376375427,0.027257943604870324,3.157534697201867,0.14480644,1.6350898,-7.3030577,0.04414211176717546,1.3440851749016214,0.04383006840492479,0.00523938306343639,-0.021838637556824553,0.016311633861386884
611,20.366667,axial_advance_candidate,unknown_no_ground_truth,0.5221832612882542,0.09947522654297922,0.1885110908548347,0.019824828514153386,2.517806390942583,0.14480644,1.6263376,-7.3835354,0.043574349686062205,1.349979317409753,0.04322947077005895,0.005471453874780296,-0.01517291212001134,0.012759567524567677
612,20.4,axial_advance_candidate,unknown_no_ground_truth,0.5217814057859604,0.09948073948780624,0.18814572138782393,0.013280477468774681,2.1204716981916896,0.14480644,1.6516988,-7.150333,0.0431955494554521,1.3572956791368265,0.04281855642901545,0.005694446249955174,-0.01000099909462883,0.008737911587322525
613,20.433332,axial_advance_candidate,unknown_no_ground_truth,0.5215208180740122,0.09959608657025644,0.18793627845466354,0.010336365988381606,1.3330327168842966,0.14480644,1.5398914,-8.178431,0.0429727062265268,1.3617548592339683,0.042562747712859304,0.005921654123880045,-0.007059349863659719,0.0075502345227297105
614,20.466667,axial_advance_candidate,unknown_no_ground_truth,0.5213121093428406,0.09982745513873983,0.18777905843015755,0.011614911689418443,1.3330327168842966,0.14480644,1.7167706,-6.5519814,0.04279857415135296,1.3680004463902182,0.04234791480977477,0.006194518597350119,-0.0066293382121055365,0.00953719290056076
615,20.5,axial_advance_candidate,unknown_no_ground_truth,0.5210832827195708,0.10015464192524706,0.1876262092852401,0.014365056461380105,1.3330327168842966,0.14480644,1.6263453,-7.3834653,0.04262630077706414,1.3740238597037633,0.04212080094635135,0.006545200193621785,-0.0081800404811138,0.011808547110715094
616,20.533333,axial_advance_candidate,unknown_no_ground_truth,0.5207710269710671,0.10051908028113482,0.18739697325814508,0.016740157201984077,1.006489690517702,0.14480644,1.5797948,-7.8115087,0.04237927565670341,1.386037946586708,0.04180258713341149,0.006967547211206729,-0.011072334087393297,0.01255532878917505
617,20.566668,axial_advance_candidate,unknown_no_ground_truth,0.520400783688684,0.10083603312019826,0.18706454322176708,0.017859522090522262,1.3330327168842966,0.14480644,1.5911254,-7.707321,0.0420357632793284,1.400957700648832,0.04138261534817586,0.007381364468758663,-0.013836702013273977,0.011291953183471523
618,20.6,axial_advance_candidate,unknown_no_ground_truth,0.5200147640775148,0.10102887269522226,0.1866316199765938,0.01911712748575061,1.3330327168842966,0.14480644,1.6912093,-6.7870245,0.04160032734701036,1.3923949393425377,0.04088014697339031,0.007707192667400022,-0.0163917181558826,0.009837486427159644
619,20.633333,axial_advance_candidate,unknown_no_ground_truth,0.5196158629842969,0.10107174967876115,0.18608854405928094,0.021530869147732994,1.3330327168842966,0.14479905,1.7145412,-6.572482,0.041062808985979506,1.379937214981729,0.040289850881522274,0.007929829617573015,-0.01893497262044443,0.010249153044023705
620,20.666666,axial_advance_candidate,unknown_no_ground_truth,0.5192090710631787,0.10098827028896043,0.18544439835002932,0.02369075975579718,1.248946461611437,0.14479905,1.7334775,-6.3983583,0.040431773439046075,1.3661584547759176,0.039617834806971404,0.00807189374520483,-0.020680605564602824,0.011557017404513063
621,20.7,axial_advance_candidate,unknown_no_ground_truth,0.5188091066823964,0.10082860755059445,0.1847526401948958,0.024634480103384003,0.9922668068055046,0.14479905,1.6562974,-7.1080475,0.03975991461198978,1.337275189703206,0.03891110924546019,0.00817168203251821,-0.02131892668216193,0.012343458797461368
622,20.733334,axial_advance_candidate,unknown_no_ground_truth,0.5184183462787141,0.1006409064559654,0.18404753677411667,0.02405016485548815,0.9922668068055046,0.14479905,1.6180471,-7.459769,0.039080689489839567,1.3176414213540615,0.03819656857260941,0.008265738943325246,-0.020894094939486928,0.011909963317989866
623,20.766666,axial_advance_candidate,unknown_no_ground_truth,0.518073724546252,0.10046522243303396,0.18337503407792846,0.02147441276097187,1.248946461611437,0.14479905,1.6161577,-7.4771433,0.038436391690968005,1.2983510814671584,0.0375181909256339,0.008351140993253342,-0.019046091298729497,0.009919516604605898
624,20.8,axial_advance_candidate,unknown_no_ground_truth,0.5178312818106723,0.10031876319554445,0.18278220141461626,0.01712616339326059,1.248946461611437,0.14479905,1.5756189,-7.8499074,0.03786779655314127,1.2789171597954863,0.03692684860780984,0.008389151785847608,-0.01567355136276095,0.006902554617788511
625,20.833334,axial_advance_candidate,unknown_no_ground_truth,0.5177367482713509,0.10020587603268657,0.1823153987877293,0.012823015460994886,0.9922668068055046,0.14479905,1.605442,-7.575676,0.03741482307775435,1.2508576442107913,0.036473267396815834,0.00834084835853227,-0.011922318409677349,0.00472102205578225
626,20.866667,axial_advance_candidate,unknown_no_ground_truth,0.5177460049048876,0.10012419824713442,0.1819541456211886,0.01053215838062864,0.9729673165605606,0.14479905,1.5213594,-8.348836,0.03705845573560545,1.218736617308034,0.036132024289821,0.008234437578099277,-0.009551031110686694,0.004438937359024228
627,20.9,axial_advance_candidate,unknown_no_ground_truth,0.5178258053450416,0.10006416144963964,0.18163350674934126,0.010528520319780863,1.4186735856775894,0.14479905,1.5724349,-7.8791847,0.03673648320006298,1.1960532042934984,0.035836541745581055,0.008081551436805725,-0.009085359192117358,0.005320337251927472
628,20.933332,axial_advance_candidate,unknown_no_ground_truth,0.517949601136694,0.10000766241217363,0.18129261830658266,0.011547298205852267,1.512011677309581,0.14479905,1.4869192,-8.665524,0.03639131703585264,1.1860825464509384,0.03552634295748503,0.007887135834451739,-0.009623813298188396,0.006381403721477834
629,20.966667,axial_advance_candidate,unknown_no_ground_truth,0.5181096765701514,0.09995627970678908,0.18092610347848676,0.012666285423805837,1.512011677309581,0.14479905,1.5716013,-7.88685,0.036018360144634554,1.1778355965725242,0.03519493047855712,0.007657619481152729,-0.01032221284865338,0.00734075666020958
630,21.0,axial_advance_candidate,unknown_no_ground_truth,0.5182974437262262,0.09990456698509681,0.180530096414318,0.01357856090715575,1.4834519053186657,0.14479905,1.5532719,-8.055393,0.0356149969602341,1.15216193956045,0.03483820156624092,0.007397818604659933,-0.010743488958350925,0.008303900367365334
631,21.033333,axial_advance_candidate,unknown_no_ground_truth,0.5185201397092316,0.09985019744773851,0.18012629338007097,0.013569649627684529,1.041350112033799,0.14479905,1.5437666,-8.1427965,0.03520298532706552,1.127939052030594,0.03447870885554452,0.007104140454142674,-0.010334876292300425,0.008793504593787704
632,21.066668,axial_advance_candidate,unknown_no_ground_truth,0.5187468621795978,0.09979591715178208,0.17975253144519038,0.012108746379160195,1.041350112033799,0.14479905,1.5145854,-8.411125,0.034822026852027996,1.1107111394744829,0.034149188455882405,0.006812230316716162,-0.009175168823882921,0.007901772961055766
633,21.1,axial_advance_candidate,unknown_no_ground_truth,0.518925444566944,0.09975257732073481,0.17943500188825717,0.009409154769162325,1.041350112033799,0.14479905,1.5688144,-7.912476,0.03449993980882,1.0993984232864764,0.03386703386942946,0.006577983254700538,-0.0076250343928127295,0.005512807268395401
634,21.133333,axial_advance_candidate,unknown_no_ground_truth,0.5190130278064211,0.09972554854124283,0.17918891058373498,0.006673138776770732,0.6155997665693266,0.14479905,1.5349828,-8.223566,0.03425262090534782,1.093518249040562,0.03364086061848073,0.006444729298692285,-0.006036103889386883,0.002845387666130879
635,21.166666,axial_advance_candidate,unknown_no_ground_truth,0.5190312952906613,0.09971191977915955,0.17900482621888586,0.005008186353235746,0.3549839665098253,0.14479905,1.4789199,-8.7390785,0.034069283731318976,1.0901256807630666,0.03346463310920261,0.006390181909114671,-0.004822888424441243,0.0013496954449532042
636,21.2,axial_advance_candidate,unknown_no_ground_truth,0.5190234588876852,0.09970100432620618,0.17885608559721639,0.004460597283611841,0.3549839665098253,0.14479905,1.5462306,-8.12014,0.03392211604451239,1.0869417987887062,0.03331931839908437,0.0063665515279311405,-0.004305296186173043,0.0011667702755423551
637,21.233334,axial_advance_candidate,unknown_no_ground_truth,0.5190295788950507,0.09968600780439957,0.1787085966110773,0.005017174076338043,0.3549839665098253,0.14479905,1.4864306,-8.670015,0.033775900156363364,1.084455531324505,0.033177623095575405,0.006329040772547486,-0.0044745287635977295,0.0022694995166368864
638,21.266666,axial_advance_candidate,unknown_no_ground_truth,0.5191055625321253,0.09965765527699033,0.17853475689097348,0.006961705427332615,0.3549839665098253,0.14479905,1.4942187,-8.598402,0.03360147160790411,1.0810256700396994,0.033021021052132726,0.006218606185584804,-0.004937422388955464,0.004907871494853315
639,21.3,axial_advance_candidate,unknown_no_ground_truth,0.5192854343030048,0.09961221654785701,0.17832848112607486,0.009316263867304907,1.4514278118183774,0.14479905,1.4665182,-8.853115,0.03339228889331991,1.0704906626785977,0.03284846664643441,0.006001932731464276,-0.005506273196292081,0.007514900394086828
640,21.333334,axial_advance_candidate,unknown_no_ground_truth,0.5195270823883117,0.09955603714953323,0.17809007744143074,0.010543980434148456,1.4514278118183774,0.14479905,1.5231639,-8.332244,0.033151066958120465,1.0594784930982761,0.0326539162496791,0.0057197022667905975,-0.0059664429424421605,0.008693508038202277
641,21.366667,axial_advance_candidate,unknown_no_ground_truth,0.519779500727829,0.0994992949252957,0.17784135511143304,0.010044316855239438,1.4514278118183774,0.14479905,1.533061,-8.241238,0.03290120329033093,1.0545801362523397,0.03245071269519225,0.005425903014777452,-0.005752542789542501,0.008233866196564627
642,21.4,axial_advance_candidate,unknown_no_ground_truth,0.5199944627014529,0.09945112830665798,0.17762217949710446,0.007924771065636526,1.4514278118183774,0.14479905,1.4782538,-8.745203,0.032682668047271296,1.0552969389629545,0.03227041927312446,0.00517463338072228,-0.004825799209048079,0.006285989057952681
643,21.433332,axial_advance_candidate,unknown_no_ground_truth,0.5201315287839487,0.09942025807537595,0.17745542654953592,0.005189320246655947,0.5396638431169267,0.14479905,1.4792271,-8.736254,0.03251720885717729,1.0508904609746326,0.03212899767735807,0.005009628739698098,-0.0037166050875872773,0.003621586840774871
644,21.466667,axial_advance_candidate,unknown_no_ground_truth,0.5201850786347213,0.09940341234944362,0.1773374554174915,0.0032672488604799745,0.3449834986246099,0.14479905,1.4934208,-8.605739,0.032400479368606086,1.0488100133684415,0.03202263058093698,0.00493378090234132,-0.0030026150965797977,0.0012881062448799714
645,21.5,axial_advance_candidate,unknown_no_ground_truth,0.520170771628278,0.09939579585260491,0.177242575815895,0.0029175141044181984,0.3449834986246099,0.14479905,1.4497437,-9.00736,0.032306676079757214,1.0478403142295394,0.031928833641625784,0.004926550680521083,-0.0028042897673110152,0.0008048897132116024
646,21.533333,axial_advance_candidate,unknown_no_ground_truth,0.5201340097535331,0.09938444014983705,0.17715074312140686,0.0031443294420971856,0.3449834986246099,0.14479905,1.468364,-8.836143,0.03221646161975966,1.0466276651970114,0.031835680794296224,0.004938605841847066,-0.002944979471249436,0.0011017729141518187
647,21.566668,axial_advance_candidate,unknown_no_ground_truth,0.5201022059627395,0.0993651573307335,0.1770468420315866,0.0036174393709993164,0.3449834986246099,0.14479905,1.5019712,-8.527116,0.032114879918121446,1.0431630112937402,0.03173248478430163,0.004941145774962078,-0.003471344640330993,0.0010176610392961004
648,21.6,axial_advance_candidate,unknown_no_ground_truth,0.5200665432860744,0.0993619140538653,0.17692032659129447,0.004234363075656519,0.49663729464040424,0.14479905,1.4640735,-8.875594,0.031989523144925286,1.0385166467860953,0.03160426983623972,0.004949719098884174,-0.00416819123666311,0.0007456624377613438
649,21.633333,axial_advance_candidate,unknown_no_ground_truth,0.5200177005734605,0.0994121291617978,0.1767816285693441,0.00516178195417463,0.5209875514454742,0.14479905,1.539037,-8.186287,0.03184779677792026,1.0346686970885643,0.03145460962622932,0.00498895709234204,-0.0045515170458921275,0.00243468386518584
650,21.666666,axial_advance_candidate,unknown_no_ground_truth,0.5199559981491898,0.09954865566493432,0.1766532658097852,0.006903930892247836,0.5269433982284883,0.14479905,1.596482,-7.6580653,0.03170978869881645,1.0303307860508832,0.03130084001577675,0.005076230257812987,-0.004565095663235783,0.005179204895583863
651,21.7,axial_advance_candidate,unknown_no_ground_truth,0.5198794279683586,0.09978155918160533,0.176544432278733,0.009045931520969637,0.5387394190389694,0.14479905,1.6432575,-7.2279534,0.03158509923742251,1.0257580080100501,0.03115025236596753,0.005223051921469115,-0.0043820416545786445,0.00791369622993009
652,21.733334,axial_advance_candidate,unknown_no_ground_truth,0.5197921366783234,0.10009528119467431,0.1764582505411587,0.010672610765343992,0.5398697685234121,0.14479905,1.6588949,-7.0841637,0.03147991861617025,1.0202887229118416,0.0310087131273585,0.0054263234575435285,-0.004083175897276454,0.009860643748784209
653,21.766666,axial_advance_candidate,unknown_no_ground_truth,0.5197025212024299,0.10045319211998237,0.17639002879130258,0.011169230654347679,0.6108914625745028,0.14479905,1.5988331,-7.636447,0.0313937146527947,1.0148256166423373,0.030878044810346596,0.005666715838236876,-0.003717569628519964,0.01053239713774247
654,21.8,axial_advance_candidate,unknown_no_ground_truth,0.5196137870235096,0.10080761576369436,0.1763349382085996,0.01052184638402641,0.6108914625745028,0.14479905,1.5987345,-7.6373534,0.03132499942226516,1.0104207376064298,0.030760878949530147,0.005918100629193939,-0.003437620506675856,0.009944446519597321
655,21.833334,axial_advance_candidate,unknown_no_ground_truth,0.5195255913256528,0.1011228693551923,0.17627919186093646,0.009355950506692525,0.6113415502653653,0.14479905,1.6740495,-6.9448133,0.03126096250130125,1.0078514907614924,0.030648853711180053,0.006155935566463277,-0.003323459745162645,0.008745766130303484
656,21.866667,axial_advance_candidate,unknown_no_ground_truth,0.5194379128632189,0.10139479859264142,0.17621947954066036,0.00830711876877155,0.8442683672590885,0.14479905,1.6631186,-7.0453253,0.03119722392370896,1.0056807180100429,0.030539325477227867,0.006373098143130993,-0.0032671761824318805,0.007637655532388613
657,21.9,axial_advance_candidate,unknown_no_ground_truth,0.5193506216515394,0.1016336736803628,0.1761560725454166,0.007559562123242897,0.8442683672590885,0.14479905,1.6064625,-7.566293,0.031132806515766904,1.002133504854414,0.03043104530302503,0.006572908284269333,-0.0031848314179995347,0.006855933804675461
658,21.933332,axial_advance_candidate,unknown_no_ground_truth,0.5192665790140283,0.10185168210692218,0.17609345986417413,0.006889912804944804,0.8442683672590885,0.14479905,1.6098757,-7.5349073,0.031071258149468088,0.9981247991805041,0.030327006635921864,0.006759863274921939,-0.002971674542576385,0.006216112038303832
659,21.966667,axial_advance_candidate,unknown_no_ground_truth,0.5191886028731149,0.1020466002789718,0.1760367607317368,0.006024859434679888,0.8442683672590885,0.14479905,1.5886223,-7.730337,0.03101712246853533,0.994431824216125,0.030232917985166516,0.006930552382769678,-0.002612651463568129,0.005428902608959436
660,22.0,axial_advance_candidate,unknown_no_ground_truth,0.5191170173843087,0.102209441033513,0.1759887360176144,0.004813865911726483,0.6274389659746176,0.14479905,1.6350391,-7.3035235,0.030972619572343086,0.9912947296144898,0.03015284033294331,0.00707879813450826,-0.0021055296507431496,0.004328977928555847
661,22.033333,axial_advance_candidate,unknown_no_ground_truth,0.519058523841228,0.10232762190976896,0.17595252535246336,0.0031641536437627673,0.6274389659746176,0.14479905,1.6033323,-7.5950756,0.030939911879698676,0.9893868605672781,0.03009255149253059,0.00719141792645333,-0.001466913060165086,0.002803575280825236
662,22.066668,axial_advance_candidate,unknown_no_ground_truth,0.5190439183888642,0.10239729890118976,0.17592655524072942,0.0017297333755425498,0.6274389659746176,0.14479905,1.5949206,-7.672423,0.030915353511853413,0.9886100496382243,0.0300550325371853,0.007242520414303299,-0.0009795745924283642,0.001425626587972681
663,22.1,axial_advance_candidate,unknown_no_ground_truth,0.5190933020620114,0.10242155774721366,0.17589536856585003,0.0028596947513876763,0.6274389659746176,0.14479905,1.5329698,-8.242076,0.030882239634413722,0.9874557128222641,0.030027258671236113,0.007216402256528486,-0.0014284537435512114,0.0024773723930101334
664,22.133333,axial_advance_candidate,unknown_no_ground_truth,0.5191954028866371,0.10241067249431411,0.17581158351269682,0.004879424572856668,0.8371092041580049,0.14479905,1.6033953,-7.594496,0.030794005768437622,0.9849411515925196,0.029959803746745717,0.007119055465653497,-0.0030237185072486085,0.003829609712636488
665,22.166666,axial_advance_candidate,unknown_no_ground_truth,0.5193085772877418,0.10237887423213662,0.1756552680232179,0.008675719832136542,0.8448030084669195,0.14479905,1.5495081,-8.090002,0.03063296100246742,0.9816796091398688,0.029825680526073935,0.006986206476712784,-0.006811047770194539,0.00537380152944406
666,22.2,axial_advance_candidate,unknown_no_ground_truth,0.5194529000016804,0.1023209258571264,0.17530150198922662,0.013282526376645407,0.9436744793341285,0.14479905,1.4669456,-8.849185,0.03027368347034008,0.9775645120057864,0.029505703620557027,0.006775644966952617,-0.011244615824357665,0.00706994497212575
667,22.233334,axial_advance_candidate,unknown_no_ground_truth,0.5196104063863332,0.10225184854676622,0.1748325368937329,0.01664967682877745,1.275765881514137,0.14479905,1.4708148,-8.813606,0.029799473114636935,0.96844579689666,0.029076049260363182,0.0065262513986900075,-0.014457881872838495,0.00825720232607733
668,22.266666,axial_advance_candidate,unknown_no_ground_truth,0.5197838222277124,0.10216935320652276,0.17425291692925954,0.019021401042074174,1.5212427518384526,0.14479905,1.5105908,-8.447857,0.02921504172080123,0.9571134700991056,0.028541859597406655,0.006235456155734075,-0.016790011064871817,0.00893919605137411
669,22.3,axial_advance_candidate,unknown_no_ground_truth,0.519946746697151,0.10208101528334176,0.17362187476407093,0.02014690160128425,1.275765881514137,0.14479905,1.5008934,-8.537027,0.02858047308429806,0.9479224042588252,0.027956732339956762,0.0059383969717678575,-0.01818678356852181,0.008668249394403403
670,22.333334,axial_advance_candidate,unknown_no_ground_truth,0.5200687339665472,0.10198961568106704,0.17295269635041222,0.020140163652143304,1.275765881514137,0.14479905,1.5740803,-7.864054,0.02790941152683282,0.9475018716682192,0.027329375261800175,0.005660432807993869,-0.01869125306201024,0.007500883341780969
671,22.366667,axial_advance_candidate,unknown_no_ground_truth,0.5201198290508465,0.1019030505963078,0.1723023340052368,0.019277973513194095,1.275765881514137,0.14479905,1.4789009,-8.739253,0.027258728267767145,0.9314911502733748,0.026710645050171723,0.005438722991631827,-0.01835237848611505,0.0059017342093485164
672,22.4,axial_advance_candidate,unknown_no_ground_truth,0.5200840096064031,0.10182246625277591,0.17167852540078624,0.018493194141538907,1.275765881514137,0.14479905,1.5350268,-8.223162,0.02663604003777284,0.9193954736738961,0.02610590210923092,0.005287769279865609,-0.017811881056707796,0.004973441743736731
673,22.433332,axial_advance_candidate,unknown_no_ground_truth,0.5199718154075395,0.10174846431852537,0.17108819208734,0.01859662920639253,0.8911231296896073,0.14479905,1.552204,-8.065212,0.026048457418841476,0.9041606529705822,0.02552320450745807,0.005204629244400582,-0.01789925448515155,0.005044928811770667
674,22.466667,axial_advance_candidate,unknown_no_ground_truth,0.5198543058268446,0.10167119640141731,0.1704696073097536,0.017724636006465698,0.7654484603294208,0.14479905,1.4794704,-8.734016,0.02543364832220804,0.8924240143347815,0.02491258760141426,0.005121859621232943,-0.01706535776843874,0.004789184251716347
675,22.5,axial_advance_candidate,unknown_no_ground_truth,0.5197478573366703,0.10160678124955494,0.16993664660478985,0.015350605033423106,0.7654484603294208,0.14479905,1.5982206,-7.642079,0.024904840532274555,0.8782703343151571,0.02438550725760232,0.005059458244461579,-0.014804564569148486,0.0040578248865701634
676,22.533333,axial_advance_candidate,unknown_no_ground_truth,0.5196840228031538,0.10155028513236955,0.1694677861032759,0.012802784317538464,0.8393815059145221,0.14479905,1.5177615,-8.381921,0.024439321002101517,0.8662186809826604,0.023925631752637757,0.004984431389931282,-0.012363336349246256,0.003325537640264368
677,22.566668,axial_advance_candidate,unknown_no_ground_truth,0.5196470390320601,0.10150789557483705,0.16909487079450813,0.010023666686107782,0.6773663528940251,0.14479905,1.5374436,-8.200938,0.02406883629034781,0.8575191636313461,0.023561266053671186,0.004916871192098253,-0.009705439745436294,0.0025056602287406053
678,22.6,axial_advance_candidate,unknown_no_ground_truth,0.5196164321317333,0.10148049720857885,0.16880664189059852,0.00778483603171655,0.6350677786854004,0.14479905,1.5179738,-8.379969,0.023782573692079624,0.8479664829966281,0.02327860229417227,0.00487006023052646,-0.007540691906273701,0.0019343313096185418
679,22.633333,axial_advance_candidate,unknown_no_ground_truth,0.5195337645435077,0.10146231674382926,0.16859045741248654,0.006946219463821471,0.6773663528940251,0.14479905,1.5327666,-8.243945,0.023570190181509198,0.8372289804367584,0.023058560962551693,0.0048843250842669885,-0.006275457723099921,0.0029780186710559424
680,22.666666,axial_advance_candidate,unknown_no_ground_truth,0.5193900628718707,0.1014436276924717,0.16840435428985756,0.008215564508943559,0.8393815059145221,0.14479905,1.5383786,-8.192341,0.023390987809279992,0.831538568809045,0.022860244856191946,0.004954544964861539,-0.006512754354370277,0.005007946776898094
681,22.7,axial_advance_candidate,unknown_no_ground_truth,0.5191646824583411,0.10141248028546518,0.16818881124352525,0.010627771723473338,0.8617172954724214,0.14480644,1.5839436,-7.7733593,0.023188217026280038,0.8265688348116971,0.022624356231903238,0.005082510595149269,-0.007781162970226807,0.0072389940348801625
682,22.733334,axial_advance_candidate,unknown_no_ground_truth,0.5188663369023946,0.10136880776971247,0.16793310660935779,0.012458389264309307,0.8746979521471122,0.14480644,1.5743164,-7.861884,0.022953237806514055,0.8122239108624021,0.02234150953425645,0.005263846267997795,-0.008855076337991019,0.008763508778417979
683,22.766666,axial_advance_candidate,unknown_no_ground_truth,0.5185344108039321,0.10131985831082604,0.16765590750264336,0.012644673526276313,0.8746979521471122,0.14480644,1.5856649,-7.7575316,0.022704312563461594,0.8008855483778968,0.022034026854614093,0.00547608158718486,-0.008936250143208785,0.008946015982777698
684,22.8,axial_advance_candidate,unknown_no_ground_truth,0.518223575300052,0.10127406949560214,0.16739601005307136,0.010640481053621163,0.8746979521471122,0.14480644,1.5942563,-7.6785316,0.022476034328420484,0.7909393007815149,0.02174576865286984,0.005682751519132233,-0.007542787608376286,0.007505077757584933
685,22.833334,axial_advance_candidate,unknown_no_ground_truth,0.5179949845668425,0.10124002915502797,0.1672021511970057,0.006674584772649477,0.8746979521471122,0.14480644,1.6364818,-7.290258,0.02230872544093846,0.7869543508642654,0.02153115874944669,0.005838530098004126,-0.0047510430554901055,0.004688034958504845
686,22.866667,axial_advance_candidate,unknown_no_ground_truth,0.517886530713464,0.10122393294525366,0.16710987467055277,0.003406437427718396,0.7020596227116755,0.14480644,1.6482617,-7.1819386,0.02223003696760508,0.7862044805924214,0.021429034844127583,0.005913629108276449,-0.002404832492868153,0.0024125912687826476
687,22.9,axial_advance_candidate,unknown_no_ground_truth,0.5178214215466556,0.10121530738495646,0.16705780561499117,0.003195572384921236,0.7020596227116755,0.14480644,1.7119474,-6.596332,0.02218637083441464,0.7861143233280155,0.021370839039732976,0.00596005784703382,-0.002227762438171985,0.002291016670899889
688,22.933332,axial_advance_candidate,unknown_no_ground_truth,0.5177215615398055,0.10120208877949166,0.16697686387939176,0.0061315737414264805,0.7020596227116755,0.14480644,1.7189807,-6.53166,0.02211877530519387,0.7854917799228788,0.021280519623854213,0.006031559130142882,-0.004339453946353094,0.0043318975050237836
689,22.966667,axial_advance_candidate,unknown_no_ground_truth,0.5175099311197529,0.10116985946446001,0.1667969622513924,0.011040096791233604,0.7020596227116755,0.14480644,1.6398497,-7.2592893,0.021969233149638355,0.7832995501031409,0.02108151897096965,0.006181970807098298,-0.007895109907485714,0.007716927932054791
690,23.0,axial_advance_candidate,unknown_no_ground_truth,0.5171681295396667,0.10111392514962515,0.1664997895298397,0.015558523592065292,1.4574400100860194,0.14480644,1.5963516,-7.6592646,0.021726768518074445,0.7811980247279638,0.020754192297780687,0.00642775017441808,-0.011177673731822706,0.010822535114739662
691,23.033333,axial_advance_candidate,unknown_no_ground_truth,0.5167346761436199,0.10104164883230321,0.16611993563616828,0.01812024180239992,1.4574400100860194,0.14480644,1.5858727,-7.7556214,0.021426438859308877,0.782249801123098,0.020336352139901384,0.006747226380790107,-0.013055681213681626,0.012565522314021098
692,23.066668,axial_advance_candidate,unknown_no_ground_truth,0.5162687385518484,0.10096151345928578,0.16570777375775003,0.018332159099086354,1.4574400100860194,0.14480644,1.633496,-7.3177123,0.021113027610079542,0.7842596435880548,0.019883786920994153,0.007098940240943219,-0.013271909929948814,0.012646124467422451
693,23.1,axial_advance_candidate,unknown_no_ground_truth,0.5158305919987645,0.1008833148332061,0.165312985892885,0.016361318403478046,1.4574400100860194,0.14480644,1.6356564,-7.2978477,0.020824383056442124,0.7887863398981775,0.019451558107261145,0.007435846749448037,-0.011958530235785747,0.011166301737808602
694,23.133333,axial_advance_candidate,unknown_no_ground_truth,0.515471964964013,0.10081401972327841,0.16497763233334273,0.013148231829739853,1.1767122875370286,0.14480644,1.6668222,-7.01127,0.02058639370706504,0.7947120085386693,0.01908656378728751,0.0077137985879910135,-0.009758559221185544,0.008811726401517402
695,23.166666,axial_advance_candidate,unknown_no_ground_truth,0.5152042024095763,0.10075653616442609,0.1647130879968932,0.009682434301020552,0.8337448238099326,0.14480644,1.6447091,-7.2146053,0.02040146165239996,0.7983075830673885,0.01880099746064464,0.007920993122025785,-0.007339881738656586,0.0063147185254859095
696,23.2,axial_advance_candidate,unknown_no_ground_truth,0.5150259469798086,0.10071239793256784,0.16452216960750993,0.0064105630283169445,0.44213365187896575,0.14480644,1.6609886,-7.064912,0.020267535072816006,0.7954810340137206,0.01859722356511915,0.008057062342864421,-0.0049986185825719245,0.004013618144018032
697,23.233334,axial_advance_candidate,unknown_no_ground_truth,0.514924590273647,0.10068110461782612,0.16439882970649145,0.004291466413086184,0.44213365187896575,0.1458701,1.700147,-6.7048397,0.020178777630343883,0.7925660003872252,0.018467760401526444,0.008131721367993278,-0.0034320790256578085,0.002576338008935658
698,23.266666,axial_advance_candidate,unknown_no_ground_truth,0.5148505324924685,0.10065544292605916,0.16430345676982544,0.003613526138698098,0.44213365187896575,0.1458701,1.6841887,-6.8515806,0.02010967305033234,0.7924672128765451,0.01836842180252662,0.008185354645690522,-0.002862988197727833,0.0022047380195219382
699,23.3,axial_advance_candidate,unknown_no_ground_truth,0.5147731446951567,0.10063497152702396,0.16421725920811173,0.0037665511884281935,0.44213365187896575,0.1458701,1.7593296,-6.1606417,0.020050443964117252,0.7920329620579722,0.01827689744615025,0.008244714846561555,-0.0028459857391913462,0.002467239961448688
700,23.333334,axial_advance_candidate,unknown_no_ground_truth,0.5146764259368195,0.10061553729952091,0.16412692245019822,0.004584332543588407,0.444580666672144,0.1458701,1.8001535,-5.7852554,0.019993302936683773,0.792885648928515,0.018178673627483488,0.008322739180308623,-0.0032970484992332827,0.0031852120908830092
701,23.366667,axial_advance_candidate,unknown_no_ground_truth,0.5145455659503099,0.10059546848972034,0.16401717206513222,0.006108096769440245,0.5967491304703701,0.1458701,1.7961481,-5.8220863,0.01992858079089352,0.8004397862121939,0.018057105470282307,0.008431445568481778,-0.00429345455315323,0.004344547634087369
702,23.4,axial_advance_candidate,unknown_no_ground_truth,0.514364663109174,0.10056910879474361,0.16386912340847076,0.008165946765475962,0.640519057162964,0.1458701,1.7488291,-6.257196,0.019844594479273864,0.8072631182816571,0.01789244770959862,0.008583020739000103,-0.005722726024949223,0.0058252118776879035
703,23.433332,axial_advance_candidate,unknown_no_ground_truth,0.5141276745769316,0.1005334394942654,0.16367383896480503,0.009772560131968488,0.7844323943736051,0.1458701,1.7690841,-6.070946,0.01973709786574987,0.8140187865890071,0.017675596247576822,0.008782159726105885,-0.006855409714810592,0.006964645660406603
704,23.466667,axial_advance_candidate,unknown_no_ground_truth,0.5138653906486096,0.10049336187775434,0.1634574185687774,0.010162836457009605,0.7844323943736051,0.1458701,1.807321,-5.719349,0.01962289310835191,0.8252567105861942,0.01743540010999143,0.009003596889372361,-0.007121737894628894,0.007250109944830518
705,23.5,axial_advance_candidate,unknown_no_ground_truth,0.5136081447222347,0.10045440558361583,0.16324622917789092,0.009643924190635634,0.640519057162964,0.1458701,1.7439133,-6.302398,0.019517041550723178,0.8417061502866414,0.017200819864987293,0.0092220771448147,-0.006742905299068195,0.006894817033288499
706,23.533333,axial_advance_candidate,unknown_no_ground_truth,0.5133711040482041,0.10041940223950857,0.16305299943709145,0.00817864986161105,0.5967491304703701,0.1458701,1.7071527,-6.640421,0.019425308659278124,0.8591273596412654,0.01698587997776616,0.009424568843673882,-0.005725975419739073,0.005839821833872536
707,23.566668,axial_advance_candidate,unknown_no_ground_truth,0.5131890730713558,0.10039272570989138,0.16290286062447978,0.0054143373346863845,0.5952907779809263,0.1458701,1.6865388,-6.829971,0.019356258563736062,0.8640642153981427,0.016819073022270058,0.00958037203128111,-0.0038430148087122223,0.0038139593539781506
708,23.6,axial_advance_candidate,unknown_no_ground_truth,0.5130979062706171,0.10037583457401397,0.16282118041799168,0.002173001735080366,0.4924738339612771,0.1458701,1.7225789,-6.4985733,0.019317016824870456,0.8633363896964585,0.016729683915989585,0.009657371023389738,-0.0016477562984754546,0.0014166282933418875
709,23.633333,axial_advance_candidate,unknown_no_ground_truth,0.5130891316886146,0.10036967251667386,0.16280055709660313,0.000422749461836777,0.3674811923551672,0.1458701,1.8086835,-5.70682,0.019301931627964362,0.8630502155397775,0.01670922428551439,0.00966262843883521,-7.953930276270531e-05,0.00041519947832253744
710,23.666666,axial_advance_candidate,unknown_no_ground_truth,0.5131230782230424,0.10036790536839882,0.16281129232290753,0.0011516578207917607,0.1617027310892457,0.1458701,1.7947646,-5.8348074,0.019299004348459096,0.8627844686203363,0.016724381377052854,0.009630505510965183,0.0004912811059848785,0.001041613465299437
711,23.7,axial_advance_candidate,unknown_no_ground_truth,0.5131621789134103,0.10036571144545611,0.16282376071565025,0.0011761143723422126,0.1617027310892457,0.1458701,1.7991675,-5.794322,0.019295822582596822,0.8526574370402374,0.0167419641602394,0.009593508492533528,0.00045134299266017024,0.0010860637733606984
712,23.733334,axial_advance_candidate,unknown_no_ground_truth,0.5131987195875435,0.10036182984376471,0.16283115282621652,0.0009796604580580184,0.2680486297844936,0.1458701,1.7961814,-5.8217797,0.019289159865185885,0.8494401131209921,0.01675448437925236,0.009558187144541937,0.0002955395940659856,0.0009340187157770226
713,23.766666,axial_advance_candidate,unknown_no_ground_truth,0.5132261481786574,0.10035779070752937,0.16283427506165843,0.0006735611448423256,0.2680486297844936,0.1458701,1.762461,-6.131848,0.019282065000454485,0.8471590178536038,0.01676166649795734,0.009531241623891738,0.00016225392388650198,0.0006537264565739538
714,23.8,axial_advance_candidate,unknown_no_ground_truth,0.5132430714166332,0.1003563599588455,0.16283554712887888,0.0005791023420154663,0.2680486297844936,0.1458701,1.8130001,-5.667128,0.019277009424628747,0.8419109666216025,0.016765301141773072,0.009514608241167267,0.00014607031721095733,0.0005603775378775352
715,23.833334,axial_advance_candidate,unknown_no_ground_truth,0.5132643250572749,0.10035443948923053,0.16283868221789458,0.0006279752169536339,0.2680486297844936,0.14629854,1.8023903,-5.764687,0.01927210996105875,0.8369878640076834,0.016771392011360662,0.009493926076835003,0.00012187666820393145,0.0006160348617208869
716,23.866667,axial_advance_candidate,unknown_no_ground_truth,0.5132844257232325,0.10034992417811411,0.16283746038123992,0.000535358056522397,0.2680486297844936,0.14629854,1.8007627,-5.779654,0.019263868039417528,0.8358774405226969,0.016773439371885156,0.009473560232446152,-0.00010219852128540552,0.0005255128075799053
717,23.9,axial_advance_candidate,unknown_no_ground_truth,0.513295934033217,0.1003437692170677,0.16282600178668555,0.0006515321251118324,0.2750864479523474,0.14629854,1.7680637,-6.0803294,0.019249535005771302,0.8300809275174099,0.0167645788810016,0.009460100046040205,-0.0004449768219874786,0.0004759093799733981
718,23.933332,axial_advance_candidate,unknown_no_ground_truth,0.5133033356466707,0.10033298547595682,0.16280221725652544,0.000988176398964692,0.30095631849532245,0.14629854,1.7602458,-6.152217,0.019225765079481153,0.8218285697958387,0.01674377470495226,0.00944860050595843,-0.0007608362159048245,0.0006305718420913302
719,23.966667,axial_advance_candidate,unknown_no_ground_truth,0.5133133303135109,0.10031758955112931,0.16276810064545713,0.0012640232792456908,0.3902319981687345,0.14629854,1.7406136,-6.33274,0.019191910681182613,0.8194128757368548,0.016713842488502325,0.00943275701287941,-0.0009991044709170983,0.0007743029811827502
720,24.0,axial_advance_candidate,unknown_no_ground_truth,0.5133215115800682,0.10029966595144724,0.16272698466533014,0.0014048930965004619,0.3902319981687345,0.14629854,1.7287334,-6.441981,0.01915252040059064,0.8108899905960364,0.01667718000912399,0.009417574243844101,-0.0011350130285287226,0.000827931179304605
721,24.033333,axial_advance_candidate,unknown_no_ground_truth,0.5133281468415842,0.10028030548441898,0.16268347080768158,0.001354708259818536,0.4048716320518692,0.14629854,1.7119809,-6.596024,0.019111655485506054,0.7965067532894611,0.016638176112655074,0.009403535028963721,-0.0009952936140619547,0.0009190348693211041
722,24.066668,axial_advance_candidate,unknown_no_ground_truth,0.5133515734410444,0.10026330198051761,0.16264997290791794,0.001405199302826109,0.45012517110780875,0.14629854,1.7337098,-6.3962216,0.019073567706357968,0.787430292515788,0.0166108141084366,0.009374531439169907,-0.0005468001595950411,0.0012944476297362597
723,24.1,axial_advance_candidate,unknown_no_ground_truth,0.5133991995239184,0.10024728901625735,0.16263208502893728,0.0016791094193504246,0.5669306921665375,0.14629854,1.7362461,-6.3729,0.019040817524570174,0.7823463532199828,0.01660173400447293,0.009323902619005947,-0.00011386226203596954,0.0016752444082686478
724,24.133333,axial_advance_candidate,unknown_no_ground_truth,0.5134554713321365,0.10023090406028973,0.16262378277260764,0.0018590065022351808,0.5669306921665375,0.14629854,1.7233768,-6.4912367,0.019013862657590388,0.7700411385254559,0.016603223407275058,0.009266064194134635,0.0002285781273269554,0.0018449003265923025
725,24.166666,axial_advance_candidate,unknown_no_ground_truth,0.5135190333094466,0.10021605441921047,0.16262725060332045,0.0019543885166216505,0.45012517110780875,0.14629854,1.7243397,-6.482382,0.018995127226296336,0.756206588013722,0.016616972312807753,0.009202776184313349,0.0004999749984945627,0.0018893542480919073
726,24.2,axial_advance_candidate,unknown_no_ground_truth,0.5135831411898893,0.10020914088937452,0.16263776243566908,0.0015904714931548674,0.35813117690126467,0.14629854,1.734957,-6.3847537,0.018982157725090928,0.7470342074485286,0.016636543083316743,0.009140445620273394,0.0004096607871608189,0.0015368076034432715
727,24.233334,axial_advance_candidate,unknown_no_ground_truth,0.5136240438850352,0.10021933101050684,0.16264181580292728,0.0008424841315711993,0.40144561538737494,0.14629854,1.7345957,-6.3880763,0.01897012243487871,0.7466462785533434,0.016644296844020013,0.009101259679980241,-0.0001932318457465257,0.0008200249787284951
728,24.266666,axial_advance_candidate,unknown_no_ground_truth,0.5136176936319767,0.10025195374659876,0.16262646345598752,0.0018445267767991564,0.40144561538737494,0.14629854,1.7642261,-6.1156173,0.01895506208662216,0.7459305579165002,0.016623661157648583,0.009107593997504866,-0.001187195664039494,0.001411681793328408
729,24.3,axial_advance_candidate,unknown_no_ground_truth,0.5135580841358147,0.10030444875536806,0.16258244360613822,0.003466320558408721,0.40144561538737494,0.14629854,1.7410735,-6.3285108,0.018931028286637685,0.744366028935904,0.016565151679108662,0.0091640374201331,-0.0023072116038179253,0.0025869195636615506
730,24.333334,axial_advance_candidate,unknown_no_ground_truth,0.5134537943815278,0.10036356936203188,0.16250774274365465,0.004421871197139377,0.35813117690126467,0.14629854,1.7726569,-6.0380936,0.018894982318404634,0.7430204883666521,0.016469830120479406,0.009260942317894713,-0.0030234824201567367,0.0032266854416093905
731,24.366667,axial_advance_candidate,unknown_no_ground_truth,0.5133380545331979,0.10041839285021045,0.16242278093450857,0.004289758172994579,0.26151097563261505,0.14629854,1.7574072,-6.1783185,0.01885516756265527,0.7473674554908926,0.016363596871491436,0.009367499198992399,-0.003012028957380832,0.0030544568654137403
732,24.4,axial_advance_candidate,unknown_no_ground_truth,0.5132382190435267,0.10045819567552362,0.16234539310012486,0.0036514256546042647,0.40144561538737494,0.14629854,1.7166969,-6.55266,0.018818624920039637,0.7519038426164449,0.01626903126670115,0.009458290835253333,-0.0025733230499790055,0.002590543918089198
733,24.433332,axial_advance_candidate,unknown_no_ground_truth,0.5131590290683459,0.10050879949885032,0.16228482413095235,0.0032482866947863495,0.4435954842017919,0.14481384,1.6677299,-7.002924,0.018789432994202642,0.7514930538399518,0.0161920446300793,0.009532076528288625,-0.0020298264142959684,0.002535975390131458
734,24.466667,axial_advance_candidate,unknown_no_ground_truth,0.5130988915805423,0.10059044134838163,0.16224537264897784,0.004607185662977079,0.4743151816470375,0.14481384,1.6154759,-7.4834123,0.018770272505601305,0.7515951016604578,0.01613369601673173,0.009593069517846048,-0.0018080935265739877,0.00423756504756007
735,24.5,axial_advance_candidate,unknown_no_ground_truth,0.513029479677461,0.10077943186090882,0.16221919874357632,0.008353656508909093,0.4834030242175872,0.14481384,1.6484466,-7.1802387,0.018759993471729366,0.750568498812324,0.01607151640781985,0.009676968296553718,-0.002215688796212762,0.008054458406818954
736,24.533333,axial_advance_candidate,unknown_no_ground_truth,0.5129355471263435,0.10112046584283338,0.16219505017131408,0.01394378048501207,0.6875777101259982,0.14481384,1.8028392,-5.76056,0.018755472444116433,0.74614053365515,0.015985985693589364,0.00980897588978417,-0.003047879853604599,0.01360659555554565
737,24.566668,axial_advance_candidate,unknown_no_ground_truth,0.5128302934976454,0.10168627943488612,0.16217304509391986,0.01972180124309016,0.9785004380419875,0.14481384,1.8098387,-5.696198,0.018758552091032603,0.7383511588670779,0.015868307128283625,0.010004004469933362,-0.0035453170926969184,0.01940051986376096
738,24.6,axial_advance_candidate,unknown_no_ground_truth,0.512768351998478,0.10242434758575915,0.16216996974785558,0.02310005664412797,1.0125722450584187,0.14481384,1.8275776,-5.5330844,0.018781404163238036,0.7269324811713986,0.01574964083825678,0.010231810974055832,-0.0031199513114842483,0.022888392708442604
739,24.633333,axial_advance_candidate,unknown_no_ground_truth,0.512780693572521,0.1032252833207023,0.16219640835724752,0.02326669437172157,1.0448943774588222,0.14480644,1.7725165,-6.039385,0.018833570371440966,0.7086134803423602,0.015660313561138516,0.01046221544907388,-0.0020232997693256814,0.023178553126339596
740,24.666666,axial_advance_candidate,unknown_no_ground_truth,0.5128717801587885,0.10396997706831197,0.16224877202638716,0.02074101527482251,1.0996372273626462,0.14480644,1.6454141,-7.2081227,0.01890551812566349,0.6569150305801013,0.015614756253719567,0.010658236380223349,-0.0007634362062333548,0.0207269602158501
741,24.7,axial_advance_candidate,unknown_no_ground_truth,0.5130168712406891,0.10458249297852744,0.16231538134884313,0.016305071325861942,1.0996372273626462,0.14480644,1.8018354,-5.7697897,0.01898053627282443,0.616085117387606,0.01560940672344805,0.010798480399851576,0.0002946879575259731,0.016302408102766123
742,24.733334,axial_advance_candidate,unknown_no_ground_truth,0.5131804790650539,0.10500371207490572,0.16238205639329592,0.011432791789033742,1.0996372273626462,0.14480644,1.9645859,-4.2732587,0.019038597677916085,0.5981935000109939,0.01563441335301763,0.010864314090108764,0.0008030796150926326,0.01140455133809393
743,24.766666,axial_advance_candidate,unknown_no_ground_truth,0.5133105727975991,0.1052756421141216,0.16243451803393394,0.007480338143204178,1.0996372273626462,0.14480644,2.175742,-2.3316267,0.019081172453186298,0.5862861832558847,0.015662944544128057,0.01089785806458337,0.0006381464136420659,0.007453068354136509
744,24.8,axial_advance_candidate,unknown_no_ground_truth,0.5133854036320562,0.10545070875165935,0.16246502144398817,0.0055000798932602285,0.7760503099969254,0.14480644,2.175647,-2.3324993,0.01911144974269148,0.5784183633311453,0.015676955795409512,0.010930716731129678,0.00015051598012631945,0.005498019986501691
745,24.833334,axial_advance_candidate,unknown_no_ground_truth,0.5134192274605374,0.10562258769125271,0.16248207908583445,0.005178364558317835,0.7383977104981696,0.14480644,2.274741,-1.4213061,0.01914584261345348,0.5734054850600357,0.015672965334915755,0.010996428828927157,-8.58050992164688e-05,0.0051776536175946256
746,24.866667,axial_advance_candidate,unknown_no_ground_truth,0.5134468706432458,0.10578848431293397,0.16250137531923065,0.004695710123489065,0.5845404889545376,0.14480644,2.30839,-1.1118956,0.019184920939614568,0.5686605047117611,0.015671247961340166,0.011066760085655302,-7.667079904227151e-05,0.004695084147532599
747,24.9,axial_advance_candidate,unknown_no_ground_truth,0.5134640893619087,0.1059304505178584,0.16251677094061273,0.003776727546561031,0.43094132369087246,0.14480644,2.481489,0.4797932,0.019220814308777617,0.5649207556133121,0.01566785402663028,0.011133645085627425,-7.824659238351222e-05,0.0037759168994739908
748,24.933332,axial_advance_candidate,unknown_no_ground_truth,0.5134789815116142,0.10603670000083947,0.1625287617194962,0.0026761707148897098,0.352804399088138,0.14480644,2.5713272,1.3058784,0.01924803342067072,0.5628037169648792,0.015666031601774894,0.011183123195934461,2.8040940918934844e-05,0.0026760238042412257
749,24.966667,axial_advance_candidate,unknown_no_ground_truth,0.5134973736016344,0.10610415250060626,0.1625401319217485,0.001681968505676118,0.20915937202624812,0.14480644,2.594064,1.5149488,0.0192657806047385,0.5614372864153429,0.015669711050346473,0.011208499360242995,0.0001162477881107855,0.0016779465145962502
750,25.0,axial_advance_candidate,unknown_no_ground_truth,0.5135112336137901,0.10614234798772826,0.16254815693781355,0.001063090087768565,0.15060640677770637,0.14480644,2.6091096,1.6532972,0.01927613389576486,0.5604832310628671,0.015673794247180625,0.011220584292473476,9.160594594352051e-05,0.0010591359144980252
751,25.033333,axial_advance_candidate,unknown_no_ground_truth,0.5135172342731655,0.10617082414058052,0.16255366809315366,0.0008976088057018092,0.15060640677770637,0.14480644,2.5862522,1.4431175,0.019285041054573432,0.5600219940623592,0.015675818019836144,0.011233055589890184,7.195271033084516e-05,0.00089472027782401
752,25.066668,axial_advance_candidate,unknown_no_ground_truth,0.5135234142472278,0.10619971850265403,0.1625599689674872,0.0009515717142982837,0.15060640677770637,0.14480644,2.5318573,0.9429423,0.019294731800675397,0.5595454273606456,0.015678578488260108,0.011245837089672863,0.00011949017393088395,0.0009440396314702796
753,25.1,axial_advance_candidate,unknown_no_ground_truth,0.5135400283016724,0.10622843757857373,0.16256738029516404,0.001192937309291172,0.15060640677770637,0.14480644,2.493033,0.58594304,0.019301683953455943,0.5588491808459767,0.015683796710258754,0.011250489953347606,0.0002055666843475537,0.0011750922356075775
754,25.133333,axial_advance_candidate,unknown_no_ground_truth,0.5135719341290348,0.1062604926626409,0.16257661273676466,0.0014825243808165333,0.15809831602081584,0.14479905,2.5388103,1.006877,0.019305601920099176,0.5580743064062057,0.015692282723901937,0.011245378091041036,0.0002520181222308987,0.0014609467498107715
755,25.166666,axial_advance_candidate,unknown_no_ground_truth,0.5136123399849756,0.10629354493559959,0.16258470375448353,0.0016428279314758584,0.22583159534069994,0.14479905,2.5669668,1.2657831,0.01930578919657845,0.5571942368842315,0.015700597660977138,0.011234087839733344,0.00024338715158540153,0.0016246988357478417
756,25.2,axial_advance_candidate,unknown_no_ground_truth,0.5136587939191226,0.1063254943978713,0.16259141245115744,0.0016887349540871967,0.2685255517968443,0.14479905,2.4350731,0.052988328,0.019302483965378207,0.5563793015097586,0.015708496013235065,0.011217354422316379,0.0002666786385722205,0.0016675455762542603
757,25.233334,axial_advance_candidate,unknown_no_ground_truth,0.513707327414263,0.10635229647301951,0.16259911625988632,0.0015034857766701886,0.2685255517968443,0.14479905,2.4114153,-0.164551,0.019298371973844992,0.5558787088472533,0.015718389075326557,0.01119640146286032,0.00021453836786868084,0.0014881003895442682
758,25.266666,axial_advance_candidate,unknown_no_ground_truth,0.5137435880536934,0.10637774525744295,0.1626026385624757,0.0011055026924629062,0.2685255517968443,0.14479905,2.424135,-0.04759084,0.019294589649003796,0.5555624327447927,0.015722798351947287,0.011183684621243941,3.630435882199028e-05,0.001104906419826249
759,25.3,axial_advance_candidate,unknown_no_ground_truth,0.5137647769234122,0.10639842563392682,0.16260090634948782,0.0007231063251264628,0.2685255517968443,0.14479905,2.4343743,0.046562646,0.019290286443599175,0.5559182606798262,0.01572080932883068,0.011179056539916792,-9.803241951504515e-05,0.0007164303191252616
760,25.333334,axial_advance_candidate,unknown_no_ground_truth,0.5137780619568454,0.10641081452929109,0.16259635755353657,0.0005198997833918764,0.22583159534069994,0.14479905,2.4521506,0.2100197,0.019284329176523334,0.5559059722224408,0.015716249907517924,0.011175188617332228,-0.00010794961052079606,0.0005085692345780744
761,25.366667,axial_advance_candidate,unknown_no_ground_truth,0.5137938084069473,0.10641534060777036,0.1625922887226952,0.0004751025972662963,0.20605230798034818,0.14479905,2.4434347,0.12987511,0.01927618858206028,0.5557812180431817,0.01571362519622099,0.011164830023060813,-0.0001129750585499172,0.00046147493331146746
762,25.4,axial_advance_candidate,unknown_no_ground_truth,0.5138075593062026,0.106414089773571,0.16258529593401694,0.0004193513733011872,0.18622879060610267,0.14479905,2.4861917,0.52303666,0.01926477736930941,0.556210678745263,0.01570871835234917,0.011152031869378083,-0.00019623861540144652,0.0003706021857934931
763,25.433332,axial_advance_candidate,unknown_no_ground_truth,0.5138148490246146,0.10640854724641266,0.16257518027364076,0.00037517561704323573,0.16345099291990073,0.14479905,2.4968166,0.6207351,0.019251789302038094,0.5565879771984149,0.015700542822313857,0.011141110645476833,-0.0002429620938225386,0.0002858778840504117
764,25.466667,axial_advance_candidate,unknown_no_ground_truth,0.5138187695823511,0.1064033329686838,0.16256569892278955,0.000271087278530762,0.1396806786590804,0.14479905,2.5184557,0.8197121,0.019240619198081708,0.5567556720780841,0.015692507956593164,0.011133131686899727,-0.00020287562844553686,0.00017980487191409305
765,25.5,axial_advance_candidate,unknown_no_ground_truth,0.5138190213543115,0.1064003354439086,0.1625596355613932,0.00015539493317089773,0.1396806786590804,0.14479905,2.532173,0.94584495,0.019234332626614926,0.556364576882618,0.015687030166783973,0.01112998814634019,-0.00012038500646040297,9.826004007080652e-05
766,25.533333,axial_advance_candidate,unknown_no_ground_truth,0.5138127508044732,0.1064002551794204,0.16255784902862186,0.00048230612808386925,0.13789587871353806,0.14479905,2.6898725,2.3959317,0.01923485847641523,0.5562696983822225,0.01568448241246614,0.011134486609662932,-0.0001848913227825267,0.0004454597624331307
767,25.566668,axial_advance_candidate,unknown_no_ground_truth,0.5137879628327506,0.10640076890822608,0.16255119562165335,0.0007157256120480174,0.13789587871353806,0.14479905,2.6897612,2.394908,0.019237518832250677,0.5561699218655519,0.015674690786230787,0.0111528561174818,-0.000284480638208083,0.0006567601679656211
768,25.6,axial_advance_candidate,unknown_no_ground_truth,0.5137670663759248,0.10639865215962309,0.16254428292961262,0.0004886992258752178,0.1396806786590804,0.14479905,2.728563,2.751701,0.019238025046016686,0.5562307812721471,0.01566552945925481,0.011166592785285274,-0.00019927151076368116,0.00044622617400708053
769,25.633333,axial_advance_candidate,unknown_no_ground_truth,0.5138126169198465,0.10639000732387938,0.16253281669889313,0.0030159644534859744,0.2362872683454629,0.14479905,2.8162806,3.5582857,0.019209798551158706,0.5561518790943645,0.015661406222397513,0.011123700621337652,-0.0005289420149710317,0.002969219077382021
770,25.666666,axial_advance_candidate,unknown_no_ground_truth,0.5139538142060547,0.10636348747317659,0.16247859955717509,0.006375359229716369,0.43559699191736584,0.14479905,2.971807,4.9883895,0.019105818054754958,0.5566201255610564,0.01563026719855804,0.010987585305383579,-0.0007653187117154648,0.006329256874027778
771,25.7,axial_advance_candidate,unknown_no_ground_truth,0.5142157183622957,0.10632034210908334,0.16241753421246957,0.009328880272860284,2.3038541551087817,0.14479905,3.3304684,8.28637,0.018952297980299123,0.572006169248437,0.015610372225304023,0.01074736608297619,-0.0008180140184325612,0.009292946799105738
772,25.733334,axial_advance_candidate,unknown_no_ground_truth,0.5145514728727921,0.10627434350072777,0.16233133577424502,0.011291495559070108,2.3038541551087817,0.14479905,3.3192375,8.183099,0.018754237891417384,0.6190465452018211,0.015575745751938711,0.010445936203081022,-0.0023535769128969816,0.011043484399209259
773,25.766666,axial_advance_candidate,unknown_no_ground_truth,0.5149125615300735,0.10621980409063184,0.16215118566184478,0.013251440515906938,2.3038541551087817,0.14534567,3.5307982,10.128452,0.018464050248071795,0.6782483045358194,0.015453469501898704,0.01010502013442857,-0.004202783581759096,0.012567310209886447
774,25.8,axial_advance_candidate,unknown_no_ground_truth,0.5153286740185087,0.10616119234309832,0.1619268871046572,0.013707498264727223,2.9897424734238798,0.14534567,4.0481863,14.885964,0.01812063036329598,0.7416938321783119,0.015295564472861923,0.009716118166208584,-0.005189834588159436,0.012687045582997004
775,25.833334,axial_advance_candidate,unknown_no_ground_truth,0.5156942467523498,0.10614199802168417,0.16168429656423122,0.011596646840330821,2.9897424734238798,0.14534567,3.432622,9.2256975,0.017788759936643275,0.7716055895719663,0.015107461482246695,0.00939172974728071,-0.005251645068719235,0.010339363714056669
776,25.866667,axial_advance_candidate,unknown_no_ground_truth,0.515966252996163,0.106189145024391,0.1614904617390001,0.009191700368180697,1.9633121206840138,0.14534567,3.7594748,12.231191,0.017546782277427866,0.8133189403310813,0.014945461301355822,0.009193625769038687,-0.004108047883671753,0.008222608968196965
777,25.9,axial_advance_candidate,unknown_no_ground_truth,0.5161918483151298,0.10629945148838178,0.1613632218965729,0.008262715927301793,1.9633121206840138,0.14534567,4.841383,22.179605,0.017397242809283075,0.9137768568561649,0.014833595819605527,0.009090021585548249,-0.0025257675428532514,0.007867208705427595
778,25.933332,axial_advance_candidate,unknown_no_ground_truth,0.5164160574547878,0.10644174604987607,0.16129734883811728,0.007955458517153227,1.5393696702464168,0.14534567,4.289887,17.108463,0.017317021214988997,0.9202845854995234,0.014777079378508614,0.009028684776955861,-0.002079312614380784,0.007678917844971566
779,25.966667,axial_advance_candidate,unknown_no_ground_truth,0.516602166490679,0.10659987865329099,0.16121272801955266,0.008664228195748087,1.351036258910988,0.14534567,4.29722,17.175894,0.017235867878238234,0.9413515729660864,0.014694959000940297,0.009007403703441316,-0.005894299218934383,0.00635028243038573
780,26.0,axial_advance_candidate,unknown_no_ground_truth,0.5166927292556811,0.10676769851516182,0.16090893820408553,0.014945816678443665,1.2468411231323557,0.14534567,3.3628774,8.584379,0.016976697421071007,0.9883324372945811,0.01438414657020379,0.009016905387853056,-0.014229310964238958,0.004572105168151078
781,26.033333,axial_advance_candidate,unknown_no_ground_truth,0.51671456426852,0.10693299023554234,0.16028043965454333,0.024390871178524853,1.2468411231323557,0.14534567,2.9755304,5.022627,0.016434331307462618,0.9821805826562688,0.013746352804883616,0.009006943437543857,-0.02398950390686346,0.0044066199234761684
782,26.066668,axial_advance_candidate,unknown_no_ground_truth,0.5167354532562793,0.10715727741042767,0.15933076771489535,0.03302459395613169,1.351036258910988,0.14534567,1.8627499,-5.209666,0.01562496980350357,0.9695221325127801,0.012784793793874084,0.008982690521693211,-0.0326032013261101,0.005258808729788779
783,26.1,axial_advance_candidate,unknown_no_ground_truth,0.516691275960814,0.10748916322858296,0.1581503276036053,0.03813475884419565,1.351036258910988,0.14534567,1.8727522,-5.1176925,0.014684812688784327,0.9546386063891179,0.011572803819987296,0.009039576065765952,-0.03752699084475358,0.00678120861224158
784,26.133333,axial_advance_candidate,unknown_no_ground_truth,0.516605303875575,0.10793006851273418,0.1569122900907372,0.038104037882770815,1.2468411231323557,0.14534567,2.0136807,-3.8218198,0.013797867292319846,0.9384671349799004,0.010283032737125775,0.009200020627350211,-0.03705279198165474,0.008888661841686631
785,26.166666,axial_advance_candidate,unknown_no_ground_truth,0.5165286601201646,0.10841777996917148,0.1557915150079765,0.032584430165778104,1.2468411231323557,0.14534567,1.9816365,-4.116474,0.01310016759219357,0.9082045844120574,0.009102655536396395,0.009421043101975,-0.03105121722437519,0.009877600827788869
786,26.2,axial_advance_candidate,unknown_no_ground_truth,0.5165012033567908,0.10886606645539289,0.1549547336926378,0.024011147957143285,1.2517758331756046,0.14534567,2.0848997,-3.1669438,0.012667364231027663,0.8993763958393205,0.008212928191403915,0.009644165442606314,-0.022224508528198714,0.009088808882348053
787,26.233334,axial_advance_candidate,unknown_no_ground_truth,0.5164810790684978,0.10921877907631859,0.15440637243970173,0.01554450731899125,1.3931414578634558,0.14534567,2.2235663,-1.8918697,0.012449543343921336,0.8919968585697406,0.0076209970353504,0.009844365579322847,-0.013946725512963326,0.006864441365197199
788,26.266666,axial_advance_candidate,unknown_no_ground_truth,0.516467304817993,0.1094478342438381,0.15409783059339768,0.007979034772272417,1.2517758331756046,0.14534567,2.2545404,-1.6070547,0.012359552691607779,0.8892690130849144,0.007283160736778169,0.009985695389850523,-0.006835507612791754,0.004115924145632219
789,26.3,axial_advance_candidate,unknown_no_ground_truth,0.5164611305632476,0.10955464546530738,0.15399437402670912,0.002844405092124278,1.004879698131298,0.14534567,2.294909,-1.2358557,0.01235063941080219,0.8885408833209798,0.007165303510134521,0.010059658019202947,-0.0021131846120881785,0.001903967206476062
790,26.333334,axial_advance_candidate,unknown_no_ground_truth,0.5164577124697467,0.10959380097511864,0.1539771672049426,0.0009026704149019641,1.004879698131298,0.14534567,2.1939754,-2.1639647,0.012363153776768094,0.8900563565925332,0.007142273102752054,0.010091357997500622,-0.00015340972568660577,0.0008895388322069162
791,26.366667,axial_advance_candidate,unknown_no_ground_truth,0.5164719353415042,0.10961378120994333,0.1539913353648463,0.0019934047476744708,1.2517758331756046,0.14534567,2.1820946,-2.2732124,0.012380984261637432,0.8899772335104539,0.007155086204486797,0.010104133445935701,-0.00021792663610327738,0.0019814566534062336
792,26.4,axial_advance_candidate,unknown_no_ground_truth,0.5165284891431479,0.10970603287945946,0.1539697615906057,0.0052477052479067325,1.3931414578634558,0.1459883,2.1646044,-2.4340386,0.012403968388801881,0.8910461827663159,0.007127744882951886,0.010151536074602185,-0.0023041059594381573,0.004714817716157161
793,26.433332,axial_advance_candidate,unknown_no_ground_truth,0.5165805535374539,0.1099219407909765,0.1538663195878972,0.010146106856296475,1.3931414578634558,0.1459883,2.2510524,-1.6391283,0.012448647418459578,0.912213567181313,0.007001481494112036,0.010293108346691343,-0.006218268814186802,0.008017269940191498
794,26.466667,axial_advance_candidate,unknown_no_ground_truth,0.5166011730155932,0.11028242547704367,0.15362329873459896,0.016334355752113897,1.554919807665035,0.1459883,2.260708,-1.5503416,0.012505536946003497,0.949212717546175,0.0067131666253077505,0.010550916934973597,-0.011901592791578593,0.011187639020814932
795,26.5,axial_advance_candidate,unknown_no_ground_truth,0.5165986760528539,0.11076792112200351,0.15318088538216623,0.022988350811600885,1.554919807665035,0.1459883,2.2388952,-1.7509167,0.01253980447868353,0.9752893682346723,0.006208055924353658,0.010895262181503893,-0.01889830688810649,0.013088860523367867
796,26.533333,axial_advance_candidate,unknown_no_ground_truth,0.5165975858761492,0.11131772476644251,0.1524933426993339,0.029136044332595635,1.554919807665035,0.1459883,2.3729398,-0.5183429,0.012507361151250573,0.9703307578233629,0.005453298803591566,0.011255914673031187,-0.026305483416225614,0.012527195280255575
797,26.566668,axial_advance_candidate,unknown_no_ground_truth,0.516603426119626,0.11182159870534036,0.1515490676137191,0.03338928645797874,1.554919807665035,0.1459883,2.7918377,3.333527,0.012361751616384356,0.9770255328250855,0.004454307497928932,0.011531350646783546,-0.03202400365172338,0.009450271968963144
798,26.6,axial_advance_candidate,unknown_no_ground_truth,0.5166420161829262,0.11217101925274113,0.1504378953978186,0.03503290070874096,1.550668347047151,0.1459883,2.648346,2.0140848,0.012093469316808122,1.0083375881321945,0.003318356520233102,0.011629295340699106,-0.03441235528784674,0.006564597140077176
799,26.633333,axial_advance_candidate,unknown_no_ground_truth,0.5167089723156937,0.11232993305000252,0.14927201379959565,0.03325035193408095,1.4615454344964427,0.14493202,2.6782236,2.2888174,0.011737701202830193,1.0360415261956744,0.002160185630117153,0.011537210562798824,-0.03246548157325385,0.007181811049934085
800,26.666666,axial_advance_candidate,unknown_no_ground_truth,0.5168094012997978,0.1123327372928489,0.1482334920658822,0.027374055137214467,1.0393161442503942,0.14493202,2.7955909,3.3680387,0.011374825466016118,1.0374773558176553,0.0011540242447103874,0.011316133722475597,-0.026165695591898585,0.008043336922407059
801,26.7,axial_advance_candidate,unknown_no_ground_truth,0.5168897264333385,0.11224879341189387,0.1474578482262892,0.0191420871149751,0.8531163480693285,0.14493202,3.1138132,6.2941713,0.011078894667386586,1.0442686153952447,0.0004157860668929313,0.011071089783649334,-0.01783940764932018,0.006940823714709401
802,26.733334,axial_advance_candidate,unknown_no_ground_truth,0.5169278979151755,0.11214247902507712,0.14697716411706857,0.010921598150371388,0.8243331347827179,0.14493202,3.3684509,8.635629,0.01087310761010297,1.0437833480892136,-3.529014896460421e-05,0.01087305034046404,-0.00979002235129638,0.004841153635169315
803,26.766666,axial_advance_candidate,unknown_no_ground_truth,0.5169390520805602,0.11205634668904846,0.14675738114478343,0.004474004803168826,0.4610441055025073,0.14493202,3.6453662,11.181933,0.010752364736212222,1.044763025292399,-0.00023687208959212924,0.010749755301108598,-0.0036467053789882983,0.0025919604274825523
804,26.8,axial_advance_candidate,unknown_no_ground_truth,0.5169420428022311,0.11201401682601841,0.1467083559050408,0.0008201408891486357,0.045096921542933766,0.14493202,3.226567,7.3309712,0.010704262521395927,1.0440283577702514,-0.0002784001158769515,0.010700641546301848,-0.0002232061559472237,0.0007891831789900103
805,26.833334,axial_advance_candidate,unknown_no_ground_truth,0.5169477327970226,0.11200776626941472,0.14673383812876134,0.000937531818406516,0.039087895343250106,0.14493202,3.1328013,6.468772,0.010700554598771825,1.0440294045547216,-0.00025176054770897254,0.010697592502423811,0.0009225914048326622,0.0001667063593673718
806,26.866667,axial_advance_candidate,unknown_no_ground_truth,0.5169471595576899,0.11201561951020984,0.14677063942932284,0.0006990547794020155,0.039087895343250106,0.14493202,3.074708,5.93459,0.010713915545047224,1.044024328983807,-0.0002168819215990841,0.010711720148439654,0.0005263893640238852,0.00045999111083512296
807,26.9,axial_advance_candidate,unknown_no_ground_truth,0.5169302091335475,0.1120231246512107,0.14677419745416775,0.0002351399797752156,0.039087895343250106,0.14493202,3.0803618,5.9865785,0.01072705980118604,1.0447649674101824,-0.0002166684611345788,0.010724871409773223,4.4839697021066105e-05,0.00023082506722569754
808,26.933332,axial_advance_candidate,unknown_no_ground_truth,0.5169348007885458,0.11202331326549389,0.14677645289285413,0.00032743010582914414,0.045096921542933766,0.14493202,3.11004,6.2594757,0.010726082764620394,1.0449296211722732,-0.00021389265426699586,0.010723949897586118,-6.943872807414459e-05,0.0003199824014640955
809,26.966667,axial_advance_candidate,unknown_no_ground_truth,0.5169499999783467,0.11201865939374989,0.14676620441092078,0.0012591405718616162,0.12396994348214961,0.14493202,3.1955557,7.0458145,0.010715096821336065,1.0452356360510466,-0.00022131010551469784,0.010712811102964681,-0.0005458663635393867,0.0011346651016332018
810,27.0,axial_advance_candidate,unknown_no_ground_truth,0.5169990775479684,0.11200042695820389,0.14672752765171987,0.0027791970567884656,0.5474389303510967,0.14493202,3.4960258,9.808712,0.010675906049829638,1.05956164913193,-0.0002502712496437118,0.010672972139305471,-0.0010625881272889924,0.002568042591587246
811,27.033333,axial_advance_candidate,unknown_no_ground_truth,0.5170976126726512,0.11196688918484589,0.1466669174949938,0.004163554635273645,1.2502612452081219,0.14493202,3.455274,9.43399,0.01060345320238312,1.1009392593553506,-0.00029214822859289363,0.010599427778312322,-0.0014730893129898787,0.0038942515425770415
812,27.066668,axial_advance_candidate,unknown_no_ground_truth,0.5172219600450436,0.11191558403849935,0.14658553012574901,0.004829147738027131,1.2502612452081219,0.14493202,3.5548873,10.349957,0.010504120076771538,1.1468680247944054,-0.0003484910916731205,0.010498337608700694,-0.002126351347238231,0.0043358157045463456
813,27.1,axial_advance_candidate,unknown_no_ground_truth,0.5173300001624839,0.1118535468649659,0.14647506071397837,0.004968004406305495,1.2502612452081219,0.14493202,4.0284195,14.704205,0.01039697147897212,1.2291349037626638,-0.0004338934775723678,0.010387913764788379,-0.002709477590941619,0.004164108423811274
814,27.133333,axial_advance_candidate,unknown_no_ground_truth,0.517424412635375,0.1117890271766264,0.14635599454569997,0.004951514959648457,1.41444162114958,0.14479905,4.379632,17.933691,0.010291982706501451,1.3005599810133606,-0.0005291201634042227,0.01027837243359103,-0.002796878625220742,0.004085947913447478
815,27.166666,axial_advance_candidate,unknown_no_ground_truth,0.5175255463250222,0.1117279669253051,0.14624063651233016,0.005342417871590744,2.1670599586549986,0.14479905,4.58991,19.867249,0.010190360154499213,1.339671676130906,-0.0006203491956440733,0.010171460414014745,-0.002576708370186374,0.004679957552126264
816,27.2,axial_advance_candidate,unknown_no_ground_truth,0.5176750732766437,0.11167367868084024,0.14613080761016956,0.006161116604912568,2.32940134826393,0.14479905,5.0925207,24.48888,0.010083925526628543,1.3755879931130957,-0.0007009141368934908,0.010059536440576854,-0.0026967104898421917,0.005539594782410033
817,27.233334,axial_advance_candidate,unknown_no_ground_truth,0.5178419836407274,0.1116237825247329,0.14600034745011495,0.006965187963100862,2.1670599586549986,0.14479168,5.22578,25.714231,0.009977720448751866,1.4529988472786577,-0.0008001195135446098,0.009945587670795841,-0.002930326141900385,0.006318784065262899
818,27.266666,axial_advance_candidate,unknown_no_ground_truth,0.5180495830124144,0.1115885263498133,0.1458698439871047,0.0072311373713310435,1.3238735366773102,0.14479168,4.9815197,23.468197,0.009879227235275236,1.5320731905639582,-0.0008962662197638132,0.009838487568194321,-0.0026350602361997605,0.0067339294052328235
819,27.3,axial_advance_candidate,unknown_no_ground_truth,0.5182577888978339,0.11158062228913829,0.1457602783736895,0.006300540983373883,1.3238735366773102,0.14479168,5.2282524,25.736965,0.009813952222306254,1.6224173420805597,-0.0009757875043084403,0.009765321140041703,-0.002229579646093239,0.005892859347116702
820,27.333334,axial_advance_candidate,unknown_no_ground_truth,0.5184195068635329,0.11159783905844092,0.14567114218759952,0.00452445225020086,1.3238735366773102,0.14479168,5.64817,29.598213,0.009789393293156968,1.6661555225748315,-0.0010449179627121294,0.009733466366064463,-0.0021447703328375347,0.003983795725652559
821,27.366667,axial_advance_candidate,unknown_no_ground_truth,0.5185011388767906,0.11163596342419702,0.14559081856912975,0.002888811187588874,1.0873942545452644,0.14479168,5.814116,31.124126,0.009805060898095868,1.6978088367615485,-0.001118762136566715,0.009741026152164526,-0.0019320918546063017,0.002147615222264599
822,27.4,axial_advance_candidate,unknown_no_ground_truth,0.5185259461213745,0.11168968631724063,0.1455395232667999,0.002141963413724673,0.3741242018471473,0.14479168,5.8694615,31.633043,0.009849969893798221,1.701577711990924,-0.0011737221127680368,0.00977978953304879,-0.001516202632889324,0.0015129893726508914
823,27.433332,axial_advance_candidate,unknown_no_ground_truth,0.5185355713587678,0.11173944687811874,0.14549864429134163,0.0019692942893807033,0.3741242018471473,0.14479168,6.2895784,35.496124,0.009894846121076469,1.709709615114838,-0.0012198407633288218,0.00981936699955264,-0.0013966001485960862,0.0013883904433295551
824,27.466667,axial_advance_candidate,unknown_no_ground_truth,0.5185756008068314,0.11177225357095927,0.1454503546889565,0.002439103451168214,0.3741242018471473,0.14479168,6.7541413,39.767895,0.00991716031161002,1.7213960676866398,-0.0012668417759463708,0.009835912797544009,-0.0016679312864982042,0.0017796715621207016
825,27.5,axial_advance_candidate,unknown_no_ground_truth,0.5186344840195662,0.11178986192871748,0.14537981378873682,0.003154290698244067,0.3741242018471473,0.14479168,7.161269,43.51153,0.009920722454770657,1.7332532369077904,-0.0013310250007471725,0.009831027742407034,-0.0017498522864301256,0.0026244174181528947
826,27.533333,axial_advance_candidate,unknown_no_ground_truth,0.5187336901139824,0.11180431572071828,0.14531545229533432,0.003533562146123727,0.8016113215628167,0.14479168,7.2793407,44.59723,0.009915071506247985,1.7703359726826406,-0.0013834968076104931,0.009818074126698285,-0.0015769559777744778,0.003162162438060363
827,27.566668,axial_advance_candidate,unknown_no_ground_truth,0.5188291400396323,0.1118278575490407,0.14525273157809027,0.0033393341284143245,0.8016113215628167,0.14479168,7.4631987,46.28785,0.009920466375236673,1.8011360698549452,-0.0014361684978539398,0.00981596012359328,-0.0014999409663106337,0.002983509597567231
828,27.6,axial_advance_candidate,unknown_no_ground_truth,0.5189143116977093,0.11186098054415129,0.1451982462620503,0.002902253988770202,0.8016113215628167,0.14479168,7.6258006,47.78302,0.009938421532128077,1.8271948024095148,-0.0014834828397367482,0.009827079994305205,-0.001334381073232407,0.002577305834923686
829,27.633333,axial_advance_candidate,unknown_no_ground_truth,0.5189774992639222,0.11190283979757434,0.14515372673495003,0.0022635723999272217,0.8016113215628167,0.14479168,7.6443825,47.95388,0.009969499704763659,1.8541577440589545,-0.0015251258730318517,0.009852152832487502,-0.0010710620112562336,0.001994137953541839
830,27.666666,axial_advance_candidate,unknown_no_ground_truth,0.5190099975059415,0.11195307754360673,0.14512659476053033,0.001756626988438651,0.26443040811455154,0.14479168,7.861847,49.95352,0.010014110998138058,1.8610671712470688,-0.001554885879756893,0.00989266137012494,-0.0007679569712998188,0.0015798672307327137
831,27.7,axial_advance_candidate,unknown_no_ground_truth,0.519026567698859,0.11199950196691558,0.14510945851349938,0.0013833745162526079,0.2489202522513037,0.14479168,8.113561,52.26809,0.010057516974348105,1.8674429310947216,-0.0015763348841239054,0.009933217808061714,-0.0005676112746808325,0.0012615635113113954
832,27.733334,axial_advance_candidate,unknown_no_ground_truth,0.5190312853953074,0.11203810784946866,0.14509788147106994,0.0011072704521300526,0.21171551553189336,0.14479168,8.144709,52.554504,0.010094980546812442,1.8723816770385042,-0.0015927157592006322,0.009968544966589436,-0.0004862603302489019,0.0009947857786410698
833,27.766666,axial_advance_candidate,unknown_no_ground_truth,0.5190282358318724,0.11206968009124246,0.14508662908534575,0.0008479864635832767,0.17857515254608916,0.14476213,8.192436,52.99337,0.010126613133726259,1.8757139842909796,-0.0016087517427708028,0.00999801037158339,-0.00038699313540163156,0.0007545312157707502
834,27.8,axial_advance_candidate,unknown_no_ground_truth,0.5190298064201565,0.1120916269589549,0.14507973387176168,0.0005887477051170243,0.05817208726301699,0.14476213,8.256668,53.584,0.0101480867522532,1.8758640701653662,-0.0016185149062567252,0.01001818717281134,-0.000314213150507735,0.0004978895021272953
835,27.833334,axial_advance_candidate,unknown_no_ground_truth,0.5190281488075875,0.11210550546084216,0.14507060105216213,0.0004029049726218899,0.04717966443532641,0.14476213,8.43498,55.223625,0.01016203386662044,1.8765126087885562,-0.0016297113143844961,0.01003050214785421,-0.00027721671858844715,0.00029237528605971394
836,27.866667,axial_advance_candidate,unknown_no_ground_truth,0.519026648702701,0.11211357777413794,0.14506458330687177,0.00023309876329423497,0.03971396510413785,0.14476213,8.421869,55.103065,0.010170224869233994,1.8770250328629776,-0.0016369848272648493,0.01003761697645862,-0.00016268170750772607,0.0001669421920656143
837,27.9,axial_advance_candidate,unknown_no_ground_truth,0.5190262221363833,0.11211807303056504,0.14506166652549946,0.00015446975876344684,0.03431716735918459,0.14476213,8.401336,54.914253,0.010174730244152235,1.877306578318117,-0.0016405565953762772,0.010041598956273526,-2.8907709077619598e-05,0.0001517407352305938
838,27.933332,axial_advance_candidate,unknown_no_ground_truth,0.5190289096823633,0.11212359465688419,0.14506381177979627,0.00017376249686289576,0.03431716735918459,0.14476213,8.384127,54.756012,0.010179817289927307,1.8777466460301098,-0.0016389119783415096,0.01004702182656889,2.4329031859824658e-05,0.00017205087481553675
839,27.966667,axial_advance_candidate,unknown_no_ground_truth,0.5190315290572699,0.11212805377919711,0.14506409620536345,0.00015375277738409907,0.029960653266604024,0.14476213,8.330019,54.25848,0.01018386039084902,1.8788569655689122,-0.001638946398931225,0.010051112732515436,-1.3420772807562335e-05,0.000153165921178871
840,28.0,axial_advance_candidate,unknown_no_ground_truth,0.5190340956531132,0.11213245729354207,0.14506354924798365,0.00015501015342881378,0.029960653266604024,0.14476213,8.380463,54.72232,0.010187855487906568,1.8795373158938444,-0.0016397949972467019,0.010055022218248583,-2.32804396563503e-05,0.0001532519781126215
841,28.033333,axial_advance_candidate,unknown_no_ground_truth,0.5190368960582271,0.11213682994643427,0.14506311504063477,0.00014957343358788975,0.028869278420925012,0.14476213,8.352355,54.463863,0.010191788256940977,1.8806917360641104,-0.0016404984044612583,0.010058892228236669,-2.320095944453356e-05,0.00014776307900190756
842,28.066668,axial_advance_candidate,unknown_no_ground_truth,0.5190394456499247,0.11214078023987384,0.14506249636156238,0.00013888687008340985,0.028869278420925012,0.14476213,8.319704,54.16363,0.010195339008862382,1.8816148788468647,-0.0016413534218474256,0.010062350443620057,-2.6656569885912366e-05,0.0001363047686747732
843,28.1,axial_advance_candidate,unknown_no_ground_truth,0.5190422100903378,0.11214431251787917,0.14506173081296142,0.00012554996256628083,0.028869278420925012,0.14476213,8.292556,53.913994,0.010198446465657084,1.882147120699244,-0.0016422638651859278,0.010065350451423838,-3.234446439712528e-05,0.00012131211284639971
844,28.133333,axial_advance_candidate,unknown_no_ground_truth,0.5190444248634722,0.11214723663093486,0.14506060502385734,0.00010077557526008314,0.032148036617573233,0.14476213,8.349523,54.43782,0.010201029346583977,1.882844273099793,-0.0016435096864348127,0.010067764182799598,-4.475150085703022e-05,9.029407367066734e-05
845,28.166666,axial_advance_candidate,unknown_no_ground_truth,0.5190459318114053,0.1121491482566008,0.14505892019768518,8.457778219908534e-05,0.032148036617573233,0.14476213,8.3113365,54.08669,0.010202708835109337,1.8832900624869633,-0.001645247252863818,0.010069182144095029,-4.7256575753825614e-05,7.014426056163725e-05
846,28.2,axial_advance_candidate,unknown_no_ground_truth,0.5190472147985273,0.11215107314709152,0.1450575858345375,7.164224342253295e-05,0.0880690972912586,0.14476213,8.327831,54.23836,0.010204433736081788,1.8839004238057384,-0.0016466718133940578,0.010070697086749143,-4.07485940542745e-05,5.892506364199712e-05
847,28.233334,axial_advance_candidate,unknown_no_ground_truth,0.5190481185410019,0.11215257511292342,0.14505638530724563,6.202129092661171e-05,0.12444954290528407,0.14476213,8.289674,53.887493,0.010205793378790053,1.8841967158674406,-0.0016479522061761897,0.010071865369270676,-3.1720085138720395e-05,5.329612300154428e-05
848,28.266666,axial_advance_candidate,unknown_no_ground_truth,0.5190490490690385,0.11215423906178659,0.14505566019384805,5.4847799507138274e-05,0.3216680303441894,0.14476213,8.297093,53.95572,0.01020731036512834,1.884414261932591,-0.0016487864533353547,0.010073266010651871,-1.3666689247498937e-05,5.311781919269215e-05
849,28.3,axial_advance_candidate,unknown_no_ground_truth,0.5190496244486928,0.11215584501182176,0.14505574520430392,5.126308608547464e-05,0.35256893107447546,0.14476213,8.256636,53.583702,0.010208820368537565,1.8845403792004862,-0.0016488633048324854,0.010074783527155528,4.364249968682491e-06,5.10769744328855e-05
850,28.333334,axial_advance_candidate,unknown_no_ground_truth,0.5190500503717078,0.11215742734029283,0.14505628776496432,4.132588462933518e-05,0.3863799719173343,0.14618774,8.199238,53.055912,0.01021032832502472,1.8846972712464922,-0.0016485071387733275,0.010076369818452252,7.169209125861644e-06,4.0699277400302616e-05
851,28.366667,axial_advance_candidate,unknown_no_ground_truth,0.5190507806965411,0.11215826776232571,0.1450564529981041,3.530883568120483e-05,0.3863799719173343,0.14618774,8.175262,52.835453,0.010211058872763369,1.8847766106054868,-0.0016483736743093248,0.010077131910066647,-2.2513809894882803e-06,3.52369856940473e-05
852,28.4,axial_advance_candidate,unknown_no_ground_truth,0.5190506112307881,0.11215971063836086,0.14505640075962214,4.9228900945382104e-05,0.3863799719173343,0.14618774,8.126285,52.38509,0.010212511232190087,1.8848237164282622,-0.0016486572285395545,0.010078557188923074,-4.646265343252156e-06,4.900915125413148e-05
853,28.433332,axial_advance_candidate,unknown_no_ground_truth,0.5190505966183403,0.11216153867286778,0.14505664786326938,6.942816449200048e-05,0.35256893107447546,0.14618774,8.11915,52.31949,0.010214323708406026,1.8849247690767752,-0.001648683420586182,0.010080389466622293,6.426425305862144e-06,6.91301025785182e-05
854,28.466667,axial_advance_candidate,unknown_no_ground_truth,0.5190508150260706,0.11216419988201887,0.14505746663193597,9.636094216500825e-05,0.25946045129655865,0.14618774,8.005528,51.274708,0.010216929389578255,1.8850253890544904,-0.0016482404317245325,0.010083102182902662,1.7587000442214783e-05,9.474243289241417e-05
855,28.5,axial_advance_candidate,unknown_no_ground_truth,0.5190507282383854,0.11216762071280253,0.14505874238697541,0.0001224911918690548,0.2423615406542703,0.14618774,7.953166,50.79322,0.01022033043643216,1.8850256384030784,-0.0016474992911180558,0.010086669436222597,2.609621372466323e-05,0.00011967906966023044
856,28.533333,axial_advance_candidate,unknown_no_ground_truth,0.5190510219144513,0.11217183740169424,0.14506034904422893,0.00013714344673513047,0.2423615406542703,0.14618774,7.919226,50.48114,0.010224467252385497,1.885025908709088,-0.0016465007107995366,0.010091024031506418,2.158398148012848e-05,0.00013543432624655034
857,28.566668,axial_advance_candidate,unknown_no_ground_truth,0.5190503180159909,0.11217630634388018,0.14506154310864916,0.00014138861657297372,0.2423615406542703,0.14618774,7.752662,48.949543,0.010228992374660115,1.8849063861136273,-0.001646072036590975,0.010095678870249786,9.173609024294813e-06,0.00014109070059323102
858,28.6,axial_advance_candidate,unknown_no_ground_truth,0.5190489206046769,0.11218075131788441,0.14506258595874594,0.0001392790166052043,0.2423615406542703,0.14860316,7.677539,48.258762,0.010233590215766544,1.8849063861136273,-0.001645877451029487,0.01010036910812795,-1.665061388067388e-05,0.00013828015592958195
859,28.633333,axial_advance_candidate,unknown_no_ground_truth,0.5190462483745827,0.11218462752155334,0.14506218309033458,0.00013394387189110283,0.342724297104079,0.14860316,7.6193347,47.723564,0.010237800367330166,1.8845428872548509,-0.0016471820605081775,0.010104422181443416,-3.93213953073446e-05,0.0001280421363780834
860,28.666666,axial_advance_candidate,unknown_no_ground_truth,0.5190433872323208,0.11218769995547567,0.14506167305889156,0.00015161282012607352,0.5665698958487813,0.14860316,7.6130996,47.66623,0.010241241306037345,1.8833119104455323,-0.001648498837217448,0.010107693855285597,-5.662440822805119e-05,0.00014064182741774985
861,28.7,axial_advance_candidate,unknown_no_ground_truth,0.5190396527252713,0.11219207376231499,0.1450602955311469,0.0002192563878348487,0.9288564192112145,0.14860316,7.650588,48.01094,0.010246092413392622,1.8827052892336638,-0.0016509688016445574,0.01011220607779421,-5.8543196854011646e-05,0.00021129613746705838
862,28.733334,axial_advance_candidate,unknown_no_ground_truth,0.5190369465178502,0.1122007588980414,0.1450604933381378,0.0003441822465055031,1.0086305378947609,0.14860316,7.6152253,47.685776,0.010255071246600156,1.8827053536808946,-0.0016523901652440553,0.01012107173251183,-3.400743797355757e-05,0.0003424980481288171
863,28.766666,axial_advance_candidate,unknown_no_ground_truth,0.5190349493163271,0.11221447190006478,0.1450619327331562,0.00046746771810431126,1.0086305378947609,0.14860316,7.619727,47.72717,0.010268930891341116,1.8825088002766224,-0.0016532359294383339,0.010134976695225006,-3.114946458462933e-05,0.0004664287494631337
864,28.8,axial_advance_candidate,unknown_no_ground_truth,0.5190333347141698,0.11223157299955233,0.1450634332746119,0.0005345575108042876,1.0086305378947609,0.14860316,7.6503406,48.00867,0.010286091902158857,1.8824854152842718,-0.001654466764397959,0.010152163628762124,-4.338687268962019e-05,0.000532793873496581
865,28.833334,axial_advance_candidate,unknown_no_ground_truth,0.5190314001558186,0.11224982033816618,0.14506469514622167,0.0005464204023724685,1.0086305378947609,0.14860316,7.6303296,47.824665,0.01030443249819392,1.8824739265134005,-0.0016561401153905322,0.010170473392523539,-1.9933818446119112e-05,0.0005460566811339712
866,28.866667,axial_advance_candidate,unknown_no_ground_truth,0.5190310908121206,0.11226768047298646,0.1450677550165812,0.0005143647628945075,0.9417562520840769,0.14860316,7.552776,47.111538,0.010322166148741235,1.8824762353066655,-0.0016557841558148948,0.010188498065542919,8.43725996363646e-05,0.0005073976485342877
867,28.9,axial_advance_candidate,unknown_no_ground_truth,0.5190336238472908,0.11228245286493085,0.1450749912113276,0.0005909527838827005,0.9066079321315353,0.14860316,7.5835333,47.394356,0.010336457919569924,1.8824954861221055,-0.001650515361599325,0.01020383072008569,0.00040356044623255917,0.00043169915336411244
868,28.933332,axial_advance_candidate,unknown_no_ground_truth,0.5190417943759713,0.11229142870652913,0.14509731038038265,0.0007779761008635867,0.8909744504990199,0.14860316,7.5812507,47.37337,0.01034429775663705,1.8824959948979758,-0.0016288805382931788,0.010215245678393449,0.0007191885043092176,0.0002966727300989765
869,28.966667,axial_advance_candidate,unknown_no_ground_truth,0.519046356017737,0.11229400163780742,0.14512390714559265,0.00036509953419102266,0.8909744504990199,0.14860316,7.4921618,46.554173,0.010346380761036304,1.8824790188333778,-0.0016025802181185308,0.010221513170604307,4.1852147809318216e-05,0.00036269280057680864
870,29.0,axial_advance_candidate,unknown_no_ground_truth,0.5190182490345477,0.11228917397858779,0.14510292385515033,0.0027416503066832335,0.9066079321315353,0.14860316,7.4801674,46.443882,0.01034538108042931,1.882346482400384,-0.0016260758430673532,0.010216789468903502,-0.0024323990922282355,0.0012649431055440892
871,29.033333,axial_advance_candidate,unknown_no_ground_truth,0.5189531793737336,0.11227437111117816,0.1449678973732917,0.007467618399002213,0.9415207013330165,0.14860316,7.1178837,43.112595,0.01034023840101241,1.8768818152876334,-0.0017647376729643019,0.010188534297699168,-0.0071411879622088874,0.0021837488503761745
872,29.066668,axial_advance_candidate,unknown_no_ground_truth,0.5188717394888421,0.11224074377710126,0.14462956189873216,0.013914365341656689,0.9415207013330165,0.14860316,5.737206,30.41692,0.010327423984147183,1.8495664733061108,-0.0021021844375895184,0.01011120698723426,-0.013495327102460746,0.003389057281706126
873,29.1,axial_advance_candidate,unknown_no_ground_truth,0.5188058174450338,0.11218378509997866,0.1440565589442154,0.019287207548902622,0.9066079321315353,0.14892077,4.861314,22.362875,0.010320812976011284,1.798811820200009,-0.002664413695518136,0.009970961846529064,-0.01869743312754651,0.004733114141384358
874,29.133333,axial_advance_candidate,unknown_no_ground_truth,0.5187686947573403,0.11211687948908212,0.14335390286139682,0.020930995137206705,0.8348976979229967,0.14892077,4.6466107,20.388626,0.010352635825818501,1.7853298449861104,-0.003348660880455998,0.009796098144145166,-0.02022309110756041,0.005397512713193152
875,29.166666,axial_advance_candidate,unknown_no_ground_truth,0.5187680648333891,0.11205392038675618,0.14266774992796813,0.018593507148629753,0.8348976979229967,0.14892077,4.3818502,17.954088,0.010426335014830217,1.781041611446424,-0.004012599111963294,0.009623279597317435,-0.01785036651005636,0.005204125627115866
876,29.2,axial_advance_candidate,unknown_no_ground_truth,0.518799127441854,0.11200378718764718,0.14211986348814576,0.013321349374719073,0.625184848022602,0.32129392,5.3963604,27.28276,0.01051233093440635,1.7808010784935568,-0.004538704879519879,0.00948204934025863,-0.012639103184701688,0.0042084937744746465
877,29.233334,terminal_settle_candidate,unknown_no_ground_truth,0.5188443442479114,0.11197283101930862,0.1417866477363689,0.007100563098196734,0.2357392335923924,0.32129392,5.976274,32.61521,0.010573810676522752,1.78064563018921,-0.004855217765197187,0.00939320673015665,-0.006647117332498963,0.0024967634007781077
878,29.266666,terminal_settle_candidate,unknown_no_ground_truth,0.5188658125607537,0.11196181311694686,0.14165310403275264,0.0020490352287314178,0.2357392335923924,0.32129392,5.412964,27.435434,0.010602159966866006,1.7806496907000082,-0.004981839245152268,0.00935879659456689,-0.0019444732310933731,0.0006461959626488804
879,29.3,terminal_settle_candidate,unknown_no_ground_truth,0.5188598308881205,0.11196432108511814,0.14165119525462913,0.00044349411147850916,0.2357392335923924,0.32129392,4.9122725,22.831451,0.010606025086803849,1.7767947951975969,-0.004984847327704963,0.009361573866684238,0.00017108090321890423,0.0004091678768793027
880,29.333334,terminal_settle_candidate,unknown_no_ground_truth,0.5188416377858008,0.11196834125028127,0.1416688641194356,0.00046439162685878036,0.2357392335923924,0.32129392,4.6776857,20.674368,0.010606928313165316,1.776235461311558,-0.0049704441654179286,0.0093702514928411,-0.00014477926875575543,0.0004412465823494766
881,29.366667,terminal_settle_candidate,unknown_no_ground_truth,0.5188294475349355,0.11196523102718858,0.14164549116624342,0.0009970475677863362,0.5240544728194463,0.32129392,4.682565,20.719236,0.010613368802517946,1.77063344586642,-0.0049944857464306195,0.009364758911310136,-0.0009410275957725706,0.0003295010112627036
882,29.4,terminal_settle_candidate,unknown_no_ground_truth,0.5188177380663617,0.1119622605665904,0.14160713946756903,0.0010739820053462749,0.6193445611598287,0.39524832,4.846884,22.230186,0.010624766261867993,1.765838006150902,-0.005033178377232802,0.00935696390621897,-0.0010407393807511385,0.0002651393768593086
883,29.433332,terminal_settle_candidate,unknown_no_ground_truth,0.5188120292749238,0.11195989440739211,0.14157624987923492,0.0007952282559193094,0.6193445611598287,0.39524832,5.004423,23.6788,0.010633489873680912,1.7658564066499711,-0.005063867308724251,0.009350313084239921,-0.0007769267117893284,0.000169625657023602
884,29.466667,terminal_settle_candidate,unknown_no_ground_truth,0.5188110213864325,0.11195862455271759,0.14155466410739698,0.0004587761351974746,0.6193445611598287,0.39524832,5.0229554,23.849209,0.010639528021229592,1.7658704074721652,-0.005084985094592332,0.009345720041939171,-0.00043792813815357845,0.000136727788104949
885,29.5,terminal_settle_candidate,unknown_no_ground_truth,0.5188154127828002,0.11195872866081619,0.14154587912694844,0.0002643120367898201,0.6193445611598287,0.39524832,5.1024194,24.5799,0.010641825886259088,1.7658912725153166,-0.005093052198891589,0.0093439433588191,-0.00020133065116673322,0.00017125075676551735
886,29.533333,terminal_settle_candidate,unknown_no_ground_truth,0.518820521975373,0.11195934874636158,0.14153984191060706,0.0002443193822735401,0.3375246622891858,0.39524832,5.1647286,25.15285,0.010643595731238355,1.7661653921719296,-0.005098406932349105,0.009343038951123447,-0.00017639304544844097,0.00016904867367698704
887,29.566668,terminal_settle_candidate,unknown_no_ground_truth,0.5188249895407773,0.11195954962518187,0.14153274411023603,0.00022397072043534627,0.2865196517209184,0.39524832,4.983106,23.482784,0.010645430205307659,1.7664451884064987,-0.005104823408681097,0.009341625245226774,-0.00016165783247343893,0.0001550149309334994
888,29.6,terminal_settle_candidate,unknown_no_ground_truth,0.5188290304921287,0.11195834330176097,0.1415276002108178,0.00015875792693504438,0.24025495617955372,0.4087436,5.1063075,24.615652,0.010645380765454937,1.7666973159085084,-0.005109172928689476,0.009339190737224749,-9.588785339100233e-05,0.00012652904384677274
889,29.633333,terminal_settle_candidate,unknown_no_ground_truth,0.5188318227487791,0.11195726677519566,0.14152499101007113,0.00010423799311773601,0.1805171878839777,0.4087436,5.181277,25.305014,0.0106448101288242,1.7671551379802581,-0.005111215834293406,0.009337422308859476,-8.854284606877379e-05,5.500657796350007e-05
890,29.666666,terminal_settle_candidate,unknown_no_ground_truth,0.5188308058423022,0.11195665233485022,0.14152109800680002,8.310501841531787e-05,0.15985635023640601,0.4087436,5.1668534,25.172386,0.01064568351264685,1.7676453025965457,-0.0051150756946497095,0.00933630430574351,-8.012093437157076e-05,2.2069888111106813e-05
891,29.7,terminal_settle_candidate,unknown_no_ground_truth,0.5188314256320424,0.11195662591710065,0.1415194907446761,4.660234011271591e-05,0.15354543336847948,0.4087436,5.1227627,24.766962,0.01064609560712044,1.7676462118729572,-0.005116568620354884,0.00933595614970148,1.571100233880264e-05,4.387416676691865e-05
892,29.733334,terminal_settle_candidate,unknown_no_ground_truth,0.5188338104253177,0.11195715630883998,0.1415218579774754,7.506076594342552e-05,0.11666489061082347,0.4087436,5.1318026,24.850086,0.010645437664604249,1.7677419643589416,-0.005114017057554066,0.009336603911809736,5.455442042180516e-05,5.155515295733916e-05
893,29.766666,terminal_settle_candidate,unknown_no_ground_truth,0.5188352172726898,0.11195691251148235,0.1415227436025825,2.855926633342883e-05,0.11447187888704985,0.4087436,5.13394,24.869741,0.01064470083434478,1.7682334353631295,-0.005112931714719433,0.009336358237199166,1.5717299058283585e-05,2.384529731029159e-05
894,29.8,terminal_settle_candidate,unknown_no_ground_truth,0.5188354748284716,0.11195665197699808,0.1415226327872572,1.081157439209523e-05,0.10913346420507972,0.41136584,5.1578484,25.089582,0.010644455313794602,1.7682649766535703,-0.005112969253671699,0.009336057751448306,-9.119632549081404e-06,5.807102806524468e-06
895,29.833334,terminal_settle_candidate,unknown_no_ground_truth,0.518835487230317,0.1119569445567819,0.14152208141008138,1.6595301184941258e-05,0.10913346420507972,0.41136584,5.1166897,24.711119,0.010644908322198738,1.7682711464127,-0.005113551183934691,0.009336255538345984,-6.097764894184912e-06,1.543441883305487e-05
896,29.866667,terminal_settle_candidate,unknown_no_ground_truth,0.5188358390548073,0.11195578300875433,0.14152205294205955,4.410563999700201e-05,0.10913346420507972,0.41136584,5.1444755,24.966616,0.01064378223795947,1.768313942036142,-0.005113364366329605,0.009335073925055556,-2.083858647600742e-05,3.887236541847054e-05
897,29.9,terminal_settle_candidate,unknown_no_ground_truth,0.5188335017669992,0.11195528979681366,0.1415206795360006,1.7758858690418824e-05,0.11666489061082347,0.41136584,5.1232657,24.771587,0.010644137918409655,1.7683693506053102,-0.0051149404017469795,0.009334616045274849,-1.0482632199077945e-05,1.4334974159904106e-05
898,29.933332,terminal_settle_candidate,unknown_no_ground_truth,0.5188348653640138,0.11195552672723345,0.1415214301428153,0.00011508095126678396,0.14005513681765264,0.41136584,5.133895,24.869326,0.010643899795322927,1.7684325675141712,-0.0051140631977684425,0.009334825143627806,6.669036534674797e-05,9.378710206838242e-05
899,29.966667,terminal_settle_candidate,unknown_no_ground_truth,0.5188398736248102,0.111956849480266,0.14152459660076186,0.00019857375268920324,0.15632060963529884,0.41136584,5.169191,25.19388,0.010643312982913147,1.7685456560831445,-0.005110505618974003,0.009336104303759824,0.00011807737617639537,0.00015965358903692354
900,30.0,terminal_settle_candidate,unknown_no_ground_truth,0.5188461237385167,0.11195723574745303,0.14152824397060376,0.00023752174245066313,0.19908923169115628,0.41136584,5.165952,25.1641,0.010641508438258056,1.7686391166873103,-0.005106179856679287,0.009336414146381903,0.00014292084460289285,0.0001897108597703223
901,30.033333,terminal_settle_candidate,unknown_no_ground_truth,0.5188535189122198,0.11195744446540659,0.14153260814167315,0.00031419044830967405,0.19908923169115628,0.41136584,5.1367626,24.895695,0.010639131914732631,1.7729623349626376,-0.005100977708657284,0.009336549379447627,0.00020540742629883893,0.00023774656050155814
902,30.066668,terminal_settle_candidate,unknown_no_ground_truth,0.518863351510701,0.1119581505490802,0.14154006877209413,0.0007280327928219312,0.18112733427884478,0.41136584,5.027806,23.89381,0.01063583466457698,1.7735875263725744,-0.005092497112664191,0.00933742213727773,0.0006293721014453182,0.00036595423941581154
903,30.1,terminal_settle_candidate,unknown_no_ground_truth,0.5188820386466371,0.11195898324250457,0.14157188106030327,0.0010593561315444854,0.18112733427884478,0.41136584,5.099595,24.55393,0.01062335002349095,1.7737580078097315,-0.005059008981504049,0.00934141283996519,0.0009706374684328263,0.0004243799221395981
904,30.133333,terminal_settle_candidate,unknown_no_ground_truth,0.5188960838818314,0.11196298240216349,0.1416024611208314,0.00047842954264360865,0.22524645892597853,0.41136584,5.0528917,24.124481,0.010615026048510655,1.7737580078097315,-0.0050277889395844285,0.009348802938855446,-0.0001921212008700418,0.000438160097966971
905,30.166666,terminal_settle_candidate,unknown_no_ground_truth,0.5188524567331475,0.11196796841463783,0.14156404165694686,0.002336614483315254,0.22524645892597853,0.41136584,4.9859405,23.508848,0.010638767416835098,1.7737580078097315,-0.005071816865314963,0.009352007583092459,-0.0022392899896717606,0.0006673436789199839
906,30.2,terminal_settle_candidate,unknown_no_ground_truth,0.5188378129974245,0.11196348356957048,0.14145797033731838,0.004704754473252837,0.22524645892597853,0.41136584,4.823808,22.018002,0.010672023929330907,1.7736011666759375,-0.00517709189647117,0.009332192359981874,-0.004502291615972705,0.0013653149300928554
907,30.233334,terminal_settle_candidate,unknown_no_ground_truth,0.5188659910856759,0.11193926765059464,0.1412520101659773,0.00926996638730934,0.8142725064654179,0.41136584,3.5883164,10.657347,0.010716412805115282,1.7662245044827893,-0.0053719570826090595,0.009272733173786742,-0.008881794820948637,0.002654429803256234
908,30.266666,post_settle_motion_unresolved,unknown_no_ground_truth,0.5188608682001348,0.1119074214092966,0.14084296219222847,0.016309894480473458,1.1742031014563605,0.41136584,3.247205,7.520743,0.010839757981130927,1.7522738592532277,-0.005769202478665225,0.009176963323978942,-0.015973084255924152,0.0032974592214804897
909,30.3,post_settle_motion_unresolved,unknown_no_ground_truth,0.518765490953205,0.11188096162111157,0.1401709262745228,0.02493493176158105,1.2836384251589887,0.41136584,3.435348,9.250765,0.011108432145583049,1.7361903248283441,-0.006436813050223039,0.009053435949378621,-0.024529007753973483,0.004480915147624673
910,30.333334,post_settle_motion_unresolved,unknown_no_ground_truth,0.51855214800428,0.11186534109441001,0.1392100391195087,0.03305861535169655,1.7369431233143964,0.4118977,2.125776,-2.7910752,0.0115826367348148,1.714129576791086,-0.0074045200843808005,0.008906770236773966,-0.03245626131929269,0.006281970243897398
911,30.366667,post_settle_motion_unresolved,unknown_no_ground_truth,0.5182306256337583,0.11186587189986993,0.13803295965906387,0.038888522931796926,2.873278911550352,0.4118977,1.4011582,-9.454117,0.012273228214686778,1.5995394852376024,-0.00860056838874067,0.008755704095067299,-0.03802892264373948,0.008131313447000672
912,30.4,post_settle_motion_unresolved,unknown_no_ground_truth,0.5178104165617952,0.11188698089320041,0.13672597590305763,0.04121588353789869,2.873278911550352,0.4118977,1.4042912,-9.425308,0.013158645149510383,1.45818570956199,-0.009939742748350468,0.008622729049862774,-0.04003033105260784,0.009814359460925078
913,30.433332,released,unknown_no_ground_truth,0.517329745310945,0.11191331734966656,0.1354375930154933,0.037242727730705937,2.873278911550352,0.6110693,1.4805597,-8.724,0.014126574205782835,1.3367670787159134,-0.011269216235578547,0.00851850128997242,-0.03602819365551137,0.00943345274777287
914,30.466667,released,unknown_no_ground_truth,0.5169534868543573,0.11192949335163196,0.13439604432895957,0.027194572307567496,2.873278911550352,0.6110693,1.6076043,-7.555794,0.014949513710192722,1.2499548265741305,-0.01234165085267069,0.00843632706822187,-0.026427485724580646,0.006413482772145174
915,30.5,released,unknown_no_ground_truth,0.5167456110972054,0.11193596269452413,0.1337214207809242,0.01580479908203609,1.971597506501639,0.6110693,1.6103851,-7.5302234,0.015490245264737502,1.1909016867342552,-0.013031083083277347,0.008374877434234223,-0.015503015000285156,0.0030737924335358623
916,30.533333,released,unknown_no_ground_truth,0.5166681918543409,0.11194314878809372,0.1333818591933194,0.006311930287948312,0.7660986355687035,0.6110693,1.6584538,-7.088219,0.015763231341963762,1.1910200361843928,-0.013375169350072949,0.008341720877441169,-0.006275520886956872,0.0006769797318142495
917,30.566668,released,unknown_no_ground_truth,0.5166849335456224,0.11195274032219749,0.13330535909019386,0.0012740355518366428,0.5332842822539245,0.6110693,1.6852624,-6.841707,0.01582190738954947,1.1910200361843928,-0.013449452266100307,0.008333365897725204,-0.00018680073972714598,0.0012602666666150818
918,30.6,released,unknown_no_ground_truth,0.5167479282776604,0.11196466602482139,0.13336190400000122,0.0030625526495707584,0.27953455108130537,0.6110693,1.7375851,-6.3605876,0.015772481044005505,1.1910200361843928,-0.013387619733848357,0.008339232347487811,0.002393206407289369,0.0019109662015593012
919,30.633333,released,unknown_no_ground_truth,0.5168208082106522,0.11198308422922681,0.13345469597889553,0.003088169388110307,0.1925610061219658,0.72094464,1.8217075,-5.5870614,0.01569838200734325,1.196725108693372,-0.013289907616882741,0.008355689868778068,0.002445330657122816,0.0018860403354639273
920,30.666666,released,unknown_no_ground_truth,0.5168771099283143,0.11200475629818768,0.13351711130116134,0.002248489844574311,0.1925610061219658,0.72094464,1.8566343,-5.265901,0.015653084431116886,1.2003507292599478,-0.013224600187885538,0.008374306065475014,0.0015824921337069117,0.0015973181360986156
921,30.7,released,unknown_no_ground_truth,0.5169251381246068,0.11202322939526187,0.1335545206163136,0.0022809839149649956,0.27953455108130537,0.72094464,1.8607215,-5.228318,0.015626352614579068,1.201896628851331,-0.01318441912983834,0.00838772843169799,0.0014514548877318978,0.0017595926600233991
922,30.733334,released,unknown_no_ground_truth,0.5169912374619794,0.11204902506197464,0.13360738041841827,0.003934751682524136,0.27953455108130537,0.72094464,1.7856554,-5.9185696,0.015589141968609884,1.207059009819028,-0.013127825206370793,0.00840723216453844,0.0025458143731146646,0.0030001833245269045
923,30.766666,released,unknown_no_ground_truth,0.5171230990013888,0.1120928310020865,0.13371192166914025,0.006608648567882567,0.4301247146089576,0.72094464,1.8469473,-5.3549747,0.015511857015678017,1.2200038231556158,-0.013014700772117712,0.00844009904486185,0.004320387984209734,0.0050008482840086695
924,30.8,released,unknown_no_ground_truth,0.5173287221016653,0.11215042655208338,0.13387181117045094,0.008673989140346913,0.6252408139260425,0.72094464,1.8836131,-5.0178237,0.015389720753864015,1.2433038349008774,-0.01283980375392729,0.008484276306353272,0.0057462761991111215,0.006497568579890882
925,30.833334,released,unknown_no_ground_truth,0.5175661512022258,0.11221569335031652,0.13406260372783407,0.009157169232713664,0.6252408139260425,0.74113214,1.8885642,-4.9722967,0.015248009012693775,1.273067698098631,-0.0126316196483271,0.008540723851711129,0.006200080385537188,0.006738898394354584
926,30.866667,released,unknown_no_ground_truth,0.5177846383501394,0.11228796260388539,0.13425385173983512,0.008273106719435395,0.6252408139260425,0.74113214,1.9702063,-4.221578,0.015119166436003676,1.3006945859177022,-0.012426448357972703,0.008612350139550626,0.005718170100206714,0.00597886490031921
927,30.9,released,unknown_no_ground_truth,0.5179580901323422,0.11236277684269719,0.13442168291861084,0.006783061391347066,0.6252408139260425,0.74113214,2.013583,-3.8227189,0.015020978978101066,1.303338219877238,-0.012250414149284008,0.008692362315940146,0.0047553547902112435,0.00483699520963151
928,30.933332,released,unknown_no_ground_truth,0.5180860468071766,0.11243152936515857,0.13455884977628227,0.005604029138282364,0.6252408139260425,0.74113214,1.9809022,-4.123226,0.01495090794715581,1.3099183200908984,-0.01210942956277038,0.00876877209811211,0.0039206785158112795,0.004004175640300214
929,30.966667,released,unknown_no_ground_truth,0.5181999739598289,0.11249160103918954,0.13467556580497347,0.005237443308387553,0.6252408139260425,0.74113214,1.9835845,-4.098562,0.0148934642422037,1.3108788754906016,-0.011989044292497536,0.008836180967269314,0.0036128222575257376,0.0037918765465268242
930,31.0,released,unknown_no_ground_truth,0.5183170669563351,0.11255099140034777,0.13479186554675465,0.005587417476129712,0.613419075644844,0.74113214,2.0392475,-3.5867267,0.014837179089675351,1.3202575369834484,-0.011868560489485508,0.008903884278590048,0.0038680565984957433,0.004032043179753071
931,31.033333,released,unknown_no_ground_truth,0.518448456455556,0.11261486255021977,0.1349241838828264,0.006199993766671396,0.613419075644844,0.74492145,2.0061681,-3.8909,0.014773017264823406,1.3095508038621113,-0.011731177803722896,0.008978947958653602,0.0044143233334795265,0.00435358153871756
932,31.066668,released,unknown_no_ground_truth,0.5185847382256988,0.11268527054760662,0.135076729556531,0.006079465665808269,0.6486092340858856,0.74492145,2.048594,-3.5007834,0.01470158842287538,1.3087016359208896,-0.011574278266415773,0.00906492056044613,0.004586258835715217,0.0039907559025284525
933,31.1,released,unknown_no_ground_truth,0.518672975043092,0.11276129641044291,0.13522822565048706,0.00505216381211274,0.6819831847170986,0.74492145,2.0310283,-3.6623046,0.014643656850306018,1.3077049191660557,-0.011425411599899562,0.009159511762228099,0.004001597009890992,0.0030840850433885587
934,31.133333,released,unknown_no_ground_truth,0.5186777205920573,0.11284224226305797,0.13535984133686185,0.004303808410770316,1.2825127718374327,0.74492145,2.0810091,-3.202718,0.01461484313312179,1.2887771212188806,-0.011307509219956383,0.009259258882132984,0.0028727523474944886,0.0032046935557994032
935,31.166666,released,unknown_no_ground_truth,0.5186046778874525,0.11292147903506279,0.13545625615446222,0.004309648707724344,1.2825127718374327,0.74492145,2.0593529,-3.4018528,0.01461916254710025,1.234878799551316,-0.011233897711179426,0.009355183365027985,0.0015954059172001928,0.004003467489983242
936,31.2,released,unknown_no_ground_truth,0.5184889385407819,0.11299292637957445,0.1355154440158463,0.004115336803224718,1.2825127718374327,0.74492145,2.0705748,-3.2986648,0.014649004612550724,1.1705987010320418,-0.011201160823603748,0.009440727320619794,0.0005717605058850922,0.004075424754290756
937,31.233334,released,unknown_no_ground_truth,0.5183804343037098,0.11305286443478361,0.13554409483111943,0.003444953633804554,1.2825127718374327,0.74492145,2.066433,-3.3367498,0.014690348838251098,1.116716982513364,-0.0111957671842584,0.009511106462730196,-0.00013681198516021472,0.0034422359041442413
938,31.266666,released,unknown_no_ground_truth,0.5182878294586443,0.11309885138249529,0.1355482886875452,0.0027132558733630775,0.7896552441981486,0.74492145,2.076073,-3.2481077,0.014735582099189088,1.090876171246401,-0.011210281482864331,0.009563836514542215,-0.0006139874554133874,0.0026428728382073604
939,31.3,released,unknown_no_ground_truth,0.5182181540985428,0.11313229183617979,0.1355354726382919,0.0018793640986945145,0.49067261886358754,0.74492145,2.0791984,-3.2193687,0.014779404263082049,1.0838771211716502,-0.01123669905411281,0.009600384614113546,-0.000678017745308627,0.0017527981493909819
940,31.333334,released,unknown_no_ground_truth,0.5181790058763899,0.11315648332330686,0.13552504654754804,0.0011835171966033966,0.4204945208960389,0.74492145,2.0102823,-3.8530693,0.01481027728205882,1.0806458875729115,-0.011255493918718471,0.009625911375924832,-0.0003327543996340894,0.00113577615055966
941,31.366667,released,unknown_no_ground_truth,0.5181544167127989,0.11317816885512388,0.13552805368056214,0.0010169975049303338,0.4204945208960389,0.74492145,2.0295117,-3.67625,0.014828446855492906,1.0645575855104221,-0.011258872776591851,0.009649902587420059,0.00019187130823773344,0.0009987338615014838
942,31.4,released,unknown_no_ground_truth,0.5181348799843878,0.11320120731547928,0.135550528830781,0.0013026572190204429,0.3740240380276703,0.74492145,2.0347192,-3.6283653,0.014834417351471512,1.052263150669906,-0.01124270269416115,0.009677891004156882,0.0008081653045323252,0.0010216578051462475
943,31.433332,released,unknown_no_ground_truth,0.5181261294787943,0.11322711965422633,0.1355939723325621,0.0017377808870070537,0.3740240380276703,0.74492145,2.0356958,-3.6193857,0.014827559557273912,1.0384932691446098,-0.011204995915144091,0.009711054987286869,0.0013765683975202993,0.0010606327631161585
944,31.466667,released,unknown_no_ground_truth,0.5181320871292379,0.11325594672271831,0.13565258663611945,0.0021058115855965565,0.3740240380276703,0.74492145,2.0207071,-3.75721,0.014811122595875498,1.017746618016242,-0.011150940390217093,0.009748121919830445,0.0017467947251473125,0.0011760742418020253
945,31.5,released,unknown_no_ground_truth,0.5181560388681902,0.11328653855245205,0.13571761916348685,0.0025234971163259506,0.3740240380276703,0.74492145,2.0377629,-3.6003783,0.01478941920949574,1.017078659588225,-0.01108853076367992,0.009786286632687885,0.002054672553230847,0.001465045526632269
946,31.533333,released,unknown_no_ground_truth,0.5182051930105896,0.11331621158996125,0.1357916017372745,0.0031037291049161287,0.4204945208960389,0.74568224,2.072066,-3.284952,0.014757862968043073,1.0165963019445599,-0.011013964318799389,0.00982278521437535,0.0023819066973820246,0.0019898881480299667
947,31.566668,released,unknown_no_ground_truth,0.5182823188245356,0.11334327802424037,0.13587136682367917,0.004471215087777304,0.4314228719976039,0.74568224,2.0857139,-3.159457,0.014717038523706094,1.0162243348209083,-0.010929745403939267,0.009855551142037554,0.0031220798817477744,0.0032006845475855954
948,31.6,released,unknown_no_ground_truth,0.5184261953677327,0.11337342341164625,0.13598331719877713,0.0071633611684865225,0.4314228719976039,0.74568224,2.0482287,-3.504142,0.014649965066442826,1.0199684585603157,-0.010805814043140636,0.009892212053583356,0.00463982285025143,0.005457635673848641
949,31.633333,released,unknown_no_ground_truth,0.5186657241612412,0.11341455239974606,0.13614700137066882,0.011417667336783658,0.9387644256862623,0.78775626,2.061184,-3.385016,0.014549606524685156,1.048845964536663,-0.010620428620054564,0.009944724528587346,0.007261387261330231,0.008811094282462736
950,31.666666,released,unknown_no_ground_truth,0.5190480184221987,0.11347511314080316,0.13641036428097708,0.017031842008934803,1.1577448661554568,0.78775626,2.1590252,-2.485341,0.014395032683146942,1.084768427256434,-0.010321728976381173,0.010033886429843718,0.011295401829271953,0.012747452283989776
951,31.7,released,unknown_no_ground_truth,0.5195688520545476,0.11356492427413002,0.13681856632938497,0.02340459384934753,1.5093566676160564,0.78775626,2.1525612,-2.5447793,0.014183786922006612,1.1467456620862306,-0.009867393991875039,0.010188932586782294,0.017076996319871536,0.01600472461318877
952,31.733334,released,unknown_no_ground_truth,0.5201809961681046,0.11370974567729734,0.1374572552433254,0.031140274148733313,1.9916269254564303,0.78775626,2.343859,-0.7857487,0.013917664336943986,1.2179253047476608,-0.009183249294484667,0.010457978437116296,0.024902561308400753,0.01869703490769619
953,31.766666,released,unknown_no_ground_truth,0.5208689935132217,0.11393142585123087,0.1383949636761509,0.041088303652944955,2.3310406172743066,0.78775626,2.4756868,0.42644095,0.0136249085057587,1.2152935350476521,-0.008207248675338051,0.010875624164683954,0.03486804988457789,0.021736324305714573
954,31.8,released,unknown_no_ground_truth,0.5216250612822987,0.11425871231250326,0.13971920333949467,0.05186258839257767,2.4215113355097313,0.78775626,2.33727,-0.84633565,0.013372773323756502,1.2124089507679616,-0.006858748252371693,0.011479923291519058,0.045618485997050824,0.0246714776637884
955,31.833334,released,unknown_no_ground_truth,0.5223833382567172,0.11468912427816,0.141409478317835,0.06274998622019072,2.806246050249702,0.7973514,2.3417964,-0.80471444,0.013292765622713554,1.2092029997724205,-0.005165967233050727,0.012247873303044962,0.05668438450744412,0.02691544767687052
956,31.866667,released,unknown_no_ground_truth,0.5231059330254151,0.11519821950939725,0.1435172385608064,0.07360748984682725,3.03570658043759,0.7973514,2.701726,2.5049274,0.013498962692383529,1.1777605368178308,-0.003079749759030869,0.0131429500186264,0.06797825595505934,0.02823152987103631
957,31.9,released,unknown_no_ground_truth,0.5237768898808821,0.11572046170079406,0.1460001097696101,0.08348077594628595,4.09306034957743,0.7973514,2.7631752,3.0699687,0.01409910565263729,1.0872759715214846,-0.0006341529408367664,0.014084836891205267,0.07858725109205339,0.028161745655916844
958,31.933332,released,unknown_no_ground_truth,0.5244114408733331,0.11619295638650268,0.14883501154877415,0.09256064335990279,4.113165074240845,0.7973514,2.342772,-0.7957435,0.015164706540749735,0.9634452211566029,0.0021593200388206947,0.015010185256585118,0.08873271178388603,0.02634347279074897
959,31.966667,released,unknown_no_ground_truth,0.5249632277910816,0.11655016552459528,0.15199868276262515,0.09984861102690502,4.521054941682092,0.7973514,2.2861028,-1.3168312,0.01669829756535356,0.8163910347643979,0.0052814472488119605,0.015841068667836432,0.09726377878370547,0.0225721611884327
960,32.0,released,unknown_no_ground_truth,0.5254073779836176,0.11672978385061758,0.15539482329979376,0.1060274889180803,4.521054941682092,0.7973514,2.4083104,-0.19310157,0.018628389383428617,0.7471804726339831,0.008643657092462547,0.01650163880008764,0.10458309527902278,0.017441461754465523
961,32.033333,released,unknown_no_ground_truth,0.5258851898091115,0.11668330320027287,0.15900542316838462,0.1119153166193445,4.521054941682092,0.7973514,2.1101325,-2.934922,0.020937098015631837,0.683488933607009,0.012253546771676711,0.016976827289882694,0.11125390784309404,0.012149324411195416
962,32.066666,released,unknown_no_ground_truth,0.5264468876612237,0.1164460010640253,0.1627775068957061,0.11623901505276803,4.09306034957743,0.7973514,2.8681028,4.0348034,0.023609423667679652,0.6179889135125902,0.016060470638860427,0.017305090834153238,0.11596330590272419,0.008001268933665776
963,32.1,released,unknown_no_ground_truth,0.5270246547927258,0.11606576442116999,0.16664542150754286,0.12041989606567145,3.0133774224766308,0.7973514,2.7478895,2.9294126,0.026569933863617785,0.6361216841167763,0.01998431537818185,0.017509669453830003,0.12030842182896515,0.0051802514891557275
964,32.133335,released,unknown_no_ground_truth,0.5276576814583445,0.11557078233543996,0.1706656122071773,0.12593509832573205,2.889487083433746,0.7973514,2.1729124,-2.3576453,0.02984710255965556,0.6893317566040882,0.024081379228212723,0.017633397451245807,0.12585763009951914,0.004416552506698044
965,32.166668,released,unknown_no_ground_truth,0.528389675859505,0.11491028569872752,0.17484875201194522,0.13143335807986303,2.6623086672571423,0.7973514,2.3251028,-0.9582162,0.03341123243599912,0.7319040497422711,0.028375163596811262,0.017639743301606087,0.13122173241303636,0.007455505259268346
966,32.2,released,unknown_no_ground_truth,0.5291776841507371,0.11400676297296472,0.17915193353554748,0.13822636439120173,2.6623086672571423,0.7973514,2.2224615,-1.9020289,0.0371750770392628,0.7439941708196249,0.03282936068262975,0.017441887227158902,0.13743092457538392,0.014807727143772719
967,32.233334,released,unknown_no_ground_truth,0.5300242382018022,0.11271797242355393,0.1836485967614936,0.14673125285887265,2.2135810989365003,0.7973514,2.7522354,2.9693742,0.04117299844458125,0.7420318956098071,0.03753708485284706,0.016916945991154838,0.1444535956427069,0.02575304392548088
968,32.266666,released,unknown_no_ground_truth,0.5308976291387543,0.11098185724821187,0.18829403178278403,0.15648783979949013,2.6623086672571423,0.7973514,2.4969373,0.6218445,0.04537456809753448,0.7331279791435941,0.04245945283633393,0.016001446649504165,0.15199596640198582,0.037224591369648244
969,32.3,released,unknown_no_ground_truth,0.5318210568715256,0.1088441633766642,0.1931669600571148,0.16613105581329893,2.889487083433746,0.7973514,2.5330794,0.9541801,0.049905470632964265,0.7247056106800183,0.047669994019489535,0.014769145854770698,0.159891859581639,0.0451012299739916
970,32.333332,released,unknown_no_ground_truth,0.5327452138774318,0.106499942805863,0.19825192725365348,0.17629231880201648,2.2135810989365003,0.7973514,2.4130132,-0.1498581,0.054783670981956675,0.6814116761723793,0.053118746816158476,0.013403333277216411,0.16968402783165132,0.04781539885245343
971,32.366665,released,unknown_no_ground_truth,0.5336376116625882,0.10406833821473113,0.20375073052450055,0.1886144855947089,2.9066573145534895,0.83302116,2.5372603,0.99262464,0.060196150919875346,0.6659333033305135,0.05898208921352158,0.012028704733951652,0.18253668430040082,0.04749508459590804
972,32.4,released,unknown_no_ground_truth,0.5345470625961748,0.10160580075932793,0.2096943024731181,0.2010487593681347,2.9497206175111996,0.83302116,3.1620579,6.737794,0.06616350514364776,0.6928178929198765,0.06528840959033681,0.010725343167373152,0.19553378209034497,0.04676690822485101
973,32.433334,released,unknown_no_ground_truth,0.5353844007804949,0.09908457885247371,0.21607031236074115,0.21146536092588739,3.7444503901603547,0.83302116,2.5968413,1.5404872,0.07263267358953057,0.6924702347083215,0.07201818518906723,0.009427951783739206,0.2058984682386285,0.048201863537650824
974,32.466667,released,unknown_no_ground_truth,0.5360558285762992,0.09643031013015148,0.22272030398907336,0.22162270934914305,4.176003080573936,0.83302116,2.4430048,0.12592237,0.079420337106006,0.6285114853800033,0.07901476381933686,0.008016049189348158,0.21488904899007208,0.0542155136782559
975,32.5,released,unknown_no_ground_truth,0.5365237263758831,0.09347588837966089,0.22969139716835835,0.23191688547621578,6.542288556407399,0.83302116,3.0554638,5.7576346,0.08657856604383109,0.5103590885420306,0.08634390228450546,0.00637013630072349,0.2231345685919909,0.06321713429327773
976,32.533333,released,unknown_no_ground_truth,0.5367637553389524,0.0902460492085872,0.2368727892503098,0.2388610087291266,6.542288556407399,0.83302116,2.8730435,4.080235,0.09400383034722365,0.39976683675739505,0.09389017379897338,0.00462118858608695,0.22760923822230603,0.07244733374636671
977,32.566666,released,unknown_no_ground_truth,0.5367571954459016,0.08677063009588622,0.2441327665871943,0.2406686959310851,6.542288556407399,0.8665415,3.328278,8.26623,0.10157083574535611,0.4120735521957754,0.10151761900206424,0.0032875075911451314,0.22671341885931276,0.08076166733228653
978,32.6,released,unknown_no_ground_truth,0.536524727762639,0.08313994670869851,0.25125565485848184,0.2395573990521342,6.542288556407399,0.8665415,1.9273311,-4.615826,0.1090666123236135,0.42319393711178194,0.1090041701407235,0.003690096974553322,0.2222783158214011,0.08933139289311981
979,32.633335,released,unknown_no_ground_truth,0.5362203873783267,0.07919914955213597,0.25818489415252655,0.238498965394962,6.542288556407399,0.8665415,2.6433516,1.9681602,0.11649167441603005,0.3813121674319886,0.11633676462474125,0.0060056144479898035,0.21643394373817343,0.1001903413129652
980,32.666668,released,unknown_no_ground_truth,0.5359388913816896,0.07484702292179178,0.26480975542698276,0.24014502255738351,6.542288556407399,0.8665415,2.3387258,-0.83294934,0.1237832052838136,0.3117483605753521,0.12343374641117565,0.009294738147808474,0.2108386347631854,0.1149639158618144
981,32.7,released,unknown_no_ground_truth,0.5355788208471399,0.06992588598734147,0.27121933299038403,0.24537296125718783,6.542288556407399,0.8665415,2.7206678,2.6791027,0.131070782616009,0.24284414166292193,0.1303924582424526,0.013317540653714455,0.20699128907551662,0.13176682573006507
982,32.733334,released,unknown_no_ground_truth,0.5351377238099255,0.0644848525113505,0.27744169817503506,0.249018468977728,7.981924253645484,0.8665415,3.5167115,9.998921,0.13839969106567143,0.07027647090153327,0.13723295424634516,0.017932951678232823,0.20298467957354452,0.1442477651488478
983,32.766666,released,unknown_no_ground_truth,0.5345828377414507,0.05878803515019286,0.28348916307808025,0.2488618974619439,7.981924253645484,0.8728792,2.6933029,2.427475,0.14572856972372786,0.27002344492029434,0.14392456287014416,0.022859051519285217,0.1988852882880957,0.14958905745715537
984,32.8,released,unknown_no_ground_truth,0.5339412462534745,0.053065684417706115,0.2894173828909996,0.24519219461166944,7.981924253645484,0.8728792,3.1357994,6.4963408,0.15304749908681134,0.4500608577520092,0.15049177030910119,0.027852541104183805,0.19567804488965945,0.14774747052537718
985,32.833332,released,unknown_no_ground_truth,0.5332743263939834,0.04755221103237414,0.2952888395810077,0.23713121741829918,7.981924253645484,0.8728792,2.354412,-0.68871015,0.16033197304235203,0.6631538096347245,0.15696956598245831,0.032663388295340226,0.1920246942077639,0.13913206348178495
986,32.866665,released,unknown_no_ground_truth,0.5326648804147518,0.04244373079743986,0.30105584674888486,0.2268510978165097,7.974980308310961,0.8728792,2.730116,2.7659798,0.16745189043539183,0.867050915844313,0.1632932204410972,0.03708719143264563,0.18692593278616748,0.12853060426441962
987,32.9,released,unknown_no_ground_truth,0.5321816279115364,0.03764489191804479,0.30666364992952905,0.2187724983995692,7.392377333954739,0.8728792,3.2695537,7.726244,0.17436988488446145,1.0715978167031368,0.16943178112304758,0.041203498638975336,0.18200340334011741,0.1213926160382255
988,32.933334,released,unknown_no_ground_truth,0.5317143370707506,0.03302267444481752,0.31214982303849625,0.2140468217248858,7.392377333954739,0.8728792,2.4673822,0.35007814,0.1811471176414765,1.211911305998995,0.17542732271863246,0.045161185475889695,0.17767302549453876,0.11936640189828136
989,32.966667,released,unknown_no_ground_truth,0.5311084378037436,0.028434877043638326,0.3175100549517038,0.2103870218266125,7.392377333954739,0.8728792,2.8997495,4.3258033,0.1878179173428519,1.3733105785069606,0.18127646800070663,0.049136668834945725,0.17250420879487322,0.12043669250326629
990,33.0,released,unknown_no_ground_truth,0.5303291262643225,0.02388064494770787,0.32269598659521087,0.20264649466949683,7.974980308310961,0.8728792,3.349805,8.464176,0.19433605020322264,1.399512023549038,0.18692742709613355,0.05314731797380907,0.16350639317916768,0.11971324568055887
991,33.033333,released,unknown_no_ground_truth,0.5293474904582675,0.019548507804808914,0.3275320157890639,0.19270439896208383,8.062720590073617,0.8728792,2.4471133,0.16370039,0.20046386847444767,1.3714602888043979,0.19217672719487555,0.05704268654619131,0.15313152179918688,0.11698599237004033
992,33.066666,released,unknown_no_ground_truth,0.5281529916411232,0.015440658154932216,0.33213369727514963,0.18358084157486526,8.138663375738002,0.8728792,2.7698135,3.1310096,0.20630391432499606,1.2738431543463704,0.1971360387959807,0.06081683380154632,0.14575269021473256,0.11161576362012667
993,33.1,released,unknown_no_ground_truth,0.5269110660865436,0.011685175158470736,0.33658815078134346,0.1738195529948932,8.138663375738002,0.8728792,2.5293498,0.9198857,0.21188430996541038,1.2549932747787358,0.20189342432638818,0.06429623646282162,0.141603962647458,0.10080453742705141
994,33.133335,released,unknown_no_ground_truth,0.5258594637481555,0.008344687345980841,0.34100377377536406,0.1676398347635916,8.138663375738002,0.8728792,2.9240663,4.549402,0.21727503933160416,1.325644417810677,0.20657667335617866,0.0673388501657461,0.1421851367752342,0.08880597434729395
995,33.166668,released,unknown_no_ground_truth,0.5249980755625849,0.0052895877808298054,0.3455519979544423,0.1662098166891803,8.138663375738002,0.8728792,2.5567336,1.1716866,0.22267685817967187,1.4243944427413107,0.21137283638671306,0.07004646462602897,0.14568899526860726,0.0800026238411882
996,33.2,released,unknown_no_ground_truth,0.5242506296692081,0.0024348230727902855,0.35023753236153093,0.16412887874122825,6.557216768059477,0.8728792,3.381629,8.756804,0.2281233753336468,1.5646033203717657,0.21628912422301244,0.07252095639508756,0.14669260189076364,0.07361772468210863
997,33.233334,released,unknown_no_ground_truth,0.5236445891506447,-0.000282951855046804,0.35487063175045636,0.16206805693021842,6.107551169794443,0.8728792,2.6184676,1.7393457,0.23346885301636422,1.7502119400860878,0.22115219333653097,0.07482922364436441,0.1461379094657489,0.07006972594578277
998,33.266666,released,unknown_no_ground_truth,0.5231758115297687,-0.003025115669674813,0.35949864893229067,0.1613925016971548,5.220456450491001,0.8728792,2.4899948,0.55800635,0.23882471041724038,1.8486966622399736,0.2260315022444341,0.07711680944517289,0.14569291215653604,0.06943424912400212
999,33.3,released,unknown_no_ground_truth,0.5227160515493772,-0.005771537375671066,0.36407804952244427,0.16063029220331262,5.220456450491001,0.8728792,3.0162673,5.397213,0.24414084822748758,1.928790662626701,0.23086490532522566,0.07941126659619353,0.14400207650015878,0.07117227505822767
1000,33.333332,released,unknown_no_ground_truth,0.52209674144166,-0.008555859079350383,0.3686046321268857,0.15762286937788314,5.220456450491001,0.8739059,3.2040033,7.1234927,0.24942721562151934,2.0358753471825013,0.2356314935831842,0.08180302637715646,0.138754854568171,0.0747800727779997
1001,33.366665,released,unknown_no_ground_truth,0.521267843956694,-0.01134130094978731,0.3728700418419095,0.14967819422538936,5.220456450491001,0.8739059,2.6135914,1.6945084,0.25448217281499763,2.147803782390268,0.2401150872284185,0.08429662606493392,0.12753171290723958,0.07835320050590665
1002,33.4,released,unknown_no_ground_truth,0.5202611787771315,-0.014113385093130225,0.376686921621582,0.1389465946603438,8.417105593792014,0.8739059,2.2918158,-1.2642989,0.2591344044404438,2.2254836813008385,0.24413389237119082,0.08688660518397139,0.11240957437696164,0.08167156026485722
1003,33.433334,released,unknown_no_ground_truth,0.5191214351564457,-0.016896080050638043,0.3799658605777897,0.12724729631613427,8.8078801460633,0.8739059,2.5928292,1.5035948,0.2633181857746431,2.2815668763603836,0.2476094551730451,0.0895880832954765,0.09477271946525671,0.0849117545745336
1004,33.466667,released,unknown_no_ground_truth,0.5179260857996986,-0.019730923730148793,0.3825989670793656,0.11792634403425638,8.8078801460633,0.8739059,2.5613804,1.2144148,0.26695993174756527,2.2533650382479067,0.25045197686086307,0.09241976220024821,0.07749671956292771,0.08888690046497703
1005,33.5,released,unknown_no_ground_truth,0.5167159366136648,-0.022705931197472,0.3846843904359787,0.11217676150905513,8.8078801460633,0.8739059,3.1204448,6.3551507,0.27019217573826443,2.2160885852787593,0.2527758239829062,0.09543686206042196,0.0654037650946582,0.09113711282513948
1006,33.533333,released,unknown_no_ground_truth,0.515595123654542,-0.025694260066828224,0.38646299959169805,0.10631835338642234,8.8078801460633,0.8739059,3.1743798,6.851097,0.27317327092415983,2.202400614304014,0.2548121610588296,0.09846013672514116,0.060498585097244637,0.0874271895238068
1007,33.566666,released,unknown_no_ground_truth,0.5145750961356025,-0.028463341470393085,0.38822072714911027,0.10060319823037793,7.13580433544354,0.8739059,2.7462442,2.9142835,0.27604624265336786,2.200461479875984,0.25680900119156636,0.10124556775499913,0.06359010489800362,0.07795705262028325
1008,33.6,released,unknown_no_ground_truth,0.5135853804562351,-0.03082567332632133,0.39028535351984384,0.10000960649946303,4.383902933992617,0.8739059,2.6498632,2.0280368,0.2790067619977961,2.1023250153833133,0.2590514364296287,0.10362010675656004,0.07504459620427227,0.06610771492583269
1009,33.633335,released,unknown_no_ground_truth,0.5124770875673486,-0.03264042113926681,0.3929754318405735,0.10739573884614549,4.383902933992617,0.8739059,2.9687316,4.960111,0.2822649212445665,2.063987003042503,0.2618122235637025,0.10548860297601424,0.09028715336886287,0.05815560728645965
1010,33.666668,released,unknown_no_ground_truth,0.5111796412850257,-0.033919594665617094,0.39627746933113506,0.1193463163681673,4.383902933992617,0.8739059,3.1850054,6.948802,0.2858152895704447,2.060285117337011,0.2650707960475218,0.10690113579831721,0.1044211067962825,0.05779079239887649
1011,33.7,released,unknown_no_ground_truth,0.5097038390052531,-0.03478817723899514,0.40011678555120694,0.13164463965550874,4.383902933992617,0.8739059,2.5541573,1.1479964,0.28965633805432367,2.0503332276927773,0.2687735240198519,0.10798882794525887,0.11581133966655072,0.06259428691715854
1012,33.733334,released,unknown_no_ground_truth,0.5080534766338911,-0.035512488694148,0.404321785833201,0.13963820922006473,6.207433782017175,0.8739059,2.737141,2.8305764,0.2937697049835286,2.0508987144429067,0.2727914337268452,0.10902051757060069,0.12242156832823264,0.06716985248042787
1013,33.766666,released,unknown_no_ground_truth,0.5063186661252035,-0.03627534674557194,0.408660071810256,0.13654817435516456,9.920925916556243,0.8739059,2.7653952,3.0903814,0.298036316021554,2.269951061153542,0.2769348368577673,0.11014872583131124,0.12009367439500551,0.06498394640243708
1014,33.8,released,unknown_no_ground_truth,0.5047932035496725,-0.03697804812029839,0.4126936839110885,0.11946474412165496,9.920925916556243,0.8739059,2.3886123,-0.3742309,0.30200820117192856,2.563262275995405,0.28079755601376544,0.11118311972507477,0.1069541849417449,0.05322243334816177
1015,33.833332,released,unknown_no_ground_truth,0.5037197093128057,-0.03749902922901073,0.41608815464707327,0.09363459730858847,9.920925916556243,0.8739059,2.3282082,-0.9296613,0.3053153578153984,2.8520196358979093,0.2840650066028036,0.11191309012664218,0.0869038576543624,0.03485910695832358
1016,33.866665,released,unknown_no_ground_truth,0.5032375515135294,-0.03774505849471527,0.41869008600078883,0.0673662967374898,10.23041851549952,0.8739059,2.2460399,-1.6852195,0.30776584718943595,3.1080879606855794,0.28659105775389443,0.11218459034883191,0.06534213094172037,0.016389748628902107
1017,33.9,released,unknown_no_ground_truth,0.5032943604711627,-0.03770525384494942,0.42055437608502927,0.047056887046012026,10.36930572468846,0.8739354,2.2835696,-1.3401246,0.3094034789870508,3.3610075678871802,0.2884212306470117,0.11199868981980848,0.04552578363044198,0.01190603390282909
1018,33.933334,released,unknown_no_ground_truth,0.5039880642198327,-0.03748275574786697,0.42172501929744977,0.04465479217941406,10.36930572468846,0.8739354,2.4261484,-0.029076714,0.3103086090555393,3.60065288267631,0.28962633038944985,0.11139129947677594,0.03160637043110944,0.03154501248625763
1019,33.966667,released,unknown_no_ground_truth,0.5055216503020525,-0.03725405153075213,0.4224773351093124,0.06115342910266461,15.5734710332655,0.8739354,2.3875449,-0.3840459,0.3107994773510972,3.9535019899000106,0.29052828972395245,0.11040664831336168,0.025765434272631536,0.05546065531308958
1020,34.0,released,unknown_no_ground_truth,0.5078457249423373,-0.037197166815439164,0.4230124424781353,0.08173915706308477,18.603023222228167,0.8739354,2.3184195,-1.0196712,0.3111487867953746,4.373003342528249,0.29134399968886526,0.10923479926071161,0.024729756047863403,0.07790846528585198
1021,34.033333,released,unknown_no_ground_truth,0.51088445741184,-0.03739120999420108,0.4234339953509575,0.09839606570890823,20.099723796237537,0.8739354,2.1118264,-2.9193456,0.3115038715755464,4.956801262271093,0.2921769148663033,0.10801533421585771,0.02427472938044824,0.09535472332557934
1022,34.066666,released,unknown_no_ground_truth,0.5143419895964033,-0.037761357581740165,0.42372593710430684,0.10274011196663166,20.099723796237537,0.8739354,1.6241841,-7.4033375,0.31184338584991905,5.698532528152842,0.2929622901848537,0.10686156384775154,0.019990311064492405,0.10077657500858443
1023,34.1,released,unknown_no_ground_truth,0.5176790616036689,-0.038180588185789344,0.4237836633267785,0.0920421307754563,20.099723796237537,0.8739354,1.5248699,-8.316557,0.3120353891081641,6.33768752391507,0.29350958185098963,0.10591604891394209,0.009644883922150266,0.09153540327007058
1024,34.133335,released,unknown_no_ground_truth,0.5204207459047645,-0.03855827894873837,0.4234652564311249,0.07064047172059192,20.099723796237537,0.8739354,1.6216252,-7.426868,0.31190854473314494,6.8882143460290814,0.2936052361308311,0.10527537980984532,-0.006025702682684162,0.07038300328976904
1025,34.166668,released,unknown_no_ground_truth,0.5222097905845449,-0.03884255499225965,0.4226812438681771,0.05026492954145383,10.190351435714936,0.8739354,1.3759584,-9.685835,0.31134228600717684,7.074076134888578,0.2931079409591776,0.10498454173279982,-0.022922565030804674,0.044733870324574515
1026,34.2,released,unknown_no_ground_truth,0.5230755823859512,-0.03906314153834025,0.421483897696339,0.04452628001812544,5.012487687786476,0.8739354,1.3398478,-10.01788,0.3103813184032293,7.104858441201887,0.29207708854361614,0.10501208102695339,-0.03665674930513116,0.025275924169716975
1027,34.233334,released,unknown_no_ground_truth,0.5233315850715692,-0.03931038551210553,0.4199731170060803,0.049359413040357195,5.012487687786476,0.8739354,1.2571478,-10.778328,0.309151755500878,7.13064785707592,0.29066419511614033,0.1053049552811307,-0.04604818752065697,0.017774028292736437
1028,34.266666,released,unknown_no_ground_truth,0.5232146975845421,-0.039648976332707975,0.4182488795641687,0.054711163046018724,5.012487687786476,0.8739354,1.1860989,-11.43164,0.3077740851732813,7.1628980161751645,0.289007256412668,0.10582860315185384,-0.05112584360914995,0.019479719636092966
1029,34.3,released,unknown_no_ground_truth,0.523061197267628,-0.04008341063798798,0.4164188912160124,0.05886342343043591,4.707134791806,0.8739354,1.2225248,-11.096695,0.3063507911825036,7.080656230109891,0.28725585776599394,0.10646539079564284,-0.05429973115166654,0.02272535620859497
1030,34.333332,released,unknown_no_ground_truth,0.5230586835453309,-0.04058123675181234,0.4144402518038555,0.0637258384649242,5.012487687786476,0.8739354,1.1703228,-11.576706,0.30483203965322564,6.968910335085899,0.2853873298017355,0.10712910149805781,-0.05818523741562234,0.02598962552529905
1031,34.366665,released,unknown_no_ground_truth,0.5232498700835901,-0.041074781963350376,0.4122921681294114,0.07032632450389051,5.012487687786476,0.8739354,1.0887504,-12.326784,0.3031697220949469,6.877168249096795,0.2833769013730806,0.10774698215411291,-0.06366674016833909,0.029872028966304025
1032,34.4,released,unknown_no_ground_truth,0.5237339156204848,-0.04148654800303031,0.4098896428408606,0.07694764163747309,5.012487687786476,0.8739354,1.0899519,-12.315736,0.30125484048364426,6.812809501240036,0.2811426554077721,0.10822793643552786,-0.06849675754172171,0.035059003976718614
1033,34.433334,released,unknown_no_ground_truth,0.5244954150872778,-0.041788249022632055,0.40736705244087523,0.07979936100854013,4.890993874404789,0.8739354,1.4873577,-8.66149,0.29919375624392924,6.750847570322989,0.27881029142311026,0.1085436556041488,-0.06908610784044733,0.039938048535568156
1034,34.466667,released,unknown_no_ground_truth,0.5254739371722553,-0.04200360110244275,0.4048890368225946,0.07771158080404392,4.707134791806,0.8739354,1.3905659,-9.551516,0.29714272437202754,6.714170317339491,0.27653698545484257,0.1087248560485546,-0.06515497614243548,0.042354679492850766
1035,34.5,released,unknown_no_ground_truth,0.5265312782099252,-0.04215446111545627,0.40261723911588004,0.06942307840514378,3.8162930738091987,0.8739428,1.5666938,-7.931976,0.29525161498922364,6.725567461065116,0.27446669290116016,0.108818889176673,-0.056271801799894064,0.04065769468919973
1036,34.533333,released,unknown_no_ground_truth,0.5275421576801942,-0.04225221434947661,0.4007562069684345,0.05461310426222214,1.8704429094541353,0.8739428,1.4072634,-9.397978,0.2937001087611526,6.769813455437,0.2727855894817835,0.1088474898993484,-0.042304184087253824,0.03453906724085187
1037,34.566666,released,unknown_no_ground_truth,0.5283646339290597,-0.04232402885347408,0.39947628256225653,0.03663540574993778,1.6336228338737597,0.8739428,1.3723751,-9.718784,0.2926428662737915,6.808980664644075,0.2716464571746976,0.1088487459063051,-0.026250017404276935,0.025555616618225675
1038,34.6,released,unknown_no_ground_truth,0.5289457844078221,-0.04241326719093656,0.3987640133437199,0.020169454166882667,1.6336228338737597,0.8739428,1.4740471,-8.783885,0.29208422235096215,6.83242744703711,0.27103561513524815,0.10887097076183329,-0.011470043982302627,0.016590508504383584
1039,34.633335,released,unknown_no_ground_truth,0.5293060122275115,-0.042540795008861654,0.39854095402396056,0.01051228188034783,1.6336228338737597,0.8739428,1.5839647,-7.773165,0.291964294720711,6.871122028691208,0.2708817871047172,0.10893212017911356,9.652003823820351e-05,0.010511838764655201
1040,34.666668,released,unknown_no_ground_truth,0.5295542332601113,-0.04273914626530541,0.3986422516770528,0.012428879932993308,1.6336228338737597,0.8739428,1.6954255,-6.7482553,0.292158108367145,6.897194797082126,0.27104203478068856,0.10905308646073468,0.009139227663367916,0.008423275734884524
1041,34.7,released,unknown_no_ground_truth,0.5297562771627605,-0.04303604310106776,0.3990293539330547,0.018740134844477004,1.7201354299130582,0.8739428,1.7343394,-6.390433,0.2926475977324194,6.9346024410534435,0.27149105961344455,0.10924843709877531,0.016278272710979876,0.009284960502670383
1042,34.733334,released,unknown_no_ground_truth,0.5299843298851503,-0.04343131393256746,0.3995892095549718,0.023695083723631317,2.17930038340213,0.8739428,1.8954495,-4.908985,0.29333675802691594,6.983930869149987,0.27212723633356367,0.10951356470866175,0.020875797648673675,0.011209730826452904
1043,34.766666,released,unknown_no_ground_truth,0.5302690769850558,-0.043892716057934655,0.4002534600277501,0.02672775483021435,2.788590439399362,0.8739428,2.037475,-3.6030242,0.2941513441564106,7.046274871480507,0.27288275813257357,0.10981809314945556,0.023530929088622927,0.01267549819495258
1044,34.8,released,unknown_no_ground_truth,0.5306117742641063,-0.04437208700659458,0.400966218215096,0.028147728661060287,2.788590439399362,0.8739428,2.019029,-3.772642,0.295019155981057,7.109105431495679,0.27369594090320415,0.11012190667112978,0.024749205396878374,0.01340788801414306
1045,34.833332,released,unknown_no_ground_truth,0.5309628721476892,-0.04486658145003508,0.4016996398314021,0.028089683151680946,2.817434265425326,0.8739428,2.077541,-3.2346075,0.2959130411321817,7.1690122384965935,0.27453267987832497,0.11043702092559995,0.02454600013670839,0.013657385432451565
1046,34.866665,released,unknown_no_ground_truth,0.5312855009495911,-0.04537506365539125,0.40239689080660446,0.026686814267100928,2.8416385795684707,0.8739428,2.1458857,-2.606162,0.2967818290741663,7.23470742964245,0.27533231583918016,0.11077711822954046,0.022302781103141184,0.014655101869045818
1047,34.9,released,unknown_no_ground_truth,0.5315356444448689,-0.045964617259060085,0.4029770145133005,0.02607957656095661,2.8416385795684707,0.8739428,2.2137709,-1.9819411,0.29758700616705497,7.286116394470487,0.2760195606953644,0.11122602372200881,0.01858607627274895,0.018294864918395982
1048,34.933334,released,unknown_no_ground_truth,0.5316900437325311,-0.04673256892301317,0.4034052019023401,0.028272803021633878,2.8416385795684707,0.8739428,2.2191222,-1.9327345,0.2983462011048531,7.33091100441604,0.27657147597794723,0.11188688211348631,0.014358634563890705,0.024355307515216328
1049,34.966667,released,unknown_no_ground_truth,0.5317404725077289,-0.047706640505362385,0.40366691628409734,0.03190500858127694,2.925878334688579,0.8739428,2.2306435,-1.8267928,0.2990613364600668,7.35272766259608,0.27697678833263023,0.11278981199657463,0.009989123117465033,0.0303009404460568
1050,35.0,released,unknown_no_ground_truth,0.5316981925437505,-0.04882775765740739,0.4037714129892457,0.034014317881086595,2.8416385795684707,0.8739428,2.1769912,-2.320139,0.29971291665987065,7.357555027286715,0.277237407315467,0.1138738442214208,0.006305684246215101,0.0334247238896994
1051,35.033333,released,unknown_no_ground_truth,0.5316059636446202,-0.04996756274466599,0.40377685394577456,0.029631054046875785,2.8416385795684707,0.8739428,1.9997538,-3.9498808,0.3002895611680685,7.353781355452501,0.27739716084127586,0.11499841609218123,0.004544568524618564,0.02928047576208283
1052,35.066666,released,unknown_no_ground_truth,0.5315525641978041,-0.050797444383582836,0.4038064329991666,0.02329094798347974,2.8416385795684707,0.8739428,1.9292601,-4.598088,0.3007339989571698,7.350331724503738,0.27754037390827613,0.11581139399741837,0.0032950444479406754,0.023056689702887847
1053,35.1,released,unknown_no_ground_truth,0.5314839603501916,-0.051515437608264006,0.4037865882341122,0.020036566396834314,1.940607939216781,0.87395763,1.912559,-4.751659,0.3010799744610524,7.348241458436529,0.27761682710533137,0.11652488287673371,0.0012925722459536469,0.019994830581021195
1054,35.133335,released,unknown_no_ground_truth,0.5314001521017838,-0.05212154241870956,0.40371731965061197,0.016966166882954412,1.0138439451421721,0.87395763,1.9327185,-4.566287,0.3013270471716224,7.346973362592232,0.2776265204324424,0.11713882579974827,-0.0007109970491230573,0.016951262545792788
1055,35.166668,released,unknown_no_ground_truth,0.5313011394525804,-0.05261575881491948,0.4035986272486659,0.015534943785732261,1.0138439451421721,0.87395763,1.8696212,-5.146483,0.30147483215995063,7.3482437915626155,0.27756945388960913,0.11765318819859734,-0.0017120224083878232,0.015440319222705189
