frame_index,time_s,stage,contact_state,tcp_x_m,tcp_y_m,tcp_z_m,speed_m_s,angular_speed_deg_s,gripper_state,aux_action_tail_norm,aux_action_tail_robust_z,reference_distance_m,reference_axis_error_deg,axial_distance_proxy_m,lateral_distance_proxy_m,axial_velocity_m_s,lateral_speed_m_s
0,0.0,approach,unknown_no_ground_truth,0.5546432679578183,-0.05784463534509606,0.3433771634753861,0.15675172893683278,17.563765888151345,0.8714831,3.140813,4.1883807,0.26634532649459913,4.3022877419330445,0.2028827949898054,0.17256420382755863,-0.1293718882740338,0.08850999406336672
1,0.033333335,approach,unknown_no_ground_truth,0.5526499445789449,-0.06001831280612098,0.3390640418332271,0.14275954069638658,16.15884988451664,0.8714831,1.1317523,-5.6259108,0.2642745835547885,4.081646007840215,0.1985703984890953,0.17438707623255456,-0.11795820456849831,0.08041236493736244
2,0.06666667,approach,unknown_no_ground_truth,0.5510338057107624,-0.06180501454300948,0.33551165387039716,0.11477890156603444,7.983803048184881,0.8714831,1.1072173,-5.7457643,0.26263568535202847,3.5789290712560047,0.19501891418526676,0.17591226884538005,-0.09513101715484752,0.06422060276725476
3,0.1,approach,unknown_no_ground_truth,0.5497948513532709,-0.06320474055576157,0.33271999958689635,0.08680620435697209,7.983803048184881,0.8714831,1.1756922,-5.4112635,0.26139081006007253,3.1776966966505507,0.19222834207831976,0.17712543602114686,-0.07230346573717399,0.04803671468010387
4,0.13333334,approach,unknown_no_ground_truth,0.5489330815064699,-0.06421749084437715,0.3306890789827243,0.05912931131748462,7.983803048184881,0.8714831,1.2879752,-4.862759,0.26050953250267156,2.976143447148622,0.19019868216825406,0.17801594823560044,-0.0501236282659612,0.03136713800039383
5,0.16666667,approach,unknown_no_ground_truth,0.5485277048288034,-0.06486016095163796,0.32937441699909875,0.02546018662526968,1.9833211561354804,0.8714831,1.1790856,-5.394686,0.2599584369489745,2.9747883204228,0.18888676705565952,0.17860620978066521,-0.02242228272517515,0.012060776939562094
6,0.2,approach,unknown_no_ground_truth,0.548612776185931,-0.06494474460102938,0.3291892492740437,0.004087462470819619,0.9231489131216485,0.8714831,1.274544,-4.928371,0.2598939628556722,2.9747883204228,0.18870386331990907,0.1787056907235094,0.0008618787118559362,0.003995561854909566
7,0.23333333,approach,unknown_no_ground_truth,0.5487859266982882,-0.06479251362607154,0.32942919100670776,0.00877713894351571,0.847586697511022,0.8714831,1.4276336,-4.180526,0.25998144924984085,2.9747883204228,0.18894422563644991,0.1785789280757668,0.006794564513905558,0.0055562632317192676
8,0.26666668,approach,unknown_no_ground_truth,0.5488604453080851,-0.06466953350861142,0.3296423592880535,0.004768746358788564,0.3991128683129854,0.8714831,1.4254582,-4.191153,0.2600585576267773,2.9747878344258,0.18915683301966682,0.17846609178465736,0.00404015091519622,0.002533401353299223
9,0.3,approach,unknown_no_ground_truth,0.548875053896624,-0.06465020792635597,0.32969914915110954,0.0007741356112588023,0.3340670762051906,0.8714831,1.4236987,-4.199748,0.2600877461349108,2.975328749683772,0.18921357049426496,0.17844848116571252,0.0007109929929978194,0.00030622689060081265
10,0.33333334,approach,unknown_no_ground_truth,0.5488721667799266,-0.06465297714370145,0.3296898143927951,0.00024053767890345475,0.14741036716625977,0.8714831,1.3850188,-4.3886995,0.2600826104419943,2.9759499401653384,0.18920423255253335,0.1784508969955855,-0.00021683523464543112,0.00010411943136860824
11,0.36666667,approach,unknown_no_ground_truth,0.5488690052740934,-0.06465376186269145,0.3296847293024551,5.404119051670573e-05,0.11149474706010738,0.8714831,1.4348096,-4.145471,0.26007912837801456,2.976242510630038,0.18919911481195525,0.17845124816666416,-4.827328171425264e-05,2.4292808503738037e-05
12,0.4,approach,unknown_no_ground_truth,0.5488705182072577,-0.0646531566720559,0.32968661599370896,0.0002759130954023061,0.0999765417575823,0.87146837,1.404121,-4.295385,0.26008024478270275,2.97641608225588,0.18920101433375242,0.1784508613072792,0.0001730616375520248,0.00021488998539320926
13,0.43333334,approach,unknown_no_ground_truth,0.5488741014938769,-0.06464045924844333,0.3296963661330246,0.0015254729977574643,0.0999765417575823,0.87146837,1.4123038,-4.255412,0.26007894364681233,2.9764112071148277,0.18921065225445868,0.1784387457977781,0.0014785476766979555,0.0003754525730611293
14,0.46666667,approach,unknown_no_ground_truth,0.5488859805937516,-0.06463372204978064,0.3297852351293458,0.0027791913776580744,0.0999765417575823,0.87146837,1.4191691,-4.221875,0.26013948138732124,2.9763877719799856,0.18929958417886558,0.1784326685508375,0.002732871493068425,0.0005052901305417943
15,0.5,approach,unknown_no_ground_truth,0.5488587491276347,-0.06467131646905296,0.3298784117376983,0.0034238514000415206,0.0999765417575823,0.8714831,1.3678644,-4.4724994,0.2602289366766788,2.976350425585145,0.18939284368732992,0.17846414273993952,0.0006549349889478095,0.003360627704732884
16,0.53333336,approach,unknown_no_ground_truth,0.5486809339389422,-0.06472324852661338,0.32983056985921055,0.009300159987379278,0.24167176964011505,0.8714831,1.3449552,-4.584411,0.2602093464873823,2.9723589629913607,0.18934322221675126,0.17848822986395638,-0.007545755506288022,0.0054364096267825995
17,0.56666666,approach,unknown_no_ground_truth,0.5485224337245387,-0.06481608710943662,0.329378076794986,0.022041434495894838,1.9524548930738364,0.8714831,1.0865881,-5.846538,0.2599301330936154,2.9369710450715947,0.18888979944542733,0.17856180374181607,-0.02167199090100332,0.004018662093738686
18,0.6,approach,unknown_no_ground_truth,0.5486296920290965,-0.06497112191455154,0.3283830987527845,0.04566260539047462,2.798079406468242,0.8714831,1.0034188,-6.2528214,0.25933760118198523,2.9121270175683343,0.1878984165903874,0.17874612283809582,-0.0436870857336497,0.013285784551427255
19,0.6333333,approach,unknown_no_ground_truth,0.5492675480115783,-0.06518917984531514,0.3264501815211027,0.08401053582360804,4.346994896276113,0.8714831,0.9335277,-6.59424,0.2581876582709411,2.9080850747369986,0.18597733425478907,0.17909019522831146,-0.07683800028545287,0.03396603953219263
20,0.6666667,approach,unknown_no_ground_truth,0.5507522376462215,-0.06547008674378961,0.32322424779958175,0.12915460892183522,5.111506021873348,0.8714831,0.980859,-6.363026,0.2562883289297165,2.889859775361508,0.18277587596353453,0.17965713654444457,-0.11435182747222714,0.060038092570585525
21,0.7,approach,unknown_no_ground_truth,0.5530972338508787,-0.06582629864923584,0.3187648115582138,0.16349734230928653,5.111506021873348,0.8714831,0.77022684,-7.3919673,0.25373906278235203,2.8701316864100557,0.1783538870174086,0.1804810321542068,-0.14281481175561736,0.07959466367419112
22,0.73333335,approach,unknown_no_ground_truth,0.5558558589235699,-0.06621737281242253,0.31362212445248583,0.17123930010917457,5.111506021873348,0.8714831,1.3618948,-4.501661,0.2508873191795876,3.037064010777992,0.17325488271358777,0.1814585146556127,-0.14998640947870504,0.08262550982333587
23,0.76666665,approach,unknown_no_ground_truth,0.558393575926435,-0.06660088170452572,0.30868152033245533,0.14811997118578163,3.637133788833932,0.8714831,0.78600293,-7.3149014,0.2482340117045473,3.16927006648727,0.1683547984524062,0.18241925996172398,-0.1317642571282712,0.06765874967446273
24,0.8,approach,unknown_no_ground_truth,0.5601776927089901,-0.06688474331444177,0.3047685757115979,0.1069411640375478,4.3314153769651025,0.8714757,1.5862038,-3.405908,0.24614843636890932,3.1752583079037886,0.16447059623124174,0.1831351296234527,-0.09626471094130963,0.046578084901505015
25,0.8333333,approach,unknown_no_ground_truth,0.5613507236658899,-0.06712542756316331,0.3022155593311669,0.06746106361143611,4.3314153769651025,0.8714757,1.1191039,-5.687698,0.24486162114178642,3.218744832507692,0.16193715403874043,0.1836670129610023,-0.058948854682234535,0.03280286016857411
26,0.8666667,approach,unknown_no_ground_truth,0.5622439789789055,-0.06736973199937679,0.3008034942009952,0.05112941131491148,4.3314153769651025,0.87146837,1.1564726,-5.5051517,0.24428746621408073,3.2824934056673873,0.16054066992087881,0.18412783453527898,-0.041851424714258685,0.02937132872030368
27,0.9,approach,unknown_no_ground_truth,0.5631870262656448,-0.06765505758719813,0.29939310812744274,0.06506938586155281,4.3314153769651025,0.87146837,1.1870574,-5.3557444,0.24376448261333622,3.2814520356915526,0.15914706414660051,0.1846438056292854,-0.055005851295122365,0.034761779294198
28,0.93333334,approach,unknown_no_ground_truth,0.5644085037216384,-0.06800432734553077,0.2970980904597321,0.09874566921365112,5.87036586371115,0.87146837,1.032547,-6.11053,0.2427911123482605,3.2722236826497504,0.15687360694031727,0.1853056817284362,-0.08855930930024053,0.04368015481561548
29,0.96666664,approach,unknown_no_ground_truth,0.5658715799639729,-0.06849119259224809,0.29344075710086204,0.14379598884143666,9.315107172743687,0.87146837,1.0037078,-6.25141,0.24114194613938705,3.2680783125730466,0.15324311784264957,0.18618803673102863,-0.1348857550728777,0.04983090893518024
30,1.0,approach,unknown_no_ground_truth,0.567317788303247,-0.06924586740183836,0.2880485729693737,0.17358348054512612,12.088006727886889,0.87146837,1.4055841,-4.288238,0.2386909687075383,3.266646158508537,0.1478812159577133,0.18736201458516394,-0.16651345593324268,0.049035637156339934
31,1.0333333,approach,unknown_no_ground_truth,0.5684547766265362,-0.07014029665343377,0.2822817238432268,0.17441493289520857,12.088006727886889,0.87146837,0.84078777,-7.0472765,0.2361707283174859,3.230256572062452,0.14214222687282255,0.18860593907310227,-0.16961591988961436,0.04063260435709281
32,1.0666667,approach,unknown_no_ground_truth,0.5690654751465063,-0.07103086191166173,0.27669242962826157,0.157691004879508,12.088006727886889,0.87146837,1.2714006,-4.9437265,0.2337577199135899,2.9552064780490936,0.13657348812273845,0.18971123836290926,-0.15468267196175955,0.030654918278796385
33,1.1,approach,unknown_no_ground_truth,0.5692991600304844,-0.07180030321081023,0.27193525762548204,0.12547013888175282,12.088006727886889,0.87146837,1.1217214,-5.6749115,0.23174021597684316,2.7083492102592164,0.13183002785195874,0.1905895365898813,-0.12339347509274387,0.022733368768018843
34,1.1333333,approach,unknown_no_ground_truth,0.5694057062499408,-0.07237339799481737,0.2684432164267783,0.08922932797591633,11.436687546528653,0.87146837,1.0575287,-5.9884934,0.23030456478409747,2.6367298272809783,0.12834726377201847,0.1912254492546127,-0.08783162702244683,0.01573144194355479
35,1.1666666,approach,unknown_no_ground_truth,0.5695579556612287,-0.07271889889006095,0.26606369515037553,0.05873894073946876,7.008811578404019,0.87146837,1.3651414,-4.485801,0.22933364761823347,2.33265163924904,0.1259745912623631,0.19163591596087784,-0.058147548350366764,0.008314191484238386
36,1.2,approach,unknown_no_ground_truth,0.5696483778815633,-0.07279323715267515,0.2645574353617587,0.0420214287160171,7.008811578404019,0.8714757,1.2036521,-5.2746787,0.22861076295591928,2.32276063110798,0.12447076907994627,0.19175481371776354,-0.04188293614115689,0.0034088314025602262
37,1.2333333,approach,unknown_no_ground_truth,0.5697414844830135,-0.07273277467423744,0.2632683087917164,0.04601013093823117,7.008811578404019,0.8714757,0.88100576,-6.850811,0.2279001256945222,2.273059334050722,0.1231823836595388,0.19174088673919604,-0.045882000453158364,0.0034313529940174056
38,1.2666667,approach,unknown_no_ground_truth,0.5698344859684956,-0.0727376993121065,0.2614962509655071,0.05952469476770195,10.507209450851754,0.8714757,1.0560607,-5.995665,0.22699610378279994,2.267724693439107,0.12141197177235902,0.1917977169908953,-0.059467491647500946,0.0026089699773069954
39,1.3,approach,unknown_no_ground_truth,0.5698427100302337,-0.07276045979228189,0.25930138721039725,0.08579088033283018,10.507209450851754,0.8714757,1.0869371,-5.8448334,0.2258799719756474,2.262024699903933,0.11921788774515416,0.19185634464698598,-0.08575475043878704,0.002489563307759191
40,1.3333334,approach,unknown_no_ground_truth,0.5696963098617402,-0.07282064253481815,0.2557791288900104,0.11616387407245707,11.377521081624776,0.87146837,1.2884414,-4.8604817,0.2241051129147844,2.2684447704997965,0.11569498725208209,0.1919316846153569,-0.1160260957681305,0.005656035743015788
41,1.3666667,approach,unknown_no_ground_truth,0.5694207387652517,-0.07286924601677697,0.2515693857272372,0.13219487598289173,11.377521081624776,0.87146837,0.8481164,-7.011476,0.2219958020722448,2.274391066554427,0.11148280212035575,0.19197322982409007,-0.13184052942561308,0.009672643739235973
42,1.4,approach,unknown_no_ground_truth,0.568978752525831,-0.07295403763411223,0.24699641847558668,0.1380330806938636,11.377521081624776,0.87146837,0.96382594,-6.4462333,0.21976752821047912,2.2758679757624063,0.10690562644708307,0.19201289927945067,-0.13739364131517348,0.013270971780397803
43,1.4333333,approach,unknown_no_ground_truth,0.568469110078516,-0.07307122529802251,0.2424187551307592,0.131223878176161,11.377521081624776,0.87146837,1.3456178,-4.5811744,0.21762352408632293,2.294899885957224,0.10232323418557257,0.19206757660145257,-0.13032870282839326,0.015301484328662228
44,1.4666667,approach,unknown_no_ground_truth,0.5678914128040191,-0.07316622208452381,0.23831859457571694,0.12136870208987127,6.680459774618243,0.87146837,1.2734617,-4.933658,0.21573200265726175,2.315451307341711,0.09821704849697731,0.1920773499271978,-0.11983385074589704,0.019240843598709322
45,1.5,approach,unknown_no_ground_truth,0.5671084494090188,-0.07325406194686551,0.23444481377815907,0.10892660567940658,6.680459774618243,0.87146837,1.0909989,-5.824991,0.21394716399937277,2.3543570354017818,0.09433429528822171,0.19202715879752297,-0.10632434478265476,0.023667258636692265
46,1.5333333,approach,unknown_no_ground_truth,0.5662334034971583,-0.07330810555249069,0.23125006306003268,0.09449058409749163,6.680459774618243,0.87146837,0.8766148,-6.8722606,0.212451032900981,2.5671911293316594,0.09112876515405319,0.1919140160128778,-0.0908965358494619,0.025812598738845047
47,1.5666667,approach,unknown_no_ground_truth,0.5653212794293029,-0.07341716451455685,0.22840648511355927,0.09043116375935932,6.680459774618243,0.87146837,1.5372602,-3.6449986,0.2111784405641444,2.7272553827588744,0.08827452992166995,0.19184353292777961,-0.08631472934882269,0.026973373469248312
48,1.6,approach,unknown_no_ground_truth,0.5643980007547849,-0.0736208861599828,0.2255160042674555,0.08592224218453456,7.073843711403418,0.87146837,1.069699,-5.9290414,0.21000433951891692,3.0304661157190136,0.08537443755134252,0.19186721457708306,-0.08179945826873264,0.026296013556424875
49,1.6333333,approach,unknown_no_ground_truth,0.5635709907127275,-0.07386424683575027,0.2229706553839711,0.0823060769467574,7.073843711403418,0.87146837,1.0300182,-6.122883,0.20905603419657964,3.12102320266665,0.08282123755770832,0.19195069169818357,-0.07846350373672437,0.024854956924577308
50,1.6666666,approach,unknown_no_ground_truth,0.562759482947631,-0.0740943937148667,0.22030074269274652,0.08398964678765883,9.95353054038726,0.87146837,1.3762327,-4.4316196,0.20808325737166775,3.1271894363129547,0.08014354195822694,0.19203034833274046,-0.08102221974635837,0.022128277720792105
51,1.7,approach,unknown_no_ground_truth,0.5620956764096933,-0.07425759769600761,0.21758354852167355,0.0809057792819589,10.053765694222506,0.8714757,1.0073624,-6.233557,0.20709719360972254,3.1279038608589946,0.07741975871956434,0.19208182777354899,-0.07933927202804988,0.015843769604489646
52,1.7333333,approach,unknown_no_ground_truth,0.5616997780665209,-0.07440372955769109,0.21502118733101372,0.07926631317579057,9.95353054038726,0.8714757,1.0706754,-5.924272,0.20623921791550717,3.12860411215114,0.07485424485464441,0.19217558906802135,-0.07829853257642803,0.012348611292795126
53,1.7666667,approach,unknown_no_ground_truth,0.5615753810638417,-0.07488218664440394,0.21236203191185923,0.0770146288727513,9.372163591048595,0.8714757,1.3646747,-4.488081,0.20573997071240768,3.1289229752992482,0.0721998611940125,0.19265543229379156,-0.07338483418343815,0.023364913273472846
54,1.8,approach,unknown_no_ground_truth,0.5617667800394199,-0.07589391241834081,0.21010835275588563,0.07533049595183303,7.640791563975283,0.8714757,1.0844445,-5.8570094,0.20596517257074703,3.110099856540064,0.06996192693038131,0.1937188196647027,-0.06367333612057176,0.04025406672158508
55,1.8333334,approach,unknown_no_ground_truth,0.5619110545427887,-0.07748304706805365,0.2080790797944167,0.08285257102304118,8.908857429094793,0.8714757,1.1968797,-5.3077617,0.20681475503988817,2.986357586292515,0.06795497626179973,0.1953316771634012,-0.06330710742561962,0.05344865456238481
56,1.8666667,approach,unknown_no_ground_truth,0.561569698243782,-0.07940109057464982,0.2058457188258091,0.09345858085697387,9.372163591048595,0.8714757,1.200999,-5.287639,0.20783503411737653,2.932668442828811,0.06574144332926653,0.19716354641656225,-0.07182328641621115,0.05979901223410318
57,1.9,approach,unknown_no_ground_truth,0.5606941126338347,-0.08123944308880529,0.20325948433653768,0.10639195182498577,9.332126835578576,0.8714757,1.0279449,-6.133011,0.20860639606659637,2.896337049583409,0.06316676142935668,0.19881294910146172,-0.08721134716815339,0.06093790559451413
58,1.9333333,approach,unknown_no_ground_truth,0.5593267960064312,-0.08276670220930696,0.2000190796056789,0.11602261901917056,8.908857429094793,0.8714757,1.0038084,-6.2509184,0.2088575106216493,2.8339435940529385,0.05992735869314995,0.20007541433953072,-0.10070546998290489,0.05761645979743845
59,1.9666667,approach,unknown_no_ground_truth,0.5578087471884758,-0.08379165384217885,0.1965521309874385,0.11365444742755483,7.657453998302622,0.8714757,1.0336252,-6.1052623,0.20861585555738923,2.4139424110904923,0.05645306346136947,0.20083233508518514,-0.10259070536537296,0.048912990020014736
60,2.0,approach,unknown_no_ground_truth,0.5565328701894628,-0.08450905497533703,0.19319494274343718,0.1013423954814868,7.657453998302622,0.8714757,1.319984,-4.706396,0.20822532333224192,2.1244261594226925,0.053087965546330676,0.20134411635547808,-0.0941389890271164,0.03752508316950857
61,2.0333333,approach,unknown_no_ground_truth,0.5557593001929734,-0.08526312748063214,0.19028474357630804,0.08311237697886782,7.657453998302622,0.8714757,1.2104307,-5.241565,0.20812472534153778,1.9258521268345485,0.05017713644573943,0.20198553482018505,-0.07755579479251991,0.02987918842903832
62,2.0666666,approach,unknown_no_ground_truth,0.55537757946318,-0.08611496766575677,0.1880193233352954,0.06556622816181766,5.366141321362041,0.8714757,1.2624182,-4.9876056,0.20837198387406058,1.9144238192466354,0.04791758382896557,0.20278754602688456,-0.05952018009171173,0.02750051703546197
63,2.1,approach,unknown_no_ground_truth,0.555119245552999,-0.08695049233345595,0.18630360646767008,0.05434204233589351,4.491814468748982,0.8714831,1.1891495,-5.3455243,0.2087668385361306,1.8863136011018595,0.046209127971533884,0.2035885786690433,-0.048585637309030975,0.02434118757397304
64,2.1333334,approach,unknown_no_ground_truth,0.5548470275660162,-0.08762240704770728,0.1847680314650068,0.050984231198112656,3.7755336391965217,0.8714831,1.1455345,-5.558584,0.20905428336012075,1.7467935196535205,0.04467853408239003,0.20422419539188388,-0.04784541850865526,0.017612715821083147
65,2.1666667,approach,unknown_no_ground_truth,0.5547289489082349,-0.08803222404945144,0.1831051009155396,0.053723974775796525,3.7755336391965217,0.8714831,1.1968386,-5.307963,0.2091044446719512,1.748817590715335,0.0430194258928318,0.2046313704626352,-0.05284890311653442,0.009657065034966893
66,2.2,approach,unknown_no_ground_truth,0.5547786481788756,-0.08822153301080805,0.18123756463779805,0.057141692425582306,3.7755336391965217,0.8714831,1.1771132,-5.4043217,0.2089472486008344,1.752204945569186,0.04115527701065819,0.2048540843430633,-0.05657387105029744,0.008035553972450664
67,2.2333333,approach,unknown_no_ground_truth,0.5551337553910589,-0.08826480284472062,0.17932437439270194,0.06198001241608079,3.7755336391965217,0.8714757,1.114236,-5.7114778,0.2087112489619945,1.757640177725387,0.039247837846554195,0.20498778663043862,-0.0600366847778744,0.015398649940162714
68,2.2666667,approach,unknown_no_ground_truth,0.55571161963013,-0.08844972192470016,0.1772187470831921,0.06956506536210891,3.7755336391965217,0.8714757,1.0472256,-6.0388246,0.2086389785053914,1.7674929842616771,0.037152834921357694,0.205304384290934,-0.06676920686513678,0.019523609641535395
69,2.3,approach,unknown_no_ground_truth,0.5561870692138373,-0.08888081302797102,0.1748501129246245,0.07633231485800565,3.7755336391965217,0.8714757,1.2040516,-5.272727,0.20876997374135853,1.779859843876631,0.03479656135094194,0.205849705499225,-0.07354465424605544,0.020440306343346926
70,2.3333333,approach,unknown_no_ground_truth,0.5563814925381415,-0.08953385306426861,0.17229208665922757,0.07849668231634548,3.4185274453945524,0.8714757,1.0324007,-6.111244,0.20906758293485722,1.7962675883228223,0.032249862335737095,0.20656524541546045,-0.075291451966291,0.02220194575889604
71,2.3666666,approach,unknown_no_ground_truth,0.5562668406478569,-0.09029017166490066,0.16981099010212075,0.07315541423532217,3.6260208273484236,0.8714757,1.1972516,-5.3059454,0.20945226665302394,1.7969380785607416,0.029777135687626726,0.20732480362062353,-0.06900161197740359,0.024300044783115322
72,2.4,approach,unknown_no_ground_truth,0.5560636577787719,-0.09107576450877569,0.1676761369081981,0.05980133213235102,3.6260208273484236,0.8714757,1.2527155,-5.0350037,0.20992117819180592,1.8008338536545976,0.0276497452167207,0.20809226954138968,-0.05509428943406192,0.02325550680074659
73,2.4333334,approach,unknown_no_ground_truth,0.55600956144796,-0.09178039119675102,0.16612217060559464,0.038913213897985556,4.3668612460280904,0.8714757,1.1513479,-5.5301857,0.21042411564508592,1.8019980870689374,0.02610416919275965,0.20879866090512234,-0.03416252246165771,0.018632237517998453
74,2.4666667,approach,unknown_no_ground_truth,0.556186139464012,-0.09227958595892832,0.16538141518248922,0.02049876480097021,5.1088327242251905,0.8714757,1.1233038,-5.6671815,0.2108644227582459,1.8143231212715347,0.0253722457464701,0.2093324005760909,-0.012824192487534383,0.015991855596151495
75,2.5,approach,unknown_no_ground_truth,0.5566756673268414,-0.092592291127163,0.16524771600965193,0.020144151208878577,5.1088327242251905,0.8714757,1.1572448,-5.501379,0.21124486271579904,1.8878456729093516,0.025249223787907525,0.20973046684238544,0.00016770132349724838,0.020143453134759726
76,2.5333333,approach,unknown_no_ground_truth,0.5574321429342126,-0.0927804049269274,0.1653691875098291,0.022572107541990946,4.550340295658292,0.8714757,1.1643748,-5.466549,0.21158058366959304,2.0557693806912485,0.025383425824751893,0.21005243411911456,0.001733611306185616,0.02250543558179379
77,2.5666666,approach,unknown_no_ground_truth,0.55814638441207,-0.0928973292330258,0.16533927798496773,0.020389962873208795,4.550340295658292,0.87146837,1.1661369,-5.457941,0.21182530132645588,2.2499510868124517,0.025364797772114624,0.2103011776382233,-0.005133410984775425,0.01973318721423937
78,2.6,approach,unknown_no_ground_truth,0.5587260911775673,-0.09298527980189947,0.16500655639999814,0.021242153872911323,4.550340295658292,0.87146837,1.1079626,-5.742123,0.2119866872353482,2.369051053417848,0.025041198730381856,0.21050247963186292,-0.015321096981722506,0.014713704103219382
79,2.6333334,approach,unknown_no_ground_truth,0.5590993932287254,-0.09304821546066538,0.1643027050311781,0.028261014521799504,4.550340295658292,0.87146837,1.1079162,-5.74235,0.21204836356205647,2.374015551127647,0.024343385948240006,0.21064640526228098,-0.027143640822174533,0.007868144934998513
80,2.6666667,approach,unknown_no_ground_truth,0.5592130719442034,-0.09307703136131633,0.16318882370162857,0.03994599741650276,4.550340295658292,0.87146837,1.1621697,-5.477321,0.211990115595691,2.374015551127647,0.023231620848718597,0.2107133144891794,-0.0399409193582341,0.0006369226156177298
81,2.7,approach,unknown_no_ground_truth,0.5590208364744547,-0.09302093442176071,0.16164093961888484,0.05200480064731311,4.550340295658292,0.87146837,1.2661327,-4.96946,0.21175721047889629,2.374015551127647,0.021680660361105872,0.21064440452124517,-0.05120345615209834,0.009094249196438442
82,2.7333333,approach,unknown_no_ground_truth,0.5585798979734748,-0.09288008334693831,0.15978584300073934,0.059415435340777874,4.914515020892889,0.87146837,1.1953993,-5.314994,0.21138055139693232,2.216941076793667,0.019818060143642208,0.2104494761243518,-0.057464585848424246,0.015100176489141972
83,2.7666667,approach,unknown_no_ground_truth,0.5580002808841029,-0.09269675853569018,0.15782739805362322,0.05967489925821304,4.914515020892889,0.87146837,1.2140359,-5.2239537,0.21094548958381856,2.0248392134665396,0.017849691381141192,0.21018893427903126,-0.05726645351700539,0.016782339022393022
84,2.8,approach,unknown_no_ground_truth,0.5574561686597959,-0.0925100509105841,0.15598750613789397,0.05283038876168535,4.914515020892889,0.87146837,1.2228024,-5.1811295,0.2105400198529785,1.8120747681815454,0.016000299974015007,0.2099311562404068,-0.05055917871369937,0.01532381886172697
85,2.8333333,approach,unknown_no_ground_truth,0.5569806387603145,-0.09234468924458418,0.1544746347702768,0.03972721638984023,4.914515020892889,0.87146837,1.1867384,-5.3573027,0.21020246332410653,1.6622000267675283,0.014479082467060167,0.2097031992088686,-0.03793999979626116,0.011781686532279375
86,2.8666666,approach,unknown_no_ground_truth,0.5566674543190662,-0.09225857436357104,0.15347173014505777,0.02393252361013192,2.3765818655402677,0.87146837,1.0974498,-5.7934785,0.2100085207204499,1.590910400803239,0.013470968905611804,0.20957602861953387,-0.02289755508418864,0.006961871696323391
87,2.9,approach,unknown_no_ground_truth,0.556511195499078,-0.0922062688675007,0.15295605327828748,0.010182147615368542,1.295321853558034,0.87146837,1.1489977,-5.5416665,0.20990377933943138,1.5531104560303126,0.01295257828214994,0.20950376439773458,-0.009690988522312642,0.003124239350875654
88,2.9333334,approach,unknown_no_ground_truth,0.556479534698847,-0.0921441043001828,0.15282956818803906,0.003902890504946507,1.1527167571420087,0.87146837,1.1545137,-5.5147204,0.20983105784796377,1.5513424417496842,0.012824898492648498,0.20943876149425825,-0.0023351615894384825,0.003127231146687552
89,2.9666667,approach,unknown_no_ground_truth,0.5564956312287608,-0.09199628039519,0.152803204608775,0.006113540936747694,1.1527167571420087,0.8714757,1.1251025,-5.658395,0.20968760332685663,1.5404089690231038,0.012796900981421788,0.20929675180048268,-0.001952248129053594,0.005793454067125812
90,3.0,approach,unknown_no_ground_truth,0.5565025893342039,-0.09175706327152577,0.15270394875247503,0.009671130327475377,1.1527167571420087,0.8714757,1.1252291,-5.6577764,0.20944938824697468,1.5206488928506054,0.012694748733224036,0.20906431926953062,-0.005520842078238322,0.007940470046424656
91,3.0333333,approach,unknown_no_ground_truth,0.5564647651895278,-0.0914629625555609,0.1524422185920653,0.014637047653740005,1.1527167571420087,0.8714757,1.0299284,-6.1233215,0.20914181836084836,1.498809180296301,0.012428845170477579,0.2087721820430356,-0.011497928965792804,0.009057637303151334
92,3.0666666,approach,unknown_no_ground_truth,0.5563513225415693,-0.09116028436590631,0.15194687316823596,0.01927661190550366,1.670442614793981,0.8714757,1.0213854,-6.1650543,0.2088022762842338,1.444743831547098,0.01192822081778797,0.20846128688463858,-0.0170879657611461,0.008921277526302162
93,3.1,approach,unknown_no_ground_truth,0.5561842428329955,-0.09091622351928927,0.15131355483416056,0.021981823506506702,1.670442614793981,0.8714757,1.1194999,-5.6857634,0.20850619252301442,1.3835604612884769,0.011289648467062291,0.2082003269880586,-0.020545080316274385,0.007816664216214318
94,3.1333334,approach,unknown_no_ground_truth,0.5559702969129586,-0.09076854324101645,0.1505871198018789,0.022628279810070213,1.670442614793981,0.8714757,1.0581871,-5.985277,0.2082948777265722,1.3064680041803558,0.010558544533088349,0.20802709733222366,-0.02152423364658325,0.006981863153208083
95,3.1666667,approach,unknown_no_ground_truth,0.5557548308382994,-0.09067745301783386,0.1498872533611285,0.019926581138315587,1.670442614793981,0.8714757,1.1034155,-5.764336,0.20814242605695174,1.2366294891860028,0.009854695564168747,0.20790900533697712,-0.01902941017522944,0.005911868084180228
96,3.2,approach,unknown_no_ground_truth,0.5555754615006343,-0.09063924898149474,0.14932532174245733,0.01510645407625954,1.5666562123094725,0.8714757,1.0694026,-5.9304895,0.20805503766396238,1.1915591911959678,0.009289918317272213,0.20784753093316075,-0.014441320627188396,0.0044331944803811035
97,3.2333333,approach,unknown_no_ground_truth,0.5554496275525066,-0.09061983871520404,0.14892924815013214,0.01116977788653736,1.5666562123094725,0.8714757,1.0434464,-6.057286,0.20800192901718853,1.1479053094570042,0.008891941712632892,0.2078117798572802,-0.010690749983102378,0.003236016506968949
98,3.2666667,approach,unknown_no_ground_truth,0.5553511506104383,-0.09060771642520685,0.14861595884057163,0.011660079421715977,1.5666562123094725,0.8714757,1.0333785,-6.1064677,0.2079638672718707,1.126937686461181,0.00857720228611774,0.2077869141491236,-0.01115985416230496,0.003378625045311933
99,3.3,approach,unknown_no_ground_truth,0.5552152842694008,-0.09058837858183863,0.1481887430841525,0.01819007880103182,1.5666562123094725,0.8714757,1.0929986,-5.8152227,0.20790974756000538,1.0976221039860112,0.008147952097368086,0.2077500276945449,-0.017373998415016686,0.005387313417905528
100,3.3333333,approach,unknown_no_ground_truth,0.5549778908838955,-0.09055768074879536,0.1474632471786842,0.028518912979088158,1.6352564922597665,0.8714757,1.1233623,-5.6668954,0.20782095574762696,1.0520478309825851,0.007418936756084196,0.2076884903533808,-0.02716219254218109,0.008691587531071921
101,3.3666666,approach,unknown_no_ground_truth,0.5546129018805845,-0.09051929333075238,0.14638675830937606,0.03857890362803184,3.432332078551336,0.8714757,1.0228972,-6.157669,0.2076991284135822,0.9613492359947106,0.0063371408730185765,0.20760242915081037,-0.036705651758902454,0.011875476162880788
102,3.4,approach,unknown_no_ground_truth,0.5541544623427785,-0.09047379389758484,0.14502813277142906,0.04359953571593847,3.432332078551336,0.8714757,1.0544697,-6.003437,0.2075574529924953,0.8470443563372649,0.004971884833219231,0.207497895540984,-0.0415223522218946,0.013297134300529532
103,3.4333334,approach,unknown_no_ground_truth,0.5536901968763028,-0.09042987822138339,0.1436319089931598,0.041474984570682424,3.432332078551336,0.8714757,1.2002386,-5.2913537,0.20742606985754733,0.7426043056574673,0.00356897701210055,0.2073953636406446,-0.0396859736389737,0.012049806698243327
104,3.4666667,approach,unknown_no_ground_truth,0.5533160195455529,-0.09039818722193932,0.14239440860057068,0.03323972269526631,3.432332078551336,0.8714757,1.188884,-5.3468213,0.20733173912392047,0.677479615017376,0.0023261556122407224,0.2073186895777056,-0.032191348084598656,0.008282286722542786
105,3.5,approach,unknown_no_ground_truth,0.5531090176096896,-0.09038240819251772,0.14149402626000968,0.02186802437687167,2.0752617052285816,0.8714757,1.1492351,-5.5405064,0.20728631092832334,0.652858715614169,0.0014228890500183574,0.20728142725537393,-0.02164041511088144,0.003146891160524597
106,3.5333333,approach,unknown_no_ground_truth,0.5530864750379618,-0.09038387148137006,0.1409547973505319,0.012964951487793511,0.9997018879299936,0.8714757,1.2017043,-5.284194,0.2072888891490716,0.6475511577810967,0.0008834625556506485,0.2072870064875482,-0.01268923525163148,0.002659563086221528
107,3.5666666,approach,unknown_no_ground_truth,0.553270566889061,-0.09040975613666533,0.1406453690201745,0.010902833660020123,0.8631122980655846,0.8714757,1.1717206,-5.4306645,0.20734894873659007,0.6471497889669107,0.0005769407862181116,0.20734814607682958,-0.007714593178681304,0.007704338641668842
108,3.6,approach,unknown_no_ground_truth,0.5535871500326037,-0.09045453243965498,0.1404326386883332,0.013065607797370527,0.4287049799272618,0.8714757,1.1941285,-5.321202,0.20744953499901853,0.6469959837068868,0.0003691568015200589,0.20744920654117938,-0.0069993161286718885,0.01103266426778333
109,3.6333334,approach,unknown_no_ground_truth,0.5539911424763684,-0.09051500988687873,0.14016744706323742,0.01584086733037425,0.4287049799272618,0.8714757,1.2243546,-5.173547,0.20758205292122883,0.6451096088229441,0.00011031812590421228,0.2075820236073031,-0.009171510934129316,0.012915744847420326
110,3.6666667,approach,unknown_no_ground_truth,0.5544284038271938,-0.0905858676821609,0.13980789410564315,0.017116789339518396,0.3528539214587419,0.8714757,1.2297189,-5.147342,0.20773313575061042,0.6451096088229441,-0.00024227821468510114,0.20773299446657054,-0.011255206681116136,0.012895921830517172
111,3.7,approach,unknown_no_ground_truth,0.5548269637482965,-0.0906573110778456,0.1394037035940166,0.017433512306233016,0.4287049799272618,0.8714757,1.2353569,-5.1198,0.20788021675889504,0.6451096088229441,-0.0006400283182898007,0.2078792314866422,-0.013685763785457218,0.010799408360657804
112,3.7333333,approach,unknown_no_ground_truth,0.5551207672020504,-0.09072047654112328,0.1388841521309949,0.018012076253338522,0.4287049799272618,0.8714757,1.2634138,-4.9827423,0.20800430737831105,0.6500366967515024,-0.0011546616549400345,0.20800110250763937,-0.016505538086055753,0.0072112483971809365
113,3.7666667,approach,unknown_no_ground_truth,0.5552774985192903,-0.09076278410852062,0.1382956313302605,0.0180553922710783,0.5148858510389333,0.8714757,1.2803874,-4.8998256,0.2080866412735241,0.6513180653487436,-0.0017403965445934658,0.20807936297567778,-0.01777335611295243,0.003178836665305468
114,3.8,approach,unknown_no_ground_truth,0.5553013598646642,-0.09078395406190443,0.13769577899280613,0.018771118463007577,0.6399171488171054,0.8714757,1.2196406,-5.1965747,0.2081264946993149,0.6479213621718743,-0.0023395510078048983,0.2081133448313823,-0.018752518109699787,0.0008354357531525352
115,3.8333333,approach,unknown_no_ground_truth,0.5552238730506166,-0.09078915917131421,0.1370456522890896,0.02005897372475198,1.150583851652091,0.8714757,1.2246765,-5.171974,0.20813576813463647,0.6428418134704502,-0.002990563305804972,0.20811428232610354,-0.019716312665597382,0.003691807384289522
116,3.8666666,approach,unknown_no_ground_truth,0.5550373866063943,-0.09077657804100422,0.13638484879534832,0.020704823774307164,1.150583851652091,0.8714831,1.293926,-4.8336897,0.20811061622871282,0.6412634708798448,-0.003653970682218338,0.2080785358592954,-0.01999406202953525,0.005378402279879394
117,3.9,approach,unknown_no_ground_truth,0.5548471839079459,-0.090762526041926,0.13571798750663583,0.019515066151999924,1.4199177976446966,0.8714831,1.2153156,-5.2177024,0.20808584115521261,0.642533915225631,-0.004323504324241154,0.2080409204931343,-0.01907270353575961,0.004131559845137895
118,3.9333334,approach,unknown_no_ground_truth,0.5547445343498643,-0.09076365216683928,0.13511729465253836,0.015918763574252544,1.4544768305823603,0.8714831,1.2327753,-5.1324115,0.20809112053551068,0.642533915225631,-0.004925488100251398,0.20803281955667166,-0.015871585546741895,0.0012246656545373369
119,3.9666667,approach,unknown_no_ground_truth,0.5547583254672876,-0.0907829823416984,0.13466066201482352,0.012190668544321102,1.4544768305823603,0.8714831,1.2715801,-4.9428496,0.20813062122353299,0.642533915225631,-0.005381609085542441,0.20806103377265087,-0.011981578312308698,0.002248150507309032
120,4.0,approach,unknown_no_ground_truth,0.5548691671017936,-0.09081739212379476,0.13431599753414383,0.009422484346293683,1.4544768305823603,0.8714831,1.2498008,-5.0492415,0.20819826763964475,0.645570027226645,-0.005724259276755594,0.20811956059890577,-0.008254942217613252,0.004543032053597678
121,4.0333333,approach,unknown_no_ground_truth,0.5550417891732479,-0.09085979646410056,0.13410537896485575,0.007120665197247894,1.447210882386835,0.8714831,1.2105619,-5.2409244,0.2082794696265629,0.6642909977179693,-0.005931938076871002,0.20819497971510867,-0.004331964003254456,0.005651368040200975
122,4.0666666,approach,unknown_no_ground_truth,0.5552319177736011,-0.09089994852139226,0.1340211305536968,0.005389355438347189,1.056449314820651,0.8714831,1.2563561,-5.017219,0.20835634587234506,0.6761777781110663,-0.006013056619915182,0.20826956094293275,-0.0015587773677025846,0.005159008156494872
123,4.1,approach,unknown_no_ground_truth,0.5553770887742009,-0.09092831378076958,0.13399597654377074,0.003174829543617005,0.37706506547377433,0.8714831,1.232303,-5.1347184,0.20841119761235802,0.6786533727316659,-0.006035856475553842,0.2083237761918304,-0.00034042496904537463,0.0031565255379093346
124,4.133333,approach,unknown_no_ground_truth,0.5554375769708901,-0.09094264581817045,0.13399507056677468,0.0011228745297089439,0.31238278020149324,0.8714831,1.1833491,-5.373859,0.2084361309630797,0.67950671850534,-0.006035751597650822,0.20834872304266605,6.0235431831707696e-05,0.0011212577322904532
125,4.1666665,approach,unknown_no_ground_truth,0.555449593926153,-0.09094672515685356,0.13399876573195996,0.0005420281730150595,0.19592959580394184,0.8714831,1.2529365,-5.033924,0.20844212758328756,0.6800917764013065,-0.006031840783672731,0.20835483543274907,0.00028916744811681894,0.0004584503542278597
126,4.2,approach,unknown_no_ground_truth,0.5554671260359856,-0.0909516220648757,0.13401383305422213,0.000935060916476021,0.1374269164816323,0.8714831,1.2581158,-5.008623,0.2084494179543735,0.6826068722097484,-0.006016473784935486,0.2083625731476559,0.0005958172368863798,0.000720652993992293
127,4.233333,approach,unknown_no_ground_truth,0.5554968507940885,-0.09095843174730592,0.13403769756982709,0.0012158138606548137,0.13486046950819433,0.8714831,1.2324761,-5.133873,0.20846038998180189,0.6838268192249953,-0.005992119669902575,0.20837425151209663,0.0007440756323022231,0.000961537725299642
128,4.266667,approach,unknown_no_ground_truth,0.5555305397520183,-0.09096521487191321,0.13406239624635052,0.0008006138037593007,0.13486046950819433,0.8714831,1.2718229,-4.9416633,0.20847201661712067,0.6842201547389581,-0.0059668774499781925,0.20838660726137365,0.0006454580086021305,0.00047367332825620247
129,4.3,approach,unknown_no_ground_truth,0.5555285669895835,-0.09096449012501637,0.13408023325442914,0.0010775581476841236,0.13486046950819433,0.8714831,1.2817675,-4.893084,0.20847017647500662,0.6842201547389581,-0.005949079734028225,0.20838527522317546,-0.0003191055612331421,0.0010292245636548522
130,4.3333335,approach,unknown_no_ground_truth,0.5554630226934587,-0.0909512503683986,0.13404222163416996,0.0025515054216232454,0.13486046950819433,0.8714831,1.2082502,-5.2522173,0.20844708011475677,0.6849049847903269,-0.00598815113512477,0.2083610502333647,-0.0023244304856866256,0.0010522370615899494
131,4.366667,approach,unknown_no_ground_truth,0.5554569901516979,-0.09095271700598898,0.13392637542589586,0.004861642657100546,0.1771258593747066,0.8714831,1.245575,-5.0698853,0.2084525203681815,0.6852614644535298,-0.006104041628476371,0.20836312995260212,-0.004518232604719555,0.001794754427488284
132,4.4,approach,unknown_no_ground_truth,0.5555728786928317,-0.09098376667810361,0.13373903664644682,0.009973506679265751,0.3924453347083539,0.8714831,1.1645676,-5.465607,0.20851214038807467,0.6853294239002258,-0.00628936637399559,0.20841726550319628,-0.008022573291920894,0.005925297735735829
133,4.4333334,approach,unknown_no_ground_truth,0.5558309829499746,-0.09104885382353098,0.13338510015925162,0.01681580973162092,0.9862157571432238,0.8714831,1.1448463,-5.561946,0.2086387578378409,0.6963807965293235,-0.006638879371880813,0.20853310661092359,-0.012539084380099074,0.01120458923115133
134,4.4666667,approach,unknown_no_ground_truth,0.5562848372200554,-0.09115888205869735,0.13289097447153364,0.023307271454817674,4.40325129142703,0.8714831,1.2555293,-5.021258,0.20885283192219106,0.7818514928536103,-0.007125304588603566,0.2087312517004548,-0.01679022275118298,0.016165312327147165
135,4.5,approach,unknown_no_ground_truth,0.5568599670607206,-0.09130015337576326,0.13224826832674302,0.028337089692197864,4.40325129142703,0.8714831,1.1570356,-5.5024014,0.20912963708235824,0.8823708980093956,-0.007758226558966528,0.2089856813919523,-0.02181545382793319,0.01808525992362238
136,4.5333333,approach,unknown_no_ground_truth,0.5574305949936509,-0.09144777464723984,0.13141699306509674,0.030445510801165046,4.40325129142703,0.8714831,1.1828951,-5.376077,0.20942556125759404,0.9911848307306854,-0.008579666882610342,0.20924974318799466,-0.025842421858580156,0.016096532559127016
137,4.5666666,approach,unknown_no_ground_truth,0.5578684976662468,-0.09157144360632859,0.13050788178698247,0.02894873590170661,4.40325129142703,0.8714831,1.2468467,-5.0636725,0.20968204637813895,1.1211309373026324,-0.00948105314939076,0.2094675874795488,-0.026834896316631586,0.010858989362845411
138,4.6,approach,unknown_no_ground_truth,0.5580934264037457,-0.09165202876345818,0.12961602031132596,0.024867312242859308,1.11069792583992,0.8714831,1.1807622,-5.3864965,0.20985921516028946,1.1447860979429676,-0.010368658378011564,0.20960291293570507,-0.02417932802501813,0.005808899589632546
139,4.633333,approach,unknown_no_ground_truth,0.5582027655443762,-0.09170250918304687,0.12888940974019708,0.01814490782958569,0.79335425341259,0.8714831,1.2789651,-4.9067736,0.20997748528995014,1.1520286087264022,-0.011093006916264985,0.20968426151298747,-0.017971116046984755,0.0025053279565691745
140,4.6666665,approach,unknown_no_ground_truth,0.5582192906311187,-0.09172433215713796,0.128415101334444,0.011232890111334779,0.36584228293641186,0.87140924,1.2042146,-5.271931,0.2100346843141942,1.1560260273457705,-0.011566731714743553,0.20971594916076924,-0.011220005968714648,0.0005378534329446451
141,4.7,approach,unknown_no_ground_truth,0.5581847713911798,-0.09172811325318267,0.12814120525212774,0.004959306531650762,0.21221186420542454,0.87140924,1.25828,-5.0078206,0.21005116313699282,1.162473026457035,-0.01184100664838771,0.20971714688302528,-0.004943284133798231,0.00039832555455630283
142,4.733333,approach,unknown_no_ground_truth,0.5581907558137511,-0.09173152809964777,0.12808579348402185,0.0004110886241681892,0.16255683469279053,0.87140924,1.3725432,-4.449643,0.2100596055334599,1.1632158765048775,-0.011896283696997191,0.2097224745015978,1.312790752208802e-05,0.00041087895415144616
143,4.766667,approach,unknown_no_ground_truth,0.5582111114067199,-0.09173554191154584,0.12814161840397237,0.0014672260517910435,0.1556950664782048,0.87140924,1.3306872,-4.6541104,0.21006342591857505,1.1634347301166441,-0.01184013851283966,0.20972947820620122,0.0013863284159054822,0.0004804641613141716
144,4.8,approach,unknown_no_ground_truth,0.5582239388095953,-0.09173578052772603,0.12817773178607642,0.0007550747964239563,0.1556950664782048,0.8404594,1.2770268,-4.9162426,0.21006353274176948,1.163449581173364,-0.011803852288594898,0.2097316305641605,0.0007173874370522027,0.00023556997549422742
145,4.8333335,approach,unknown_no_ground_truth,0.5582270705345715,-0.09173261639618406,0.1281892701565487,0.0001764346504061152,0.1556950664782048,0.8404594,1.2758384,-4.9220476,0.2100602114522143,1.1635698382129536,-0.011792312726272394,0.2097289531655436,6.73537577044523e-05,0.00016307255191177336
146,4.866667,approach,unknown_no_ground_truth,0.5582206228074797,-0.09172550503249366,0.12818239762132635,0.0002507370562414314,0.1556950664782048,0.8404594,1.2799802,-4.901815,0.21005250815047838,1.162307032659151,-0.011799362042078024,0.20972084120493786,-0.00010028633396602643,0.00022980801246317184
147,4.9,approach,unknown_no_ground_truth,0.5582224953521846,-0.09171788452939168,0.12818283141408526,0.00028072445673270514,0.18926140078965892,0.8404594,1.2751267,-4.925524,0.21004537327999706,1.1562404265235262,-0.011798998475919161,0.20971371550592147,1.4296940564447037e-05,0.0002803601578298334
148,4.9333334,approach,unknown_no_ground_truth,0.5582252042885936,-0.09170739401911973,0.1281835158660361,0.00035805884755613174,0.18926140078965892,0.8404594,1.2449342,-5.073015,0.21003557018799926,1.1533965854984285,-0.011798408913555429,0.20970393008073668,-1.6699213361020778e-06,0.000358054953430275
149,4.9666667,approach,unknown_no_ground_truth,0.5582271490199647,-0.0916944722850205,0.12818295072253383,0.00013097766375472678,0.18926140078965892,0.8341661,1.3054881,-4.7772083,0.21002333000144005,1.147393050332218,-0.01179910980390915,0.2096916310984515,1.2255935503328083e-05,0.00013040299247940796
150,5.0,approach,unknown_no_ground_truth,0.5582275907851524,-0.09169904187174185,0.1281844053808667,0.00019698089659766468,0.18926140078965892,0.8341661,1.2763109,-4.9197392,0.21002778472004013,1.145563397020561,-0.011797591851915814,0.20969617826966502,1.5261219565000958e-05,0.00019638882046035282
151,5.0333333,approach,unknown_no_ground_truth,0.558225856692246,-0.09170751151189958,0.12818382200799466,0.00045202096545979807,0.18926140078965892,0.8341661,1.2653173,-4.9734435,0.21003578785992158,1.144131456899979,-0.011798092390177076,0.20970416590495009,-7.108352545405643e-05,0.0004463967804814798
152,5.0666666,approach,unknown_no_ground_truth,0.5582300205384289,-0.0916693291941541,0.1281800061210111,0.0021688835554546223,0.18926140078965892,0.8341661,1.2527634,-5.0347695,0.20999947054301,1.143007921065981,-0.011802330749394678,0.209667552609426,-0.0001863703499723343,0.00216086139531731
153,5.1,approach,unknown_no_ground_truth,0.558244342638216,-0.09156451942338299,0.12817294036223625,0.004346798610287313,0.18926140078965892,0.8341661,1.2382834,-5.1055045,0.20990009373076518,1.142606434707896,-0.011810517069116068,0.20956755720946915,-0.00027774117657073104,0.004337916319759156
154,5.133333,approach,unknown_no_ground_truth,0.5582713300916706,-0.0913829205649613,0.12816452300365822,0.006267711570952753,0.5550573970292866,0.8341661,1.2085463,-5.2507706,0.20972806618537526,1.1366163635292086,-0.01182084681135165,0.20939467358679328,-0.000390580255131864,0.006255529985617218
155,5.1666665,approach,unknown_no_ground_truth,0.5583020718087441,-0.09115124544437886,0.12815130400788505,0.007159973971433119,0.5550573970292866,0.8341661,1.1881282,-5.350513,0.2095081015444844,1.1281048288670004,-0.011836555729614623,0.2091734700224522,-0.0005950426139810247,0.007135205081786114
156,5.2,approach,unknown_no_ground_truth,0.5583295192975395,-0.0909104095016789,0.12812999243273338,0.006799067101440892,0.5550573970292866,0.8341661,1.1625098,-5.4756594,0.20927914830690927,1.1212970315118176,-0.011860516283640737,0.2089427913797239,-0.0010291341146993725,0.0067207288610579875
157,5.233333,approach,unknown_no_ground_truth,0.5583307591380069,-0.09070334542094656,0.1280879244619359,0.005238425825100144,0.617256713315969,0.8341661,1.1611276,-5.482412,0.20907973691042261,1.1133507729275598,-0.011905164609526082,0.20874051701131632,-0.0015881677022746153,0.0049918762479180005
158,5.266667,approach,unknown_no_ground_truth,0.5583033912821895,-0.09057722328138487,0.12802863733322772,0.0035517011393199436,0.617256713315969,0.8341661,1.1260983,-5.65353,0.20895531317672802,1.1011729375060253,-0.011966403677120204,0.20861238718690867,-0.0021062402155427808,0.002859778511961527
159,5.3,approach,unknown_no_ground_truth,0.5582519310289249,-0.0905271736655911,0.12795079097616058,0.003154919868413458,0.4618165087452175,0.8341661,1.1301299,-5.633836,0.2089020880712528,1.0889994609080544,-0.01204557258874892,0.2085545170489928,-0.0025437573710772564,0.0018662309110075621
160,5.3333335,approach,unknown_no_ground_truth,0.5581906573677199,-0.09051777758200945,0.12786132009413934,0.0031253834804012737,0.45191138901073147,0.77508825,1.1160053,-5.7028346,0.20888766120879573,1.0672537892789473,-0.012135987350912945,0.20853482398942177,-0.0026330933210766093,0.0016836987444513146
161,5.366667,approach,unknown_no_ground_truth,0.5581378286596368,-0.09051395333369014,0.12777695419775084,0.002589550060278906,0.3051975255644729,0.77508825,1.1027943,-5.7673707,0.20887998420679788,1.0596683287165212,-0.012221111987240449,0.20852216242890698,-0.002260479759977495,0.0012633292403101308
162,5.4,approach,unknown_no_ground_truth,0.5581073441892688,-0.09049372922912471,0.12771204197106217,0.002008661960565717,0.24589037977555497,0.77508825,1.1036615,-5.763134,0.2088591374299996,1.0536102598660473,-0.01228668586744195,0.208497425975474,-0.0017169869910852729,0.0010424387484488718
163,5.4333334,approach,unknown_no_ground_truth,0.5580880008717342,-0.0904625201528266,0.12766379992611698,0.0016235643026334303,0.24589037977555497,0.7126717,1.107109,-5.7462935,0.20882845800244118,1.0493613920820883,-0.012335577684760669,0.20846380595887762,-0.0012362508430449784,0.0010524470997898933
164,5.4666667,approach,unknown_no_ground_truth,0.5580757546433551,-0.09042949685449292,0.1276308529065042,0.0014597495288929088,0.22651899727173957,0.7126717,1.1184491,-5.6908965,0.20879623691199098,1.0466838528897464,-0.01236910251695289,0.20842954169582917,-0.0009827538874954073,0.0010793810651089511
165,5.5,approach,unknown_no_ground_truth,0.5580549758556641,-0.09039731873726774,0.12759954547598631,0.0013262502267644767,0.22391635789755424,0.7126717,1.0922809,-5.818729,0.20876309706506532,1.0425237752947552,-0.012401094552277395,0.20839444222460293,-0.0009041042727410102,0.0009703273303397547
166,5.5333333,approach,unknown_no_ground_truth,0.5580303167983836,-0.09038190851724687,0.12757179151383874,0.0011906576047703231,0.16221408580612298,0.7126717,1.0960982,-5.8000813,0.20874536985537245,1.0308296222684494,-0.012429376081486353,0.2083749986113526,-0.000880169618198513,0.0008018522151853711
167,5.5666666,approach,unknown_no_ground_truth,0.5580023950864113,-0.09038330722695825,0.1275417556432819,0.0012159465715495092,0.22391635789755424,0.7126717,1.120156,-5.682558,0.20874364889709843,1.0251585733387607,-0.012459772474594975,0.20837145923747916,-0.0009483587795763874,0.0007610135938755566
168,5.6,approach,unknown_no_ground_truth,0.5579806791868895,-0.09036715735351096,0.12750942384632963,0.0014895512581356077,0.22651899727173957,0.7010231,1.1059928,-5.7517457,0.20872611464490376,1.0215229625505673,-0.012492599943849476,0.20835192795220409,-0.0008874409070179538,0.001196332557094608
169,5.633333,approach,unknown_no_ground_truth,0.5579781730887418,-0.09030633132065052,0.12748388375207692,0.0026106255998722743,0.30937225563646253,0.7010231,1.1235067,-5.6661906,0.20866801333923332,1.019919920649724,-0.012518935149069049,0.2082921411231731,-0.0008218319501061758,0.0024778939179256956
170,5.6666665,approach,unknown_no_ground_truth,0.557979813951645,-0.0902012885129078,0.12745672431294883,0.003541421210030108,0.30937225563646253,0.7010231,1.1333404,-5.6181526,0.2085675527024191,1.0150171738747809,-0.012547388691755978,0.2081897861983012,-0.0008671939507521201,0.0034336043509161107
171,5.7,approach,unknown_no_ground_truth,0.5579776661263958,-0.09007671558100144,0.12742895665871812,0.0035838451691109718,0.30937225563646253,0.7010231,1.1173004,-5.696508,0.2084473081571422,1.0083852016001673,-0.012576748027660171,0.20806755077860495,-0.0008253848866157662,0.0034875042630950755
172,5.733333,approach,unknown_no_ground_truth,0.5579706144749809,-0.08996826952807724,0.1274047471445651,0.0032406081542610044,0.30937225563646253,0.6987997,1.1535206,-5.519572,0.20834165016205455,1.0014671050481732,-0.012602414301885615,0.2079601460521019,-0.0007224721201090768,0.0031590465721682563
173,5.766667,approach,unknown_no_ground_truth,0.5579625019656984,-0.08986601643934485,0.12738363370710692,0.002844097972684166,0.4364399189061376,0.6987997,1.136643,-5.602019,0.2082416221773062,0.9864996562082676,-0.012624921698592882,0.20785856864498117,-0.0005654130794048136,0.002787328708255298
174,5.8,approach,unknown_no_ground_truth,0.5579566846303236,-0.08978248202267963,0.1273695833795357,0.002804900757806128,0.4835055018387785,0.6987997,1.2148054,-5.220195,0.2081598217628393,0.9862237219375601,-0.01264010023742996,0.20777569458992248,-0.0003823063900784737,0.002778724542887718
175,5.8333335,approach,unknown_no_ground_truth,0.5579603185264723,-0.08968047174958194,0.12736050657905437,0.003704890796562933,0.4835055018387785,0.6987997,1.1916026,-5.333541,0.20806137323030746,0.9845843629043338,-0.012650408768578841,0.20767643628603885,-0.0002327952997242341,0.003697569764437586
176,5.866667,approach,unknown_no_ground_truth,0.5579806649016628,-0.08953698793517298,0.12735682036247858,0.004786189989175073,0.4835055018387785,0.6987997,1.2509148,-5.0438,0.20792513340014282,0.9731303412463784,-0.012655619910264256,0.20753962605766185,-3.601360142732182e-05,0.004786054495405576
177,5.9,approach,unknown_no_ground_truth,0.5580187502533059,-0.08936678939320541,0.1273612494472996,0.005241277443175887,0.24618650034119108,0.6987997,1.2462461,-5.0666065,0.20776555013936918,0.9608764130700169,-0.012652809673203631,0.2073799176200251,1.4566563578091512e-05,0.005241257201432677
178,5.9333334,approach,unknown_no_ground_truth,0.558051273825896,-0.08919480538268434,0.12736112718690276,0.004686427973138485,0.4835055018387785,0.6987997,1.2353269,-5.119947,0.20760352088177297,0.9484596408078214,-0.012654648806890087,0.20721747451912212,-0.00024745314617259656,0.00467989039271906
179,5.9666667,approach,unknown_no_ground_truth,0.5580543330387746,-0.08905667003032787,0.12734816282430453,0.0033150194542237847,0.5120148147303132,0.6987997,1.2359905,-5.116705,0.20746993942130063,0.9424668789536644,-0.01266930653493134,0.20708274779759445,-0.0006565726650112595,0.0032493485989413587
180,6.0,approach,unknown_no_ground_truth,0.5580285766638996,-0.08897878270550219,0.12732037760916373,0.0023195060045470154,0.5120148147303132,0.6987997,1.2310841,-5.140673,0.20739089867835903,0.9397305397211052,-0.01269842027893003,0.20700177529923997,-0.0011247744773509592,0.002028543931057332
181,6.0333333,approach,unknown_no_ground_truth,0.5579785310988259,-0.08894306840210862,0.12727563500221448,0.0022278123539474907,0.24618650034119108,0.6983417,1.1549693,-5.512495,0.2073497569267857,0.926723113948869,-0.012744291433344308,0.20695773658759195,-0.0013934035024264246,0.0017382676904973042
182,6.0666666,approach,unknown_no_ground_truth,0.5579187359229696,-0.08893713284549601,0.12722950023812457,0.0014829083112788235,0.24618650034119108,0.6983417,1.1422223,-5.5747643,0.20733600924852627,0.9048451460277253,-0.012791313763074325,0.20694106171400484,-0.0009083576807619573,0.0011721362478229953
183,6.1,approach,unknown_no_ground_truth,0.557899929676848,-0.08893477721831403,0.12721625095983052,3.706882847085377e-05,0.32967344482724076,0.6983417,1.1467352,-5.5527186,0.20733111597285875,0.9043995952255136,-0.012804848558160118,0.20693532203070986,2.9211753573475507e-05,2.2820418430960462e-05
184,6.133333,grasp_lift,unknown_no_ground_truth,0.5579201565087968,-0.08893654776407979,0.1272314358794113,0.0013946098111361578,0.32967344482724076,0.46740782,1.0276562,-6.1344213,0.2073355607508424,0.9036918444625464,-0.012789366314569516,0.2069407327259136,0.0008373363949294755,0.001115259739721532
185,6.1666665,grasp_lift,unknown_no_ground_truth,0.5579746352650481,-0.08894320999872406,0.12727095114495568,0.002328452365084521,0.12104246492819222,0.46740782,0.5706852,-8.366732,0.20734950559118892,0.9035038131863371,-0.01274902618151877,0.2069571931591976,0.001388267526891814,0.0018693324183369276
186,6.2,grasp_lift,unknown_no_ground_truth,0.558044931675529,-0.088954254342922,0.12732206696562043,0.0022910158822780466,0.07489634664082544,0.46740782,0.6437852,-8.009637,0.20736991558155007,0.9148647812404993,-0.012696815228489413,0.20698085121902654,0.0013860363790810979,0.0018241866485406626
187,6.233333,grasp_lift,unknown_no_ground_truth,0.5580965723099678,-0.0889593812436864,0.12736149174872402,0.0015588859240851783,0.0673370598592123,0.46740782,0.86271864,-6.940144,0.2073818671195953,0.9147389299254945,-0.012656623838493655,0.2069952866203005,0.0009325790363587782,0.0012491683894715845
188,6.266667,grasp_lift,unknown_no_ground_truth,0.5581287512951868,-0.08896170327548014,0.1273829965627296,0.0005880900947822865,0.05840148419245263,0.46740782,1.1405425,-5.58297,0.20738870308028184,0.9146453919438937,-0.012634651773401409,0.20700347760336343,0.0002766021655550771,0.0005189809260380196
189,6.3,grasp_lift,unknown_no_ground_truth,0.5581311894971941,-0.0889639057288715,0.1273794119284445,0.000316251698626676,0.04668350532330307,0.13332033,1.3121165,-4.7448287,0.20739159961416806,0.9142126880080734,-0.012638174608509656,0.2070061644808874,-0.0002554331556074542,0.00018646458082079837
190,6.3333335,grasp_lift,unknown_no_ground_truth,0.5581161130649438,-0.0889606979057803,0.1273661509313594,0.0002943921857681378,0.026075649205517006,0.13332033,1.2768953,-4.916885,0.2073865640059619,0.9139661819566566,-0.01265168063528459,0.20700029446187196,-0.00018728162014788028,0.00022713950294065278
191,6.366667,grasp_lift,unknown_no_ground_truth,0.5581169728106846,-0.08895809541200042,0.12736719264235305,8.658945918993386e-05,0.026075649205517006,0.13332033,1.3463944,-4.5773807,0.2073841043635748,0.9137062239994788,-0.012650660038739615,0.206997892605858,1.9742665650461714e-05,8.430872787451665e-05
192,6.4,grasp_lift,unknown_no_ground_truth,0.5581178920204242,-0.08895537701723685,0.12736750985276096,6.276916509058946e-05,0.026075649205517006,0.13332033,1.3629608,-4.4964533,0.20738159783291243,0.9137351420648171,-0.012650364458746073,0.20699539946286905,3.2873433457554296e-06,6.268302369778272e-05
193,6.4333334,grasp_lift,unknown_no_ground_truth,0.5581177496587998,-0.08895399178384734,0.12736745279824135,2.0546557826356754e-05,0.026075649205517006,0.12520985,1.3048035,-4.780553,0.2073802195315871,0.9134924389422758,-0.012650440882711644,0.20699401391934572,-2.305947363908907e-06,2.0416749135616658e-05
194,6.4666667,grasp_lift,unknown_no_ground_truth,0.5581178399536914,-0.0889540150015727,0.12736737394717562,2.3633360646188012e-05,0.017019894874734993,0.12520985,1.3042893,-4.7830644,0.20738026562855125,0.9133571331855426,-0.012650518188433506,0.20699405537776341,-1.0031031492178593e-05,2.1398928539431817e-05
195,6.5,grasp_lift,unknown_no_ground_truth,0.5581176287223132,-0.08895256129457428,0.12736680360533237,1.9036480224877698e-05,0.016671164979361622,0.12520985,1.2823222,-4.890374,0.20737884606542462,0.9132883025139846,-0.01265110961754921,0.20699259701948722,3.1124209823428443e-06,1.8780319884944227e-05
196,6.5333333,grasp_lift,unknown_no_ground_truth,0.5581185175746382,-0.08895296299283523,0.1273675854089108,1.1956925529905862e-05,0.016671164979361622,0.12520985,1.342614,-4.5958476,0.2073793508783753,0.9132032934391023,-0.012650310693886035,0.20699315160189347,4.746294548777204e-06,1.0974550386415036e-05
197,6.5666666,grasp_lift,unknown_no_ground_truth,0.5581169895120404,-0.0889529132825183,0.127367124428055,9.442182986605497e-05,0.029892432905917293,0.12520985,1.3158762,-4.7264624,0.20737904293032955,0.9130945991715476,-0.012650793198194274,0.2069928135906075,-3.650243207614981e-05,8.708073499793337e-05
198,6.6,grasp_lift,unknown_no_ground_truth,0.5581129835953669,-0.08895107864188334,0.12736525118770825,0.0002865477498399312,0.016671164979361622,0.12520985,1.3043944,-4.7825513,0.2073766187920017,0.9130239863624412,-0.012652744187191733,0.20699026567966108,-0.00014594502315810537,0.000246596153971849
199,6.633333,grasp_lift,unknown_no_ground_truth,0.5581019167044814,-0.08894593530472025,0.12735768783642712,0.00022619003978378,0.016671164979361622,0.12520985,1.3664951,-4.4791884,0.20737003046958405,0.9121650962150326,-0.01266052285774448,0.20698318940900673,-9.412624018864762e-05,0.0002056749498731846
200,6.6666665,grasp_lift,unknown_no_ground_truth,0.5581017468804397,-0.08894302412035615,0.12735923064873014,0.0003180819302537391,0.03947174785673313,0.12520985,1.3522252,-4.5488973,0.20736703237306756,0.9121650962150326,-0.012659019264285564,0.206980277675143,0.0002308098306397576,0.0002188673946342647
201,6.7,grasp_lift,unknown_no_ground_truth,0.5581164544359303,-0.088943367138553,0.1273729105072081,0.0007743000861056926,0.062482283337797116,0.12520985,1.3981915,-4.3243513,0.2073691611073158,0.9121650962150326,-0.012645135549398005,0.20698325904596546,0.000516211238896329,0.0005771192079461575
202,6.733333,grasp_lift,unknown_no_ground_truth,0.5581405298601327,-0.08894696014549644,0.12739306862209318,0.0014604020698595942,0.1091885865735319,0.12520985,1.3975407,-4.3275304,0.20737578514813912,0.9121650962150326,-0.012624605212324285,0.20699114862486295,0.0008626159712588601,0.0011784175371146346
203,6.766667,grasp_lift,unknown_no_ground_truth,0.558194708452557,-0.08895690215738412,0.12742917540542323,0.0028639432878320064,0.21504014833620955,0.12520985,1.4803156,-3.9231737,0.2073932247949332,0.9201453126551189,-0.012587635834894147,0.20701087197277776,0.0014606196899292316,0.0024634855951088967
204,6.8,grasp_lift,unknown_no_ground_truth,0.558303653950809,-0.08897651027114765,0.1274878574132165,0.004126366775045491,0.233378367147868,0.12520985,1.5557393,-3.5547278,0.2074290257410329,0.924857351987993,-0.012527221686970243,0.2070504031309275,0.002354835505687838,0.003388458720915931
205,6.8333335,grasp_lift,unknown_no_ground_truth,0.5584202407077146,-0.08899234350552179,0.12758264886044793,0.0038513999637095615,0.3631453291209117,0.12521726,1.5043232,-3.8058958,0.20745997843029765,0.924857351987993,-0.012430646940916815,0.20708723202295654,0.0027915034995898706,0.0026534486790287686
206,6.866667,grasp_lift,unknown_no_ground_truth,0.5584824099253405,-0.08899430072592396,0.12767131144093335,0.003547783322991125,0.5611481325791008,0.12521726,1.5697546,-3.4862628,0.20746734124645017,0.924857351987993,-0.012341121619311193,0.20709996233956288,0.0035063367258089864,0.0005407118198606941
207,6.9,grasp_lift,unknown_no_ground_truth,0.5584252494085757,-0.0889592840005699,0.12781679212201483,0.007359705260681619,0.7070301432539209,0.12521726,1.6676764,-3.007913,0.20741120544886907,0.9240994168837834,-0.012196891367261122,0.20705227356087688,0.006866261123300469,0.0026494753651916214
208,6.9333334,grasp_lift,unknown_no_ground_truth,0.5583447642685208,-0.08889772487288956,0.1281322461921498,0.011902191157946796,5.150321617987784,0.12521726,1.6616938,-3.0371385,0.20731233243424588,0.7878312477346732,-0.011883371285199583,0.20697146824194243,0.011413460478584672,0.0033756590858812488
209,6.9666667,grasp_lift,unknown_no_ground_truth,0.5582656823417892,-0.08882146914229819,0.12858174563050204,0.01689346870488314,5.150321617987784,0.12521726,1.6570057,-3.06004,0.20719038262380934,0.6544297346252129,-0.01143599467929327,0.20687453366109537,0.016683747188352447,0.002653651189965977
210,7.0,grasp_lift,unknown_no_ground_truth,0.5582955140684833,-0.08874701747763265,0.12924726021113156,0.022705254531555016,5.150321617987784,0.12520985,1.7639275,-2.5377254,0.20707764984766433,0.5489821796738753,-0.010771122462651007,0.2067973307064829,0.022427604457941553,0.0035399352565858985
211,7.0333333,grasp_lift,unknown_no_ground_truth,0.5584669518798436,-0.08868853543423794,0.13007608604408388,0.025605045107897587,5.184842061893141,0.12520985,1.9644469,-1.5581851,0.20699982074918974,0.5687641769362279,-0.009940822379610761,0.20676098723070008,0.024885137453502456,0.006028952553948264
212,7.0666666,grasp_lift,unknown_no_ground_truth,0.5587027951786963,-0.08865088749162149,0.13090217265666984,0.025059504080367122,5.150321617987784,0.12520985,2.0786781,-1.0001639,0.2069586006829797,0.6121589169494583,-0.009112114775760335,0.2067579061631511,0.024104447163726176,0.006852326005457528
213,7.1,grasp_lift,unknown_no_ground_truth,0.5589391217535965,-0.08863089779330824,0.1316775682286492,0.020897178509494657,5.137942406208503,0.12520985,1.8737665,-2.00116,0.20694112309231127,0.7048316137703841,-0.008333860665712593,0.20677324583492812,0.020263826574738446,0.005105820424438095
214,7.133333,grasp_lift,unknown_no_ground_truth,0.5590602681800829,-0.08863666790039863,0.13224859794027843,0.016921194622043122,5.137942406208503,0.12520985,1.9081595,-1.8331499,0.20693988269190883,0.8269011549510027,-0.0077611942065601396,0.20679429129700136,0.016836598474441144,0.0016899051001482977
215,7.1666665,grasp_lift,unknown_no_ground_truth,0.559016984719362,-0.0885512524985464,0.13280013466217455,0.017774080970209112,5.137942406208503,0.12520985,1.9490389,-1.6334536,0.2068194640434225,0.963393403743227,-0.0072114217664949205,0.20669370116990562,0.01700456971952626,0.005173254583849556
216,7.2,grasp_lift,unknown_no_ground_truth,0.5588952703382215,-0.08835715238807815,0.1333882137036267,0.021289230200293302,5.184842061893141,0.12520985,2.1357193,-0.72151697,0.20657686979447343,1.0914696568039919,-0.006627557234304152,0.20647052724102985,0.01914225504736055,0.009316941248225184
217,7.233333,grasp_lift,unknown_no_ground_truth,0.5588696481486943,-0.08796853357702293,0.13408585953201413,0.030995498898288145,5.818843197476151,0.12520985,2.0658712,-1.0627258,0.2061595199244374,1.2433358197935276,-0.0059352725658995496,0.20607406482874788,0.026599261573473545,0.015912266830961426
218,7.266667,grasp_lift,unknown_no_ground_truth,0.5592093554926629,-0.08735900754872497,0.13517005801730447,0.04480673100187805,5.818843197476151,0.12520985,2.0999422,-0.89628863,0.20558536143840847,1.537637370853397,-0.004854265619527283,0.20552804417659437,0.03674279497542203,0.025643910787334318
219,7.3,grasp_lift,unknown_no_ground_truth,0.5598037763325506,-0.08654612720353487,0.1365408933088334,0.0574570373026498,5.998258220491186,0.12520985,2.209932,-0.35898644,0.2048608552334603,1.686719435309445,-0.0034857327211588233,0.2048311980006498,0.04519822931695175,0.03547437388045536
220,7.3333335,grasp_lift,unknown_no_ground_truth,0.5605795393129694,-0.08544058196144813,0.1381891153835731,0.06888260608243049,6.895158661047,0.12520985,2.3651702,0.3993542,0.2038924611659343,1.7498991442654483,-0.00184105301377908,0.20388414907516103,0.05257837782946402,0.04450087196369771
221,7.366667,grasp_lift,unknown_no_ground_truth,0.5615246038741363,-0.08414002910110774,0.14005336631235366,0.07225886990286545,6.895158661047,0.12520985,1.9473869,-1.6415237,0.20278405253637016,1.8636411584623898,1.948934748787932e-05,0.20278405159982052,0.0542362797090914,0.04774693961874871
222,7.4,grasp_lift,unknown_no_ground_truth,0.5624227564265315,-0.0828563688556272,0.1418126946308248,0.06981606325056325,5.998258220491186,0.12520985,2.1401978,-0.6996397,0.2017064355089958,2.113871662915658,0.0017746957484634117,0.20169862810823747,0.052162174796411734,0.04640463563390231
223,7.4333334,grasp_lift,unknown_no_ground_truth,0.5631694287629581,-0.081534282303483,0.1435416430730413,0.06528302498208723,5.998258220491186,0.12520985,2.1588852,-0.60835105,0.2005791475241098,2.3252913581933927,0.0034969645719617514,0.2005486615768877,0.0486081571738846,0.04357889864338883
224,7.4666667,grasp_lift,unknown_no_ground_truth,0.5637098138543135,-0.08027105376474655,0.14506865142962466,0.057132899415764014,4.7760027494386215,0.12520985,2.2474368,-0.17577557,0.19948005429964483,2.457501400517971,0.005015236675663109,0.19941699893558806,0.04145038525675269,0.039319635778051
225,7.5,grasp_lift,unknown_no_ground_truth,0.5641480931371932,-0.07912242024068405,0.14632238502611467,0.050683127141819335,4.7760027494386215,0.12520985,2.3503613,0.32701254,0.19847931451568007,2.6147938811015514,0.006260321129425926,0.19838056021185826,0.03600783255701172,0.0356681282298361
226,7.5333333,transport,unknown_no_ground_truth,0.5647114487095004,-0.07812967353566297,0.14748277554363587,0.046096699672311336,4.385718027389361,0.12520985,2.3916974,0.5289398,0.1976679281115076,2.8307665832788937,0.007415756709437218,0.19752877348964268,0.03271186504945232,0.032478294377409775
227,7.5666666,transport,unknown_no_ground_truth,0.5653106841455959,-0.07730453180193586,0.14851046006699675,0.04402656528557191,2.6058115213098767,0.12520985,2.1017625,-0.8873963,0.19703423512345083,2.849065906616701,0.00844111019161105,0.1968533400006624,0.031488894601842704,0.03076991985037932
228,7.6,transport,unknown_no_ground_truth,0.5659623552076826,-0.07650852826536987,0.14958561723255992,0.04552168721986716,2.6058115213098767,0.12520985,2.4504378,0.8158874,0.1964517239909305,2.887982828283332,0.009515014481019038,0.19622116185170937,0.033958675677844774,0.03031554640032685
229,7.633333,transport,unknown_no_ground_truth,0.5666361286724388,-0.07578085024064343,0.15077573254239138,0.042570591106706,2.6058115213098767,0.12520985,2.4094539,0.61568034,0.19595485898941256,2.9043952029830304,0.010705019888370353,0.19566223271431343,0.03390214264709558,0.025746843517416625
230,7.6666665,transport,unknown_no_ground_truth,0.5671814453412005,-0.0752981182612158,0.15184463919041097,0.04085943924135958,2.6058115213098767,0.12520985,2.2629232,-0.10012389,0.19566818545656164,2.9236782589240122,0.01177515531241637,0.19531355436126768,0.03420371255785662,0.02235172974017618
231,7.7,transport,unknown_no_ground_truth,0.5675719222497868,-0.07462533216862416,0.15305806194252894,0.051407079441918586,6.462947099302126,0.12520985,2.4378724,0.75450534,0.19517412145158483,3.186484800059407,0.012985265362590013,0.1947416765046997,0.039903512881000525,0.03240983610732325
232,7.733333,transport,unknown_no_ground_truth,0.5678788021482911,-0.0732745353602727,0.15452121610941327,0.06696301172946524,6.462947099302126,0.12520985,2.3235688,0.19613065,0.19402832184747218,3.5044701622621175,0.014435387136621309,0.19349059221874873,0.04436778210526078,0.050155207615367334
233,7.766667,transport,unknown_no_ground_truth,0.5681462231682516,-0.07136187517736356,0.1560496084381493,0.0856966663637881,6.462947099302126,0.12520985,2.5902512,1.498878,0.19234958470722727,3.70448797323197,0.015943126341960365,0.19168771337643709,0.050372529132013635,0.06932912039475801
234,7.8,transport,unknown_no_ground_truth,0.5686656475727121,-0.0687548056400625,0.1579260530181148,0.10855602801215901,6.462947099302126,0.12520985,2.4971025,1.0438452,0.19011374523576388,4.033321719933976,0.017793582084906424,0.18927922380482395,0.060128700633188044,0.09038224702861232
235,7.8333335,transport,unknown_no_ground_truth,0.569388785077164,-0.06550528737158864,0.16011550156339788,0.12478937710313288,6.462947099302126,0.12520985,2.3537297,0.34346712,0.18737577066887115,4.170400864000625,0.019951702816154906,0.1863105176539672,0.0673733459066162,0.1050391398438475
236,7.866667,transport,unknown_no_ground_truth,0.5701499549917071,-0.06195506130933626,0.16248355249508617,0.12870524946948322,4.994127209299104,0.12520985,2.3949463,0.54481083,0.18442570227955943,4.196268338533213,0.02228513448076791,0.1830743358378852,0.07012311914261397,0.10792492484460053
237,7.9,transport,unknown_no_ground_truth,0.5708610038470754,-0.058508565600655635,0.1648589950868877,0.11462808284136482,4.883189239074254,0.12520985,2.2520564,-0.15320876,0.18161603255231037,4.279239021095391,0.02462657326457886,0.17993864279049732,0.06405575982820147,0.09506028092067982
238,7.9333334,transport,unknown_no_ground_truth,0.5714093594604286,-0.05578653851076921,0.1668149879923928,0.09466831073200745,4.765783965660716,0.12520985,2.4878743,0.9987652,0.1794434877048521,4.364272418822295,0.026555514668266222,0.17746765880121623,0.055048329692700924,0.07701798786579415
239,7.9666667,transport,unknown_no_ground_truth,0.5718299190872589,-0.053503285985954885,0.1685791853034903,0.08064868690666424,4.883189239074254,0.12520248,2.2936604,0.050027587,0.17765648482114715,4.364272418822295,0.028296458644208548,0.17538853162964527,0.04874267182696982,0.06425233570024888
240,8.0,transport,unknown_no_ground_truth,0.5722121772891262,-0.05161178248803888,0.1701065601598639,0.06698502273254751,4.994127209299104,0.12520248,2.1902828,-0.4549734,0.1762193635989622,4.364272418822295,0.02980502323102287,0.17368052480753687,0.041997252716189426,0.052184519110291955
241,8.033334,transport,unknown_no_ground_truth,0.5725185239099624,-0.050120987914046955,0.17141258889675895,0.06311400209858724,7.041798226856193,0.12520248,2.1899984,-0.45636284,0.17512081409852298,4.430505410656238,0.031096278455457853,0.17233781069965487,0.03845842694459525,0.050043247874690396
242,8.066667,transport,unknown_no_ground_truth,0.5723704363352506,-0.048310342554643115,0.17271026110759619,0.07136398836138381,7.041798226856193,0.12520248,2.481653,0.968374,0.17359588170255685,4.430505410656238,0.03236891646703214,0.1705514098177978,0.03670756823259074,0.06119945481206038
243,8.1,transport,unknown_no_ground_truth,0.5716348055458295,-0.046176750108297984,0.173921936918175,0.0850930818429578,9.091663145149457,0.12520248,2.4164796,0.6500011,0.1715859518757304,4.430505410656238,0.0335434445112365,0.16827529887485587,0.030981924747839073,0.07925246315699942
244,8.133333,transport,unknown_no_ground_truth,0.5702621080903699,-0.043505017263720955,0.174865493257924,0.10444497419977426,10.77420237425455,0.12520248,2.1060922,-0.86624575,0.16884153883239936,4.70623993548752,0.03443438427973251,0.16529288676337023,0.019444692968330606,0.10261898728285554
245,8.166667,transport,unknown_no_ground_truth,0.5684593293370424,-0.040143943512363854,0.17533796174656957,0.12178093659472507,10.77420237425455,0.12520248,2.4291015,0.71165913,0.16524558841884057,5.513700498849039,0.034839742227743,0.1615311018144595,0.0071860289682003755,0.12156873572410232
246,8.2,transport,unknown_no_ground_truth,0.56678171178778,-0.03619630815757317,0.17548439557163917,0.13099739610312583,10.77420237425455,0.12520248,2.5035148,1.0751692,0.16108619927495735,5.951698709165779,0.03491346192821306,0.1572571580979336,0.0048992645142265515,0.13090574851021206
247,8.233334,transport,unknown_no_ground_truth,0.5658380723885426,-0.03182657259703445,0.17580527584314765,0.1270374169512138,10.77420237425455,0.12520248,2.3763802,0.45411503,0.156798722327165,5.951698709165779,0.03516636465775496,0.15280433933690885,0.011178299881250738,0.1265446597743317
248,8.266666,transport,unknown_no_ground_truth,0.5658893659852654,-0.02781861615138503,0.17634739165024174,0.11625092850987208,8.459634067100048,0.12520248,2.3345585,0.24981533,0.1532127210942267,5.951698709165779,0.03565867437938991,0.14900535844929183,0.02493154335197435,0.1135460106102192
249,8.3,transport,unknown_no_ground_truth,0.5669861434465687,-0.024362281266349504,0.17754583062969237,0.11433226718173481,7.567444716380885,0.12520248,2.5795596,1.4466492,0.1506424781807728,5.931755096704724,0.03682848532690634,0.14607128020583124,0.04383884447886906,0.10559366947726141
250,8.333333,transport,unknown_no_ground_truth,0.5684597900060322,-0.021286442504680134,0.17931735711379193,0.11096479252090449,7.548625993737542,0.12520248,2.4110775,0.6236118,0.14873809543996513,5.899543983398208,0.0385812445652966,0.14364716705490904,0.057858641376432415,0.09468665585646567
251,8.366667,transport,unknown_no_ground_truth,0.5699353837600178,-0.018802124591699637,0.18143320643618266,0.10512785209698577,7.548625993737542,0.12520248,2.503624,1.0757027,0.14753160327553158,5.6993406513925065,0.04068573445024004,0.14181059543381586,0.06476297318944275,0.08281076373388449
252,8.4,transport,unknown_no_ground_truth,0.5709969110191027,-0.016407413954613745,0.18366217729563217,0.09673332264075428,7.567444716380885,0.12520248,2.3312726,0.23376372,0.14636383424258456,5.523727188614064,0.04289876890811295,0.13993594106004034,0.06190455923942227,0.07433142844378227
253,8.433333,transport,unknown_no_ground_truth,0.57145765586807,-0.014120480693212846,0.18559887879792009,0.08609265313371393,8.459634067100048,0.12520248,2.316168,0.15997787,0.1450555706007276,5.486111367318861,0.04481269255271597,0.13795992587877984,0.0542080421169791,0.06688372816646664
254,8.466666,transport,unknown_no_ground_truth,0.5714835436595888,-0.012015703191307956,0.1873252473207095,0.07619230610709228,14.54742485792422,0.12520248,2.4923608,1.0206821,0.1437320726808502,5.4438328956461675,0.046512641078281534,0.13599809902000898,0.04793530571380163,0.05922393077161653
255,8.5,transport,unknown_no_ground_truth,0.5712668804983568,-0.010219762019090332,0.18884680642361343,0.06465692664523895,14.54742485792422,0.12520248,2.4224703,0.679266,0.14256059723350809,5.458683393437612,0.04800837068945538,0.1342338266880534,0.03870000088638792,0.05179602392656588
256,8.533334,transport,unknown_no_ground_truth,0.5709190927153289,-0.008647929283039334,0.18995585053555775,0.05596451454955117,14.54742485792422,0.12520248,2.4243524,0.68845993,0.1414268223845707,5.544069981801036,0.04909267574858745,0.13263278357043162,0.0283632626460463,0.04824471184325096
257,8.566667,transport,unknown_no_ground_truth,0.5706930425464865,-0.007084021736429622,0.190785355435025,0.05175134633557031,14.54742485792422,0.12520248,2.2406034,-0.20915641,0.1402682287596401,5.670409131149783,0.04989926102892303,0.13109248547546168,0.019230998841720724,0.04804550479591075
258,8.6,transport,unknown_no_ground_truth,0.5705707565041545,-0.005482316377865098,0.19128273899842207,0.05209683296149901,8.837874954356407,0.12520248,2.5061986,1.08828,0.13901406142944472,5.743369530143676,0.05037473162128845,0.12956579675667723,0.01000142951323445,0.0511277949095219
259,8.633333,transport,unknown_no_ground_truth,0.5705034903238927,-0.0036899994989761575,0.19149754423964416,0.05919991428790526,6.036883789973549,0.12520248,2.2320275,-0.25104988,0.13752729520321658,5.793682434778332,0.05056603051167453,0.12789383677177366,0.0035453268754103177,0.05909365878875518
260,8.666667,transport,unknown_no_ground_truth,0.5704721120473364,-0.0015473533050514026,0.19156999183618006,0.06539688958847345,6.036883789973549,0.12520248,2.2988925,0.07558645,0.13571305931006009,5.806150063366048,0.05061108231586561,0.1259228049803234,-0.0008118845952596148,0.06539184973107098
261,8.7,transport,unknown_no_ground_truth,0.5704618928393574,0.000669588223579469,0.1914988335685731,0.06277196786331504,6.036883789973549,0.12520248,2.2507622,-0.15953064,0.13380197361017762,5.810727691676044,0.05051190907080718,0.12390123156773372,-0.002526557819922794,0.06272110055647655
262,8.733334,transport,unknown_no_ground_truth,0.5704623562447944,0.0026358222116762914,0.19145428989325522,0.05689070989054934,6.036883789973549,0.12520248,2.2197123,-0.3112102,0.13212559811829122,5.818892939828413,0.05044264612336428,0.122117620064384,-0.0011181614597134844,0.0568797203474196
263,8.766666,transport,unknown_no_ground_truth,0.5704871083164557,0.004462121321144258,0.19147164331221336,0.061428779289540755,6.163657101849399,0.12520248,2.3641906,0.39456853,0.13060725660439051,5.826952777116915,0.050437363234974206,0.12047542433055954,-0.0003975426295386949,0.06142749290717317
264,8.8,transport,unknown_no_ground_truth,0.5704497187130482,0.006730985964884647,0.1914794777325336,0.07433818946620747,7.302392115009205,0.12520985,2.2218819,-0.30061162,0.12869928196009067,5.836346870161099,0.05041614282982211,0.11841333421201303,-0.0011326577114080612,0.07432956006611735
265,8.833333,transport,unknown_no_ground_truth,0.5703251025449603,0.009415323086561646,0.1914606626101895,0.08554112860405869,7.324779944982148,0.12520985,2.149436,-0.65451074,0.12641340930368156,5.845595067291133,0.05036185375986409,0.11594840981078693,-0.0029840534026159826,0.08548906426056167
266,8.866667,transport,unknown_no_ground_truth,0.5700492794581502,0.012418348676545066,0.19135755635249901,0.0964067610710635,7.473322593253423,0.12520985,2.3345287,0.24966975,0.12378604097404713,5.880150243785301,0.05021720351991938,0.11314246068858266,-0.006472645746757114,0.09618923243923985
267,8.9,transport,unknown_no_ground_truth,0.5695727049740003,0.015789112434363338,0.19111960380095577,0.10835077193593892,10.486039349886774,0.12520985,2.150648,-0.6485895,0.12073884997908017,5.989373861362255,0.04993034854428853,0.10993102468601253,-0.011150393254505108,0.10777550050630123
268,8.933333,transport,unknown_no_ground_truth,0.5688884674588539,0.01951923245501616,0.1907193406152628,0.11771869503351165,10.984767598318498,0.12520985,1.9251827,-1.7499913,0.11726669649147813,6.088817324518337,0.049473839803893464,0.10631941159112543,-0.015557797973146398,0.11668610064022057
269,8.966666,transport,unknown_no_ground_truth,0.5680972703992848,0.023441870206085416,0.19019878217402714,0.11594093982048308,13.386436723710315,0.12520985,1.8118031,-2.3038523,0.11356610187024263,6.205726858870584,0.04889316657502523,0.1025022817125022,-0.01851624357653756,0.11445282980455838
270,9.0,transport,unknown_no_ground_truth,0.5672919176014457,0.02699874070536222,0.18960073291651694,0.10352378778838006,13.386436723710315,0.12520985,1.9436356,-1.6598487,0.11013841122933288,6.324779287764282,0.04823942263140904,0.09901226051509954,-0.01946300441046897,0.10167775615822575
271,9.033334,transport,unknown_no_ground_truth,0.5664643126860173,0.030040730579905944,0.18900644994483323,0.09129071664960364,13.386436723710315,0.12520248,1.9189988,-1.7801996,0.10712289126555116,6.419711791724967,0.04759561554098924,0.09596859493795581,-0.01705499946859648,0.08968345410121308
272,9.066667,transport,unknown_no_ground_truth,0.565538618937204,0.03273305166958461,0.1885597516865723,0.08133765429165388,13.386436723710315,0.12520248,2.0136912,-1.3176261,0.10441021714775567,6.481018795619529,0.04710241946272573,0.09318184117948586,-0.010579121441292184,0.08064673704000053
273,9.1,transport,unknown_no_ground_truth,0.564525977181334,0.03506740296535229,0.18839091843884143,0.0732033137237649,9.5541321659121,0.12520248,1.9544433,-1.6070527,0.1020667903218563,6.523102265619301,0.046890349473389485,0.09065828595814715,-0.001976256972948821,0.07317663253058874
274,9.133333,transport,unknown_no_ground_truth,0.5635189051168602,0.03717546164583112,0.18851159366745635,0.0671871929384561,5.638790258895183,0.12520248,2.0201228,-1.2862077,0.1000408069518295,6.523102265619301,0.04697066077892221,0.08832847831568613,0.006082899412502667,0.06691126384762659
275,9.166667,transport,unknown_no_ground_truth,0.5625611861089266,0.039063539516646345,0.18887377668690852,0.06169358132307506,4.89120754255325,0.12520248,2.2731783,-0.050027587,0.09833083221174661,6.523102265619301,0.04729588270058274,0.08620935009050576,0.013800888178848997,0.06013013771763526
276,9.2,transport,unknown_no_ground_truth,0.5618264391007015,0.04079119883897139,0.18950053338085326,0.05522787465078399,4.89120754255325,0.12520248,2.254168,-0.14289321,0.09698607182698532,6.520891881735162,0.04789071142044773,0.08433728646377327,0.019566325802212448,0.05164568745833851
277,9.233334,transport,unknown_no_ground_truth,0.561478806610386,0.04230913878434925,0.19023412230898673,0.043336417492924724,4.89120754255325,0.12520248,2.0538845,-1.1212811,0.09604639587001586,6.399193766853295,0.04860030643961938,0.08284274484585172,0.01782775097858464,0.03949957437956321
278,9.266666,transport,unknown_no_ground_truth,0.5617089382013858,0.0434059295891913,0.19072377161462528,0.02858225661825681,4.89120754255325,0.12520248,2.1463234,-0.6697156,0.09557910336120765,6.290149457732722,0.04907923363902946,0.0820158144795135,0.0034326598811066315,0.028375380870263683
279,9.3,transport,unknown_no_ground_truth,0.562209438444655,0.04405241957483144,0.1904748852560325,0.028698229338834563,9.384137210079997,0.12520248,2.2539213,-0.14409865,0.09520919653810167,6.0229301664829205,0.048829129334981874,0.08173436996648643,-0.02160222960358677,0.018892645218133542
280,9.333333,transport,unknown_no_ground_truth,0.5626243301108491,0.0442677586674826,0.18928167524698988,0.04927962493180156,13.382991627925966,0.12520248,2.0978687,-0.9064178,0.09465660468748122,5.50712281881604,0.047639113283990855,0.08179479015485751,-0.048673046229729004,0.00770817774429861
281,9.366667,transport,unknown_no_ground_truth,0.5625241855942493,0.04446061538784166,0.1872302450199334,0.06961494355776719,13.382991627925966,0.12520248,2.0759952,-1.01327,0.09348242855877097,4.706298651921799,0.045584237916500146,0.08161520509572727,-0.06874170886164135,0.01099171639610712
282,9.4,transport,unknown_no_ground_truth,0.5619272620576199,0.04469231207583588,0.18471303072778494,0.0778098813541986,13.382991627925966,0.12520248,2.1682172,-0.56276435,0.09186133551407022,4.226623293662569,0.043056350617021726,0.08114589104799251,-0.07299346974585971,0.026950528952410704
283,9.433333,transport,unknown_no_ground_truth,0.5609520567089172,0.04550219066846925,0.18239787102673824,0.07436373164029952,13.382991627925966,0.12519509,1.9727445,-1.5176514,0.08975186258440601,4.005199502508189,0.040718016643964836,0.07998399813682674,-0.05663711632000616,0.0481892274105383
284,9.466666,transport,unknown_no_ground_truth,0.5598864325786559,0.04726193991647055,0.18099689764342797,0.07555650989342558,9.665976698449937,0.12519509,2.606603,1.5787562,0.08728990715645685,4.0036210885673285,0.039280520709937726,0.07795234816308622,-0.025229188753521484,0.0712199004640873
285,9.5,transport,unknown_no_ground_truth,0.5590299357663953,0.049874295006545576,0.18079706812923602,0.09083554708209621,8.794152779726586,0.12519509,2.5483136,1.2940122,0.08480684323822935,3.9768228658718856,0.039036106445694864,0.07528866484135568,0.00778305608357482,0.09050149530092662
286,9.533334,transport,unknown_no_ground_truth,0.5586590020912195,0.05316056674568327,0.1816069307180697,0.10828878033854768,7.306657687360045,0.12519509,2.0943465,-0.9236236,0.0825438369934055,3.877564426132806,0.03979939807625896,0.07231523310037363,0.02846992552972144,0.10447929597552975
287,9.566667,transport,unknown_no_ground_truth,0.5585509933466044,0.05679671899234391,0.1827890487920776,0.11355864531009792,5.62424250614321,0.12520248,2.013513,-1.3184961,0.08042642884676486,3.7409522743267587,0.04093408906488932,0.06923012934749898,0.03146630924421991,0.10911204015694942
288,9.6,prealignment,unknown_no_ground_truth,0.5584462819021034,0.06040367883409242,0.18379908959501212,0.104876179864504,3.8859391760326205,0.12520248,2.0904202,-0.9428035,0.07837064558068967,3.7339424664532657,0.04189714509491386,0.06623131677408964,0.021717518456798944,0.1026029360937122
289,9.633333,prealignment,unknown_no_ground_truth,0.558091721886665,0.06360127860903267,0.184329062690252,0.09225822317863104,3.8859391760326205,0.12520248,2.2100382,-0.35846815,0.07632052170812496,3.72689511220153,0.04238193595115555,0.06347120243726695,0.005932023232647385,0.09206731691781521
290,9.666667,prealignment,unknown_no_ground_truth,0.5574408655512146,0.06645203040036822,0.18428451055782885,0.08564582408593267,3.8859391760326205,0.12519509,2.2274046,-0.273633,0.07409978463856198,3.7022682804175733,0.042292596487263176,0.06084500280094332,-0.007575467299673517,0.0853101370210487
291,9.7,prealignment,unknown_no_ground_truth,0.5566766322893107,0.0691171766487008,0.18391278107407344,0.08233183096073979,3.8859391760326205,0.12519509,1.965869,-1.5512384,0.07179761271933414,3.685535759982886,0.041876914636219516,0.05831998982121204,-0.014266578789939012,0.08108634360345948
292,9.733334,prealignment,unknown_no_ground_truth,0.555849059512886,0.07163334052746029,0.18342028206547734,0.0760393241001865,5.076207583910116,0.12519509,2.0062442,-1.3540049,0.06951778824762171,3.687808981049713,0.04134148869576626,0.055889213585977406,-0.016367353927266737,0.07425690900537667
293,9.766666,prealignment,unknown_no_ground_truth,0.5549998091898003,0.07379338505588397,0.18290329336272654,0.06979615769764497,6.8753153417647965,0.12519509,2.197232,-0.42102653,0.06745354616401253,3.6238491822509484,0.040785759349146376,0.05372618285728187,-0.01760976742547414,0.06753813530573105
294,9.8,prealignment,unknown_no_ground_truth,0.5540558435598151,0.07578439814199578,0.18232294123136508,0.06964103835476027,15.959908819288795,0.12520985,2.1625755,-0.59032416,0.06541893408878964,3.6279368934868157,0.04016750351157569,0.05163534253746128,-0.020554822351158804,0.06653851141437936
295,9.833333,prealignment,unknown_no_ground_truth,0.5529411050813982,0.07774889495410509,0.1816107724988708,0.07308095358492482,15.959908819288795,0.12520985,2.0568879,-1.1066097,0.063241809478352,3.7033013540751525,0.039415443013883056,0.04945653969007042,-0.025555430549433288,0.06846711434196003
296,9.866667,prealignment,unknown_no_ground_truth,0.5515982529563961,0.07966618497854144,0.18070152897042174,0.07659657649279504,15.959908819288795,0.12520985,2.2242265,-0.28915817,0.060858148193525356,3.85391999081457,0.03846380403668417,0.047161954800163365,-0.03102468484778645,0.07003216732696577
297,9.9,prealignment,unknown_no_ground_truth,0.550082818668336,0.08148734292852156,0.17962838942280698,0.08220513263322521,10.458197375034807,0.12520985,2.2636046,-0.096795246,0.058341279530273675,4.066272420389745,0.037347137404284234,0.04482071200834546,-0.03485306680263444,0.07445097424276763
298,9.933333,prealignment,unknown_no_ground_truth,0.5484948655235036,0.08359323138977665,0.17846960733833822,0.08733721231934581,10.458197375034807,0.12520985,2.245579,-0.18485074,0.055582390757970335,4.278538053681561,0.036140265865456545,0.04222893966873692,-0.03421236923073108,0.08035734221173953
299,9.966666,prealignment,unknown_no_ground_truth,0.5470512787135695,0.08595317770296108,0.17744497923389735,0.08921946256896271,9.953968090462446,0.12520985,2.2752361,-0.039975252,0.052867053841259976,4.494735878652072,0.03506631118066034,0.039563609567831094,-0.026330961207586365,0.0852454865842123
300,10.0,prealignment,unknown_no_ground_truth,0.5458317902242563,0.08864748444070039,0.17681407362365414,0.0889495903885325,6.471567897529025,0.12520985,2.2097971,-0.35964563,0.05039402383452512,4.607949490156095,0.034384881336646425,0.036840705390904636,-0.0125358420202203,0.08806180951542952
301,10.033334,prealignment,unknown_no_ground_truth,0.5448422258561441,0.09140684942858521,0.1767080465349892,0.08442739582755773,6.339627198726028,0.12520985,2.096213,-0.91450536,0.04844313630467525,4.608510347742454,0.0342305771679249,0.034278346543905575,0.0029610993158892943,0.08437545292953723
302,10.066667,prealignment,unknown_no_ground_truth,0.5440041495583323,0.09396311431285184,0.17710347217871447,0.07612307764099215,5.180886688581561,0.12520248,2.4076424,0.60683113,0.04712567873887055,4.609075389469178,0.03458227331184737,0.03201399645754846,0.016366537099975372,0.07434285044906234
303,10.1,prealignment,unknown_no_ground_truth,0.5431576931576192,0.09604807871299437,0.17788087079667067,0.06666821653805047,3.052300360312045,0.12520248,2.3307426,0.23117465,0.046393247127854365,4.610280870685797,0.03532168967424381,0.030078424453793877,0.024452835653811924,0.06202185038236162
304,10.133333,prealignment,unknown_no_ground_truth,0.5421601131392105,0.09763148943133015,0.17880541101451428,0.059672368386638495,2.99351709538345,0.12520248,2.157891,-0.61320776,0.04598346780239386,4.597126818213736,0.03621245648988851,0.028339677240606032,0.025626783786628516,0.053889326416500016
305,10.166667,prealignment,unknown_no_ground_truth,0.541024730616103,0.09889928953284893,0.17965477482553532,0.05198809637823347,2.9551981820007,0.12520985,2.1299736,-0.74958456,0.04563894354933527,4.600970037570527,0.03703013818701822,0.02667736932588645,0.021524107652584105,0.047323091137334454
306,10.2,prealignment,unknown_no_ground_truth,0.5399718583056847,0.09986615946305089,0.18029876637232972,0.04640987550436803,2.9551981820007,0.12520985,2.320465,0.18096887,0.04533470720900268,4.600970037570527,0.03764740138507765,0.025256857418864544,0.012645624142487938,0.04465383224738797
307,10.233334,prealignment,unknown_no_ground_truth,0.5389197891850976,0.10098137740216677,0.18055304859565768,0.05032357143657922,2.9551981820007,0.12520985,2.281317,-0.010270133,0.044713714658502296,4.600970037570527,0.03787316777219578,0.02376845475543318,0.0016407793042828504,0.05029681585753844
308,10.266666,prealignment,unknown_no_ground_truth,0.5378944386822457,0.1024949221991878,0.1804697782809892,0.058577411245597906,2.6955143624800946,0.12520985,2.309351,0.12667623,0.04375708123905549,4.607953567106725,0.037756796375899175,0.02211575198789743,-0.007437819752742501,0.05810328687399374
309,10.3,prealignment,unknown_no_ground_truth,0.5368986660741497,0.1042955089723076,0.18012654861992577,0.06162684220057695,2.6955143624800946,0.12520985,2.1216507,-0.7902423,0.04257852891932342,4.636801316143526,0.03737730604746666,0.02039284476397721,-0.01344833905748148,0.06014158175679977
310,10.333333,prealignment,unknown_no_ground_truth,0.5360049775196842,0.10604836587146158,0.17964372242634696,0.05635568839060779,2.7048228054456196,0.12520248,2.1633322,-0.5866275,0.04140105553604649,4.734759159810864,0.03686024524917831,0.018851252469510707,-0.015269990039569564,0.05424749780561986
311,10.366667,prealignment,unknown_no_ground_truth,0.5352458859787113,0.10753156247653253,0.17917178190285513,0.04606619342518118,2.7048228054456196,0.12520248,2.1064854,-0.86432517,0.04039943285821516,4.809135688397658,0.03635930812418593,0.01761007915927527,-0.013263646214667885,0.04411541528511697
312,10.4,prealignment,unknown_no_ground_truth,0.5346545966770677,0.10867791709416139,0.17881094847655096,0.033375899176003324,2.7048228054456196,0.12520248,2.0266504,-1.25432,0.03966139809887736,4.864786774198631,0.03597599966549703,0.016695926066732293,-0.010577187400276229,0.03165554852638281
313,10.433333,prealignment,unknown_no_ground_truth,0.534187694664475,0.10937150374291091,0.17850419488199515,0.01999444373764753,2.7048228054456196,0.12520248,2.06402,-1.0717695,0.03910555303440958,4.873775752571102,0.035654164709391784,0.01606315090517991,-0.009676025946216442,0.017497208413518393
314,10.466666,prealignment,unknown_no_ground_truth,0.5337986837968274,0.1094877341364536,0.17818770986576818,0.017582659164330793,2.7048228054456196,0.12520248,2.1355982,-0.72210866,0.03864702568227075,4.879026257021569,0.03533093194358233,0.015662625644637232,-0.011679114561463276,0.013143370433387397
315,10.5,prealignment,unknown_no_ground_truth,0.5333050547329311,0.10929551779975509,0.17773661263662738,0.024125053641411827,2.9063536364796048,0.12520248,2.0861137,-0.9638411,0.03806207270436474,4.935811628092489,0.034875554014508786,0.015245232393552677,-0.01579794421631335,0.018233024207170063
316,10.533334,prealignment,unknown_no_ground_truth,0.5326724132684892,0.10900970101811354,0.1771437673132656,0.030824399202404266,2.9063536364796048,0.18294334,1.9698493,-1.5317941,0.03730971815251178,5.0734854837892565,0.03427772153365745,0.01473271445053165,-0.020358419062939698,0.023144726385224655
317,10.566667,prealignment,unknown_no_ground_truth,0.5318460627443715,0.10875944119359837,0.17639244408948515,0.03750991083304333,2.9063536364796048,0.18294334,1.9696066,-1.5329797,0.03634144880047075,5.202126931073565,0.033518332012690555,0.014043586436672091,-0.0249260089145425,0.02803011755763805
318,10.6,prealignment,unknown_no_ground_truth,0.530847394837893,0.10853697713601321,0.17550085444776847,0.041117304680492524,4.057826487305647,0.18294334,1.9545399,-1.606581,0.035188135146137015,5.2930063866960895,0.03261598508163255,0.013206149030566237,-0.027314994878842987,0.030733105911333367
319,10.633333,prealignment,unknown_no_ground_truth,0.5298220776092157,0.10833351085186893,0.17459356333968482,0.038895471338396735,4.057826487305647,0.18294334,1.9947944,-1.4099374,0.03402306660567213,5.380211598852194,0.03169733457619376,0.012363172813595774,-0.025758199038788388,0.02914400234892598
320,10.666667,prealignment,unknown_no_ground_truth,0.5289260571191119,0.10814260750704788,0.17380476854614585,0.03351958744325311,2.9063536364796048,0.18294334,1.9875503,-1.4453249,0.0330248567457201,5.518797189033833,0.030898776867010876,0.011657905094741846,-0.02215350204894147,0.025155219922183895
321,10.7,prealignment,unknown_no_ground_truth,0.5281655414279925,0.10798504809663916,0.1731347667696848,0.027121482861175595,2.7700583335325217,0.18294334,1.958647,-1.5865177,0.032187654197480535,5.662259487368877,0.030220432427577385,0.011080187120568663,-0.017941009978655904,0.020339493443417185
322,10.733334,prealignment,unknown_no_ground_truth,0.5275718950530904,0.10793667615317389,0.17262450255415085,0.018248616874449102,2.1888339430017987,0.18294334,1.9372283,-1.6911483,0.03153951813066942,5.731370905669001,0.02970271525258239,0.010606126085373235,-0.011770681059328351,0.013945002159555133
323,10.766666,prealignment,unknown_no_ground_truth,0.5272278911582423,0.1080656590025286,0.17236380120713582,0.011485180069178601,1.6329257888271285,0.18294334,2.0474155,-1.1528823,0.03116965820335056,5.739056664207153,0.029435713950982684,0.010251162700378062,-0.0049030121768210665,0.010386040285662371
324,10.8,prealignment,unknown_no_ground_truth,0.5270555265515895,0.10840687019926662,0.17231059045128705,0.014090139536440451,1.464584171162134,0.18294334,2.1465762,-0.66848105,0.031007410360942497,5.7395482382483936,0.029375853993536226,0.009925658640227649,-0.0017608740024256616,0.013979676494967393
325,10.833333,prealignment,unknown_no_ground_truth,0.5268742447241217,0.10892992088412279,0.1722621186842369,0.018340613239594558,1.464584171162134,0.29410395,2.1400423,-0.70039904,0.030821064105602956,5.738977725911124,0.029318322414824564,0.009506522149665578,-0.00433300597822458,0.017821423994649286
326,10.866667,prealignment,unknown_no_ground_truth,0.5266182604157129,0.10951659106678582,0.1720416343006988,0.02055915521854104,1.464584171162134,0.12868156,2.209464,-0.3612727,0.030450317356280687,5.738242230100492,0.029086982212446523,0.009009400250351221,-0.009588959539968182,0.018186003360851896
327,10.9,prealignment,unknown_no_ground_truth,0.5263535851361847,0.11003680518074427,0.17164382465041214,0.020080972099264828,1.6329257888271285,0.12868156,2.0508554,-1.1360784,0.029927350542874542,5.737482342226104,0.02867906412570683,0.00855322111193722,-0.013261955462210873,0.015078659680813396
328,10.933333,prealignment,unknown_no_ground_truth,0.5261657569957696,0.1104311947326906,0.17117506962820667,0.016955587459650912,1.6329257888271285,0.12868156,2.0172887,-1.3000523,0.029379768330013944,5.7005749456549815,0.02820285071893513,0.008232253546311026,-0.013581408266674838,0.01015072882091565
329,10.966666,prealignment,unknown_no_ground_truth,0.5261116529349513,0.11068471153608425,0.17074971338177858,0.012526028844068289,1.4826693949168992,0.12868156,1.9159703,-1.7949939,0.028929450012542098,5.512354591322414,0.027773636445298504,0.008095566480028344,-0.010979319307868433,0.006029589218039497
330,11.0,prealignment,unknown_no_ground_truth,0.5261777572480382,0.11084173842770723,0.17044799275812822,0.008462696450227274,1.4826693949168992,0.10833892,1.9459949,-1.6483237,0.0286424628183092,5.380139630228562,0.02747090039652598,0.008108039695411802,-0.007279428317387661,0.00431591874120725
331,11.033334,prealignment,unknown_no_ground_truth,0.5262597227745435,0.11093339940085237,0.17026542316503568,0.005611344857341806,1.4826693949168992,0.10833892,1.9831191,-1.466971,0.028481692147695945,5.3318139527098785,0.027288334713807517,0.008158037517891938,-0.004860538151346833,0.0028039900119861787
332,11.066667,prealignment,unknown_no_ground_truth,0.5262777135646342,0.1110008748852558,0.1701245294866409,0.006258175847536396,1.4826693949168992,0.10833892,2.0375195,-1.2012247,0.028345527134887367,5.324242250266314,0.02714686367151494,0.008155777176628744,-0.005794481455763865,0.0023640536367638874
333,11.1,prealignment,unknown_no_ground_truth,0.5261472101179091,0.1110537457406926,0.1698821138175008,0.011021117086594904,0.7532588061451823,0.10833892,2.0681438,-1.0516241,0.028071871290121196,5.319973767979964,0.026902033342930537,0.008019386494301431,-0.009377181846882774,0.005790810171895324
334,11.133333,prealignment,unknown_no_ground_truth,0.5258868606608254,0.11106229973906875,0.16950541969194544,0.017668192495997367,0.7532588061451823,0.10833892,1.9782416,-1.490798,0.02763831894876538,5.309059393001334,0.026521722705766238,0.007776560874327854,-0.01464704554844982,0.00988074302758927
335,11.166667,prealignment,unknown_no_ground_truth,0.5254802424764575,0.11098414127837311,0.16891375190041708,0.022620948186770018,0.7532588061451823,0.10833892,1.9260937,-1.7455411,0.02696946018041459,5.260021092835452,0.025925558376949286,0.00743082803369602,-0.01864090014513525,0.01281499663080839
336,11.2,prealignment,unknown_no_ground_truth,0.5250444628291057,0.1108574164540277,0.1682714693859772,0.022519153604321215,1.306913959015061,0.108346306,1.9815238,-1.4747645,0.026252924843657186,5.226108097990922,0.025278998674705316,0.007084369333325264,-0.01910587927691582,0.011919633220486761
337,11.233334,prealignment,unknown_no_ground_truth,0.5247174034005102,0.1107247472765449,0.16764701848992394,0.020402491393715853,1.3132524064397604,0.108346306,1.9123667,-1.8125974,0.025585954407649915,5.218394317791845,0.024651834843222815,0.006850408879242596,-0.01819913296347684,0.00922242996440418
338,11.266666,prealignment,unknown_no_ground_truth,0.524461629837705,0.11063301627900778,0.1670631630774341,0.017699820151847602,2.6252166665798153,0.108346306,1.9102495,-1.8229403,0.024973127063319323,5.21819005899262,0.02406572314453644,0.006670685485856395,-0.016347761838365168,0.006784859341492793
339,11.3,prealignment,unknown_no_ground_truth,0.5242753273851425,0.11058962030409783,0.16656135214701545,0.013670460524298862,1.884996791305737,0.108346306,1.915055,-1.7994652,0.024451170377036743,5.13208127267038,0.02356198743204446,0.006533948351422597,-0.013223887170249237,0.0034655878368512315
340,11.333333,prealignment,unknown_no_ground_truth,0.5242232506065281,0.11059748449801236,0.16618424112215052,0.011215819907305987,2.362654483162484,0.10822812,2.0000026,-1.3844949,0.024075659715794843,4.9604323006824975,0.023184127923984044,0.006491040221342795,-0.011130891747535737,0.0013776302471135281
341,11.366667,prealignment,unknown_no_ground_truth,0.5241751565073172,0.11061727851217008,0.16582088851878587,0.013350060710238488,2.362654483162484,0.10822812,2.012235,-1.3247399,0.023712824012863582,4.925469179641964,0.022819929062707994,0.006445840537743303,-0.012788371985244941,0.0038316658171160664
342,11.4,prealignment,unknown_no_ground_truth,0.5239562639778694,0.11059992829326498,0.16533523625928104,0.0208283856751369,2.362654483162484,0.10822812,1.9927522,-1.4199134,0.023195277581170372,4.898973951710289,0.022331574174804275,0.006270701471347497,-0.018111831851664057,0.010285095858050871
343,11.433333,prealignment,unknown_no_ground_truth,0.5234841037791811,0.11050926211219425,0.16462134803106626,0.02953707760906085,1.884996791305737,0.10822812,2.0526237,-1.12744,0.022409540139441485,4.898973951710289,0.02161246813768382,0.005923572423701827,-0.02350281401049113,0.017890128207252894
344,11.466666,prealignment,unknown_no_ground_truth,0.5227737498703501,0.1103469315556725,0.16378116948875676,0.035319275497137134,1.884996791305737,0.10822812,1.9515907,-1.6209881,0.0214676833552943,4.898065392616628,0.020764725099888356,0.005448634706901021,-0.026963866422510856,0.022812302145808584
345,11.5,prealignment,unknown_no_ground_truth,0.521989191412335,0.1101431910219498,0.16283936490547407,0.03683702470366314,1.884996791305737,0.1080213,1.8989497,-1.8781397,0.020438471815345683,4.882637146913894,0.019814875818120803,0.0050101722983477565,-0.028749501432169623,0.0230311214755158
346,11.533334,prealignment,unknown_no_ground_truth,0.5212738385450493,0.10993996162954431,0.16187965297854268,0.03522801471794442,2.362654483162484,0.1080213,1.9048673,-1.8492324,0.01942774136688237,4.879991990654935,0.01884806595905879,0.004710365614412717,-0.02848942619814974,0.020721139347726222
347,11.566667,axial_advance_candidate,unknown_no_ground_truth,0.5206471320847434,0.10974718325090302,0.16095318677880494,0.03252683702364084,1.5178122063774464,0.1080213,1.9466779,-1.6449869,0.01848294217016596,4.8768153209067115,0.017915581585054997,0.004544346788586604,-0.026869108732287025,0.01833156083630169
348,11.6,axial_advance_candidate,unknown_no_ground_truth,0.5200926519035365,0.10956790683711637,0.1600996101284295,0.0292784386458133,1.478198808824599,0.1080213,1.9345093,-1.7044308,0.017635237498478843,4.875975187523495,0.017056795842931065,0.004479655924323173,-0.024568330971934074,0.015925579511909715
349,11.633333,axial_advance_candidate,unknown_no_ground_truth,0.5196257932059802,0.10940802338775182,0.1593247702112549,0.02586998804113523,1.6042997095421108,0.1080213,1.892557,-1.9093683,0.016886000149913503,4.767156597494882,0.016277692153259013,0.004491518588028864,-0.022092683159976076,0.013459926895841209
350,11.666667,axial_advance_candidate,unknown_no_ground_truth,0.519243251895856,0.10924350011375533,0.15863409463153566,0.02149883129215625,1.6042997095421108,0.1080213,1.8265686,-2.2317226,0.01624134592652931,4.738666235861584,0.015583954128581878,0.0045740235267700486,-0.018539102243612885,0.01088583643683224
351,11.7,axial_advance_candidate,unknown_no_ground_truth,0.5189363382666894,0.10915080091785337,0.15809484328550535,0.016548718697399385,0.9303272267395232,0.1080213,1.8559338,-2.0882733,0.01573709535310395,4.721873291984016,0.015041748864205864,0.0046262253791668545,-0.013792894928211787,0.009144186132454083
352,11.733334,axial_advance_candidate,unknown_no_ground_truth,0.5186332463426617,0.10913375575672662,0.15772140965389728,0.010955812999488527,0.9303272267395232,0.1080213,1.1913698,-5.334678,0.015375448518595417,4.716107045428579,0.014664433377328213,0.004621559354793597,-0.008261446742152012,0.007195716517925627
353,11.766666,axial_advance_candidate,unknown_no_ground_truth,0.5184509597805735,0.10919978717038487,0.15755126037626294,0.0071278153216728654,0.9303272267395232,0.1080213,1.3126198,-4.74237,0.015188840431083239,4.715701293056207,0.014490980457885577,0.0045510832787466265,-0.0029184083054065516,0.006502971953100252
354,11.8,axial_advance_candidate,unknown_no_ground_truth,0.5183903093403224,0.10949698439822442,0.1575347255032856,0.014450977375008073,1.6042997095421108,0.107651964,1.6120664,-3.2795691,0.015082086424961845,4.715622926905457,0.014469877350834432,0.004253466866195987,-0.00047315293552209904,0.01444322932701001
355,11.833333,axial_advance_candidate,unknown_no_ground_truth,0.5182559192671944,0.11014307149864301,0.15753425688340295,0.025148407366942068,1.6042997095421108,0.107651964,1.6120822,-3.2794917,0.014903082434588225,4.715149060044165,0.014459436670982762,0.0036092322189035016,-0.0009003189291008956,0.025132286384640146
356,11.866667,axial_advance_candidate,unknown_no_ground_truth,0.5179898748722812,0.11112467493313968,0.15750066943788532,0.0336850766286711,1.1537877799227896,0.10764458,1.7082036,-2.8099377,0.014652172370787604,4.720240307383146,0.014409855009200797,0.00265372074587405,-0.0019611988065441678,0.03362793610557528
357,11.9,axial_advance_candidate,unknown_no_ground_truth,0.5176550096746877,0.1123047436864322,0.15743893620876534,0.036547483369812964,1.1537877799227896,0.10764458,1.7768462,-2.4746175,0.014419284262184345,4.735389336715236,0.014328691129240654,0.0016138057988795737,-0.0023498022276955822,0.03647186546034453
358,11.933333,axial_advance_candidate,unknown_no_ground_truth,0.5173309862610322,0.1134674120267736,0.15738251075007553,0.03339865946486235,1.1537877799227896,0.10764458,1.7214956,-2.7450056,0.01429374842712643,4.746534693865041,0.014253201822012201,0.0010758633365662176,-0.0020456230811335884,0.0333359547674845
359,11.966666,axial_advance_candidate,unknown_no_ground_truth,0.5170604218163568,0.11444807546334852,0.15733766740880128,0.024859636317668972,0.6695707167119141,0.10764458,1.8385136,-2.173371,0.014269307536454928,4.752932188903292,0.01419231598649514,0.0014803055459613303,-0.001569472349861988,0.02481004382079534
360,12.0,axial_advance_candidate,unknown_no_ground_truth,0.5168827263935953,0.1150610059987815,0.15730406608423514,0.012602399682744661,0.5738319629425753,0.10764458,1.8110838,-2.3073661,0.014286144301116552,4.757715378995738,0.014148570905131209,0.0019778423432618565,-0.0009198699609698662,0.012568783434308511
361,12.033334,axial_advance_candidate,unknown_no_ground_truth,0.5168204707483786,0.11525182542754142,0.15728973820096498,0.0023424527506349753,0.5627079076459418,0.10764458,1.8254796,-2.2370422,0.0142940347739088,4.759563553737792,0.01413099049974793,0.0021527976248936595,-0.0003770135804981813,0.002311913849838982
362,12.066667,axial_advance_candidate,unknown_no_ground_truth,0.5168201288499193,0.11520230139632828,0.15728156443324548,0.00233406030229385,0.46692505053040273,0.10764458,1.703455,-2.8331344,0.014281475229724712,4.75939430384125,0.014123436420614451,0.002118744536300162,-0.0001591941714965798,0.0023286250686844322
363,12.1,axial_advance_candidate,unknown_no_ground_truth,0.5168379187230617,0.11509773137490231,0.1572769452679736,0.0027415459387922646,0.26921568255794764,0.107629806,1.6746014,-2.9740844,0.01426629650231272,4.759281305302449,0.014120377676647556,0.002035227299525432,-0.00021127449350928672,0.002733392987278038
364,12.133333,axial_advance_candidate,unknown_no_ground_truth,0.5168166506890949,0.11502029526733466,0.15726523518027885,0.002100003116290228,0.051794305784957785,0.107629806,1.6906267,-2.8958006,0.014250561921185652,4.759281305302449,0.014109351712824092,0.0020011769820219238,-0.0004923223053309078,0.0020414778558932077
365,12.166667,axial_advance_candidate,unknown_no_ground_truth,0.5167621034397922,0.11498481875342029,0.15724373822935378,0.0006325559054526011,0.051794305784957785,0.107629806,1.739242,-2.6583145,0.01423185909753031,4.759160939591442,0.014087555895732577,0.002021529682336257,0.00011250271885753533,0.0006224709726345657
366,12.2,axial_advance_candidate,unknown_no_ground_truth,0.5168540662718338,0.11500206113776557,0.1572719920519393,0.0055065460781995755,0.051794305784957785,0.107629806,1.8141515,-2.2923803,0.014252378123586373,4.758266235394751,0.014116850442286808,0.0019608201773212595,0.0016999524031102511,0.005237576876619073
367,12.233334,axial_advance_candidate,unknown_no_ground_truth,0.5171074584957909,0.11504430626653703,0.1573530958666456,0.010363207641645543,0.051794305784957785,0.10763719,1.7626346,-2.544041,0.014315042130213618,4.7578601674270615,0.01420088749698721,0.001804224345169731,0.003239310507630991,0.009843929096606295
368,12.266666,axial_advance_candidate,unknown_no_ground_truth,0.5175055920234529,0.11509926283749208,0.1574802588438904,0.013424049950948931,2.2353506734047004,0.10763719,1.7164186,-2.7698069,0.014421921450384706,4.6517526380625105,0.01433280291744532,0.001600805688001345,0.004184621492266304,0.012755158174324415
369,12.3,axial_advance_candidate,unknown_no_ground_truth,0.5179532928909983,0.11515917211663165,0.15762195022859551,0.014411814772162591,2.2353506734047004,0.10763719,1.7615654,-2.549264,0.014554301030792293,4.409095991940789,0.014479862413272931,0.0014701234599881017,0.0044746819859715,0.013699548392248047
370,12.333333,axial_advance_candidate,unknown_no_ground_truth,0.5184138400373713,0.11522400944556294,0.15776772070346284,0.014245741075650763,2.827838652736646,0.10763719,1.8049383,-2.3373868,0.014705439724101195,4.311042308088271,0.014631114662500572,0.001476631711678362,0.004417334589154316,0.013543570205892693
371,12.366667,axial_advance_candidate,unknown_no_ground_truth,0.518850911185161,0.11528447795546161,0.157905741117074,0.012044793623586918,2.827838652736646,0.107629806,1.7744634,-2.4862573,0.014861826613051193,4.239296552112772,0.01477435085857514,0.001610107755436496,0.0037596988387365486,0.011442976801374856
372,12.4,axial_advance_candidate,unknown_no_ground_truth,0.5191723211989512,0.11532948718077915,0.15800932395545592,0.008515159795883865,2.6838813633371577,0.107629806,1.7073126,-2.81429,0.014987014383178008,4.210703122951094,0.014881762054811043,0.0017730646535224607,0.0027666812078118246,0.008053162201506802
373,12.433333,axial_advance_candidate,unknown_no_ground_truth,0.5193847708429302,0.1153588680149387,0.1580838229869447,0.00668355868346873,2.2353506734047004,0.107629806,1.7233753,-2.7358234,0.015079368823162048,4.120221671198793,0.014958795210259591,0.0019031053471802954,0.002198799758409131,0.006311516164741259
374,12.466666,axial_advance_candidate,unknown_no_ground_truth,0.5195908946187437,0.11538678321261683,0.15815090957296654,0.005186167540656281,0.9868476835633093,0.107629806,1.7342384,-2.6827571,0.015166479624927297,4.034448369191784,0.01502834879672303,0.0020422626318297873,0.0013738828046787922,0.005000877902805142
375,12.5,axial_advance_candidate,unknown_no_ground_truth,0.519716700303699,0.11540000376462187,0.15817138943412243,0.0020331198303246405,0.8925249239495067,0.107629806,1.7463717,-2.6234853,0.01520031148800544,4.034448369191784,0.01505038593327142,0.002129636727701678,-0.0003066439270930619,0.0020098621212501716
376,12.533334,axial_advance_candidate,unknown_no_ground_truth,0.5197244919964987,0.11539228916157253,0.1581286976825681,0.0032371401585907277,0.9153361242342881,0.107629806,1.7505335,-2.6031554,0.015158092951044458,4.034448369191784,0.015007905594004195,0.002128509242160166,-0.0023376034723174943,0.0022393495512246396
377,12.566667,axial_advance_candidate,unknown_no_ground_truth,0.519571299813557,0.11536000860914736,0.15801701766801043,0.007507900429202704,0.8236827542450706,0.107629806,1.6032615,-3.3225813,0.01502940180897771,4.034448369191784,0.014894547895380191,0.0020088209795618836,-0.00489278793490718,0.005694663737118188
378,12.6,axial_advance_candidate,unknown_no_ground_truth,0.5193516892760458,0.11530445333351182,0.15780646654819006,0.010198705074117263,0.8236827542450706,0.107629806,1.5528159,-3.5690086,0.014796380237485895,4.016095996400985,0.014681717179660233,0.001838490899823197,-0.007942934883645145,0.006397137689857727
379,12.633333,axial_advance_candidate,unknown_no_ground_truth,0.5191604461142549,0.11522887564921895,0.1574913919348328,0.010777800127660955,0.8236827542450706,0.10761504,1.5145086,-3.7561402,0.014462435373426279,4.016095996400985,0.014365022396833009,0.0016757590724855874,-0.009943883669531382,0.0041569403602452135
380,12.666667,axial_advance_candidate,unknown_no_ground_truth,0.5190999701161059,0.11517888089540426,0.15714530226944193,0.009850534113553628,0.9153361242342881,0.10761504,1.5121241,-3.767789,0.014109997239952564,4.016095996400985,0.014018791371775129,0.0016017211324422746,-0.009806519408846649,0.0009301609571454276
381,12.7,axial_advance_candidate,unknown_no_ground_truth,0.5191726983815881,0.11517884419652033,0.15683671245364927,0.008761171746055804,2.0061272081025354,0.10761504,1.4749552,-3.9493592,0.01380839990503106,3.9200432193610077,0.013711253969748684,0.0016350604008148327,-0.007659794783053287,0.004252725507882697
382,12.733334,axial_advance_candidate,unknown_no_ground_truth,0.5193687783744124,0.11525086383495117,0.1566317788462222,0.009023746251652911,3.1947392174699476,0.10761504,1.0921992,-5.819128,0.013627463462180734,3.768150245618732,0.013508141843838185,0.0017994066632695416,-0.004471771645114653,0.007837809309250167
383,12.766666,axial_advance_candidate,unknown_no_ground_truth,0.5196595809540334,0.11536133247167434,0.15653415044204816,0.009429795995047927,4.000905359519332,0.10762242,1.2323072,-5.1346984,0.013570670489552192,3.6070777895267043,0.013413133068526205,0.0020617853481901503,-0.003114001041015585,0.00890078929223559
384,12.8,axial_advance_candidate,unknown_no_ground_truth,0.5199183023598197,0.1154701880732984,0.15641935635817802,0.00958329127871159,4.22058838520375,0.10762242,1.3041861,-4.783569,0.013500229321118608,3.543289926837908,0.013300541452377936,0.0023133933509818026,-0.006878515312949452,0.006672742975879521
385,12.833333,axial_advance_candidate,unknown_no_ground_truth,0.5200654824172948,0.11553435777902588,0.15607211384464265,0.015320317286611268,4.727836827661541,0.10762242,1.0355943,-6.0956435,0.013186295865408499,3.442218867419935,0.012954572512273927,0.0024611886710136817,-0.015003117618341761,0.0031013841252968116
386,12.866667,axial_advance_candidate,unknown_no_ground_truth,0.520105924724144,0.11552967049736798,0.15541713933393977,0.02544623119126258,4.22058838520375,0.10761504,1.0499706,-6.025415,0.012549183338505934,3.2891052921623327,0.012300325728190103,0.0024867628443137712,-0.02538156766988024,0.0018129270416855992
387,12.9,axial_advance_candidate,unknown_no_ground_truth,0.5200223312671376,0.115436443642978,0.154379089158327,0.03548679348771124,3.1947392174699476,0.10761504,1.1405913,-5.5827317,0.011507665712906012,3.193686973165473,0.011262480606366294,0.0023628162753831974,-0.03514947255109206,0.00488130017715469
388,12.933333,axial_advance_candidate,unknown_no_ground_truth,0.5198733399680023,0.1153027623331004,0.15307376821971158,0.04071771976699927,3.1947392174699476,0.10761504,1.0983362,-5.7891483,0.010189523716491702,3.0734554429031107,0.00995702211961805,0.0021642791128650123,-0.04018937016358634,0.0065381364988901436
389,12.966666,axial_advance_candidate,unknown_no_ground_truth,0.5196767363561443,0.11516254093770775,0.15170063706143488,0.039777510258907585,2.739453909563187,0.10761504,1.119754,-5.6845226,0.008796845374714153,3.0103157818071287,0.008583193790002273,0.001926985446207682,-0.03922347270456805,0.006615853035815007
390,13.0,axial_advance_candidate,unknown_no_ground_truth,0.519497272512452,0.11505491711812069,0.15046046845180394,0.03510896669560444,2.739453909563187,0.107600264,1.143728,-5.567409,0.007541981465163263,2.9596513112141443,0.007342130215011641,0.0017247052869053636,-0.03469954837951594,0.005346109304035391
391,13.033334,axial_advance_candidate,unknown_no_ground_truth,0.5193687726372369,0.1149663863461152,0.1493886624337663,0.03324648913970611,2.739453909563187,0.107600264,1.1027422,-5.7676253,0.0064639498251149955,2.8953306818098223,0.00626985953127884,0.001572103304377946,-0.03284193173213793,0.0051707407804093206
392,13.066667,axial_advance_candidate,unknown_no_ground_truth,0.5191886720773196,0.11487938054189605,0.14827265897921038,0.03797820597505187,2.739453909563187,0.107600264,1.0934312,-5.8131094,0.005335549272914007,2.823844604410425,0.0051526714889071215,0.0013849413601654266,-0.037411223647289396,0.006537925840506263
393,13.1,axial_advance_candidate,unknown_no_ground_truth,0.5189592489554798,0.11477609984004258,0.14689737241748177,0.045375207822587874,3.4455904988335315,0.107600264,1.0779907,-5.888537,0.003948573510568172,2.7119185329943774,0.0037757728868327346,0.0011553232774507117,-0.04474545385272734,0.007533514747877528
394,13.133333,axial_advance_candidate,unknown_no_ground_truth,0.5187165647384735,0.11465934515358311,0.14529283504283247,0.050715072893970224,3.4455904988335315,0.10759288,1.2826424,-4.88881,0.002353962401557734,2.5533009154047974,0.0021696506510132775,0.000913101878491724,-0.05017666708303431,0.007370257734913624
395,13.166667,axial_advance_candidate,unknown_no_ground_truth,0.5184995603797902,0.11455319312230022,0.14355518812149706,0.050496420734110356,3.4455904988335315,0.10759288,1.0830228,-5.8639545,0.0008252874810416772,2.4050547131706086,0.000430661120931908,0.0007040102451539958,-0.050124621317336075,0.006116440529421369
396,13.2,axial_advance_candidate,unknown_no_ground_truth,0.5183194816095815,0.11449420868768931,0.14195398818579014,0.042230155922224316,3.4455904988335315,0.10759288,1.0544201,-6.0036793,0.0013037550681874296,2.2628275074579807,-0.0011719914683023197,0.0005711508347634466,-0.04206460206643623,0.0037356822948085068
397,13.233334,axial_advance_candidate,unknown_no_ground_truth,0.5182349928320618,0.11448400885746356,0.14075317152290318,0.02876944735440893,2.692404231112119,0.10759288,1.1506463,-5.5336127,0.0024322276452040524,2.1772942827010127,-0.002373631551520565,0.0005306642777886275,-0.02876235615087806,0.0006387250802606402
398,13.266666,axial_advance_candidate,unknown_no_ground_truth,0.5182508339554526,0.11451364846363082,0.14003734040257276,0.014990821273030426,2.6008094972564515,0.10758549,1.8619456,-2.0589054,0.0031391214532939587,2.120044386906128,-0.003089493932560323,0.0005559772829921424,-0.014855706018125673,0.002008163624550108
399,13.3,terminal_settle_candidate,unknown_no_ground_truth,0.5183245431319039,0.1145818150942346,0.1397626338661237,0.005405313549078189,1.7957732897504217,0.10758549,2.0115354,-1.3281571,0.0034241382216762613,2.118142923215342,-0.0033639983961544512,0.0006389345442332517,-0.004543064278336968,0.0029288191352056644
400,13.333333,terminal_settle_candidate,unknown_no_ground_truth,0.5183811752908771,0.11465900085586508,0.13973444920065953,0.0024514007749225756,1.328162564899392,0.10758549,1.7967077,-2.3775933,0.003470087843510367,2.077531923505785,-0.0033923716222384946,0.0007302906396150731,1.008435612543302e-05,0.002451380032767775
401,13.366667,terminal_settle_candidate,unknown_no_ground_truth,0.5184177570881416,0.11471604607248423,0.13976371677825644,0.0016572563467514459,1.328162564899392,0.10759288,2.2622435,-0.10344439,0.003456430899432183,1.9986500194251013,-0.003363324478811325,0.0007968456643404052,2.0790462083781045e-05,0.0016571259323100015
402,13.4,terminal_settle_candidate,unknown_no_ground_truth,0.5184472020450726,0.11474757133463805,0.13973604482621335,0.001959119221137741,1.328162564899392,0.10759288,3.2097793,4.5252814,0.0034927383240213336,1.9671421788839727,-0.003390983955131356,0.0008369282024935339,-0.0013084261786009065,0.0014581389020882672
403,13.433333,terminal_settle_candidate,unknown_no_ground_truth,0.5184892715003431,0.11478166165460635,0.13967631596237334,0.0021984568211839213,1.328162564899392,0.10759288,3.527008,6.074949,0.003562134423687748,1.9329320787068618,-0.0034505537357234994,0.0008845793177018377,-0.0016604555169920108,0.001440867749205633
404,13.466666,terminal_settle_candidate,unknown_no_ground_truth,0.5185102997819543,0.11482003944636576,0.13962537382468437,0.001648114854063395,1.1473165073803007,0.10759288,3.4144278,5.5249925,0.0036225422892969786,1.888641191925441,-0.0035016811103412066,0.0009279235093608578,-0.0011085733228996058,0.0012195686778282448
405,13.5,terminal_settle_candidate,unknown_no_ground_truth,0.5185385124511261,0.11484650341919145,0.13960253879162493,0.0012103484535232634,1.0770876267613156,0.107578106,3.6095412,6.478124,0.0036538384279497416,1.84424173626043,-0.0035244577575366436,0.0009637078254855102,-0.0006809699325169657,0.00100061147802431
406,13.533334,terminal_settle_candidate,unknown_no_ground_truth,0.5185651787834078,0.1148576160890127,0.1395796865695802,0.0008350543279571975,0.4497165063122965,0.107578106,3.2629843,4.7851887,0.0036813783654108877,1.8311196997278514,-0.0035470797148654666,0.000985277709940328,-0.0005860121719943182,0.0005948995418678254
407,13.566667,terminal_settle_candidate,unknown_no_ground_truth,0.5185724083503809,0.11486667543179427,0.13956325278201342,0.00038369430419642983,0.34274175595701617,0.107578106,3.6119976,6.4901237,0.0037002426550916618,1.8210184824639393,-0.0035635253599012504,0.0009965353560714495,-0.0003378265026046134,0.0001819191392094784
408,13.6,terminal_settle_candidate,unknown_no_ground_truth,0.5185710160798864,0.11486835390309194,0.13955721614400918,0.0001248030645436132,0.34274175595701617,0.107578106,3.6321905,6.5887666,0.003706321104848067,1.8137819126263774,-0.0035696011787590587,0.0009973783418764086,-0.00010061179779872882,7.384491223628741e-05
409,13.633333,terminal_settle_candidate,unknown_no_ground_truth,0.5185696682945116,0.1148626099048306,0.13955653050574512,0.000198228636310919,0.34274175595701617,0.107570715,3.2714524,4.8265557,0.003705389137676314,1.811000466037663,-0.0035702329472326,0.0009916377181735467,3.92316616361723e-05,0.00019430766577505757
410,13.666667,terminal_settle_candidate,unknown_no_ground_truth,0.5185788277127268,0.11485796305655685,0.13955959414439134,0.0002935895790419702,0.34274175595701617,0.107570715,3.1958787,4.4573774,0.0037022707176359625,1.8079241818826062,-0.0035669856413769957,0.0009916763085175777,0.00010330629573685345,0.0002748138464182092
411,13.7,terminal_settle_candidate,unknown_no_ground_truth,0.5185869743022418,0.11485625225178217,0.13956310116928994,0.0002818034666892645,0.6079135752563143,0.107570715,3.2051756,4.502793,0.0036993729710695224,1.805749019304365,-0.0035633458634326885,0.000993944986725569,6.880380430326151e-05,0.00027327500864785626
412,13.733334,terminal_settle_candidate,unknown_no_ground_truth,0.518596856679521,0.11485489720887913,0.13956389563700955,0.00039545336296469854,2.9003019712593865,0.107570715,3.2527924,4.735401,0.0036993908803427964,1.8036923047116362,-0.0035623988177187096,0.0009974003955682945,6.0062801631680336e-05,0.00039086547831734006
413,13.766666,terminal_settle_candidate,unknown_no_ground_truth,0.5186130289803684,0.11485450835951855,0.13956672630646774,0.0004942423221167222,2.9003019712593865,0.107570715,3.25599,4.751022,0.0036984631025722106,1.7981552074765634,-0.003559341725630125,0.0010048461580144635,8.121144497288836e-05,0.0004875245369996729
414,13.8,terminal_settle_candidate,unknown_no_ground_truth,0.5186294289971628,0.11485501571078227,0.13956886487482945,0.000433889205271786,2.9003019712593865,0.107570715,3.2101932,4.527303,0.0036985244641279174,1.7924731022197058,-0.0035569847617962463,0.00101338177213822,2.3778739799895797e-05,0.00043323713366343714
415,13.833333,terminal_settle_candidate,unknown_no_ground_truth,0.5186418997090432,0.11485582960977092,0.13956793213527546,0.0002821184250674183,2.9003019712593865,0.107570715,3.211845,4.5353723,0.003701184103648977,1.7869682682109729,-0.00355775637309755,0.0010203594262747095,-7.732693126746032e-05,0.0002713141195427875
416,13.866667,terminal_settle_candidate,unknown_no_ground_truth,0.5186474435409383,0.11485519079981879,0.13956346358516353,0.00018050502839970904,1.367154642221565,0.107570715,3.196046,4.4581947,0.0037060212657655882,1.7829196196033128,-0.0035621400041868445,0.0010226202681731457,-0.00016876589215943948,6.403232715752424e-05
417,13.9,terminal_settle_candidate,unknown_no_ground_truth,0.5186453233322105,0.11485364395955422,0.13955660471425407,0.00021182878611964437,0.5557597133096452,0.107570715,3.2104344,4.528482,0.0037119511389024497,1.782571450491471,-0.0035690073355711316,0.0010201803253536339,-0.00019898381639156634,7.264210516752286e-05
418,13.933333,terminal_settle_candidate,unknown_no_ground_truth,0.518643531438268,0.11485226895191743,0.1395502126643529,0.00017153254775549188,0.5557597133096452,0.107570715,3.3034835,4.983028,0.0037175217446246845,1.7824657286920247,-0.0035754055810885785,0.0010180583738067293,-0.00016489031424395567,4.72715475526204e-05
419,13.966666,terminal_settle_candidate,unknown_no_ground_truth,0.518643331754221,0.11485122423121831,0.1395456069976462,0.00011447119980259954,0.5557597133096452,0.10755594,3.2693012,4.8160467,0.0037216625858656305,1.7816636490203523,-0.003580000049097109,0.0010170408307913438,-0.00010819111612565801,3.7394357538685515e-05
420,14.0,terminal_settle_candidate,unknown_no_ground_truth,0.5186454062187217,0.1148508375719908,0.13954295496984304,0.00013380746466395364,0.5557597133096452,0.10755594,3.2778714,4.8579125,0.0037243779324353196,1.7799850349120188,-0.0035826182739571197,0.0010177609182512827,-2.6482283584932407e-05,0.0001311606886834711
421,14.033334,terminal_settle_candidate,unknown_no_ground_truth,0.5186520507848329,0.11485121279108824,0.13954372131803844,0.0002145694762446361,0.8586309052434407,0.10755594,3.22041,4.5772133,0.00372458380760679,1.7737939824914046,-0.0035817655583537836,0.001021508700343419,3.112279482199999e-05,0.00021230033391015935
422,14.066667,terminal_settle_candidate,unknown_no_ground_truth,0.5186595502033375,0.11485183021973887,0.13954484846412454,0.00018739396089993324,0.8586309052434407,0.10755594,3.2376285,4.6613255,0.0037246267496178036,1.7737692999958765,-0.0035805434183043845,0.0010259401803251684,2.0329940188647972e-05,0.00018628792261897096
423,14.1,terminal_settle_candidate,unknown_no_ground_truth,0.5186644656367402,0.11485193064391205,0.13954491539889785,9.474955429698401e-05,0.8586309052434407,0.10754856,3.224609,4.5977244,0.003725233136841795,1.7736470177883954,-0.003580410276669652,0.0010286030208698132,-9.934806047289404e-06,9.422726605542506e-05
424,14.133333,terminal_settle_candidate,unknown_no_ground_truth,0.5186658013405001,0.11485132467484425,0.13954409387707223,3.6632683111586385e-05,0.8586309052434407,0.10754856,3.2455225,4.6998878,0.0037260488265657868,1.7721086885759885,-0.0035812056962968167,0.0010287884227398302,-3.3306212752009704e-05,1.5252857570690556e-05
425,14.166667,terminal_settle_candidate,unknown_no_ground_truth,0.5186642273950216,0.11485096318196089,0.13954268566800038,5.027182295448485e-05,0.8057772631892344,0.10754856,3.2623475,4.782078,0.003727103656368486,1.772087661491979,-0.003582630721961411,0.001027647203749222,-3.883761954447523e-05,3.192014240703925e-05
426,14.2,terminal_settle_candidate,unknown_no_ground_truth,0.5186641728988903,0.11484994623055994,0.1395415092811682,5.039844973727097e-05,0.6230682098070464,0.10754856,3.2344062,4.6455846,0.0037279754368505563,1.7719671882841075,-0.0035837948607153683,0.0010267498498033546,-4.033201981988251e-05,3.022138172170214e-05
427,14.233334,terminal_settle_candidate,unknown_no_ground_truth,0.5186627024395188,0.11484963861419736,0.13954000065182315,8.580948445931554e-05,0.46036011747217814,0.10753378,3.2480993,4.712476,0.003729154809076,1.771989283011305,-0.0035853195462462258,0.001025709189468152,-5.5682057530155586e-05,6.528993867650633e-05
428,14.266666,terminal_settle_candidate,unknown_no_ground_truth,0.5186597843103485,0.11484963688393798,0.13953785290542642,9.615507205185116e-05,0.34355764408510087,0.10753378,3.2717297,4.8279104,0.003730834727190652,1.7719671882841075,-0.0035875069601708056,0.0010241687225929967,-5.603862460645345e-05,7.813750977292327e-05
429,14.3,terminal_settle_candidate,unknown_no_ground_truth,0.5186574425040205,0.11484971017332987,0.13953633722638925,6.860129625321006e-05,0.3012638467914397,0.10753378,3.29761,4.954336,0.003732003530258589,1.7721826624412418,-0.003589055447922693,0.0010230011444759028,-3.6729238933340513e-05,5.7940494086590907e-05
430,14.333333,terminal_settle_candidate,unknown_no_ground_truth,0.5186558901381759,0.11484955098519767,0.13953545625375297,4.786749701497468e-05,0.19538997396771554,0.10753378,3.2907166,4.920662,0.003732609307828874,1.7723018297143804,-0.003589955577102328,0.001022052444506951,-2.4632224021090063e-05,4.104327972096582e-05
431,14.366667,terminal_settle_candidate,unknown_no_ground_truth,0.5186547657578879,0.11485039440355199,0.1395347401468901,3.957731467964162e-05,0.07265612368861077,0.1075264,3.2594316,4.7678337,0.003733359203708563,1.7724244996703784,-0.0035906976053131563,0.0010221847441210432,-1.8094475998115523e-05,3.519877520035317e-05
432,14.4,terminal_settle_candidate,unknown_no_ground_truth,0.5186539134093309,0.1148508554255594,0.13953429330836617,3.681144325045238e-05,0.061407204246747414,0.1075264,3.2076755,4.5150046,0.0037337918920768384,1.7724910672199168,-0.003591161867087023,0.001022134207293145,-1.651657104053333e-05,3.289810382445e-05
433,14.433333,terminal_settle_candidate,unknown_no_ground_truth,0.5186529338139654,0.11485163620289662,0.13953367960975693,3.499330837349026e-05,0.05315528703879242,0.1075264,3.220062,4.575513,0.003734447481581327,1.772497783666447,-0.003591798729148908,0.0010222914858167421,-2.4486380248115556e-05,2.4998976244376087e-05
434,14.466666,terminal_settle_candidate,unknown_no_ground_truth,0.5186522254037054,0.11485092730434357,0.13953268470918093,3.064271379602184e-05,0.04305173425419527,0.1075264,3.2171822,4.5614448,0.0037351377461890983,1.7725107781043266,-0.003592794265406778,0.0010213145203446128,-2.3678322062800114e-05,1.945026922886211e-05
435,14.5,terminal_settle_candidate,unknown_no_ground_truth,0.5186517270158941,0.11485112987639538,0.13953211097956386,2.99680914329076e-05,0.03630549293841057,0.107519016,3.2185698,4.568223,0.0037356748194974343,1.7725133746722894,-0.003593377285856961,0.0010212277113917582,-2.0639220507083384e-05,2.172807126716724e-05
436,14.533334,terminal_settle_candidate,unknown_no_ground_truth,0.5186508749927661,0.11485151445746564,0.1395313344335889,3.975687409510253e-05,0.02547821465553145,0.107519016,3.2085383,4.5192194,0.003736406336357408,1.7726706107731791,-0.003594170231899196,0.0010211134386058534,-2.752863142795488e-05,2.8684202786858996e-05
437,14.566667,terminal_settle_candidate,unknown_no_ground_truth,0.5186498256268978,0.11485152116452271,0.13953030647404174,3.816848896363888e-05,0.02547821465553145,0.107519016,3.1978238,4.466879,0.003737261472149213,1.7727216846704255,-0.003595212503857377,0.0010205735462564544,-2.633175552316991e-05,2.7631000720846743e-05
438,14.6,terminal_settle_candidate,unknown_no_ground_truth,0.5186491572899817,0.11485081203512072,0.13952959342300317,0.00030903028897752953,0.022816515378560588,0.107519016,3.1334276,4.1523027,0.003737686948715891,1.7727216846704255,-0.003595925686389181,0.0010196186466358895,-0.0002888559858842947,0.000109826858847677
439,14.633333,terminal_settle_candidate,unknown_no_ground_truth,0.5186425807324436,0.11484955592781343,0.13951112136692567,0.00016564219502864267,0.022816515378560588,0.107519016,3.103489,4.0060515,0.0037543041024448963,1.7727216846704255,-0.0036144690258824805,0.001015092584235907,-0.00015732286835035348,5.1834851865557083e-05
440,14.666667,terminal_settle_candidate,unknown_no_ground_truth,0.5186455628305042,0.11485112238441657,0.13951915742888626,0.0008834084392247244,0.028307916328534393,0.107519016,3.0425904,3.7085614,0.0037473366922292045,1.7726706107731791,-0.003606413121809705,0.0010179964045938926,0.0008283294227971795,0.00030705184875189263
441,14.7,terminal_settle_candidate,unknown_no_ground_truth,0.5186623638030193,0.11485641338882129,0.1395661663828427,0.0018788894114389538,0.028307916328534393,0.107519016,2.9503653,3.2580407,0.0037056741771930315,1.7724049362313765,-0.0035592482207326467,0.0010313938194146505,0.0017702400996807773,0.0006296629335601787
442,14.733334,terminal_settle_candidate,unknown_no_ground_truth,0.5186879956542108,0.11485944917100979,0.1396367165689039,0.0024129043491592935,0.03529218831044155,0.107519016,3.0076084,3.537674,0.0036423589288039097,1.7714996603787003,-0.003488396565245199,0.0010477919496842203,0.0022763252365269435,0.0008002817102385803
443,14.766666,terminal_settle_candidate,unknown_no_ground_truth,0.518716888469332,0.11486430202164738,0.1397172978704913,0.0025116450626438496,0.07497720971802962,0.107519016,3.292098,4.92741,0.003570904348391262,1.7527205239457477,-0.003407493622035874,0.0010678694120277374,0.002360882512439077,0.0008570849917963671
444,14.8,terminal_settle_candidate,unknown_no_ground_truth,0.5187470555689709,0.1148523086640958,0.1397932349530181,0.0022272940055945135,0.09977900182718395,0.107519016,3.0154672,3.576064,0.003500243427320008,1.7438791393315614,-0.003331004689366607,0.0010752263993757734,0.002015096629774443,0.0009488014334037097
445,14.833333,terminal_settle_candidate,unknown_no_ground_truth,0.5187721341273164,0.11482873095546087,0.13985045525907977,0.001597695250592018,0.09977900182718395,0.107519016,2.7639596,2.3474462,0.0034439421548021075,1.7437540627496297,-0.0032731534263674513,0.0010710761938732445,0.0012671967835627413,0.0009730582847355722
446,14.866667,terminal_settle_candidate,unknown_no_ground_truth,0.5187872226492471,0.11479942714487477,0.13987651155240807,0.0009462096583275471,0.09977900182718395,0.16795598,2.7092266,2.0800745,0.003414323100716237,1.7435834566377937,-0.003246525892924071,0.00105720001071609,0.00016664325402897508,0.0009314197460860319
447,14.9,terminal_settle_candidate,unknown_no_ground_truth,0.5187877527542311,0.11476846129584402,0.13986059522172536,0.0008994868194207161,0.07497720971802962,0.16795598,2.6886926,1.9797654,0.003421846757966266,1.7431943888160966,-0.0032620426656888844,0.0010334954679289113,-0.00036591286128195117,0.0008216959999051057
448,14.933333,terminal_settle_candidate,unknown_no_ground_truth,0.5187895268113315,0.11474502292762376,0.13985139721945639,0.0004917870924459808,0.02013480279293162,0.16795598,2.6024456,1.5584477,0.0034252925819502193,1.743077174304086,-0.0032709198856992693,0.0010167164665236229,-6.96459404782687e-05,0.00048683055293538135
449,14.966666,terminal_settle_candidate,unknown_no_ground_truth,0.5187943261691687,0.11473675363905365,0.1398554618180457,0.0006464922016674459,0.017316475708463695,0.16795598,2.6100483,1.595587,0.0034203265938568877,1.742718357702301,-0.0032666860838232586,0.0010136054648629913,0.0005013268104398024,0.0004081955364173842
450,15.0,terminal_settle_candidate,unknown_no_ground_truth,0.5188167872565468,0.11473990568270323,0.1398843867768882,0.000680267815777206,0.017316475708463695,0.16795598,2.582922,1.4630746,0.003397656475194783,1.7427005833049853,-0.0032374974314924275,0.0010308636692176955,0.00045326723836814237,0.0005072603984192027
451,15.033334,terminal_settle_candidate,unknown_no_ground_truth,0.5188282861451045,0.11474064008807741,0.13988526787379213,0.0011465704193893485,0.017316475708463695,0.16795598,2.6226716,1.6572521,0.0033991912555966963,1.7426989784324032,-0.0032364678625540506,0.0010391231720926358,-0.0009359596656722945,0.0006622712668184188
452,15.066667,terminal_settle_candidate,unknown_no_ground_truth,0.518786293945178,0.1147079666848371,0.1398219974346348,0.0035684000218209337,0.02013480279293162,0.16795598,2.632073,1.7031777,0.0034442558240988857,1.7426989784324032,-0.003299892823724642,0.0009867145148267074,-0.0026333233267390086,0.0024081293512981904
453,15.1,terminal_settle_candidate,unknown_no_ground_truth,0.518688880966044,0.11465914735612273,0.13971057018499772,0.0061282000671293866,0.20682870182158658,0.16795598,2.318695,0.17232229,0.0035252076959712266,1.745794901888491,-0.003412023992317907,0.0008861047204375653,-0.004422734968184833,0.004241963161551467
454,15.133333,terminal_settle_candidate,unknown_no_ground_truth,0.5185250512903791,0.11459411797228247,0.13952925437104197,0.009940324442658122,0.9708477868212748,0.16795598,1.008193,-6.2294993,0.003669342973776179,1.7805272317775138,-0.0035947395057512204,0.0007361560602155522,-0.007347225830339105,0.006695395628587182
455,15.166667,terminal_settle_candidate,unknown_no_ground_truth,0.5182754487518528,0.11448141411001723,0.13922410778972505,0.014432332137003527,1.3212805442229545,0.28216723,1.0287186,-6.1292315,0.003936890719881489,1.8172548987932318,-0.0039018421545026164,0.0005241529754140186,-0.011054913894395106,0.0092779895290033
456,15.2,post_settle_motion_unresolved,unknown_no_ground_truth,0.5179572881377374,0.11433582103052689,0.13879668276500295,0.017331940930726694,1.3541995022264577,0.28216723,0.89110655,-6.801468,0.004348583324966731,1.843614626924207,-0.004331729534450643,0.00038248682924607667,-0.013721206602580163,0.01058889351138776
457,15.233334,post_settle_motion_unresolved,unknown_no_ground_truth,0.5176300981435749,0.11418005884532924,0.1383142711873745,0.017398602733822034,1.3541995022264577,0.4955285,1.0431001,-6.0589776,0.004843722366747791,1.8948418877473092,-0.004816589976895799,0.0005119642180853473,-0.014194013074067372,0.010061877058609095
458,15.266666,post_settle_motion_unresolved,unknown_no_ground_truth,0.5173599677570925,0.11401832096439142,0.13785445860732143,0.01582848788452225,1.3541995022264577,0.4955285,1.1688726,-5.444577,0.005329688327559752,1.9583841413023357,-0.005277996826220405,0.0007404911689777334,-0.013246014080458255,0.008665110483471591
459,15.3,post_settle_motion_unresolved,unknown_no_ground_truth,0.517156154075034,0.11384414710178409,0.13743333392797474,0.01336367468661269,0.9708477868212748,0.4955285,1.2163002,-5.2128925,0.005778568310504821,2.000914961234656,-0.005699655617936531,0.0009517234661891462,-0.01122455210555718,0.007252394856821063
460,15.333333,released,unknown_no_ground_truth,0.5170190772166117,0.11367494721970646,0.13710638406457182,0.009227240036422666,0.8286933664753855,0.7270238,1.1803446,-5.3885365,0.006129749470330807,2.0212172952801213,-0.006026302289612344,0.0011213872137820287,-0.007518572784561279,0.005349114129742965
461,15.366667,released,unknown_no_ground_truth,0.5169674307506693,0.11354369688116832,0.13693082495363432,0.004836261256216542,0.6667258102563265,0.7270238,1.1964574,-5.309825,0.00631847112444784,2.0334030828698695,-0.006200888990046396,0.0012132819472828748,-0.003472316852928931,0.0033663687574665567
462,15.4,released,unknown_no_ground_truth,0.516982142882327,0.11345599866133724,0.1368726055029243,0.0027739412194365317,0.4524298331920609,0.7270238,1.1177456,-5.694333,0.006378701105425276,2.0356882773759906,-0.006257793211025171,0.0012360630729865343,-0.0009367007082360138,0.0026110039586487
463,15.433333,released,unknown_no_ground_truth,0.5170524234136655,0.1133930903044851,0.13686530708261951,0.0019137677014286012,0.4524298331920609,0.7270238,1.2635669,-4.981994,0.006378131178487643,2.0361046443500626,-0.0062633341897945565,0.0012046585229627262,-0.0001843441025892675,0.0019048685169512013
464,15.466666,released,unknown_no_ground_truth,0.5170603640965559,0.11335626955356806,0.1368579850623137,0.0018151358212904697,0.4524298331920609,0.7712251,1.2987331,-4.810207,0.006387138882258116,2.036576483988558,-0.0062700827566631815,0.001217212112102282,-0.0009542963240525765,0.0015440325694853613
465,15.5,released,unknown_no_ground_truth,0.516969308898586,0.11333198414352716,0.13680204735534535,0.005631957523356731,0.4524298331920609,0.7712251,1.4119941,-4.256925,0.006460554032092488,2.0373100062290748,-0.006326955333047956,0.0013070557047052496,-0.0012697805065036238,0.0054869484242334446
466,15.533334,released,unknown_no_ground_truth,0.5166968025957853,0.11330775121470182,0.13677769882656185,0.011822197877668878,1.0007854408433698,0.7712251,1.4888979,-3.8812487,0.006542690622785534,2.066264287184812,-0.006354735926053961,0.0015569623937670655,0.0008223603734592714,0.011793561212582163
467,15.566667,released,unknown_no_ground_truth,0.5161855945020373,0.11327965851977491,0.13686698048710944,0.019000954483329734,5.747333699672514,0.7712251,1.7046485,-2.8273041,0.006594552834702078,2.243692185280625,-0.006272134503564552,0.0020367758489515378,0.006695910640118559,0.01778204296410048
468,15.6,released,unknown_no_ground_truth,0.5155179875128288,0.11327046237461964,0.13723989495119615,0.028504975769717205,5.934499435924024,0.7791214,1.7354758,-2.6767125,0.006486408945630415,2.452886501964006,-0.005908334278869681,0.002676768024892661,0.021232109412371122,0.019019231675682025
469,15.633333,released,unknown_no_ground_truth,0.5149383733249093,0.11331625120181105,0.13830026474105567,0.05042138295473332,5.934499435924024,0.7791214,1.8564123,-2.0859358,0.0058378128490549994,2.8551263836151466,-0.004856681557269874,0.003239244219237924,0.04740708402950305,0.01717219388684826
470,15.666667,released,unknown_no_ground_truth,0.5144370739619886,0.11344566187900554,0.14041798862026744,0.07857703054407074,5.934499435924024,0.7791214,2.1434333,-0.68383384,0.004636546899741437,3.2432939051111753,-0.0027478347928382154,0.003734564379518673,0.07686360049395932,0.01631982378056952
471,15.7,released,unknown_no_ground_truth,0.5139940275088901,0.11364391299783824,0.1434424516158082,0.10438472341326813,5.934499435924024,0.7791214,2.1577978,-0.61366314,0.004200783823589504,3.409610317060708,0.00026752766851193574,0.004192256394724901,0.10288411944735687,0.017635998627990607
472,15.733334,released,unknown_no_ground_truth,0.513495567825148,0.11391552210289463,0.14729697554632687,0.122310332440853,5.294284535124052,0.7791214,2.106149,-0.8659685,0.006269961076606491,3.437638342341257,0.004111123642774671,0.004734033617960434,0.12074136436936288,0.01952793773076728
473,15.766666,released,unknown_no_ground_truth,0.5129920504576239,0.1142184220014868,0.1515142397265683,0.1285263371549767,5.23288209650348,0.7791214,2.2415805,-0.20438355,0.009867329518984716,3.577121633285733,0.00831693393627464,0.005309689419906812,0.12684480319305108,0.020722336870895686
474,15.8,released,unknown_no_ground_truth,0.5124373671452785,0.11453641089829475,0.15577709687347452,0.12296392259260013,5.23288209650348,0.7791214,2.3098497,0.12911274,0.013907962347524994,3.7487556866961276,0.012567437053288468,0.005957427512929133,0.12131365562736,0.020077928620384572
475,15.833333,released,unknown_no_ground_truth,0.5120001769284231,0.11487474829677746,0.15962509999467395,0.10745130509409606,5.23288209650348,0.7791214,2.4193323,0.6639365,0.017645629990090048,3.817865629648766,0.01640451511027069,0.006500780087348436,0.10612856568662873,0.016808049015975775
476,15.866667,released,unknown_no_ground_truth,0.5117263118550239,0.11522329145295088,0.1628719427555258,0.09522722522660197,5.294284535124052,0.7791214,2.1608584,-0.59871215,0.020816249978742873,3.971478587892965,0.01964265086509729,0.006890756864772208,0.09434639798185941,0.012922136518647886
477,15.9,released,unknown_no_ground_truth,0.5119569152214447,0.1156472065893068,0.16592626234490665,0.0996263389486008,11.911657248077455,0.7791214,2.1280656,-0.7589055,0.023699161943052733,4.466729633267155,0.022694274331151506,0.0068278978745640855,0.0974122108133165,0.020887043753568355
478,15.933333,released,unknown_no_ground_truth,0.5127141298679614,0.11620527738474595,0.1693660121321383,0.11889007033104616,11.911657248077455,0.77987474,2.415012,0.6428313,0.026902713994221117,4.879466835955875,0.026136803225273744,0.006373659656600825,0.1135641810420671,0.03518558806621982
479,15.966666,released,unknown_no_ground_truth,0.5139860457887877,0.11689204627146235,0.1734862934961709,0.15148088545494096,11.911657248077455,0.77987474,1.8090483,-2.3173096,0.030794994949599294,5.5341770026338875,0.03026519290945714,0.005687689522045937,0.14393649011952117,0.047209590871833705
480,16.0,released,unknown_no_ground_truth,0.515574668584146,0.1176526572168621,0.17894240316984764,0.1843226827681276,11.911657248077455,0.77987474,2.5982487,1.537946,0.03610755543339444,5.5341770026338875,0.03573259837276828,0.005190084094317777,0.1768340188037364,0.05200558793590953
481,16.033333,released,unknown_no_ground_truth,0.5172223461570717,0.1183461165877237,0.18525109321586664,0.20684619629325154,11.713124811137181,0.77987474,1.848907,-2.1225994,0.04237122368400005,5.5341770026338875,0.0420540918372808,0.005174355633421292,0.20066476873376407,0.050189635483945456
482,16.066668,released,unknown_no_ground_truth,0.5188370870421727,0.11879440054197499,0.19229215216570347,0.21959510686951392,11.713124811137181,0.77906966,1.7086979,-2.8075228,0.04941531456278695,5.541592220404919,0.04911045913794776,0.005480521562693449,0.21482870965422238,0.04550424671758722
483,16.1,released,unknown_no_ground_truth,0.5203569013403022,0.11892155410936125,0.19953988168753606,0.21577940565509776,10.787272089807193,0.77906966,2.3139234,0.14901243,0.056681053706178736,5.49553003252709,0.05637619749283647,0.005870792577788543,0.21226005555472982,0.03881263609664061
484,16.133333,released,unknown_no_ground_truth,0.5216162268741482,0.11872711455271509,0.206406052694932,0.19573228101263695,10.787272089807193,0.77906966,1.6931617,-2.8834171,0.06355967850505807,5.324918098165052,0.06326091268981557,0.006155457523033559,0.19257481133436327,0.03501525196174199
485,16.166666,released,unknown_no_ground_truth,0.5228368782583158,0.1183851781907379,0.2123394312072331,0.1673264691880306,10.787272089807193,0.77906966,1.9758049,-1.502701,0.06951804979742314,5.276962715534126,0.06921432153800795,0.006491297379588401,0.16291664632219657,0.03816167766308577
486,16.2,released,unknown_no_ground_truth,0.5242437886126968,0.11801764105975004,0.21722411323776974,0.14351731356984032,11.713124811137181,0.77906966,2.0057282,-1.3565252,0.07446343935608868,5.180922057448855,0.07412209481088841,0.007121717600660986,0.13485617366960836,0.04910225776373527
487,16.233334,released,unknown_no_ground_truth,0.5261356989635513,0.11747837051385551,0.2212748781340103,0.13050033690679355,11.752742931438695,0.77906966,2.151075,-0.6465047,0.07863838826246587,5.123853763846799,0.07820491410711379,0.008245454385131523,0.11376927103361495,0.06392879555620057
488,16.266666,released,unknown_no_ground_truth,0.5284151264039529,0.11665100951831342,0.22473546002878783,0.1223378354742109,11.752742931438695,0.77906966,1.7559133,-2.576875,0.08229946264450615,5.124464989768217,0.08170659666727245,0.009860710553815343,0.0940034047496419,0.07829371548208769
489,16.3,released,unknown_no_ground_truth,0.5309751135616181,0.11524546686373052,0.22744822013242472,0.12370433170627536,13.971382351906426,0.77906966,1.5602878,-3.5325081,0.085303507347493,4.909469466964351,0.08447171173491455,0.01188352987783061,0.0783594233966061,0.09572127479221963
490,16.333334,released,unknown_no_ground_truth,0.5338385319453641,0.11311118053158593,0.22984136196377478,0.1368479310380635,13.971382351906426,0.77906966,1.9545873,-1.6063492,0.08812771973023811,4.593094454322352,0.08693059651182201,0.014476407529155737,0.07421396441354057,0.11497670944771517
491,16.366667,released,unknown_no_ground_truth,0.5369531888154553,0.11030418165905609,0.23225250253829832,0.1503936907587505,14.101426382361565,0.7788997,1.7268395,-2.7189004,0.09116070952681794,4.334525192176707,0.08941938813316358,0.017732681334855182,0.07751108822933274,0.12888092729936138
492,16.4,released,unknown_no_ground_truth,0.5399917658361117,0.10697976350918792,0.23484795435183653,0.1592770476954662,14.279385874898566,0.7788997,1.9786861,-1.4886265,0.09454217267915803,4.0677210063808396,0.09209792321809952,0.021358720790552455,0.08361914442142111,0.13556185528685175
493,16.433332,released,unknown_no_ground_truth,0.5424083573381171,0.10297347519880298,0.2376608595798042,0.17560749788171423,14.279385874898566,0.7788997,2.0061767,-1.3543345,0.09821010635482581,3.7863358395150084,0.09499391234635053,0.024927527100778932,0.0919999626592971,0.14957941095941046
494,16.466667,released,unknown_no_ground_truth,0.5441240560295557,0.09779067244208804,0.2408100853585678,0.18957529571241818,14.279385874898566,0.77706045,2.346549,0.30838934,0.10235798367769917,3.7792256418921863,0.09823134092033896,0.028770826952944376,0.09746174644541063,0.16260381522049625
495,16.5,released,unknown_no_ground_truth,0.5452041351960528,0.09239602566724096,0.24398807067703354,0.19094467982495997,14.279385874898566,0.77706045,2.2462106,-0.18176551,0.10662385798423103,3.7577302627208775,0.10149146271884017,0.03268225950927728,0.09404088871811213,0.16618117222647133
496,16.533333,released,unknown_no_ground_truth,0.5457600581377531,0.08674334854565628,0.2469190162116211,0.19376225681265632,14.279385874898566,0.77706045,2.364539,0.39627013,0.11078943130190423,3.724682531003628,0.10450063744108211,0.03679558210718872,0.08113626557214204,0.17595658150276905
497,16.566668,released,unknown_no_ground_truth,0.5460583172148612,0.08062438070469558,0.249238284702542,0.18764864206257892,14.279385874898566,0.77706045,2.1055393,-0.8689466,0.11466415575764585,3.6764816388689607,0.10690056931137341,0.041474533107895464,0.05927787904221293,0.17803973130789275
498,16.6,released,unknown_no_ground_truth,0.5463223599917324,0.07483605361489819,0.2507141475763642,0.17228582401762277,10.747105987271116,0.77706045,2.1260781,-0.76861423,0.11788624949605996,3.6913983175965113,0.1084526128974091,0.04620820896736886,0.034746356951527835,0.1687456542730162
499,16.633333,released,unknown_no_ground_truth,0.5468790026948568,0.06937442909506945,0.2514022676525719,0.16013033231721754,7.886438703450815,0.77706045,2.1906023,-0.4534127,0.1205580722903801,3.7058923845570217,0.10921695761558939,0.051048065228439944,0.014592854423088959,0.1594640145230549
500,16.666666,released,unknown_no_ground_truth,0.547618183987836,0.06427175640801851,0.2515364535989799,0.1531628849022636,7.314531708100481,0.77706045,1.9653693,-1.553679,0.12282945433300214,3.6945615255726985,0.10942545495270503,0.0557955612942157,0.005540587045868413,0.15306263818048868
501,16.7,released,unknown_no_ground_truth,0.5483053970559563,0.059266011368504665,0.2516249287140113,0.15734772879253092,7.314531708100481,0.77706045,1.9688361,-1.536744,0.12517763876482718,3.68378919024775,0.10958631667779176,0.06050025160057024,0.010574555452298136,0.1569919951244462
502,16.733334,released,unknown_no_ground_truth,0.5490496917534877,0.05389474682141751,0.25209133788187216,0.1544924347776052,7.886438703450815,0.77706045,2.100404,-0.8940326,0.12818886404903054,3.6561651602187486,0.11013042846970993,0.0656023901337363,0.020755702738722386,0.15309184565918063
503,16.766666,released,unknown_no_ground_truth,0.5497690616835256,0.049146472457359494,0.2528614472376436,0.14951560895234414,10.653610458236718,0.77706045,2.0577905,-1.1022003,0.13129528225591336,3.5798740998544796,0.11097000899226465,0.0701719904728137,0.033350227628980426,0.1457486865720768
504,16.8,released,unknown_no_ground_truth,0.5505661685837446,0.04426568488203,0.2541730697661342,0.16123247767064003,9.665524923554635,0.80145097,2.3531852,0.340807,0.1350380905399322,3.4319034508012627,0.112353742911868,0.07491276493605613,0.04786807022486641,0.1539628517167719
505,16.833334,released,unknown_no_ground_truth,0.5514002502355823,0.038966567189679654,0.25590278295705365,0.1692994425826505,9.665524923554635,0.80145097,2.325823,0.20714268,0.1394403416395506,3.2670511910906277,0.11416126481535949,0.08006756204801017,0.057630442376992684,0.1591886722421803
506,16.866667,released,unknown_no_ground_truth,0.5521465981675456,0.033716274157184964,0.257861394488288,0.17201410789757898,9.665524923554635,0.80145097,2.2062972,-0.37674314,0.14406296969392815,3.14180910427271,0.11619582675217545,0.08516260377895973,0.05975862589087676,0.16130021682389079
507,16.9,released,unknown_no_ground_truth,0.5527565394745745,0.028243420838429477,0.25973378761542204,0.17321548427911226,10.196557389149492,0.80145097,2.2343688,-0.23961274,0.1487854498153688,2.9907475262274543,0.11814511216611201,0.09043695344281803,0.05430753829386632,0.16448189954675144
508,16.933332,released,unknown_no_ground_truth,0.5532269891764632,0.022755038941097143,0.2613297287467663,0.17090497917053213,10.196557389149492,0.86270785,2.1591172,-0.6072178,0.153347119008289,2.8711037107509596,0.11981627383127975,0.09570475136235472,0.047106103645092844,0.16428489554629724
509,16.966667,released,unknown_no_ground_truth,0.5536912627868832,0.017288823410808368,0.2627240963587479,0.16946844534656275,9.665524923554635,0.86270785,2.2568066,-0.1300037,0.15781751226002325,2.7937845424226677,0.121285533302865,0.1009761684130578,0.04225215799890531,0.1641167545152428
510,17.0,released,unknown_no_ground_truth,0.5542575754592565,0.011824438165258338,0.2639954174047837,0.16750037330971737,9.555076479323883,0.86270785,2.0512018,-1.1343861,0.16229199791798501,2.7417913292736156,0.12263314536453135,0.10630053737499628,0.03746612263761124,0.16325643850518778
511,17.033333,released,unknown_no_ground_truth,0.5548850477553049,0.0064368174825511805,0.2650693093312981,0.1692515204542857,9.555076479323883,0.86270785,2.3434322,0.29316348,0.1666565242599225,2.66647816386577,0.12378323654131253,0.11158901124105192,0.03202545949407423,0.1661940044655068
512,17.066668,released,unknown_no_ground_truth,0.5555148458057072,0.0007871744018343764,0.2659746950350308,0.17691469126018178,9.555076479323883,0.86270785,2.318805,0.1728592,0.1711409211025634,2.5642820508690516,0.12476817863099199,0.1171414379156185,0.026995492498261168,0.17484293342443602
513,17.1,released,unknown_no_ground_truth,0.5560416033457711,-0.0051859520861930585,0.26670726195070904,0.18012472319441752,9.413697319664658,0.87078136,2.2769175,-0.03176194,0.17577457875986227,2.502322381707468,0.1255829864124876,0.12298624338489238,0.020469302065853665,0.1789578821365585
514,17.133333,released,unknown_no_ground_truth,0.5563554951143281,-0.01113089874358537,0.26717804395820394,0.17269784061493612,6.888453391119449,0.87078136,2.2491703,-0.1673072,0.18024650804629344,2.4632924473830595,0.12613277785982485,0.12876073163913992,0.011266077261033123,0.1723299731799733
515,17.166666,released,unknown_no_ground_truth,0.5563995742109993,-0.01667765722582138,0.2673089574204139,0.16518757371541787,6.888453391119449,0.87078136,2.2556853,-0.1354812,0.18423578695039186,2.447840869954377,0.12633404672186785,0.13409897028727363,0.006385829335468418,0.16506409571340727
516,17.2,released,unknown_no_ground_truth,0.5562805713799925,-0.02213951544116628,0.2674663569198703,0.15916329950070504,6.888453391119449,0.87078136,2.106105,-0.86618286,0.18822708568293275,2.436262704417073,0.1265584901884159,0.13932833289004337,0.010306782221991537,0.1588292358106012
517,17.233334,released,unknown_no_ground_truth,0.5561596455999227,-0.02727134571237863,0.2678662204084479,0.1506042772179703,7.910202508230053,0.87078136,2.2721431,-0.05508462,0.1922050063416762,2.337584724345794,0.12702117777125677,0.14425111736276627,0.022047646778285517,0.14898170890376844
518,17.266666,released,unknown_no_ground_truth,0.5561053184220107,-0.0320872907802337,0.26881368349937357,0.1451291006837644,7.910202508230053,0.87078136,2.3191738,0.17466097,0.1963648890439594,2.0647196684591744,0.12802831078583715,0.148888956227692,0.037626200385180684,0.14016677534227734
519,17.3,released,unknown_no_ground_truth,0.556098542599824,-0.03664599576716113,0.2702579246365695,0.14562983166476748,10.38702172935572,0.87078136,2.3087034,0.12351296,0.2006885709456773,1.5833996933065788,0.12952955269602676,0.15329056554982556,0.04931157670858543,0.13702706401737508
520,17.333334,released,unknown_no_ground_truth,0.5560658105345315,-0.041262805023197485,0.27198683865094403,0.15485825962866956,11.630076794025447,0.87078136,2.3399959,0.27637696,0.20525039001835527,1.3778823146262127,0.13131579268563126,0.15774626839970338,0.05666407149984363,0.14411892164556686
521,17.366667,released,unknown_no_ground_truth,0.5559208434288827,-0.0462980856314668,0.27391724501025594,0.15727520028048192,11.723404341517782,0.87078136,2.3360765,0.25723082,0.21025285638581293,1.2062046601050527,0.13330721323731284,0.16258982292042412,0.0564077190736577,0.1468116407243411
522,17.4,released,unknown_no_ground_truth,0.5556629534442836,-0.05108614571420683,0.2756298895644687,0.14966201558120112,11.723404341517782,0.87078136,1.9110327,-1.8191144,0.21493049316012125,1.1048482012909382,0.13507624967143841,0.16718111037061623,0.050477294022856056,0.1408927311679273
523,17.433332,released,unknown_no_ground_truth,0.5552927400008805,-0.05570825548485289,0.2771731627944962,0.1504671646366146,11.723404341517782,0.8713501,1.9250976,-1.7504071,0.2193757048276533,1.0486113376563773,0.13667231461085053,0.17159947053398028,0.05104582689665183,0.14154395497589836
524,17.466667,released,unknown_no_ground_truth,0.5548777922065791,-0.06052800803532429,0.2789255658408969,0.15283895112982093,13.337718506093385,0.8713501,2.083942,-0.9744502,0.22411256646726158,1.0397917687392892,0.13847934513161653,0.1762098561955641,0.058083663595157556,0.14137196683157646
525,17.5,released,unknown_no_ground_truth,0.554438471682811,-0.06513752238287517,0.28093923101916796,0.15571593535999642,13.337718506093385,0.8713501,2.0401096,-1.1885716,0.22885578245259797,1.0454715348506955,0.14054461329099924,0.18061611455480464,0.06811067374634142,0.14002995624814724
526,17.533333,released,unknown_no_ground_truth,0.5539650575994717,-0.06986867315801701,0.28336201079953166,0.15622087313343527,13.585597505449027,0.8713501,1.915764,-1.7960019,0.2339472714596402,1.091775195811889,0.14301998714132103,0.18513943151448572,0.07488226782406124,0.13710436597022882
527,17.566668,released,unknown_no_ground_truth,0.5535049125752783,-0.07428506060624934,0.28583003069255947,0.14826802539826173,13.337718506093385,0.87136495,2.0028374,-1.370647,0.23883027237745433,1.1156038244673565,0.14553681600214377,0.18936455368375354,0.07191017466720992,0.12966238519644374
528,17.6,released,unknown_no_ground_truth,0.5530404618164491,-0.07851581948818712,0.28806085320080344,0.13928408581707674,13.17758420899641,0.87136495,2.111189,-0.8413484,0.243432720774871,1.2436541150479352,0.14781409445800722,0.19341789737099208,0.06190483370937803,0.12477118307250698
529,17.633333,released,unknown_no_ground_truth,0.5525659016591631,-0.08259462575959917,0.2898660208890278,0.1170491117902448,13.17758420899641,0.87136495,1.9272865,-1.7397143,0.247668554102249,1.3866805069269414,0.14966374168183103,0.19733341611823582,0.04379309094746863,0.10854796062640681
530,17.666666,released,unknown_no_ground_truth,0.5521636725737047,-0.08573022342132627,0.2909021271310513,0.08392192040044413,7.3515655315109685,0.87136495,1.9423511,-1.6661234,0.250718280093789,1.4449099883741057,0.15073358912093543,0.2003473011645244,0.022739436460266278,0.08078246562941734
531,17.7,released,unknown_no_ground_truth,0.5518243652977488,-0.08794468131691191,0.29132508435371407,0.053098244410472464,7.002850591954681,0.8713797,1.9650295,-1.5553392,0.25268772151636315,1.4638268818278986,0.15117967060168605,0.20247417564197367,0.007664302184623006,0.05254219286913189
532,17.733334,released,unknown_no_ground_truth,0.5515872300669813,-0.08919045093210314,0.29137759716736295,0.026594915632650505,4.110419125376918,0.8713797,2.055749,-1.1121733,0.2536834338072563,1.4626615147490063,0.1512445893904373,0.20366727466227508,-0.0005993014591685933,0.026588162314624842
533,17.766666,released,unknown_no_ground_truth,0.55144831873852,-0.08967638569302483,0.2912685010978271,0.011022849987436885,0.8773940923617611,0.8713797,2.0065057,-1.3527272,0.25399080451571326,1.4626615147490063,0.15113971778324653,0.20412769162203317,-0.004433164129120854,0.010092089855417137
534,17.8,released,unknown_no_ground_truth,0.5513579325766849,-0.0898206868330107,0.291077225495514,0.006610971043010744,0.7671724310838356,0.8713797,1.7636557,-2.5390532,0.25398320207755143,1.4782623070574805,0.15094904964353112,0.2042592748182591,-0.006340418271350307,0.0018719065884423166
535,17.833334,released,unknown_no_ground_truth,0.5513385700485247,-0.08960197693504582,0.29084815018792576,0.007167413380490506,0.7671724310838356,0.8713797,1.8156179,-2.2852168,0.2536717777835206,1.4779440979306766,0.15071699706818548,0.2040435189821045,-0.0019860387604600438,0.006886760095196048
536,17.866667,released,unknown_no_ground_truth,0.5513755016536201,-0.08936034581471342,0.2909503477541633,0.014970791718337092,0.7671724310838356,0.87139446,1.8349286,-2.1908839,0.25354235374266265,1.4779440979306766,0.15081664444351686,0.20380889308410297,0.012936302276947902,0.007535030728090164
537,17.9,released,unknown_no_ground_truth,0.5514645485251382,-0.08912365817363685,0.29171499470409634,0.03701207450398928,0.8773940923617611,0.87139446,1.8754454,-1.9929589,0.25381120487795333,1.4779452907059234,0.15157940400586614,0.2035775331484907,0.03562557628752789,0.010035535524842876
538,17.933332,released,unknown_no_ground_truth,0.5515562054686157,-0.08873782261761966,0.29333111248200394,0.06025771058342851,4.262540083369015,0.87139446,1.9275582,-1.7383871,0.25446531755210205,1.6057452798393772,0.15319164647203182,0.20318690235367082,0.05821754756365365,0.015546988146581855
539,17.966667,released,unknown_no_ground_truth,0.5516469532840284,-0.08814412225447413,0.295606727950876,0.08049793009803309,7.4390848197169355,0.87139446,2.1146927,-0.8242323,0.25535697737333035,1.866072124679993,0.1554606450707214,0.2025812768432432,0.07691251324034913,0.023756726565773763
540,18.0,released,unknown_no_ground_truth,0.551770645772274,-0.08722520592019814,0.2984756419096145,0.09604800742065338,7.471522332956235,0.87139446,1.819337,-2.267049,0.2563749426166485,2.128377360431959,0.15831920067456814,0.2016510399166234,0.09011629669061243,0.033230600359418765
541,18.033333,released,unknown_no_ground_truth,0.5519294950864648,-0.08601354762229073,0.301638356421435,0.09917143221214411,7.471522332956235,0.87139446,1.916656,-1.7916443,0.2573820069904525,2.3398455805569944,0.1614683061318392,0.2004332398514478,0.09093484198827402,0.03957053802484281
542,18.066668,released,unknown_no_ground_truth,0.5520654550118057,-0.0846720557557792,0.3045671385530393,0.08762232707265545,7.471522332956235,0.87139446,1.9455495,-1.6504992,0.258180453403599,2.5497220888887777,0.16438157234438697,0.19908753148621597,0.07790203241304249,0.04011166348513468
543,18.1,released,unknown_no_ground_truth,0.5521941853225641,-0.08341190975610553,0.3068619478314567,0.06717345995843656,7.4390848197169355,0.87139446,1.9563801,-1.5975914,0.25867581732237366,2.7999004963640655,0.1666618996158561,0.19783070965811228,0.05754024098024512,0.03466113660460372
544,18.133333,released,unknown_no_ground_truth,0.5522936172925107,-0.08241642903114982,0.30842900667347295,0.04442198586077809,6.024305587990563,0.87139446,2.0187795,-1.2927696,0.2589279424706557,2.8070137429099207,0.16821752963378991,0.19684141362018356,0.03622777019259601,0.025707226507105378
545,18.166666,released,unknown_no_ground_truth,0.5522629130113417,-0.0817289998916301,0.3092977436707826,0.024461638518612404,5.889242262606733,0.87139446,1.997622,-1.3961242,0.2589596088834662,2.8070137429099207,0.16907704728958267,0.1961454335765022,0.01700560951122962,0.017583543561149405
546,18.2,released,unknown_no_ground_truth,0.5519933954848486,-0.08130192211438445,0.3095810171994867,0.01776262965107561,5.889242262606733,0.8714018,1.9645357,-1.5577513,0.2587838099584025,2.8071061818589005,0.16935119939376103,0.1956763438959375,0.005072800496379539,0.01702285837470317
547,18.233334,released,unknown_no_ground_truth,0.5514984226515119,-0.08089907839431537,0.3096569633997656,0.02353965879890452,5.4400958467524525,0.8714166,1.8365809,-2.1828125,0.25846465711749983,2.810427240755902,0.16941526978339924,0.19519847679499144,0.005664641656992234,0.0228479183136388
548,18.266666,released,unknown_no_ground_truth,0.550867527626627,-0.08028688470012135,0.3099869492905022,0.03544580551862985,4.108823159139641,0.8714166,1.8989843,-1.8779708,0.258135953700589,2.6298201983437073,0.16972883638460112,0.19448982670680218,0.0168518095213133,0.0311836759334416
549,18.3,released,unknown_no_ground_truth,0.5501822632500879,-0.07931722841830974,0.3108185686517524,0.04905638258813162,4.108823159139641,0.8714166,2.2412465,-0.20601527,0.2578611041685543,2.466263865084099,0.17053870653777617,0.19341380151232296,0.030000957554677583,0.038813286622438686
550,18.333334,released,unknown_no_ground_truth,0.5495486280783154,-0.07810275669175004,0.31203297785384965,0.05476212902220514,4.108823159139641,0.8714166,2.180099,-0.50472146,0.2576684891835205,2.413486531000039,0.17172892941602705,0.1920995187910246,0.03688269620099055,0.04047909949579017
551,18.366667,released,unknown_no_ground_truth,0.5490903902601502,-0.0768959327676634,0.3133233445491042,0.04934708232722362,3.523642036607254,0.8714166,2.3453403,0.3024844,0.2575656000955175,2.402057299063666,0.17299760076991363,0.19081894161853433,0.034648066306541256,0.035137530297778566
552,18.4,released,unknown_no_ground_truth,0.5488136061083562,-0.07591871569882952,0.3143807845201094,0.03550665101838204,3.4520447859127263,0.8714166,2.2404795,-0.20976204,0.25751129962468056,2.4047521328916925,0.17403876511097877,0.18979614767702102,0.024844856190928983,0.025366422439777117
553,18.433332,released,unknown_no_ground_truth,0.548700795408184,-0.07527694916212908,0.31500564841728884,0.018368191237011115,1.745807903827251,0.8714166,2.1781716,-0.51413673,0.257441875728462,2.4047860456505856,0.17465389913756355,0.1891357578424415,0.011317307488303879,0.01446751535456565
554,18.466667,released,unknown_no_ground_truth,0.5486599080401202,-0.07497786359535605,0.3151493133110076,0.006931185321157126,1.745807903827251,0.8714166,1.9889818,-1.4383316,0.2573133165327832,2.4001438631236476,0.17479321558829886,0.18883186873354496,0.00130719415390276,0.006806803464198629
555,18.5,released,unknown_no_ground_truth,0.5486030877509306,-0.0748352190399358,0.315099740633746,0.005440109963916253,1.745807903827251,0.8714166,1.807919,-2.3228261,0.25716872779149097,2.3894392120660117,0.1747410771128738,0.18868309548904127,-0.0037378648627644576,0.003952614664650695
556,18.533333,released,unknown_no_ground_truth,0.5484648263399565,-0.0747939633274109,0.31490507527228656,0.00909239620496577,1.745807903827251,0.8714166,1.7504174,-2.6037226,0.2569919580834801,2.3895287068805215,0.1745440284155853,0.18862462369489444,-0.006638176900639976,0.006213394900043434
557,18.566668,released,unknown_no_ground_truth,0.5481977353824677,-0.07471941281822725,0.3146641133475493,0.013494072743888526,2.7056348978223044,0.8714166,1.6902692,-2.897547,0.25674480302332336,2.32283420640043,0.17429850372329844,0.1885150537206629,-0.009062308751598261,0.00999822780836988
558,18.6,released,unknown_no_ground_truth,0.5478120144880421,-0.0746168887995115,0.3143120260553154,0.019262440173406902,2.975474180339491,0.8714166,1.6549256,-3.0702012,0.2563894218687511,2.2376034480541285,0.17393989243346153,0.18836254793994542,-0.013710567726634466,0.013530038213081644
559,18.633333,released,unknown_no_ground_truth,0.5473044711420123,-0.07451372043101931,0.3137647842151108,0.024946273624692573,3.409525974915191,0.8714166,1.6023483,-3.3270419,0.2558901063789216,2.1339255196144626,0.17338447987986524,0.18819555966973403,-0.018846425149912076,0.01634407619985889
560,18.666666,released,unknown_no_ground_truth,0.5467188937384706,-0.07442957504008801,0.313072765292679,0.029422275144213667,3.532814162689843,0.8714166,1.5379957,-3.6414056,0.2553009331906053,2.0344107425083235,0.1726834833412957,0.18803983904776767,-0.02319220387444146,0.018105025658864883
561,18.7,released,unknown_no_ground_truth,0.5460865013433522,-0.07433791731341222,0.31223725645053435,0.03427423265430527,3.570065322068323,0.8714166,1.4175806,-4.229635,0.25460763174837747,1.9241164094357228,0.17183828456015507,0.18787402722021093,-0.027794949076775446,0.02005402278499018
562,18.733334,released,unknown_no_ground_truth,0.545367759072805,-0.07423463472971457,0.31124045619326013,0.041174975010749855,3.726168915503973,0.8714166,1.4287064,-4.1752853,0.2537920431282959,1.8187678873179738,0.1708304906395246,0.18768948991111378,-0.033833601748345286,0.023466272815899886
563,18.766666,released,unknown_no_ground_truth,0.5445041833513603,-0.07410937847936494,0.3100059284324622,0.048210942307107395,3.8293185407961015,0.8714166,1.3682318,-4.4707046,0.252791381181725,1.7201877452891838,0.16958274567046078,0.18747046372864182,-0.04028607488109248,0.02648258161158475
564,18.8,released,unknown_no_ground_truth,0.5435798654108954,-0.0739769961969532,0.30858208415474947,0.0509100246090137,3.8293185407961015,0.8714166,1.2641478,-4.9791565,0.2516598526164843,1.5794945595125292,0.16814479346535713,0.18724318371957635,-0.04360563819575678,0.026275062763600334
565,18.833334,released,unknown_no_ground_truth,0.5427262449590928,-0.07385581977314809,0.3071259247355182,0.04831840632503532,3.726168915503973,0.8714166,1.2882524,-4.8614054,0.2505289473308525,1.4319293787328633,0.1666756432532428,0.18704005826780212,-0.042569548801899594,0.02285830056224438
566,18.866667,released,unknown_no_ground_truth,0.5420285351852969,-0.07375575154106523,0.3057676822230198,0.03816422534254626,3.570065322068323,0.8714166,1.2641364,-4.979212,0.24949896320043857,1.2853526013543535,0.16530679891866717,0.18687802136515985,-0.034369813585244824,0.01658987673589439
567,18.9,released,unknown_no_ground_truth,0.541596645330523,-0.07369668480149157,0.3048517541866487,0.026185585733744417,3.3475569785848496,0.8714166,1.1186907,-5.6897163,0.24881727832558373,1.2134792094930307,0.16438435745548255,0.186782817778561,-0.024238170971600886,0.009909387880728215
568,18.933332,released,unknown_no_ground_truth,0.5413495215055407,-0.07366550409277596,0.3041620076361649,0.017918756336998482,1.4628091089633433,0.8714166,1.1728293,-5.4252486,0.2483227565425428,1.183232832525189,0.16369094561259173,0.18673367597019694,-0.01736659136503839,0.004413992866384962
569,18.966667,released,unknown_no_ground_truth,0.5412871637103508,-0.07366220941491851,0.3036984425715688,0.010557487530526882,0.866649405039223,0.87144613,1.1428089,-5.5718985,0.24801406751178176,1.1659329310115156,0.1632265633899952,0.18672992981209663,-0.010495968673151494,0.0011380617599467586
570,19.0,released,unknown_no_ground_truth,0.5414095719449533,-0.07368680076791921,0.3034610589928604,0.008046583281435366,0.866649405039223,0.87144613,1.1900901,-5.3409295,0.24789049601392324,1.1659329310115156,0.16299121078769288,0.18677141970866623,-0.007060685806584261,0.0038593028445270644
