frame_index,time_s,stage,contact_state,tcp_x_m,tcp_y_m,tcp_z_m,speed_m_s,angular_speed_deg_s,gripper_state,aux_action_tail_norm,aux_action_tail_robust_z,reference_distance_m,reference_axis_error_deg,axial_distance_proxy_m,lateral_distance_proxy_m,axial_velocity_m_s,lateral_speed_m_s
0,0.0,approach,unknown_no_ground_truth,0.5275815398345423,-0.1008272993376701,0.31386757162539136,0.15304342244599484,16.052956713836902,0.8714757,1.8298004,-2.5852923,0.27452590073145156,2.716470568524796,0.17354748232466646,0.21271046413184372,-0.12130481549779211,0.09331361578585329
1,0.033333335,approach,unknown_no_ground_truth,0.5246578822663751,-0.09957406766795894,0.3098792881290267,0.13815787463484414,11.560108329117822,0.87146837,1.6944921,-3.4292278,0.27098933707345046,3.254514764270195,0.16950398826385543,0.21143230304320795,-0.10922463140335345,0.08460247170395724
2,0.06666667,approach,unknown_no_ground_truth,0.5222821772977501,-0.09855213561825414,0.3066860559171402,0.10839367262743124,4.820242095961004,0.87146837,1.1914163,-6.566978,0.26817889347107576,3.7559249492873605,0.1662658397681552,0.21041765474779142,-0.08506442786500026,0.06718058780379121
3,0.1,approach,unknown_no_ground_truth,0.520454424928667,-0.09776150318855571,0.3042878749897319,0.07864601420657172,4.820242095961004,0.87146837,1.4238567,-5.117216,0.26607161231992316,4.121136990974972,0.1638330368375658,0.2096493236886404,-0.06090389200468842,0.049758531823814206
4,0.13333334,approach,unknown_no_ground_truth,0.5191746251591255,-0.09720217037886353,0.30268474534680145,0.04385973394959938,4.820242095961004,0.87146837,1.761831,-3.009226,0.2646492514936536,4.192082795572543,0.16220557947208683,0.2091137879344058,-0.03331110872049643,0.02853149659483195
5,0.16666667,approach,unknown_no_ground_truth,0.5186850068517548,-0.09696351970050006,0.3021010848606821,0.009690574971359764,1.4967809675914252,0.87146837,1.8305942,-2.5803413,0.2641057473654291,4.192082795572543,0.16161229643213232,0.2088858813644054,-0.0047867207147871795,0.008425826254686932
6,0.2,approach,unknown_no_ground_truth,0.5186699263252271,-0.0969429861620366,0.30237576613313405,0.013190796902158781,1.4967809675914252,0.87146837,1.8638177,-2.373122,0.2642547694984623,4.192082795572543,0.16188646475776775,0.2088620495229267,0.013031225154716277,0.002045554663432749
7,0.23333333,approach,unknown_no_ground_truth,0.5188302329314267,-0.09700314128385926,0.302967491267745,0.01850301915152665,1.4967809675914252,0.87146837,1.8279718,-2.5966973,0.2646600885857787,4.192082795572543,0.16248104477578001,0.20891355288444832,0.017941153661191717,0.004525121327353454
8,0.26666668,approach,unknown_no_ground_truth,0.5189710608274274,-0.09705761912641969,0.30356647235846745,0.016757821142936273,1.4967809675914252,0.87146837,1.8375368,-2.5370393,0.2650660328888835,4.148442047464977,0.16308254066299147,0.2089595336957718,0.016417677662464963,0.0033592305115965246
9,0.3,approach,unknown_no_ground_truth,0.5190630627046362,-0.09706889231657398,0.30405817019892845,0.013457700081774625,1.4967809675914252,0.87146837,1.8157915,-2.6726677,0.2653732039719128,4.079175715007111,0.1635755581161079,0.2089640499543456,0.013329001489123662,0.0018567204404368273
10,0.33333334,approach,unknown_no_ground_truth,0.5191063990460804,-0.09708125436789342,0.30445307086067386,0.010069721079599926,1.4967809675914252,0.87146837,1.8280262,-2.5963583,0.2656228484962559,4.024544249936793,0.16397114076226643,0.2089712005047248,0.01000891327866954,0.0011049604522387541
11,0.36666667,approach,unknown_no_ground_truth,0.5191331719853396,-0.09703591509561023,0.3047249990150215,0.007059948474892093,1.7611123624909868,0.87146837,1.8709075,-2.3289015,0.26575219919184134,3.960518870833492,0.16424281900135254,0.20892230082446694,0.006373420568307726,0.0030368376195646692
12,0.4,approach,unknown_no_ground_truth,0.5192059026270892,-0.0969071185572659,0.30487886380854834,0.008383701051420568,2.0725260474824307,0.87146837,1.8515099,-2.449887,0.2657438673858129,3.949739146319648,0.16439603546682027,0.20879115540645027,0.0034442256213017683,0.007643543235251488
13,0.43333334,approach,unknown_no_ground_truth,0.5195278833842946,-0.09671270382109617,0.3049533005176305,0.016557227511814706,2.0725260474824307,0.87146837,1.7429541,-3.1269639,0.2656364365327819,3.9465343433530378,0.16447243404277267,0.2085941870088437,0.00012098666788679623,0.016556785470138443
14,0.46666667,approach,unknown_no_ground_truth,0.5202429017232271,-0.09652891385005727,0.30487745031756935,0.02769870282662079,5.32982576868176,0.87146837,1.4997367,-4.6439433,0.26544910345895906,3.7857807052700094,0.16440410124467936,0.20840949599549047,-0.004482081242731249,0.02733366214050008
15,0.5,approach,unknown_no_ground_truth,0.5213334780514056,-0.09649662635964293,0.3046323693394999,0.042436844772636866,10.086536579886959,0.8714757,1.4110525,-5.197078,0.2652849701181584,3.467564387003938,0.1641736286265906,0.2083821850211061,-0.013050361243543078,0.04038036485310534
16,0.53333336,approach,unknown_no_ground_truth,0.5229217400948362,-0.09658908946916991,0.30396971234106224,0.060722870163539305,17.012357464805977,0.8714757,1.3789032,-5.397598,0.2649792198641857,2.923865226964569,0.16353405412285368,0.20849604337247277,-0.028461255760303734,0.05363976026647238
17,0.56666666,approach,unknown_no_ground_truth,0.5248818838577559,-0.09656476839105285,0.3026850492915276,0.07850490811127772,19.425023580634676,0.8714757,1.1966192,-6.534527,0.2642244982606287,2.296695201149617,0.1622762177612875,0.2085210172384841,-0.049949002090142115,0.06056498813472299
18,0.6,approach,unknown_no_ground_truth,0.5269037291799552,-0.09626864476916641,0.3005885505102273,0.09791981802949244,19.90493802135001,0.8714757,1.1676273,-6.7153525,0.2627861666330747,1.7299909127089457,0.16020411446820615,0.20830557141172196,-0.07662667243122637,0.06096428327345811
19,0.6333333,approach,unknown_no_ground_truth,0.5286880337333515,-0.09527924491240392,0.2975396371647713,0.11505390421399761,20.378682972852825,0.8714757,1.3493081,-5.5821857,0.2602403346226291,1.3070278016495074,0.15716777988503772,0.20742063718566264,-0.09813800909330009,0.060052743868095525
20,0.6666667,approach,unknown_no_ground_truth,0.5300060718210221,-0.09377014760873986,0.29403371298831393,0.12918245261460654,20.378682972852825,0.8714757,1.2818862,-6.002705,0.2570113961027219,1.4111254507933155,0.15366157524522328,0.20601693624512232,-0.10866181466323124,0.06986212205207228
21,0.7,approach,unknown_no_ground_truth,0.5310138290657089,-0.09121194353270988,0.29031350211262896,0.150572716737471,26.332492889863644,0.8714757,1.5408982,-4.387213,0.2528133018109727,1.7333300302246932,0.14992366458774217,0.20356193251477092,-0.11364847643731844,0.09877331030789116
22,0.73333335,approach,unknown_no_ground_truth,0.5318112476889626,-0.0873730226287074,0.28651152667827284,0.1726762094283171,26.332492889863644,0.8714757,1.4584662,-4.9013524,0.24752892052348602,1.8837760130888097,0.14608500570396596,0.19982426680459633,-0.1106160203489903,0.13259400191820064
23,0.76666665,approach,unknown_no_ground_truth,0.5324759275051834,-0.0824193690363893,0.28302837213267973,0.19138363480869022,25.97453180703862,0.8714757,1.4946975,-4.6753736,0.2415212550742058,2.0832596202435245,0.14254926784751212,0.19496723542369324,-0.1003786250098442,0.16294731453362216
24,0.8,approach,unknown_no_ground_truth,0.5332400342906474,-0.07653325776274547,0.27993521349465683,0.1986514451321252,23.053367002948427,0.87146837,1.2102076,-6.449774,0.23499397735225727,2.3588849467039514,0.13939309384055762,0.18918703650459434,-0.08437593626753882,0.17984186951891368
25,0.8333333,approach,unknown_no_ground_truth,0.534052060508971,-0.07047437696613584,0.2775309790172533,0.19135787002181354,21.441882617648663,0.87146837,1.5740148,-4.1806607,0.2287442012074566,2.6252281071899333,0.1369242091442096,0.18323665172740447,-0.06865586890505015,0.17861748538196887
26,0.8666667,approach,unknown_no_ground_truth,0.5347910819486821,-0.06467840011493244,0.27548520971054963,0.17386412966013573,23.053367002948427,0.87146837,1.3394064,-5.6439443,0.22293077521262195,2.835063240886666,0.13481603230551897,0.1775465233968208,-0.06333237095701999,0.16191895000721473
27,0.9,approach,unknown_no_ground_truth,0.5352513967658631,-0.05970078595593477,0.2734271706851392,0.14014173596521676,24.02430260280152,0.8714757,1.6917794,-3.4461474,0.2177607058672918,3.0373577793632416,0.13270205586682718,0.1726554064851103,-0.06502130507948461,0.12414481884116275
28,0.93333334,approach,unknown_no_ground_truth,0.5353775472039397,-0.05637334914711162,0.2712461350767177,0.10966296082990297,24.02430260280152,0.8714757,1.3983564,-5.2762647,0.21381293138951452,3.181053427285757,0.13048127424496025,0.16938301774613865,-0.07816427883197642,0.07691755646572423
29,0.96666664,approach,unknown_no_ground_truth,0.5357370952679497,-0.05453807773802172,0.26827360547858603,0.10745249574180521,24.02430260280152,0.8714757,1.4072009,-5.221101,0.21060353971208906,3.2590556827055326,0.12749111008440406,0.1676301517887156,-0.09949989799653092,0.04056857330277476
30,1.0,approach,unknown_no_ground_truth,0.5364814015037562,-0.05386366659815085,0.26462807117285475,0.12392181576421789,26.136494645929538,0.8714757,1.6035308,-3.9965656,0.20797731806118389,3.2920543195460747,0.12384794257989377,0.16708157273215432,-0.11839706093077948,0.036588965348231035
31,1.0333333,approach,unknown_no_ground_truth,0.5380588439163136,-0.054229826225049814,0.26035110379360005,0.15440064445198468,26.647208778990848,0.8714757,1.3437283,-5.6169877,0.20595329445190114,3.346492145105113,0.11959797860438623,0.16766956494646326,-0.1384980090922432,0.06824852001818868
32,1.0666667,approach,unknown_no_ground_truth,0.5404587684254292,-0.05571002301667516,0.25531542519386957,0.18158082250271498,26.647208778990848,0.8714757,0.87515956,-8.539513,0.20460371386378304,3.4375889940136517,0.11461473994943555,0.1694878789565085,-0.15082855151226934,0.10110560394692866
33,1.1,approach,unknown_no_ground_truth,0.5432631045057628,-0.05821145703061591,0.25017255369151825,0.18669511945816689,26.136494645929538,0.8714757,1.616989,-3.9126248,0.2042619436672506,3.2410573260549933,0.10954272514911857,0.1724045619977259,-0.1461192999234727,0.11620764957339703
34,1.1333333,approach,unknown_no_ground_truth,0.5460050521546218,-0.06085391228235587,0.2454315860646306,0.1661943388850206,26.136494645929538,0.8714757,1.3409323,-5.634427,0.2044314594072833,3.0338301749976755,0.10487346195854355,0.1754815619152669,-0.1274018530989179,0.10672078571857879
35,1.1666666,approach,unknown_no_ground_truth,0.548156491974481,-0.06315453097878507,0.2415482509788402,0.13105112594849985,17.795467928062354,0.8714757,1.4556913,-4.9186597,0.2048086997535607,3.0877769515331535,0.10104927583584289,0.17814501774620561,-0.10205066664548186,0.08221957826200708
36,1.2,approach,unknown_no_ground_truth,0.5493738169028217,-0.06501663453889016,0.23852840533831454,0.10068631451662688,12.037726742639961,0.8714757,1.2064284,-6.4733453,0.20517970270793137,3.0883293864438475,0.09807008932297155,0.1802247707267219,-0.08065053460980497,0.06027624074288111
37,1.2333333,approach,unknown_no_ground_truth,0.5497309255379799,-0.06675107381323177,0.23610373445211646,0.08145681251432052,12.037726742639961,0.8714757,1.4298477,-5.0798497,0.20564070264075993,3.0883293864438475,0.0956725589741916,0.18202983283493743,-0.06135485452040396,0.053579792196062404
38,1.2666667,approach,unknown_no_ground_truth,0.5491737500427565,-0.06853400678736246,0.23439587031894432,0.07863109987828532,12.037726742639961,0.8714757,1.0456549,-7.476111,0.20636382001447723,3.088418746924529,0.09397976932905554,0.18372215208794246,-0.04642083569023968,0.06346617903961646
39,1.3,approach,unknown_no_ground_truth,0.5482485671696411,-0.07069056756885221,0.23297926866645136,0.09008384168654379,12.037726742639961,0.87146837,0.84958124,-8.699048,0.2075200585979752,3.1870017744011703,0.09257783934943994,0.18572538432292005,-0.04423636371043361,0.07847447138200114
40,1.3333334,approach,unknown_no_ground_truth,0.5472283331245276,-0.07336928060010117,0.23141215132110893,0.09950570547082371,12.037726742639961,0.87146837,0.86217713,-8.620485,0.20909649345941161,3.0831226393563846,0.09103068303751505,0.18824122376022004,-0.04517204877675935,0.08866155553878124
41,1.3666667,approach,unknown_no_ground_truth,0.5462428587141455,-0.07622733476430352,0.22992514692158822,0.09141975088225182,12.037726742639961,0.87146837,1.0566332,-7.4076376,0.21091107986101362,2.9996627117574484,0.08956635892248126,0.19094855578796122,-0.036733350093578254,0.083715182865927
42,1.4,approach,unknown_no_ground_truth,0.5455089350241489,-0.07865861457677117,0.22891990143990187,0.06555783761624898,12.037726742639961,0.87146837,1.0646603,-7.3575716,0.21260264304714943,2.903528673381536,0.08858179521102183,0.1932696287258457,-0.021594271279510684,0.061899252990850945
43,1.4333333,approach,unknown_no_ground_truth,0.5450025153738871,-0.08015105833003217,0.22845294626796225,0.03976591872091558,13.487657537431287,0.87146837,0.9211511,-8.252657,0.21370454277975812,2.8222107574721984,0.08812674211857772,0.19468772156525735,-0.015182525423971187,0.036753492534301185
44,1.4666667,approach,unknown_no_ground_truth,0.5444131067567934,-0.08084426157742605,0.22789511246604718,0.03774080409897523,13.487657537431287,0.87146837,1.0352623,-7.5409303,0.2140397610521995,2.737664871322614,0.08756963314791279,0.19530637127759712,-0.02515807920815196,0.02813253178428093
45,1.5,approach,unknown_no_ground_truth,0.5434294264061224,-0.0811858016994822,0.22678402483732996,0.07039653930880256,13.487657537431287,0.87146837,1.2737108,-6.0536957,0.21379517942235404,2.727936924968192,0.08644952990472414,0.19553735582616627,-0.054491014477886096,0.04456907097782713
46,1.5333333,approach,unknown_no_ground_truth,0.5415596746154374,-0.08178233700369646,0.2242891295892704,0.11916294871326572,13.487657537431287,0.87146837,0.8907228,-8.442443,0.21316504424836966,2.8485466492921567,0.08393690208286651,0.19594369741877551,-0.0965531135600129,0.06983770190883754
47,1.5666667,approach,unknown_no_ground_truth,0.5390444028443744,-0.08289766917016494,0.22038470425836038,0.16124258555639212,13.487657537431287,0.87146837,1.3515633,-5.5681195,0.21247881249526887,3.2334192131783204,0.08001265247237854,0.19683805832138765,-0.1361222717570229,0.08642857472281741
48,1.6,approach,unknown_no_ground_truth,0.536425237075105,-0.08451423933518187,0.21524885709748978,0.18929614435444092,13.487657537431287,0.87146837,0.75589377,-9.283389,0.21193516192458237,3.7217376714551156,0.07486207330613315,0.19827300078504412,-0.1669206591142705,0.08927779022979257
49,1.6333333,approach,unknown_no_ground_truth,0.5342749716868596,-0.08651410781702122,0.20927473005777064,0.19341531039754672,18.171418125751945,0.87146837,1.2781899,-6.025759,0.21169379470678124,3.7217376714551156,0.06888461843644605,0.20017285545303606,-0.1770731498269207,0.07781119396688518
50,1.6666666,approach,unknown_no_ground_truth,0.533080282007263,-0.08846188316692324,0.20343820709207006,0.1730502562550191,18.171418125751945,0.87146837,1.2770698,-6.0327454,0.21171610325481816,3.7217376714551156,0.06305720715846959,0.20210763717083693,-0.1637006801167937,0.0561113047364518
51,1.7,approach,unknown_no_ground_truth,0.5330487277583555,-0.08995923329080675,0.19833295259361686,0.1437629707248081,15.93490674635641,0.87146837,1.0092062,-7.7034464,0.21175768094587946,3.7217376714551156,0.057971239794954145,0.20366799158486543,-0.1376000811077271,0.04164143886525725
52,1.7333333,approach,unknown_no_ground_truth,0.5339529046346336,-0.09093635841100477,0.19422014582223446,0.11221321639062207,15.732143639676142,0.87146837,0.93222165,-8.183609,0.21173381353395984,3.522581859495217,0.05388385038248036,0.20476263932073194,-0.10334013986579753,0.04373352747316385
53,1.7666667,approach,unknown_no_ground_truth,0.535470840821649,-0.09134361318081527,0.19139174643573548,0.08533071893823807,12.133459539358546,0.8714757,0.9202518,-8.258266,0.21158306907210558,3.1081558255232027,0.051081903269405385,0.20532421746191196,-0.07031533547998418,0.048343408970136316
54,1.8,approach,unknown_no_ground_truth,0.5370794251186867,-0.09132782688317748,0.18948379298044393,0.0645761759290724,12.133459539358546,0.8714757,0.88692385,-8.466138,0.21127848292714158,2.738097743670312,0.049196165522971076,0.20547100682536912,-0.0429155194616651,0.04825288268029127
55,1.8333334,approach,unknown_no_ground_truth,0.538638408696712,-0.09105707411031955,0.18849033422309192,0.05168206131310212,10.844684960459483,0.8714757,0.7991155,-9.01381,0.2109449473155613,2.5293910762041554,0.048220875749270246,0.2053594846602863,-0.024872721759621914,0.04530323579877796
56,1.8666667,approach,unknown_no_ground_truth,0.5400048454222276,-0.09065214633652835,0.1877936474554064,0.045142970089321235,10.21013313227092,0.8714757,0.91417044,-8.296196,0.21053975859450325,2.3356015467389306,0.04753797533400049,0.2051027324298135,-0.02441359927574959,0.03797188326760303
57,1.9,approach,unknown_no_ground_truth,0.5409959809803171,-0.0901741659658829,0.18684121661220204,0.041304381190774016,10.195256002475636,0.8714757,1.0281398,-7.5853543,0.20998027501234146,2.264820769956638,0.04659330391291549,0.20474564690058064,-0.031267498057195156,0.026988802692895875
58,1.9333333,approach,unknown_no_ground_truth,0.5414963537968147,-0.08966340303467132,0.18570074782404972,0.04743239715994564,5.323773527068258,0.8714757,0.8458104,-8.722567,0.20930395511447406,2.2876366918751074,0.045453477318924206,0.2043089009959669,-0.043994660778946024,0.01772856799869319
59,1.9666667,approach,unknown_no_ground_truth,0.5414461630552477,-0.08906194622571609,0.18391554364961304,0.06486049149037347,5.323773527068258,0.8714757,0.9599704,-8.010536,0.20835647615984648,2.304859405193366,0.043660327840182936,0.20373069707492886,-0.06209146864030504,0.01874921007570253
60,2.0,approach,unknown_no_ground_truth,0.5409365732785547,-0.08846722681216579,0.18158332679634082,0.08052179561891883,5.323773527068258,0.8714757,1.0584383,-7.396379,0.20727523241622567,2.3081004822863753,0.04131403839055426,0.2031161544660202,-0.07660675605613007,0.024802509878065045
61,2.0333333,approach,unknown_no_ground_truth,0.540171376001856,-0.08786550544614438,0.17884010225709174,0.09088932572064004,5.323773527068258,0.8714757,1.0031407,-7.741277,0.20611176598740621,2.415272742085854,0.03855321531559485,0.20247397281447477,-0.08609536322175905,0.029128301729863675
62,2.0666666,approach,unknown_no_ground_truth,0.5393135448594506,-0.08721817882210224,0.17588064600583925,0.09296363128988488,6.2810847296723695,0.8714757,0.96617264,-7.971852,0.2048940103265681,2.585846053909623,0.03557435261797519,0.20178211244685626,-0.08785008921849566,0.030407212415872922
63,2.1,approach,unknown_no_ground_truth,0.5384422533036525,-0.08661300395194058,0.17302191977432074,0.08750585998725702,6.2810847296723695,0.8714757,1.335401,-5.668926,0.2037725450594616,2.7300292524423906,0.032696547914024876,0.2011322596564663,-0.082902537339213,0.028007942352658164
64,2.1333334,approach,unknown_no_ground_truth,0.5376773953373273,-0.0861235694979921,0.1703890762742774,0.07700541741465448,6.2810847296723695,0.8714757,1.1495943,-6.827827,0.20284536999927064,2.9407966610151184,0.030047503862732167,0.20060755629277802,-0.07349263894100935,0.022992745218690328
65,2.1666667,approach,unknown_no_ground_truth,0.5370382598247586,-0.08580168926693897,0.1681510306092859,0.061544338883080495,6.2810847296723695,0.8714757,0.99996537,-7.761082,0.2021781167411731,2.9429706205797115,0.02779702285962256,0.2002581244522904,-0.059062073153306284,0.017302518989700637
66,2.2,approach,unknown_no_ground_truth,0.5365498450986961,-0.0856524115793148,0.1664723355330756,0.048265375356211476,5.646857741620059,0.8714757,1.0560132,-7.4115043,0.20178447523230086,2.948381775966569,0.026110035823903078,0.20008808178911996,-0.04642117191485061,0.01321443363628841
67,2.2333333,approach,unknown_no_ground_truth,0.5361423133948804,-0.08554483890828007,0.16507128560826057,0.04035874746906481,5.6382756771482585,0.8714757,1.0253414,-7.602809,0.2014839058380737,2.971941165028591,0.024702280819916777,0.19996390082727364,-0.03870594652648151,0.011431456633382239
68,2.2666667,approach,unknown_no_ground_truth,0.5357674576332874,-0.08546931922662448,0.16390454038493907,0.03855527769585028,5.482018223133917,0.8714757,1.046296,-7.472112,0.20125220584620593,2.902006776931159,0.023529641685602898,0.19987197482416283,-0.036145511019157125,0.013416835370836154
69,2.3,approach,unknown_no_ground_truth,0.5352267736273906,-0.08536919058743526,0.16267595025500098,0.0444980345254186,4.048016229341412,0.8714757,1.1934749,-6.554138,0.2009831720412459,2.9208587917929574,0.02229258223016946,0.19974302546339928,-0.039979377761384015,0.019537769331167246
70,2.3333333,approach,unknown_no_ground_truth,0.5344472987939056,-0.085215369381423,0.1612601107446288,0.052025743135999725,4.048016229341412,0.8714757,1.0012391,-7.753138,0.20063299367298815,2.9258304594903737,0.02086435220720754,0.1995451752289664,-0.04530177950672627,0.025581765427291712
71,2.3666666,approach,unknown_no_ground_truth,0.5335071879390516,-0.08502831909906396,0.15968321069960306,0.05667503559531532,4.048016229341412,0.8714757,0.96089196,-8.004788,0.20023659899483753,2.9282057176540253,0.019272466284580916,0.1993069683185439,-0.04937581847481864,0.027822440756914504
72,2.4,approach,unknown_no_ground_truth,0.5325743956405997,-0.0848592682426211,0.15799800615823398,0.05796514503772944,3.039672728558509,0.8714757,1.0476159,-7.4638796,0.1998667964227375,2.928721967165983,0.017572621530859624,0.1990927906399957,-0.05242750260263024,0.024724785339739735
73,2.4333334,approach,unknown_no_ground_truth,0.5318347803056928,-0.08470586563125455,0.1562144498044318,0.05774566948373821,2.6865370217985225,0.8714757,1.0075765,-7.713611,0.19953728125899348,3.004194569420375,0.01577729089276962,0.1989125529078434,-0.05502838084002249,0.017505417625711756
74,2.4666667,approach,unknown_no_ground_truth,0.5313800035859341,-0.0845833275063824,0.15434868635422502,0.05900786933612745,2.810825009436339,0.8714757,1.0144607,-7.6706734,0.19927082950888175,3.0900360733489345,0.013904066073558093,0.19878516151810718,-0.05831849641114409,0.008993420924924191
75,2.5,approach,unknown_no_ground_truth,0.5311990399386326,-0.08451473374341134,0.1523370133247157,0.06492874318384526,3.039672728558509,0.8714757,1.0909351,-7.193692,0.19908732118110709,3.1093343977781776,0.01188939459262774,0.19873198975326062,-0.06480030243372632,0.004081972064007134
76,2.5333333,approach,unknown_no_ground_truth,0.5310496579357983,-0.08450495383861892,0.15003344294225066,0.07296205031343815,2.810825009436339,0.8714757,1.2447141,-6.234552,0.19897451595765764,3.1414785837972756,0.009584049756539044,0.1987435633947634,-0.07272557734077553,0.005869513301080137
77,2.5666666,approach,unknown_no_ground_truth,0.5307558652949098,-0.08455987576778831,0.14749332237368354,0.0756353385445937,2.449318226330783,0.8714757,1.0360361,-7.536104,0.19893846793369432,3.1759348379334518,0.00704102708542202,0.19881382738981684,-0.07493266597083792,0.010285913049318045
78,2.6,approach,unknown_no_ground_truth,0.5303313456618209,-0.08466127871534546,0.1450449664413273,0.06946603552390143,2.1261404746847448,0.8714757,1.0480204,-7.461357,0.19897452406951546,3.1097586602354506,0.00458854313829713,0.19892160893316285,-0.06810846921211532,0.013666254534080515
79,2.6333334,approach,unknown_no_ground_truth,0.5298238376332977,-0.0847741294060781,0.14296206309185586,0.05638462134465929,1.7692141064024807,0.8714757,1.0959909,-7.1621585,0.19904757503688242,3.103293737775138,0.002500453108934922,0.1990318689615142,-0.054371650294793,0.014931482458260613
80,2.6666667,approach,unknown_no_ground_truth,0.5293210590745907,-0.08487680870525845,0.14143070823389747,0.04049505354882428,1.2217998798898877,0.8714757,1.0317883,-7.562598,0.19912840756111333,3.119193318989371,0.0009637529326777792,0.19912607533447146,-0.037982081043230025,0.014043179182352282
81,2.7,approach,unknown_no_ground_truth,0.5288730003325821,-0.08493513808323594,0.1404405177233654,0.025832752472089868,1.2217998798898877,0.8714757,1.0093297,-7.702676,0.1991729335506608,3.119389687500708,-3.168337343580248e-05,0.19917293103064931,-0.022725480140978794,0.012283470708486403
82,2.7333333,approach,unknown_no_ground_truth,0.5284868559734188,-0.08495191662804072,0.1399259242934925,0.01567172392033909,0.6936754055083,0.8714757,1.0438151,-7.4875855,0.1991769065272108,3.119496765556651,-0.0005512777281980082,0.19917614361819458,-0.011859250048501125,0.010245053387974828
83,2.7666667,approach,unknown_no_ground_truth,0.5281792875876723,-0.08493575344308245,0.13965928223627827,0.012543875936964554,0.6936754055083,0.8714757,1.0276489,-7.5884166,0.199149532044779,3.139072932586528,-0.0008222993396117444,0.19914783437800807,-0.00831147588087645,0.009395115337427604
84,2.8,approach,unknown_no_ground_truth,0.5278552164388404,-0.08489202739417474,0.13938115678562346,0.01453528325590262,0.7137520716910939,0.8714757,0.9611214,-8.003358,0.19909487405590331,3.1489993615102083,-0.0011053756270561037,0.19909180550705527,-0.010160399809826899,0.010394264525871591
85,2.8333333,approach,unknown_no_ground_truth,0.5274826927223678,-0.08483951924457642,0.13899258103026862,0.01618488752143996,1.2217998798898877,0.8714757,1.0093528,-7.702532,0.19903234441872825,3.1489993615102083,-0.0014996587240186355,0.19902669456263083,-0.012657665627931617,0.010086331589489876
86,2.8666666,approach,unknown_no_ground_truth,0.527171273778315,-0.08488206686151364,0.13854668331660105,0.015079494403347184,1.5381412232015268,0.8714757,1.0419613,-7.499148,0.19907026243361173,3.1489993615102083,-0.001949219251149683,0.19906071920320692,-0.012818699007873852,0.007941794961223375
87,2.9,approach,unknown_no_ground_truth,0.5270136930682399,-0.08509563918798921,0.13814106847971197,0.015667549243833262,1.9902468309932886,0.8714757,0.991114,-7.8162894,0.1992862304313384,3.155668638854931,-0.0023542405830106294,0.19927232419683824,-0.012326206760848191,0.009671438682882736
88,2.9333334,approach,unknown_no_ground_truth,0.5269581183078648,-0.08548405534973338,0.13772014467773183,0.020304496201874918,1.5381412232015268,0.8714757,1.0421469,-7.4979906,0.1996826324635082,3.098746517681596,-0.0027709684640720134,0.19966340536344565,-0.015490083841539926,0.013127447146875762
89,2.9666667,approach,unknown_no_ground_truth,0.5268252787429899,-0.08594025048515602,0.137100178931073,0.027387265743267126,1.5381412232015268,0.8714757,0.93021643,-8.1961155,0.2001501233753076,3.003281532413739,-0.0033869119199366315,0.20012146490268717,-0.023059937884363495,0.014775032645027563
90,3.0,approach,unknown_no_ground_truth,0.5266328639666189,-0.08640155391373293,0.13617547306313033,0.034060868942525274,2.7734138756536026,0.8714757,0.91561466,-8.2871895,0.20063246442031354,2.9750504553026955,-0.004308296287993521,0.2005862018247099,-0.03070000596388875,0.014753048055811312
91,3.0333333,approach,unknown_no_ground_truth,0.5264654356919107,-0.08684037638341052,0.13504677508415713,0.03687015145705962,2.7734138756536026,0.8714757,0.8511478,-8.689278,0.20110581357108345,2.985873123368767,-0.0054335771624672725,0.20103239662130798,-0.0343068493445342,0.013507337136458429
92,3.0666666,approach,unknown_no_ground_truth,0.5263122437538919,-0.08722553528322985,0.13388199093676276,0.03500798975054568,2.4893290809832225,0.8714757,0.9122203,-8.30836,0.20153412700873752,2.99254424075895,-0.006595417541871594,0.20142617708883398,-0.033074119678421235,0.01147440429267597
93,3.1,approach,unknown_no_ground_truth,0.526175164852396,-0.08753203802449357,0.1328367371329575,0.028730123802984384,1.404995183287335,0.8714831,0.9404994,-8.131979,0.2018851240114677,3.003900089727321,-0.007638516511754275,0.20174056697309378,-0.026843381772477578,0.010239768979416884
94,3.1333334,approach,unknown_no_ground_truth,0.5261340680253975,-0.08786814140361968,0.13208648099644807,0.02000886347903515,1.3800502689778518,0.8714831,0.91580904,-8.285976,0.20225844969762302,2.991368059746851,-0.008384978916069236,0.2020845679478346,-0.01650372377102215,0.011312900574674257
95,3.1666667,approach,unknown_no_ground_truth,0.5261872893358557,-0.08827183661429422,0.13172681832014915,0.014039524178621582,1.280181622873133,0.8714831,0.8868678,-8.466487,0.20268323104578137,2.9929664968856478,-0.008738770485398825,0.2024947555803881,-0.005833164742003667,0.012770373066388676
96,3.2,approach,unknown_no_ground_truth,0.5262624270094947,-0.0887039519907698,0.13168525824959018,0.011644897441483238,1.2669381213406135,0.8714831,1.0030824,-7.741641,0.20311964110336436,2.9909981369080936,-0.008773856219398007,0.20293005703690342,0.0008673709134249905,0.011612549423843462
97,3.2333333,approach,unknown_no_ground_truth,0.526259265234091,-0.08904337993692284,0.13177395776261347,0.008870780102190832,1.2609249137561465,0.8714831,1.0505369,-7.445661,0.2034531702641098,2.9984127019514815,-0.008680945809306667,0.20326788647096408,0.002449494600351272,0.008525885046391063
98,3.2666667,approach,unknown_no_ground_truth,0.5262349106785829,-0.0892735785184647,0.13184179728121342,0.00589694327603957,0.7881433678395453,0.8714831,1.0717547,-7.313323,0.20367809537966314,2.999533245235522,-0.008610556724726822,0.20349600696420903,0.0016182064928534896,0.005670568555913516
99,3.3,approach,unknown_no_ground_truth,0.5262489733017444,-0.08942256327067329,0.13187722752998404,0.0037438297071695726,0.7881433678395453,0.8714831,1.0883496,-7.2098184,0.2038253339852938,2.997762989444888,-0.008573065472473627,0.2036449589914301,0.0010000929478213743,0.0036077797842999455
100,3.3333333,approach,unknown_no_ground_truth,0.5262999097620493,-0.08950621016585458,0.13190466235632411,0.0030942331679841995,0.7881433678395453,0.8714757,1.0592616,-7.3912444,0.20390930068350865,2.993429452017959,-0.008543883920883927,0.20373022591845324,0.0011280184674511517,0.0028812936738456026
101,3.3666666,approach,unknown_no_ground_truth,0.5264142740811999,-0.08952301128011722,0.13194890824298283,0.004519700812865592,0.7881433678395453,0.8714757,1.1014466,-7.1281304,0.2039282241204493,2.9813128688670125,-0.008497864308246483,0.20375109053725043,0.0016502846306907062,0.004207642579345819
102,3.4,approach,unknown_no_ground_truth,0.5265817548506633,-0.08949838734710103,0.13201092926751995,0.006351714123147694,1.4285804562527389,0.8714757,1.1434019,-6.8664503,0.20390710677214238,2.957211388615613,-0.008433864515999296,0.20373261428036415,0.0020703670472560177,0.0060048191139975456
103,3.4333334,approach,unknown_no_ground_truth,0.5267879394623036,-0.0893763098307549,0.13208367184443232,0.008867962735227813,1.4285804562527389,0.8714757,1.1328334,-6.9323673,0.20378997433935328,2.9283384175099383,-0.008359839556576591,0.203618434145395,0.0019867203443336783,0.008642552015857343
104,3.4666667,approach,unknown_no_ground_truth,0.5270064110162473,-0.08910867277273046,0.13214247230952864,0.012340865689940785,1.4285804562527389,0.8714757,1.164084,-6.737453,0.20352915551255193,2.886480986077624,-0.008301416610935065,0.20335978861590173,0.0010297471020016295,0.012297828543408664
105,3.5,approach,unknown_no_ground_truth,0.5272067519199825,-0.08867181089164927,0.13215544627907574,0.015571079840213418,1.4285804562527389,0.8714757,1.1664184,-6.7228928,0.2031014560350144,2.8420387652853036,-0.008291189810881347,0.20293215027457534,-0.000591479716624452,0.015559841873718467
106,3.5333333,approach,unknown_no_ground_truth,0.5273639003221993,-0.08813462811884644,0.13211037955151003,0.01651569695679647,1.2121061397242978,0.8714757,1.0594398,-7.3901324,0.20257510675266804,2.8070340978880037,-0.008340848556945156,0.20240332043028583,-0.00214992319090963,0.016375166449289148
107,3.5666666,approach,unknown_no_ground_truth,0.5274691401032733,-0.08761086670901595,0.13202183849527324,0.014542911343373996,0.839514679811612,0.8714757,1.0255562,-7.601469,0.20206232210542574,2.7859905648434466,-0.0084345178960329,0.20188620785605518,-0.0031139145189101724,0.014205625882380418
108,3.6,approach,unknown_no_ground_truth,0.5275241091518414,-0.0871991673505785,0.1319123188731151,0.01055478385932234,0.5854983700953642,0.8714757,1.0088651,-7.7055736,0.20166028251680868,2.7747610795450277,-0.008548442673427133,0.2014790154646836,-0.0032810639411465785,0.010031853354745528
109,3.6333334,approach,unknown_no_ground_truth,0.5275475181889974,-0.08694433360452782,0.1318103720735142,0.005838277994698462,0.5854983700953642,0.8714757,1.0240016,-7.611165,0.20141290571791992,2.7705338888921736,-0.008653255993468272,0.2012269359465755,-0.002477390984063367,0.005286589056798517
110,3.6666667,approach,unknown_no_ground_truth,0.5275824688534764,-0.08684992018853106,0.13175072269856752,0.0024146594486836857,0.5854983700953642,0.8714757,1.0253447,-7.602788,0.20132373457950525,2.7685569230621723,-0.008713602836791779,0.20113507707667933,-0.0008152575672617442,0.0022728694093897836
111,3.7,approach,unknown_no_ground_truth,0.5276726032883035,-0.0868592359195246,0.13175536529373896,0.0031198959393192744,0.5854983700953642,0.8714757,1.055507,-7.4146624,0.20133699593901658,2.763399320871071,-0.00870760644957526,0.20114861054371438,0.0006388465969505686,0.0030537887447800926
112,3.7333333,approach,unknown_no_ground_truth,0.5277777775866908,-0.08690976869286973,0.1317898850828693,0.004362501593665912,0.9154251911441783,0.8714757,1.0901672,-7.198482,0.2013904353602913,2.7495501682587555,-0.008671013101570696,0.2012036803500375,0.001509220668917126,0.004093125105252826
113,3.7666667,approach,unknown_no_ground_truth,0.5279318215265726,-0.08694971480908446,0.13185129972183213,0.006512330638159475,0.9496418856037548,0.87146837,1.1862342,-6.599299,0.20143423168033234,2.7226209076457066,-0.008606991827870794,0.20125026555093228,0.0025531268232563517,0.005990992719498125
114,3.8,approach,unknown_no_ground_truth,0.5281764158864934,-0.08696118446028872,0.1319540023569289,0.010110462896450624,2.067236806730775,0.87146837,1.2049474,-6.4825826,0.20145194840485298,2.6981965817100644,-0.008500804798188665,0.20127251137175847,0.0043255332567550915,0.009138447462518481
115,3.8333333,approach,unknown_no_ground_truth,0.5285449171055386,-0.08694669064650554,0.13213133803463023,0.014411125535639634,2.286575554937287,0.73556274,1.1824499,-6.622902,0.20144637931885306,2.6891692426720804,-0.008318623200762883,0.20127454943116616,0.006697357193143189,0.01276032702682098
116,3.8666666,approach,unknown_no_ground_truth,0.5290316832030402,-0.08691666923733848,0.13238938631127045,0.01779892111566651,3.2557980930091337,0.73556274,1.2810812,-6.007726,0.20142818287604156,2.660015104561608,-0.008054314716064836,0.20126708839549157,0.008740315978422467,0.015505111075998522
117,3.9,approach,unknown_no_ground_truth,0.5295838482913572,-0.0868799006473206,0.1327007035610589,0.02004940318891272,3.79207260962864,0.73556274,1.3476076,-5.592792,0.20140570063024982,2.630907495633318,-0.0077359335340354395,0.20125707833196527,0.01003771974315793,0.017355769950924135
118,3.9333334,approach,unknown_no_ground_truth,0.5301958565269994,-0.08685759728778096,0.13304344321601286,0.021278955737686723,3.8847091166935277,0.73556274,1.4000492,-5.265707,0.20140162809896137,2.605882980082993,-0.007385131876777978,0.2012661810341592,0.010490382874869182,0.01851339581019868
119,3.9666667,approach,unknown_no_ground_truth,0.5308273172453581,-0.08686408688178068,0.13338330805174872,0.02103566506394133,3.8847091166935277,0.6662028,1.4695082,-4.8324823,0.20143006363150867,2.589359702471313,-0.007036575298206825,0.20130712144051513,0.010180399991091554,0.01840811399094717
120,4.0,approach,unknown_no_ground_truth,0.5314314427375375,-0.08691083349627476,0.1337046181197421,0.020710614995809,3.8847091166935277,0.6662028,1.4759172,-4.792508,0.20150023918381793,2.5812471174092266,-0.00670643914814025,0.2013886046058419,0.010075374211284417,0.01809465136462191
121,4.0333333,approach,unknown_no_ground_truth,0.5320374464142117,-0.08698514686852446,0.13403697627083913,0.02010840198439565,3.79207260962864,0.6662028,1.4185114,-5.1505556,0.2015998283188792,2.578734414110462,-0.006364884281990686,0.2014993276075095,0.010042134688383367,0.01742134786020916
122,4.0666666,approach,unknown_no_ground_truth,0.5325933774140321,-0.08705987339550506,0.13435637972117992,0.01823621756437346,3.7608669194570283,0.6534904,1.4434098,-4.995261,0.2016991520426365,2.583632947338362,-0.006036964098145097,0.20160878700889082,0.009467433325503306,0.015586126436106969
123,4.1,approach,unknown_no_ground_truth,0.5330775239713041,-0.08711804845590222,0.1346522940885546,0.016927538719527818,3.6744798835704318,0.6534904,1.4645807,-4.863216,0.20177966956833107,2.5938854726489464,-0.0057337226220849705,0.2016981890746614,0.009052822878778607,0.014303424940432137
124,4.133333,approach,unknown_no_ground_truth,0.533548970483303,-0.08717553965136715,0.13494542896540113,0.015367406376348106,3.6744798835704318,0.6534904,1.4640775,-4.866354,0.20186023015690244,2.600815326607845,-0.005433443110084826,0.2017870912991391,0.008211316833270315,0.012989667224354748
125,4.1666665,approach,unknown_no_ground_truth,0.5339445738514441,-0.08722955010341593,0.13518650142707994,0.012321608298802354,2.0760220586601537,0.6534904,1.4126219,-5.1872897,0.20193493485402164,2.603308381330891,-0.005186301987123863,0.20186832388018763,0.006446628280905509,0.010500619737755687
126,4.2,approach,unknown_no_ground_truth,0.5342428856885258,-0.08730966964935666,0.13536406271095952,0.008542084063596498,1.9165486388562227,0.6510898,1.4367601,-5.0367365,0.2020313614024737,2.6137333239850062,-0.005003668273898668,0.2019693894973734,0.003919700228277434,0.007589673923825125
127,4.233333,approach,unknown_no_ground_truth,0.5344371234944736,-0.08736268260136348,0.13543942172511858,0.005223526212018733,1.9165486388562227,0.6510898,1.3971604,-5.283725,0.20209682788100414,2.62146663225568,-0.004924988871165822,0.20203680932984247,0.0008326175029340437,0.005156740654856966
128,4.266667,approach,unknown_no_ground_truth,0.5345861456412299,-0.08728136406730441,0.13541521280818514,0.0066180966164511,0.942649464140796,0.6510898,1.365382,-5.481931,0.2020288067113751,2.622550838394315,-0.004948170645025887,0.20196820133003576,-0.002002470169757733,0.006307877300955681
129,4.3,approach,unknown_no_ground_truth,0.5347057262546485,-0.08703894494612549,0.13530629493282947,0.011924152947287459,1.3639614008130814,0.6510898,1.3544165,-5.550324,0.20180131765671042,2.6226424949434444,-0.005058477373083648,0.20173790822413754,-0.005102133174562357,0.01077746076677315
130,4.3333335,approach,unknown_no_ground_truth,0.5347514698655829,-0.08657901802052194,0.13508157824455608,0.01761096017311348,1.3639614008130814,0.6510898,1.400539,-5.262652,0.20135589579787713,2.6227457494925104,-0.00528831255390441,0.20128643899403104,-0.007265832945166842,0.016042243915111044
131,4.366667,approach,unknown_no_ground_truth,0.534835519245937,-0.08597217115318305,0.134833461660482,0.020387714261235815,1.3639614008130814,0.6510898,1.3520179,-5.5652847,0.20076865037507802,2.6017036295948435,-0.005542865804942547,0.20069212144999296,-0.0047494133604167234,0.01982679917509867
132,4.4,approach,unknown_no_ground_truth,0.535208735989147,-0.08533650990985625,0.1347742496657099,0.023389283233501507,1.867308440491122,0.6510898,1.4349858,-5.047803,0.2001696138113764,2.6036332262531996,-0.005604939829436857,0.20009112659711817,0.0017518977830280871,0.023323580864326468
133,4.4333334,approach,unknown_no_ground_truth,0.5358595310736993,-0.08480214254708399,0.13495093477323108,0.026535893734943368,1.9852448894934436,0.6510898,1.4843485,-4.739921,0.19968693968838153,2.609174777263799,-0.005426072723364404,0.19961320501638183,0.008450283539030542,0.02515445019121261
134,4.4666667,approach,unknown_no_ground_truth,0.5366513562759723,-0.08447571083945096,0.13532872049725125,0.026964262391000318,1.867308440491122,0.6510898,1.5178614,-4.530897,0.19941875695679706,2.6229489780037873,-0.005041588094938632,0.19935501753323157,0.011841231069710486,0.024225125243111482
135,4.5,approach,unknown_no_ground_truth,0.5374132933723357,-0.08433520808728909,0.13572502638745854,0.022385046859602808,2.7423238778815513,0.6510898,1.501668,-4.6318974,0.19933596581852583,2.6417362145211523,-0.004636658021371946,0.19928203298641184,0.009797631775213235,0.0201270150420758
136,4.5333333,approach,unknown_no_ground_truth,0.537989247647369,-0.08429917445903123,0.1359658591963851,0.013411076560366919,2.7423238778815513,0.6505801,1.5276155,-4.470059,0.19934776348574657,2.6417302184486036,-0.004388413224646112,0.19929945468098728,0.003420636814071447,0.012967506248089575
137,4.5666666,approach,unknown_no_ground_truth,0.5382808376407551,-0.08433510914035425,0.13594119724735615,0.006523148079491493,2.7423238778815513,0.6505801,1.4846977,-4.737743,0.19941357550496377,2.641725976854735,-0.004408615770079995,0.19936483692633886,-0.004517285420877849,0.0047059104637995385
138,4.6,grasp_lift,unknown_no_ground_truth,0.5382933907922511,-0.08435339507970027,0.1356597965575292,0.010427315422065282,2.3958758905850006,0.4719653,1.5248489,-4.4873147,0.19944335159797363,2.6354818054997837,-0.0046895653179836695,0.19938821046832558,-0.010268437598317822,0.0018133108395124622
139,4.633333,grasp_lift,unknown_no_ground_truth,0.5381546202279489,-0.08435757042896547,0.13525796713880375,0.011590863446753278,1.6039749313924423,0.4719653,1.5247281,-4.4880686,0.19944898864733526,2.614301104045221,-0.005093177667308702,0.19938394773324683,-0.011068706995418539,0.0034397443060282798
140,4.6666665,grasp_lift,unknown_no_ground_truth,0.5380556351951609,-0.08431653370807927,0.1349254838260088,0.008029977444292055,1.2941511501643275,0.4719653,1.3945904,-5.299754,0.19941168390659655,2.6040705008331178,-0.005427478460864678,0.1993378091482427,-0.00772517305242496,0.0021914011649915625
141,4.7,grasp_lift,unknown_no_ground_truth,0.5380555830844047,-0.08423761028990885,0.1347457358757274,0.0045022352114473295,0.8134578046602657,0.4719653,1.2764754,-6.036453,0.19934068708482458,2.594991319952948,-0.0056081887457277045,0.19926178195138736,-0.0032698796504710024,0.003094835855200048
142,4.733333,grasp_lift,unknown_no_ground_truth,0.5381137344079163,-0.08411672829141131,0.1347091702868251,0.004361894508894043,0.37194175551954817,0.37752792,1.3301787,-5.701498,0.1992278683040638,2.5888102804763293,-0.005645470243529141,0.19914786510206633,-0.00022890078494830132,0.004355884311752329
143,4.766667,grasp_lift,unknown_no_ground_truth,0.5381791218694667,-0.08397472636785738,0.13473207598106335,0.004449238670668534,0.37194175551954817,0.37752792,1.3340479,-5.677366,0.19909230092646743,2.58316701607117,-0.005623457095603104,0.19901286646468103,0.0003449583810900774,0.004435845856642002
144,4.8,grasp_lift,unknown_no_ground_truth,0.5382133641985871,-0.08383846906320536,0.13473431383021173,0.003921175989099933,0.37194175551954817,0.37752792,1.3422918,-5.625947,0.19896020739977585,2.576303895267174,-0.005622463524865576,0.19888074827009622,-0.0014585459922252454,0.003639816578628312
145,4.8333335,grasp_lift,unknown_no_ground_truth,0.5381981784617416,-0.08373172309956543,0.13463761842348582,0.005180628918069328,0.37194175551954817,0.37752792,1.3370588,-5.6585865,0.1988566718808441,2.569892340018037,-0.005720693408535148,0.1987743686154008,-0.004452103305357793,0.0026490927022583405
146,4.866667,grasp_lift,unknown_no_ground_truth,0.5381667955719143,-0.08366333992701841,0.13444029851195072,0.007335179512233418,0.37194175551954817,0.36023596,1.2404302,-6.2612715,0.19879405876275946,2.5638263164205877,-0.005919270147703047,0.1987059134507324,-0.007121691876652503,0.0017568048527684121
147,4.9,grasp_lift,unknown_no_ground_truth,0.5381206684710276,-0.08363262361159951,0.13416506813889836,0.008853030005378576,0.37194175551954817,0.36023596,1.2009203,-6.5077,0.1987711038374183,2.5584923654804625,-0.0061954724443797175,0.19867452741088037,-0.008737771370649829,0.0014239001897554501
148,4.9333334,grasp_lift,unknown_no_ground_truth,0.5380754105409346,-0.08361068502755657,0.13385959719561474,0.00876224765976044,0.37194175551954817,0.36023596,1.0737983,-7.3005767,0.19875876080402718,2.5537159385824637,-0.006501787720583125,0.19865238924510562,-0.008692294918889492,0.001104985562813038
149,4.9666667,grasp_lift,unknown_no_ground_truth,0.5380467780533673,-0.08359250933247342,0.13358700111548433,0.007160906911536743,0.18150420445855606,0.3569046,1.0477141,-7.4632673,0.1987507209534695,2.553379174753352,-0.006774958256507646,0.19863521596168815,-0.007125234858613591,0.0007138739421581785
150,5.0,grasp_lift,unknown_no_ground_truth,0.5380371508479512,-0.08356925769971008,0.13338554614210466,0.0046679666594405134,0.17347273142260328,0.3569046,1.0428622,-7.4935293,0.19873641711253276,2.5532191411825202,-0.0069768029550148596,0.19861391619736393,-0.00463504534601367,0.0005534142878940173
151,5.0333333,grasp_lift,unknown_no_ground_truth,0.5380439277618443,-0.08355175706429303,0.1332784966379324,0.002042105983865047,0.17347273142260328,0.3569046,1.0475157,-7.4645042,0.1987249760847057,2.5520719772719547,-0.007083961004533108,0.1985986747598108,-0.001981956634545618,0.0004919804346902828
152,5.0666666,grasp_lift,unknown_no_ground_truth,0.5380583492932034,-0.08354422510090662,0.13325341677314792,0.0003875112683171656,0.15427694210738876,0.3569046,1.0355953,-7.5388536,0.19872017760082955,2.5520719772719547,-0.00710893327970921,0.1985929808762885,-0.00030765412859927856,0.0002356139219753299
153,5.1,grasp_lift,unknown_no_ground_truth,0.5380584914918138,-0.08354636821778037,0.13325785064947687,0.00016310140309877072,0.14363786630810027,0.3569046,1.0090806,-7.7042294,0.1987221014146223,2.5510413639903073,-0.007104471261516958,0.19859506559513937,0.0001395163247608358,8.448232251788942e-05
154,5.133333,grasp_lift,unknown_no_ground_truth,0.5380625928368719,-0.08354818525787658,0.13326261137457487,0.0005029457550201883,0.15427694210738876,0.3569046,1.0745865,-7.2956605,0.1987240813068345,2.5494365801331482,-0.007099632199670677,0.19859721980399114,0.0002973652753824304,0.00040562091352586653
155,5.1666665,grasp_lift,unknown_no_ground_truth,0.5380850996378965,-0.08354048810713004,0.13327738704580805,0.0012345741668220013,0.17347273142260328,0.3569046,1.0602251,-7.3852344,0.1987179538776263,2.5480360982063854,-0.007084646927470368,0.1985916236179751,0.0006182857588692152,0.0010685953835590709
156,5.2,grasp_lift,unknown_no_ground_truth,0.5381267572347275,-0.08351660870098128,0.13330335377171834,0.0019249314970709447,0.18574743785300096,0.3569046,1.0294585,-7.57713,0.19869711853383662,2.5470596850824103,-0.007058413185768272,0.1985717092562495,0.0009180251871932414,0.0016919193314382935
157,5.233333,grasp_lift,unknown_no_ground_truth,0.5381806618254377,-0.08348002015219108,0.13333804788758666,0.0024683311298501973,0.18574743785300096,0.3569046,0.96667844,-7.9686975,0.19866447001166448,2.549407318209144,-0.00702344530279948,0.19854028019798428,0.001196897336168888,0.0021587253955191637
158,5.266667,grasp_lift,unknown_no_ground_truth,0.5382478727145501,-0.08343824437524033,0.1333824753281529,0.0027648875815907675,0.19838556461179568,0.35621765,0.94870543,-8.080797,0.19862755609630647,2.5504169282618907,-0.006978628356978536,0.19850492383577428,0.0013745613785517523,0.002398996530933038
159,5.3,grasp_lift,unknown_no_ground_truth,0.538317915250393,-0.08339695958024151,0.13342887109742643,0.0025654653632109286,0.19838556461179568,0.35621765,1.0413642,-7.5028725,0.1985913558061476,2.5482445134459697,-0.006931798373242805,0.19847034229888508,0.0012751706950008342,0.002226106966982061
160,5.3333335,grasp_lift,unknown_no_ground_truth,0.5383763238615749,-0.08336300657198194,0.13346668420511473,0.0018386517375036265,0.19838556461179568,0.24524912,1.0018567,-7.749286,0.19856171106042844,2.547434634781965,-0.006893617052980029,0.1984420095221068,0.0008961585132203142,0.0016054719340455193
161,5.366667,grasp_lift,unknown_no_ground_truth,0.5384109609248167,-0.0833433987207633,0.13348802156372758,0.001028291632164665,0.15442884806639512,0.24524912,1.0364605,-7.5334573,0.19854471957021297,2.54791022000676,-0.006872054525539215,0.19842575572695326,0.0004947046010372579,0.000901471596054162
162,5.4,grasp_lift,unknown_no_ground_truth,0.5384310673988519,-0.08333765107726632,0.13349923752558795,0.0006070672620557432,0.14536042373584768,0.24524912,1.0690459,-7.330218,0.19854051538641956,2.546016250028439,-0.006860636775599835,0.19842194413153602,0.000298754649378705,0.0005284660066025662
163,5.4333334,grasp_lift,unknown_no_ground_truth,0.5384456658394758,-0.08333619572447355,0.1335075560684443,0.00037272467910345154,0.1188162652835603,0.24524912,1.1060021,-7.099717,0.19854015650411677,2.5442747036267463,-0.006852137566641978,0.19842187872169487,0.00017520531938642058,0.00032897839210421293
164,5.4666667,grasp_lift,unknown_no_ground_truth,0.5384523438365589,-0.08333187587154237,0.13351070040936414,0.00016612804155108192,0.1188162652835603,0.20746678,1.1049563,-7.1062403,0.19853639411561322,2.5427630166265565,-0.006848956431370689,0.19841822392167333,1.5129190716782336e-05,0.00016543770361635593
165,5.5,grasp_lift,unknown_no_ground_truth,0.5384513467398455,-0.08332674662534031,0.13350860573248538,0.0001613679269861613,0.1188162652835603,0.20746678,1.0888828,-7.2064924,0.19853129730340757,2.5417920975514465,-0.006851128954825293,0.19841304906940563,-5.630137428317059e-05,0.00015122752101928217
166,5.5333333,grasp_lift,unknown_no_ground_truth,0.538451502318751,-0.08332177876748424,0.13350708492573368,0.00017858612762336836,0.1188162652835603,0.20746678,1.1062045,-7.098455,0.19852645082150377,2.5398814466422586,-0.0068527098529819995,0.19840814510360655,-5.79492642423369e-05,0.00016892272716624552
167,5.5666666,grasp_lift,unknown_no_ground_truth,0.538451803139141,-0.08331544885684151,0.13350487765481825,0.00023640763926102706,0.2558885382079285,0.20746678,1.0547221,-7.4195576,0.19852029912419658,2.5366672407198427,-0.006854992235669412,0.19840191089253503,-0.00012996150309805323,0.0001974805803451737
168,5.6,grasp_lift,unknown_no_ground_truth,0.5384472292042402,-0.08330917883622882,0.13349863652733862,0.0006646803257981045,1.1748909142282973,0.20050125,1.1054257,-7.1033125,0.19851390453092232,2.531179840234568,-0.00686137394547667,0.19839529187884594,-0.00043248423971322953,0.0005047348986376355
169,5.633333,grasp_lift,unknown_no_ground_truth,0.5384211721055692,-0.08330033070375129,0.13347665119554922,0.0013123167227784656,2.180763954023799,0.20050125,1.0854199,-7.2280912,0.19850352039510394,2.5263744993586115,-0.006883824492653486,0.19838412378414708,-0.0008722202498826573,0.0009805136493586646
170,5.6666665,grasp_lift,unknown_no_ground_truth,0.5383831681053936,-0.08329202871380789,0.13344157386700126,0.00022504901268366857,2.404964577943298,0.20050125,1.0047915,-7.7309813,0.19849310582408,2.523497473966683,-0.006919521910378233,0.19837246098241865,-4.794576872058543e-05,0.00021988238076682304
171,5.7,grasp_lift,unknown_no_ground_truth,0.5384346468768317,-0.08329462359837951,0.13347334104101735,0.003984605636341903,2.5628791654593632,0.20050125,1.0394095,-7.515064,0.19849938569606915,2.5235013359078433,-0.006887020874389768,0.19837987565575432,0.002380579451455707,0.00319529709924985
172,5.733333,grasp_lift,unknown_no_ground_truth,0.538597871430054,-0.08330820571088651,0.13359715494155214,0.009202065366361905,2.5628791654593632,0.20050125,1.0412984,-7.503283,0.1985236289785087,2.52407818921372,-0.006760816754877355,0.19840847416278257,0.00574461887246688,0.007188696753716533
173,5.766667,grasp_lift,unknown_no_ground_truth,0.5389174425751482,-0.08333889908209148,0.13384919102969056,0.015457141738742209,2.5628791654593632,0.20050125,1.3711622,-5.445879,0.1985753249783494,2.530889232114387,-0.006504051024073079,0.1984687809468616,0.009895352386366057,0.011874562386934776
174,5.8,grasp_lift,unknown_no_ground_truth,0.5393952104658528,-0.08338876588915699,0.13424500874702447,0.02085174395602191,2.180763954023799,0.20050125,1.6404504,-3.7662933,0.19865725288764724,2.5555969199576616,-0.0061011155977553026,0.19856354275981644,0.013729670483710866,0.01569367306962315
175,5.8333335,grasp_lift,unknown_no_ground_truth,0.5399730094881325,-0.08343128269271957,0.13474900409212076,0.02246758939898678,2.147049149928804,0.20050125,1.6774528,-3.535504,0.19874015821036162,2.5621361897044745,-0.005588740473206647,0.19866156262700319,0.015269602776155154,0.016481256155399627
176,5.866667,grasp_lift,unknown_no_ground_truth,0.5405064664043646,-0.08345613562698131,0.13524705171621432,0.020261502089792768,2.147049149928804,0.20050125,1.7198194,-3.271258,0.19880370619479365,2.562135900272834,-0.005083142985438363,0.19873871101065194,0.014259718885443536,0.014394057254395009
177,5.9,grasp_lift,unknown_no_ground_truth,0.5409451588458005,-0.08347126470911395,0.13568596448659992,0.01806088877851972,2.0281834802880336,0.20050125,1.7225059,-3.254502,0.1988515900779564,2.562133281693406,-0.004638093393677596,0.1987974923539106,0.013729730231179115,0.011734147231439783
178,5.9333334,grasp_lift,unknown_no_ground_truth,0.5413012216277557,-0.08346304481942982,0.1361515253195859,0.020675136273646054,2.0281834802880336,0.20050125,1.8364664,-2.5437152,0.19886766227525904,2.55250838374664,-0.004167828451410909,0.19882398322341824,0.017659270189586896,0.010752275866299298
179,5.9666667,grasp_lift,unknown_no_ground_truth,0.5416738241231862,-0.08340803634465652,0.1368542425045968,0.02558595445286479,2.147049149928804,0.15609314,1.7858232,-2.8595836,0.19883336294442933,2.5154154871891716,-0.0034608097622672806,0.19880324196446236,0.023297948602895604,0.010575757947348562
180,6.0,grasp_lift,unknown_no_ground_truth,0.5420105191506052,-0.08332853651712177,0.13769694280583936,0.03356831718208503,2.642713682640817,0.15609314,1.9719715,-1.6985524,0.198769772170056,2.484940956598841,-0.002614633260377391,0.19875257488004955,0.0314748759189245,0.011668937583403696
181,6.0333333,grasp_lift,unknown_no_ground_truth,0.5424345024373628,-0.0831708186007947,0.13894546922320394,0.04616920456680308,4.9239132300162565,0.15609314,2.1191854,-0.7803597,0.19863441800160106,2.413702556105178,-0.0013624865687148074,0.19862974511685014,0.04354495144108567,0.015343814855660942
182,6.0666666,grasp_lift,unknown_no_ground_truth,0.5429782758845416,-0.08293457916285017,0.14059210863854715,0.057639219745490695,5.511037844836277,0.15609314,2.0423684,-1.2594776,0.19843941732347373,2.3378940957274437,0.0002883609184180544,0.19843920780848853,0.05462399234215153,0.01839834540043031
183,6.1,grasp_lift,unknown_no_ground_truth,0.5434620519388762,-0.08247581212758806,0.14258233175628113,0.06807473273544042,5.993220190363133,0.117749415,2.1425896,-0.6343851,0.19803007385066534,2.2822967770963944,0.002279109679391616,0.1980169583858142,0.06358981114001919,0.02430031185352024
184,6.133333,grasp_lift,unknown_no_ground_truth,0.5438156917556711,-0.08156761235446061,0.1448378603338556,0.0778697273754993,9.464168320158084,0.117749415,1.997796,-1.5374812,0.1971817649253569,2.209914312405684,0.004527677887686811,0.1971297759143049,0.06854063076062669,0.03695776476560803
185,6.1666665,grasp_lift,unknown_no_ground_truth,0.5440343618023821,-0.08012282667499535,0.14717424050731653,0.08866114970791132,9.93660123354633,0.117749415,2.330254,0.5361031,0.1958125854638627,2.1827616156205134,0.006848480996254136,0.19569278712841331,0.07058504313638662,0.05365213092658205
186,6.2,grasp_lift,unknown_no_ground_truth,0.5440417198094587,-0.07805389972508331,0.1495854448992025,0.10290857413242908,10.202198130638976,0.117749415,2.299222,0.34255192,0.1938288381989097,2.2342247520672234,0.009233343241618541,0.19360879083895333,0.07407442789836183,0.07143636161997649
187,6.233333,grasp_lift,unknown_no_ground_truth,0.5439341147990249,-0.07542589765771006,0.1521738572282053,0.11547532321257756,10.202198130638976,0.11639028,2.4586778,1.3370985,0.19131663433508292,2.3315583219227785,0.011786771793925236,0.19095320522049836,0.07757087094731999,0.08554127805640668
188,6.266667,grasp_lift,unknown_no_ground_truth,0.5437118520105426,-0.07243077995059642,0.15483303099352635,0.1247617103219509,10.202198130638976,0.11639028,2.2869978,0.26630798,0.18846893884646881,2.4778124129072676,0.01440475746519027,0.18791765183793419,0.08221490944244442,0.09384131834021221
189,6.3,transport,unknown_no_ground_truth,0.543462425920308,-0.06926327286746853,0.15773985251557465,0.12352079546414746,10.202198130638976,0.11639028,2.219802,-0.15280162,0.18550963032458498,2.650031295988696,0.017267806552048976,0.18470421164674397,0.08337261123829834,0.0911394240019286
190,6.3333335,transport,unknown_no_ground_truth,0.5432286151205004,-0.06645113988534183,0.16047403042452812,0.11239599589483809,9.174111835115898,0.11639028,2.3569827,0.7028131,0.1829399801029272,2.72657270326649,0.019962926600439225,0.18184751271767474,0.08037137402464894,0.0785703642003933
191,6.366667,transport,unknown_no_ground_truth,0.5431450513973055,-0.06410774531025429,0.16316808915725578,0.10991178985370123,6.215481696382545,0.11639028,2.3167086,0.45161796,0.18089689476203416,2.835485291953095,0.02262589338448043,0.17947633683330116,0.08438973020970206,0.07041998994588028
192,6.4,transport,unknown_no_ground_truth,0.5432822389980283,-0.0618276824916306,0.16615841544548138,0.11645766032962267,6.215481696382545,0.11639028,2.2496135,0.033137377,0.17903270045546557,3.054791024892909,0.02558890360675956,0.1771945705843732,0.09183221148775027,0.0716186538739655
193,6.4333334,transport,unknown_no_ground_truth,0.5434491198280841,-0.059415595902195084,0.16934615058576447,0.1292429729887791,5.93210325199783,0.1133544,2.5788786,2.0868073,0.17713292783307147,3.1583427579118166,0.02874803536770284,0.17478450899668832,0.0993414431876375,0.08267420233891387
194,6.4666667,transport,unknown_no_ground_truth,0.5436826292060402,-0.05640846056487098,0.1728450035619557,0.14922785411109923,6.215481696382545,0.1133544,2.199343,-0.28040668,0.17478607845630081,3.197592856036008,0.0322116605910457,0.17179226450599983,0.1089870546104614,0.10193514786343237
195,6.5,transport,unknown_no_ground_truth,0.5441410573185852,-0.0527376120210406,0.17668772395722077,0.1700186451153821,6.635572445591356,0.1133544,2.2281973,-0.10043819,0.17198798344488414,3.161764609409789,0.03601383254114305,0.16817511800244483,0.11693738140145078,0.12341794244696298
196,6.5333333,transport,unknown_no_ground_truth,0.5447353834874225,-0.04833369568882375,0.18072930903196927,0.18126370548799364,4.951259203541113,0.1133544,2.5305564,1.7854153,0.16867169813957944,3.137011035824872,0.040007479078782014,0.16385830272235286,0.11560641011413697,0.1396126386390575
197,6.5666666,transport,unknown_no_ground_truth,0.5452183427519888,-0.04357847151894992,0.18449658864690857,0.17702680579739982,6.635572445591356,0.110281594,2.3624442,0.7368769,0.16508475943206694,3.233668790078139,0.043720919688704514,0.15919000904050876,0.10216117349399138,0.14457380330184622
198,6.6,transport,unknown_no_ground_truth,0.5456043414966898,-0.038813001332253794,0.18764907930607133,0.16847477582586154,7.032975259575882,0.110281594,2.057381,-1.1658427,0.16145061701308064,3.2306676576383597,0.046818217916169864,0.15451328811807247,0.08759399162088619,0.14391331669270369
199,6.633333,transport,unknown_no_ground_truth,0.5460849757551873,-0.0340906310621691,0.19044466451491998,0.168797736372724,7.324565843140718,0.110281594,2.3479009,0.6461685,0.1578902902594839,3.223372077047743,0.049560513932297295,0.14991030390533747,0.08214697941316164,0.14746033221802135
200,6.6666665,transport,unknown_no_ground_truth,0.5465746371995297,-0.02909267384040049,0.19323545997286634,0.17440248799325603,7.615281025568572,0.110281594,2.1672118,-0.48081318,0.15418886178859345,3.2139092883002447,0.052294678335804964,0.14504989388971182,0.08151265972962118,0.1541814324814788
201,6.7,transport,unknown_no_ground_truth,0.5469703913240961,-0.02391294094167294,0.19599566957503411,0.17756946502325405,7.615281025568572,0.110281594,2.5288103,1.7745241,0.15042035297636774,3.602166148780377,0.05499468641067002,0.14000666789880803,0.08021195791095276,0.15842019036958702
202,6.733333,transport,unknown_no_ground_truth,0.5474499073732583,-0.018629787825621292,0.19870346404085518,0.18063807120810413,7.615281025568572,0.110281594,2.375341,0.81731576,0.14669426855376125,3.9576551700752383,0.057642137436783016,0.13489474570287033,0.07532885951429329,0.16418183728433533
203,6.766667,transport,unknown_no_ground_truth,0.5480523165048281,-0.013078258342208899,0.2011399363451088,0.18357624806271514,7.615281025568572,0.110281594,1.9269805,-1.9791672,0.14279568762859568,4.273747858564314,0.060016624562117274,0.12957088091655988,0.06283474905404021,0.17248777685418556
204,6.8,transport,unknown_no_ground_truth,0.5486092500751287,-0.007236861607963359,0.20302063904432577,0.17957071997306082,6.7826166705939475,0.110281594,2.3319876,0.5469154,0.13855055480330672,4.434552870246726,0.061831167867222266,0.12398855961934341,0.04364332389720363,0.17418640518377776
205,6.8333335,transport,unknown_no_ground_truth,0.5490221047405028,-0.0015404912050990369,0.20418183643005644,0.1687957726511055,6.7826166705939475,0.110281594,2.5061553,1.6332219,0.13421631585976815,4.441694496466472,0.06292617689881655,0.11855089921155341,0.02710152303954031,0.16660588319090341
206,6.866667,transport,unknown_no_ground_truth,0.549474748275903,0.0038148609291368167,0.20495487912463678,0.15679568312816078,6.473165896739177,0.110281594,2.0930693,-0.9432494,0.1301116514481615,4.454612728775732,0.06363793446166253,0.1134868060173561,0.020425320847921064,0.15545961699388713
207,6.9,transport,unknown_no_ground_truth,0.5501145780027079,0.008749928897238982,0.20565822488667435,0.14923980721223604,6.473165896739177,0.10996397,2.18597,-0.36381522,0.126469229329838,4.454612728775732,0.06428786374331255,0.10891068148994587,0.022772992770752485,0.14749207048858132
208,6.9333334,transport,unknown_no_ground_truth,0.5509730743170016,0.013516386506946894,0.20657482429299434,0.13940623201605176,6.473165896739177,0.10996397,2.3462586,0.63592565,0.12322969114496461,4.3066905859760745,0.06515613262837053,0.1045955790681306,0.029041708198183185,0.1363476318453857
209,6.9666667,transport,unknown_no_ground_truth,0.5519683605097223,0.017629441943276612,0.20768093383697817,0.1331710027264429,7.041902412403848,0.10871563,2.289185,0.27995017,0.12076556893452309,4.1037196314577455,0.0662239758998657,0.10098865112522822,0.034474033361866954,0.12863147744984949
210,7.0,transport,unknown_no_ground_truth,0.553048931494448,0.021815311283558847,0.20894939692432968,0.14386954726263002,10.154891794712045,0.10871563,2.4912546,1.5402843,0.11847033868791312,3.8680456133515815,0.06745439947348346,0.09739160713583363,0.03635346328715015,0.1392008345398258
211,7.0333333,transport,unknown_no_ground_truth,0.5540450340162777,0.02665082985675404,0.2101899016781283,0.16043040078914045,10.154891794712045,0.10871563,2.49077,1.5372627,0.1157716334816172,3.655981481539156,0.06864753796180606,0.09322331602546816,0.03209680145664585,0.15718685960861006
212,7.0666666,transport,unknown_no_ground_truth,0.5547512763407811,0.032132549394176896,0.21119598162354192,0.1750055272674061,10.154891794712045,0.10871563,2.622918,2.3614857,0.11253155557054312,3.537830558374583,0.06959418433264586,0.08843076673986235,0.024422276912652623,0.17329306669496194
213,7.1,transport,unknown_no_ground_truth,0.5551193867098199,0.03813447515610438,0.21194806089392715,0.18310968114392226,10.154891794712045,0.10857529,2.4117725,1.0445441,0.10884618099884878,3.4487892694965083,0.07027568830677275,0.08311930432242243,0.017125465627665745,0.18230708641099094
214,7.133333,transport,unknown_no_ground_truth,0.5552012443959582,0.0442633334143671,0.21248431801242423,0.1832904150000089,8.131297499531826,0.10857529,2.1564057,-0.5482121,0.10505288808492752,3.476045553196106,0.0707358810249372,0.07766945622707962,0.010977786438766207,0.1829613741634565
215,7.1666665,transport,unknown_no_ground_truth,0.5550157708699074,0.050321168715712045,0.21283478592751756,0.17571643736839543,6.716919482671155,0.10857529,2.225065,-0.11997503,0.10131023495404448,3.47942408726783,0.07100754008460548,0.0722612825624957,0.005726725240474887,0.17562309352548525
216,7.2,transport,unknown_no_ground_truth,0.5546160780490939,0.05595080097300609,0.21302124316172327,0.15595345890566276,6.446978344256434,0.10857529,2.2083719,-0.22409219,0.09785695763261824,3.47950436473873,0.07111766236781347,0.06721802032527982,0.0006302966444803923,0.1559521852068133
217,7.233333,transport,unknown_no_ground_truth,0.5540341505431676,0.06066994714829024,0.21302049187770827,0.13844359371288423,6.109936147657207,0.10689115,2.1454058,-0.6168201,0.09491485047794285,3.479688657776825,0.07104955982350254,0.06293479872166734,-0.002718870449752184,0.13841689341845387
218,7.266667,transport,unknown_no_ground_truth,0.553401731618682,0.06510005914751799,0.21297172105999823,0.1280086214415603,5.993144875694259,0.10689115,2.0328033,-1.3191365,0.09222128504094865,3.544176614777558,0.07093638867271924,0.05893041809351778,-0.003575915676745968,0.1279586651635656
219,7.3,transport,unknown_no_ground_truth,0.5527734366551187,0.06910949458388624,0.21290555940788808,0.11760873389666415,5.575239595266123,0.10689115,2.0294335,-1.3401544,0.08986740756496957,3.580253275958151,0.07081117803017792,0.05533469082254637,-0.003440305531484546,0.11755840500205161
220,7.3333335,transport,unknown_no_ground_truth,0.552176456397447,0.07284344744739775,0.21285657330634422,0.11405737214647142,5.3086100352475825,0.10689115,2.1025171,-0.88432217,0.08779278018592371,3.6085712553181244,0.07070703517476692,0.05203928736606785,-0.0027791991416087356,0.11402350719518303
221,7.366667,transport,unknown_no_ground_truth,0.5515881995838557,0.07662000087674384,0.21283101331363935,0.11843336693824386,4.522915820484915,0.10677297,2.1436374,-0.6278495,0.08583858998711191,3.630161365953815,0.0706258982523208,0.04878776513664404,-0.00228056941390017,0.11841140742123242
222,7.4,transport,unknown_no_ground_truth,0.5509721570588508,0.08064652309628126,0.21281921755366226,0.12625270251983417,4.360356941534857,0.10677297,2.0133617,-1.4403963,0.08391403179553535,3.652115736938222,0.0705549973491685,0.04542639190207542,-0.0021399462315255828,0.12623456548698506
223,7.4333334,transport,unknown_no_ground_truth,0.5502985631512997,0.08493742889444778,0.2128106769998311,0.13086691795161481,2.474306009489191,0.10677297,2.2659278,0.13489161,0.08203293402723727,3.671978652120601,0.07048323529720284,0.041970415856364844,-0.002184480239366727,0.1308486845949874
224,7.4666667,transport,unknown_no_ground_truth,0.5495859220875801,0.0892601232204544,0.21280096439020268,0.13095161414339912,2.474306009489191,0.10662524,2.2389877,-0.033137377,0.08031676972166783,3.690761893391016,0.07040936546283709,0.038643301536541406,-0.0023280297274856153,0.13093091890134134
225,7.5,prealignment,unknown_no_ground_truth,0.5487976709685984,0.09353750260372368,0.21278425638929221,0.1291210098126146,2.474306009489191,0.10662524,2.1189475,-0.7818437,0.07878316302132729,3.715909768669509,0.07032803345351499,0.035507104728579424,-0.003188403403045264,0.129081637961287
226,7.5333333,prealignment,unknown_no_ground_truth,0.547866493135902,0.0976943029003623,0.21271808919891877,0.12561328447024958,2.474306009489191,0.10662524,2.15839,-0.53583544,0.0773894771546866,3.7605897151371774,0.07019680542516626,0.03258127809612611,-0.004939031952411417,0.12551614716352996
227,7.5666666,prealignment,unknown_no_ground_truth,0.5467986989393074,0.1016671822094907,0.21258465989177727,0.11660627004859438,4.101452151548325,0.10662524,2.1804001,-0.39855564,0.07612532364987662,3.840823651422451,0.06999876494976816,0.029920524833391103,-0.00652534694385257,0.11642354599439099
228,7.6,prealignment,unknown_no_ground_truth,0.5457324354225266,0.10516288114091314,0.21240625750616254,0.10325518778015383,4.101452151548325,0.104918934,2.011511,-1.4519387,0.07507911721177309,3.9779165254720565,0.06976178268278807,0.02775189215564609,-0.008704994913099005,0.10288759335837216
229,7.633333,prealignment,unknown_no_ground_truth,0.5446448149389652,0.1081883747559621,0.21211584622165774,0.09644996767692743,4.514697062034359,0.104918934,1.8314829,-2.5747983,0.07412179617421893,4.132460928482306,0.06941843247211317,0.02598310799744941,-0.012842536045568115,0.09559113731303036
230,7.6666665,prealignment,unknown_no_ground_truth,0.5434415988039045,0.11112396919442905,0.21165639385745572,0.08980390007337533,4.514697062034359,0.104918934,1.784475,-2.8679929,0.07309919000546898,4.2181200511192625,0.06890561437515555,0.024403030283921934,-0.01606221333476556,0.08835579081858336
231,7.7,prealignment,unknown_no_ground_truth,0.5423378583648255,0.11362699001305032,0.21114494838297407,0.08072418245633461,4.101452151548325,0.104918934,1.70429,-3.3681169,0.07218929270678676,4.286443644276231,0.06834761920292212,0.02323568227529562,-0.017196904774455034,0.0788711613926277
232,7.733333,prealignment,unknown_no_ground_truth,0.5412899300700219,0.11594225109391836,0.21059990007121693,0.07846631684178036,4.030540997178332,0.10341947,1.795013,-2.8022661,0.07135711174276146,4.41022842286144,0.06775915507731743,0.022372623884493157,-0.019020913839701697,0.07612599894528352
233,7.766667,prealignment,unknown_no_ground_truth,0.5401573403617763,0.11823314955871372,0.20996453639708063,0.0777946051680075,4.030540997178332,0.10341947,1.8398157,-2.5228252,0.0704973060332585,4.516186980282194,0.06707953542837243,0.021684235856046105,-0.02003395834510547,0.07517074634638636
234,7.8,prealignment,unknown_no_ground_truth,0.5390406866015669,0.12044566139259269,0.20935161891308335,0.0745503889116748,3.6774769814230766,0.10341947,1.6831163,-3.50018,0.06974512554933708,4.560951456076478,0.06642356288474745,0.021267177330073526,-0.020074206227841056,0.07179684346267648
235,7.8333335,prealignment,unknown_no_ground_truth,0.5379170266314566,0.12248862413777936,0.20871032579140208,0.06837285335317876,3.6774769814230766,0.10341947,1.6167392,-3.9141831,0.06902898272598985,4.672617511564514,0.06574125620438001,0.021049648188391935,-0.022927977619903388,0.06441393419064308
236,7.866667,prealignment,unknown_no_ground_truth,0.5367089852791305,0.12408362825372976,0.20790060988931236,0.064074882863586,3.6774769814230766,0.103286505,1.6876146,-3.472124,0.06813980828917061,4.808135548768163,0.06489503240395945,0.02077662732432711,-0.02941240671661355,0.05692539806728428
237,7.9,prealignment,unknown_no_ground_truth,0.5352920077345766,0.1252786309676855,0.20682030605808374,0.06677367411723818,4.617534819226927,0.103286505,1.8153269,-2.6755652,0.0669283515394374,4.8890897534577595,0.06378043083526198,0.02028449857045702,-0.03763924499978708,0.0551544267576151
238,7.9333334,prealignment,unknown_no_ground_truth,0.5336425816487422,0.12619429775029656,0.20545955337451535,0.06800591783663001,6.544432115007438,0.103286505,1.7798072,-2.8971064,0.06538931203326832,5.101410580982963,0.0623857516374745,0.01959030680748715,-0.04373170541449575,0.05208015747232563
239,7.9666667,prealignment,unknown_no_ground_truth,0.5319912912566607,0.1265065869317092,0.20396512715618959,0.06917649183540424,6.709339252767495,0.103286505,1.6564609,-3.6664336,0.0636479940432648,5.368382765835834,0.060864986402654454,0.018615063146177075,-0.04784844286397978,0.049959118668629565
240,8.0,prealignment,unknown_no_ground_truth,0.5302804171315935,0.12651536167930957,0.20231931188400865,0.07228751437135755,6.709339252767495,0.10322741,1.916838,-2.042427,0.06172004192820112,5.586009204831357,0.05919585828585393,0.0174703731333937,-0.05132363765635106,0.05090549038864873
241,8.033334,prealignment,unknown_no_ground_truth,0.5285599715407735,0.1263008422621998,0.20058744910885135,0.07365067511316717,6.709339252767495,0.10322741,1.7507482,-3.0783515,0.0596930661424992,5.802593381971654,0.057443375010265266,0.01623332414888632,-0.05327597948861484,0.05085363265445246
242,8.066667,prealignment,unknown_no_ground_truth,0.5269349291998513,0.12577006404431856,0.19880352865809314,0.07652452877278554,6.709339252767495,0.10322741,1.5507694,-4.325645,0.057597276633820305,6.00783943914665,0.055644131066577236,0.014872019145980011,-0.056377633257486535,0.05174520240738487
243,8.1,prealignment,unknown_no_ground_truth,0.5252965040994335,0.1250897945894019,0.19685786142182626,0.08041581964878973,5.266961789764654,0.10322741,1.4854921,-4.732788,0.055343304155603096,6.167528781323625,0.05368486511114276,0.013446805303045081,-0.06094689292238529,0.05246122656680817
244,8.133333,prealignment,unknown_no_ground_truth,0.5236658028413762,0.12444074440747306,0.1947678695848946,0.08072213910209404,5.244359368043846,0.10318309,1.554424,-4.3028507,0.05299050246075242,6.333987381390267,0.0515810129045015,0.012140529592594323,-0.06338993450946125,0.04997779451020259
245,8.166667,prealignment,unknown_no_ground_truth,0.5221591101070543,0.12387097064137507,0.1926588814864519,0.07626030399729072,4.170483769910549,0.10318309,1.5090117,-4.5860934,0.05068197808378992,6.367295523496755,0.049458872963190334,0.011067194210673361,-0.06201900196701734,0.0443765406580357
246,8.2,prealignment,unknown_no_ground_truth,0.5208743378254003,0.12336438346860243,0.19065734077756732,0.06896903121094881,2.658781826224526,0.10318309,1.8607019,-2.3925555,0.0485382249802514,6.368509987558235,0.047446413599211625,0.010237046488418788,-0.057917460080655014,0.037447230658388654
247,8.233334,prealignment,unknown_no_ground_truth,0.5198291543460023,0.12289604211810201,0.1888167829400369,0.06126157849612968,2.658781826224526,0.10318309,1.6137125,-3.9330606,0.04659602615322629,6.368759099323902,0.04559771730483825,0.009593634861730127,-0.052973603611005476,0.03076976308491059
248,8.266666,prealignment,unknown_no_ground_truth,0.5190134985711851,0.12244801467519352,0.1871391754619775,0.05272662196531954,2.658781826224526,0.103160925,1.555312,-4.2973123,0.044842130971838916,6.368759099323902,0.04391483866940099,0.009072136172701445,-0.0469295121691638,0.024035755686851693
249,8.3,prealignment,unknown_no_ground_truth,0.5184427960387379,0.12206200766326478,0.1856961588371879,0.044315039886636536,2.658781826224526,0.103160925,1.5149574,-4.5490093,0.04334514868271611,6.301850747943068,0.042469092908153,0.008670528350996564,-0.040804714430409665,0.017285775666914804
250,8.333333,prealignment,unknown_no_ground_truth,0.5180767634403262,0.12176175396198267,0.18442261541425498,0.035768012858802024,3.5507096805295757,0.103160925,1.5134404,-4.558471,0.042037194994862,6.200540239491446,0.041194522091019536,0.008374790309527369,-0.034295744657263975,0.010156408925952948
251,8.366667,prealignment,unknown_no_ground_truth,0.5179627914270436,0.12158363007316839,0.18340996141077812,0.026068094705945455,4.762082558123082,0.103109226,1.604356,-3.9914184,0.04100951418921854,6.062806122879386,0.04018271960941593,0.008193247147912568,-0.025416711767975185,0.005791055560242294
252,8.4,prealignment,unknown_no_ground_truth,0.5182706693967621,0.12146395267910802,0.18272145715364152,0.021461418462706893,4.844192134761822,0.103109226,1.5201502,-4.516621,0.040310355060351806,5.915154076626511,0.03950006685852833,0.008041731359814371,-0.01521917780486787,0.015131725261028019
253,8.433333,prealignment,unknown_no_ground_truth,0.5189325958779949,0.12137354721906712,0.1823792252038956,0.025220598862743974,5.803140056745591,0.103109226,1.5194187,-4.5211835,0.03996437395133854,5.704602915939328,0.03916811873737029,0.007937862426225836,-0.00738092195041996,0.024116396873439683
254,8.466666,prealignment,unknown_no_ground_truth,0.519861516836339,0.12129141602256055,0.18220529142239222,0.030609371743131872,6.475008718307167,0.103109226,1.5170873,-4.5357246,0.039806834819591484,5.478731546985041,0.03900800096802352,0.007934731175844393,-0.008705620282477835,0.02934528606107888
255,8.5,prealignment,unknown_no_ground_truth,0.5208700923712255,0.12117681768647867,0.1817696642693636,0.0343645237105642,6.993946209726291,0.10308707,1.4482964,-4.9647827,0.03941411028792303,5.221535227785715,0.03858773714285352,0.008028613328751325,-0.01668532832874441,0.03004197577417185
256,8.533334,prealignment,unknown_no_ground_truth,0.5218314535632191,0.12104211441047888,0.1810625428367436,0.041804252827223436,7.414816133289217,0.10308707,1.4399658,-5.0167418,0.03877487388863794,5.030125519688027,0.03789563082364092,0.008210481688554778,-0.029059612419869645,0.030052195933897678
257,8.566667,prealignment,unknown_no_ground_truth,0.5228260968382503,0.1209143714346369,0.17980187891197996,0.05523784349751962,8.110368520768352,0.10308707,1.4043313,-5.238999,0.03762824794441891,4.80746800928367,0.03665044733896209,0.008522309148384184,-0.04563241550366138,0.03112719083948429
258,8.6,prealignment,unknown_no_ground_truth,0.5238504979363351,0.12083890532706489,0.17798956144061812,0.06773665485427648,8.110368520768352,0.10308707,1.5867552,-4.1011972,0.03599653572669777,4.602253821831603,0.03485345688455467,0.008999284833803056,-0.06051349240752264,0.03043635404400592
259,8.633333,prealignment,unknown_no_ground_truth,0.5247915987368061,0.12078531596278444,0.17573835120273196,0.0774562457567088,7.414816133289217,0.10305752,1.5362831,-4.415998,0.03398030972251507,4.345362442255672,0.032616230973599544,0.009531155539327736,-0.071990931771518,0.02857928881886867
260,8.666667,prealignment,unknown_no_ground_truth,0.5256763249101544,0.12067414552708611,0.17316218588576093,0.08119909035363287,7.414816133289217,0.10305752,1.4320637,-5.066028,0.031689536812594545,4.012858266416793,0.030054056694332212,0.010048901413122225,-0.07708621914560095,0.025514840624503606
261,8.7,axial_advance_candidate,unknown_no_ground_truth,0.526393188573694,0.12053916357756231,0.1705732959663589,0.07647741800574323,4.8489941098323595,0.10305752,1.7303461,-3.205602,0.029408390571768504,3.8779270981801313,0.02747715503832132,0.01048138287735621,-0.07410003585934725,0.018920363380987952
262,8.733334,axial_advance_candidate,unknown_no_ground_truth,0.5268184401912618,0.12038045682485558,0.16820196046622893,0.06622094758965762,2.897540001851318,0.10305752,1.4302163,-5.077551,0.027301658783261823,3.844802084691703,0.025114065113588064,0.010708142032496405,-0.06535067606831971,0.010700609192271525
263,8.766666,axial_advance_candidate,unknown_no_ground_truth,0.5269318952426784,0.12020600219524832,0.16620423386927244,0.049333210716905815,2.4635496980300706,0.10303536,1.5266352,-4.4761734,0.025473857859383907,3.767763301090163,0.023120436903158327,0.010694055902564267,-0.04902122830200346,0.0055393912482768004
264,8.8,axial_advance_candidate,unknown_no_ground_truth,0.5268615640994087,0.12006295721101189,0.16492874891376114,0.030936491342917646,2.4635496980300706,0.10303536,1.493783,-4.681077,0.02426228318606461,3.7314871483705625,0.02184600690186649,0.0105551109820975,-0.03064936736567626,0.004205089380053351
265,8.833333,axial_advance_candidate,unknown_no_ground_truth,0.526809210504065,0.11996782755921861,0.1641592639535464,0.016600287868338826,1.956173698432313,0.10303536,1.5533934,-4.3092794,0.02352923193751403,3.72091258063379,0.0210771332478865,0.010458451588077821,-0.01636730405408412,0.002771446429732821
266,8.866667,axial_advance_candidate,unknown_no_ground_truth,0.5267712386234762,0.11990798547899371,0.1638367104257186,0.006007831095890012,1.6891931144328645,0.10303536,1.212571,-6.435033,0.023211714461616052,3.670907818364564,0.020754867098599823,0.010393227601041664,-0.005606342083377469,0.0021593894787401762
267,8.9,axial_advance_candidate,unknown_no_ground_truth,0.5267314584411931,0.1198482306224263,0.16378499856273265,0.0019990510705221614,1.461579405221161,0.102983646,1.1559778,-6.788012,0.02313548664246343,3.5790062983045554,0.02070336973644865,0.010325755359270614,-0.0007158850683330624,0.0018664709350787025
268,8.933333,axial_advance_candidate,unknown_no_ground_truth,0.5267467922747026,0.11978645636149807,0.16378778477312933,0.0021335835534042075,0.6101451124559468,0.102983646,1.8823028,-2.257828,0.02312793762628259,3.5471478278291344,0.02070714303644006,0.01030124876476779,-0.00019349602870168115,0.0021247912994535726
269,8.966666,axial_advance_candidate,unknown_no_ground_truth,0.5267782852967714,0.11971478688664271,0.16376977534361786,0.0023923194948381452,0.5274816747226838,0.102983646,2.1227357,-0.758216,0.023105507104778527,3.5471478278291344,0.020690470616217663,0.010284400043191845,-0.0005846871553759687,0.0023197701385527392
270,9.0,axial_advance_candidate,unknown_no_ground_truth,0.5267419433239188,0.11963236678718943,0.16374692667265628,0.003011455963926677,0.5007415346325423,0.10293934,2.4688947,1.400823,0.023051047435187183,3.5471478278291344,0.020668163750963385,0.010206752422911646,-0.0006246001944839315,0.002945970403741386
271,9.033334,axial_advance_candidate,unknown_no_ground_truth,0.5266664813622808,0.11955344548636263,0.16372763284867908,0.002971873622266896,0.22975508761423208,0.10293934,2.841961,3.727686,0.022986389730996648,3.5471478278291344,0.02064883004464304,0.01009950150515931,-0.000510515236998991,0.00292769653815378
272,9.066667,axial_advance_candidate,unknown_no_ground_truth,0.526601665555243,0.11949660282920446,0.16371310440428072,0.002126491010689374,0.17195111540045088,0.10293934,2.9702933,4.528112,0.02293562405688629,3.5507873083290993,0.020634129319488596,0.010013768426793294,-0.0004468613715623321,0.002079009122911236
273,9.1,axial_advance_candidate,unknown_no_ground_truth,0.5265527558328635,0.11947401482053863,0.16369839914464301,0.001474563948913149,0.1348229856651562,0.10293934,3.1238716,5.4859996,0.022899005163799214,3.5544785854538192,0.020619039286061538,0.009960906405119666,-0.00040480430819566624,0.001417911249514781
274,9.133333,axial_advance_candidate,unknown_no_ground_truth,0.5265111280208219,0.11946857686316992,0.16368700328524172,0.001151405303687358,0.1249734484500641,0.10276944,3.3687723,7.0134773,0.022872240118049898,3.5581110469262227,0.02060714231773962,0.009923963598993907,-0.00033442375189956093,0.0011017689991667026
275,9.166667,axial_advance_candidate,unknown_no_ground_truth,0.5264798403128115,0.11946324193639504,0.16367696606917165,0.0007438163863798264,0.10387489449078935,0.10276944,3.5126479,7.9108486,0.02285053098175656,3.5610711002757727,0.020596744415671893,0.009895498250401811,-0.00026081333995171753,0.0006965911414526983
276,9.2,axial_advance_candidate,unknown_no_ground_truth,0.5264648926295361,0.11946241945795114,0.1636701700376662,0.0005514611502756997,0.10387489449078935,0.10276944,3.5638232,8.230036,0.022838787031231562,3.5632018968650865,0.020589754698561953,0.009882924390634434,-0.0003860926948068323,0.00039375351589566304
277,9.233334,axial_advance_candidate,unknown_no_ground_truth,0.5264533542989831,0.11946110632647775,0.16365155857194164,0.001162046021388351,0.10387489449078935,0.10276944,3.6323833,8.657655,0.022817534829339473,3.565503077346819,0.020571004573019018,0.009872875292687055,-0.000731825556868461,0.0009026529289481439
278,9.266666,axial_advance_candidate,unknown_no_ground_truth,0.5264053739195548,0.11945048351687976,0.16362204067232283,0.002564190048714974,0.10387489449078935,0.10117394,3.7492337,9.386466,0.02277101347361958,3.567738905516898,0.020540966715319707,0.009827906237642507,-0.0010392090848437253,0.002344166180949458
279,9.3,axial_advance_candidate,unknown_no_ground_truth,0.5263003482342361,0.11942592433508994,0.16358392401890312,0.0043277548653333645,0.16889570769607673,0.10117394,3.7530794,9.410452,0.022692926742293618,3.573120778030361,0.020501723752333858,0.009728733078571665,-0.0013117287508447855,0.00412417626425251
280,9.333333,axial_advance_candidate,unknown_no_ground_truth,0.5261366459308541,0.11938822369508537,0.16353748385960826,0.00619809681895553,0.4655321849553479,0.10117394,4.129252,11.756689,0.02258369761597889,3.5908200531335863,0.0204535184894766,0.009574809627904338,-0.001431598735386763,0.006030499916092006
281,9.366667,axial_advance_candidate,unknown_no_ground_truth,0.5259074768572629,0.11933605314478843,0.1634927314492046,0.007850906812863009,0.4655321849553479,0.10117394,5.848228,22.478168,0.022450695837713277,3.6087227280284293,0.02040628393770127,0.009360412354775364,-0.0012660629206812212,0.0077481496155620885
282,9.4,axial_advance_candidate,unknown_no_ground_truth,0.525631970033043,0.11927415232136757,0.16345855934408943,0.008549826268574473,0.4655321849553479,0.09882501,5.9572754,23.158312,0.022311237337381853,3.6246708132312717,0.02036911410503085,0.009104422117916955,-0.0008580299752084949,0.008506662905302513
283,9.433333,axial_advance_candidate,unknown_no_ground_truth,0.5253534624229174,0.11921221167689475,0.16344156910739258,0.008194505578472948,0.4655321849553479,0.09882501,5.8807383,22.680939,0.022189302632780912,3.639676518281901,0.020349082466511206,0.008847598210828981,-0.0003852292356870947,0.008185445626940308
284,9.466666,axial_advance_candidate,unknown_no_ground_truth,0.5250989238239707,0.11915620356577472,0.1634387078451593,0.007072336375884437,0.45797767739278095,0.09882501,6.2801647,25.172213,0.0220922999779976,3.6539557167426624,0.020343431786755045,0.008614783889075635,-0.00019445891455929836,0.0070696624773893295
285,9.5,axial_advance_candidate,unknown_no_ground_truth,0.5248931351231156,0.11911054443845338,0.16343364449574385,0.0058740113368225075,0.32675200211586364,0.09882501,6.3317504,25.493963,0.022013192484281966,3.664165628394895,0.020336118485949975,0.008427510206190897,-0.00018548467055012105,0.005871082065693704
286,9.533334,axial_advance_candidate,unknown_no_ground_truth,0.5247166740588365,0.11907150769215485,0.1634305229517317,0.005082945377208185,0.32675200211586364,0.09718519,6.35836,25.65993,0.021947901250525443,3.672268134747794,0.020331065976164138,0.008267897288650681,-0.00013465467019827882,0.005081161464416954
287,9.566667,axial_advance_candidate,unknown_no_ground_truth,0.5245623909302526,0.11903700631294675,0.16342828217599387,0.004347966650978518,0.32675200211586364,0.09718519,6.340396,25.547884,0.021892245867805835,3.682240296660413,0.020327141501942602,0.008128822023913695,-0.00015616767033518544,0.004345161177305558
288,9.6,axial_advance_candidate,unknown_no_ground_truth,0.5244338459215421,0.11900845650495295,0.16342320011539113,0.003716727894317071,0.322133494089572,0.09718519,6.744242,28.066729,0.021843698030002447,3.686245554492862,0.02032065471704479,0.008013621871324988,-0.00015551854638631222,0.0037134727980859773
289,9.633333,axial_advance_candidate,unknown_no_ground_truth,0.5243204634871349,0.11898402021095911,0.1634205676833816,0.0031473268100441565,0.322133494089572,0.09718519,6.72733,27.961243,0.021803343433074194,3.6933648141419315,0.020316773551907443,0.007912932282099583,-5.276807984981932e-05,0.0031468844241521947
290,9.666667,axial_advance_candidate,unknown_no_ground_truth,0.5242343752708909,0.11894338903125631,0.16342160202648146,0.002265951669786859,0.3766600698867638,0.09365441,6.627918,27.341198,0.021770801277061085,3.696265698791085,0.020317136952131016,0.007821875370627998,0.00011586058561978661,0.0022629876920809127
291,9.7,axial_advance_candidate,unknown_no_ground_truth,0.5241860219791546,0.11891568256258338,0.16342927910528038,0.0013191476124431605,0.4382657503371525,0.09365441,6.6825137,27.681719,0.02175818795105899,3.6962148855417847,0.020324497401112175,0.007767467303168583,0.0001595512740070808,0.0013094631779386576
292,9.733334,axial_advance_candidate,unknown_no_ground_truth,0.5241473557787472,0.11894788350824259,0.16343349188120382,0.002187326139733907,0.5294811653655647,0.09365441,6.6633086,27.561935,0.02175886759652798,3.6962148855417847,0.02032777355901772,0.007760795140740113,-0.00010988423914721609,0.002184564280480268
293,9.766666,axial_advance_candidate,unknown_no_ground_truth,0.5241260767889759,0.11904852343638755,0.16342444704513004,0.004350183185029053,1.1440962647353488,0.09365441,6.563192,26.937494,0.021768023398307745,3.696143891632202,0.020317172206911344,0.007814048642284134,-0.0005727400891127032,0.004312315217331948
294,9.8,axial_advance_candidate,unknown_no_ground_truth,0.5241040681424973,0.11923262481487881,0.16339947889586687,0.006590815156796189,1.552129802949806,0.0921697,6.4515934,26.241436,0.021782786798660112,3.6845699628273376,0.02028959041929371,0.007926053326415744,-0.0006654843684877255,0.006557131612706341
295,9.833333,axial_advance_candidate,unknown_no_ground_truth,0.5240699748183413,0.11948264013672127,0.16338630553296007,0.008165535121372882,1.8801231136821768,0.0921697,6.445844,26.20558,0.021823504751415677,3.6749931825113085,0.02027280633344508,0.00807952244886365,0.0002941996504742437,0.008160233476073763
296,9.866667,axial_advance_candidate,unknown_no_ground_truth,0.5240523760408553,0.11977385475294601,0.16342661621135873,0.00846528931438812,2.054384548283541,0.0921697,7.0550604,30.005339,0.021931966111480405,3.646183079164875,0.020309205214484132,0.008279330955523856,0.0009572398703275802,0.008410993699138582
297,9.9,axial_advance_candidate,unknown_no_ground_truth,0.5240031792631062,0.1200384154824044,0.1634580423062679,0.006585443744741731,2.44157004962455,0.0921697,7.4909086,32.72378,0.022019837723092687,3.607215876817818,0.02033662253862056,0.008443638852592283,0.0007812363977970973,0.006538940205103195
298,9.933333,axial_advance_candidate,unknown_no_ground_truth,0.5239525373968626,0.12019731671964673,0.16348540607188566,0.005378803059276861,2.054384548283541,0.0921697,7.4155407,32.253704,0.02207634179716011,3.607215876817818,0.02036128749486987,0.008531285875897862,-0.0014513632178013304,0.005179292148595162
299,9.966666,axial_advance_candidate,unknown_no_ground_truth,0.5237414891483787,0.1202663294974021,0.16336773295531315,0.01218528083880335,2.506784730458437,0.0921697,7.1967773,30.889246,0.021933089700259714,3.607215876817818,0.020239869280232522,0.008450332260848601,-0.006961285639386662,0.010001078510209642
300,10.0,axial_advance_candidate,unknown_no_ground_truth,0.5232876577217429,0.12030711602207254,0.16303174480292582,0.02116782040016447,2.6703956856247655,0.0921697,6.0627055,23.815893,0.021522957744209068,3.607215876817818,0.019897195880299527,0.008206053019570406,-0.013215495422351356,0.01653563730962401
301,10.033334,axial_advance_candidate,unknown_no_ground_truth,0.5226300811543595,0.12035814298684125,0.16250295111437119,0.02797754970869721,2.6703956856247655,0.0921697,5.2610044,18.815578,0.020900206010441374,3.664789419210426,0.019358824432842658,0.007877469635439031,-0.01773538626570543,0.02163791491130443
302,10.066667,axial_advance_candidate,unknown_no_ground_truth,0.5218478596233256,0.12055399075741491,0.16187206060398518,0.030781534471738703,2.506784730458437,0.13671814,4.0649314,11.355514,0.02022263073073908,3.806780039598953,0.01871484096270113,0.007662213871501917,-0.01869543438070617,0.024453703150065995
303,10.1,axial_advance_candidate,unknown_no_ground_truth,0.521076994896823,0.12091944169535596,0.16128476219523943,0.028983429122792503,1.7915745756744268,0.13671814,3.7999208,9.702607,0.019676798218082287,3.9052083996638154,0.01811246450225437,0.007688629121612107,-0.015596650090999593,0.02442915613882025
304,10.133333,axial_advance_candidate,unknown_no_ground_truth,0.5204524180517848,0.12142954328874542,0.16086227614635584,0.02426057577974887,1.4966220031252764,0.13671814,3.8877027,10.250114,0.01939478999459517,3.9539847856932453,0.017675060579163137,0.007984366753685744,-0.010485207023433907,0.02187775058914124
305,10.166667,axial_advance_candidate,unknown_no_ground_truth,0.5200301631008479,0.1219532527172075,0.16061301344242307,0.01720314350706841,0.7303516903336383,0.13671814,3.8328903,9.908242,0.01933276493352908,3.974712087960375,0.017413456379548813,0.008398055542364696,-0.004539577761702585,0.016593383629333873
306,10.2,axial_advance_candidate,unknown_no_ground_truth,0.5198828620612532,0.12238397054969172,0.16057940754307853,0.011234317336106088,0.6680086458519942,0.13671814,3.792247,9.654745,0.019471798959174787,3.9779676561612303,0.017372416057369847,0.008794891416962384,-0.0003659504456193344,0.011228355457487299
307,10.233334,axial_advance_candidate,unknown_no_ground_truth,0.5198320251243139,0.12267540756837883,0.16060042038577182,0.006683711148336482,0.539145387398325,0.13671814,3.7888918,9.633818,0.01961441065577896,3.979745422238552,0.01738906133942939,0.009074450457581294,0.00024388607198509688,0.006679260011280371
308,10.266666,axial_advance_candidate,unknown_no_ground_truth,0.5197978971663552,0.12282077829800996,0.16060233214842867,0.003171551537390096,0.539145387398325,0.13671814,3.7437303,9.35214,0.01967849125307254,3.980255316113418,0.017388675617999935,0.009212870250319777,-0.0007923824335998663,0.003070972033940367
309,10.3,axial_advance_candidate,unknown_no_ground_truth,0.5197265600189531,0.12285194190567139,0.16055125342575471,0.0036031340497179707,0.539145387398325,0.13671814,3.7827077,9.595247,0.019641485899178503,3.9803963037615384,0.017336234387505926,0.009232710630637405,-0.002180350943228547,0.002868561441663644
310,10.333333,axial_advance_candidate,unknown_no_ground_truth,0.5196122513929566,0.12287583869779865,0.16046019334288275,0.004834595924352165,0.5189910444401221,0.25248796,3.3766222,7.0624385,0.01956288745103753,3.997694479927118,0.0172433202024179,0.009239830832804698,-0.0029848690409333407,0.00380314009211339
311,10.366667,axial_advance_candidate,unknown_no_ground_truth,0.5194782927401862,0.12291752543714032,0.16035646150644917,0.0051719006801467125,0.5189910444401221,0.25248796,3.1827445,5.853198,0.01948075308650541,4.0201092852310625,0.017137242913889416,0.009263619493898534,-0.003078008672519846,0.004156250624925624
312,10.4,axial_advance_candidate,unknown_no_ground_truth,0.5193527349115711,0.12298261710887579,0.1602598640006925,0.004081909225262234,0.539145387398325,0.09439306,2.948724,4.3935814,0.019417547797756278,4.0201369592245015,0.01703811963837196,0.009313626665626736,-0.002450525614148872,0.003264491865157765
313,10.433333,axial_advance_candidate,unknown_no_ground_truth,0.5192930537558493,0.12303730745273424,0.1601971164473811,0.0020605986937644845,0.6649741519750438,0.09439306,3.0516727,5.035686,0.01938426971190709,4.0201369592245015,0.01697387567594403,0.009361487958735742,-0.0012624445006891127,0.0016285886096321922
314,10.466666,axial_advance_candidate,unknown_no_ground_truth,0.519312914182581,0.12308511506530172,0.1601775215952773,0.001977223608303423,0.7069316723888099,0.09439306,3.0412977,4.9709754,0.019390690480412705,4.0201369592245015,0.016953955501177138,0.00941075290140345,-0.0001701893102809902,0.001969885477863749
315,10.5,axial_advance_candidate,unknown_no_ground_truth,0.5193819095003206,0.12313400897325355,0.16018576588822875,0.002741680288817352,0.6649741519750438,0.09439306,2.922872,4.2323394,0.019425234680024255,3.997666026868913,0.016962530530634946,0.009466377362607855,0.0003374251768052385,0.002720837197655815
316,10.533334,axial_advance_candidate,unknown_no_ground_truth,0.5194673340874092,0.12318049738981339,0.16019910050970484,0.0024684518811547997,0.3220460721842344,0.06643487,2.462012,1.3578949,0.019464497386058977,3.953548084584703,0.016976450814739214,0.009521910324437896,8.944914422589607e-05,0.0024668306671058564
317,10.566667,axial_advance_candidate,unknown_no_ground_truth,0.5195242475510818,0.12321644553435049,0.16019081355773127,0.0018454311188875023,0.3220460721842344,0.06643487,2.3781815,0.83503246,0.019478206138230904,3.9299855750810924,0.016968494444491777,0.009564032133502468,-0.0003088478314065785,0.0018194034823517933
318,10.6,axial_advance_candidate,unknown_no_ground_truth,0.5195615905108812,0.1232567448425744,0.1601781720122156,0.0012512921721284291,0.3220460721842344,0.06643487,2.7470672,3.1358213,0.019489006527742592,3.9207329796290717,0.016955860827765366,0.009608337995087672,-0.0005599856771270813,0.0011189942544277904
319,10.633333,axial_advance_candidate,unknown_no_ground_truth,0.5195590433620844,0.12328262995925215,0.16015383000730546,0.001107107561609132,0.3220460721842344,0.06643487,2.7672238,3.261541,0.01947993590651281,3.9194457642357654,0.016931162464158808,0.009633464617369329,-0.0009549074040055608,0.0005602133546672005
320,10.666667,axial_advance_candidate,unknown_no_ground_truth,0.5195278944552733,0.1232397236130151,0.1601147486449277,0.0028646576308155023,0.3220460721842344,0.06643487,3.2551413,6.304746,0.019422979946539555,3.9194457642357654,0.016892199969414795,0.009586747633946582,-0.0011859157191872567,0.0026076555080711983
321,10.7,axial_advance_candidate,unknown_no_ground_truth,0.5194963995597035,0.12312105147424585,0.1600735826761407,0.004600213539597626,0.3220460721842344,0.06643487,3.3228097,6.726803,0.01932809655196838,3.9194457642357654,0.016852101541468448,0.009464776276185756,-0.0013723804194636373,0.004390733036085219
322,10.733334,axial_advance_candidate,unknown_no_ground_truth,0.5194544619284909,0.12295720757023898,0.16002069439531313,0.005415577574036666,0.3772042988694875,0.06643487,3.780818,9.583461,0.019201338414311674,3.9174211050663357,0.016800707688186114,0.009296645528202368,-0.0015598158072178366,0.005186082828875975
323,10.766666,axial_advance_candidate,unknown_no_ground_truth,0.5194000922271752,0.1227899072601906,0.15996673326123922,0.005660095151002898,0.5503422312384684,0.06643487,4.8330774,16.146542,0.01907202695320099,3.9182758906143453,0.016748113971834087,0.00912375418838544,-0.001573122066073656,0.005437091509588437
324,10.8,axial_advance_candidate,unknown_no_ground_truth,0.5193581265750737,0.1226087101028517,0.15991273974288683,0.006442244837088095,0.6478108128054187,0.06643487,5.306663,19.100357,0.018937992581507454,3.9182758906143453,0.016695832975401816,0.008938496756989772,-0.0012979430526689306,0.006310139647663645
325,10.833333,axial_advance_candidate,unknown_no_ground_truth,0.5193382450582482,0.12237474122701286,0.15987581422258854,0.007466263263524494,0.6746891993399835,0.06643487,5.25224,18.760914,0.01879778508782844,3.9182758906143453,0.016661584018947274,0.00870335235341797,-0.0006659475729105676,0.007436504619133235
326,10.866667,axial_advance_candidate,unknown_no_ground_truth,0.5193862827622723,0.12211438071473875,0.15986173037169582,0.009243429847549639,0.9912957081528451,0.06643487,5.5812035,20.812702,0.018672728790404068,3.9012071339748053,0.0166514371851139,0.00844987811451687,-0.0001482906340656813,0.00924224027140714
327,10.9,axial_advance_candidate,unknown_no_ground_truth,0.519537218081545,0.12179186439544014,0.15985586080460623,0.012374247715535209,2.0290034819226106,0.06643487,5.5871215,20.849613,0.018538868555669177,3.8493224911127086,0.016651697705680302,0.008149270571224198,0.00019150775655498163,0.012372765709598143
328,10.933333,axial_advance_candidate,unknown_no_ground_truth,0.5197973613321203,0.12139914839741986,0.15985985710108225,0.015435744693703053,2.729439390834141,0.06643487,5.677531,21.413507,0.01840059779929562,3.776716898750879,0.016664204689749735,0.007802966194311339,0.0005105928601680795,0.015427297533279358
329,10.966666,axial_advance_candidate,unknown_no_ground_truth,0.5201589728004377,0.1209720313619872,0.1598710541859643,0.016258057008061766,3.736021039036613,0.06643487,4.8067946,15.982612,0.018277489630526833,3.6510050967605068,0.01668573695634765,0.007460081059719803,0.0007154087019204712,0.016242309197481822
330,11.0,axial_advance_candidate,unknown_no_ground_truth,0.5205433087316989,0.12061329025738521,0.15988742974918438,0.016047096279779356,3.9925480855151356,0.06643487,4.508004,14.119017,0.018203508811019918,3.5031025167509124,0.016711898672840043,0.0072166595999539115,0.0009230376381489421,0.01602052747355932
331,11.033334,axial_advance_candidate,unknown_no_ground_truth,0.5210157374004136,0.12033271243245681,0.15991279394129593,0.01760355438343732,4.012275669617997,0.06643487,4.3374496,13.055245,0.018193724808315305,3.3827209985908233,0.016747273624406492,0.007109180582174471,0.0010645250512128493,0.017571337835975257
332,11.066667,axial_advance_candidate,unknown_no_ground_truth,0.5215864752727546,0.12007796699033063,0.15993735167598555,0.019920535130911438,4.27543964346495,0.06643487,4.008855,11.005756,0.01822668177547598,3.2431086819443093,0.016782866953001734,0.007109662817765031,0.0011633217683000663,0.019886538219742417
333,11.1,axial_advance_candidate,unknown_no_ground_truth,0.5222227571464029,0.1197814756204276,0.15996685353873907,0.02104296633957192,4.27543964346495,0.06643487,3.743331,9.349649,0.018286546415529934,3.110700208443562,0.0168248284998476,0.007164002076915291,0.0011063735106083426,0.021013861378227965
334,11.133333,axial_advance_candidate,unknown_no_ground_truth,0.522855807314055,0.11948262272570359,0.15998620368053657,0.02008186218888027,4.104306048008248,0.06643487,3.4998412,7.8309717,0.01836224038721817,2.803720511795991,0.016856625424863606,0.007281898881735993,0.0007483986110346725,0.020067911911611048
335,11.166667,axial_advance_candidate,unknown_no_ground_truth,0.523422533262231,0.11918799781922698,0.15999281426602452,0.017047282022005835,4.104306048008248,0.06643487,3.6786997,8.946536,0.018434761598904885,2.586084102214932,0.01687472128365705,0.007421874211231952,0.00041830605097768346,0.0170421490541985
336,11.2,axial_advance_candidate,unknown_no_ground_truth,0.5238534522483709,0.11893832810569041,0.15999354933818083,0.011965422662476808,4.012275669617997,0.06643487,3.572915,8.286743,0.01849360407363544,2.4548826298265176,0.01688451272328067,0.007544973275615922,7.544375887611173e-05,0.01196518481808619
337,11.233334,axial_advance_candidate,unknown_no_ground_truth,0.524102924393335,0.11877172451510587,0.15998326465852222,0.005368716752145003,0.9606843252973901,0.06643487,3.9530876,10.657928,0.018518173750462122,2.423190518987902,0.016879750429043282,0.007615561995382706,-0.0002321655290586813,0.005363694503966393
338,11.266666,axial_advance_candidate,unknown_no_ground_truth,0.5241437908949648,0.11873018587045078,0.15997146385341515,0.0003673171234148132,0.3638711382957331,0.06643487,3.9953084,10.921266,0.018509753135712476,2.4200832375847834,0.016869035223774566,0.007618832703509826,-0.00027904030988690985,0.00023886894861398458
339,11.3,axial_advance_candidate,unknown_no_ground_truth,0.5241170430704046,0.11876511664635603,0.15996438182932815,0.0026573833676892876,0.3638711382957331,0.06643487,3.9999652,10.950311,0.01850378466110641,2.416024001617803,0.01686114782300711,0.007621793809550321,-0.00017963504162386815,0.0026513048890484947
340,11.333333,axial_advance_candidate,unknown_no_ground_truth,0.5240639195422632,0.11888806476111571,0.1599625690452827,0.005147989505821937,0.3638711382957331,0.06643487,4.022604,11.091512,0.018517660874963756,2.415740486854308,0.016857059474416732,0.007664418448658747,3.3670349353205416e-05,0.005147879394432938
341,11.366667,axial_advance_candidate,unknown_no_ground_truth,0.5240250537221316,0.11909567109144632,0.15997204906734996,0.0074723188122587615,0.3638711382957331,0.06643487,4.200401,12.200454,0.018570611760684492,2.4155931656889367,0.016863392791635148,0.007777763478089371,0.00028183953977116145,0.007467001734689618
342,11.4,axial_advance_candidate,unknown_no_ground_truth,0.5239894807107434,0.11937993677960945,0.15998857189937835,0.008766621057402094,0.40893472909361034,0.06643487,4.3885336,13.373863,0.018655457549246163,2.413555570891802,0.016875848601338263,0.007951844462540445,0.00013779305143817635,0.008765538080406768
343,11.433333,axial_advance_candidate,unknown_no_ground_truth,0.5239325687814216,0.11967247626955649,0.1599897632100841,0.008537760456238167,0.5728294337852337,0.06643487,5.0411572,17.444363,0.018726463245416446,2.4136031684000807,0.016872578519026744,0.008123824210383324,-0.00031302389442576804,0.008532020256048546
344,11.466666,axial_advance_candidate,unknown_no_ground_truth,0.5238475327357557,0.11993100638090842,0.15997658267861434,0.007524137171718136,0.5728294337852337,0.06643487,5.459948,20.056416,0.018769616597208605,2.4136413201579483,0.01685498078888401,0.008258821333129784,-0.0006503400865936345,0.007495978785362189
345,11.5,axial_advance_candidate,unknown_no_ground_truth,0.5237224000583218,0.12012660254166649,0.15995499875402658,0.006204486906855625,0.5728294337852337,0.06643487,6.0470343,23.71815,0.018776361806582004,2.413698920766101,0.016829222303766597,0.008326406148037481,-0.0010043931951999696,0.006122650740225093
346,11.533334,axial_advance_candidate,unknown_no_ground_truth,0.5235635856268317,0.1202258731767179,0.15991721926480906,0.00538753662962278,0.44159069864428824,0.06643487,7.4027324,32.173817,0.018729212487571534,2.422849819067327,0.0167880203442617,0.008303359159115105,-0.0012890918289307212,0.0052310413104955725
347,11.566667,axial_advance_candidate,unknown_no_ground_truth,0.5233851496168771,0.12022063439789597,0.1598748583918974,0.006096625100109871,0.44159069864428824,0.06644225,8.065819,36.30957,0.01863878280754669,2.433817042065995,0.016743283048956222,0.0081894259438274,-0.0014171405071937287,0.005929633242803504
348,11.6,axial_advance_candidate,unknown_no_ground_truth,0.5231701620536726,0.12017722264958382,0.15982751676156726,0.007531485379093294,0.44159069864428824,0.06644225,8.747064,40.558586,0.018522445914723726,2.4454310873723677,0.016693544240111567,0.008025371229251869,-0.0015177215337525024,0.007376977250980242
349,11.633333,axial_advance_candidate,unknown_no_ground_truth,0.5228961811813283,0.12015791225429459,0.15977958443743606,0.009222381440824231,0.47127372238255083,0.06644225,8.85072,41.205105,0.018400475809083133,2.459932749399524,0.016642101775945644,0.00784971072586248,-0.0013467996241653356,0.009123510849032151
350,11.666667,axial_advance_candidate,unknown_no_ground_truth,0.522560807552473,0.12016998709369411,0.15974599095811287,0.01121039085994211,0.47127372238255083,0.06644225,9.760168,46.877453,0.018290818385685373,2.475258706605911,0.016603758041553437,0.007672630325753719,-0.00107042230997197,0.011159169293051696
351,11.7,axial_advance_candidate,unknown_no_ground_truth,0.5221523704627349,0.12019801499403825,0.15971892825421666,0.012834280933903753,0.5839450490593346,0.06643487,10.03299,48.57908,0.018182067771108024,2.502380545964791,0.01657074022162178,0.007483191627954691,-0.0008610789567760579,0.01280536255326505
352,11.733334,axial_advance_candidate,unknown_no_ground_truth,0.521709793395006,0.12024650275991607,0.15970122389078975,0.01306182217769267,0.5839450490593346,0.06643487,10.023642,48.52077,0.018090973807573144,2.5305164859758182,0.016546353062115108,0.0073144742565772695,-0.0005435153294743839,0.01305050917352616
353,11.766666,axial_advance_candidate,unknown_no_ground_truth,0.5212888854278342,0.12030817906374304,0.15969592974997146,0.011640785766462235,0.5839450490593346,0.06643487,10.327961,50.41885,0.01803025208893939,2.5478787180713742,0.01653450555943866,0.007190279291904827,-0.0003448087500651188,0.011635677899742165
354,11.8,axial_advance_candidate,unknown_no_ground_truth,0.520943450950484,0.12036837397122102,0.15969028855407236,0.009059037985084862,0.5839450490593346,0.066427484,10.677572,52.599422,0.01799001457711314,2.5640086129827986,0.01652336583696256,0.007114703500683759,-0.00021250870436243029,0.009056545106484072
355,11.833333,axial_advance_candidate,unknown_no_ground_truth,0.5206914950926725,0.12039673619237251,0.15969107671995694,0.006480352002502135,0.39836400804692446,0.066427484,10.611973,52.19027,0.017963848411648137,2.5767544455649016,0.01652033811122533,0.007055372311045616,-0.0002018097752545649,0.006477208881219219
356,11.866667,axial_advance_candidate,unknown_no_ground_truth,0.520512211126094,0.120393317847666,0.15968306716284558,0.004785427892070744,0.3104691512982801,0.066427484,10.354228,50.58268,0.017930957394071727,2.5840506171954845,0.016509911635777752,0.006995859550250139,-0.00045242003908359214,0.004763993725693206
357,11.9,axial_advance_candidate,unknown_no_ground_truth,0.520374159726687,0.12037676570162245,0.15966501651872952,0.003982441362609514,0.2631953365918323,0.066427484,10.3784075,50.73349,0.01789081077553477,2.592569206763889,0.016490177087674057,0.0069393926119755145,-0.0005368010334916224,0.003946097294424638
358,11.933333,axial_advance_candidate,unknown_no_ground_truth,0.5202512991002018,0.12035663926953226,0.15965039544379722,0.003872339451521142,0.23533849724100425,0.066427484,10.794869,53.33102,0.017855325617470573,2.602470672310428,0.016474125022381436,0.006885917342870652,-0.00041789487552681135,0.003849724236983149
359,11.966666,axial_advance_candidate,unknown_no_ground_truth,0.520120950108659,0.12033309353096128,0.15964007930253177,0.0040192461589177815,0.23370815366472827,0.066427484,10.45963,51.240086,0.017822592634337373,2.61007974752314,0.016462317351755615,0.0068291226097956965,-0.00047785548881040146,0.00399073850531316
360,12.0,axial_advance_candidate,unknown_no_ground_truth,0.5199897547603036,0.12030608331191428,0.1596214878518912,0.003913810176678038,0.2164414961551147,0.066427484,10.524526,51.64485,0.01778178431360675,2.6152108715027533,0.016442267767059725,0.00677079641194002,-0.0006030675209198057,0.0038670686138573
361,12.033334,axial_advance_candidate,unknown_no_ground_truth,0.5198678998945282,0.1202816214103617,0.15960269431912083,0.0032855866838464288,0.2164414961551147,0.066427484,11.2109375,55.92609,0.017743526983818154,2.620427623209629,0.016422112311009603,0.006719150025864129,-0.0005976005121395373,0.0032307821785071697
362,12.066667,axial_advance_candidate,unknown_no_ground_truth,0.5197778853539319,0.1202650109715483,0.1595840333720056,0.002378654126644117,0.2164414961551147,0.066427484,11.154338,55.57307,0.017711866335384987,2.620371159382007,0.016402427774746882,0.0066836047292427635,-0.0005582350398269678,0.00231222167936175
363,12.1,axial_advance_candidate,unknown_no_ground_truth,0.5197157457583641,0.12025447279013754,0.15956721992922215,0.0018164347883398374,0.2164414961551147,0.066427484,11.365731,56.89156,0.017686941134807208,2.6202688064884057,0.016384896721484563,0.006660558995491282,-0.0005596059611546114,0.0017280846358125558
364,12.133333,axial_advance_candidate,unknown_no_ground_truth,0.5196636176382984,0.12024730695832911,0.1595480662183179,0.0015263293398175418,0.2164414961551147,0.066427484,11.557473,58.08748,0.017662092735005585,2.619845341417379,0.016365120827778634,0.006643217599337161,-0.0005778509098203259,0.001412717091143048
365,12.166667,axial_advance_candidate,unknown_no_ground_truth,0.5196218577207715,0.12024259532160135,0.1595298296398962,0.0013972251213791465,0.2618668254742417,0.066427484,11.301189,56.489002,0.017639966972201736,2.5857828253043174,0.0163463733763567,0.00663057404913819,-0.0005662319320466984,0.001277348597268433
366,12.2,axial_advance_candidate,unknown_no_ground_truth,0.519578696773662,0.12023652248078762,0.15951134129719444,0.00156517875722119,0.2739324325012483,0.0664201,11.1811,55.73999,0.017617099279167794,2.5652989796325976,0.016327372092871637,0.006616578235989568,-0.0005367648980292777,0.0014702611966246296
367,12.233334,axial_advance_candidate,unknown_no_ground_truth,0.5195247682005976,0.12022646241708154,0.15949516934507663,0.0017762125472824966,0.3036722400765145,0.0664201,11.507319,57.774662,0.01759422713904437,2.5633452381244437,0.016310589130116012,0.006597083510827101,-0.0005785857000294456,0.0016793360595322223
368,12.266666,axial_advance_candidate,unknown_no_ground_truth,0.519468587043396,0.1202141005643774,0.15947399223841213,0.0018818738113194743,0.3289164818778185,0.0664201,11.872465,60.052124,0.017565862380013605,2.5547839360498976,0.016288799910181985,0.006575296087601879,-0.0007587285317242017,0.0017221440290747234
369,12.3,axial_advance_candidate,unknown_no_ground_truth,0.5194125635390237,0.12019979871231908,0.15944578371335685,0.0016309875466387236,0.3289164818778185,0.0664201,11.854605,59.940727,0.01753043573210893,2.545762716127621,0.016260007058569836,0.006551972787860213,-0.0010052822314695186,0.001284339523795117
370,12.333333,axial_advance_candidate,unknown_no_ground_truth,0.5193862543456803,0.12018843465990664,0.159407769747956,0.0013435101554289586,0.3289164818778185,0.0664201,11.834903,59.817844,0.017489128460288352,2.5348091478070502,0.016221781445829482,0.006536315554210219,-0.001253267859593071,0.00048408595295850745
371,12.366667,axial_advance_candidate,unknown_no_ground_truth,0.5193834368957875,0.12018476950756643,0.15936242874397905,0.0014753781888251418,0.6700591907668014,0.0664201,12.226794,62.262123,0.017445403010553043,2.499473919733434,0.016176455727187865,0.006531796560437566,-0.0014699168310242797,0.0001268278752187166
372,12.4,axial_advance_candidate,unknown_no_ground_truth,0.5193791167440146,0.12018350785925738,0.1593097946420059,0.0015795864657350506,0.6939810673470692,0.0664201,12.904873,66.49139,0.017395658787970676,2.4686793580234005,0.01612378731124141,0.006529351224229848,-0.001579547591153984,1.1081967920632063e-05
373,12.433333,axial_advance_candidate,unknown_no_ground_truth,0.5193824536325908,0.1201866705714158,0.15925714481486483,0.0015005919931841182,0.9238542441901992,0.0664201,13.611553,70.89905,0.017348045188062603,2.4455806975534387,0.016071152638557264,0.0065324363537087714,-0.0014839887972916577,0.00022260633306611947
374,12.466666,axial_advance_candidate,unknown_no_ground_truth,0.5193870696117278,0.12019630819147312,0.15921089667492994,0.0012551023732559749,0.9618980308670034,0.0664201,13.7766485,71.928764,0.01730884547032422,2.4233851623674103,0.016024854655082438,0.006542183488640929,-0.0011976136594511744,0.0003755043142877941
375,12.5,axial_advance_candidate,unknown_no_ground_truth,0.5193906923131769,0.1202109024725459,0.15917748222641115,0.000980330058982347,0.9238542441901992,0.0664201,13.732061,71.65067,0.01728334041108982,2.3913516076184695,0.0159913121517393,0.006556812596928892,-0.0007844522856827734,0.0005879469670228804
376,12.533334,axial_advance_candidate,unknown_no_ground_truth,0.5194039753097586,0.12023197705760194,0.15915880671357224,0.0009493455005320876,0.9618980308670034,0.0664201,13.884258,72.599945,0.017274608855459714,2.339622557516974,0.0159725571344647,0.006579477919667187,-0.0006666696456062399,0.0006758760707465316
377,12.566667,axial_advance_candidate,unknown_no_ground_truth,0.5194115601014934,0.12025107122875275,0.1591332489734133,0.0010649860183361082,1.1435329423391645,0.0664201,13.832344,72.276146,0.017258408818090702,2.300819921562865,0.015946867766739124,0.006599248696820549,-0.0009333921321346327,0.0005128102445550026
378,12.6,axial_advance_candidate,unknown_no_ground_truth,0.5194028724306414,0.12026694336639521,0.1590970245760139,0.001366850456024645,1.1435329423391645,0.0664201,13.702141,71.46405,0.017230012174883874,2.2762086640297055,0.015910330724052915,0.006613221287534866,-0.0011554568847114005,0.0007302051470017213
379,12.633333,axial_advance_candidate,unknown_no_ground_truth,0.5193733407360624,0.12028347105921947,0.1590571377781686,0.0014823921112678351,1.1682237042267776,0.0664201,13.690078,71.38882,0.017197044423726073,2.233872792683174,0.015869837511661978,0.006624695786604415,-0.001208871598845035,0.0008579719278944725
380,12.666667,axial_advance_candidate,unknown_no_ground_truth,0.5193567131980323,0.12030318086925668,0.15901750895364591,0.001669999259983382,1.1682237042267776,0.0664201,13.513936,70.29019,0.01716647778041443,2.195788688594072,0.015829739355039778,0.0066413335511000485,-0.0014539102943700517,0.0008216096300980366
381,12.7,axial_advance_candidate,unknown_no_ground_truth,0.519348035860655,0.12033392950934946,0.15896117649526556,0.0021315042929334785,1.1435329423391645,0.0664201,14.659899,77.43771,0.01712519908770431,2.158904466093642,0.01577291074704904,0.006669912320198328,-0.0018628622499571874,0.0010358835786314475
382,12.733334,axial_advance_candidate,unknown_no_ground_truth,0.5193264192052305,0.12036759546302606,0.1588945227815877,0.0025373112604264968,1.1435329423391645,0.06641271,15.047761,79.856865,0.01707475096427188,2.106895022915344,0.015705548338198795,0.006699468030254689,-0.0020697414458139955,0.0014676916500978292
383,12.766666,axial_advance_candidate,unknown_no_ground_truth,0.5192724577660243,0.120400016468114,0.15882503926025754,0.0031908247274503115,1.1435329423391645,0.06641271,15.040191,79.80965,0.01701930359826911,2.0557146511152666,0.01563492822602225,0.006723519490355377,-0.002199384121104233,0.0023117248818020956
384,12.8,axial_advance_candidate,unknown_no_ground_truth,0.5191826899856004,0.12042994485111816,0.15875062968355796,0.004620526377785243,1.542977270721115,0.06641271,15.343928,81.704094,0.016956527502803524,2.033370589227653,0.015558922698654247,0.006741197921039997,-0.0026827519312186874,0.0037619285058798787
385,12.833333,axial_advance_candidate,unknown_no_ground_truth,0.5190233735490483,0.12044760603659152,0.15865017796517109,0.006439263853141628,1.5624521053533307,0.06641271,16.58573,89.44937,0.016862006218153834,2.026042511610909,0.015456079052900994,0.006740687947942236,-0.0032055550797396083,0.005584669694899775
386,12.866667,axial_advance_candidate,unknown_no_ground_truth,0.5188086064624905,0.12046152528136475,0.15854242274356914,0.007085109648019734,1.5624521053533307,0.066405326,17.072819,92.48741,0.016758712597696495,1.9745614801180498,0.015345218983916362,0.006736371595142596,-0.003258866187544518,0.006291150125067863
387,12.9,axial_advance_candidate,unknown_no_ground_truth,0.5186015084393336,0.12047048760301696,0.1584389631171313,0.007346515861397967,1.593175470967377,0.066405326,17.18248,93.17139,0.016660454876721555,1.9050146822030503,0.015238821403780613,0.006734172474992968,-0.003408279888841966,0.00650806603386039
388,12.933333,axial_advance_candidate,unknown_no_ground_truth,0.5183718985136159,0.12047879401343103,0.15832137813440533,0.00855357575036695,2.101251114021426,0.066405326,18.05069,98.586525,0.016551336084866253,1.8526618515334303,0.015118000111502763,0.006737417815661884,-0.003980104184113281,0.007571157692246905
389,12.966666,axial_advance_candidate,unknown_no_ground_truth,0.5180937268440263,0.12049741103136434,0.15818088881393275,0.009845817642858301,2.957262698273055,0.06639055,18.654455,102.35229,0.016428819619217726,1.7319474330618394,0.014973482073028267,0.006760247679596836,-0.0045031536326297274,0.008755668587683837
390,13.0,axial_advance_candidate,unknown_no_ground_truth,0.5177851805536532,0.12051763163963561,0.15802966058663548,0.010196842980997014,3.3616498641300736,0.06639055,18.757181,102.993004,0.01630287829185575,1.6338020376333362,0.014817789818776676,0.006798304603768484,-0.004583006120445124,0.00910887817895654
391,13.033334,axial_advance_candidate,unknown_no_ground_truth,0.5174836982754188,0.12054199788468223,0.15788423520333394,0.010506842250166647,3.3616498641300736,0.06639055,20.256094,112.34192,0.0161899608945775,1.4877481801257293,0.01466794423286943,0.006853192376504614,-0.00446254144900344,0.009512069064394621
392,13.066667,axial_advance_candidate,unknown_no_ground_truth,0.5171474410368555,0.12054437542689962,0.1577411996934425,0.014136717206195972,3.3616498641300736,0.06639055,20.439621,113.4866,0.016078550408161717,1.3571576710512365,0.014520287293737335,0.006905145917004754,-0.005762411184012926,0.012908965516815047
393,13.1,axial_advance_candidate,unknown_no_ground_truth,0.5166179043941438,0.12054825565437985,0.15751197252632798,0.018457277181963133,2.957262698273055,0.06639055,20.461353,113.62215,0.015914996941562322,1.2460936505914744,0.014283781294533652,0.007018598120698225,-0.0076355657703598544,0.016803845284289125
394,13.133333,axial_advance_candidate,unknown_no_ground_truth,0.5160203460454663,0.12056017535531793,0.15724775007315567,0.012892717926358798,2.038143884160349,0.06639055,20.301704,112.626396,0.015751988244623524,1.2160384391664245,0.014011251108912806,0.007197914699532588,-0.00034520047157679816,0.012888095753953594
395,13.166667,axial_advance_candidate,unknown_no_ground_truth,0.5157598498487188,0.12059701012796543,0.15750136538186693,0.02001136957833628,1.4900916197142136,0.06639055,20.931957,116.557365,0.01603227089668511,1.213898952528721,0.014260782870951082,0.007325556771487381,0.004614303363570349,0.019472111258661867
396,13.2,axial_advance_candidate,unknown_no_ground_truth,0.5147299118404669,0.12064910853432054,0.15757426657350493,0.04731741861896821,1.4900916197142136,0.06639055,21.036436,117.209015,0.01630532338873284,1.213898952528721,0.014318876533946371,0.007799573425307193,-0.02397545318792903,0.040793574851882036
397,13.233334,axial_advance_candidate,unknown_no_ground_truth,0.5130271463898706,0.12040089244065612,0.15593773224952706,0.08617525426798235,1.4900916197142136,0.06639055,20.919836,116.481766,0.01525077979483153,1.2138778872139186,0.012662371777310331,0.008500036783662554,-0.07485529057606435,0.04269496364823819
398,13.266666,axial_advance_candidate,unknown_no_ground_truth,0.5118674714502242,0.12016908335828008,0.15261636594887174,0.11559610582366706,2.038143884160349,0.06639055,20.964378,116.75958,0.012992846713416906,1.2138317027976566,0.00932857659257499,0.0090438777344019,-0.1125494753460344,0.026364280398463818
399,13.3,axial_advance_candidate,unknown_no_ground_truth,0.5112212350462009,0.12006057211228441,0.14845363123416871,0.12700620953026315,6.214833674499428,0.06639055,7.7614145,34.41096,0.01069182484004047,1.1651059727822834,0.005159056649784531,0.009364787925757873,-0.12642365100913436,0.012150626517414857
400,13.333333,axial_advance_candidate,unknown_no_ground_truth,0.5109932154795964,0.11999095068109406,0.1441964349254582,0.11929188718193436,6.214833674499428,0.06635362,8.090341,36.462517,0.00945565374674056,1.1853161877765783,0.0009003437977132564,0.009412691901054026,-0.11927310771811796,0.002116630031343089
401,13.366667,axial_advance_candidate,unknown_no_ground_truth,0.5110894890805113,0.12002131694293697,0.14050205081770056,0.09132619150468152,6.214833674499428,0.06635362,19.514416,107.71597,0.009700951552209803,0.5964527961164877,-0.0027924601064967347,0.009290351315851625,-0.09070959849058753,0.010594432331473003
402,13.4,axial_advance_candidate,unknown_no_ground_truth,0.511613401305258,0.12013227040510976,0.13814130951517245,0.04574419195727431,6.214833674499428,0.06635362,14.584244,76.96584,0.010308428073565445,0.5958290743917665,-0.005146995274014301,0.008931524449787205,-0.04007591387218679,0.022055661974491395
403,13.433333,axial_advance_candidate,unknown_no_ground_truth,0.5124981044169552,0.12032490766491437,0.1378143987538099,0.015806637024952327,4.818376561755632,0.06630191,12.37917,63.212513,0.010061272506028679,0.5945563354297153,-0.005464126874540913,0.00844822596404052,0.005495970324105598,0.01482039419972169
404,13.466666,axial_advance_candidate,unknown_no_ground_truth,0.5125373921241192,0.12049054651416771,0.13849956241516415,0.015337750962706106,1.4785467365892717,0.06630191,12.177241,61.953056,0.009804468509104446,0.5930907104436979,-0.0047806262151072025,0.008559977554728197,0.014240005905493864,0.005698143241924688
405,13.5,terminal_settle_candidate,unknown_no_ground_truth,0.5121353504283171,0.12036832083134157,0.1387694113565117,0.007119420988321442,1.1996585046442283,0.06630191,12.058379,61.211697,0.009839242057729843,0.5930907104436979,-0.004514806017871853,0.008742265775620636,0.003853574711171822,0.00598632751813404
406,13.533334,terminal_settle_candidate,unknown_no_ground_truth,0.5121720335611265,0.1203350340373476,0.1387595755592595,0.0009933176694835123,0.44783712015404137,0.06630191,11.846293,59.88889,0.009799358535802995,0.5930907104436979,-0.004523717787931036,0.00869272138564048,-7.968436853384151e-05,0.000990116353727944
407,13.566667,terminal_settle_candidate,unknown_no_ground_truth,0.5122008294080457,0.12036070444701669,0.13876310289639354,0.0007218752130917393,0.38917697452188577,0.06630191,11.833854,59.811302,0.009797005156024021,0.5925010192710551,-0.0045201186468669715,0.008691940948108583,0.00017318031293102177,0.0007007941227560041
408,13.6,terminal_settle_candidate,unknown_no_ground_truth,0.5122141667175778,0.12035539895355699,0.13877080070251469,0.0004436990521480944,0.38583075222954116,0.06630191,11.843618,59.872204,0.0097819718218077,0.5917483998669323,-0.0045121723354870245,0.008679128616255518,0.00021290819297406017,0.0003892800408981146
409,13.633333,terminal_settle_candidate,unknown_no_ground_truth,0.5122269737179497,0.12036044122758091,0.1387769369903269,0.0004621354527062869,0.37773847622975404,0.06630191,11.762717,59.367615,0.009774761763659094,0.584281920693042,-0.004505924717156596,0.008674249822296398,0.0001808791132843939,0.0004252668844684431
410,13.666667,terminal_settle_candidate,unknown_no_ground_truth,0.5122426100180377,0.12035325088576786,0.13878244378395235,0.0005861679292799869,0.33828461842628293,0.06630191,11.431425,57.3013,0.009758077180067834,0.5770332633622924,-0.00450011376704366,0.008658466742779852,0.00023271849994989976,0.0005379915808797161
411,13.7,terminal_settle_candidate,unknown_no_ground_truth,0.5122624896895323,0.12036656258941233,0.1387920434835307,0.0008372895297958392,0.33828461842628293,0.06630191,11.364371,56.883076,0.00975051877110308,0.5752944294408476,-0.0044904102615395125,0.008654988849715183,0.0003523816653534093,0.0007595267728187699
412,13.733334,terminal_settle_candidate,unknown_no_ground_truth,0.5122863214254837,0.12037905606403151,0.13880566451104406,0.0012153010089301062,0.33828461842628293,0.06630191,11.283869,56.380974,0.0097383096733068,0.5723764664956105,-0.004476621576663484,0.00864838334907581,0.0005145666970404084,0.0011009893989514428
413,13.766666,terminal_settle_candidate,unknown_no_ground_truth,0.5123276009160689,0.12033138704306473,0.138825017079686,0.0025969483287287118,0.37773847622975404,0.06630191,11.09602,55.209335,0.009673230619187598,0.5637681939197811,-0.004456106025123524,0.008585715445135967,0.0009174593415086211,0.0024294873901227424
414,13.8,terminal_settle_candidate,unknown_no_ground_truth,0.512394142143904,0.12025671661013124,0.13886381991716182,0.0036438918722112882,0.4008674792236084,0.06630191,10.671846,52.56371,0.00956639722701733,0.5515486709809113,-0.00441545711799501,0.00848644179525389,0.0014271944570412773,0.0033527695951493805
415,13.833333,terminal_settle_candidate,unknown_no_ground_truth,0.512479381305158,0.12016496240626592,0.13891600149227373,0.004183211208760165,0.6002820073309756,0.06630191,9.775634,46.97391,0.00943103049428646,0.544377518035686,-0.004360960199795061,0.008362198414290619,0.0017853233109288633,0.0037831041080772124
416,13.866667,terminal_settle_candidate,unknown_no_ground_truth,0.5125731789322574,0.12007601421786337,0.1389781304696661,0.004120282584313902,0.6002820073309756,0.06630191,9.412872,44.711323,0.009287925633225846,0.5305158054925638,-0.004296435405672195,0.008234452342033446,0.0019293488613908929,0.003640651252956003
417,13.9,terminal_settle_candidate,unknown_no_ground_truth,0.5126610789827118,0.12000051824533804,0.1390400831715489,0.003537058870016147,0.6002820073309756,0.06630191,8.795116,40.858295,0.009157370159342862,0.5144489789463131,-0.004232337037695682,0.008120637378591193,0.0017537073526494847,0.0030716926882784087
418,13.933333,terminal_settle_candidate,unknown_no_ground_truth,0.5127319122532881,0.11994327869285368,0.13909121458580315,0.0026395400483435246,0.7731288988891947,0.06628714,7.0229855,29.805285,0.009054031884685015,0.5071865477970376,-0.004179522031623585,0.008031630529105903,0.0014349489016988086,0.0022154217016908356
419,13.966666,terminal_settle_candidate,unknown_no_ground_truth,0.5127863098522615,0.11991899633632425,0.13913301804786987,0.0019200857433862282,0.7498022424693901,0.06628714,6.521638,26.678312,0.008986657371869385,0.4996386402176425,-0.004136673568519114,0.007977966063282653,0.00110725063017261,0.0015686699155454608
420,14.0,terminal_settle_candidate,unknown_no_ground_truth,0.5128262712539653,0.11989523823082568,0.13916314362481946,0.001816549505990985,0.6002820073309756,0.06628714,6.0735383,23.88346,0.008933522843286664,0.49762539888986784,-0.0041057057484045235,0.00793416729714232,0.000767214942228942,0.001646582321093219
421,14.033334,terminal_settle_candidate,unknown_no_ground_truth,0.5128623642045143,0.11983855227995246,0.13918211888455306,0.002007661670129937,0.5871781938541668,0.06628714,5.9714413,23.246666,0.008865693257474647,0.4933789340061113,-0.004085525219547777,0.007868227285486262,0.00048507644775204207,0.0019481802333319136
422,14.066667,terminal_settle_candidate,unknown_no_ground_truth,0.5128868675254163,0.1197797445286671,0.139193202780577,0.0018902003049288628,0.5356361870034048,0.06629453,5.9134,22.884657,0.008806954730096869,0.48718137737462064,-0.0040733671047119635,0.007808337342112346,0.0004204471408970626,0.0018428460040015963
423,14.1,terminal_settle_candidate,unknown_no_ground_truth,0.5129173935161992,0.11972818578915934,0.13920800946933165,0.0022910185499531257,0.5356361870034048,0.06629453,5.6609426,21.310045,0.008747813606645078,0.48362076228014156,-0.00405749534579894,0.0077499015745636874,0.0006455430917676802,0.002198190190338486
424,14.133333,terminal_settle_candidate,unknown_no_ground_truth,0.512966659141265,0.11965593216962937,0.13923359277604852,0.0028549326085742007,0.7498022424693901,0.06629453,5.523733,20.454252,0.008658922894538665,0.479643429810301,-0.004030331247549933,0.00766377033375795,0.000922018393786731,0.0027019478679314347
425,14.166667,terminal_settle_candidate,unknown_no_ground_truth,0.513023679995182,0.11958140632516806,0.13926618207391095,0.003079914139680865,0.5356361870034048,0.06629453,5.558558,20.67146,0.008560758624209816,0.47742975328947573,-0.003996027322393853,0.007570888578011472,0.0009566106520483391,0.002927587260560097
426,14.2,terminal_settle_candidate,unknown_no_ground_truth,0.5130788658075638,0.11949486472077361,0.1392938108431639,0.0030541257538301823,0.5114005409086967,0.06629453,5.473733,20.142393,0.00845805987397086,0.46344490935182525,-0.003966557111436877,0.007470287913687497,0.0009664951837950101,0.0028971660601197556
427,14.233334,terminal_settle_candidate,unknown_no_ground_truth,0.5131397125806123,0.11942556992371037,0.1393270724915949,0.00332168233865853,0.5356361870034048,0.06629453,4.679759,15.190274,0.008360799378739571,0.46050397825892925,-0.003931594229614778,0.007378721641666107,0.001668472941731742,0.002872241563947056
428,14.266666,terminal_settle_candidate,unknown_no_ground_truth,0.5132399098245362,0.11938760073373685,0.1394014995919731,0.0048467472020002214,0.6526478640521767,0.06629453,4.667758,15.115422,0.008241935498896501,0.45748899278128696,-0.003855326854620573,0.007284638330899604,0.003065115892097229,0.0037544670737815746
429,14.3,terminal_settle_candidate,unknown_no_ground_truth,0.5133879890973703,0.11937424030080995,0.1395273954016289,0.006560269591276239,0.7914635622344754,0.06629453,4.0616364,11.334963,0.0080885262622626,0.44970869478834746,-0.003727251897974814,0.007178568825633348,0.004361248133626359,0.0049006787108689664
430,14.333333,terminal_settle_candidate,unknown_no_ground_truth,0.5135687703255457,0.11934964882105492,0.13968730559271314,0.007866442939203976,0.8313886974563099,0.06629453,4.26209,12.585218,0.007895326261465784,0.4302780315772594,-0.003564578231004616,0.0070448533561770655,0.0049966962161786576,0.0060756852649703616
431,14.366667,terminal_settle_candidate,unknown_no_ground_truth,0.5137749854165015,0.1192367556141081,0.13985352259202466,0.009790272084724327,0.8313886974563099,0.06629453,4.4255385,13.604668,0.007625981473263492,0.41934240121823707,-0.0033941389276153444,0.006829012693691833,0.004825139793781207,0.008518653265827967
432,14.4,terminal_settle_candidate,unknown_no_ground_truth,0.5139872815690947,0.11895710402720426,0.13999835237465805,0.011818266586101195,0.8807308018901433,0.06629453,4.2247496,12.352321,0.0072470164672537325,0.41934240121823707,-0.0032429019869106217,0.006480959371878358,0.003787870041040408,0.011194796364934223
433,14.433333,terminal_settle_candidate,unknown_no_ground_truth,0.5141534101944822,0.11858842413192655,0.14009273643545006,0.012201080111124453,0.8807308018901433,0.12633263,3.9755406,10.797972,0.006856118248941528,0.41934240121823707,-0.003141615943392128,0.006093981187015056,0.0020187272517297405,0.012032917192484971
434,14.466666,terminal_settle_candidate,unknown_no_ground_truth,0.5142390516035172,0.11819325364881555,0.14011989214808318,0.010930639187091936,1.279012361897355,0.12633263,3.3671296,7.0032315,0.006529747573413766,0.4253202835624332,-0.0031083183380540436,0.00574246989385403,0.00032492036704832286,0.010925808885087963
435,14.5,terminal_settle_candidate,unknown_no_ground_truth,0.5142392113444989,0.11786487620921406,0.14010411897509306,0.008057627374786184,1.371913902846605,0.12633263,3.4982202,7.8208613,0.006327761258472677,0.44233831018096753,-0.00311995590711342,0.0055051283074871015,-0.0002404040190071078,0.008054040279173485
436,14.533334,terminal_settle_candidate,unknown_no_ground_truth,0.5141965404376185,0.11765821547684949,0.14009771449754926,0.004089801482723053,1.4020192229796657,0.12633263,3.5637062,8.229306,0.006231689323675371,0.46910275074266167,-0.003124345487659024,0.005391884373811656,0.0007876115990253083,0.004013246084800243
437,14.566667,terminal_settle_candidate,unknown_no_ground_truth,0.5141858270230151,0.11760220201110014,0.14015406198196873,0.0021580839510505893,1.6423357296839833,0.12633263,3.8941054,10.29005,0.006177978853897461,0.5124217943276448,-0.0030674502553636835,0.0053626646035411785,0.0020956368167362365,0.0005153956461998256
438,14.6,terminal_settle_candidate,unknown_no_ground_truth,0.5141752618242736,0.11763111276924734,0.1402373996264909,0.002613368498419609,1.6423357296839833,0.12633263,3.4984722,7.822433,0.006162567007257999,0.5736014987854793,-0.0029846357734917067,0.005391584314330842,0.001454944806642865,0.002170905460436939
439,14.633333,terminal_settle_candidate,unknown_no_ground_truth,0.5140430967154701,0.11761463587566387,0.1402531932593136,0.008291730994551461,1.7891460638212136,0.12633263,2.8887093,4.019262,0.006232082022448029,0.6263975937643033,-0.002970452048608584,0.00547861852673071,-0.0016350966769352437,0.008128915163973646
440,14.666667,post_settle_motion_unresolved,unknown_no_ground_truth,0.5136492226622802,0.11749640088552377,0.14013389859612618,0.01815878706632901,1.9179263491357974,0.12633263,1.9796137,-1.6508873,0.0064875751776543415,0.6843755706915005,-0.003093646060345704,0.005702454360976883,-0.00585058185805449,0.017190469442178752
441,14.7,post_settle_motion_unresolved,unknown_no_ground_truth,0.5129346964433538,0.11730885307112426,0.13987446356247862,0.026214076432457115,5.82919318705659,0.23946543,0.9854333,-7.8517203,0.007027004929812648,0.8754922744667384,-0.0033604863421633417,0.00617137989656648,-0.008821696372854775,0.024685126621345584
442,14.733334,post_settle_motion_unresolved,unknown_no_ground_truth,0.5120433952772326,0.11710990354716072,0.13956286938513388,0.028858316889068644,5.82919318705659,0.23946543,0.74236727,-9.367756,0.007767021330692765,1.194797362294546,-0.0036817601635919153,0.006838951853114923,-0.009474791046897503,0.0272585910913887
443,14.766666,post_settle_motion_unresolved,unknown_no_ground_truth,0.5111534652106808,0.11691678282647158,0.1392622268163391,0.026765238161950627,5.82919318705659,0.23946543,0.8780337,-8.521586,0.00854795239353924,1.5430234640035247,-0.003992138772744826,0.007558460037690262,-0.008849075627127433,0.025260083816395336
444,14.8,post_settle_motion_unresolved,unknown_no_ground_truth,0.5103893562263899,0.11676178303065213,0.1389911618334428,0.020248876596480767,5.82919318705659,0.23946543,1.0237894,-7.6124887,0.009254315781132933,1.8005597443993424,-0.004271697109520601,0.008209443609736253,-0.006938914522430965,0.019022840709786305
445,14.833333,released,unknown_no_ground_truth,0.5099031064035493,0.11667649167691446,0.13881369541079847,0.012226268978303107,2.3065238994889476,0.60785615,1.00326,-7.7405334,0.009719563411870934,1.862852952699062,-0.004454735379394642,0.008638590487860262,-0.004827029265877082,0.011233051303905946
446,14.866667,released,unknown_no_ground_truth,0.5096500986628947,0.11662182596487178,0.13867769549338677,0.00673532551105913,2.195044701827815,0.60785615,1.1376278,-6.9024634,0.009980554212177747,1.8938243394691945,-0.004593497502056776,0.008860657034374884,-0.003975276463152327,0.005437075204687817
447,14.9,released,unknown_no_ground_truth,0.5095536257135352,0.11657133502175569,0.1385521066264637,0.005458104615400845,1.880279740588877,0.60785615,1.385219,-5.358205,0.010105837182346597,1.9706859409593953,-0.004719753900215073,0.008935987258132345,-0.004299296075236149,0.0033625822294955183
448,14.933333,released,unknown_no_ground_truth,0.5094474121586248,0.11652175426075667,0.1383925493843971,0.008206013609067232,1.880279740588877,0.60785615,1.3647144,-5.486095,0.010256430735643958,2.0247551373853656,-0.004880117957984678,0.009021021014897233,-0.005875863356328667,0.005728253588132307
449,14.966666,released,unknown_no_ground_truth,0.5091853592909944,0.11645738827565975,0.13816393994409643,0.0108145646709423,2.195044701827815,0.82309365,1.353102,-5.558523,0.01056981459455319,2.0978832832100043,-0.005111475704172935,0.00925169155824379,-0.0068124076787583155,0.008399161305772625
450,15.0,released,unknown_no_ground_truth,0.5088949322081697,0.11640450940996105,0.13794442175673177,0.007686227900019942,2.195044701827815,0.82309365,1.3945192,-5.300198,0.010908065473056639,2.111540454297545,-0.005334277807054755,0.009514797561779939,-0.004441499885160887,0.00627305173748478
451,15.033334,released,unknown_no_ground_truth,0.5087717928671258,0.1163763385617797,0.1378724435767513,0.0024654444638930254,2.195044701827815,0.82309365,1.4249853,-5.110177,0.011040735299321898,2.191163447878011,-0.0054075796687572016,0.009625794412708822,0.0007946108725173323,0.002333883023165045
452,15.066667,released,unknown_no_ground_truth,0.5087405286167738,0.11639200197492615,0.13799936199813667,0.00909661537646542,2.3950103821003124,0.82309365,1.4422196,-5.0026846,0.011011232689426432,2.3102254806449154,-0.005281309494181851,0.009662039917499716,0.008879375193242894,0.0019761344804870547
453,15.1,released,unknown_no_ground_truth,0.5086964569343986,0.11647079679401989,0.1384667365326035,0.025913269568198755,2.73474185677261,0.86300325,1.6699438,-3.5823388,0.010858420666454684,2.3575857854997473,-0.004815612191031705,0.00973217234718318,0.02545050086918351,0.00487540205745383
454,15.133333,released,unknown_no_ground_truth,0.5087633480247764,0.11669565530404472,0.13969983975946806,0.05108801124623875,3.6670916647215606,0.86300325,1.8590112,-2.4031007,0.010386344602058858,2.4455388535776117,-0.003584632934122113,0.009748156796047357,0.049949090088994966,0.010727222025169488
455,15.166667,released,unknown_no_ground_truth,0.5090197389036536,0.11708798579093173,0.14180060096212327,0.07717730900466512,9.754194687907775,0.86300325,1.7374876,-3.1610596,0.00977128323789427,2.7676490531423776,-0.0014856512089261398,0.00965768174048875,0.07531980266850687,0.016830459030541815
456,15.2,released,unknown_no_ground_truth,0.5093659138360044,0.11761948347906573,0.1447253514040871,0.10387316375873318,9.872253964891513,0.86300325,2.1333091,-0.69226843,0.00968131110715028,3.226129415020137,0.00143665891491909,0.009574121156305411,0.10164567623413093,0.021396042908791168
457,15.233334,released,unknown_no_ground_truth,0.5097356745944559,0.11828592992605562,0.14858341572893644,0.1255484151680718,10.322927600408127,0.87007225,1.7433823,-3.124293,0.010953259902704333,3.5556110720472573,0.005290747386859208,0.009590719190166764,0.12307012092163784,0.024822366679024755
458,15.266666,released,unknown_no_ground_truth,0.5101898512938557,0.11901039906422686,0.1529376128017047,0.14065960438745562,10.322927600408127,0.87007225,1.9471263,-1.8535154,0.013633656278664533,3.86889554100749,0.00964131163031818,0.009639589906830075,0.13779986482876344,0.028219170073020362
459,15.3,released,unknown_no_ground_truth,0.510823643395733,0.11978716041782958,0.15777561996320252,0.15392415947538415,10.322927600408127,0.87007225,2.1680555,-0.4755505,0.017408127194435935,4.232003321100136,0.01447741015567493,0.009666824070087359,0.1505436471464201,0.03208203818428074
460,15.333333,released,unknown_no_ground_truth,0.5116045493548544,0.1205999396160804,0.1629761495100132,0.16557711943796366,9.754194687907775,0.87007225,1.71598,-3.2952046,0.021950425364474436,4.576681783782268,0.019677534804358427,0.00972706521539901,0.16201125957975684,0.03417797903262165
461,15.366667,released,unknown_no_ground_truth,0.5123951380063286,0.1214306645800517,0.16857734381232556,0.17529251281206276,8.754713873231976,0.87007225,2.113188,-0.81776637,0.027159279087620638,4.743906254591545,0.02527816193474412,0.00993181603535432,0.17164248682352407,0.03558541506015576
462,15.4,released,unknown_no_ground_truth,0.5132712053118418,0.12228610667403012,0.1744192776608437,0.18030551887052487,8.18481897872192,0.87007225,1.821755,-2.635472,0.032762590134910265,4.98373733096368,0.031120349453679856,0.010242615009311208,0.17642732328869654,0.03719515737774145
463,15.433333,released,unknown_no_ground_truth,0.5142197302324869,0.12312195772141626,0.18033742104228367,0.1838456558141007,8.18481897872192,0.87007225,2.2778993,0.20955926,0.03853740054759942,5.121583714710508,0.037039974467041326,0.010638210960826181,0.17997732468406344,0.03751516708324767
464,15.466666,released,unknown_no_ground_truth,0.5152492698558961,0.12385762408503456,0.18641244148664082,0.1898861841556661,8.18481897872192,0.87007225,1.8802215,-2.2708092,0.04451067160158045,5.316963935277129,0.043118821787397864,0.011043871336192014,0.18632755336144588,0.0365896951550171
465,15.5,released,unknown_no_ground_truth,0.5163464864727862,0.12442287470924243,0.1927485723654614,0.19007225208059086,8.754713873231976,0.87007225,1.7500709,-3.0825753,0.05075701448329994,5.371019820083247,0.04946180704836316,0.011393162983492005,0.18731370770875097,0.03226508818193873
466,15.533334,released,unknown_no_ground_truth,0.5173147419455424,0.12472005637643628,0.198884844505447,0.182226038204594,11.757320254977456,0.87007225,2.0974984,-0.9156245,0.056804122155904684,5.426582105797604,0.055606569824688264,0.011602486209214358,0.18015254400280445,0.027411491915978446
467,15.566667,released,unknown_no_ground_truth,0.5182518385340595,0.1248285673714071,0.20473976294348784,0.16894026936483347,11.90721619322294,0.87136495,2.1161008,-0.7995991,0.0625747216488432,5.488123332784442,0.06147197320871348,0.011695824009338432,0.1667044978870128,0.02739388612996408
468,15.6,released,unknown_no_ground_truth,0.5192702704141076,0.1248703123634165,0.2099754156988135,0.1538248714139837,12.059833836827375,0.87136495,1.7692512,-2.9629455,0.06775208880377706,5.495285896123944,0.06672017473808095,0.011779805609382472,0.1501819426089454,0.03327874967200628
469,15.633333,released,unknown_no_ground_truth,0.5206074591097976,0.12473236785063863,0.21472007772219096,0.14182603408282698,17.689580748659473,0.87136495,2.0954587,-0.9283462,0.07244987483640108,5.501677219814192,0.07148410704529365,0.011790114662172795,0.1341713696597261,0.04596376298016002
470,15.666667,released,unknown_no_ground_truth,0.5223956658622491,0.12414810123906621,0.2188696985846073,0.14151348534922095,18.069781766603946,0.87136495,1.8217694,-2.635383,0.07655094650460666,5.511145731727063,0.07566490747841985,0.011613319380492135,0.12586812221264732,0.06467829888259466
471,15.7,released,unknown_no_ground_truth,0.5246965176286179,0.12295502485057377,0.22303422437192655,0.16519182081246064,18.58122011991716,0.8713723,2.3436778,0.61982834,0.08068505567562871,5.18970397188223,0.07987530636702919,0.011402352483261076,0.13883827373635704,0.08951129207672347
472,15.733334,released,unknown_no_ground_truth,0.5277508090318896,0.12115661563345637,0.22801603589442127,0.20747280469951207,22.08768793616256,0.8713723,2.3167093,0.45162243,0.08573844962640233,4.691723066223123,0.08492080743557118,0.011812629209018948,0.17086501776544413,0.11768649197718636
473,15.766666,released,unknown_no_ground_truth,0.5315042980014627,0.11865316095268083,0.23427955287809818,0.2598392712422632,24.471744147962745,0.8713723,1.6565673,-3.6657696,0.09224902030919349,4.262892633495212,0.09126625952072116,0.013429505616453888,0.21431470226270824,0.14692057471217948
474,15.8,released,unknown_no_ground_truth,0.5358225541729542,0.11515634723082538,0.24211986896753082,0.29233835294958127,24.471744147962745,0.8713723,2.3956301,0.9438621,0.1005672471378647,3.850220175402593,0.09920848628623252,0.01647566222289019,0.2414451068683381,0.16482103316813287
475,15.833333,released,unknown_no_ground_truth,0.5400562491353139,0.11128895274407512,0.25016858607515713,0.2960990388772968,24.471744147962745,0.8713723,1.58102,-4.136968,0.10929336439131941,3.3200561162066817,0.1073625785924249,0.02045278020121256,0.24451527767971568,0.16699377175592653
476,15.866667,released,unknown_no_ground_truth,0.543806661465299,0.10697155615975282,0.25821109439197054,0.2986269385809834,22.08768793616256,0.8713723,2.7252126,2.9995112,0.11811543325968944,2.991870390129536,0.11550948902005403,0.024674146802881866,0.24691387332223194,0.16796305429249378
477,15.9,released,unknown_no_ground_truth,0.5472094327422924,0.1022866576576785,0.2664208650663145,0.2875948097686468,18.410013714391578,0.8713723,1.1192508,-7.0170836,0.12720683979460765,2.781866298104897,0.12382348302962257,0.029143183438734815,0.23742163592111087,0.1623013906360867
478,15.933333,released,unknown_no_ground_truth,0.5499362045333105,0.0977125890805402,0.2738412565397007,0.2739481943468973,12.73277794642623,0.8713723,2.3983011,0.96052146,0.13549816252860367,2.8211748480186003,0.13133756007226716,0.03331962429097163,0.22949542526447603,0.14959767033146854
479,15.966666,released,unknown_no_ground_truth,0.5522014027932827,0.09334396802168896,0.28154213630697517,0.2752433446364575,12.73277794642623,0.8713723,1.8678129,-2.3482034,0.14402155064364294,2.862199808582183,0.1391231557174885,0.037241839280664504,0.2407981501956115,0.13332347741127767
480,16.0,released,unknown_no_ground_truth,0.55418157352915,0.08958754461282059,0.2897367327181008,0.2775506916182958,12.205706870476037,0.8713723,2.5976605,2.2039523,0.15292298712274563,2.809488065079826,0.14739076853623292,0.04076029122616802,0.2532049910464985,0.113673299094101
481,16.033333,released,unknown_no_ground_truth,0.5560357288395885,0.0864658073130404,0.2982861855645696,0.2838732423459792,12.205706870476037,0.8713723,1.8571056,-2.4149861,0.16206236371907892,2.813420527429761,0.1560034625137862,0.04389908219911587,0.2616316449291672,0.11014944435482746
482,16.066668,released,unknown_no_ground_truth,0.5579080088278769,0.08290671947415122,0.3070468738558806,0.27542360547303285,12.73277794642623,0.87138706,1.9679469,-1.7236544,0.17150255967117256,2.8777422315179564,0.16483310559456538,0.04736217133762936,0.24553329185117057,0.12478607712598691
483,16.1,released,unknown_no_ground_truth,0.5592938488087495,0.07851473799695119,0.31451345068127906,0.26342345341087897,16.78249451062618,0.87138706,1.9420652,-1.8850816,0.17977951973016731,2.9785786612964023,0.17237266046817806,0.05107192611926657,0.20791845833790865,0.1617461915758787
484,16.133333,released,unknown_no_ground_truth,0.5603363399831818,0.0721855268772916,0.3207420664766039,0.27497390155628726,17.64293298196412,0.87138706,1.9655396,-1.7386692,0.1872692067468877,3.0834855130997476,0.17869412376681365,0.056019335294336114,0.16670338259305978,0.21867928289876634
485,16.166666,released,unknown_no_ground_truth,0.5612288468358946,0.06390739473225776,0.3254184186079052,0.29668058090699206,26.773467281229312,0.87138706,2.3217044,0.48277757,0.19387783310921455,3.2190524538295904,0.18348604902429344,0.06262175328573166,0.11321856962382516,0.27422786616178396
486,16.2,released,unknown_no_ground_truth,0.5619239394204779,0.053870414081791836,0.3280390185009918,0.33778142170543174,27.94394233575601,0.87138706,2.3455472,0.6314883,0.1992892678252922,3.307509201518442,0.18624199287949672,0.07092342602141086,0.07593306775596007,0.3291359264354341
487,16.233334,released,unknown_no_ground_truth,0.5627844203093044,0.04195351544484842,0.3301840483657641,0.36717866324059595,31.298014788942613,0.87138706,2.247344,0.018982168,0.20533793426712568,3.3854544910091997,0.1885483672772972,0.08132146362526844,0.0633322432057327,0.36167554203965874
488,16.266666,released,unknown_no_ground_truth,0.5636477334132677,0.029765787217529115,0.33193490029071454,0.3797148303970397,31.298014788942613,0.87138706,2.4341097,1.1838642,0.21166623772729307,3.462947796445168,0.19046407773421042,0.09233651112362641,0.0653823248829033,0.3740434520431537
489,16.3,released,unknown_no_ground_truth,0.5644717200951697,0.017018264104934643,0.3342066746914968,0.38518830736686704,32.593479907341084,0.87138706,2.541427,1.8532157,0.21920215683346606,3.564264082257725,0.19290712214971412,0.10409816417381589,0.08450150952158242,0.37580517162583854
490,16.333334,released,unknown_no_ground_truth,0.5651807283714312,0.004685496390381417,0.3372328181880738,0.38228090401771286,32.593479907341084,0.87138706,2.772286,3.293114,0.22764870256734987,3.734132883454753,0.19609760916353863,0.11562724359311595,0.10523162126816465,0.36751189839496806
491,16.366667,released,unknown_no_ground_truth,0.56551192702475,-0.00755082100866209,0.34090001871340975,0.3931653119202843,32.593479907341084,0.87138706,2.67503,2.6865158,0.23688731549347358,3.935979520508761,0.19992264204103058,0.12706902628508038,0.11813846568466492,0.3749963538796714
492,16.4,released,unknown_no_ground_truth,0.5652822386777885,-0.020410969241196043,0.344792822590959,0.4054179876175461,28.77881315205737,0.87138706,2.336419,0.5745552,0.24685795305743094,4.269921848257353,0.20397338620030067,0.1390457000762259,0.11500173369226249,0.38876515524366984
493,16.433332,released,unknown_no_ground_truth,0.5644754883270778,-0.03353752505908655,0.3482552993821654,0.40754990249777284,19.81912414810983,0.87138706,2.441331,1.2289039,0.25684873744532566,4.4752288618018055,0.20758930681572735,0.15125459868388683,0.0953854270408748,0.3962304169724658
494,16.466667,released,unknown_no_ground_truth,0.563192913379127,-0.04681513431237085,0.35084945876316276,0.3933495678979914,18.29138952762559,0.8714018,2.1440227,-0.62544644,0.26649119836500634,4.6860608427791295,0.21033242829254867,0.1636393241692748,0.06721778275128099,0.3875637395932934
495,16.5,released,unknown_no_ground_truth,0.5616841012314496,-0.059272312927092445,0.35245195410679797,0.3436683286680839,12.493995377240852,0.8714018,2.0348756,-1.3062111,0.27515888353739887,4.712701430603811,0.2120706315104721,0.17532386728650887,0.03421928378567105,0.3419604666430169
496,16.533333,released,unknown_no_ground_truth,0.560102883186155,-0.06942485964833713,0.35288907571578976,0.276833614286681,12.493995377240852,0.8714018,1.9396688,-1.9000287,0.28174547355675134,4.688370565195808,0.21261367892409988,0.18486734542389532,0.007026150269043338,0.27674443664042053
497,16.566668,released,unknown_no_ground_truth,0.5586673920035309,-0.07747762929969662,0.3527327712887943,0.19916480647652118,12.040451226004906,0.8714018,1.8441987,-2.4954882,0.28673079716999034,4.688370565195808,0.21253899059756087,0.19246227558019796,-0.012458425811000868,0.19877476641953806
498,16.6,released,unknown_no_ground_truth,0.5574659138303124,-0.08240309137111543,0.35193134555982164,0.14177041184404088,12.040451226004906,0.8714018,2.2419672,-0.014553739,0.2892977273389309,4.688108670918289,0.21178316690865806,0.19708136709899768,-0.027540264531691443,0.1390697073555324
499,16.633333,released,unknown_no_ground_truth,0.5561693930894366,-0.08638950841734597,0.3508186408292602,0.14268470129169922,9.072752647563131,0.8714018,1.6622609,-3.630258,0.2910511225806938,4.569216847609075,0.21070300109382042,0.20078595888542494,-0.034314016678446996,0.1384971921812594
500,16.666666,released,unknown_no_ground_truth,0.5545464199589527,-0.09114371291002382,0.3495735023842189,0.17599396284663035,9.072752647563131,0.8714018,1.4822136,-4.753237,0.2932605028656098,4.481946472642121,0.20949560084768906,0.2052152912588535,-0.042021518882491574,0.170903677284222
501,16.7,released,unknown_no_ground_truth,0.5523881993664621,-0.0971154885227499,0.34793361238603904,0.21467533584562243,12.040451226004906,0.8714018,1.4467641,-4.97434,0.29607421568679854,4.387608241661198,0.20790148520977342,0.21080064905527038,-0.054699958752118596,0.20758953329334143
502,16.733334,released,unknown_no_ground_truth,0.5497269701771689,-0.10408910113803997,0.3458295116808522,0.2385931037135302,12.622167448044745,0.8714018,1.1791474,-6.643501,0.29936533951111305,4.275760354894137,0.20584893593027276,0.21736104084444027,-0.07281985884452336,0.22720901676104116
503,16.766666,released,unknown_no_ground_truth,0.5465934023268576,-0.11107624200723593,0.3429821121440262,0.2377032370056026,12.622167448044745,0.8714018,1.0794102,-7.2655745,0.30229274535386663,4.165653893915768,0.20304690233717398,0.2239483407950498,-0.09387665231953556,0.21838040899361535
504,16.8,released,unknown_no_ground_truth,0.5432689058781375,-0.11710002437982352,0.3394950606084722,0.2145006755006403,12.622167448044745,0.8714018,1.4733508,-4.8085155,0.30425052685845166,3.9671408380540947,0.1995905883350046,0.2296344489438205,-0.11000598425573133,0.18414457151422844
505,16.833334,released,unknown_no_ground_truth,0.5401740393264374,-0.1215092943418438,0.33560384795077536,0.18130431071918177,12.812815257220981,0.871424,1.3775597,-5.4059772,0.3049037640742576,3.7522482831926944,0.19571302672857144,0.2338005913495345,-0.11706194663375738,0.13844765702485884
506,16.866667,released,unknown_no_ground_truth,0.5378177371420808,-0.12452745202486412,0.33167090016887923,0.14984112061463226,13.868394695496638,0.871424,1.1917241,-6.565058,0.30463076031325065,3.5476661913398644,0.19178637776980384,0.23668097817730782,-0.11090844070811819,0.1007555418165304
507,16.9,released,unknown_no_ground_truth,0.536351118096398,-0.1270080572669679,0.3281920941329243,0.12201853345161535,15.450707872635935,0.871424,0.9119416,-8.310099,0.3043581351878129,3.508386130876848,0.1883192439716191,0.23910193810373184,-0.0940731030453141,0.07770954760586817
508,16.933332,released,unknown_no_ground_truth,0.535883378418089,-0.12928807172826856,0.32536503466522015,0.10282741414487961,15.560718896609629,0.871424,1.3944057,-5.300906,0.304438103864604,3.012853674547682,0.18551493366015342,0.24138510408420877,-0.07861785942316953,0.0662775171490404
509,16.966667,released,unknown_no_ground_truth,0.5360186688292362,-0.13135267633361408,0.3228998294893386,0.08819609988183894,15.560718896609629,0.871424,1.2460115,-6.2264605,0.3046366345166526,2.237287794400804,0.18307798397579647,0.24348702403411687,-0.06806854614431013,0.056082306123832276
510,17.0,released,unknown_no_ground_truth,0.5364714607245101,-0.1329124817622015,0.3207726104049812,0.07804374108935269,15.560718896609629,0.871424,1.4311992,-5.07142,0.30467546493071707,1.743044939278607,0.18097697072351449,0.24510094858749276,-0.06759659700641742,0.03900673783301956
511,17.033333,released,unknown_no_ground_truth,0.5365650971426063,-0.13382393317954727,0.3183540829264129,0.07685611834369929,15.560718896609629,0.871424,1.0096911,-7.7004213,0.30401960179949744,1.4047939528420528,0.17857161322363674,0.24604897323303923,-0.0748537790001482,0.017429133548678876
512,17.066668,released,unknown_no_ground_truth,0.5361211967010628,-0.13397690553450464,0.31577281396957835,0.07812098091290104,7.986423688219674,0.871424,1.1665441,-6.722109,0.3026377796157406,1.2938705852191288,0.17598662191889086,0.2462079092074886,-0.0759251310218663,0.018391904145745312
513,17.1,released,unknown_no_ground_truth,0.5352777018382715,-0.1336200897970082,0.31331171727313445,0.07336981885278243,7.192102220097771,0.871424,0.8447733,-8.729035,0.3008978259588941,1.1927916523536846,0.17350988354388105,0.24583291475995997,-0.06765474398086865,0.028389539189166597
514,17.133333,released,unknown_no_ground_truth,0.5344011704287506,-0.13300832152925515,0.3112975882628779,0.05847166344615243,4.734967580613704,0.871424,1.2327703,-6.309047,0.29920938129796526,1.0074152919260897,0.17147637476116348,0.24519809696545394,-0.04986649906201912,0.030533059091053485
515,17.166666,released,unknown_no_ground_truth,0.5336613032824103,-0.13228422175821483,0.31002575999891735,0.040563716383587675,4.726955975400601,0.871424,1.1389045,-6.894501,0.29785823303695413,0.9147931039581284,0.17018550121048712,0.24445126746579118,-0.02982551008103898,0.027492799698357048
516,17.2,released,unknown_no_ground_truth,0.5331903237557667,-0.13158417910559983,0.3093434076636687,0.026740223710830614,4.726955975400601,0.871424,1.2771095,-6.032498,0.2968730627129509,0.9093945389712453,0.16948799544165769,0.24373640426849721,-0.014667178644378507,0.022358744032685618
517,17.233334,released,unknown_no_ground_truth,0.5329082840384132,-0.13097802878146372,0.30907453401382734,0.01850223310859964,4.726955975400601,0.871424,1.1983175,-6.523934,0.2962070868697346,0.8841504626554454,0.16920767161779718,0.24312013939108007,-0.004003207579743042,0.018063968530709098
518,17.266666,released,unknown_no_ground_truth,0.5327160239839552,-0.13047253774241274,0.309096983359957,0.02040381467225105,4.726955975400601,0.87144613,1.079625,-7.2642345,0.29579235365414036,0.8603743414454674,0.16922111902551995,0.2426052953997642,-0.0025577381921272143,0.020242866114266053
519,17.3,released,unknown_no_ground_truth,0.5322698180994431,-0.1297859497276873,0.3089277557258082,0.0326717791434537,4.940757170734953,0.87144613,1.1433228,-6.866943,0.295108540889854,0.8625904478429688,0.16903715835098895,0.24189975196920172,-0.008830582249627572,0.03145577799913998
520,17.333334,released,unknown_no_ground_truth,0.5315431013246149,-0.1287216680754374,0.308546269447724,0.047686500237249296,6.283081791308234,0.8714314,1.3299639,-5.702838,0.29398144954447614,0.9086621880447664,0.16863237380002635,0.24080742343798203,-0.01365468677246249,0.04568973444903259
521,17.366667,released,unknown_no_ground_truth,0.5306407249518356,-0.1271934965301441,0.30807228341478465,0.06134190296543816,9.851864389172297,0.8714314,1.3060138,-5.852218,0.29241389314774424,1.0600002578601397,0.16812685868714,0.23924724511227885,-0.01627649095676135,0.0591430883667373
522,17.4,released,unknown_no_ground_truth,0.5296193642610575,-0.125258779614061,0.3075309806012383,0.07043174361469591,10.170971906850614,0.8714314,1.3320966,-5.6895366,0.2904718553278948,1.3782679945438112,0.16754729102894572,0.23728001181408265,-0.017574489171720643,0.06820386967730888
523,17.433332,released,unknown_no_ground_truth,0.5285401169696357,-0.12313866718707053,0.30698032362061356,0.07038849506721384,10.170971906850614,0.8714314,1.4063965,-5.226118,0.2883745201453056,1.7318512123528977,0.16695524402760217,0.2351293481484587,-0.016843976041192355,0.06834340281951817
524,17.466667,released,unknown_no_ground_truth,0.52751508196638,-0.1211961779831356,0.30648782976227473,0.06415601799815095,10.170971906850614,0.8714314,1.4195752,-5.1439204,0.28646336964706653,2.109811036528624,0.16642432865178886,0.2331613282308051,-0.017241028506693,0.06179596735556833
525,17.5,released,unknown_no_ground_truth,0.5264501226998091,-0.11956543915911033,0.30590438426611344,0.05890851351445221,12.603236378084965,0.8714314,1.4392658,-5.0211077,0.2847595486110888,2.4172329608673304,0.16580585082826205,0.2315090070738224,-0.0212915916404673,0.05492614213558041
526,17.533333,released,unknown_no_ground_truth,0.5253612643737706,-0.11820374283434498,0.3051353883546601,0.056442403453440905,10.170971906850614,0.8714314,1.5591161,-4.273586,0.2831736936998044,2.678674740962135,0.16500491095793032,0.2301319624983807,-0.02666667031203188,0.04974568928128744
527,17.566668,released,unknown_no_ground_truth,0.5242785784175535,-0.11701625352373415,0.3041881343167176,0.05817691859914389,8.701888247492574,0.8714314,1.4189144,-5.1480417,0.2816327383322755,2.930155124359557,0.164028019961715,0.22893625306616508,-0.03156367147256309,0.04887011869090887
528,17.6,released,unknown_no_ground_truth,0.5232668786869873,-0.11565838125234865,0.3030915597121771,0.06179257520112329,8.228361709277479,0.8714314,1.4883944,-4.7146864,0.27987188780476113,3.3052465427160143,0.16290066556738886,0.22757778173868934,-0.03369228841239772,0.05179915106951355
529,17.633333,released,unknown_no_ground_truth,0.5224429442474836,-0.11404459377918846,0.30200421877971434,0.062011985491368944,7.918006028040822,0.8714314,1.4846492,-4.7380457,0.2779126465218365,3.521038740434444,0.16178190181673582,0.22596914687923947,-0.03104176756562344,0.053683284279033835
530,17.666666,released,unknown_no_ground_truth,0.5219029490553594,-0.11231259017157749,0.30108260359381755,0.05769007013387358,7.627837789149395,0.87143874,1.4614772,-4.8825727,0.2759572375332839,3.660907728298177,0.16083124610475252,0.22424474848565298,-0.023709634771114638,0.052592750556246855
531,17.7,released,unknown_no_ground_truth,0.5216167098347058,-0.11061244977720017,0.3004778063781314,0.04883948493246752,5.789518848352166,0.87143874,1.5299853,-4.4552784,0.2742138487264624,3.8108383951488527,0.16020123794405752,0.22255066433190138,-0.01386354150754556,0.046830518952252535
532,17.733334,released,unknown_no_ground_truth,0.5215448437503207,-0.10919835568860911,0.3002022923780505,0.04032416417593893,5.789518848352166,0.87143874,1.6201249,-3.8930657,0.2728975236216403,3.85417121519638,0.15990699713222026,0.2211397989213607,-0.005161698098724682,0.03999243790050437
533,17.766666,released,unknown_no_ground_truth,0.5212958350558052,-0.10796107826144657,0.30017140220054417,0.03684623201998771,5.789518848352166,0.87143874,1.7504597,-3.0801508,0.2718659958873194,3.940343443261996,0.1598571300100241,0.2199018365197577,0.0029349302696332923,0.03672915733287599
534,17.8,released,unknown_no_ground_truth,0.5206748496728865,-0.10691339970275782,0.30043867870169083,0.039378978512229185,6.088521675369874,0.87143874,1.7984024,-2.7811255,0.27116010342942,4.11196514604991,0.16010265615223643,0.21884912881903945,0.013874305132168883,0.036853868260551426
535,17.833334,released,unknown_no_ground_truth,0.5197359175771551,-0.10608549409317472,0.3011415510210196,0.04766748957053447,5.789518848352166,0.87143874,1.9994967,-1.5268741,0.27088860014580457,4.306973913107034,0.16078210218638958,0.21801318608166562,0.027204093554029,0.03914239205593662
536,17.866667,released,unknown_no_ground_truth,0.5186688845923517,-0.10529831674614673,0.3023004798905927,0.054627828003886575,5.789518848352166,0.87143874,1.9652001,-1.7407867,0.27092486393092374,4.6692760073400645,0.1619162793904863,0.21721740345637947,0.039060167949052836,0.03819035051179814
537,17.9,released,unknown_no_ground_truth,0.5177418909593344,-0.1045820787452113,0.30379226847172236,0.055766943657238596,5.789518848352166,0.87143874,2.1420841,-0.6375376,0.2712265493786826,4.913053646545595,0.1633860734839883,0.2164921062749211,0.046217535727761695,0.03120723307380352
538,17.933332,released,unknown_no_ground_truth,0.5171109972806971,-0.10400809754302998,0.3054197597562933,0.0510110430450921,2.7588277224694293,0.87143874,2.2626348,0.1143525,0.2717349746538584,4.930588330560044,0.1649974012289231,0.2159068179512514,0.04627863481428513,0.02145727084869544
539,17.966667,released,unknown_no_ground_truth,0.5167978202519647,-0.10358521612074141,0.3069035649283671,0.039739967914460446,2.1148508454122172,0.87143874,2.083919,-1.0003208,0.27228726255930835,4.956157599392876,0.16647133024822883,0.21547076265105403,0.03800742129111205,0.011606074988654335
540,18.0,released,unknown_no_ground_truth,0.5167841948752097,-0.10335604648199365,0.30796679478193245,0.02536332497567258,1.5303150203869185,0.87143874,2.1000097,-0.8999615,0.272745584762834,4.9666440291880045,0.16753130597922794,0.21522875162141925,0.024844194371298135,0.005105316822953743
541,18.033333,released,unknown_no_ground_truth,0.5168253205293559,-0.1032657604208988,0.30856374790817676,0.012088933918052974,1.5002302875250608,0.87143874,2.0280566,-1.3487421,0.27303475987587056,4.995322436721486,0.16812758449524604,0.21513041494002705,0.011971357415468153,0.0016819408152985908
542,18.066668,released,unknown_no_ground_truth,0.5167726089441225,-0.1032562481703862,0.30876640726971316,0.0039297751075025224,1.0728284355571718,0.87143874,1.9558272,-1.7992463,0.27315030840806115,5.020661594614042,0.16832936541421126,0.21511930578789965,0.0029862189221960913,0.00255453106151882
543,18.1,released,unknown_no_ground_truth,0.5166600690124743,-0.1032405942266442,0.3087654829205388,0.0033878738642034284,0.8730076239370657,0.87143874,1.8795522,-2.2749834,0.27313790118460657,5.06942718866667,0.16832669930499156,0.21510563768673951,-0.0007322584827795416,0.003307791836580723
544,18.133333,released,unknown_no_ground_truth,0.5165545088822744,-0.10321903203994051,0.30872104525943006,0.003478962392895934,0.8730076239370657,0.87143874,1.7813233,-2.8876503,0.273094413777379,5.096809877242258,0.16828054893001004,0.215086530699216,-0.0018655959412067148,0.0029364487251333426
545,18.166666,released,unknown_no_ground_truth,0.5164667015531581,-0.10319929685919635,0.30864426488204116,0.002646151339411814,0.4115278740080398,0.87143874,1.8541391,-2.4334886,0.2730327018996472,5.102233591625411,0.16820232814790498,0.21506936814024935,-0.0013948049095723815,0.0022486965502939073
546,18.2,released,unknown_no_ground_truth,0.5164060016610955,-0.10318955864942385,0.30863043529018735,0.0015869029435345199,0.4014959333392905,0.8714535,1.7889305,-2.840203,0.2730169595347008,5.115359470072897,0.1681875451355445,0.21506094451306504,-0.00045148170244635726,0.0015213235108137461
547,18.233334,released,unknown_no_ground_truth,0.5163652644663317,-0.10319041103235202,0.3086156843145917,0.0010457692314121366,0.2749435969015586,0.8714535,1.7631345,-3.0010962,0.2730089619339808,5.1287858927411705,0.16817224817739648,0.21506275418870166,-0.0004666250809373125,0.0009358922583334994
548,18.266666,released,unknown_no_ground_truth,0.5163444899688672,-0.103201854007981,0.3086000119552545,0.0007689353386107091,0.2749435969015586,0.8714535,1.7623682,-3.0058756,0.27300870109042175,5.1376631209157955,0.16815643727346136,0.2150747857713119,-0.00048204369079885283,0.000599078822130599
549,18.3,released,unknown_no_ground_truth,0.516343678168702,-0.10322388757631078,0.3085834182121757,0.0008278655877649675,0.2749435969015586,0.8714535,1.7022774,-3.3806698,0.2730161739594923,5.141942946442695,0.16814011242373902,0.21509703353977747,-0.0004897529647071054,0.0006674604594775902
