frame_index,time_s,stage,contact_state,tcp_x_m,tcp_y_m,tcp_z_m,speed_m_s,angular_speed_deg_s,gripper_state,aux_action_tail_norm,aux_action_tail_robust_z,reference_distance_m,reference_axis_error_deg,axial_distance_proxy_m,lateral_distance_proxy_m,axial_velocity_m_s,lateral_speed_m_s
0,0.0,approach,unknown_no_ground_truth,0.5253238286175258,-0.10223613004370696,0.3704104533844926,0.13802824278390147,18.133415170622374,0.87330014,2.2500641,-1.0090286,0.304210588143379,8.792285450962336,0.25148525194806876,0.17117023687299418,0.04726019082214957,0.1296852735258158
1,0.033333335,approach,unknown_no_ground_truth,0.5215925000363093,-0.10423971837831746,0.372208086555958,0.1322797202640062,18.133415170622374,0.87330014,3.1646185,1.8198837,0.30685159430904024,8.34885821243208,0.2530605917243008,0.17354606836844952,0.05141768386258454,0.12187758686210948
2,0.06666667,approach,unknown_no_ground_truth,0.5183750830504432,-0.106080508565958,0.37424506569458554,0.12190102180123649,9.704299324412041,0.87330014,3.121106,1.68529,0.30960216739791835,7.620362202690401,0.25491309775684434,0.17570661526959705,0.05973245618360913,0.10626331819804401
3,0.1,approach,unknown_no_ground_truth,0.5156715776599277,-0.10775850060662859,0.37652139080037533,0.11334886931481993,9.704299324412041,0.87330014,3.1037502,1.6316051,0.312445341950706,7.45042354128312,0.2570427700456995,0.1776263101962298,0.06804766854856523,0.09065032255901098
4,0.13333334,approach,unknown_no_ground_truth,0.5134819838647617,-0.1092736945003291,0.37903706187332675,0.11842781712327968,9.704299324412041,0.87330014,2.6309538,0.16914465,0.3153679813050773,7.3942439323401175,0.2594496085908655,0.17928431117776678,0.08769321264632361,0.07959301680644883
5,0.16666667,approach,unknown_no_ground_truth,0.5117205165372846,-0.11105442155919473,0.3825097147476473,0.11813442328029676,9.571266388258294,0.87330014,2.0143526,-1.7381349,0.3191828244817059,7.388966597712469,0.2628889854515382,0.1810167306421714,0.10046706618748658,0.06214588140373839
6,0.2,approach,unknown_no_ground_truth,0.5107630446219821,-0.11232822111945974,0.38576779410437456,0.09519346976110789,9.175768945934362,0.87330014,2.1804156,-1.2244662,0.3224869586910659,7.388966597712469,0.26614741300336464,0.1821081905830424,0.08730715448560974,0.03793754684721771
7,0.23333333,approach,unknown_no_ground_truth,0.5101917348367931,-0.11299402704838915,0.3883556884896828,0.0672939960554957,6.5960545929267855,0.87330014,2.0945914,-1.489939,0.3248811929740691,7.522411293325141,0.2687094624172455,0.18260069648193916,0.06333243345220414,0.022748291763101808
8,0.26666668,approach,unknown_no_ground_truth,0.5098044826139649,-0.11304932857886574,0.39009072631510094,0.0403226782769477,4.971599408714713,0.87330014,2.307887,-0.8301698,0.32623151726723776,7.513405873856543,0.27036957379742294,0.18255765232683055,0.03586705640909699,0.01842478352580798
9,0.3,approach,unknown_no_ground_truth,0.5095251403474175,-0.11263233363530384,0.39093466954260014,0.023048446904471397,4.971599408714713,0.87330014,2.2635217,-0.96740144,0.3266008987525513,7.513405873856543,0.271100602227338,0.1821334964742865,0.011432675958836047,0.020013116327261212
10,0.33333334,approach,unknown_no_ground_truth,0.5092491688356852,-0.11202546243938122,0.39109289944346615,0.020963092772973427,4.573693441852323,0.87330014,2.129152,-1.3830354,0.32633097960763063,7.513405873856543,0.27113175219467867,0.1816025363355898,-0.006213759645665583,0.020021000216627255
11,0.36666667,approach,unknown_no_ground_truth,0.5089360470079995,-0.11137490723896942,0.39077666764330576,0.025405673783603335,3.9559314882063568,0.87330014,1.9588072,-1.9099483,0.3256768517265964,7.499944571130433,0.2706863515842936,0.18109199545129448,-0.01698212763176798,0.018895914942050628
12,0.4,approach,unknown_no_ground_truth,0.5086108221157403,-0.11072465101083451,0.39021593762696327,0.02669582680891253,2.624077150580464,0.87330014,1.7168181,-2.6584725,0.32483938364663656,7.354629090250251,0.2699996103525608,0.18061239043153188,-0.020508944742680855,0.017089480815785957
13,0.43333334,approach,unknown_no_ground_truth,0.5083081919125821,-0.11015121857357135,0.38964715727620614,0.022668667081315742,2.624077150580464,0.87330014,1.6954442,-2.7245865,0.3240457280599718,7.257018643249744,0.26931908860144826,0.1802022818634727,-0.018244200612455484,0.013454278548328296
14,0.46666667,approach,unknown_no_ground_truth,0.508086464132128,-0.10974644122603838,0.38919026020380976,0.015523197780503328,2.624077150580464,0.87330014,1.3365446,-3.8347397,0.32344419896346105,7.200663084666857,0.2687833303117304,0.17992129165179482,-0.01299418461794988,0.008492398686311084
15,0.5,approach,unknown_no_ground_truth,0.5079886173299882,-0.1095086873845644,0.3889015018159175,0.008749166233550891,1.3715686134659106,0.87330014,1.3996742,-3.6394665,0.3230743210204824,7.174455276630177,0.2684528096269182,0.17975012074059732,-0.007411834770036782,0.004648936988600826
16,0.53333336,approach,unknown_no_ground_truth,0.507974916480023,-0.10937245135118678,0.3887567400123087,0.004196228333645219,0.6723748796485874,0.87330014,1.4729602,-3.412777,0.3228763755702037,7.158060726817512,0.26828917486068543,0.17963872787882854,-0.0034166598042838668,0.002436137929157103
17,0.56666666,approach,unknown_no_ground_truth,0.507977997480483,-0.10931554460174858,0.3886994149382561,0.0013334687585883265,0.32908580248260483,0.87330014,1.3751243,-3.7154045,0.32279572425990993,7.150912915723711,0.26822503949796433,0.17958955366834475,-0.0011191769611317147,0.0007249702475295609
18,0.6,approach,unknown_no_ground_truth,0.5079727481805596,-0.10931419687259837,0.3886896162695602,0.0004325559701670209,0.28061312638114716,0.8733076,1.3905963,-3.6675463,0.3227876488436189,7.150508844447306,0.2682145558105719,0.17959069657788246,-0.00016277760129359366,0.00040075942888999697
19,0.6333333,approach,unknown_no_ground_truth,0.5079556412583478,-0.10929820821201322,0.38869387114175,0.0013382566880027395,0.28061312638114716,0.8733076,1.5364463,-3.2164009,0.3227810544498517,7.150508844447306,0.2682141949933394,0.17957938276938434,4.2618703782313966e-05,0.0013375778889739382
20,0.6666667,approach,unknown_no_ground_truth,0.5079694789925644,-0.10922655139487703,0.3887059700889104,0.0028066414289958366,0.28061312638114716,0.8733076,1.5332781,-3.226201,0.3227427384999039,7.150508844447306,0.2682173897108533,0.17950573002306533,0.00024659260687854147,0.002795787580841691
21,0.7,approach,unknown_no_ground_truth,0.5080270516463088,-0.1091283703129341,0.3887265287146304,0.0037629336094256952,0.28061312638114716,0.8733076,1.5543108,-3.1611423,0.32269177443950503,7.151773537427835,0.2682306418343525,0.17939426989747387,0.0007637724824793668,0.0036846059414749896
22,0.73333335,approach,unknown_no_ground_truth,0.5081227020383104,-0.10903719283936085,0.3887659313500544,0.00457188937964858,0.6340416241547485,0.8733076,1.4970857,-3.338152,0.32265819935883044,7.159575075655097,0.26826830056351536,0.17927752933997657,0.0014769671673830473,0.004326747102179185
23,0.76666665,approach,unknown_no_ground_truth,0.5082586419321548,-0.108954903541103,0.3888223308083786,0.004956662759333745,0.7149096208665243,0.8733076,1.5509624,-3.1714995,0.32264180656837904,7.193823004618907,0.26832911361834505,0.17915697622615923,0.0016787114939174788,0.0046637359948817165
24,0.8,approach,unknown_no_ground_truth,0.5084099385780265,-0.1089050649139744,0.3888619800380464,0.004441712782860113,1.0414650439659665,0.8733076,1.5695387,-3.1140392,0.3226334839549428,7.23261515740498,0.26838020728407924,0.17906543303233877,0.0008034922403149404,0.004368433662673226
25,0.8333333,approach,unknown_no_ground_truth,0.50855336569546,-0.1089334498058189,0.38884146674792236,0.005349336723390041,1.38007927866435,0.8733076,1.455683,-3.4662192,0.32263121189855976,7.245080576868162,0.26838268720626063,0.1790576222870164,-0.0015274090526817166,0.0051266387590696546
26,0.8666667,approach,unknown_no_ground_truth,0.5086771528782497,-0.10907486675419087,0.3886978439676121,0.009505819541508944,1.3881120710307389,0.8733076,1.309117,-3.9195793,0.32261067386046605,7.262312507868197,0.268278372474795,0.17917690071819847,-0.005387993111177459,0.007831355910034836
27,0.9,approach,unknown_no_ground_truth,0.5087656441835057,-0.10932354963638205,0.3883894032392066,0.014801460879582645,1.9605114512977664,0.8733076,1.3544189,-3.779451,0.3225374776013979,7.30580456379682,0.2680234953101892,0.17942639276087904,-0.010272130678887019,0.010656761960637182
28,0.93333334,approach,unknown_no_ground_truth,0.5088405213605172,-0.10962657172464907,0.3878961947223616,0.020347164530031044,3.948895880502592,0.8733076,1.4007981,-3.63599,0.3223617126539291,7.36254378867714,0.267593556145009,0.17975194712392487,-0.015659646923077534,0.012991634333551029
29,0.96666664,approach,unknown_no_ground_truth,0.5089117645664195,-0.10997560945265467,0.3872089425960712,0.025641178866035546,7.396903342048073,0.8733076,1.3479096,-3.7995856,0.32207139146733915,7.470074758291498,0.26697952658566254,0.1801441466875999,-0.020385805847709486,0.01555278025240251
30,1.0,approach,unknown_no_ground_truth,0.50897705144911,-0.1103997386988685,0.3863777495038801,0.03062345411646211,9.756313866389213,0.8733076,1.4109578,-3.6045637,0.321724460578997,7.605366552286951,0.26623449494186435,0.18062619477223404,-0.023929887840110048,0.01910906617244321
31,1.0333333,approach,unknown_no_ground_truth,0.5090830375607529,-0.11093846588703579,0.3854168663208554,0.03606207390487127,10.327296217398418,0.8733076,1.431078,-3.542328,0.32135733243541764,7.7498955718180715,0.2653842083397767,0.18122294852991863,-0.027296894131879582,0.023565923386817574
32,1.0666667,approach,unknown_no_ground_truth,0.5092593995684109,-0.11159046143131754,0.3843083728507416,0.04373296587174206,10.581930962221318,0.8733076,1.2927703,-3.970143,0.32095643747301816,7.943077144538407,0.2644147146305581,0.18192826455010222,-0.033090165220651044,0.028593937637355436
33,1.1,approach,unknown_no_ground_truth,0.5095308093536309,-0.11234120163616104,0.38290048019845235,0.05386169629964454,10.581930962221318,0.8733076,1.2162147,-4.206946,0.32040073078436626,8.206796072507867,0.26317818180073915,0.18273990508701984,-0.04208373307925652,0.03361609344330528
34,1.1333333,approach,unknown_no_ground_truth,0.5098945704703772,-0.11314361260490502,0.3811337932500972,0.06487748011443258,10.581930962221318,0.8733076,1.1267177,-4.4837794,0.31961882158402405,8.499201789723699,0.26160913492250965,0.1836214901253564,-0.05258765686415866,0.03799507562219217
35,1.1666666,approach,unknown_no_ground_truth,0.5103348425118336,-0.11397594736797975,0.37897770579793366,0.0765333094126839,10.581930962221318,0.8733076,1.3286829,-3.8590577,0.31857900305331266,8.687437632110651,0.25967234113033016,0.18456125389240297,-0.06369154532339363,0.04243506220068145
36,1.2,approach,unknown_no_ground_truth,0.510906942889962,-0.11482087516143563,0.3764226852598741,0.08780743121599781,10.49451741094598,0.8733076,1.2403501,-4.13229,0.31726676070828425,8.799447184948322,0.2573630413577097,0.18553291458239282,-0.0738516632758305,0.04749817689286121
37,1.2333333,approach,unknown_no_ground_truth,0.511652685164469,-0.1156741986941847,0.3735328308411092,0.09669825816823725,10.039523284845739,0.8733076,1.2386223,-4.1376343,0.31573151933750854,8.892112515247723,0.2547488794153398,0.18651916989896827,-0.08075950544936016,0.053183224914871735
38,1.2666667,approach,unknown_no_ground_truth,0.512588379378464,-0.11657660795547843,0.3704520811335452,0.10210741572574604,10.033819713462302,0.8733076,1.6194761,-2.959572,0.31411175129143065,9.061243941628318,0.25197907911999584,0.18754395747453037,-0.08348784551495185,0.058785236220175764
39,1.3,approach,unknown_no_ground_truth,0.5137084346213442,-0.1175261164430885,0.367313373158076,0.10391278561121318,9.324101630891525,0.8733076,1.3422132,-3.8172057,0.3125071821019396,9.285443178489055,0.2491830280018186,0.18859628156763783,-0.0834861176415823,0.061870309314062996
40,1.3333334,approach,unknown_no_ground_truth,0.5149201738409659,-0.1184270318688046,0.3641967464386331,0.10475557315669931,9.324101630891525,0.8733076,1.3624839,-3.7545042,0.31091240270056475,9.51085934043324,0.24641334736725534,0.1895968997433832,-0.08566347016884227,0.06029510747996435
41,1.3666667,approach,unknown_no_ground_truth,0.5160538129715456,-0.11915762609990355,0.36094080306320486,0.10464986518138523,10.039523284845739,0.8733076,1.2427573,-4.124844,0.30913010363452914,9.710269684090944,0.24347211168743485,0.1904803186776943,-0.09027052167731003,0.05294173399680448
42,1.4,approach,unknown_no_ground_truth,0.5169315743515278,-0.11960911713932981,0.3576217477224816,0.10414479766711804,10.039523284845739,0.8733076,1.4446366,-3.5003881,0.3071355784776752,9.819853291347686,0.24039531794539215,0.19116054686244752,-0.09554836394826435,0.04143246345481974
43,1.4333333,approach,unknown_no_ground_truth,0.5174544818204457,-0.11978565608103409,0.35416963765404097,0.10779226709217543,10.45159368898985,0.8733076,1.2921033,-3.9722064,0.304879278550632,9.783121416728308,0.23710222642736015,0.1916609211935044,-0.10348273388533338,0.03017443673854012
44,1.4666667,approach,unknown_no_ground_truth,0.5176394004902025,-0.11976624878938857,0.3504722706263068,0.11755477457252435,16.049905254511724,0.8733076,1.3543812,-3.7795672,0.3023391157732496,9.714991976304004,0.23349647569681212,0.19206336653229433,-0.1154642822032961,0.02207089848815895
45,1.5,approach,unknown_no_ground_truth,0.5175325870024913,-0.1196329756713897,0.34633451317251973,0.13368930272635385,17.25501016816131,0.8733076,1.2731024,-4.03098,0.2994454331770048,9.64485493865105,0.22940458914626488,0.19246065033974463,-0.13236611406478282,0.018762769274485867
46,1.5333333,approach,unknown_no_ground_truth,0.5172549106737974,-0.11944901506361791,0.34157360851115903,0.15129896724917113,21.45846887501895,0.8733076,1.299167,-3.9503565,0.2961313717573043,9.546331825724328,0.22467207594705646,0.19291513063651303,-0.15003253144246298,0.01953501982676542
47,1.5666667,approach,unknown_no_ground_truth,0.5169516869897408,-0.11923863882730007,0.3362723820699709,0.16491548774749917,21.881313807780646,0.8733076,1.3433647,-3.8136437,0.2924843827991775,9.416234819708919,0.2194024231952719,0.1934158496025045,-0.16340604034510003,0.022261717762362535
48,1.6,approach,unknown_no_ground_truth,0.5167920279699956,-0.11897196114789613,0.330599335340547,0.17413997243447665,22.03454182502125,0.8733076,1.3744804,-3.7173963,0.28860496537921015,9.294140774934128,0.21377831868843264,0.19388567894582115,-0.17207482658344214,0.026739185772169858
49,1.6333333,approach,unknown_no_ground_truth,0.5169384001426579,-0.11852654922843434,0.3246849280911852,0.1728607288363359,22.03454182502125,0.8733076,1.3693583,-3.73324,0.2844911013035786,9.209195112645137,0.20793077830057466,0.19416482213892472,-0.16989961221972052,0.031858332370320964
50,1.6666666,approach,unknown_no_ground_truth,0.5173500632132422,-0.11788975646621849,0.319139802664117,0.15677813269452395,22.03454182502125,0.8733076,1.6483546,-2.8702445,0.28051816760880155,9.17689078285206,0.2024516879555736,0.19417455137720477,-0.15260070811382395,0.035950059448368946
51,1.7,approach,unknown_no_ground_truth,0.518005239073265,-0.11704677256074648,0.31439348674012035,0.1297438520852295,22.03454182502125,0.8733076,1.613217,-2.9789329,0.2769234631299997,9.198793101740005,0.1977574044665661,0.19385203999586725,-0.12333873081461177,0.04026195021300698
52,1.7333333,approach,unknown_no_ground_truth,0.5188916794902404,-0.11607144831903451,0.3108251825390983,0.09762727443561661,18.149060510172525,0.873315,1.7387176,-2.5907328,0.27397218459327505,9.198793101740005,0.19422908218506899,0.1932247954180759,-0.08633346552734497,0.04558088901903886
53,1.7666667,approach,unknown_no_ground_truth,0.5200792050826948,-0.11507999733141977,0.3085462000800543,0.07209974953763418,18.149060510172525,0.873315,1.7622102,-2.518065,0.2718022533568832,9.198793101740005,0.19200184522107677,0.19238439739641305,-0.04872549006368797,0.0531432074817001
54,1.8,approach,unknown_no_ground_truth,0.521735245456623,-0.11423263369394654,0.30741391647409055,0.06504814416712244,18.149060510172525,0.873315,1.8446895,-2.262939,0.2704471708863601,9.252135835193691,0.19098071907217823,0.1914890001621759,-0.01568949522659423,0.06312765478870115
55,1.8333334,approach,unknown_no_ground_truth,0.5239561076527948,-0.11370227096268248,0.3071760799588248,0.07761261077850327,18.149060510172525,0.873315,1.582442,-3.0741265,0.2698997906358982,9.3293143840194,0.19095589380861144,0.19073998952777566,0.007118185235007984,0.07728550181512414
56,1.8666667,approach,unknown_no_ground_truth,0.5268670947136163,-0.11357877574152483,0.30732156771550745,0.09684291015351233,23.303776243317795,0.873315,1.347534,-3.8007474,0.26994178514895656,9.465662239256899,0.19145525102480515,0.19029832953663645,0.013124420472391452,0.09594945979141901
57,1.9,approach,unknown_no_ground_truth,0.5304112630610277,-0.11381421853157991,0.30720442237423723,0.11248333579894845,23.303776243317795,0.873315,1.3694706,-3.7328925,0.2701666688602346,9.695807361039925,0.1918308543946386,0.19023919749951274,0.0027822899248292395,0.11244892038269282
58,1.9333333,approach,unknown_no_ground_truth,0.5342697400478856,-0.11436902116882483,0.3064217948848468,0.12270936836991649,23.303776243317795,0.87330014,1.191045,-4.284801,0.2703113459386438,9.98291187285004,0.19164073685469352,0.1906359140376002,-0.01972710196954849,0.12111329627099948
59,1.9666667,approach,unknown_no_ground_truth,0.5380869913864704,-0.11507137643907428,0.3046695221796156,0.12945036961523135,23.303776243317795,0.87330014,1.122075,-4.4981403,0.27005580141575486,10.312295688715222,0.1905157220520608,0.1913998315811368,-0.050045880516440704,0.1193851248558804
60,2.0,approach,unknown_no_ground_truth,0.5414681951536402,-0.11575915322835996,0.30186909785968663,0.1371373713667062,16.56566205750973,0.87330014,1.4216582,-3.5714653,0.2692092527853282,10.58543436354226,0.18830433361899993,0.19239308648061948,-0.0831173495975797,0.10907870929399378
61,2.0333333,approach,unknown_no_ground_truth,0.5442439363657083,-0.11631836921041147,0.2980270799932253,0.14724573025033752,10.666496202208448,0.87330014,1.1143624,-4.521997,0.26767801180254475,10.720088396179174,0.18497457034437925,0.19348365907351342,-0.11239010620985737,0.09513027437725671
62,2.0666666,approach,unknown_no_ground_truth,0.5464019292441757,-0.11673119395513512,0.293438523199234,0.1573858933820801,5.3727456381454415,0.87330014,1.0173041,-4.822219,0.26562447487615237,10.772344444536426,0.1808116665408693,0.19458546424629258,-0.13487562917508716,0.08111032049190692
63,2.1,approach,unknown_no_ground_truth,0.548013034456925,-0.11702496432860801,0.2882605690738079,0.16480636458616257,4.083600044443399,0.87330014,1.4189668,-3.5797904,0.26317523532084663,10.788983403660753,0.17598286973618377,0.19568146065889935,-0.14915912920959565,0.07009059838196781
64,2.1333334,approach,unknown_no_ground_truth,0.549276379208359,-0.11724869834637308,0.2828467078507058,0.1653623813210855,3.882134147887172,0.87330014,1.3071706,-3.9255998,0.2605937183364547,10.799090960674606,0.17086769633610818,0.19675699831317575,-0.1528123860055245,0.0631909157987021
65,2.1666667,approach,unknown_no_ground_truth,0.5503766766374529,-0.1174505145729671,0.27750116218372173,0.15938234176280094,3.7685929736801964,0.87330014,1.256368,-4.082743,0.25810380163250113,10.772964442891814,0.16579535012209384,0.19781171425130972,-0.14716460334119102,0.0611989410792718
66,2.2,approach,unknown_no_ground_truth,0.551570454274602,-0.11767296134574483,0.27248051059314016,0.14717958316030386,3.882134147887172,0.87330014,1.4211743,-3.572962,0.25589701343474575,10.791358767911422,0.16105673151272956,0.1988567592999016,-0.13299001362641907,0.06305145497834033
67,2.2333333,approach,unknown_no_ground_truth,0.552969239203462,-0.11793453418500643,0.26805029070896447,0.1305598708746751,4.083600044443399,0.87330014,1.0504345,-4.7197394,0.2541215258072651,10.81888514101829,0.15692935710525102,0.19987727924190157,-0.11316668829407643,0.06510898972771102
68,2.2666667,approach,unknown_no_ground_truth,0.5545251450044755,-0.11825839424218504,0.2643143363178644,0.11371224555739798,4.083600044443399,0.87330014,1.7020078,-2.704284,0.2528216040875446,10.861340107146958,0.15351229234173314,0.20087991336464037,-0.0929708203719232,0.06547443278927711
69,2.3,approach,unknown_no_ground_truth,0.5561704349437615,-0.11860669936227597,0.26121148859568705,0.09605376994164297,5.179883907130086,0.87330014,1.3713363,-3.7271214,0.2519059208314458,10.967550786338819,0.15073130793064843,0.20183326227223963,-0.07309403317415988,0.06231844858737172
70,2.3333333,approach,unknown_no_ground_truth,0.5577577346356551,-0.11891109440924495,0.2588252407363156,0.07981245858399824,5.179883907130086,0.87330014,1.5591301,-3.1462352,0.2513128622726905,11.110263906629523,0.14863936113416581,0.20264376394382175,-0.056943489530295745,0.05592376547886894
71,2.3666666,approach,unknown_no_ground_truth,0.5592606155690699,-0.11891050538592085,0.25689064687417507,0.06695057580178622,6.81193538664521,0.87330014,1.1562327,-4.3924828,0.2506705595427473,11.235098428690785,0.14693507867430397,0.20309064989912784,-0.04589491689456845,0.04874460178759673
72,2.4,approach,unknown_no_ground_truth,0.5605858482826926,-0.11847030450039597,0.25540044240555865,0.05886017881862836,6.81193538664521,0.87330014,1.5845069,-3.0677395,0.24982960056375306,11.298883710351848,0.14557969445627567,0.20303049495054143,-0.037680758429102616,0.04521815005911364
73,2.4333334,approach,unknown_no_ground_truth,0.5617480702393236,-0.1174748877607549,0.2542167867147198,0.06076280224005019,6.942449057330855,0.87330014,1.6249176,-2.9427404,0.24861929504402447,11.344090507492442,0.14442302003729207,0.20236982272931806,-0.03381665067480968,0.05048318802533516
74,2.4666667,approach,unknown_no_ground_truth,0.562849108195737,-0.11594895468359213,0.25318011936746254,0.06848539498735001,6.942449057330855,0.873315,1.4179907,-3.5828097,0.24700356209984659,11.398350944301963,0.14332525308462432,0.2011681672587419,-0.03390708003538957,0.059502598683141825
75,2.5,approach,unknown_no_ground_truth,0.5639536257302227,-0.11406512735250465,0.25213002501572185,0.07597408389762575,6.628406488044193,0.873315,1.5309311,-3.2334607,0.2450750998230881,11.442135557387857,0.14216255004696815,0.19962869011602483,-0.03810033124179285,0.06572994890724577
76,2.5333333,approach,unknown_no_ground_truth,0.5651649358178152,-0.1120872579252441,0.2508611106929729,0.08166286383336041,7.054762081681148,0.873315,1.4124585,-3.5999217,0.2429968836645417,11.477743088299007,0.1407852332626997,0.19805808129396296,-0.046269946792002435,0.06728978639683163
77,2.5666666,approach,unknown_no_ground_truth,0.5665148746076614,-0.11024466096833604,0.24921743118384987,0.08869195508368298,7.45191677479334,0.8733076,1.3537393,-3.781553,0.24091302852188384,11.519116647696183,0.13907788967314527,0.19671407655694204,-0.058280629732024546,0.06685529967478042
78,2.6,approach,unknown_no_ground_truth,0.5680429634620902,-0.1086129646465343,0.24703915448129643,0.10187319749945095,7.5440733719755455,0.8733076,1.3340774,-3.8423715,0.23883659832495738,11.540363319448273,0.13689986140558544,0.19570730350850102,-0.07406044429169112,0.06995140427524996
79,2.6333334,approach,unknown_no_ground_truth,0.5698203790334883,-0.1070354180174691,0.24422746104360105,0.11896829646563191,7.781397497868009,0.8733076,1.2432623,-4.123282,0.23661651820933274,11.565637631691938,0.13414050956021104,0.19491972805345906,-0.0910210673885296,0.0766069243305541
80,2.6666667,approach,unknown_no_ground_truth,0.5717874052393909,-0.1053731522756429,0.24084340709923707,0.13552220910814197,8.115003965057923,0.8733076,1.6328437,-2.9182231,0.23416494647506764,11.579543755336028,0.13083177814032895,0.1942067660672795,-0.10687583017630596,0.08332962309812982
81,2.7,approach,unknown_no_ground_truth,0.5738425300075188,-0.1034677608085095,0.23696648031035222,0.1488099697646838,8.115003965057923,0.8733076,1.713843,-2.6676753,0.23137369717939588,11.615805364683254,0.1270154605571018,0.1933930208821665,-0.12064217270087663,0.08711987871535386
82,2.7333333,approach,unknown_no_ground_truth,0.5757993910160186,-0.10133567526317439,0.232718004868358,0.15457737297689528,8.115003965057923,0.8733076,1.2529142,-4.0934267,0.22827985162832792,11.662511594709185,0.12278897378580537,0.19244365039169314,-0.12912079104147847,0.08498226613394727
83,2.7666667,approach,unknown_no_ground_truth,0.577497432153157,-0.09914851247078608,0.2283535899390174,0.15305822331086993,8.115003965057923,0.8733076,1.3619958,-3.7560136,0.2251030031737324,11.67809464037536,0.11840741548298997,0.19144462906143897,-0.13195802719605387,0.07754933127761733
84,2.8,approach,unknown_no_ground_truth,0.5789490449809189,-0.09715806319484306,0.22395751111941659,0.14464834472037677,6.544726061289731,0.8733076,1.3233006,-3.8757062,0.22210114552294744,11.648687375041472,0.11399177980308253,0.1906168748561654,-0.12862519922891827,0.06617175948745832
85,2.8333333,approach,unknown_no_ground_truth,0.5801778844912274,-0.09563571770719949,0.21978229877971717,0.13145099697713222,5.071538382464241,0.8733076,1.286285,-3.9902034,0.21960972601140558,11.628049541152475,0.10983240983364054,0.19017169481534274,-0.11943670602638737,0.05490207518708515
86,2.8666666,approach,unknown_no_ground_truth,0.5813069497395331,-0.09461925268512938,0.21590817787625588,0.11693891023301754,4.6488569969913405,0.8733076,1.4776793,-3.39818,0.21771453773544838,11.640689698249693,0.10602933982199295,0.19015099010594794,-0.10668052364261824,0.047895454918212274
87,2.9,approach,unknown_no_ground_truth,0.582380433061764,-0.09398762938505703,0.21248782618866546,0.10253118548521557,4.410018124384997,0.8733076,1.3381997,-3.8296201,0.21635686537939908,11.693169781855584,0.10272035971573402,0.19041749104709269,-0.0925072164956747,0.04421604791505063
88,2.9333334,approach,unknown_no_ground_truth,0.5834245212172665,-0.09340117614499635,0.20952418752791352,0.09032409637408619,4.410018124384997,0.8733076,1.5157733,-3.280347,0.21522106523240922,11.771412281246612,0.09986217253674673,0.19065060560096306,-0.07996281758810621,0.042004644852283474
89,2.9666667,approach,unknown_no_ground_truth,0.5844061139970436,-0.09256138839300648,0.20699946279247117,0.08178010823539353,4.410018124384997,0.8733076,1.486809,-3.3699398,0.21400440564779172,11.799345401295044,0.09738950995482848,0.19056014532798554,-0.06977384356320389,0.042656732849694796
90,3.0,approach,unknown_no_ground_truth,0.5852770693869906,-0.09128489159169387,0.20485366991920745,0.0779174991183063,4.6488569969913405,0.8733076,1.4651756,-3.4368565,0.21249360204544473,11.775529780178122,0.09521058710622418,0.189969668666174,-0.06142973153602778,0.04793250204467547
91,3.0333333,approach,unknown_no_ground_truth,0.585998081457458,-0.0895733638029415,0.20305990313954897,0.07835956143011288,4.6488569969913405,0.8733076,1.690827,-2.7388685,0.21065920044809663,11.704334576230776,0.09329419816431406,0.18887427384985248,-0.05618540898313239,0.05462069831957279
92,3.0666666,approach,unknown_no_ground_truth,0.586608894859586,-0.08758942310169034,0.20140989648137783,0.07882482510864432,4.693458583070127,0.873315,1.3429902,-3.8148022,0.20859674993644375,11.63038758185385,0.09146489650803967,0.18747473640685788,-0.05398767014426381,0.057434175590866894
93,3.1,approach,unknown_no_ground_truth,0.5872462097095893,-0.08563479795260681,0.19981263841233043,0.07506812563073562,5.130242109721719,0.873315,1.2650543,-4.0558743,0.20659692436926308,11.576825876720006,0.08969502335830767,0.18611042943261305,-0.05221388145580127,0.05393453503119722
94,3.1333334,approach,unknown_no_ground_truth,0.5879817780710287,-0.08398899943816113,0.19821651317193578,0.06799021014101188,5.174798384999078,0.873315,1.3434207,-3.8134704,0.20492368582618958,11.539641642941588,0.08798396233536457,0.1850744158017526,-0.05067109827179547,0.04533330425800661
95,3.1666667,approach,unknown_no_ground_truth,0.5887783048522958,-0.08284885183263102,0.19658207990638094,0.062175570223120764,5.174798384999078,0.873315,1.3512356,-3.7892973,0.20373473692744234,11.618846280467137,0.0863169408907592,0.18454600712601538,-0.05132946081110638,0.03508686343079581
96,3.2,approach,unknown_no_ground_truth,0.5894952675271004,-0.08220547360200747,0.19479457003727615,0.06126151199819519,5.130242109721719,0.873315,1.2786703,-4.013757,0.20294765849002738,11.779400007165911,0.0845620013271647,0.18449124645394258,-0.05557694537836474,0.02577161218696411
97,3.2333333,approach,unknown_no_ground_truth,0.5899732581784672,-0.08194865067486262,0.19278187279701797,0.06391183967653116,4.376183514831156,0.873315,1.1930182,-4.2786975,0.20239363505509905,11.908248500454668,0.0826118144967865,0.18476599150375364,-0.061254390760561446,0.018237951184030193
98,3.2666667,approach,unknown_no_ground_truth,0.5901269522936226,-0.08192517604564684,0.19059020315547553,0.06701209294195914,4.245059276422831,0.873315,1.1130565,-4.5260363,0.20191952508027505,11.94082946336392,0.08047837891127671,0.1851883504339752,-0.06577656622608509,0.01280874451174717
99,3.3,approach,unknown_no_ground_truth,0.5899024936839943,-0.08198575699491725,0.18831511852153116,0.06980823156404564,3.468480728592878,0.873315,1.0746319,-4.6448917,0.20139641052773763,11.94082655324211,0.07822671398487474,0.18558312259627932,-0.06884571550153698,0.011552343969119519
100,3.3333333,approach,unknown_no_ground_truth,0.5893614539202242,-0.082000479905563,0.18600033151751016,0.07197151057114773,3.468480728592878,0.873315,1.2948079,-3.9638402,0.20073898729134956,11.940822699891088,0.07588866862979046,0.1858414673649411,-0.07091847094156671,0.012266573001575768
101,3.3666666,approach,unknown_no_ground_truth,0.5887267129205704,-0.0818848866580981,0.18366440952598523,0.07043519627309922,3.468480728592878,0.873315,1.1436356,-4.4314485,0.19995170003785606,11.92101549440087,0.07349882013038314,0.1859532354853509,-0.06981170552323719,0.009351077262370585
102,3.4,approach,unknown_no_ground_truth,0.5881960664507719,-0.08157950164776231,0.1814710750696128,0.06482868825415726,3.468480728592878,0.873315,1.0875775,-4.6048484,0.19907708791426057,11.829873718929006,0.07123454356676781,0.18589601054152965,-0.0645955102739255,0.00549353012241603
103,3.4333334,approach,unknown_no_ground_truth,0.5879119055732601,-0.08100922439454389,0.17951129685278566,0.05997567080857583,4.151644059263627,0.873315,1.2064395,-4.2371826,0.1981041161098447,11.690792585147374,0.0691924398072057,0.18562771100562825,-0.05811118112901445,0.014838184414864604
104,3.4666667,approach,unknown_no_ground_truth,0.5878925129525281,-0.08005167664263116,0.1777886024452191,0.05967151532898229,4.690906323229011,0.873315,1.5523846,-3.1671004,0.19691925976524804,11.511056127714104,0.06736046827313254,0.18503989348385808,-0.0523197771412064,0.028693739065368682
105,3.5,approach,unknown_no_ground_truth,0.5880737587509055,-0.07869735330391997,0.17627798350918483,0.062193422077526955,4.690906323229011,0.873315,1.6734265,-2.792692,0.19548304141374853,11.370703062082114,0.06570445776909756,0.18411014015973753,-0.0471756169321049,0.040527557498432044
106,3.5333333,approach,unknown_no_ground_truth,0.5883439809389059,-0.07704419837609931,0.17497037103057128,0.06326845049240667,4.775604750297033,0.873315,1.397524,-3.6461174,0.1938437379404723,11.263703423373338,0.06421542994371168,0.18289825941183463,-0.04281272701324475,0.046582907094764904
107,3.5666666,approach,unknown_no_ground_truth,0.5885473218006748,-0.07530989240336594,0.17380989364413227,0.06036129880421034,4.775604750297033,0.873315,1.2820903,-4.0031786,0.1921373001514215,11.187545102286368,0.0628502785087082,0.18156702509226516,-0.040752783774515175,0.044527485982915956
108,3.6,approach,unknown_no_ground_truth,0.5885142555191891,-0.07374787252036843,0.17266852688895312,0.0550302579913688,4.775604750297033,0.873315,1.1802278,-4.318261,0.19051575961836692,11.095835984464706,0.06149858011033458,0.18031688580766952,-0.04194734880755866,0.035619506209570294
109,3.6333334,approach,unknown_no_ground_truth,0.588139509856006,-0.07255450878901051,0.17142224756364546,0.05170899852918379,4.775604750297033,0.873315,1.2694515,-4.042273,0.18910302125782785,10.952253509744377,0.06005378056309812,0.17931395954837914,-0.044920506161621826,0.025611885035561662
110,3.6666667,approach,unknown_no_ground_truth,0.5874267534805566,-0.0717874983308894,0.17004975159992208,0.05225558053566896,4.886922553549994,0.873315,1.2928523,-3.9698894,0.18795273548607877,10.809405101825192,0.05850387253056878,0.17861558631773114,-0.04717235697434427,0.022481424212109406
111,3.7,approach,unknown_no_ground_truth,0.5864435206458014,-0.07138619113184994,0.16861247249357258,0.05475781623790102,5.059594350224395,0.873315,1.2666636,-4.0508966,0.1870464335339888,10.66510079691133,0.05690895956400116,0.17817895111131332,-0.047974800391006475,0.026397669718875222
112,3.7333333,approach,unknown_no_ground_truth,0.5852772015185044,-0.07119501400546227,0.16715930714669633,0.05714962483360723,5.44407922454744,0.873315,1.2576897,-4.078655,0.18628255414409756,10.52192032501091,0.055305555351311084,0.17788334808444467,-0.047898169530986655,0.0311744282097189
113,3.7666667,approach,unknown_no_ground_truth,0.5839759505232152,-0.0710942695719452,0.1657242614438035,0.058096028413910344,5.453212024123896,0.873315,1.2425181,-4.125584,0.1855745935425219,10.390225477425796,0.05371575110419757,0.177630368607916,-0.04697737302114615,0.03418003717818294
114,3.8,approach,unknown_no_ground_truth,0.5826240643713647,-0.07098932443756455,0.16434520187969764,0.056771693589277514,5.453212024123896,0.873315,1.1540259,-4.399309,0.18486914996768156,10.268936339476193,0.05217373327085706,0.17735417718890809,-0.044867010726679875,0.03478471706722375
115,3.8333333,approach,unknown_no_ground_truth,0.5812970440118896,-0.07086401735893838,0.16306062206602243,0.05450038934632192,5.44407922454744,0.873315,1.1417701,-4.4372187,0.18417962297500431,10.140329257068602,0.050724619718146416,0.17705690179618577,-0.04235285080643646,0.03430056074568482
116,3.8666666,approach,unknown_no_ground_truth,0.579996037266284,-0.07073817814878067,0.16184886950915456,0.05346849626947797,5.059594350224395,0.873315,1.2738651,-4.0286207,0.18352076818197333,10.01280685933717,0.049350212396966006,0.17676093711698843,-0.0411333469377422,0.03416032586229989
117,3.9,approach,unknown_no_ground_truth,0.5786896464337049,-0.07064046213349481,0.16064035318894745,0.05194998711310138,4.405199292750293,0.87330014,1.2474142,-4.110439,0.18290202582923318,9.921547076119008,0.04798238941912952,0.17649600946783042,-0.039902626798287294,0.03326532031482644
118,3.9333334,approach,unknown_no_ground_truth,0.5774621359745394,-0.07057571941287324,0.15949351564597394,0.04753814529534069,4.058748481864069,0.87330014,1.3526539,-3.7849104,0.18235933921210878,9.836920941791142,0.04669002970009642,0.17628093976514045,-0.03642228635794244,0.0305498332987426
119,3.9666667,approach,unknown_no_ground_truth,0.5763720905646204,-0.07056693948189333,0.15847993624552265,0.041225363606868536,3.9928918525198784,0.87330014,1.3569808,-3.7715263,0.18193566723834573,9.74041938970272,0.045554239156553586,0.17614028019828282,-0.031156148098934543,0.02699675980846179
120,4.0,approach,unknown_no_ground_truth,0.5754385068335597,-0.07062319333175855,0.1576344494197166,0.03496929187071984,3.8104858444516028,0.87330014,1.2985891,-3.9521441,0.1816439101317505,9.655870497104331,0.04461295500896339,0.17608007931994937,-0.025769174720637285,0.023638972231399182
121,4.0333333,approach,unknown_no_ground_truth,0.5746406252786311,-0.07074566446414515,0.15692913946184134,0.02905956744048985,2.423257587333979,0.87330014,1.2181895,-4.2008376,0.18147310005104386,9.61318219696336,0.04383629570431242,0.1760990210678647,-0.02077475309215873,0.020319155833553204
122,4.0666666,approach,unknown_no_ground_truth,0.5740177250116361,-0.0709541320910053,0.15635969431337218,0.023734017042481504,2.423257587333979,0.87330014,1.1640133,-4.368416,0.18145046459299397,9.60619106712849,0.043227972702253384,0.17622602951058788,-0.016253383432549826,0.017295406672504628
123,4.1,approach,unknown_no_ground_truth,0.5735776577440745,-0.07127770173209562,0.15588481991829273,0.021729484224107316,2.423257587333979,0.87330014,1.0350642,-4.767283,0.18160088164396412,9.60619106712849,0.04275273777327973,0.17649669579557076,-0.013877792453439038,0.016720567013860484
124,4.133333,approach,unknown_no_ground_truth,0.57325173858838,-0.07172556705991417,0.15540225781957479,0.023789956768846883,2.423257587333979,0.87330014,1.08918,-4.599891,0.18190546050598777,9.608625040606443,0.04230278736219459,0.17691826006177094,-0.014707729474136453,0.018698789714289572
125,4.1666665,approach,unknown_no_ground_truth,0.5729620392410864,-0.0722762737963332,0.1548174633370615,0.02701142541403295,3.07390602640642,0.87330014,1.1177417,-4.5115438,0.1823157413477246,9.626776285181052,0.04177222334775596,0.17746580205706003,-0.016772389175669273,0.021173192112616302
126,4.2,approach,unknown_no_ground_truth,0.5726926444740201,-0.0729037269793566,0.15416044870285972,0.02994434263236741,3.07390602640642,0.87330014,1.0673298,-4.667479,0.1828047241184315,9.72479016661538,0.04118462907908487,0.1781050069134331,-0.01854655166048381,0.023509340211703554
127,4.233333,approach,unknown_no_ground_truth,0.572370163585497,-0.07359308892739158,0.1534387516820671,0.031923042504381695,3.07390602640642,0.87330014,1.0835731,-4.6172347,0.18333859799946672,9.818211303960206,0.04053578767093685,0.17880126239573027,-0.019757661227156775,0.02507419920096086
128,4.266667,approach,unknown_no_ground_truth,0.5719656272819906,-0.07427934707132389,0.15270838508596585,0.03225254449643051,3.07390602640642,0.87330014,1.109299,-4.537659,0.18385056822290227,9.839606805632009,0.039867428368296945,0.1794759582539755,-0.020081092479050842,0.02523839042692774
129,4.3,approach,unknown_no_ground_truth,0.5714661873181669,-0.07490746120875633,0.1519970655766718,0.031160145494427003,2.4437069829974956,0.87330014,0.9915699,-4.90182,0.18428606326321023,9.851925584096525,0.039197054712065825,0.1800692755995626,-0.019490003214700007,0.024312433895536723
130,4.3333335,approach,unknown_no_ground_truth,0.5709414719312298,-0.0754625039974593,0.15134215234587653,0.02801599281843686,2.426155716310652,0.87330014,0.9819265,-4.9316497,0.1846515174512612,9.858278191283812,0.03856809597718086,0.18057874977346694,-0.01736567623817475,0.021984747949285174
131,4.366667,approach,unknown_no_ground_truth,0.5705070586355323,-0.07595765957671305,0.15078645607561836,0.022870934444515264,2.4061906244020075,0.87330014,1.0213941,-4.8095675,0.18499154179155142,9.876184691383255,0.03803934399332788,0.18103833528557586,-0.013824396486568625,0.01821992601926429
132,4.4,approach,unknown_no_ground_truth,0.570254630056231,-0.076398264361455,0.15035351942519604,0.017302252298535974,2.4061906244020075,0.873315,1.0830585,-4.6188264,0.1853346847454566,9.880886594335951,0.03764647036507824,0.18147090300857896,-0.009727363989091957,0.014308959585724968
133,4.4333334,approach,unknown_no_ground_truth,0.5702205897983812,-0.0767884961941735,0.15003934972065255,0.014331538957839497,2.4061906244020075,0.873315,1.1443645,-4.429194,0.18569260525486728,9.890050612881355,0.03739085363794044,0.18188916325764456,-0.006409546380243774,0.012818374471810971
134,4.4666667,approach,unknown_no_ground_truth,0.5703621772117413,-0.07716238705906917,0.14979013118906925,0.015053812706949185,1.7962349030703053,0.873315,1.0760654,-4.6404576,0.18608410375220785,9.90887980827832,0.03721916765340245,0.18232396229911846,-0.0053831190047978796,0.014058424762258702
135,4.5,approach,unknown_no_ground_truth,0.5705686546093158,-0.07756810605845571,0.14951185995604488,0.017382106470763332,1.585258471606419,0.873315,1.082717,-4.619883,0.18652334156015002,9.963724101066916,0.03703197935705317,0.18281025532410144,-0.006932060640094491,0.01594001758603187
136,4.5333333,approach,unknown_no_ground_truth,0.5707391796837629,-0.07804333775986597,0.14913849747382013,0.020635459289238905,1.5573587079886442,0.873315,1.0158168,-4.8268194,0.18701823163753542,9.99197050430272,0.03675703068874241,0.183370498335413,-0.009989768485508498,0.018056209615635765
137,4.5666666,approach,unknown_no_ground_truth,0.5708066552031709,-0.07861079755518714,0.14864659131946362,0.025149694210056896,1.5573587079886442,0.873315,1.0797309,-4.6291194,0.18757274001019714,9.996807679995737,0.03636599538414227,0.1840137146373975,-0.01342345741890899,0.0212677669204387
138,4.6,approach,unknown_no_ground_truth,0.5707385848686937,-0.0793083509951287,0.1480380980431933,0.030153684482907513,1.5573587079886442,0.873315,1.1237386,-4.4929943,0.1882158261965049,10.000857775139464,0.035862134324025546,0.18476770430072048,-0.016128035412228695,0.025478052547960466
139,4.633333,approach,unknown_no_ground_truth,0.5705450348161893,-0.08013184052920864,0.1473585449879415,0.03363729205152596,1.4813437488610477,0.873315,1.169024,-4.3529167,0.18894850972968544,10.008444687197887,0.03529079398035952,0.1856235415816239,-0.016863448093026805,0.02910483696868001
140,4.6666665,approach,unknown_no_ground_truth,0.5702841051841441,-0.08104442470622743,0.1466933930913753,0.034266071378596906,1.4813437488610477,0.873315,1.1010039,-4.563318,0.189752953901384,10.000887866687991,0.03473790545182873,0.1865461375615174,-0.01512803310454196,0.030745833247953793
141,4.7,approach,unknown_no_ground_truth,0.5700192974604359,-0.08198084998974102,0.14612434076712155,0.03206282447036139,1.5573587079886442,0.873315,1.0757471,-4.6414423,0.19058358348149954,9.977107231914532,0.034282259337749414,0.1874748756163049,-0.011980745706662268,0.02974031683303826
142,4.733333,approach,unknown_no_ground_truth,0.5697841033350182,-0.08285616334970619,0.14567526155300076,0.027805402862342423,1.562051275480693,0.873315,1.1566303,-4.3912535,0.1913661819375862,9.960020006868955,0.03393918978231822,0.18833254361976087,-0.008929821858344292,0.026332464941881087
143,4.766667,approach,unknown_no_ground_truth,0.5695914366672312,-0.08360140341105698,0.14533251785458579,0.021823622439126156,1.6502345762508641,0.873315,1.1604593,-4.3794093,0.19203616312501018,9.968531011753605,0.03368692105129622,0.18905840181769032,-0.006453552984852215,0.020847593391977785
144,4.8,approach,unknown_no_ground_truth,0.5694584225668456,-0.08414658768292216,0.1450874605431986,0.0150796827712319,1.6502345762508641,0.873315,1.0928986,-4.588389,0.19252916946663767,9.974377115785533,0.03350896360794874,0.1895906918955529,-0.004084637382286682,0.0145159419238372
145,4.8333335,approach,unknown_no_ground_truth,0.5693946568120778,-0.08450827254941352,0.14494584377457348,0.010451866160481913,1.562051275480693,0.873315,1.0509418,-4.71817,0.19286281148393358,9.98062916314054,0.033414612134858176,0.18994611801604236,-0.0019531543953318986,0.010267750198783693
146,4.866667,approach,unknown_no_ground_truth,0.569360951479617,-0.0848013975068853,0.14487011192282534,0.010568497851249383,1.6502345762508641,0.873315,1.1281819,-4.47925,0.1931378840180895,9.985708289329441,0.03337875343082617,0.19023170362058242,-0.00034894903470509024,0.01056273550757763
147,4.9,approach,unknown_no_ground_truth,0.5693233056267663,-0.0851993586879159,0.14482870257886143,0.015457521225494186,2.1114262309524094,0.873315,1.1726668,-4.341649,0.19351344732835435,9.99022594185302,0.03339134888658437,0.19061078698866488,0.0014428433994800056,0.015390034612085194
148,4.9333334,approach,unknown_no_ground_truth,0.5693032447012782,-0.08582919628653017,0.14482287981259626,0.02258566775761943,2.1114262309524094,0.873315,1.2449942,-4.1179247,0.19411791133981732,10.006174314385571,0.03347494290517365,0.19120981068038465,0.003702544942612405,0.022280115551888528
149,4.9666667,approach,unknown_no_ground_truth,0.5693112326355716,-0.08670473443229212,0.144858032500209,0.029038300058436155,1.8801139551422998,0.873315,1.1726463,-4.3417125,0.19496738476189568,10.049010550547116,0.033638184996384005,0.1920436242915711,0.005178278771684036,0.028572859486696457
150,5.0,approach,unknown_no_ground_truth,0.569315113127242,-0.08776403203351289,0.1448854921307413,0.03226531374824861,1.8801139551422998,0.873315,1.180424,-4.317654,0.19599403303207014,10.106620429476026,0.033820161182675154,0.1930540278827512,0.004241201627620996,0.03198535102241002
151,5.0333333,approach,unknown_no_ground_truth,0.5692945629380811,-0.08885548728187986,0.1448285868236594,0.030365717364113292,1.8801139551422998,0.873315,1.1730604,-4.340431,0.1970462054950863,10.1519197413476,0.033920931519887176,0.19410455302448446,0.00033508012184658206,0.0303638685339855
152,5.0666666,approach,unknown_no_ground_truth,0.5692449633104757,-0.08976959124591954,0.1446191783598137,0.024792096929727406,1.8801139551422998,0.873315,1.0503695,-4.7199407,0.19792005069734694,10.174440333531454,0.03384249983758137,0.1950052093478112,-0.005491355209564289,0.024176291860733945
153,5.1,approach,unknown_no_ground_truth,0.5691609394376576,-0.09039560790818964,0.14424383255539686,0.0199567814519785,1.4822840373210175,0.873315,1.0875759,-4.604853,0.19850735939003053,10.188528826166966,0.033554841498438175,0.19565082249767682,-0.011707683907036876,0.016161784043073425
154,5.133333,approach,unknown_no_ground_truth,0.5690397137914962,-0.09071831289512708,0.14370928853239467,0.019616293115342087,1.3922149248025568,0.873315,1.1508467,-4.409143,0.19879344636081206,10.188528826166966,0.03306198827184249,0.19602484344470633,-0.01721034823490444,0.00941290971062291
155,5.1666665,approach,unknown_no_ground_truth,0.5688977987372098,-0.09084034469016253,0.14304250799375529,0.0209534282611195,1.1521454597578353,0.873315,1.0819722,-4.6221867,0.1988827782681281,10.167704159728713,0.032407485970701144,0.19622465274452194,-0.020306514820285792,0.005166392527421308
156,5.2,approach,unknown_no_ground_truth,0.5687724957556791,-0.09085039921161642,0.14234456859737704,0.020225620526490823,1.1507252544465836,0.873315,1.051453,-4.716589,0.19887031691492926,10.142872322408595,0.03170822182213891,0.1963262377236482,-0.02005466630264815,0.0026241351281966726
157,5.233333,approach,unknown_no_ground_truth,0.5686805851936936,-0.09081323407175823,0.14171202146971337,0.01721742568480776,1.146929961030529,0.873315,1.1210637,-4.5012684,0.19882156433202075,10.122406523824443,0.031070509407228816,0.19637881221915762,-0.017128560439172397,0.0017470445024372356
158,5.266667,approach,unknown_no_ground_truth,0.5686181455238963,-0.09079890975014263,0.141208312081268,0.01284221749880289,1.0485975699196461,0.873315,1.1523529,-4.404484,0.19880162497889214,10.113504856736226,0.030566298366259063,0.19643774458701388,-0.012670059979257946,0.0020957410165774945
159,5.3,approach,unknown_no_ground_truth,0.5685884790321489,-0.09082689666267998,0.1408609573159399,0.008386576814550717,1.0485975699196461,0.873315,1.1534169,-4.401193,0.19882860075175002,10.113504856736226,0.030225845390181784,0.19651771102714288,-0.00798481563400641,0.002564642266922718
160,5.3333335,approach,unknown_no_ground_truth,0.5685888632398324,-0.09088502646795542,0.14065665599405117,0.004724552809214784,1.0473798923690003,0.873315,1.1675943,-4.357339,0.19888948724307057,10.113504856736226,0.030033977797808413,0.19660871881341446,-0.00383677693038957,0.0027569080567711518
161,5.366667,approach,unknown_no_ground_truth,0.5686026007279605,-0.09096431605684918,0.14057789808170879,0.00273762275829006,0.5024826511165272,0.873315,1.2169669,-4.2046194,0.1989714783298066,10.1157851994031,0.029970060489162283,0.19670140991620944,-0.0008072584341657731,0.0026158960581750762
162,5.4,approach,unknown_no_ground_truth,0.5686157232332231,-0.09104570151874367,0.14057436840873083,0.0025897800749923035,0.3847478963817992,0.873315,1.2473525,-4.11063,0.19905367941272017,10.121242208506692,0.029980160616766494,0.19678302075416684,0.0006131391215729116,0.0025161520729923975
163,5.4333334,approach,unknown_no_ground_truth,0.5686248856727514,-0.09113500147637923,0.140591259614581,0.0028309441118930705,0.36473796822944515,0.873315,1.326642,-3.8653705,0.19914214287939266,10.126671989843217,0.030010936394217,0.19686781546849833,0.0009965634764736602,0.0026497369307198738
164,5.4666667,approach,unknown_no_ground_truth,0.5686266927776902,-0.09123005824826601,0.1406132408500936,0.0026954042802965258,0.2395640388575597,0.873315,1.274092,-4.0279193,0.19923430242036674,10.131427141846228,0.030046598122728967,0.19695560210915908,0.0008447562257640848,0.0025596076170525924
165,5.5,approach,unknown_no_ground_truth,0.5686229148141988,-0.09131192666920512,0.14062261772317747,0.002190929588377366,0.21370753766244827,0.873315,1.316573,-3.896516,0.19931260283700517,10.1327905545909,0.030067253425807024,0.1970316571546056,0.0004562424859437176,0.0021428987972480894
166,5.5333333,approach,unknown_no_ground_truth,0.5686145263936533,-0.09137519485287314,0.14062425933236264,0.0016779902774073589,0.14225620409393,0.873315,1.2684921,-4.045241,0.19937191963565687,10.13433213068765,0.030077014261385253,0.19709017112054888,0.00023327692285323354,0.001661695895264158
167,5.5666666,approach,unknown_no_ground_truth,0.568606279747543,-0.09142253744091353,0.14062420377355014,0.0011552249669928296,0.11326369806891312,0.873315,1.2428322,-4.1246123,0.19941586032720296,10.135403445420472,0.030082805206821335,0.19713373679034993,0.00016037225026802862,0.001144039101476673
168,5.6,approach,unknown_no_ground_truth,0.5686031435063501,-0.09145135648142631,0.14062532494954277,0.0007565454987150629,0.11326369806891312,0.873315,1.2366538,-4.1437235,0.1994430384200879,10.136068150228349,0.030087705735220016,0.1971604816839,0.0002231271590155761,0.0007228937422164207
169,5.633333,approach,unknown_no_ground_truth,0.5686086363487288,-0.0914723656159046,0.1406316483657692,0.0005544441067511092,0.12484193574023623,0.873315,1.2423565,-4.1260834,0.19946460680272796,10.136519227171977,0.030097680337515417,0.19718077747404184,0.0003641235259999173,0.0004181175974823627
170,5.6666665,approach,unknown_no_ground_truth,0.5686238221230261,-0.09147586090408327,0.14064371474609227,0.0007004700401347315,0.09911672022217893,0.873315,1.2619748,-4.0654,0.1994713963211266,10.137267506786698,0.030111980615346368,0.19718546237925597,0.0004982657073332516,0.0004923307445427786
171,5.7,approach,unknown_no_ground_truth,0.5686452563633568,-0.09147296177262985,0.14066061936329485,0.0008159578865840011,0.06917917060063385,0.87332237,1.2571036,-4.0804677,0.19947338636261572,10.139654617371669,0.0301308980217707,0.19718458573471462,0.0005796325307739943,0.0005742938289300733
172,5.733333,approach,unknown_no_ground_truth,0.5686661071741212,-0.0914737754585207,0.14067787136548365,0.0007332025393682297,0.09911672022217893,0.87332237,1.3024693,-3.9401422,0.19947883351884002,10.141595047470581,0.03015062274966944,0.19718708114337563,0.0005015288840544429,0.0005348408568865374
173,5.766667,approach,unknown_no_ground_truth,0.5686841796296589,-0.09147017029045729,0.14068999945750904,0.00048360167649182063,0.11632325128819228,0.87332237,1.2961713,-3.959623,0.19947943777559315,10.141595047470581,0.03016431920653607,0.19718559770447977,9.566711005306272e-05,0.0004740447083976307
174,5.8,approach,unknown_no_ground_truth,0.5686925591872598,-0.09145618373796852,0.14068353379808696,0.0008282092568216707,0.12484193574023623,0.8733076,1.23359,-4.1532,0.19946803608839675,10.141453585546932,0.03015701509254774,0.1971751806431778,-0.0006636524259280306,0.0004954755600884306
175,5.8333335,approach,unknown_no_ground_truth,0.5686872051640933,-0.09143205572440846,0.14065016604321817,0.0017597387895430517,0.12484193574023623,0.8733076,1.1358148,-4.45564,0.19944406804961398,10.140855103479218,0.030120075750855135,0.1971565807091962,-0.0015633944704537036,0.0008077613120082123
176,5.866667,approach,unknown_no_ground_truth,0.5686732013808304,-0.09138815765574998,0.14058993503800266,0.003076798458049449,0.22287331816479816,0.8733076,1.050044,-4.7209477,0.19939943470255403,10.135942271016312,0.03005278888728884,0.1971216995660147,-0.002767049446007016,0.001345409274090131
177,5.9,approach,unknown_no_ground_truth,0.5686466383579372,-0.09131834800385528,0.1404843378614951,0.004894745033045316,0.4225088684817961,0.8733076,1.0560343,-4.702418,0.1993276813426925,10.126706073199337,0.029935605951983822,0.19706695320560857,-0.004359219308540685,0.002226148233736438
178,5.9333334,approach,unknown_no_ground_truth,0.568611522263545,-0.09120143872570341,0.14032952403798105,0.006862929718185031,0.4709228264839515,0.8733076,1.0384972,-4.7566643,0.19920938802366214,10.116462362159993,0.029762174525394137,0.19697358514349575,-0.005782725911974816,0.003695928211386457
179,5.9666667,approach,unknown_no_ground_truth,0.5685782750693891,-0.09101946694223281,0.1401447371212709,0.008479639849131968,0.6700932661479665,0.8733076,0.98053104,-4.935966,0.19902929301044125,10.101900438059458,0.029550091234330597,0.1968234020239433,-0.006609345159615416,0.0053123298591159695
180,6.0,approach,unknown_no_ground_truth,0.5685508870859841,-0.09078695109386972,0.13994992235150197,0.009819897062232633,0.9406786466895497,0.8733076,1.0333395,-4.772618,0.19880202488755233,10.080239062889927,0.029321551906949562,0.19662779989909623,-0.007097907547281719,0.006786021423712596
181,6.0333333,approach,unknown_no_ground_truth,0.5685292232656324,-0.09050288357791841,0.13974559523612567,0.011226812120048857,0.9869316935383893,0.8733076,1.1098254,-4.536031,0.1985266026138474,10.055561973645766,0.029076897819032752,0.19638570711387834,-0.007670957771256018,0.008197421378121466
182,6.0666666,approach,unknown_no_ground_truth,0.5685092822792888,-0.09017187239984994,0.13952550528696098,0.012338083326148313,0.9874241860293158,0.8733076,1.0667266,-4.6693444,0.19820674765682023,10.035660711527191,0.028810155177391363,0.19610173322882446,-0.008402436408341074,0.009034786249090975
183,6.1,approach,unknown_no_ground_truth,0.5684747447006624,-0.08982531891679559,0.13928244597888828,0.013040095692921614,0.9903335652469084,0.8733076,1.0881584,-4.6030517,0.1978692314008499,10.015878376447892,0.028516735890407926,0.1958035457016032,-0.009424246398283346,0.009012639763409842
184,6.133333,approach,unknown_no_ground_truth,0.5684134950135586,-0.08948637844025463,0.1389995081177108,0.013529867114994931,0.9903335652469084,0.8733076,1.1321511,-4.4669724,0.19753416531722837,9.988879600411463,0.028181872643404274,0.19551349958988776,-0.01060708602809376,0.008399227949165292
185,6.1666665,approach,unknown_no_ground_truth,0.5683539737339866,-0.08916966238782473,0.13867489724855717,0.013442702254160834,1.2045698986459297,0.8733076,1.1296295,-4.4747725,0.19722284663831094,9.976816333658876,0.027809597451289456,0.19525234320160142,-0.011103073595029307,0.007578126459579818
186,6.2,approach,unknown_no_ground_truth,0.5683746319590877,-0.08888077861588939,0.13834005687028028,0.013147628723798708,1.2975027209628014,0.8733076,1.1775395,-4.3265767,0.19695891332615348,9.971820921973237,0.02744166839592184,0.19503786395022765,-0.010556595422690818,0.007836991395968237
187,6.233333,approach,unknown_no_ground_truth,0.5685195556982869,-0.08861289599880412,0.13801849818770406,0.013348788496071,1.3082920402100495,0.8733076,1.2492557,-4.104743,0.19674581073422306,9.971820921973237,0.02710582504953509,0.19486967001011402,-0.009403618366313064,0.009474287093685578
188,6.266667,approach,unknown_no_ground_truth,0.5687724316849943,-0.08837704857944995,0.13772364338286108,0.0138182842445786,1.3082920402100495,0.8733076,1.2347305,-4.1496725,0.19659000677275953,9.97581463269145,0.02681474325469464,0.19475266444158973,-0.008272774089038126,0.011068251367569705
189,6.3,approach,unknown_no_ground_truth,0.5690896137781367,-0.0881681708406999,0.13744759199458847,0.013703600651370225,1.2404451710962714,0.8663494,1.1456819,-4.425119,0.19647641628374005,10.038524473270765,0.026554316905040003,0.19467370240843576,-0.007439566959708665,0.011508323694797852
190,6.3333335,approach,unknown_no_ground_truth,0.5694083203536988,-0.08799333317063615,0.137191644402601,0.012131798476272944,1.2404451710962714,0.8663494,1.1547291,-4.397134,0.19639639560890548,10.088448424208243,0.026318772565508936,0.1946249378132585,-0.006651835413849842,0.010145620725019816
191,6.366667,approach,unknown_no_ground_truth,0.5696634181104845,-0.08786421664026275,0.1369654146666357,0.009273670966684487,1.2404451710962714,0.8663494,1.1815894,-4.3140492,0.19634439743482848,10.111301819388977,0.026110861605501128,0.19460047613062062,-0.005550928065583934,0.007428874127957707
192,6.4,approach,unknown_no_ground_truth,0.5698286885110228,-0.0877818138103171,0.1367906755264639,0.006074783064054037,1.2404451710962714,0.8663494,1.2531588,-4.09267,0.19631345290247054,10.126355928533993,0.025948711023860302,0.1945909457983354,-0.0033569023917860586,0.005063022378712027
193,6.4333334,approach,unknown_no_ground_truth,0.5699586937247103,-0.08774184204369175,0.1367167185399047,0.005332365069623924,1.2404451710962714,0.8663494,1.2707095,-4.0383816,0.19631065690874253,10.141146647625032,0.02588706831191292,0.19459633529477466,0.0007333961866172235,0.005281689811906855
194,6.4666667,approach,unknown_no_ground_truth,0.5701823882810622,-0.08774722344078341,0.13679925506148852,0.009954886345219146,1.2404451710962714,0.8663494,1.3270968,-3.8639638,0.19636888105269282,10.165140828107578,0.02599760405944861,0.1946403401894241,0.0057581306140838924,0.008120572269081808
195,6.5,approach,unknown_no_ground_truth,0.5705449676779497,-0.0877861783067069,0.13702454925763552,0.015387889732567921,1.5876765905349288,0.8663494,1.3592005,-3.7646604,0.19648928316060074,10.200368790189382,0.02627094334449954,0.19472512917637733,0.010076828769802898,0.011629474294470145
196,6.5333333,approach,unknown_no_ground_truth,0.5710375244209849,-0.087847018238778,0.13735707998227423,0.019165559835197646,2.635832334734884,0.7603594,1.4011312,-3.6349597,0.1966608367537409,10.259621987091345,0.026669392046146323,0.19484411266592191,0.012693376420967257,0.014359557055570123
197,6.5666666,approach,unknown_no_ground_truth,0.5716028745415631,-0.08791719943843829,0.13772895759680465,0.0202822252693158,2.635832334734884,0.7603594,1.4436753,-3.5033617,0.19686049561372498,10.350190508449641,0.027117167686009764,0.1949838812568112,0.013196593246793096,0.015401902108310104
198,6.6,approach,unknown_no_ground_truth,0.5721685059116848,-0.08798789261218952,0.13808463560748116,0.018844523589451434,2.635832334734884,0.7603594,1.4450322,-3.4991643,0.1970634400014258,10.431490084147077,0.0275491641461842,0.19512827304120267,0.012023282338667857,0.014510573769429975
199,6.633333,approach,unknown_no_ground_truth,0.5726648124208624,-0.08804830432324291,0.13838728143916526,0.015544005022186492,2.635832334734884,0.7603594,1.4507595,-3.4814487,0.19724198421748998,10.501870822907438,0.027918719128463207,0.19525610223570108,0.009853550474151426,0.01202179833398935
200,6.6666665,approach,unknown_no_ground_truth,0.5730475112358784,-0.08809138603995662,0.13862360326620243,0.011480842329335774,1.891084892498704,0.7603594,1.4903517,-3.3589816,0.1973772608111749,10.545789163260112,0.028206066926421094,0.1953514803472572,0.007418715215343915,0.00876198636980752
201,6.7,approach,unknown_no_ground_truth,0.5733076991014949,-0.08811644250122491,0.1387970056524937,0.007942418005470613,1.416392688263359,0.7603594,1.4620771,-3.4464407,0.19746528906875827,10.578716125958763,0.028413299702595245,0.1954104009182182,0.005324348289516961,0.005893498033048082
202,6.733333,approach,unknown_no_ground_truth,0.5734827925673361,-0.08813046059482327,0.1389225469126653,0.005013925045888563,0.7777174005793678,0.7603594,1.5076369,-3.3055146,0.19752177352399686,10.59662557485718,0.02856102316311042,0.19544594897807777,0.0033799938805501237,0.0037033884124180578
203,6.766667,approach,unknown_no_ground_truth,0.5735813591808641,-0.08813622448452135,0.13898786354033532,0.002399226027045042,0.4846704487540063,0.7603594,1.502203,-3.3223228,0.19755178351237615,10.597012970502341,0.028638618928934857,0.19546492441040156,0.0012921282059945199,0.0020215563875696668
204,6.8,approach,unknown_no_ground_truth,0.5736274866745447,-0.08813586010020441,0.1389905936402931,0.0012313134711062074,0.3903515931582684,0.7454386,1.4237026,-3.5651414,0.1975637543588678,10.597012970502341,0.028647180662643896,0.1954757685148031,-0.0006991108328768536,0.0010135960277555594
205,6.8333335,approach,unknown_no_ground_truth,0.5736421449933002,-0.0881336397983685,0.1389327567286566,0.0024074593905361987,0.2238824104401526,0.7454386,1.4102436,-3.606773,0.19756734254315045,10.597237466940614,0.028592011581561383,0.19548747201107902,-0.002318440214625226,0.0006486105829305129
206,6.866667,approach,unknown_no_ground_truth,0.5736459655193549,-0.08813166909720505,0.1388312189155198,0.0036332670957526375,0.2238824104401526,0.7454386,1.4072742,-3.6159577,0.19756964179497902,10.597237466940614,0.028492618119244396,0.19550430704132127,-0.003573915058649688,0.0006540343589107574
207,6.9,approach,unknown_no_ground_truth,0.5736414919650334,-0.08812935315728371,0.13869057795264855,0.004585256242580048,0.2238824104401526,0.7454386,1.4386355,-3.518951,0.19757068287502016,10.594639475079608,0.02835375078972639,0.19552554704655828,-0.004522026806827562,0.0007588467358118047
208,6.9333334,approach,unknown_no_ground_truth,0.5736318062625054,-0.08813080428700329,0.13852586476716916,0.00543584543247891,0.3903515931582684,0.7454386,1.4590365,-3.4558463,0.19757484078076737,10.593084874821194,0.028191149933791543,0.19555325815479543,-0.005361649758105696,0.0008950572256604369
209,6.9666667,approach,unknown_no_ground_truth,0.5736087937606031,-0.08813446078223719,0.1383297029088838,0.006862277964190992,0.40698574813551763,0.7454386,1.3225852,-3.8779192,0.19757874134448986,10.5856329335276,0.02799630779067795,0.1955851880418414,-0.006783209272794394,0.0010387159473587682
210,7.0,approach,unknown_no_ground_truth,0.5735553689240098,-0.08813121419437589,0.13807481100239857,0.009062509056348242,0.7671384044657369,0.7454386,1.3816857,-3.6951087,0.19757008519409253,10.568094494006731,0.02773893638478538,0.1956131129854075,-0.008955061089243035,0.0013913846643970446
211,7.0333333,approach,unknown_no_ground_truth,0.5734604246299411,-0.0881064166031994,0.13774470926281757,0.011503367111345714,0.8814103728962308,0.7454386,1.3347882,-3.8401728,0.19753265123269814,10.548032482356334,0.027399304249452236,0.19562317457209588,-0.01136485028357373,0.001779784517952779
212,7.0666666,approach,unknown_no_ground_truth,0.5733404916560219,-0.0880313527679575,0.13734544385889844,0.013656933333889286,1.2123956825052868,0.7454386,1.3437616,-3.812416,0.19744341309512528,10.51951333238207,0.026981280373600418,0.1955911855990792,-0.013467960742623684,0.0022640365547940324
213,7.1,approach,unknown_no_ground_truth,0.5732320654781626,-0.08787944284527882,0.13689307847808585,0.015111311694307636,1.3121105430093951,0.7454386,1.3073951,-3.9249053,0.19728632563094226,10.485779752108794,0.026501440999128496,0.19549825550609884,-0.014644617766048699,0.003726514673102673
214,7.133333,approach,unknown_no_ground_truth,0.5731526031952738,-0.08765234404298235,0.1364311435071468,0.015622788379103846,1.3121105430093951,0.7454386,1.4778675,-3.3975978,0.19706610421115242,10.451582929700534,0.026004973391537466,0.19534275207405624,-0.01450300211302531,0.005808136228416611
215,7.1666665,approach,unknown_no_ground_truth,0.573111873277669,-0.08735533258520795,0.13600110166461996,0.015317829519444793,1.3121105430093951,0.7454386,1.3531733,-3.7833037,0.19678861020089095,10.416836755910252,0.02553457505219702,0.19512494095246236,-0.013152616762796743,0.007851405828115908
216,7.2,approach,unknown_no_ground_truth,0.5731113769097744,-0.08701027519995796,0.1356381287750834,0.014497138488335285,1.3121105430093951,0.7454386,1.4535143,-3.4729273,0.19647344019685922,10.384758660562639,0.025128133054489774,0.19485992310371233,-0.01111289922719614,0.009309698980963657
217,7.233333,approach,unknown_no_ground_truth,0.5731475623430944,-0.08664492843202032,0.13534678810776157,0.013067548019413153,1.00066339672947,0.7454386,1.4473382,-3.4920313,0.19614581535911402,10.361280637839302,0.024793715763153163,0.19457248659958998,-0.00874810072639052,0.009707293387994117
218,7.266667,approach,unknown_no_ground_truth,0.5732095435961702,-0.08630553137515325,0.1351354823777671,0.010702234117325331,0.9933093590840529,0.7454386,1.4407334,-3.5124614,0.19584659895627873,10.347286905176407,0.024544910089407384,0.19430243876864847,-0.00599864620061935,0.008863072766362542
219,7.3,approach,unknown_no_ground_truth,0.5732897075723755,-0.08603126192584296,0.13501171915418103,0.007908902840267717,0.8537822104318756,0.6850828,1.4040592,-3.6259027,0.19561077887829204,10.336705275909384,0.02439381598373514,0.19408379261320025,-0.0030552068178256566,0.0072949609620001675
220,7.3333335,approach,unknown_no_ground_truth,0.5733910122052062,-0.08583769835513247,0.1349736051968896,0.005704213837694997,0.5864852460972217,0.6850828,1.4829478,-3.3818834,0.19545403983251597,10.329205402429281,0.024341229816180678,0.19393242693754598,-0.0005511427809194048,0.005677525617836657
221,7.366667,approach,unknown_no_ground_truth,0.5735073623908297,-0.08572005399056051,0.13499198786915803,0.004307725753501388,0.4730765008118772,0.6850828,1.4265157,-3.5564399,0.19537155816631485,10.327008184442565,0.024357073164378483,0.19384730776360776,0.0010782036774650374,0.004170608828130489
222,7.4,approach,unknown_no_ground_truth,0.5736179044824146,-0.08567517938359054,0.13504128584505168,0.00339858476852719,0.45155525876399794,0.6850828,1.4748452,-3.4069464,0.19535594174627743,10.335879307340482,0.024413109997364738,0.1938245186652904,0.001745225234509921,0.002916259129380447
223,7.4333334,approach,unknown_no_ground_truth,0.573705801368044,-0.08567440949922081,0.13509135323830557,0.002397626283869044,0.4332072255056918,0.6850828,1.4831825,-3.3811572,0.1953765739941388,10.344111733430534,0.024473421409784736,0.1938377086899922,0.0013439273832713979,0.001985565658847114
224,7.4666667,approach,unknown_no_ground_truth,0.5737606434375915,-0.08568978687477495,0.13511172413122058,0.0014055829847063155,0.3220318471083446,0.6850828,1.4068775,-3.617185,0.19540526026966532,10.345638404457707,0.02450270507650128,0.19386292369865268,0.00031503164053822897,0.0013698242925118923
225,7.5,approach,unknown_no_ground_truth,0.573795768042425,-0.08569996344975878,0.13509715877596928,0.0012362915269590964,0.3220318471083446,0.5149035,1.4746851,-3.4074419,0.1954253593153701,10.345946284333634,0.024494423500460064,0.19388422906704308,-0.00041687052275379377,0.0011638881848742315
226,7.5333333,approach,unknown_no_ground_truth,0.5738310855951139,-0.08570528920832624,0.13507184266569394,0.0013870725525081185,0.3220318471083446,0.5149035,1.4010228,-3.635295,0.1954414052827221,10.347034674590375,0.024474913733054673,0.19390286613829297,-0.00041689428799719945,0.0013229396881780722
227,7.5666666,approach,unknown_no_ground_truth,0.5738783301133243,-0.08570938048139412,0.13505659046689322,0.0017487122707551459,0.3220318471083446,0.5149035,1.4869215,-3.3695917,0.19545901766901044,10.351798062145683,0.024466630572665297,0.1939216635050227,0.00023900711930190322,0.0017323019952689034
228,7.6,approach,unknown_no_ground_truth,0.5739468598260358,-0.0857189432943903,0.1350708647440414,0.002427389114093559,0.3220318471083446,0.5149035,1.4705718,-3.420165,0.1954862089792121,10.36645600838199,0.02449084752682552,0.1939460138504578,0.0011534876453978442,0.002135809954826143
229,7.633333,approach,unknown_no_ground_truth,0.5740289135723994,-0.08572995353062995,0.13511216888033006,0.00275297656360422,0.3220318471083446,0.5149035,1.4998397,-3.3296332,0.19551714090027683,10.380455173471006,0.02454352968057757,0.19397053265029024,0.0016778036938937613,0.0021826256491919425
230,7.6666665,approach,unknown_no_ground_truth,0.574105375843291,-0.08573966394052733,0.13516101560685317,0.002271181825217874,0.3220318471083446,0.5149035,1.5025942,-3.3211126,0.19554494839737727,10.387736842871492,0.02460270100685811,0.1939910666677723,0.0015002681043622184,0.0017051282937753942
231,7.7,grasp_lift,unknown_no_ground_truth,0.5741544765555853,-0.08574537740750708,0.13519536522072767,0.0012929799945252069,0.265573434127935,0.4765893,1.5173221,-3.2755563,0.1955621738766602,10.39385956473844,0.024643547465176264,0.194003245899899,0.0008432908339366001,0.0009801315399684458
232,7.733333,grasp_lift,unknown_no_ground_truth,0.5741774065532855,-0.08574732065427956,0.13520773978043812,0.0007792513498380196,0.265573434127935,0.4765893,1.539376,-3.2073388,0.19556971229928924,10.397983015807409,0.024658920345746578,0.19400889159058896,0.00043938687943351836,0.0006435618357283551
233,7.766667,grasp_lift,unknown_no_ground_truth,0.5742007578474826,-0.08574872703893896,0.13521864334228484,0.0011697729295698403,0.265573434127935,0.4765893,1.5403503,-3.2043252,0.1955769280639816,10.400032925742158,0.024672826236263014,0.19401439749786356,0.0007053245199733578,0.0009332127454545181
234,7.8,grasp_lift,unknown_no_ground_truth,0.5742451909691706,-0.08575270062084908,0.1352459970214382,0.0022049433880165017,0.265573434127935,0.4765893,1.5309503,-3.2334013,0.19559158165896987,10.401597257719553,0.024705955846570798,0.19402495345074758,0.0014622593275021123,0.0016503251205416344
235,7.8333335,grasp_lift,unknown_no_ground_truth,0.5743224109673416,-0.08576111116126098,0.1353002215495225,0.003487047912074828,0.4076473854084771,0.4765893,1.5323745,-3.228996,0.1956181902602802,10.41093457166287,0.024770310104659837,0.19404357267898922,0.0024223818143743153,0.002508300118904039
236,7.866667,grasp_lift,unknown_no_ground_truth,0.5744317962837795,-0.08577481347225024,0.13538286052402326,0.0045253624048968,0.4076473854084771,0.4765893,1.5999997,-3.0198169,0.1956573836454524,10.425886283698283,0.024867447823785718,0.19407066190878783,0.0032175377704786973,0.0031821935188162767
237,7.9,grasp_lift,unknown_no_ground_truth,0.5745603760749487,-0.08579159177500892,0.1354831443004604,0.0049204397511799025,0.4076473854084771,0.46971244,1.5664535,-3.1235826,0.19570405943735536,10.439342116833444,0.024984812431764064,0.19410264817361328,0.0035453864806852336,0.0034118854095009864
238,7.9333334,grasp_lift,unknown_no_ground_truth,0.5746877641432869,-0.08580800663603011,0.13558529992203597,0.0044359689456795895,0.4076473854084771,0.46971244,1.5738906,-3.1005778,0.19575009205537547,10.452432336235507,0.02510380671211596,0.19413371017999084,0.0032384130529776907,0.0030315839729978455
239,7.9666667,grasp_lift,unknown_no_ground_truth,0.574788577346298,-0.08582129406681419,0.1356688827667738,0.003264552764390675,0.3613223612627744,0.46971244,1.6169254,-2.967462,0.1957867652382272,10.460859391319351,0.0252007064431295,0.19415813616023384,0.0024022295279664545,0.002210565096634085
240,8.0,grasp_lift,unknown_no_ground_truth,0.5748545175739586,-0.08582966287872845,0.13572346654277637,0.0020125284153662756,0.23066531193732984,0.46971244,1.589775,-3.051444,0.19581049159853064,10.466240575099198,0.025263955204766177,0.19417384269635757,0.0014762853655647273,0.0013677909716313062
241,8.033334,grasp_lift,unknown_no_ground_truth,0.5748916350998501,-0.08583435296438355,0.13575374002856444,0.000941677558781679,0.12859914461860172,0.46971244,1.5912938,-3.046746,0.19582386401291582,10.469190273643996,0.02529911179018369,0.19418275067465893,0.0006905873477002861,0.0006401919555174892
242,8.066667,grasp_lift,unknown_no_ground_truth,0.574902764993035,-0.08583503582348037,0.1357632733049245,0.00019331927884269043,0.06409285894216994,0.46971244,1.5690829,-3.1154492,0.1958271601985528,10.470686566725659,0.02530999503485454,0.19418465650706107,0.00013017844029419393,0.00014291926831197003
243,8.1,grasp_lift,unknown_no_ground_truth,0.5749020722832152,-0.08583389442335745,0.13576128592017606,9.994626156818071e-05,0.06409285894216994,0.46971244,1.5266657,-3.2466545,0.195825966795796,10.471153971489324,0.025307789947116292,0.19418374040969766,3.227672369027739e-05,9.459105829451683e-05
244,8.133333,grasp_lift,unknown_no_ground_truth,0.5749090905962089,-0.08583365103110319,0.13576484278369635,0.0007290024408693961,0.06409285894216994,0.46971244,1.549092,-3.177285,0.19582751545809726,10.471830046237407,0.025312146649664736,0.19418473431883668,0.000491245976005569,0.0005386296964073493
245,8.166667,grasp_lift,unknown_no_ground_truth,0.5749418922608434,-0.08583735263970091,0.1357889349310707,0.001953686002945383,0.06409285894216994,0.46971244,1.5530052,-3.1651807,0.19583904692234083,10.472431076460557,0.02534054031230219,0.1941926603044806,0.0013810109719411144,0.0013819181211211342
246,8.2,grasp_lift,unknown_no_ground_truth,0.5750122983240794,-0.08584601801231276,0.13584332077229355,0.0031185007731296104,0.21693129102459857,0.46971244,1.5710459,-3.1093771,0.1958643899609347,10.477508489354687,0.02540421297367313,0.19420989989688311,0.002234322170200325,0.0021755117815726232
247,8.233334,grasp_lift,unknown_no_ground_truth,0.5751048857744434,-0.0858576839311839,0.13591638070391462,0.0035887672825048902,0.21693129102459857,0.46971244,1.6141939,-2.9759111,0.19589796211772048,10.489735956892307,0.02548949557683225,0.1942325852608529,0.0025767742781285705,0.002497896100231657
248,8.266666,grasp_lift,unknown_no_ground_truth,0.5751995326336572,-0.08587028207783054,0.1359902750845381,0.003321502065663191,0.21693129102459857,0.46971244,1.6572182,-2.8428278,0.19593303093044132,10.50254728222471,0.02557599774986563,0.19425658534188264,0.0023959539155892886,0.0023003870992894223
249,8.3,grasp_lift,unknown_no_ground_truth,0.5752773417577894,-0.08588557464723387,0.13605244485069176,0.0024444392155832757,0.21693129102459857,0.46971244,1.6616426,-2.8291423,0.1959665800468445,10.51249247900779,0.025649225282705707,0.19428077037538566,0.0017837435999718948,0.0016713891971173818
250,8.333333,grasp_lift,unknown_no_ground_truth,0.5753244364052473,-0.08589958905196535,0.13609076035413492,0.0015048938858682136,0.30668115919540473,0.46971244,1.5862625,-3.062309,0.19599144005511282,10.513313831749477,0.025694914687380797,0.1942998094031106,0.0010751306442479981,0.0010529955866585656
251,8.366667,grasp_lift,unknown_no_ground_truth,0.5753561789496056,-0.08589403330675158,0.13611391308521806,0.0014337331420959678,0.30668115919540473,0.46971244,1.5584146,-3.1484485,0.1959939419320331,10.513432177181286,0.0257209000038384,0.19429889494551866,0.0007753713293466261,0.0012059809386435684
252,8.4,grasp_lift,unknown_no_ground_truth,0.5753955229664403,-0.08585906307304798,0.13614015861898987,0.002343734021423415,0.30668115919540473,0.4401292,1.4370241,-3.523935,0.19597023690432314,10.515185033509402,0.025746606091089707,0.19427157802191963,0.0009294370699434554,0.0021515659172315627
253,8.433333,grasp_lift,unknown_no_ground_truth,0.575454799431812,-0.08579200259691265,0.1361793176265375,0.0035328509076822043,0.30668115919540473,0.4401292,1.3273259,-3.863255,0.1959207869491556,10.519727574086557,0.02578286269486535,0.19421688585196228,0.001264597472182472,0.003298761702406022
254,8.466666,grasp_lift,unknown_no_ground_truth,0.5755358920609859,-0.08569388092335753,0.13623225646435339,0.004395413672803454,0.30668115919540473,0.4401292,1.3120164,-3.910611,0.19584710842891473,10.526594615000912,0.025830912194504087,0.19413617348440473,0.001382125144904472,0.00417245628364041
255,8.5,grasp_lift,unknown_no_ground_truth,0.5756189612365323,-0.08557313727572365,0.1362842659389774,0.004517439933614575,0.30668115919540473,0.4401292,1.4597042,-3.453781,0.1957524153246922,10.5307485845712,0.025875004147021104,0.1940347707650421,0.0011343685579508875,0.004372696139517138
256,8.533334,grasp_lift,unknown_no_ground_truth,0.5756896169760775,-0.0854521317992061,0.13632514023088627,0.00381246026158627,0.30668115919540473,0.4401292,1.4610691,-3.4495587,0.19565454155322815,10.531621106372047,0.025906537779552777,0.1939318203149769,0.00067957775869789,0.003751403379544461
257,8.566667,grasp_lift,unknown_no_ground_truth,0.5757328950103306,-0.08535504496281314,0.13634794181559978,0.002547186907125352,0.30617913734862323,0.4401292,1.4411634,-3.5111313,0.1955727118048289,10.530843138826771,0.02592030981897054,0.19384742232380406,0.0002884260775880043,0.00253080452378251
258,8.6,grasp_lift,unknown_no_ground_truth,0.575756309478515,-0.08529960919412649,0.1363586769726517,0.0013945216827653034,0.20856708107627117,0.4401292,1.4317806,-3.5401545,0.19552573424903597,10.531418900015982,0.025925765905385353,0.19379929673722707,0.00022473782058216556,0.001376293440986533
259,8.633333,grasp_lift,unknown_no_ground_truth,0.5757751086089757,-0.08527508583370405,0.13636956957154128,0.0008938691641878914,0.20856708107627117,0.33204138,1.4134182,-3.5969534,0.19550706982083801,10.532878851168405,0.025935292232685658,0.19377919126349769,0.00032689429830893413,0.0008319508401456597
260,8.666667,grasp_lift,unknown_no_ground_truth,0.5757944936594248,-0.08526010890893748,0.13638175913563083,0.001132863818296629,0.20856708107627117,0.33204138,1.3858606,-3.682195,0.19549766387351145,10.53350950539849,0.025947558893141265,0.19376805920349058,0.0003331650192975864,0.0010827656721202684
261,8.7,grasp_lift,unknown_no_ground_truth,0.5758190514132586,-0.08521907365374899,0.1363947782029032,0.002157995491818705,0.20856708107627117,0.33204138,1.4094537,-3.6092162,0.19546472351124725,10.537582169470431,0.025957503302314337,0.19373349261198664,0.0002999326085860811,0.002137050531226766
262,8.733334,grasp_lift,unknown_no_ground_truth,0.5758562273005602,-0.08513392426524417,0.13641281152664886,0.0035183609359089,0.2200772476377441,0.33204138,1.5705243,-3.1109905,0.19539288343175643,10.53771976072931,0.02596755436127729,0.19365966285282554,0.00043981956344375366,0.0034907624420664747
263,8.766666,grasp_lift,unknown_no_ground_truth,0.5759135517492446,-0.08500996873963867,0.13644337130230022,0.004557889818202878,0.48952069508133145,0.33204138,1.6664014,-2.8144221,0.19528905784888828,10.535780664560194,0.025986824337912075,0.19355232128893968,0.0008240334930317428,0.004482781323825573
264,8.8,grasp_lift,unknown_no_ground_truth,0.5759918702786486,-0.08487314907359905,0.13648980505760466,0.006202429106053549,0.7011824481024271,0.33204138,1.7369283,-2.5962672,0.19517823125246114,10.535345095765576,0.02602249032109365,0.19343570495730045,0.0013179934115076478,0.006060777192971431
265,8.833333,grasp_lift,unknown_no_ground_truth,0.5761074391199021,-0.08466354932296974,0.13655903159932198,0.009814180969681719,0.7428454671716743,0.33204138,1.7835915,-2.4519281,0.19500742249755967,10.540081802565386,0.02607469003160892,0.19325632038538162,0.0017772392608158432,0.00965192046773478
266,8.866667,grasp_lift,unknown_no_ground_truth,0.5762795241628711,-0.08430967687461863,0.13665665825396123,0.015740338467277806,0.8847583841977418,0.33204138,1.8175662,-2.3468373,0.19471365131809976,10.546745729027712,0.02614097320532092,0.19295091481904209,0.0019591265096869062,0.015617940913689855
267,8.9,grasp_lift,unknown_no_ground_truth,0.576514773983057,-0.08372179095743856,0.136778806115472,0.02432368327472827,1.4137011460268898,0.31654435,1.8847123,-2.1391397,0.19421358337287706,10.553216783527233,0.026205298420152238,0.1924375179148916,0.0030363491856853593,0.024133423952516213
268,8.933333,grasp_lift,unknown_no_ground_truth,0.5769031167355938,-0.08285222017114555,0.13699797352595677,0.034786530560721646,2.929355540751116,0.31654435,1.9429133,-1.9591117,0.1934856454436867,10.555972022893647,0.026343398378920125,0.19168390739602933,0.007467928935138303,0.033975472710055785
269,8.966666,grasp_lift,unknown_no_ground_truth,0.5775824040948604,-0.08177092601617876,0.1374364278767185,0.04619841611072613,3.8535521383233853,0.31654435,2.0149207,-1.7363774,0.19263505036886613,10.563240158317848,0.026703153555888783,0.19077527151280954,0.01620498864848075,0.043263055764039715
270,9.0,grasp_lift,unknown_no_ground_truth,0.5786603301429781,-0.08062655711472196,0.1381998165772031,0.059206976898354725,4.84739112019382,0.31654435,2.0276737,-1.6969296,0.19183874647857938,10.59564111241296,0.027423740225499767,0.18986848901941827,0.02899037593562196,0.05162387254510863
271,9.033334,grasp_lift,unknown_no_ground_truth,0.5802118630119455,-0.07956816808022824,0.13938939246636156,0.07366717889673614,6.451752838662924,0.31654435,2.208196,-1.1385359,0.19127110342743964,10.703324097301032,0.028635871212373785,0.1891153666053043,0.04402148362352993,0.0590674379517769
272,9.066667,grasp_lift,unknown_no_ground_truth,0.5821908321431648,-0.07869622409795862,0.1410155822290794,0.08687753303087427,7.2316624081877725,0.31654435,2.3960693,-0.5574033,0.1910321436012036,10.856962501373046,0.03035848841984567,0.1886044593050042,0.058002637484480715,0.064679206785292
273,9.1,grasp_lift,unknown_no_ground_truth,0.584439439707548,-0.07797535743653716,0.14301375067528208,0.09457375533231437,7.2316624081877725,0.31654435,2.5097773,-0.20568012,0.19105944245345682,11.031054284763863,0.032502722062619505,0.18827449006476127,0.0675119037539001,0.06622943491515378
274,9.133333,grasp_lift,unknown_no_ground_truth,0.5866789556850743,-0.07731028288909833,0.1452212657533758,0.09387423087839665,7.2316624081877725,0.31654435,2.3399699,-0.7309308,0.19118607217685912,11.21011565424882,0.0348592716605204,0.18798123675971817,0.07048678325817141,0.06199987587831195
275,9.166667,grasp_lift,unknown_no_ground_truth,0.5885845517217496,-0.07653285240819521,0.1474750494230137,0.08585633579196726,7.2316624081877725,0.31654435,2.390614,-0.57427764,0.19114304119772166,11.361674939115264,0.03720183604093516,0.1874878278542298,0.06702633746184,0.05365426806950759
276,9.2,grasp_lift,unknown_no_ground_truth,0.589969208627632,-0.07563354238823548,0.1495943898603268,0.0742753181443356,5.3339910905318035,0.31654435,2.333416,-0.7512034,0.19084181081130958,11.359359269362113,0.0393276961207778,0.1867456266464397,0.059521672234309736,0.04442964573202978
277,9.233334,grasp_lift,unknown_no_ground_truth,0.5907475341509874,-0.07465792185890292,0.1515154943800649,0.06287506775762115,5.3339910905318035,0.31654435,2.3654425,-0.65213853,0.19027559509885408,11.330452256929593,0.04116993560001135,0.1857682386548195,0.050103835214855674,0.03798525822326392
278,9.266666,grasp_lift,unknown_no_ground_truth,0.5909387774670942,-0.0736642699125046,0.15316539282041514,0.055208281265523,5.3339910905318035,0.31654435,2.5035172,-0.22504413,0.1894877508717564,11.29227937707038,0.042667958489040446,0.1846213775509606,0.040805726263204195,0.037186651159059024
279,9.3,grasp_lift,unknown_no_ground_truth,0.590709173438017,-0.07264089062603463,0.15459388950767355,0.053834902768169046,5.3339910905318035,0.31654435,2.5093274,-0.20707175,0.1885204187729892,11.260484019829786,0.04389030684459578,0.18334009179508567,0.034734151585694595,0.04113071200064746
280,9.333333,transport,unknown_no_ground_truth,0.5903209747265664,-0.07146583603059964,0.1559341556154784,0.05889600797450533,5.534846786312584,0.31654435,2.6231194,0.14491107,0.18736008911723312,11.111108990908477,0.04498357010453238,0.18187985433980355,0.03412207200643543,0.048004416018952153
281,9.366667,transport,unknown_no_ground_truth,0.5900341758821488,-0.06997653034447004,0.15739785422717661,0.06968302154037644,5.941266394430055,0.31654435,2.8820653,0.94588625,0.1859656629416344,10.953831818844765,0.0461651119761943,0.18014441492743263,0.03886427251659725,0.05783849767025618
282,9.4,transport,unknown_no_ground_truth,0.589890658312415,-0.06812134190623538,0.15912946835331412,0.0829132870425328,6.300086794342699,0.27065894,2.9628503,1.1957716,0.18432098894048982,10.802414998236427,0.04757451264083358,0.1780755253003268,0.046432292756768995,0.06869246943841176
283,9.433333,transport,unknown_no_ground_truth,0.5897895159670613,-0.06595637888776787,0.16118367544937892,0.09331087055435008,6.363918735507388,0.27065894,2.8491755,0.8441509,0.18245587349696615,10.683795985822638,0.049260603098696926,0.17568021731513644,0.053674885821912835,0.07632774852971426
284,9.466666,transport,unknown_no_ground_truth,0.5895941163831901,-0.06368167043817236,0.16347672419190773,0.09874693174890403,6.717034601621168,0.27065894,2.4232535,-0.47331664,0.18050822310834894,10.55464793562274,0.05115282907768813,0.17310865572547868,0.059457631715364605,0.07884000609222946
285,9.5,transport,unknown_no_ground_truth,0.589165790732036,-0.06148201884262937,0.16597205883306757,0.10069623448550621,7.310373332851159,0.27065894,2.4754555,-0.31184474,0.17860051922872397,10.33223587087979,0.05322444653954539,0.170485494278337,0.06438195340558663,0.07742542034268156
286,9.533334,transport,unknown_no_ground_truth,0.5884916721849383,-0.05950803352991648,0.16861793560888616,0.09967929204710915,9.467147203101845,0.27065894,2.5835526,0.022522628,0.17686721331035052,10.022214645883619,0.05544501688450699,0.16795196112831126,0.06751336506397686,0.07333421303014757
287,9.566667,transport,unknown_no_ground_truth,0.5876383915518157,-0.05782351073815735,0.1713051766895198,0.09877135310557841,9.467147203101845,0.27065894,2.9235036,1.0740639,0.17538278536196925,9.658592333881154,0.05772533156830749,0.16561071069424083,0.070543617240554,0.06913304753101131
288,9.6,transport,unknown_no_ground_truth,0.5868367855557051,-0.05627500043665007,0.1741104573190107,0.100071657345891,9.467147203101845,0.22478831,2.8885095,0.9658196,0.17411076355604493,9.376243016661356,0.06014792425969476,0.16339150893886445,0.07522080082193246,0.06600127065186387
289,9.633333,transport,unknown_no_ground_truth,0.5863202548598029,-0.05470595647988488,0.1770542132345428,0.10365956418966633,9.467147203101845,0.22478831,2.4724612,-0.32110676,0.17300775488858727,9.144178574482794,0.06274004201721883,0.16123079848238395,0.08102396749206148,0.06465618253374475
290,9.666667,transport,unknown_no_ground_truth,0.5861606844168491,-0.053051075390402394,0.1801854949960265,0.10980325373720386,7.370531894471874,0.22478831,2.8258052,0.7718617,0.17206067264933986,8.995939203502175,0.06554952313300927,0.15908530758551642,0.08770654021010266,0.06606298006940362
291,9.7,transport,unknown_no_ground_truth,0.5863381461825616,-0.05127882170469944,0.18352258252628706,0.11732773388960095,7.370531894471874,0.22478831,3.0348806,1.4185767,0.17125208509225517,8.878973225109421,0.06858713262210052,0.15691743652992615,0.09437881303716536,0.06970248768419102
292,9.733334,transport,unknown_no_ground_truth,0.586742221926867,-0.04938273847560054,0.18706927579796417,0.12113681046833961,6.574563130040789,0.22478831,3.1336741,1.7241662,0.1705530205872004,8.858377375223712,0.0718414441740542,0.15468399959402476,0.09746515010833744,0.07193518864089872
293,9.766666,transport,unknown_no_ground_truth,0.5871755623816074,-0.04748325580873358,0.19060146908255038,0.11808688188523121,6.574563130040789,0.22478831,2.4587061,-0.36365417,0.1699518434250139,8.75064747206282,0.07508480344056791,0.15246606630936513,0.09429153103294088,0.07108880958941777
294,9.8,transport,unknown_no_ground_truth,0.5874676002991479,-0.04561448012919521,0.1939430998221199,0.10868118845412121,6.836146743837555,0.21539257,2.5250993,-0.15828599,0.16936030375360608,8.598378777756839,0.07812753447978198,0.15026310539724713,0.08474579862163953,0.06804226877302616
295,9.833333,transport,unknown_no_ground_truth,0.5875033219067567,-0.043846049939918766,0.19685921536742512,0.0958604506292541,6.836146743837555,0.21539257,2.309295,-0.82581496,0.16870758997124757,8.460882152319694,0.08073453045570905,0.14813570300910847,0.0711033503723037,0.06429260891173323
296,9.866667,transport,unknown_no_ground_truth,0.58730731913256,-0.042151425424082276,0.19931174336573176,0.08235733743837703,6.836146743837555,0.21539257,2.6458163,0.21511765,0.16794218627425753,8.345993802348449,0.08286773973335299,0.1460736651216183,0.05566070030642503,0.0607010500019319
297,9.9,transport,unknown_no_ground_truth,0.5869751805968736,-0.040531647451513546,0.20120448474916025,0.07440078416010862,6.560091396306779,0.21539257,2.9538984,1.1680815,0.16704724190302414,8.091352970148327,0.08444525619819367,0.1441311199326117,0.04237778193061079,0.06115227127654923
298,9.933333,transport,unknown_no_ground_truth,0.5866870952737475,-0.038671138690651585,0.20279096506772393,0.07363486433433235,6.560091396306779,0.21539257,2.9825354,1.2566617,0.1658920641339224,7.984593030739463,0.08569291303452567,0.14204542089863595,0.03478426395993189,0.06490106490883886
299,9.966666,transport,unknown_no_ground_truth,0.5865720633103844,-0.036661301057038846,0.20419715301002822,0.07607024589811366,6.0690065701032845,0.21539257,2.7939095,0.6732017,0.16464426105348198,7.8820491830614,0.08676420999236961,0.13992749752013403,0.031064659004742007,0.06943824070293386
300,10.0,transport,unknown_no_ground_truth,0.586619647650478,-0.03441293707934076,0.2055444641121515,0.07921433494589256,6.0690065701032845,0.21539257,2.7434545,0.51713324,0.16326834359493103,7.74024841926482,0.08776388624793369,0.13767371677590542,0.02694007171363534,0.07449257276389533
301,10.033334,transport,unknown_no_ground_truth,0.586721478084922,-0.03201335989244626,0.20669986336785956,0.07987757976565912,6.0690065701032845,0.21539257,2.5553021,-0.06486207,0.1617468202720951,7.607260191180891,0.08856023886703959,0.13534813615246544,0.019970410212288403,0.07734087189301762
302,10.066667,transport,unknown_no_ground_truth,0.5867221853244302,-0.029508996544687038,0.20761768751463489,0.07893564041664272,7.850228561684491,0.21539257,2.5738025,-0.0076366016,0.16003419920094616,7.527015928424373,0.08909525316565609,0.13293976371739108,0.011446116978638048,0.07810135552022675
303,10.1,transport,unknown_no_ground_truth,0.5864041342992155,-0.026999224855278774,0.2082651986415437,0.07752624222217921,8.944592282943207,0.21539257,2.544589,-0.09799998,0.15810219665176842,7.381662630065226,0.08932330379256528,0.1304517228161267,0.002320290906008573,0.07749151233008358
304,10.133333,transport,unknown_no_ground_truth,0.5856040942991296,-0.024571067252777967,0.20865653718072563,0.07773736417440474,10.515704824395701,0.21539257,2.6527786,0.23665354,0.15594964486537466,7.089541320549261,0.0892499477315672,0.12788564643285422,-0.005887770957191742,0.07751407576653208
305,10.166667,transport,unknown_no_ground_truth,0.5843118653423758,-0.02229277352690018,0.20883956755432936,0.07984887200801183,13.12284488421424,0.21539257,2.6422043,0.20394483,0.15363983635310774,6.681372836673047,0.08893077904062092,0.12528573683320054,-0.009546909187586355,0.07927609277654793
306,10.2,transport,unknown_no_ground_truth,0.5827426300090872,-0.02009942313981211,0.20904822532887762,0.077453863111874,13.12284488421424,0.21539257,2.5050113,-0.22042234,0.15130546623465937,6.099320712631356,0.0886134877020087,0.12264172988739844,-0.007550878962047226,0.0770849215985424
307,10.233334,transport,unknown_no_ground_truth,0.5811293869612026,-0.01825794333698918,0.2093440734796808,0.07046164540933927,13.12284488421424,0.21539257,2.5689907,-0.022520415,0.14928672535237067,5.504919242841409,0.0884273913137535,0.12027935330670206,-0.002098276070988699,0.07043039621726814
308,10.266666,transport,unknown_no_ground_truth,0.5796535245990873,-0.01664676267555954,0.20982446860334014,0.062361744862280785,13.12284488421424,0.21539257,2.7829714,0.6393676,0.14760286061655734,5.0505413105123935,0.08847359614745956,0.11814832731328478,0.004756864070049691,0.06218005682280513
309,10.3,transport,unknown_no_ground_truth,0.5784630098943695,-0.015270329415255359,0.21046160545723067,0.05377381481146958,11.548991174855585,0.21539257,2.9117522,1.0377142,0.14630520026941932,4.785652920746356,0.08874452168232663,0.11631690116767189,0.010251673598466533,0.052787558646036375
310,10.333333,transport,unknown_no_ground_truth,0.5775735471862797,-0.014060070821572249,0.21117887149896325,0.049122412120461624,11.548991174855585,0.19800456,2.7242181,0.4576312,0.14530896734297188,4.562349634893743,0.08915703638100975,0.11474196640303921,0.011747032400859838,0.0476971550755978
311,10.366667,transport,unknown_no_ground_truth,0.5767826862944232,-0.01282314569820463,0.21184445371412475,0.05104454823484921,11.548991174855585,0.19800456,2.5859973,0.030084744,0.1443183323523919,4.319499166326724,0.0895276552005054,0.11319266763918441,0.007934842425135473,0.05042404367152756
312,10.4,transport,unknown_no_ground_truth,0.5759428738992319,-0.011308762939023708,0.21234134916264136,0.06087360937880801,11.548991174855585,0.19800456,2.6595128,0.25748363,0.14302069168261367,4.0441820332050025,0.08968603147358338,0.11140616683062322,-3.892990848989534e-05,0.0608735969305735
313,10.433333,transport,unknown_no_ground_truth,0.5750254853860095,-0.009244897339142941,0.21260457182152065,0.07545046107124391,11.548991174855585,0.19800456,2.659734,0.258168,0.14115892208380929,3.734930751655834,0.0895250507091162,0.10913801619689224,-0.008895586473245402,0.07492423250965143
314,10.466666,transport,unknown_no_ground_truth,0.5741343913573612,-0.00662665834691546,0.21267044816542893,0.0880054682385784,11.548991174855585,0.19800456,2.8401158,0.8161274,0.13878904113527257,3.396520498784895,0.08909300072602316,0.10641820878440501,-0.015186631013167144,0.08668522756710823
315,10.5,transport,unknown_no_ground_truth,0.5733565138850675,-0.003620300381705911,0.2126279596869768,0.09604074650376156,11.548991174855585,0.19800456,2.779874,0.62978697,0.13612270575161647,3.141107531989793,0.08851260533321856,0.10341619659544173,-0.01763890123602628,0.09440706621956589
316,10.533334,transport,unknown_no_ground_truth,0.5727370674562275,-0.0003787845650940799,0.21258421148998552,0.09740591366759348,10.558409375815517,0.17532778,2.6872132,0.34316698,0.13335595777155484,2.9563589114311326,0.08791705820166378,0.10027164280260888,-0.016234481790067715,0.09604349857448256
317,10.566667,transport,unknown_no_ground_truth,0.5722894957416342,0.0027851515618182803,0.21261728483476483,0.09031704489985809,8.069687141420868,0.17532778,2.7518685,0.54315966,0.13078062279046512,2.8319212917038454,0.08743030449634857,0.09726002854789675,-0.011904986809780157,0.0895289890957222
318,10.6,transport,unknown_no_ground_truth,0.5719767396200781,0.005591465349184775,0.2127628290998736,0.07856115893489926,4.640078385329141,0.17532778,2.5965297,0.062663645,0.12861455771563868,2.732114958258493,0.08712339828719039,0.0946108763688454,-0.006720783562501901,0.07827315479460699
319,10.633333,transport,unknown_no_ground_truth,0.5717075381786938,0.00797538929229026,0.2130088199192386,0.06981169027117463,3.4053874213019513,0.17532778,2.7045598,0.3968238,0.1268590628414442,2.644359351168972,0.08698224797332803,0.0923434370300129,-0.002772301851120449,0.06975662291829136
320,10.666667,transport,unknown_no_ground_truth,0.5714467607171589,0.010180804493110242,0.21332653768053478,0.06942883034831847,3.3839863961471286,0.17532778,2.8076859,0.7158147,0.12529878656476579,2.582948759442217,0.08693858109958237,0.09023008938815294,-0.0014330622900462532,0.06941403904116542
321,10.7,transport,unknown_no_ground_truth,0.5711796186085089,0.012527741576459629,0.21365777632933658,0.07456788334241429,3.3839863961471286,0.17532778,2.8828394,0.9482808,0.12366190786219189,2.519760470838302,0.08688671084261136,0.08799413011712588,-0.002567445375198169,0.07452367040352534
322,10.733334,transport,unknown_no_ground_truth,0.5709188420755638,0.015084331802222723,0.21395062429402256,0.08021914878305336,3.3839863961471286,0.17532778,2.8766549,0.9291506,0.1218809649836052,2.4494111691263964,0.08676741627931078,0.08559430528690323,-0.005581619723934572,0.080024729632377
323,10.766666,transport,unknown_no_ground_truth,0.5706237801497975,0.017824877424095296,0.21413921572636035,0.08369535113234697,3.4053874213019513,0.17532778,2.7944686,0.67493105,0.11992570188919754,2.375126151563872,0.08651460706522278,0.08305056735487594,-0.009808401653528313,0.08311863243683641
324,10.8,transport,unknown_no_ground_truth,0.5702767741512431,0.020621702131717254,0.21419182645147883,0.0809969254217256,3.4166253616846984,0.17532778,2.5787401,0.0076366016,0.11786210800433483,2.2957471581618862,0.08611351918763052,0.08047321490003417,-0.013832501139397593,0.07980704129336673
325,10.833333,transport,unknown_no_ground_truth,0.5698699171037189,0.02317159416751595,0.21409323960956717,0.06966844236616765,4.498289175720583,0.17532778,2.361613,-0.6639839,0.11588245752748473,2.2149012149173672,0.08559244466427232,0.07811963504140801,-0.016720793926278933,0.06763214407515807
326,10.866667,transport,unknown_no_ground_truth,0.5694045545990833,0.025170514794601147,0.21384639681524775,0.052727453870318956,4.50073457465144,0.17532778,2.337013,-0.7400771,0.11418241885810095,2.1152415173690513,0.08499879855000245,0.0762419111863213,-0.018508597778514706,0.04937222093363609
327,10.9,transport,unknown_no_ground_truth,0.5688723855465685,0.026481967910039365,0.21345855138716657,0.038191118660338474,4.580156462648937,0.17532778,2.3271782,-0.7704981,0.11283923336505466,2.032920038437226,0.08435854068529125,0.07494217237217858,-0.019884809183626617,0.032606071647145914
328,10.933333,transport,unknown_no_ground_truth,0.5682494785973728,0.02725788194403013,0.2129569423808195,0.03285080206185114,4.890365576473009,0.17532778,2.2025106,-1.1561217,0.11174856945373782,1.940897476563505,0.0836731445480491,0.07407123366326598,-0.021496515523841193,0.024840994674935578
329,10.966666,transport,unknown_no_ground_truth,0.5675052624986067,0.027804995927381664,0.2123737016030483,0.03398121793535243,4.946803581194859,0.17532778,2.2284677,-1.0758309,0.11071031085985035,1.8417865496118255,0.08292544282878637,0.07334946395396752,-0.022753728840867207,0.025238680555968167
330,11.0,transport,unknown_no_ground_truth,0.5666868898456496,0.028406916657144753,0.21178641277549876,0.03857802153371745,4.946803581194859,0.17532778,2.3342185,-0.74872106,0.1096025321474,1.7151393947680855,0.08215623009414462,0.07254701172232952,-0.023226093212739895,0.03080279759257404
331,11.033334,transport,unknown_no_ground_truth,0.565820191313479,0.02939164764219529,0.21125220508352904,0.0463640908796547,5.102614139659744,0.17532778,2.2701309,-0.94695777,0.10825099916792061,1.5534485937587001,0.08137701584242671,0.07138669423243088,-0.022611170897933915,0.04047670779252319
332,11.066667,transport,unknown_no_ground_truth,0.5649898665921259,0.030806435883117038,0.21082919910561249,0.05671918232093066,5.512002808439581,0.17532778,2.293281,-0.8753493,0.10669700201590031,1.3923083767306255,0.0806488187078088,0.06985712762643498,-0.02105388720386977,0.05266687266927573
333,11.1,transport,unknown_no_ground_truth,0.5641813993224793,0.03272231501507278,0.2105316869402245,0.0670356860724399,6.1700674341399315,0.17532778,2.1760194,-1.2380646,0.10490264625781565,1.2860185784928484,0.07997342618267275,0.0678882633191997,-0.019029480371382388,0.06427800622295222
334,11.133333,transport,unknown_no_ground_truth,0.563434810203112,0.034969738157877385,0.21035911909136534,0.07275126054136292,6.307006752821418,0.17532778,2.2085664,-1.1373898,0.10300842572809685,1.2020494258205392,0.07938018557127235,0.06564694897442841,-0.01661157865214685,0.07082938207439628
335,11.166667,transport,unknown_no_ground_truth,0.5627516910208291,0.03734996675789459,0.2102785612861756,0.07419641696284224,6.596291328187723,0.17174529,2.3551345,-0.68402344,0.10113525074703221,1.1492278689519961,0.07886599089483538,0.06331267190571585,-0.015003303191748266,0.07266367168991958
336,11.2,transport,unknown_no_ground_truth,0.562047819043813,0.03971589317558714,0.21022731739692618,0.07217905659475794,6.816637052444548,0.17174529,2.346066,-0.7120742,0.0993080897983125,1.1468088623451933,0.07837996553507132,0.06098096180047289,-0.01473229365637411,0.0706595763823392
337,11.233334,transport,unknown_no_ground_truth,0.561292173990335,0.041933422864956785,0.21015049710551337,0.06624821736012124,7.893728190663123,0.17174529,2.3385344,-0.7353712,0.09756180043034242,1.223251253445227,0.07788383860347789,0.058757234342652405,-0.014695806975167158,0.06459767457689555
338,11.266666,transport,unknown_no_ground_truth,0.5605311984743768,0.0438598198901375,0.21004385345816184,0.057901389701174096,8.351301094230069,0.17174529,2.283551,-0.9054465,0.09599475239771235,1.3749012148415358,0.07740024567431883,0.05678199060840673,-0.014008529591154836,0.056181242670672295
339,11.3,transport,unknown_no_ground_truth,0.5597985869974095,0.04548553923253091,0.20992270151484915,0.04894641599791949,9.009366950121674,0.17174529,2.1953454,-1.1782852,0.0946285018438447,1.5968213744116677,0.07694993844520732,0.055075042755220134,-0.012643296912736851,0.047285290336612794
340,11.333333,transport,unknown_no_ground_truth,0.5591071505420178,0.04678619043540465,0.20980665021564238,0.04237101554775536,9.53335710901114,0.17174529,2.185115,-1.2099297,0.09348884761791625,1.8389900118230915,0.0765573583941497,0.05365757639546981,-0.011402674076486168,0.04080786667363974
341,11.366667,transport,unknown_no_ground_truth,0.5583773211094655,0.047916087848110384,0.20969570987404346,0.03877536532279468,11.178353266612712,0.17172313,2.2333982,-1.0605798,0.09244646135132047,2.1515256151872375,0.07618976158479226,0.05235903404412367,-0.010369457782032562,0.03736312756211439
342,11.4,transport,unknown_no_ground_truth,0.5576542801101267,0.048915163129103656,0.2096091721994671,0.03651252615944061,11.19710832079243,0.17172313,2.289382,-0.88741,0.09150800357594434,2.5498438633934923,0.07586606064043121,0.051166938166725,-0.008904984314222961,0.035409967818501024
343,11.433333,transport,unknown_no_ground_truth,0.5569738550800433,0.04990093077785405,0.20956984854616967,0.03625756777779175,11.19710832079243,0.17172313,2.2588806,-0.9817572,0.09063512296193443,2.930343387886373,0.07559609803915782,0.049999554753807705,-0.0076564141284229436,0.035439956882807405
344,11.466666,transport,unknown_no_ground_truth,0.556335017881249,0.05094003951419188,0.2095630733806661,0.0365128668050227,11.19710832079243,0.17172313,2.2533271,-0.99893534,0.08977936074404227,3.2969697490025154,0.07535563270301415,0.04880432599203993,-0.007021031174698407,0.03583147448215384
345,11.5,transport,unknown_no_ground_truth,0.5557731566414729,0.05201837636872032,0.20956514561034778,0.03667466691494297,11.19710832079243,0.17172313,2.3299522,-0.76191753,0.08894695579842554,3.6253973453339428,0.07512803008030669,0.047616594187946705,-0.0069520113641180475,0.03600973106418855
346,11.533334,transport,unknown_no_ground_truth,0.555302348425938,0.05315625615267248,0.20955569685692546,0.036951674356582066,10.369004414261397,0.17172313,2.3583586,-0.6740505,0.08811791613811604,3.9338096464724113,0.07489215906123205,0.04643201110948318,-0.007625263559673052,0.036156349281978216
347,11.566667,transport,unknown_no_ground_truth,0.5549029856489984,0.05432219476890381,0.20950372626934416,0.03629664726569507,8.43158089707815,0.17172313,2.3464062,-0.71102184,0.08727977065115769,4.190033307718817,0.07461968073668387,0.04527318866254128,-0.009201868443348932,0.03511085615420946
348,11.6,transport,unknown_no_ground_truth,0.5545077304540487,0.055434557047262606,0.20937341109481528,0.03529029989562108,7.711742087211826,0.17172313,2.421352,-0.47919878,0.08642325285435026,4.429531972779304,0.07427869976198893,0.04417752138356414,-0.011724620521691823,0.033285710753192525
349,11.633333,transport,unknown_no_ground_truth,0.5540007716670732,0.05646502008531519,0.20914395454442783,0.03448914711476245,6.1238862156935046,0.17172313,2.3295736,-0.76308864,0.0855000449183978,4.6218281902069265,0.07383804299389427,0.043106856622582256,-0.014299497783530523,0.0313851179994999
350,11.666667,transport,unknown_no_ground_truth,0.5533514581183642,0.05734843742851911,0.20883791675266294,0.03351141145842939,6.1238862156935046,0.17172313,2.3692422,-0.64038527,0.08454730298810878,4.729765078101617,0.07332539873121169,0.04209076316095835,-0.015807442317843035,0.029548933403834014
351,11.7,transport,unknown_no_ground_truth,0.5525593787053457,0.058043118661287155,0.20849344567411301,0.03274240601228207,6.1238862156935046,0.17172313,2.6274521,0.15831327,0.08361423907342848,4.788085618704628,0.07278421535560509,0.04115578903261793,-0.01577126863674627,0.02869376651924088
352,11.733334,transport,unknown_no_ground_truth,0.5516520145116274,0.05854257886804365,0.20816661952076262,0.032040780590521185,6.1238862156935046,0.17172313,2.5508153,-0.0787407,0.08275787453807722,4.852421134863972,0.07227398268231905,0.04031547128951832,-0.013763241426809984,0.02893414602640383
353,11.766666,transport,unknown_no_ground_truth,0.550694395831794,0.05892107376110364,0.20793331460154207,0.031162194148013304,6.113480899177483,0.17172313,2.5625417,-0.042468503,0.08202367021591266,4.904977422467414,0.07186666388574464,0.03953561808827838,-0.0098045722790003,0.02957959949939034
354,11.8,transport,unknown_no_ground_truth,0.5497414714573693,0.05930015940144953,0.20786362253934354,0.030198468888517523,6.113480899177483,0.17172313,2.6642418,0.27211156,0.0814240844623366,4.943795234326596,0.07162034973222318,0.038735087901846356,-0.004678061795454724,0.02983392801909711
355,11.833333,transport,unknown_no_ground_truth,0.5488525325121987,0.05973265297085488,0.20797775182115413,0.030104153375355776,6.113480899177483,0.17172313,2.7289438,0.4722488,0.08097037223777125,4.94761735391122,0.07155478825330273,0.03789608763907229,0.0006578342030664707,0.030096965039821216
356,11.866667,transport,unknown_no_ground_truth,0.5480671209578398,0.06032514442442686,0.2082804858226039,0.033130275322930745,5.251172276644596,0.17173052,2.7447412,0.52111346,0.08062657467187148,4.932327752229551,0.07166421028238804,0.03694435691577996,0.0052067451539576405,0.03271857191068908
357,11.9,transport,unknown_no_ground_truth,0.547385459751911,0.06119626633041618,0.20874181464158448,0.038852811105492185,4.58019971069748,0.17173052,2.5847328,0.026173152,0.08031261867991897,4.905091312728279,0.07190190062395592,0.03578034943776874,0.0081125473490137,0.03799641438753225
358,11.933333,prealignment,unknown_no_ground_truth,0.5468105116081514,0.06234881308661945,0.20929773042877386,0.044269022802163056,4.077270886918961,0.17173052,2.5360134,-0.12452639,0.07998620861386391,4.874087689005188,0.07220504810138385,0.03441256452369399,0.008631634017531337,0.04341936519625579
359,11.966666,prealignment,unknown_no_ground_truth,0.5463231591991994,0.0637198396747118,0.20984319414179253,0.047830406682172935,2.879371350722966,0.17173052,2.5818756,0.017335197,0.07959759721845455,4.839400210290564,0.07247734325362927,0.032906111861581634,0.006329239857130248,0.04740979356855466
360,12.0,prealignment,unknown_no_ground_truth,0.5458845676930368,0.06523798131535782,0.2102791065256826,0.048954493657266396,2.879371350722966,0.17173052,2.6457117,0.21479389,0.07909431074209222,4.81119369539677,0.07262699348593546,0.031324587929620576,0.0013634335540786812,0.04893550345284032
361,12.033334,prealignment,unknown_no_ground_truth,0.5454375452646416,0.06678976181740615,0.21050866506650018,0.04725602952917599,2.879371350722966,0.17173052,2.5419722,-0.10609456,0.07843190174952855,4.793427282456462,0.07256824004328334,0.029755902760092958,-0.005852178164285571,0.04689226308887014
362,12.066667,prealignment,unknown_no_ground_truth,0.5449012209027693,0.06822582265561206,0.2104547891785706,0.043215816744692714,2.879371350722966,0.17173052,2.4717107,-0.32342833,0.07758107069413307,4.79032023766788,0.07223685647502598,0.02829592014150753,-0.014190125128105312,0.04081969090720284
363,12.1,prealignment,unknown_no_ground_truth,0.5442437140799706,0.06937749104540536,0.21008574974696748,0.039416893609527076,3.1615793397761283,0.17173052,2.3267338,-0.77187276,0.0765664247053331,4.804816879758066,0.07162222447186362,0.027067958065938858,-0.021949459370293526,0.03274007842349511
364,12.133333,prealignment,unknown_no_ground_truth,0.5434725952146717,0.07018497095636561,0.20944184191529672,0.03731345049861822,4.333207792582095,0.17173052,2.4204361,-0.48203143,0.0754380647269238,4.8425098749460584,0.07077356730255772,0.026115202105552952,-0.02714471212867576,0.025601917732157406
365,12.166667,prealignment,unknown_no_ground_truth,0.5426620105219111,0.07063566913132512,0.20863552457587353,0.03515135427171126,4.333207792582095,0.17173052,2.286039,-0.8977502,0.07431393348643221,4.87724151226522,0.0698125754807334,0.02547086600358875,-0.02829016659542625,0.020863465223648302
366,12.2,prealignment,unknown_no_ground_truth,0.5419074610638359,0.07082608199864025,0.20781981572667052,0.03041261795709462,4.333207792582095,0.17173052,2.2463834,-1.0204138,0.07331197101020917,4.908260568710986,0.06888755699331027,0.02508285440086873,-0.025085638495785306,0.017194129005650982
367,12.233334,prealignment,unknown_no_ground_truth,0.5413115598534358,0.0709168248797108,0.20714959432340327,0.023026255652979877,4.333207792582095,0.17173052,2.2840881,-0.903785,0.07252656619239709,4.934130317714158,0.06814020623144125,0.024839788614173245,-0.018999657048396266,0.013008515727772854
368,12.266666,prealignment,unknown_no_ground_truth,0.5408991811025126,0.07115303563836683,0.20670942270374282,0.01886226261206441,3.9056838475204603,0.17173052,2.350967,-0.69691455,0.07193022864568667,4.950273820676033,0.06762090790092697,0.024522858880544847,-0.013181534920972668,0.013491926770245275
369,12.3,prealignment,unknown_no_ground_truth,0.5405862430917315,0.0716803779089044,0.20646245030951374,0.02368189910585479,3.9056838475204603,0.17173052,2.398926,-0.5485669,0.07140426992691969,4.960758121435202,0.06726144262017386,0.023968064178182372,-0.01040660661096977,0.0212728673221173
370,12.333333,prealignment,unknown_no_ground_truth,0.5402522289734201,0.07253136525097123,0.2062920268239155,0.03255156426404379,3.9056838475204603,0.17173052,2.3292491,-0.7640923,0.07080524344809744,4.962137041056815,0.06692713409616872,0.02311149543880262,-0.012203332443943692,0.030177524969731428
371,12.366667,prealignment,unknown_no_ground_truth,0.5398232995435182,0.07366503000657443,0.206028335747938,0.04045389245729941,3.676654381078697,0.17173052,2.4297302,-0.453283,0.06999094943063498,4.97108142505632,0.06644788372558391,0.02198662663059035,-0.017981242286902843,0.03623799581608292
372,12.4,prealignment,unknown_no_ground_truth,0.5392985425747534,0.07494361385937949,0.20555385236908563,0.04591615268701515,2.879290309332453,0.17173052,2.4650047,-0.34417143,0.06892106990119333,4.972588825168518,0.06572839265425323,0.020733843720195422,-0.02574394360014608,0.03802028991853937
373,12.433333,prealignment,unknown_no_ground_truth,0.538683088984681,0.07623127433308208,0.20480993117736895,0.05000632227587082,2.879290309332453,0.17173052,2.37302,-0.6286999,0.06759961247819848,4.941784847402889,0.06473161449517008,0.019481419148801703,-0.033863134544733976,0.036795657167164424
374,12.466666,prealignment,unknown_no_ground_truth,0.537998641678832,0.0774613372704333,0.2037973779280215,0.05254279283071344,3.29396205463024,0.17236577,2.3376675,-0.73805267,0.06605490710361998,4.899969316382096,0.06347086008379062,0.01829482639140749,-0.04058464002299958,0.033371126331827816
375,12.5,prealignment,unknown_no_ground_truth,0.5373374991705395,0.07856980254745088,0.2025759577198657,0.053180423404225755,3.29396205463024,0.17236577,2.3944113,-0.56253177,0.0643833203486489,4.8523488608109595,0.06202596911206977,0.017262418568245716,-0.044884273647454065,0.028522962899972058
376,12.533334,prealignment,unknown_no_ground_truth,0.5367454013857058,0.0795510280323774,0.20122201249189936,0.05132843345848814,3.29396205463024,0.17236577,2.43115,-0.4488913,0.06266204759625607,4.771096674993634,0.06047853503186374,0.016397530587106444,-0.04591019360242217,0.022953479141310143
377,12.566667,prealignment,unknown_no_ground_truth,0.5362418008025247,0.08034494570861106,0.1998634528977492,0.04582122492992471,3.0071767448993736,0.17236577,2.2105448,-1.1312702,0.06102882465572689,4.675053289694819,0.05896529150596705,0.01573568671764246,-0.04267886534953099,0.016676303743796347
378,12.6,axial_advance_candidate,unknown_no_ground_truth,0.5358450331605276,0.08091788796418814,0.19864277663827168,0.037512752715140936,3.0071767448993736,0.17236577,2.38161,-0.6021293,0.059626210484744674,4.551454613163446,0.057633285214032014,0.01528690329036968,-0.036027399831257176,0.010451462943820095
379,12.633333,axial_advance_candidate,unknown_no_ground_truth,0.5355733761846766,0.08127718158591454,0.1976411953996358,0.027886630588512668,3.0071767448993736,0.17236577,2.3575215,-0.6766398,0.05852857647012644,4.442345850789554,0.05656345966646796,0.01503892596495144,-0.02751142684023882,0.004559118203595684
380,12.666667,axial_advance_candidate,unknown_no_ground_truth,0.5354233022546431,0.08141873542529497,0.196902794401152,0.018975692909348942,3.0071767448993736,0.17236577,2.2620263,-0.97202694,0.05777627286005729,4.368234707736162,0.05579920055650287,0.01498488981791203,-0.01891120871674379,0.0015630439090663798
381,12.7,axial_advance_candidate,unknown_no_ground_truth,0.5353229090509402,0.08140572599336718,0.19640786643907204,0.012783819984910674,1.9233317066881226,0.17236577,2.302718,-0.8461591,0.05731105963244604,4.324763138223902,0.0553027059864403,0.015038891806616814,-0.012322099486682522,0.003404690536142729
382,12.733334,axial_advance_candidate,unknown_no_ground_truth,0.5352107373748468,0.08133892914373331,0.1960813467210481,0.009592946229545003,1.2935835399616347,0.17236577,2.2954347,-0.8686876,0.05701373844879743,4.316712754904432,0.05497773292191314,0.015100173994847584,-0.008784382322201814,0.0038547690696499473
383,12.766666,axial_advance_candidate,unknown_no_ground_truth,0.5350673656571525,0.081307950037639,0.19582982048394287,0.009252009087698776,1.2935835399616347,0.17236577,2.2630074,-0.96899223,0.056762974085070146,4.3080016934800955,0.05471707924272407,0.015102200704791329,-0.00829708199390608,0.004093666149707403
384,12.8,axial_advance_candidate,unknown_no_ground_truth,0.534869062433686,0.08140516531911754,0.19557211684833026,0.01087881350951236,1.2935835399616347,0.17236577,2.3401537,-0.73036224,0.05644604621175017,4.300558988681704,0.05442459371301905,0.014970628981837875,-0.008909875504883766,0.006242011043103088
385,12.833333,axial_advance_candidate,unknown_no_ground_truth,0.5346868584508689,0.08166709048900465,0.19532760301071392,0.012797302951486362,1.2935835399616347,0.17236577,2.3465922,-0.7104466,0.056085206327109616,4.289782397361817,0.05412308839299837,0.014705157991607634,-0.008630002178624247,0.009449551588782523
386,12.866667,axial_advance_candidate,unknown_no_ground_truth,0.534580078041277,0.08207007654214328,0.19512239049624142,0.014475175806484261,2.7489506217682473,0.17236577,2.4745517,-0.31464052,0.0557285270073175,4.277426933785758,0.05384926154897496,0.01435011334573366,-0.007917790945524158,0.012117726732832483
387,12.9,axial_advance_candidate,unknown_no_ground_truth,0.5345382906775169,0.08253755878278629,0.19493842926249855,0.015661340319296342,2.7489506217682473,0.17236577,2.4130518,-0.5048727,0.055386299796539265,4.252944469448144,0.053595235626195,0.013971146099184742,-0.008335606962361807,0.013258779625811823
388,12.933333,axial_advance_candidate,unknown_no_ground_truth,0.5344734740794477,0.08302407968945764,0.19471173700789612,0.017069054050419672,2.7489506217682473,0.17236577,2.4117506,-0.50889784,0.054995523314075985,4.203567420542303,0.05329355355868115,0.013575887951698016,-0.01057704778125302,0.013396964820780814
389,12.966666,axial_advance_candidate,unknown_no_ground_truth,0.5343014923448666,0.08350896309986278,0.19439511166133716,0.02050329870192157,2.7489506217682473,0.17236577,2.416414,-0.49447274,0.054499163921143005,4.185594641620625,0.05289010271748918,0.013145185530720334,-0.014342728594479177,0.014651668646448707
390,13.0,axial_advance_candidate,unknown_no_ground_truth,0.5339856789089114,0.08405166178152512,0.19395376658250846,0.025997115812742475,2.3465886604566895,0.17236577,2.4211588,-0.47979614,0.05383617186387664,4.169849852189797,0.05233736826732655,0.01261480415254642,-0.018652147338031597,0.018109318879005513
391,13.033334,axial_advance_candidate,unknown_no_ground_truth,0.5335275019851922,0.08470386555958839,0.19340667575463288,0.0324598416142717,2.14693914680528,0.17236577,2.4676385,-0.3360245,0.05300848809203017,4.149994765222059,0.05164660954680289,0.01193848952434906,-0.022466536763505636,0.02342853054456584
392,13.066667,axial_advance_candidate,unknown_no_ground_truth,0.5329371310773363,0.08554152315736449,0.19278600243764127,0.03792064880906477,1.880331787274209,0.17236577,2.591039,0.04567949,0.052027257082864396,4.151722843470163,0.05083960392976601,0.011053060744924166,-0.024561369569573784,0.028891430060958217
393,13.1,axial_advance_candidate,unknown_no_ground_truth,0.5323199076514848,0.08654883011061143,0.19217021637162368,0.039700037592326605,1.880331787274209,0.1749289,2.4454224,-0.40474358,0.051001749664770835,4.133677284710387,0.050009185774870034,0.01001298192360744,-0.023700485477644025,0.0318493323784994
394,13.133333,axial_advance_candidate,unknown_no_ground_truth,0.5317741447621189,0.08762310980788435,0.19163739184680856,0.03671815559371093,2.0820618543605254,0.1749289,2.3103504,-0.8225501,0.05006464011091345,4.106853778144515,0.049259570785234824,0.0089421963459613,-0.019750924817633207,0.03095357683777702
395,13.166667,axial_advance_candidate,unknown_no_ground_truth,0.5313965615146234,0.08862409927230182,0.1912576623137452,0.029713070088200823,2.14693914680528,0.1749289,2.274188,-0.9344081,0.049345347780446205,4.081997353853665,0.04869246390549058,0.008000456636073036,-0.013603120889158972,0.026416313825764207
396,13.2,axial_advance_candidate,unknown_no_ground_truth,0.5312474280087723,0.08944083620059026,0.1910523142105226,0.02105392469984233,2.221257384494621,0.1749289,2.2046568,-1.149483,0.04890329615900113,4.063061943311247,0.04835269044556527,0.0073177661817194345,-0.007374758665926182,0.01972005780635487
397,13.233334,axial_advance_candidate,unknown_no_ground_truth,0.5312975452357889,0.08999501272698379,0.19097333257212146,0.013480222973841384,2.221257384494621,0.1749289,2.274926,-0.9321256,0.04869998840800342,4.049675410825971,0.04820081914712351,0.006954847553035215,-0.003623260057556835,0.012984159502247124
398,13.266666,axial_advance_candidate,unknown_no_ground_truth,0.5315008614596964,0.0902893071823323,0.19089899784390965,0.009522204041311579,3.0011103660537444,0.17572665,2.312255,-0.81665915,0.04860351802210316,3.9901414647615634,0.0481111382515576,0.006900749253843243,-0.003182242024347919,0.008974725929121435
399,13.3,axial_advance_candidate,unknown_no_ground_truth,0.5317766612130983,0.09034400252353532,0.19074608883276117,0.010214467459107405,3.082547521933742,0.17572665,2.37821,-0.61264575,0.04850956623587626,3.9013875592638834,0.04798866891766485,0.007089828764054482,-0.005764916439142368,0.008432145867029943
400,13.333333,axial_advance_candidate,unknown_no_ground_truth,0.5320002678836603,0.09025859212698549,0.1904370901394495,0.012875734371884403,3.082547521933742,0.17572665,2.3134868,-0.81284857,0.048292258160169944,3.829958761203644,0.04772681486868959,0.007368401502248016,-0.010510250565843968,0.007437685705816162
401,13.366667,axial_advance_candidate,unknown_no_ground_truth,0.5320800530048818,0.09015973921864345,0.1899645364236777,0.015594408711918795,3.082547521933742,0.17572665,2.2833915,-0.90593994,0.0478920902771901,3.7470447920507883,0.04728798112604084,0.007582819537726904,-0.015027288502877576,0.004167275287961215
402,13.4,axial_advance_candidate,unknown_no_ground_truth,0.5320086140523859,0.09016911646987609,0.18940135734871177,0.0173366594249319,3.082547521933742,0.17572665,2.304483,-0.8406995,0.04734447657015817,3.687844177963242,0.04672500016776976,0.007633729168903804,-0.017240998150548286,0.001818720096350879
403,13.433333,axial_advance_candidate,unknown_no_ground_truth,0.5318379230362194,0.09040017774180853,0.18886027916315878,0.020196332963905675,2.0901295893756386,0.17572665,2.3612127,-0.6652221,0.04673808892789411,3.6445319959593405,0.046138581649675325,0.007461919323336456,-0.017550348569650372,0.009993854625354232
404,13.466666,axial_advance_candidate,unknown_no_ground_truth,0.5315834787142536,0.09093398047313422,0.18837808790005744,0.024905540333647877,1.6173884952297706,0.17572665,2.2676322,-0.9546866,0.04609295685536252,3.6221103381466353,0.045554977990279036,0.007021727136218274,-0.016992826727387715,0.0182079592245792
405,13.5,axial_advance_candidate,unknown_no_ground_truth,0.5312593921251687,0.09167759251192056,0.18797126369013262,0.028659402640162965,1.2466309395779147,0.17572665,2.228199,-1.0766621,0.045457662781192995,3.5997339285000067,0.04500572857263327,0.006394020736212917,-0.01666103717380762,0.0233189022036626
406,13.533334,axial_advance_candidate,unknown_no_ground_truth,0.5308633380307392,0.09251087792157797,0.18757472950563725,0.029589322356464536,1.2466309395779147,0.17572665,2.2881095,-0.8913459,0.044805589069899905,3.577750809770972,0.04444422727795027,0.005679038084626251,-0.01683313954135136,0.02433461342812261
407,13.566667,axial_advance_candidate,unknown_no_ground_truth,0.5304179296496248,0.09327423430694591,0.18717508043249376,0.026709710301517853,1.1164269060716772,0.17572665,2.245436,-1.0233445,0.04416644697929204,3.5540148314245186,0.043883520342393,0.00499116029930864,-0.01627814265414239,0.021176182283933975
408,13.6,axial_advance_candidate,unknown_no_ground_truth,0.52998268914424,0.09383981571958067,0.18678159326948468,0.021107219145956372,1.2466309395779147,0.17572665,2.2147548,-1.1182477,0.04358446586133376,3.556354648906293,0.04335901981351882,0.004427309027914106,-0.01433955959776775,0.015488438611347952
409,13.633333,axial_advance_candidate,unknown_no_ground_truth,0.5296264260782599,0.09417462136903906,0.18643826005141065,0.01378289816930583,1.2744682103607043,0.17572665,2.2831235,-0.90676886,0.04311651235079427,3.543163283074261,0.04292754797756429,0.004032277511545,-0.010647193519363149,0.008752459774639662
410,13.666667,axial_advance_candidate,unknown_no_ground_truth,0.5294413489816903,0.09429761870012587,0.18619708071149274,0.0059137646584345935,1.2951928089085447,0.17572665,2.2704594,-0.94594157,0.04282348760726027,3.5365199452569396,0.04264921194554077,0.0038595092011183387,-0.00571368985695398,0.0015252411789258864
411,13.7,axial_advance_candidate,unknown_no_ground_truth,0.5294911516821333,0.09428066946107572,0.186083445442851,0.004654101065939728,1.2951928089085447,0.17572665,2.219966,-1.1021286,0.042727863111256946,3.5329334292202237,0.0425466306801549,0.00393122167027167,-0.0015069429639291158,0.00440338274914251
412,13.733334,axial_advance_candidate,unknown_no_ground_truth,0.5297060844358166,0.09423031842742025,0.18604991703510732,0.007981906324911874,1.6404594902635905,0.17572665,2.2579064,-0.9847706,0.04275074883025245,3.4999967327899575,0.042548752147830673,0.004150929559725812,0.000921471900979685,0.007928538207978383
413,13.766666,axial_advance_candidate,unknown_no_ground_truth,0.5300071016473318,0.09415272140389366,0.18605934153802597,0.008243250830223429,1.6404594902635905,0.17585962,2.2771711,-0.92518073,0.04284001865382029,3.4532122768149174,0.04260806047033063,0.004452008672084806,0.0006297632710120739,0.008219159474816351
414,13.8,axial_advance_candidate,unknown_no_ground_truth,0.530233860651859,0.09408491153526718,0.18600183798512876,0.00587322514351227,1.6404594902635905,0.17585962,2.2451036,-1.0243725,0.04284861415552383,3.3979382449218436,0.042590734108495405,0.004693943240858727,-0.003089283938823846,0.004995107439456107
415,13.833333,axial_advance_candidate,unknown_no_ground_truth,0.5302655683292794,0.09402175876439148,0.18579598954199966,0.009032052974188623,1.6404594902635905,0.17585962,2.2599244,-0.97852856,0.04267100177518601,3.391354252714469,0.042402113329749386,0.0047828001912078475,-0.008333859433731806,0.0034820637368303486
416,13.866667,axial_advance_candidate,unknown_no_ground_truth,0.5300770901461337,0.09395105393333109,0.18543608156589858,0.01569174067857029,1.4476632764458408,0.17585962,2.2284284,-1.0759525,0.042297707146485786,3.3843118043457254,0.042035138881889325,0.004705648630120074,-0.013448003932260841,0.008085908468526864
417,13.9,axial_advance_candidate,unknown_no_ground_truth,0.5296904313083091,0.09387171806260203,0.18493514795110078,0.020874405617167236,1.0948622669785717,0.17585962,2.1576266,-1.2949575,0.041748005368619646,3.3722522869549967,0.04150558526545817,0.004492476380580783,-0.017183246291895948,0.0118522933115101
418,13.933333,axial_advance_candidate,unknown_no_ground_truth,0.5292141263551651,0.09378592362020227,0.18435688880901832,0.021938500236204174,1.0948622669785717,0.17585962,2.1623592,-1.2803185,0.04110906887332637,3.3519596842608577,0.04088958772368423,0.004242305908232403,-0.018091963926780193,0.0124088127508644
419,13.966666,axial_advance_candidate,unknown_no_ground_truth,0.528788120159442,0.09369533105582276,0.18379768451158668,0.01852877552906926,1.0948622669785717,0.17585962,2.1082869,-1.4475759,0.04050361415990104,3.341702072136479,0.04029945477191966,0.004061613607931878,-0.0157247036423248,0.009800470293189662
420,14.0,axial_advance_candidate,unknown_no_ground_truth,0.5285124999314881,0.09361475486626453,0.18335476466895873,0.01199891142555043,1.446437998815867,0.17585962,2.1235034,-1.4005078,0.040040688155558765,3.3311183733021617,0.03984127889800884,0.0039911406567269755,-0.010773548226056587,0.005282474232690362
421,14.033334,axial_advance_candidate,unknown_no_ground_truth,0.5284492905735041,0.09354853834888703,0.18308807372249414,0.0060110611967531275,1.4476632764458408,0.17585962,2.091547,-1.4993559,0.03978697840359711,3.3215982619976088,0.039581208588229895,0.004041234611271477,-0.005188250576292344,0.003035607462883386
422,14.066667,axial_advance_candidate,unknown_no_ground_truth,0.5285702727404981,0.09349495299847972,0.18297673978795126,0.005958536911476268,1.5063375243082204,0.17585962,2.113783,-1.4305756,0.0397165376490906,3.297461951840823,0.03949539089522577,0.004185386584886605,-0.0008314959866277271,0.005900235296125666
423,14.1,axial_advance_candidate,unknown_no_ground_truth,0.5288157786451471,0.09345193885555769,0.18296910810061073,0.00837600768733659,2.227183072524579,0.17585962,2.1419506,-1.3434467,0.03976930518990158,3.2645598311702884,0.039525778875483975,0.004394364524465114,0.0018495707705601628,0.00816924676717573
424,14.133333,axial_advance_candidate,unknown_no_ground_truth,0.5291212877292947,0.09341449101579437,0.1830181758770816,0.008799406558553957,2.227183072524579,0.17585962,2.1682386,-1.2621323,0.03988930953968848,3.226718407077688,0.03961869373127088,0.004638547464545257,0.0024385726626217985,0.008454757190590162
425,14.166667,axial_advance_candidate,unknown_no_ground_truth,0.5293921830131711,0.09337670729449202,0.18304802341569348,0.007192021197273534,2.227183072524579,0.17585962,2.1638055,-1.2758449,0.03998545685667386,3.196467231880282,0.039688349541322804,0.004865354120997656,0.001234765717104313,0.007085232707956438
426,14.2,axial_advance_candidate,unknown_no_ground_truth,0.5295942777951494,0.09333660685657047,0.18302845150654795,0.004822893974536599,2.227183072524579,0.17585962,2.1118884,-1.4364356,0.0400211447010353,3.167886105329335,0.039701013022326134,0.005051889565528648,-0.0006464890226735298,0.004779367974239278
427,14.233334,axial_advance_candidate,unknown_no_ground_truth,0.5296892638242651,0.09329815653871268,0.18295341814850322,0.003320075769707593,1.360035309519515,0.17585962,2.046655,-1.6382166,0.03998012888525639,3.1494163881448105,0.03964524833197824,0.005163815486390823,-0.002477235975643244,0.0022104762015408195
428,14.266666,axial_advance_candidate,unknown_no_ground_truth,0.5296821449919378,0.09326582673315734,0.18283803035109847,0.004000950240840816,0.5671913446192447,0.17585962,2.089245,-1.5064763,0.03987620296013852,3.1460090847394246,0.03953586567332174,0.0051987390758932925,-0.0036616049861788414,0.0016125296136426234
429,14.3,axial_advance_candidate,unknown_no_ground_truth,0.5296058882423248,0.09323992758024537,0.18270683506354515,0.005062395680142055,0.4348479258855227,0.17585962,2.044306,-1.6454823,0.03974002457091202,3.143033099893037,0.039401140816144764,0.005178769668852107,-0.004209845929283186,0.0028115915908998447
430,14.333333,axial_advance_candidate,unknown_no_ground_truth,0.5294793516490405,0.09322151089968361,0.18257192576488773,0.005486120284918322,0.3450277656584451,0.17585962,2.055598,-1.6105537,0.03958732071131827,3.1407159539939853,0.03925520989079232,0.005117075095267758,-0.004173276786859309,0.0035610780166760655
431,14.366667,axial_advance_candidate,unknown_no_ground_truth,0.5293442741282013,0.09320974802527159,0.1824530366111186,0.004752003147368775,0.32672856698444036,0.17585962,2.0752358,-1.5498098,0.03944667920307224,3.142334600425422,0.039122922994897044,0.005043549988395819,-0.003482952667913077,0.003232734852362612
432,14.4,axial_advance_candidate,unknown_no_ground_truth,0.5292419193017193,0.09320054400465227,0.1823632412863067,0.0029609869811795747,0.3450277656584451,0.17585222,1.9887736,-1.8172561,0.03934066701742894,3.140498501145131,0.03902301236587775,0.004989247164530326,-0.002285419193910359,0.0018826319371616585
433,14.433333,axial_advance_candidate,unknown_no_ground_truth,0.5292062782879727,0.09319139827702799,0.18231308678239733,0.0010016414012166074,0.4348479258855227,0.17585222,1.981881,-1.8385762,0.03928721862227117,3.1391664724079202,0.03897056319403373,0.004978026859505115,-0.0008145834180372508,0.0005828716425508437
434,14.466666,axial_advance_candidate,unknown_no_ground_truth,0.5292588536002487,0.09317879460282374,0.18230241959639362,0.00265811005836119,0.5671913446192447,0.17585222,1.9809196,-1.8415501,0.03929166502357785,3.1386972183658206,0.038968705433483124,0.0050274185387208185,0.00043338374062531696,0.0026225422047552517
435,14.5,axial_advance_candidate,unknown_no_ground_truth,0.5293809108902691,0.09316136131123785,0.18231516088183586,0.003954674666759285,0.7623339194654419,0.17585222,1.9689338,-1.8786247,0.0393351417878402,3.1279297621525144,0.03899945632434669,0.0051279416801351145,0.0007762468741639011,0.0038777432238685473
436,14.533334,axial_advance_candidate,unknown_no_ground_truth,0.5295188197557907,0.09313666572187852,0.1823148008173166,0.0036397148640408923,0.7623339194654419,0.17585222,1.9914436,-1.808997,0.03937183892258485,3.1082909056969377,0.03902045591932777,0.005248401660864603,-0.00018989425772044662,0.003634757827201836
437,14.566667,axial_advance_candidate,unknown_no_ground_truth,0.5296115549262,0.09310620302544637,0.18226378854227504,0.002991143930707862,0.7623339194654419,0.17585222,1.9261429,-2.010986,0.039351898530513005,3.0934043033441507,0.03898679830744602,0.005348034750290572,-0.001814353705954131,0.0023780375614991848
438,14.6,axial_advance_candidate,unknown_no_ground_truth,0.5296364581183992,0.09307356852230228,0.1821666657240614,0.0033831725822153543,0.7623339194654419,0.17585222,1.9272361,-2.0076046,0.03927330332021348,3.086905219395514,0.03889949756175966,0.005405686184393747,-0.0030817136791936616,0.001396029197590214
439,14.633333,axial_advance_candidate,unknown_no_ground_truth,0.5295973565790477,0.09304516710393446,0.1820471250374388,0.00438261296165092,0.4946532449335936,0.17585222,1.8214871,-2.334709,0.03915772429581406,3.082712836349133,0.0387813518316854,0.005416098423590339,-0.003878948413638725,0.00203986655837098
440,14.666667,axial_advance_candidate,unknown_no_ground_truth,0.5295004376306812,0.09302219489386737,0.1819132383303378,0.00565806327795835,0.4946532449335936,0.17585222,1.8184226,-2.3441882,0.03901400414620613,3.079199976286479,0.038640900584872954,0.005382687201589388,-0.004581999377441545,0.003319482152762097
441,14.7,axial_advance_candidate,unknown_no_ground_truth,0.5293554184862772,0.09300178704783868,0.18176100289120573,0.007614361569362969,0.4946532449335936,0.17585222,1.8678689,-2.19124,0.038841505993911424,3.0775416117559957,0.038475886225007735,0.005316838071195788,-0.0057999318704292195,0.004933486840701118
442,14.733334,axial_advance_candidate,unknown_no_ground_truth,0.5291376904325615,0.09298106934177139,0.1815605239453441,0.010718530257772457,0.4946532449335936,0.17585222,1.8178297,-2.346022,0.03860747223049062,3.079949243694879,0.0382542371842006,0.005210590128097625,-0.007989371787272062,0.007145406169807627
443,14.766666,axial_advance_candidate,unknown_no_ground_truth,0.5288304528326211,0.09294925398555806,0.18127907578325458,0.01480941775987945,1.2495623025440827,0.17585222,1.8241271,-2.3265429,0.03828068822368511,3.0868140879751254,0.037943264527079974,0.005071466051056491,-0.011013698990430986,0.009900368121176723
444,14.8,axial_advance_candidate,unknown_no_ground_truth,0.5284130719045241,0.09289948947056335,0.1808949189665598,0.019332496439763442,1.6476448937162553,0.17585222,1.835188,-2.292329,0.037839491267178005,3.0955876344464275,0.03751998804769394,0.004906892729594148,-0.014392059402859534,0.012907906287931776
445,14.833333,axial_advance_candidate,unknown_no_ground_truth,0.5278865480635784,0.09283932423340222,0.18040842337316287,0.022400848848814204,1.6476448937162553,0.17585222,1.9272388,-2.0075963,0.037285450129763656,3.1066079072312007,0.036983798070018906,0.004733230577011707,-0.016831939404830028,0.014781199038628456
446,14.866667,axial_advance_candidate,unknown_no_ground_truth,0.5273228307223017,0.09280003438864882,0.1798791941482873,0.022268020705054556,1.6476448937162553,0.17585222,2.0071883,-1.7602953,0.036684346704627606,3.1168769357605384,0.03639785837659362,0.00457571838542934,-0.01705764967788385,0.01431437506799816
447,14.9,axial_advance_candidate,unknown_no_ground_truth,0.5268068998257995,0.09283107441766034,0.17938953384519923,0.020356882849054205,1.6476448937162553,0.17585222,2.0014277,-1.7781143,0.03611778800225273,3.1293495137878664,0.03584662154064503,0.004417503174581211,-0.015771915768862527,0.012870483763636193
448,14.933333,axial_advance_candidate,unknown_no_ground_truth,0.5263378687888043,0.09298342906590154,0.178963771853823,0.018844324276107265,1.8879918766828536,0.17585222,2.0618525,-1.5912075,0.03559390760282974,3.1379837412568388,0.03534639976351642,0.004190260397214893,-0.014079278625515524,0.012525273282774604
449,14.966666,axial_advance_candidate,unknown_no_ground_truth,0.5259110270777347,0.09324396620246819,0.17861159271595023,0.018523265522334388,1.585451077643673,0.17585222,2.0940309,-1.4916728,0.035123805866663034,3.1365096799920007,0.03490800211601423,0.003887560523950532,-0.01273859089228841,0.013447664023532436
450,15.0,axial_advance_candidate,unknown_no_ground_truth,0.5255008342484787,0.09360282123139135,0.17829994637202112,0.01893795294515361,1.5615522285787649,0.17585222,2.0642054,-1.5839293,0.03467530157749039,3.136781341670452,0.03449716194499626,0.003510321528095304,-0.012250649290579452,0.014441871544646748
451,15.033334,axial_advance_candidate,unknown_no_ground_truth,0.5251304394445853,0.09402329332926534,0.17799729845375806,0.018380504156633694,1.5615522285787649,0.17585222,2.1464036,-1.3296728,0.03423198879633272,3.1240824108674956,0.034091281206982633,0.0031005810130814823,-0.011984291297618637,0.013936272641773724
452,15.066667,axial_advance_candidate,unknown_no_ground_truth,0.524843362651589,0.09444260288179675,0.17769660373191515,0.016320340504971213,1.5615522285787649,0.17585222,2.1832538,-1.2156873,0.03380767817212759,3.1132365031038827,0.03369820961122688,0.00271841357927166,-0.011475895822840518,0.011604194468446124
453,15.1,axial_advance_candidate,unknown_no_ground_truth,0.5246655105096324,0.09480016052504492,0.17739388809479528,0.013650953879998227,2.1748258973466754,0.17585222,2.1074803,-1.4500709,0.033413329319999095,3.0971730964623276,0.03332622279442063,0.0024111098074019754,-0.010874312013101467,0.00825214396842153
454,15.133333,axial_advance_candidate,unknown_no_ground_truth,0.5245884280116228,0.09506501301077112,0.17708355186761565,0.011525665850097474,2.1748258973466754,0.17585222,2.1308658,-1.3777344,0.0330463447978829,3.0775393205226065,0.03297325564809021,0.0021966602983277427,-0.010300236445187407,0.005171663413384156
455,15.166667,axial_advance_candidate,unknown_no_ground_truth,0.524572165487429,0.09524123364371284,0.17677168079183406,0.010419591820372961,1.5407315714785952,0.17585222,2.127615,-1.38779,0.03270492273220728,3.0222118310520827,0.03263954154662553,0.002066953929277175,-0.010023935110578475,0.002844049683478687
456,15.2,axial_advance_candidate,unknown_no_ground_truth,0.5245333616797893,0.09534808220619034,0.17645159988106535,0.009937666840559408,1.3240675879970125,0.17585222,2.143279,-1.3393375,0.03236735339793696,2.9845821626194002,0.03230499399231951,0.002008215412534777,-0.009863729016253793,0.0012099884825348603
457,15.233334,axial_advance_candidate,unknown_no_ground_truth,0.5244266026592794,0.09538770882347541,0.17614217599409648,0.010179115485689835,0.7177159008903654,0.17585222,2.1865592,-1.2054628,0.03204561647962193,2.9729453938582,0.0319819605449977,0.002018845030512974,-0.00959511024611665,0.0033982718307807415
458,15.266666,axial_advance_candidate,unknown_no_ground_truth,0.5242272565038606,0.09541720748335195,0.17584991241828074,0.010729791523778377,0.5615051508942542,0.17585222,2.1336818,-1.369024,0.03173172631395569,2.9635724215882755,0.03166532042675377,0.0020518131334988465,-0.009194711652251107,0.0055304343207115345
459,15.3,axial_advance_candidate,unknown_no_ground_truth,0.5239821529817643,0.09547757276408259,0.17558893981161827,0.010222134178484187,0.5615051508942542,0.17585222,2.0682578,-1.5713943,0.03143749727144277,2.9550955598798785,0.031368980909885553,0.0020744327820412566,-0.00821866270197,0.006078290101186497
460,15.333333,axial_advance_candidate,unknown_no_ground_truth,0.523765486027674,0.09558111890652901,0.17537629781989922,0.008489283118301225,0.5615051508942542,0.17585222,2.0818422,-1.529375,0.031185720957602362,2.9474016429137193,0.031117408845330055,0.002063021666879469,-0.006739124017226886,0.00516257061386185
461,15.366667,axial_advance_candidate,unknown_no_ground_truth,0.5236420108894575,0.09572903235976526,0.17521294708605117,0.006834182895815922,0.5615051508942542,0.17585222,2.1364236,-1.360543,0.030983521026217486,2.94140419133288,0.03091970792150379,0.001987520372463382,-0.005347973696354143,0.004255024464861173
462,15.4,axial_advance_candidate,unknown_no_ground_truth,0.5236421316813985,0.0959013880242261,0.17507664077912533,0.006732997196648236,1.0626103557694475,0.17585222,2.1823719,-1.2184151,0.030816001938561176,2.932443204415848,0.030760876517128048,0.0018424036950154877,-0.004530717366473062,0.004980547298762698
463,15.433333,axial_advance_candidate,unknown_no_ground_truth,0.523754978323439,0.09606741722218672,0.17494052210527952,0.007561394223892822,2.139439964410654,0.17585222,2.1609032,-1.2848223,0.030662416111895765,2.8978884027034613,0.030617660808307037,0.0016560822583749695,-0.004259335708380665,0.006247618901024062
464,15.466666,axial_advance_candidate,unknown_no_ground_truth,0.5239356851305969,0.09619674480720006,0.17479256460142012,0.00794154939836947,2.139439964410654,0.17585222,2.092068,-1.4977444,0.030513079510621606,2.84824879240889,0.03047692102677365,0.0014850272554126544,-0.004086894887399474,0.006809221469895845
465,15.5,axial_advance_candidate,unknown_no_ground_truth,0.5241400521372941,0.09627643724922347,0.17464331627236954,0.007480334290233015,2.139439964410654,0.17585222,2.0415785,-1.6539191,0.03037633455231416,2.7978753685943443,0.030345201643501362,0.0013749320162675556,-0.0036216683842527995,0.0065451447049045125
466,15.533334,axial_advance_candidate,unknown_no_ground_truth,0.5243314916120436,0.09631077108976602,0.174511437263421,0.006430507063499066,2.139439964410654,0.17585222,2.0006647,-1.7804743,0.030265125945821664,2.763983475771958,0.030235473228796748,0.0013394055200584138,-0.0030143251455041075,0.005680252196064275
467,15.566667,axial_advance_candidate,unknown_no_ground_truth,0.5244896804347625,0.09630734018672488,0.17439716628699464,0.005193266331383791,1.5099345915992888,0.17585222,1.8908429,-2.1201766,0.030175183171348274,2.7461230593287196,0.030144246319648092,0.0013660502350948507,-0.0031540883665512626,0.004125741359400811
468,15.6,axial_advance_candidate,unknown_no_ground_truth,0.5245683718256247,0.09627788070771207,0.1742610939786216,0.005388632946013661,1.182981123915421,0.17585222,1.8549864,-2.2310884,0.030059103900471656,2.7334960062753084,0.030025200052116712,0.0014272663135241504,-0.004767822331444501,0.002511022748332438
469,15.633333,axial_advance_candidate,unknown_no_ground_truth,0.5245609631874852,0.09623380978529994,0.17405283269888794,0.008005493095409523,1.182981123915421,0.17585222,1.7698661,-2.4943836,0.029864264537791514,2.7220634397118033,0.029826394106133386,0.0015034995872309142,-0.007525185297089165,0.002731209612080804
470,15.666667,axial_advance_candidate,unknown_no_ground_truth,0.5244994078788943,0.09617094054190928,0.17374278344763538,0.011508157820090206,1.182981123915421,0.17585222,1.759247,-2.527231,0.029567195375784488,2.7086064800682,0.029523518509804447,0.0016065170995186741,-0.010782572351276597,0.004021670038875503
471,15.7,axial_advance_candidate,unknown_no_ground_truth,0.5244092318585458,0.09607901789666086,0.1733168826290426,0.015014855992137642,1.182981123915421,0.17584485,1.7006118,-2.708602,0.029160376927911378,2.6940471768478975,0.029107559893705306,0.0017542917694114135,-0.013994958960939457,0.0054393955680987266
472,15.733334,axial_advance_candidate,unknown_no_ground_truth,0.5243030702590884,0.09595507520877411,0.17278526582710202,0.01755392559313241,1.623177481498073,0.17584485,1.8034788,-2.3904123,0.02865697835674383,2.671066655471779,0.028590519220123185,0.0019505433249868615,-0.016267875230959055,0.0065951906112846955
473,15.766666,axial_advance_candidate,unknown_no_ground_truth,0.5241785702869206,0.0958101997151285,0.1722015181543967,0.018189249446109456,1.623177481498073,0.17584485,1.7054775,-2.6935515,0.02810740510926627,2.64148916548514,0.028023037379083782,0.0021761429242770124,-0.016754042919589197,0.007081725867425006
474,15.8,axial_advance_candidate,unknown_no_ground_truth,0.524042202255177,0.09566365654918435,0.1716374599536256,0.016677466806766416,1.623177481498073,0.17584485,1.7421172,-2.5802171,0.027578392524034635,2.609928379882098,0.0274735845831893,0.002402058359006498,-0.015261118218156722,0.006725783955959379
475,15.833333,axial_advance_candidate,unknown_no_ground_truth,0.5239044754140991,0.09553600020039194,0.1711594730289535,0.013883636530656638,1.623177481498073,0.17584485,1.7390088,-2.589832,0.02713038652440798,2.5867085453870344,0.027005628159764494,0.002598830633248973,-0.012578959363998448,0.005875810125783442
476,15.866667,axial_advance_candidate,unknown_no_ground_truth,0.5237446384767851,0.09544422333668724,0.17078893858737176,0.010855225096932286,0.6358501961827225,0.17584485,1.775103,-2.478185,0.026776406776803263,2.5762156062498653,0.026634990853128628,0.0027483125969565486,-0.009568816784762783,0.005125783573729057
477,15.9,axial_advance_candidate,unknown_no_ground_truth,0.5235764546208104,0.09539181520148812,0.17053071921549498,0.007845121996354345,0.5535449017450517,0.17584485,1.8275383,-2.3159914,0.026521144820225377,2.570638159332853,0.02636770471540703,0.0028487314047605924,-0.00647813598576754,0.004424894720508773
478,15.933333,axial_advance_candidate,unknown_no_ground_truth,0.523427155054756,0.09537222752210972,0.1703796038478685,0.005297875263545101,0.5386092752320825,0.17584485,1.841985,-2.2713046,0.026363778204066615,2.567676295571779,0.02620311844774843,0.002906094424908431,-0.003885207532906479,0.0036017557849373724
479,15.966666,axial_advance_candidate,unknown_no_ground_truth,0.5233115585368003,0.09536981068445463,0.1702981436032,0.0038466642608408434,0.5386092752320825,0.17584485,1.862024,-2.2093198,0.026273389973418527,2.566403558953033,0.02610868914280054,0.002937238829230366,-0.0025769304840820573,0.0028559158278630772
480,16.0,axial_advance_candidate,unknown_no_ground_truth,0.523218028232917,0.095367817062018,0.17023124716233043,0.004390669545552462,0.5386092752320825,0.17584485,1.8837676,-2.142062,0.02619964829720979,2.5658991864644585,0.0260313237110795,0.0029650896692137723,-0.003035422236764719,0.003172410897534577
481,16.033333,axial_advance_candidate,unknown_no_ground_truth,0.5230794355793567,0.09535651014812685,0.17012032153991716,0.007215612167831717,0.5535449017450517,0.17584485,1.9162215,-2.041675,0.026081724492527415,2.5651668314114597,0.02590632923910571,0.0030196784363837543,-0.005128243102826071,0.0050760399559969934
482,16.066668,axial_advance_candidate,unknown_no_ground_truth,0.5228477477139938,0.09533298789142033,0.16992608695886213,0.01105064520628262,0.8403788417492603,0.17584485,1.8639362,-2.203405,0.025878858324426927,2.563699712688774,0.02568941767354421,0.003125560392946424,-0.007888993398916242,0.007738251910282646
483,16.1,axial_advance_candidate,unknown_no_ground_truth,0.5225159529144502,0.09529805321802828,0.16964939823236339,0.01444260282344511,1.2956677035865487,0.17584485,1.7821816,-2.456289,0.025593538340013124,2.56199539159384,0.025380407892755596,0.0032960734153036114,-0.01030784657558735,0.010116178887798338
484,16.133333,axial_advance_candidate,unknown_no_ground_truth,0.5221107651069601,0.09525793289320725,0.1693110615908075,0.016084037238219266,1.2956677035865487,0.17584485,1.7169293,-2.6581285,0.025249713639866538,2.560977410309137,0.02500223843105118,0.003526487251094163,-0.011515823421899888,0.011228627021860064
485,16.166666,axial_advance_candidate,unknown_no_ground_truth,0.5216972596409403,0.09521557877014167,0.16896189173465012,0.015238559240691712,1.2956677035865487,0.17584485,1.690159,-2.7409348,0.024902192759178692,2.560909915973605,0.02461269809442716,0.0037860661283017232,-0.010983063188374097,0.010563427982063995
486,16.2,axial_advance_candidate,unknown_no_ground_truth,0.5213404173151872,0.09517721172237635,0.16865364867261345,0.012184918854635192,1.2956677035865487,0.17584485,1.6766868,-2.7826073,0.024601841700766278,2.561169164488359,0.02427001384530138,0.004027038988939851,-0.008927751119324851,0.008292617647367934
487,16.233334,axial_advance_candidate,unknown_no_ground_truth,0.5210927116658166,0.09514497323543121,0.1684239387578425,0.00749034186094239,1.2956677035865487,0.17584485,1.6761438,-2.784287,0.024383064407083405,2.556279513861855,0.024017514795985538,0.00420628255168307,-0.00583890789177945,0.004691734841729822
488,16.266666,axial_advance_candidate,unknown_no_ground_truth,0.5210005943734555,0.09511798571236676,0.1682925925199712,0.0027483988720682193,1.2956677035865487,0.17584485,1.7295804,-2.618996,0.02426268162851302,2.5528877256466007,0.02388075928348413,0.004288013042292405,-0.002478130593019138,0.001188513829927309
489,16.3,axial_advance_candidate,unknown_no_ground_truth,0.5210723557817516,0.09509072690611436,0.16825011721492894,0.004230719932043426,1.2956677035865487,0.17584485,1.7012788,-2.706539,0.02423146598975927,2.550534977808796,0.02385230862113394,0.004269814686264503,0.000378341736189929,0.004213768939328107
490,16.333334,axial_advance_candidate,unknown_no_ground_truth,0.5212762387386662,0.09506137716861608,0.16827371014188414,0.007541366676154943,1.6501930065380972,0.17583008,1.7201102,-2.6482894,0.024268376639410734,2.5402505033230485,0.02390597389217069,0.004178339021567057,0.002424149413755667,0.007141128129645085
491,16.366667,axial_advance_candidate,unknown_no_ground_truth,0.5215632162920436,0.09503188227379972,0.16834172750981874,0.009071277952970568,1.6501930065380972,0.17583008,1.7672287,-2.5025418,0.02435311424854102,2.526535922893965,0.024013930850736817,0.0040503455035986935,0.0034211415971863368,0.008401420943629192
492,16.4,axial_advance_candidate,unknown_no_ground_truth,0.5218600529307837,0.09500599436766381,0.16842138323897093,0.008516417384042822,1.6501930065380972,0.17583008,1.8725592,-2.176732,0.024451796117084344,2.5158810954424937,0.02413404650403744,0.00392913892505968,0.0033333907874210592,0.007836955462267424
493,16.433332,axial_advance_candidate,unknown_no_ground_truth,0.5221093529479334,0.09498499752307465,0.1684896444752168,0.006406675802996893,1.6501930065380972,0.17583008,1.907804,-2.0677123,0.024538450076973473,2.5108921988230932,0.024236153498254497,0.0038398431985128836,0.002473094161105776,0.0059101015317006515
494,16.466667,axial_advance_candidate,unknown_no_ground_truth,0.5222714642788662,0.09496952658353852,0.16853004711178854,0.0031517399015416523,1.0719812060006744,0.17583008,1.927382,-2.0071533,0.024592818735834052,2.508694517659941,0.024298906173334328,0.0037907640592742477,0.001003428570802666,0.0029877408706691254
495,16.5,axial_advance_candidate,unknown_no_ground_truth,0.5223146901281861,0.09496084906868647,0.1685273256907367,0.0007100683633729283,0.2624522889377283,0.17583008,1.8938388,-2.1109097,0.024595915950465463,2.5074439220815417,0.024303066216959202,0.0037841847069689355,-0.0006490732777116938,0.00028792526951225975
496,16.533333,axial_advance_candidate,unknown_no_ground_truth,0.5222681368995947,0.09495702848225829,0.16848451104634407,0.002299025796914915,0.2624522889377283,0.17583746,1.8835905,-2.1426098,0.024552702586070247,2.506244034223158,0.024255635284499314,0.003807802676790451,-0.001948881241359934,0.0012195825195351162
497,16.566668,axial_advance_candidate,unknown_no_ground_truth,0.5222262635593709,0.09494158857136074,0.16840359027348437,0.003164805991738677,0.2624522889377283,0.17583746,1.8166826,-2.3495703,0.024476910608965306,2.503773273601768,0.024173123823921415,0.003844377394668889,-0.0027405860939606888,0.0015827775671061074
498,16.6,axial_advance_candidate,unknown_no_ground_truth,0.5223010624332313,0.0948968647306552,0.16828498965137287,0.006222882383935199,0.2624522889377283,0.17583746,1.7620635,-2.5185187,0.024382331912068025,2.500005310962866,0.024072941337145253,0.0038718993851356845,-0.003579469016241548,0.005090350353959714
499,16.633333,axial_advance_candidate,unknown_no_ground_truth,0.5224901327705613,0.0948197421900142,0.16810756819688355,0.009322904557590191,1.8116080549346734,0.17583746,1.7362312,-2.5984237,0.024251163060833816,2.4928653567284904,0.023934496212511914,0.003906251509619341,-0.005116573406703386,0.007793409136170875
500,16.666666,axial_advance_candidate,unknown_no_ground_truth,0.5227161255643376,0.09472187210180474,0.16785675593661986,0.010970013546840744,1.8116080549346734,0.17583746,1.664572,-2.8200808,0.02406242375771254,2.4862861213607554,0.023731841669819426,0.003974912332913951,-0.007150626424102347,0.008319239085445176
501,16.7,axial_advance_candidate,unknown_no_ground_truth,0.5229049076104457,0.09462381016240842,0.16753798343973858,0.01172783227413746,1.8116080549346734,0.17583746,1.6763248,-2.7837267,0.02380940018922858,2.491036369618017,0.02345776411944727,0.004076866429895644,-0.009414939282231466,0.006992922719592652
502,16.733334,axial_advance_candidate,unknown_no_ground_truth,0.5229998970065328,0.09453677088819577,0.16715211057156898,0.01288038892376864,1.8116080549346734,0.17583746,1.696969,-2.7198699,0.023482954880454654,2.4898075545226206,0.023104188380773556,0.004200672467974303,-0.012006764160159392,0.0046628353209022776
503,16.766666,axial_advance_candidate,unknown_no_ground_truth,0.5229515895199882,0.09447466782317633,0.1666936447996955,0.014712472691391875,0.6495021050710229,0.17583746,1.6826993,-2.7640092,0.023066963297233338,2.4806429748203964,0.02265732544005215,0.004327863174763693,-0.014234105961194019,0.0037211665080257527
504,16.8,axial_advance_candidate,unknown_no_ground_truth,0.5227814444679255,0.09444758517069472,0.16620009934679203,0.01578232591316912,0.47941695262618883,0.17583746,1.5962456,-3.0314288,0.022595513587727014,2.470468367725183,0.0221552625231512,0.0044386458321663885,-0.01514585934256913,0.004436750613298075
505,16.833334,axial_advance_candidate,unknown_no_ground_truth,0.5225834650145968,0.09444659707678077,0.1657083526568384,0.015145752445029116,0.35120128192600275,0.17583746,1.5559318,-3.1561282,0.02211639676833597,2.461465837624546,0.021647574543888982,0.004529627179054766,-0.014724298810239107,0.0035480757704559555
506,16.866667,axial_advance_candidate,unknown_no_ground_truth,0.5224608481112745,0.09445597726893822,0.1652426709502568,0.013581360797081988,0.3329495299483511,0.17583746,1.5462145,-3.186186,0.021667099906859583,2.45659422427446,0.021173640608696788,0.004597843162568811,-0.013466843719760686,0.0017599662860571142
507,16.9,axial_advance_candidate,unknown_no_ground_truth,0.5224279910679742,0.09446780480359043,0.16481664324313092,0.011865463186595782,0.3329495299483511,0.17583746,1.4959501,-3.3416646,0.021263287062641554,2.4559440994026858,0.020749798718622602,0.004644699112423487,-0.011686607276302921,0.0020524197918367904
508,16.933332,axial_advance_candidate,unknown_no_ground_truth,0.5224641558099044,0.0944841989917367,0.16445216271481122,0.01011514576640197,0.3248215509054,0.17583746,1.4386828,-3.5188046,0.020922303875960325,2.457226687608035,0.02039454539452634,0.004669616432709337,-0.009736463757803704,0.002741796376198398
509,16.966667,axial_advance_candidate,unknown_no_ground_truth,0.52251408173269,0.09450209323864214,0.16414868638640306,0.009015298865714207,0.3248215509054,0.17583746,1.5151235,-3.282357,0.020639460220658285,2.4555973750128457,0.02010068296035252,0.004685068060074431,-0.008684956641990316,0.0024180863849118657
510,17.0,axial_advance_candidate,unknown_no_ground_truth,0.52253671973563,0.0945089340195437,0.16385604922121258,0.009371899187127164,0.3329495299483511,0.17583746,1.5609151,-3.1407137,0.020368664875034557,2.4540482440179785,0.01981555301710281,0.004714484851800299,-0.009164906243545719,0.0019588230958132715
511,17.033333,axial_advance_candidate,unknown_no_ground_truth,0.5225361448341428,0.09451194177692801,0.16352437003622358,0.010903343933398311,0.38544156347339636,0.17583008,1.5922877,-3.0436718,0.02006158517794044,2.4542989557869475,0.01948969857251007,0.004755927817414649,-0.010809267630737928,0.0014292103473789225
512,17.066668,axial_advance_candidate,unknown_no_ground_truth,0.522481522235388,0.09452831208527589,0.1631314918351398,0.013199289735353118,0.38544156347339636,0.17583008,1.5382873,-3.2107065,0.019688411887682403,2.451652293941914,0.01909490864492306,0.004797710547863047,-0.013131238839709406,0.0013385873345827463
513,17.1,axial_advance_candidate,unknown_no_ground_truth,0.5223750630679711,0.09456486706653028,0.1626609155872195,0.015590491323840246,0.5756467339443828,0.17583008,1.5883821,-3.0557525,0.019231995045227594,2.4446972548619943,0.018614288761913324,0.004835068490493803,-0.015483485830322021,0.0018234819058480297
514,17.133333,axial_advance_candidate,unknown_no_ground_truth,0.522242097315782,0.09462066162538098,0.16212431954027642,0.01669375598648976,0.5756467339443828,0.17583746,1.593864,-3.038796,0.018706523896268958,2.438728053116111,0.018062692072236413,0.004865510393088222,-0.016603707028232186,0.0017315894019933964
515,17.166666,axial_advance_candidate,unknown_no_ground_truth,0.5221253772543311,0.09468429737449566,0.1615829824556842,0.015818045707277982,0.7201544711313472,0.17583746,1.5204945,-3.2657435,0.018176824133415297,2.4289562465627403,0.017507391920311206,0.0048875519154000634,-0.0157886192073642,0.0009644031949271266
516,17.2,axial_advance_candidate,unknown_no_ground_truth,0.5220484820825483,0.09474693691715792,0.16109540354501423,0.013889798740319934,0.7201544711313472,0.17583746,1.5374707,-3.2132323,0.017701476882555158,2.425526714488112,0.017010093865028622,0.004898876455530439,-0.013881932544872326,0.000467394764848484
517,17.233334,axial_advance_candidate,unknown_no_ground_truth,0.5219758499963906,0.09481345360410359,0.16067831894291718,0.012670552599577724,0.7201544711313472,0.17583746,1.5672798,-3.1210265,0.017289835791353077,2.4247778940288494,0.01658192620464369,0.004896748414581322,-0.01262047394143099,0.0011254068918960507
518,17.266666,axial_advance_candidate,unknown_no_ground_truth,0.5218726830774889,0.0948995851179559,0.16028343348060967,0.01239783986628019,0.6399864959882625,0.17583746,1.5608089,-3.1410422,0.016888184408267354,2.4227581871134802,0.016168741827104857,0.004876736648218207,-0.012255133727198308,0.0018756680618949933
519,17.3,axial_advance_candidate,unknown_no_ground_truth,0.5217833022893905,0.09501872097923776,0.15990120282877582,0.01331202732305642,0.7201544711313472,0.17583746,1.6417655,-2.8906264,0.016485685524523955,2.419389995742442,0.015764929807816047,0.004821287729241204,-0.0131110318247668,0.0023045424577891427
520,17.333334,axial_advance_candidate,unknown_no_ground_truth,0.5216906259186955,0.0951609960180427,0.1594550783219006,0.015814279963641743,0.7201544711313472,0.17583746,1.5547981,-3.1596348,0.01601589414349302,2.410049406737105,0.015294644821217378,0.004752126367046914,-0.015662208471678447,0.002187847471403022
521,17.366667,axial_advance_candidate,unknown_no_ground_truth,0.5215887611353486,0.09530110238959583,0.15890424674159437,0.01925099612126956,0.7201544711313472,0.17583746,1.5711379,-3.1090925,0.01545287314597495,2.400510270101103,0.01472078721491749,0.004699969386997698,-0.019207234950310063,0.0012972961206768503
522,17.4,axial_advance_candidate,unknown_no_ground_truth,0.5214857187946857,0.09542265510627125,0.1582154767673234,0.02322200161390353,1.244078927293875,0.17583746,1.5934002,-3.0402303,0.014776045949426931,2.4039946624353696,0.014014182110916743,0.004683399797330698,-0.023221560874606313,0.00014307167117041117
523,17.433332,axial_advance_candidate,unknown_no_ground_truth,0.5213863408418442,0.0955180041785926,0.15738483128012554,0.027362998617774643,1.6872247040969421,0.17583746,1.6192558,-2.9602537,0.01398922146107836,2.4077134598746213,0.013172706876866037,0.004709364142138686,-0.027320979965710986,0.0015158321376577198
524,17.466667,axial_advance_candidate,unknown_no_ground_truth,0.5213112200485932,0.09560943214463866,0.15640922884882452,0.031891367820509234,1.7207057050582315,0.17583746,1.6367638,-2.9060977,0.01308656507861441,2.404022996983697,0.012192738588559921,0.004753452562911719,-0.03181397744947996,0.002220400933838894
525,17.5,axial_advance_candidate,unknown_no_ground_truth,0.5212466664697648,0.09576860498318002,0.15527817753245204,0.0365268860982693,1.9060045275872972,0.17583746,1.7029238,-2.7014506,0.012029355996992654,2.4044494950006614,0.011051768371017573,0.004750139111200713,-0.03637747362586801,0.0033004273413023725
526,17.533333,axial_advance_candidate,unknown_no_ground_truth,0.5211879219895648,0.09607587818513816,0.1540224147934624,0.03945373065506878,2.1721184722886395,0.17583746,1.7805896,-2.4612136,0.010804327311189587,2.4080586695299306,0.009767610838866986,0.0046181454229772155,-0.038820140903818474,0.007042266880088711
527,17.566668,axial_advance_candidate,unknown_no_ground_truth,0.5211510804161293,0.09655010899309109,0.15276848310179525,0.039029564930500776,1.9060045275872972,0.17583746,1.9717108,-1.8700349,0.009502910335836407,2.4161790930027482,0.008463710856949552,0.00432098407552038,-0.037349484861170734,0.011327970659802851
528,17.6,axial_advance_candidate,unknown_no_ground_truth,0.5211359981289985,0.09714159651355944,0.15164923752921391,0.034660097642564044,1.9060045275872972,0.17583746,2.1265812,-1.3909876,0.008252214903561221,2.420626451975715,0.007277617396058696,0.0038904158969372163,-0.03164014649524238,0.014150035277400351
529,17.633333,axial_advance_candidate,unknown_no_ground_truth,0.5211231511137243,0.09776336757538898,0.15080219968410238,0.027108320638696833,1.9060045275872972,0.17583746,2.0319817,-1.6836041,0.0072041958263429524,2.42280701328564,0.0063544000769013564,0.00339441263946699,-0.022816211982456237,0.014638357784328716
530,17.666666,axial_advance_candidate,unknown_no_ground_truth,0.5211321786371692,0.09831324951840703,0.15027331468822203,0.01838328119751101,1.6895719417466186,0.17665738,1.8971459,-2.10068,0.00645716865352433,2.4155552658369968,0.005756559903429932,0.0029252427417703277,-0.013308937439259214,0.012681372631724303
531,17.7,axial_advance_candidate,unknown_no_ground_truth,0.5211612033839816,0.09871803387823799,0.1500346442510384,0.01073156768128266,1.4713935237414826,0.17665738,1.9167241,-2.0401206,0.0060363208403403845,2.420178120891861,0.005467131231954441,0.002558836724004871,-0.005254056162880544,0.009357426929196267
532,17.733334,terminal_settle_candidate,unknown_no_ground_truth,0.5212218504356823,0.09896917813934736,0.1500020071386706,0.0065208153089345265,1.4395131850649228,0.17665738,2.3850205,-0.5915796,0.00588138338718757,2.43058102114763,0.0054062838270883835,0.00231576460981001,-0.0003004460975977605,0.006513890115412845
533,17.766666,terminal_settle_candidate,unknown_no_ground_truth,0.5213087120915965,0.09912641876187321,0.15005560952142546,0.00552981408960171,1.2681265006202413,0.17665738,2.7858047,0.6481318,0.0058582515975308435,2.4501473529473654,0.005447101799012895,0.0021559670153235596,0.0012517976173226782,0.005386264623170946
534,17.8,terminal_settle_candidate,unknown_no_ground_truth,0.5214143586406972,0.09926588873774958,0.15010595529799425,0.0052883382925849095,1.2039538547432744,0.17665738,3.0829015,1.5671155,0.005849647119136355,2.4636241772194682,0.005489735722895942,0.0020201913550900157,0.0004766710637073276,0.005266811805432581
535,17.833334,terminal_settle_candidate,unknown_no_ground_truth,0.521487368802477,0.09942559943223753,0.1501090471519005,0.005384150513685864,1.1615048953721205,0.17665738,3.2189445,1.9879258,0.005790465783549197,2.4758787437140244,0.005478865139202269,0.0018739078891151805,-0.000846090291198464,0.005317255680627315
536,17.866667,terminal_settle_candidate,unknown_no_ground_truth,0.5215180262624636,0.09960896884793521,0.15008588860313588,0.005542823618934469,1.1350830691363538,0.17665738,3.36712,2.4462643,0.005694813536617893,2.4870012699161483,0.005433343025752219,0.0017057798162002384,-0.0014863603109440252,0.005339815230573825
537,17.9,terminal_settle_candidate,unknown_no_ground_truth,0.521526125376396,0.09978937967111297,0.15005704834857092,0.004807204549741298,1.0078904471620278,0.17665738,3.530474,2.9515529,0.005595615549915611,2.4952595162393747,0.005379775970086673,0.0015391308892148767,-0.0015659425936839725,0.004545001581555252
538,17.933332,terminal_settle_candidate,unknown_no_ground_truth,0.5215249285475982,0.09992359875554171,0.15002535053959365,0.003246528553928679,0.576478368281307,0.17665738,3.5087826,2.8844569,0.00551395977667101,2.4934749211948106,0.005328948452411934,0.0014163547614500663,-0.0014682444466137617,0.002895549325510116
539,17.966667,terminal_settle_candidate,unknown_no_ground_truth,0.5215142366471416,0.09999460199343146,0.14998932847252194,0.001722508319245334,0.4046633725062421,0.17665738,3.4912064,2.83009,0.005452293130402964,2.4962709246308386,0.00528187982554047,0.0013524961694540698,-0.0012080035956291745,0.0012279096965234746
540,18.0,terminal_settle_candidate,unknown_no_ground_truth,0.5215027872753397,0.10001524151670144,0.14995979416676453,0.0007392911686971165,0.34976390385089556,0.17665738,3.5163455,2.9078505,0.005415571627119898,2.505333837897001,0.005248425106535629,0.0013350842481104042,-0.0007215466928064333,0.00016100249132745421
541,18.033333,terminal_settle_candidate,unknown_no_ground_truth,0.5215043760131602,0.1000115153402529,0.14994409850861645,0.00041609992834784474,0.24362564796213232,0.17665738,3.4380302,2.6656046,0.005403040502286454,2.5047627835639448,0.005233777449729005,0.001341797404996749,-0.00021384798757359048,0.0003569428365744395
542,18.066668,terminal_settle_candidate,unknown_no_ground_truth,0.5215194591549512,0.10000310373896842,0.1499412554060472,0.0004184943135029719,0.07032524971603916,0.17665738,3.2712052,2.149579,0.005406535397669543,2.505656557983341,0.005234157161996588,0.0013543351910710979,4.713953754156712e-05,0.00041583092048895416
543,18.1,terminal_settle_candidate,unknown_no_ground_truth,0.5215289615418992,0.09999841924672004,0.14994214077869195,0.00019192564664391996,0.05862064911234261,0.17665738,3.2634406,2.1255617,0.005410953826236668,2.506666251275926,0.00523693207130717,0.0013612361257987714,4.019817710624667e-05,0.00018766875178628342
544,18.133333,terminal_settle_candidate,unknown_no_ground_truth,0.5215318223981721,0.09999986907262218,0.1499418841047323,0.00020036957739710985,0.03887166364428443,0.17665738,3.2880068,2.20155,0.0054107313992743915,2.5107261511024617,0.005236836999408882,0.0013607176476830157,5.618903366637878e-05,0.00019232982098971274
545,18.166666,terminal_settle_candidate,unknown_no_ground_truth,0.5215410755764402,0.10000321710298027,0.14994508368300252,0.00022330406161446745,0.021972695894583977,0.17665738,3.3625789,2.4322174,0.005414177413889547,2.5107946417972533,0.005240677949489205,0.0013596366054241548,6.544563310706782e-05,0.0002134984146094133
546,18.2,terminal_settle_candidate,unknown_no_ground_truth,0.5215448782276979,0.10000595494798144,0.1499455117372795,0.00010990037533530487,0.020320592536912013,0.17665738,3.3469427,2.3838513,0.005414282724640476,2.5107568006852037,0.005241187828448788,0.0013580896764428258,-1.1369363442359896e-05,0.00010931070429631499
547,18.233334,terminal_settle_candidate,unknown_no_ground_truth,0.521544332517582,0.10000979826412787,0.14994487484485725,0.00012207910261725026,0.01966932863041099,0.17665738,3.358815,2.420575,0.005412150744823851,2.510753514986353,0.005239932163841135,0.0013544322068824732,-4.5626899134392727e-05,0.00011323203332632102
548,18.266666,terminal_settle_candidate,unknown_no_ground_truth,0.5215415162120592,0.10001319553082175,0.14994392879617927,3.525380695672908e-05,0.01966932863041099,0.17705624,3.3469505,2.3838756,0.005409460045214213,2.510697547394523,0.005238146081779934,0.001350586393646284,-1.517733169153354e-05,3.1819483145825784e-05
549,18.3,terminal_settle_candidate,unknown_no_ground_truth,0.5215435235555905,0.10001191888910857,0.14994426488270252,0.00014193666961375998,0.01966932863041099,0.17705624,3.3733552,2.465551,0.00541064080024797,2.5106562697510424,0.0052389203572316455,0.0013523118574840052,3.957342532631565e-05,0.0001363083349945563
550,18.333334,terminal_settle_candidate,unknown_no_ground_truth,0.5215471443636496,0.10000565082923005,0.14994474555817178,8.558418554940254e-05,0.020320592536912013,0.17705624,3.3530197,2.402649,0.005414152788518246,2.510599343705603,0.00524077232612507,0.0013591746919147378,2.623571254840666e-05,8.146373550993067e-05
551,18.366667,terminal_settle_candidate,unknown_no_ground_truth,0.521549091309129,0.10001266284815763,0.1499454405340225,0.0005937662314573965,0.022567735752254483,0.17705624,3.3623924,2.4316409,0.00541252846684581,2.510653595175569,0.005240681620306773,0.0013530412259037143,-5.7058142290271764e-05,0.0005910183635196976
552,18.4,terminal_settle_candidate,unknown_no_ground_truth,0.5215465256158591,0.10004517501338284,0.14994682737139015,0.0014885233165244712,0.08495131146961063,0.17705624,3.3624454,2.4318044,0.005401141331399168,2.510554521047911,0.0052369685082559025,0.0013215477763911234,-0.0002042172871533912,0.0014744480199263452
553,18.433332,terminal_settle_candidate,unknown_no_ground_truth,0.5215365879213568,0.10011107612993707,0.1499478389595454,0.0024555132778043332,0.16706562976573625,0.17610338,3.392986,2.5262735,0.005376015113566748,2.509885549758709,0.005227067343099507,0.0012567042181837193,-0.00036621661507638267,0.002428050833140727
554,18.466667,terminal_settle_candidate,unknown_no_ground_truth,0.5215205238941074,0.10020678050900929,0.14994937226203325,0.0032570791611086017,0.3036770626345557,0.17610338,3.4305964,2.64261,0.005340535567044468,2.5086336904311906,0.00521254139577994,0.0011622101101554274,-0.000504927973476615,0.0032177029700282645
555,18.5,terminal_settle_candidate,unknown_no_ground_truth,0.5214984008268712,0.10032481805281587,0.14995033462500804,0.0036656987827703553,0.3036770626345557,0.17610338,3.426477,2.6298678,0.005297591328254153,2.5058829798339057,0.005193417370006739,0.0010454137468513993,-0.0005865573754818709,0.0036184662512274285
556,18.533333,terminal_settle_candidate,unknown_no_ground_truth,0.5214755112398215,0.1004469688922904,0.14995113751552785,0.0034301451480975107,0.3036770626345557,0.17610338,3.4470177,2.6934047,0.005255491886044715,2.5031883967711126,0.005173438169901822,0.0009250580881678338,-0.0005582744684490008,0.003384409158907191
557,18.566668,terminal_settle_candidate,unknown_no_ground_truth,0.5214560269533142,0.10054953359122681,0.1499513612979066,0.002619131913542554,0.3036770626345557,0.17610338,3.4708533,2.7671335,0.00522169253493101,2.501712045355059,0.005156186653009038,0.0008245072035377866,-0.00044135542272397653,0.0025816772399680833
558,18.6,terminal_settle_candidate,unknown_no_ground_truth,0.5214420516723852,0.10061834609863818,0.14995103205775806,0.0017187627938483037,0.25286630833336976,0.17610338,3.502034,2.863582,0.005199447382126806,2.4995715979555087,0.005144025866072241,0.0007571333889646106,-0.0003025569210165784,0.0016919234176115047
559,18.633333,terminal_settle_candidate,unknown_no_ground_truth,0.5214334427626247,0.1006618647597522,0.14995046893765968,0.0010069779110032065,0.14053951487863953,0.17610338,3.4665763,2.7539039,0.00518552735215888,2.498723508690602,0.005136016500662428,0.000714862521685913,-0.00018142058863295342,0.0009905004206301252
560,18.666666,terminal_settle_candidate,unknown_no_ground_truth,0.5214288884051327,0.10068416871001315,0.14995021913124276,0.0004775568134352009,0.038856997652290635,0.17610338,3.464006,2.745953,0.005178536481238652,2.4984925232292423,0.005131931345480062,0.0006931960421113211,-0.00010337604612382193,0.0004662337430368899
561,18.7,terminal_settle_candidate,unknown_no_ground_truth,0.5214265235131311,0.10069290500984089,0.1499489552313366,0.0001604336822851671,0.0273527916143763,0.17610338,3.4528894,2.7115674,0.005174611193679381,2.4982729986493317,0.0051291126699724975,0.0006846927956971248,-3.988993593587764e-05,0.00015539549357239908
562,18.733334,terminal_settle_candidate,unknown_no_ground_truth,0.5214265454473346,0.1006945690515818,0.14994937440005213,6.79181795597007e-05,0.0273527916143763,0.17610338,3.4807043,2.7976048,0.005174577241735483,2.4982191391081536,0.005129283884142123,0.0006831518620092456,2.434120615215124e-05,6.340650438056193e-05
563,18.766666,terminal_settle_candidate,unknown_no_ground_truth,0.5214270391974062,0.10069684395592832,0.14995112774834432,0.00012821779118168318,0.025061395564163223,0.17610338,3.4931018,2.835953,0.005175735648354113,2.4981705729103947,0.005130735392185364,0.000681024108985925,5.9184022755958794e-05,0.00011374116856236294
564,18.8,terminal_settle_candidate,unknown_no_ground_truth,0.5214276287092015,0.10070148255265471,0.1499542829226578,0.0001588494889953857,0.024444548697988837,0.17610338,3.4825385,2.8032782,0.0051776270099233865,2.4981668760241607,0.005133229425204163,0.0006765922864667689,8.077287014798381e-05,0.00013678049423127597
565,18.833334,terminal_settle_candidate,unknown_no_ground_truth,0.5214283568618744,0.10070506054753367,0.1499576544665282,0.0001370977002627817,0.024444548697988837,0.17610338,3.4439707,2.6839797,0.005180029160549476,2.4981099478969067,0.00513610826971554,0.0006731225340920854,7.538580235654334e-05,0.00011451096113649437
566,18.866667,terminal_settle_candidate,unknown_no_ground_truth,0.5214280608740591,0.10070829785289419,0.14996037591421513,0.000182457657934108,0.024444548697988837,0.17610338,3.4281158,2.6349373,0.005181717800773706,2.497938585635197,0.005138267328515497,0.0006696329050795756,2.661387974896137e-05,0.0001805062279909139
567,18.9,terminal_settle_candidate,unknown_no_ground_truth,0.5214258045348047,0.10071632359968305,0.14996147334676363,0.00040799016782688027,0.03158997640619862,0.17610338,3.328823,2.3278036,0.005180276471123245,2.497779214197733,0.00513788250118005,0.0006613831879787533,-6.029216790107841e-05,0.00040351063373000976
568,18.933332,terminal_settle_candidate,unknown_no_ground_truth,0.5214210552814839,0.10073456897866177,0.1499611048143465,0.0008094834442549382,0.04642846287758101,0.17610338,3.2656004,2.1322424,0.005174398855274735,2.4976345823525543,0.005134247912242386,0.000643352072432495,-0.00017464003450743952,0.0007904203342969348
569,18.966667,terminal_settle_candidate,unknown_no_ground_truth,0.5214130426658576,0.10076870646550942,0.14995905675014048,0.001339478497815705,0.0999689420928947,0.17588179,3.194402,1.9120104,0.005162434593569519,2.4968120233890545,0.005126227350946797,0.0006103475069894823,-0.00028720954114349847,0.0013083246254606531
570,19.0,terminal_settle_candidate,unknown_no_ground_truth,0.5214019083541781,0.10082169607012345,0.1499570677663335,0.0018371637148396557,0.18294820463305986,0.17588179,3.1246989,1.6964037,0.005145653793753591,2.4955536243334833,0.005115112604328819,0.0005597999733897533,-0.00035124151008282886,0.0018032747757117267
571,19.033333,terminal_settle_candidate,unknown_no_ground_truth,0.5213890294064192,0.10088877087347538,0.14995619327808016,0.002111006975848016,0.18294820463305986,0.17588179,3.115437,1.6677549,0.0051269455585009165,2.494191927705908,0.005102811609059218,0.0004968746746240441,-0.000369893112435102,0.002078347790301724
572,19.066668,terminal_settle_candidate,unknown_no_ground_truth,0.5213760182456868,0.10096002491846434,0.14995588640831037,0.002039317223077025,0.18294820463305986,0.28217462,3.154253,1.787821,0.005108713394251294,2.4927071454797964,0.005090440656756642,0.00043170182376448587,-0.00035503697919017136,0.002008174165690343
573,19.1,terminal_settle_candidate,unknown_no_ground_truth,0.5213649300099246,0.10102257092197449,0.1499551376425357,0.0017100564555929865,0.18294820463305986,0.28217462,3.1482644,1.769297,0.005093100731688335,2.491239127417684,0.005079154170284506,0.0003766536573641124,-0.0003218830054526891,0.001679489330753843
574,19.133333,terminal_settle_candidate,unknown_no_ground_truth,0.5213541134180181,0.10107187767777143,0.14995352026730543,0.0012894713932834023,0.14659598306458677,0.28217462,3.174374,1.8500599,0.005079966798710155,2.490359406050638,0.005068982118522074,0.0003338906379355058,-0.0002863633265760425,0.0012572718557609336
575,19.166666,terminal_settle_candidate,unknown_no_ground_truth,0.5213431966941963,0.10110563268562194,0.14995088090263764,0.0008526340480109239,0.1346609578810627,0.28217462,3.1344981,1.726715,0.005069160338537784,2.4894979514399673,0.0050600635743592295,0.0003035509203534228,-0.00022822145945624358,0.000821522845252131
576,19.2,terminal_settle_candidate,unknown_no_ground_truth,0.521333986366056,0.10112480734808572,0.14994851010491045,0.0005110734492935336,0.08975594594113571,0.28217462,3.0621898,1.5030499,0.005061766735247676,2.4887946249800152,0.00505375523008226,0.0002846762309644353,-0.00016104528229641483,0.0004850365837984369
577,19.233334,terminal_settle_candidate,unknown_no_ground_truth,0.5213264005811726,0.10113494042525487,0.14994651037628898,0.000308986729400809,0.0612422623481016,0.31884897,3.009101,1.3388345,0.0050567091169925185,2.4865405572197066,0.005049339040050622,0.00027291455163829653,-0.00010858117606837121,0.0002892800151227494
578,19.266666,terminal_settle_candidate,unknown_no_ground_truth,0.5213209389469617,0.1011403911277676,0.14994516029690214,0.00016279271042987694,0.03701905978236711,0.31884897,2.9418402,1.1307827,0.005053502281273541,2.485956774058035,0.005046516595924059,0.00026562295439201347,-5.3745496775693384e-05,0.00015366485657247622
579,19.3,terminal_settle_candidate,unknown_no_ground_truth,0.5213182649215337,0.10114195572477488,0.14994496852630929,2.837911967411221e-05,0.03701905978236711,0.31884897,2.9067988,1.0223924,0.005052588477639807,2.485888023961505,0.005045756061831939,0.0002626710659071455,1.1578257099190224e-06,2.8355491057342547e-05
580,19.333334,terminal_settle_candidate,unknown_no_ground_truth,0.5213192443998831,0.10114118504692399,0.14994556720943933,3.6319491552092875e-05,0.03701905978236711,0.31884897,2.9233944,1.073726,0.005053470719889289,2.4858807099906137,0.005046581806795584,0.0002637771485519424,-4.495957643935382e-06,3.604014194570388e-05
581,19.366667,terminal_settle_candidate,unknown_no_ground_truth,0.5213165140934051,0.10114035296250419,0.1499446667218866,0.00020016371365887231,0.03701905978236711,0.31884897,2.931633,1.0992098,0.005052290956198169,2.485824075191905,0.005045468507514345,0.00026247179993818716,-7.532769847279437e-05,0.00018544878028313588
582,19.4,terminal_settle_candidate,unknown_no_ground_truth,0.5213063390809546,0.10114185856752647,0.14994224116073185,0.0004089537868120903,0.03803937792472317,0.31884897,2.9459848,1.1436031,0.005047981726059657,2.4853216643540224,0.005041560037176151,0.00025454252725359193,-0.0001530705806319969,0.0003792263138192443
583,19.433332,terminal_settle_candidate,unknown_no_ground_truth,0.5212903011972779,0.1011442870111703,0.14993828803315706,0.0005635874696649144,0.07424293627293628,0.31884897,2.9658897,1.205173,0.005041090994903702,2.483724167332955,0.0050352639584967385,0.00024231237517501186,-0.00022047708084740463,0.0005186720474291128
584,19.466667,terminal_settle_candidate,unknown_no_ground_truth,0.5212702687136681,0.10114647856950837,0.14993266385080845,0.0005944929732295818,0.07424293627293628,0.32549688,2.9599206,1.1867095,0.005032032475853038,2.478333248819271,0.00502684917861108,0.0002283378495492431,-0.00023223852758735543,0.0005472542019239372
585,19.5,terminal_settle_candidate,unknown_no_ground_truth,0.5212522271483973,0.10114807254524558,0.14992807479336145,0.00047314983500034943,0.07424293627293628,0.32549688,2.9485414,1.1515111,0.005024465401398919,2.476074705533134,0.005019793173190167,0.00021663118023082737,-0.00017083947761975163,0.00044123082309316093
586,19.533333,terminal_settle_candidate,unknown_no_ground_truth,0.5212396718110023,0.10114909264874059,0.14992545643583377,0.00022672847802594984,0.07424293627293628,0.32549688,2.9199588,1.063099,0.0050198087480077935,2.475058782655014,0.005015460054611464,0.00020890262605420754,-7.407366470385955e-05,0.00021428694534502988
587,19.566668,terminal_settle_candidate,unknown_no_ground_truth,0.5212373934540173,0.1011484886163696,0.14992503648399713,0.00020922872625918674,0.041569982625988385,0.32549688,2.9238336,1.0750846,0.005019161639696091,2.475061996137694,0.005014843007879028,0.00020816621177216897,7.765676433426179e-05,0.00019428352180556798
588,19.6,terminal_settle_candidate,unknown_no_ground_truth,0.5212530879032058,0.1011468002271925,0.14992864505274195,0.00025000704028644037,0.041569982625988385,0.32549688,2.9155467,1.0494512,0.005025380562506514,2.4751032987334973,0.005020648941584307,0.00021802294234016175,0.00012212101713471256,0.00021815127175143638
589,19.633333,terminal_settle_candidate,unknown_no_ground_truth,0.5212528168512667,0.10114873179950166,0.14993134874109132,0.00037498868032884657,0.041569982625988385,0.32549688,3.0237753,1.3842257,0.005027619929642533,2.475118248083072,0.005022984284277731,0.00021584956992711616,7.349550611977555e-05,0.00036771581548115104
590,19.666666,terminal_settle_candidate,unknown_no_ground_truth,0.5212317051581938,0.10115595317541165,0.14993780719613858,0.0010946863078246018,0.041569982625988385,0.32549688,3.1150289,1.6664923,0.005029388487390513,2.4746350217325417,0.0050255485669184275,0.00019649467840214814,0.00016065565489251695,0.0010828332619058742
591,19.7,terminal_settle_candidate,unknown_no_ground_truth,0.5211876544378671,0.10117231528613557,0.1499543138281889,0.0019744385234947,0.29367965926165907,0.32549688,3.2463274,2.0726268,0.00503615037198864,2.4715815928555522,0.005033683055131227,0.0001576244580199478,0.0003366193337354951,0.0019455320370570625
592,19.733334,terminal_settle_candidate,unknown_no_ground_truth,0.5211155236089783,0.10119885316188132,0.14998232325095945,0.002735124627082186,0.9668096250908723,0.32549688,3.3828793,2.4950109,0.005049265597588532,2.4482694894409125,0.005048001871026777,0.00011296098928941259,0.00047082238805948204,0.002694296383951371
593,19.766666,terminal_settle_candidate,unknown_no_ground_truth,0.5210259056612102,0.10122953261817118,0.15001604684718028,0.002986309678527065,0.9668096250908723,0.32549688,3.4762666,2.783878,0.0050666664782791256,2.432997067055779,0.005065070733401638,0.00012715214412500715,0.0005505758637382064,0.0029351169847781793
594,19.8,terminal_settle_candidate,unknown_no_ground_truth,0.5209396293231114,0.10126078920555211,0.15005203458328598,0.00237591194114819,0.9668096250908723,0.32549688,3.6336658,3.2707474,0.005088438849879682,2.417185789676577,0.005084706366209542,0.00019486174173762667,0.0012348174722905006,0.0020298234805560455
595,19.833334,terminal_settle_candidate,unknown_no_ground_truth,0.5209263269686567,0.10129187503899593,0.15012230147889893,0.004118461562633728,1.1068163888173301,0.32549688,3.7927067,3.7626948,0.005151748037241224,2.420443257301369,0.005147383389853724,0.0002120190488536119,0.003495439617779343,0.0021779870342474614
596,19.866667,terminal_settle_candidate,unknown_no_ground_truth,0.5210753907276463,0.10132629790073525,0.15028154181309028,0.009966638874199829,1.1068163888173301,0.32549688,3.7236998,3.5492418,0.005318715207425488,2.4227366851354746,0.005317744709795097,0.000101600487919186,0.007282732992980527,0.006804093664968473
597,19.9,post_settle_motion_unresolved,unknown_no_ground_truth,0.5214153407389701,0.10137171755465998,0.15056497645429096,0.016728062936869383,1.2037745807691729,0.32549688,3.3922806,2.5240912,0.005638951720242206,2.426860213375813,0.005632891483585743,0.000261361889665925,0.011850068149857044,0.011806946026115595
598,19.933332,post_settle_motion_unresolved,unknown_no_ground_truth,0.521928489220136,0.10143617125658247,0.15099132564970344,0.02238914775346151,0.9668096250908723,0.32549688,2.8906329,0.97238755,0.0061507548950013825,2.4689707875927502,0.0061077371485645715,0.0007261767707850415,0.016148705454090764,0.015507844765903151
599,19.966667,post_settle_motion_unresolved,unknown_no_ground_truth,0.5225377670003103,0.10152104220336189,0.15153746847647317,0.024752346825174246,0.9287320654373546,0.3550432,2.4653769,-0.34302023,0.006831601517354994,2.5267847699666905,0.006709481379231076,0.0012859389229969349,0.018498801375642422,0.01644606399775471
600,20.0,post_settle_motion_unresolved,unknown_no_ground_truth,0.5231196155700625,0.10161633004324892,0.15211913202520527,0.022753393993118844,0.9287320654373546,0.3550432,2.3873947,-0.5842358,0.007563689827033415,2.5667041873046093,0.007341017544909386,0.0018217752893541356,0.017765732891450055,0.01421603577076769
601,20.033333,post_settle_motion_unresolved,unknown_no_ground_truth,0.5235647676810757,0.10170820640019079,0.15263798327606543,0.01755871045373727,0.7462322808666907,0.3550432,2.3172958,-0.80106664,0.008203714955172388,2.5781224812510364,0.007893845424733419,0.0022334152045990915,0.014446119272745767,0.00998087925764989
602,20.066668,post_settle_motion_unresolved,unknown_no_ground_truth,0.5238317323497733,0.10178534414378816,0.15303265701547186,0.011870297238194757,0.6387873545826155,0.3550432,2.3290143,-0.7648187,0.008667431737558488,2.586153115792156,0.008304084656118847,0.002483254104848659,0.010305912907538305,0.005890001329824083
603,20.1,post_settle_motion_unresolved,unknown_no_ground_truth,0.5239673899300206,0.10184347914227326,0.1533057469836324,0.00771495003997113,0.6101256594496067,0.3550432,2.3143787,-0.8100897,0.008970133855800172,2.598131055120417,0.008580935375324662,0.0026135893853997593,0.0069250108234688084,0.003400688050099626
604,20.133333,post_settle_motion_unresolved,unknown_no_ground_truth,0.5240464345619191,0.10188311838562705,0.15348968043166003,0.0055896013540316985,0.514551556275889,0.3550432,2.4551592,-0.37462565,0.009169485431515276,2.6036614059660184,0.008765744970621178,0.0026909437357180896,0.004942913652874028,0.002609836760647021
605,20.166666,released,unknown_no_ground_truth,0.5241406618563653,0.10191006505140254,0.15362885615693478,0.00528175322336669,0.514551556275889,0.7384435,2.322085,-0.78625286,0.009333973947132888,2.606627222559727,0.008910457903117713,0.0027797139425708144,0.004279160054047745,0.0030960791889721602
606,20.2,released,unknown_no_ground_truth,0.5242674558487663,0.10193377467503764,0.15375903896315693,0.006413802842227231,0.6101256594496067,0.7384435,2.3727233,-0.62961733,0.009503398119877849,2.6099121702475294,0.009051013584632879,0.002897193282418163,0.0047770934667619395,0.004279748229602123
607,20.233334,released,unknown_no_ground_truth,0.5244501598003523,0.1019578243160967,0.15392004016956118,0.008694913227847136,0.6101256594496067,0.7384435,2.3532245,-0.6899314,0.009724231263603417,2.621601721852212,0.009228945237307886,0.0030638608771963154,0.006303095999135298,0.005989365314077586
608,20.266666,released,unknown_no_ground_truth,0.5247027929772209,0.10198639800602712,0.15413812841299485,0.01063883861590814,0.7070331225781649,0.7384435,2.352445,-0.69234294,0.010027327167068186,2.6376907808462664,0.009471213546117059,0.0032929324437759823,0.007704790072540038,0.007336286324389656
609,20.3,released,unknown_no_ground_truth,0.5249840101597272,0.10201976082142167,0.1543828535125576,0.012927547919957236,0.9212440905445287,0.7384435,2.3633616,-0.65857524,0.010368785832369687,2.6579038648598026,0.009742590038556237,0.0035487545671932766,0.009416078209175992,0.008857706609584206
610,20.333334,released,unknown_no_ground_truth,0.5253475477524152,0.10206283792405246,0.15470486376609016,0.01661098646906012,1.4338984617143828,0.7384435,2.4262483,-0.46405315,0.010818460596248646,2.6933465108158754,0.010098953001486376,0.0038794636158048876,0.01219190204706703,0.011281950006537927
611,20.366667,released,unknown_no_ground_truth,0.5258051813221719,0.10212151954998883,0.1551188828339826,0.02056061440057111,1.605121984312935,0.7384435,2.3708558,-0.63539404,0.0113966417670577,2.736497873021412,0.010555401037585512,0.004297319222769325,0.015199114433189168,0.013846508042672448
612,20.4,released,unknown_no_ground_truth,0.5263563161938312,0.10218892882282694,0.15562424896259075,0.02361593216877055,1.605121984312935,0.7384435,2.428994,-0.45556036,0.012104305315451782,2.769796690045932,0.01111221177150925,0.004799266268379525,0.01767679259479754,0.01566024443488934
613,20.433332,released,unknown_no_ground_truth,0.5269556943619571,0.10224036220756955,0.15618698457581565,0.023216599732673197,1.874227112794048,0.8587781,2.4866786,-0.27712935,0.012890459801817482,2.83111394663743,0.011733835820828018,0.0053367640787396285,0.018313598043455878,0.014269640144372606
614,20.466667,released,unknown_no_ground_truth,0.5274323634974909,0.10224124789613159,0.15673552920283051,0.018688794137879206,1.8929683577862844,0.8587781,2.4407575,-0.4191731,0.013604922896724403,2.8377537479968638,0.012333120896045893,0.005743522959763638,0.01674068630825612,0.008307854612148332
615,20.5,released,unknown_no_ground_truth,0.5276411211265501,0.10217825781613409,0.15722562821261238,0.014183464310717984,2.2697183308085456,0.8587781,2.3657644,-0.6511429,0.014132237981361968,2.842720026536974,0.012849913739193398,0.005882165184448538,0.014151903673675595,0.000945664985297667
616,20.533333,released,unknown_no_ground_truth,0.5275234219194792,0.10204852235863468,0.15765674017431058,0.016103786451835633,2.6719369686561456,0.8587781,2.239854,-1.0406103,0.014447034831829372,2.846487203258857,0.013276566685134624,0.005696454378581868,0.010996199703063042,0.011765012969677557
617,20.566668,released,unknown_no_ground_truth,0.5269828888959465,0.10186070510466387,0.158012117831139,0.024902869114415416,7.514444412889999,0.8587781,2.2734172,-0.9367924,0.01450903462705351,2.746383861656497,0.013582984086904155,0.005100453813529371,0.008551164460829009,0.023388682658361935
618,20.6,released,unknown_no_ground_truth,0.5260786356312511,0.10164376383132072,0.15836732230007056,0.032639645863716746,10.316792058687664,0.8587781,2.4615836,-0.35475352,0.014457648079813742,2.582516088564371,0.013846666975345501,0.004158533596547984,0.00900972753452818,0.031371504456471425
619,20.633333,released,unknown_no_ground_truth,0.5250115312777712,0.10141156744101909,0.15881632716867206,0.03399701562872257,10.316792058687664,0.8587781,2.4539504,-0.37836468,0.014512275804930511,2.4499070518644723,0.01418362338599005,0.003070989528273862,0.013423233259353594,0.03123481840069813
620,20.666666,released,unknown_no_ground_truth,0.5241554755433026,0.10114456208113495,0.15945772192781965,0.030342350924729942,10.316792058687664,0.86942226,2.2954822,-0.8685408,0.014901555747342296,2.3644375984695722,0.01474153548113178,0.0021779566914158425,0.02117201321683767,0.02173485946551096
621,20.7,released,unknown_no_ground_truth,0.5238038658618926,0.10081316871201675,0.1603247752817818,0.030896738172798154,10.316792058687664,0.86942226,2.2385871,-1.0445293,0.01568571911566993,2.368242277254059,0.015595114076965138,0.0016835085690713812,0.029604091201439087,0.008843427720930356
622,20.733334,released,unknown_no_ground_truth,0.5240330928089199,0.10040322000933956,0.16137559409927354,0.03822608262764703,6.0739583630599805,0.86942226,2.4171836,-0.49209213,0.01679328846635703,2.399003405850053,0.01671516544309822,0.001617956032818964,0.0359503556679591,0.012992510165589242
623,20.766666,released,unknown_no_ground_truth,0.5247765791147718,0.09993302450696845,0.16250957429498764,0.045942590698574926,4.154281590638111,0.86942226,2.2985952,-0.8589116,0.018109290010795767,2.421333811521258,0.017991767732421383,0.0020597763368162547,0.038686018560232675,0.024781315704661775
624,20.8,released,unknown_no_ground_truth,0.5258824164714409,0.09943975741189046,0.16361890402223603,0.048559234704946996,3.787348799276459,0.86942226,2.1914454,-1.190349,0.019518950221758792,2.4411387557735313,0.019294193830293394,0.002953557549560543,0.037125654473530015,0.03129992100696405
625,20.833334,released,unknown_no_ground_truth,0.5270603607914339,0.09896309869361733,0.16458891828905012,0.04419991215010675,3.0170680093291113,0.86942226,2.2247632,-1.0872898,0.020851939673541306,2.4613851430556752,0.02046682413396841,0.003989047256954251,0.031782240726661685,0.030716793590309543
626,20.866667,released,unknown_no_ground_truth,0.5280828641626732,0.09853030123001104,0.16535505205664316,0.036500884398693284,3.0170680093291113,0.86942226,2.30346,-0.843864,0.02197057195913907,2.47871814796452,0.021413064185412257,0.00491799902431089,0.025348677926969543,0.02626326501487464
627,20.9,released,unknown_no_ground_truth,0.5289092967622911,0.09815498940249678,0.16594892260764738,0.032118565506768025,3.366248441054948,0.86942226,2.3125508,-0.8157439,0.02287400402631546,2.496780228284994,0.022156710102712793,0.005683331559942715,0.022036820121608763,0.02336623224100129
628,20.933332,released,unknown_no_ground_truth,0.5297254608209624,0.09782199865873836,0.16653188767632773,0.03564522697682814,3.366248441054948,0.86942226,2.280316,-0.91545266,0.023771178226346213,2.518181887867629,0.02288216301678085,0.00644014983848846,0.02602889633129067,0.024353208454011142
629,20.966667,released,unknown_no_ground_truth,0.5306857340710107,0.09750814865084018,0.1673887102337099,0.0444905071940105,3.366248441054948,0.86942226,2.5300095,-0.1430976,0.02498123423615828,2.549031588009361,0.023891996196627095,0.007296203238819692,0.03587437064493487,0.02631415514908536
630,21.0,released,unknown_no_ground_truth,0.5317480125989391,0.09721266303761765,0.16861410795321596,0.05427484915784548,3.366248441054948,0.86942226,2.633286,0.17635867,0.026569035360213957,2.5946215343530694,0.025273811670935446,0.00819439342443277,0.04818536473950779,0.024978588351375664
631,21.033333,released,unknown_no_ground_truth,0.5327469564257377,0.09696242169189201,0.1703119629817952,0.06558996003296153,4.250813148871554,0.86942226,2.4866765,-0.277136,0.02854522476643942,2.6728374588563018,0.027104304625757823,0.008954693055636787,0.06288754537390216,0.018633289939537966
632,21.066668,released,unknown_no_ground_truth,0.5335090773668252,0.09678370765762531,0.1725934765349857,0.07818609793676415,4.551842833123819,0.86942226,2.2000563,-1.1637133,0.030926688548420275,2.6913677670869287,0.02946638780291658,0.009391062475519945,0.07744259919940065,0.010756846183629555
633,21.1,released,unknown_no_ground_truth,0.5339716812063928,0.09665691037656467,0.1753692903504397,0.08881562687084524,4.551842833123819,0.86942226,2.3446624,-0.71641576,0.03362620739699746,2.710569353431622,0.032267202125222993,0.00946305927889558,0.08833152423105274,0.009260529330451241
634,21.133333,released,unknown_no_ground_truth,0.5341712250506354,0.09652589946350011,0.17847163585013542,0.09491666820560998,4.633439179897968,0.86942226,2.306254,-0.8352215,0.036542403309882336,2.7369694233699353,0.035355065856498426,0.0092394024668676,0.09405838201399837,0.012735567367125921
635,21.166666,released,unknown_no_ground_truth,0.5341491191442134,0.09628764252347605,0.18168369475018997,0.09644166080125958,4.633439179897968,0.87291604,2.2095456,-1.1343609,0.039528160207320584,2.726905408298272,0.0385376648478229,0.00879339737828772,0.09538000898860932,0.014270522885935751
636,21.2,released,unknown_no_ground_truth,0.5340582685945203,0.09573080908835728,0.18485080529468095,0.0949582326501839,4.843861850024023,0.87291604,2.425466,-0.46647283,0.042530258800789277,2.7371596144618158,0.041713803757367066,0.008293460662111033,0.09353092776975826,0.016402179689746003
637,21.233334,released,unknown_no_ground_truth,0.5340807557027645,0.09471696765756002,0.1878160192081128,0.09076433653654353,5.04180610879625,0.87291604,2.3739386,-0.6258584,0.04547658262306247,2.7596650351177123,0.044773164450252645,0.007967641569677978,0.08652492408340251,0.02741536611611016
638,21.266666,released,unknown_no_ground_truth,0.534244098770225,0.09315822158466319,0.19032439683942848,0.08622862861082896,7.327161159545305,0.87291604,2.2502284,-1.0085204,0.0481531855579849,2.795972132871672,0.047482043646503345,0.008011542331740977,0.07442341303310293,0.0435491904012972
639,21.3,released,unknown_no_ground_truth,0.5344860451280917,0.09112647491387293,0.1922869483029729,0.08434394965725828,7.8782497827130715,0.87291604,2.3478649,-0.70650995,0.050470495750929385,2.849730439867543,0.04973464929743272,0.008586943612599082,0.06185516406242394,0.0573396941271641
640,21.333334,released,unknown_no_ground_truth,0.534759247584582,0.08877521307012157,0.19380892926602997,0.08310992660571455,7.8782497827130715,0.87291604,2.3493268,-0.7019877,0.05251665409850597,2.9021234562318075,0.05160573984700594,0.009738920502050868,0.052125584641257806,0.06473162539450347
641,21.366667,released,unknown_no_ground_truth,0.5350747545111415,0.08635598743140159,0.19504298302322387,0.07878822989153172,7.8782497827130715,0.87318933,2.1911762,-1.1911815,0.05439718757878622,2.961159258730853,0.05320976494183517,0.011303757398153178,0.046680538355565224,0.06347056410869102
642,21.4,released,unknown_no_ground_truth,0.5354217644706671,0.08414910248967546,0.1962065518899065,0.07202390136922854,7.6731362319341425,0.87318933,2.4884183,-0.27174798,0.056223990273647835,3.023001514859767,0.05471772805435045,0.012926999607851632,0.04743627490665605,0.05419633005494483
643,21.433332,released,unknown_no_ground_truth,0.5357173544529524,0.08233313605733114,0.1975843065061627,0.06924081603286185,7.327161159545305,0.87318933,2.5028017,-0.2272573,0.05814837345586788,3.104546713684318,0.056372134813952694,0.014262389423957796,0.05516273541479376,0.041849291827390306
644,21.466667,released,unknown_no_ground_truth,0.5358422547850721,0.08085245456532134,0.19941026653420002,0.0750477430500152,6.789802965838241,0.87318933,2.596995,0.06410321,0.06033927003075602,3.201587999876026,0.05839529887979014,0.01519264876789009,0.06785264403456173,0.032065283944168646
645,21.5,released,unknown_no_ground_truth,0.5358463124785797,0.07959897485816556,0.20177240152737852,0.08737069780024517,4.582677244509521,0.87318933,2.8273234,0.776558,0.06291316916679464,3.2820619303902454,0.0608956929617613,0.015804475104115794,0.08292736000112765,0.02750803150618275
646,21.533333,released,unknown_no_ground_truth,0.5358291883263692,0.07836839499344173,0.20467861744785565,0.10139328854619449,4.582677244509521,0.87318933,2.610682,0.1064397,0.06597321944003245,3.2820619303902454,0.06392370483826501,0.016316422494929796,0.09746259159959175,0.027957864741482732
647,21.566668,released,unknown_no_ground_truth,0.5358907105367821,0.07697005087521486,0.2079997425027677,0.11338270001029667,4.582677244509521,0.87318933,2.582036,0.017831521,0.06949574305188436,3.2820619303902454,0.06739329564820228,0.016964728232645918,0.10841645040676066,0.033189003341819914
648,21.6,released,unknown_no_ground_truth,0.5361230889234287,0.07520730845598216,0.21153855189880094,0.12313435183444249,4.582677244509521,0.87318933,2.1067727,-1.4522597,0.07339261756727807,3.2820619303902454,0.07115156426411794,0.017998089235966932,0.114634760431518,0.04495486961939434
649,21.633333,released,unknown_no_ground_truth,0.5365017060435586,0.07290706241149558,0.21510633914173893,0.1298632968851701,5.572085895582732,0.87318933,2.2536337,-0.997987,0.07755272841892222,3.1935406551235643,0.07503549591370363,0.019598470302645332,0.11467079371761862,0.06095149666790134
650,21.666666,released,unknown_no_ground_truth,0.5369562609360531,0.07007280703934143,0.2184590756401728,0.13361038062778116,7.186835089548648,0.87318933,2.0509372,-1.6249708,0.0817523227133887,3.0160050373396348,0.07879616671188555,0.021785462596575492,0.10890557999889205,0.07740354292024033
651,21.7,released,unknown_no_ground_truth,0.5373913617819998,0.06674297594268139,0.22147467027807807,0.1362672246097134,7.861599460199691,0.87318933,2.5373383,-0.12042821,0.08587117702006332,2.7872239610607474,0.08229593362848178,0.02452016213297887,0.09916016658456205,0.09346666713730617
652,21.733334,released,unknown_no_ground_truth,0.537698195153209,0.06294386973838804,0.22404099803795333,0.13880227534098766,9.594594977574156,0.87318933,2.5357006,-0.12549396,0.0898102513753628,2.4797679253361773,0.08540697193330007,0.027776436007708946,0.08663513370068304,0.1084454943669866
653,21.766666,released,unknown_no_ground_truth,0.5379203266534649,0.0587485481910502,0.22610432277029682,0.13949441212125208,10.567300017765646,0.87318933,2.1830423,-1.2163414,0.09353888858710012,2.1767879044776257,0.08807152071286037,0.031510806359630605,0.073703517508084,0.11843345186217141
654,21.8,released,unknown_no_ground_truth,0.5381699091095177,0.05441607703119365,0.22771994604870482,0.13768406217807563,10.567300017765646,0.87318933,2.3650405,-0.6533819,0.09704004971961032,1.9211276836897817,0.09032046448083457,0.035482177858056366,0.06331245451063432,0.12226378892253853
655,21.833334,released,unknown_no_ground_truth,0.5385317428704858,0.05007200336001122,0.22903668428400234,0.13667571031308526,10.567300017765646,0.87318933,2.5041587,-0.22305956,0.10040844362735969,1.6950092150180562,0.0922923744290656,0.03954710070174331,0.05767146566854707,0.12391227476415724
656,21.866667,released,unknown_no_ground_truth,0.538993783721323,0.0456969859868952,0.23023476235905893,0.1357315329975284,10.567300017765646,0.87321895,2.582366,0.018852193,0.10380447089960876,1.44759884775433,0.09416530332499659,0.04368367920012128,0.05623128934426315,0.12353578893802758
657,21.9,released,unknown_no_ground_truth,0.5394151435993209,0.04139659328720531,0.23145217017310143,0.1315588828355662,10.544903790178275,0.87321895,2.4829304,-0.2887233,0.10725297112090394,1.253260691288582,0.0960410696131318,0.04774214869302624,0.057086414644175174,0.11852797524641823
658,21.933332,released,unknown_no_ground_truth,0.5396133161561729,0.03732954752048281,0.2327887950878676,0.12530328907717186,10.531121963692549,0.87321895,2.5520306,-0.07498177,0.1106950465648831,1.1455485195152957,0.09797100598890067,0.05152742298547859,0.059836480777837195,0.11009318699029846
659,21.966667,released,unknown_no_ground_truth,0.5395069269931354,0.033558981530350314,0.23434126641447733,0.12046423712408423,9.6208841751639,0.87322634,2.3540313,-0.68743575,0.11413341792975942,1.148035692136671,0.10003021141900358,0.054958110336860905,0.06431840073144848,0.10185664314729993
660,22.0,released,unknown_no_ground_truth,0.5391756842683668,0.030041335319409966,0.23613371006315087,0.11623302039274194,9.6208841751639,0.87322634,2.2811475,-0.9128811,0.11760726784153872,1.2095326320036903,0.10225896487910978,0.05809107978859078,0.06799107439823632,0.09427263034302723
661,22.033333,released,unknown_no_ground_truth,0.5387871597331505,0.026793866299620397,0.23805048016865102,0.11666976573073645,10.39876846959352,0.87322634,2.6356902,0.18379542,0.12102961349990192,1.273826948619323,0.10456288026100223,0.06094892464563219,0.0735705040160166,0.0905495178037642
662,22.066668,released,unknown_no_ground_truth,0.5383709571325863,0.023501642159677726,0.2402669436985207,0.12285353707985215,10.39876846959352,0.87322634,2.5133417,-0.1946548,0.12472621453809819,1.4055009633755686,0.10716372967778029,0.0638166407338347,0.08160260011896356,0.0918368511375207
663,22.1,released,unknown_no_ground_truth,0.5379335463362027,0.02011627502701269,0.2427155354757035,0.13246615774558673,9.22928353248015,0.87322634,2.8224504,0.7614846,0.12867300309107588,1.6279877130742328,0.11000313101724844,0.06675367323884206,0.0895620592162754,0.09760082221384739
664,22.133333,released,unknown_no_ground_truth,0.5373209567920363,0.016420893326686656,0.24543860006736568,0.14487322431863076,10.39876846959352,0.87322634,2.6644554,0.27277234,0.13301972075996818,1.8949936026468908,0.1131344421400823,0.06996316254081346,0.09678604695463817,0.10779940741660356
665,22.166666,released,unknown_no_ground_truth,0.5364173902234048,0.012418201612232171,0.24834751505145672,0.1595627507717225,10.471750783279655,0.87322634,2.05091,-1.6250548,0.13769036166857374,2.2020950361927425,0.11645543528298143,0.0734626931814643,0.10465583808113076,0.12044678073479162
666,22.2,released,unknown_no_ground_truth,0.5351601606797194,0.008011353294101556,0.25158441671769083,0.1724897118634287,12.343337847159932,0.87322634,2.2331078,-1.061478,0.14285915197369717,2.405610424538124,0.12011159174483453,0.0773430205717756,0.1130154358209653,0.13030814235851088
667,22.233334,released,unknown_no_ground_truth,0.5336658566391639,0.0034981383046951446,0.25506309001854266,0.18091280648701474,12.343337847159932,0.87322634,2.694127,0.36455315,0.14828883133755102,2.844097462450193,0.12398990483467412,0.08133929553755125,0.12041770509076803,0.13501488751867646
668,22.266666,released,unknown_no_ground_truth,0.5320263413296001,-0.001112585964469171,0.25882269307588535,0.18699202020350425,13.574756240780966,0.87322634,2.699566,0.38137653,0.15401429789276327,3.305310827770629,0.1281393157471496,0.08544424916431258,0.12691347203846404,0.13732802421548831
669,22.3,released,unknown_no_ground_truth,0.5303486996902717,-0.005737881045330882,0.26275023305008816,0.1934320203345988,14.183612412036474,0.87322634,2.4370332,-0.43069327,0.15990398707625542,3.767525987291032,0.13245067333156876,0.08958852726157138,0.13298524987728425,0.14046661455947787
670,22.333334,released,unknown_no_ground_truth,0.5285887817918751,-0.010552094104418545,0.2669082866625081,0.19766988855350534,14.183612412036474,0.87322634,2.2139297,-1.1208001,0.16611660899560235,4.145149661089176,0.13700511184706018,0.09393788965040872,0.1362354499081182,0.14322460343491208
671,22.366667,released,unknown_no_ground_truth,0.5267708311647232,-0.015325642194366478,0.27105311896153217,0.19728939845664212,14.183612412036474,0.87322634,2.7994611,0.6903739,0.17231855192350323,4.607935307547074,0.1415331797754823,0.09829568840826175,0.13454858453407906,0.1442906273576336
672,22.4,released,unknown_no_ground_truth,0.5249046695797726,-0.020152835143834633,0.2751082484349467,0.19505031085429594,13.234319247340052,0.87322634,2.159074,-1.2904803,0.17851755667143246,5.043027075528865,0.14597488004458203,0.10276114263625132,0.12988369757873897,0.14551580281066437
673,22.433332,released,unknown_no_ground_truth,0.5231216794413619,-0.025016262279239303,0.27891807981885486,0.19213771952384112,13.219227519026855,0.87322634,2.245913,-1.0218687,0.18459066247634684,5.372350754096915,0.1501919602743826,0.10731303621832196,0.12487789244289421,0.14602196835696737
674,22.466667,released,unknown_no_ground_truth,0.5215924769267617,-0.030030178907628633,0.2825612235047211,0.1897948601681785,13.234319247340052,0.87324107,2.898098,0.9954788,0.1906723945738688,5.735819620403878,0.15430015721290133,0.11201528260289773,0.12119237669705013,0.14606333139011562
675,22.5,released,unknown_no_ground_truth,0.5204594157887011,-0.035161466973965314,0.28599550143637065,0.18740953566533242,13.234319247340052,0.87324107,2.0987675,-1.4770213,0.19670489541034944,6.058943427866145,0.15827158910916628,0.11680291074821617,0.11712041468810497,0.14630496410437285
676,22.533333,released,unknown_no_ground_truth,0.5196825690196005,-0.04042383260124062,0.28922595858229166,0.18421673432482646,13.219227519026855,0.87324107,2.497498,-0.24366254,0.20269758859495246,6.312921963544313,0.16210806522314025,0.12168519881981829,0.11190109806983056,0.1463350588754105
677,22.566668,released,unknown_no_ground_truth,0.5191858465855848,-0.045681414036970305,0.29220341239262115,0.17749712728037345,13.116820127389122,0.87324107,2.336964,-0.74022895,0.20851986092191419,6.54685787097998,0.16573172840951034,0.1265445636813006,0.10514138166363787,0.14300531477762052
678,22.6,released,unknown_no_ground_truth,0.518831590297129,-0.050746480773884634,0.2949484023379856,0.16825692214551405,13.116820127389122,0.87324107,2.5765955,0.0010029724,0.21405409980387524,6.669555310945672,0.16911761986959625,0.13121885646693512,0.09936762640647359,0.13578095106540192
679,22.633333,released,unknown_no_ground_truth,0.518576301669982,-0.05550963488408474,0.29757506372159714,0.15794706179500712,10.838676070059934,0.87324107,2.4386537,-0.42568064,0.21930045464242867,6.701128301489997,0.17235613533501215,0.13559517697453288,0.0970616569465566,0.12460461099198843
680,22.666666,released,unknown_no_ground_truth,0.5185294371936715,-0.05985026909960641,0.30023074260625926,0.147013575217462,10.838676070059934,0.87324107,2.4232743,-0.47325248,0.2242692325050724,6.695199338821932,0.17558829785326166,0.13951859483742118,0.09790431166053955,0.10967104019063693
681,22.7,released,unknown_no_ground_truth,0.5187880624091848,-0.06367857797806738,0.3029864552148388,0.13897940294792402,10.838676070059934,0.87324107,2.744493,0.52034575,0.2289385764694953,6.678749423999977,0.17888315799354143,0.1428764766577642,0.10072214728426007,0.09576180600954254
682,22.733334,released,unknown_no_ground_truth,0.5193921991723197,-0.06714470683467479,0.3058783332047492,0.137240495948734,10.823168418895825,0.87324107,2.624855,0.15027991,0.23343931909931295,6.693703323057368,0.1823032129695528,0.145806221549455,0.10424250496976754,0.08926619677057189
683,22.766666,released,unknown_no_ground_truth,0.5202931810819242,-0.07053541014331821,0.3088538916787411,0.13501864553712303,9.738875140855406,0.87324107,2.4954934,-0.24986327,0.23794456528908747,6.745474472899259,0.1858325518436938,0.148606456205219,0.10258610219920748,0.08778454464342247
684,22.8,released,unknown_no_ground_truth,0.5213408130928376,-0.07381165630506331,0.31160324210232804,0.12687272320966497,9.738875140855406,0.87324107,2.1522696,-1.3115278,0.2422151948664663,6.840916978498664,0.18914218166030936,0.1513057690274194,0.09198969727512354,0.08737610365464571
685,22.833334,released,unknown_no_ground_truth,0.52229655184947,-0.07704001376589922,0.31387571233982225,0.11469292874449168,9.738875140855406,0.87324107,2.1881785,-1.2004539,0.2461276441271314,6.967947599882339,0.19196522936605287,0.15403950116126242,0.07447094073036584,0.08722698487694841
686,22.866667,released,unknown_no_ground_truth,0.5229377437458432,-0.08018973107889998,0.31550664463785993,0.10153405029340913,7.2463848727618165,0.87324107,2.386704,-0.58637226,0.24954556919550683,7.083585733246019,0.194107039828771,0.15682936011481202,0.05350994923044115,0.08628933133557208
687,22.9,released,unknown_no_ground_truth,0.5231761150207606,-0.083226888918302,0.316476874440657,0.09104292830117956,4.434269871756835,0.87324107,2.3924727,-0.56852823,0.252432411488803,7.161090793537166,0.19553250465564648,0.15965325550436477,0.03386323987439412,0.0845109210626826
688,22.933332,released,unknown_no_ground_truth,0.5230732441298261,-0.08609257034471367,0.316912409983761,0.08435567702123933,3.6323759259937423,0.87324107,2.148419,-1.3234389,0.25483559084941687,7.19834885911343,0.19636455456326057,0.16242579867355952,0.01989254472824019,0.08197662416778706
689,22.966667,released,unknown_no_ground_truth,0.5227482132065127,-0.08880443212013803,0.31705543557831267,0.07919322322641968,3.6323759259937423,0.87324107,2.162706,-1.2792462,0.2569368560526416,7.2054898348822105,0.19685864907727374,0.16511577841528852,0.014519951233210721,0.07785073937461814
690,23.0,released,unknown_no_ground_truth,0.5223862002978095,-0.09131871994602511,0.3172121523704133,0.07246511278503158,3.6323759259937423,0.87324107,2.4659896,-0.3411249,0.25891118651470335,7.209033486323225,0.19733258909787915,0.16761518959324392,0.01848155593821161,0.07006871385326052
691,23.033333,released,unknown_no_ground_truth,0.5221995750350616,-0.09356387312049211,0.31767562585543063,0.06486135142722843,3.6323759259937423,0.87324107,2.6908708,0.35448065,0.2608973718285912,7.219276114108435,0.1980907339280312,0.1697866300947166,0.030161723311268783,0.05742181951019049
692,23.066668,released,unknown_no_ground_truth,0.5223577900645616,-0.09539320132420495,0.3186598544443084,0.06180420786601975,4.888966040015155,0.87324107,2.9113967,1.0366147,0.2629216819865836,7.244678583822996,0.19934340209200022,0.17143517404850542,0.04566601512886852,0.04164583018978166
693,23.1,released,unknown_no_ground_truth,0.5229013123737484,-0.09673091418553936,0.3202162441735439,0.06664182209236269,6.286358960480979,0.87324107,2.7966633,0.68171954,0.2649585304173341,7.315044051372487,0.20113516867874903,0.17247511925342887,0.06074020105229996,0.027418249906153748
694,23.133333,released,unknown_no_ground_truth,0.5237707910258181,-0.09754093297558485,0.32228317317531296,0.07628580068645101,7.26562994050848,0.8732559,2.7909448,0.6640311,0.2669439702854579,7.428285372466531,0.2033926867841927,0.17288868741034136,0.07347285574804738,0.0205246889038434
695,23.166666,released,unknown_no_ground_truth,0.5248032023086079,-0.09789390506355737,0.3247872421699556,0.08501918504932664,7.26562994050848,0.8732559,2.6160915,0.12317237,0.26889008140029336,7.580397291640937,0.2060332840112297,0.17277778142748662,0.08262189350477497,0.020047058141714213
696,23.2,released,unknown_no_ground_truth,0.5257413806345026,-0.09791553637175585,0.32758437314774597,0.0892709389933443,7.26562994050848,0.8732559,2.5280223,-0.14924449,0.27080042724914105,7.741087777813546,0.20890087548374342,0.1723174269203289,0.08724003190408554,0.01893349894043722
697,23.233334,released,unknown_no_ground_truth,0.5263860717470914,-0.0977956874985085,0.3305235497478266,0.09232389742715373,7.26562994050848,0.8732559,2.451669,-0.3854216,0.27271564772672546,7.8979062968145435,0.21184938375534448,0.17173719200420223,0.09068069854335435,0.01734107689357553
698,23.266666,released,unknown_no_ground_truth,0.52670380499566,-0.09766537320506347,0.33365834359616076,0.09600098336329539,3.825066079222524,0.8732559,2.6240234,0.14770758,0.2747695535035287,7.985604754145932,0.21494616275852135,0.17116207128892716,0.09428862606827548,0.01805114403234993
699,23.3,released,unknown_no_ground_truth,0.5268132513843625,-0.09759230166492255,0.33690600505091917,0.09919726564858211,3.825066079222524,0.8732559,2.868485,0.9038794,0.27695874321428626,8.050810709627626,0.21813519584637417,0.17065515455415037,0.09754220171777248,0.018044844033816253
700,23.333334,released,unknown_no_ground_truth,0.5268931049760132,-0.0976271379870246,0.34026874794343726,0.1009151260965452,3.825066079222524,0.8732559,2.5816405,0.01660804,0.27932549593677813,8.09829439681233,0.2214490454086656,0.17024409818821276,0.09981536829581314,0.01485782376570668
701,23.366667,released,unknown_no_ground_truth,0.5270726113744761,-0.0977965883571949,0.3436256863548635,0.09875973755382654,3.825066079222524,0.8732559,2.3845189,-0.5931313,0.2818062036179496,8.173814455543482,0.22478966642596782,0.16995394160084498,0.09835819218839907,0.008896729237795725
702,23.4,released,unknown_no_ground_truth,0.5274441508258182,-0.09808061779358793,0.34681383784054953,0.092315494422241,4.1592931693317325,0.8732559,2.2374551,-1.0480309,0.28427055410553803,8.283507412382882,0.22800615775074146,0.1697732015343224,0.09219967105406252,0.0046228960560970025
703,23.433332,released,unknown_no_ground_truth,0.527995474923801,-0.09841574434327618,0.3496787874233094,0.08070196956523752,4.373160392928962,0.8732559,2.8131578,0.7327406,0.28655942050948324,8.443985170750732,0.23093621698319972,0.16966073549357072,0.0803827025760858,0.00717140281068176
704,23.466667,released,unknown_no_ground_truth,0.5285971894961934,-0.09875327175236359,0.35202574937621234,0.06347117720031535,4.791334827395369,0.8732559,2.5440352,-0.09971315,0.28849123006646804,8.610676293432336,0.23336502190189856,0.16961119178282497,0.06284548547986721,0.008890179412904431
705,23.5,released,unknown_no_ground_truth,0.5291177732784554,-0.09909023448849419,0.35370264189579326,0.04478160711204438,5.0754955423128365,0.8732559,2.2915475,-0.8807115,0.2899453963063509,8.744035112460955,0.2351260361656448,0.16965871612233424,0.0438623337250681,0.009027071270808555
706,23.533333,released,unknown_no_ground_truth,0.5294941783868259,-0.09946089551016389,0.3547838757776478,0.027538686913922365,5.356408581725228,0.8732559,2.3457475,-0.7130595,0.290992453629452,8.87139660950793,0.23628913267927026,0.1698353727789561,0.025842964965591443,0.00951422297038765
707,23.566668,released,unknown_no_ground_truth,0.5296813786549315,-0.09986167179449651,0.3552703374403068,0.015485406791179759,6.8971528932979,0.8732559,2.3396568,-0.73189914,0.29162646517542445,9.06748978114479,0.23684886298390898,0.1701429143218799,0.010235632982254429,0.01162022551161988
708,23.6,released,unknown_no_ground_truth,0.5295778036359717,-0.10032678398842174,0.35533984632417404,0.01693404233060732,8.908084542538456,0.8732559,2.308475,-0.82835114,0.29199548787180085,9.320081460956603,0.23697156843541137,0.1706043396011724,8.660122888126502e-05,0.016933820888445607
709,23.633333,released,unknown_no_ground_truth,0.5291438420792652,-0.10085186955576667,0.35519948117321043,0.02288145259067903,9.277555002309683,0.8732559,2.273467,-0.93663824,0.2922455107663511,9.586760366827278,0.23685463631070666,0.17119380777705803,-0.0009484981219748233,0.02286178523151905
710,23.666666,released,unknown_no_ground_truth,0.5284491564812718,-0.10135065334298665,0.3552711946668319,0.02854497595590606,9.656663141466806,0.8732559,2.4467204,-0.40072873,0.29262377966089215,9.737040556554907,0.23690833619614735,0.1717647130926477,0.008009079824431045,0.027398362956372897
711,23.7,released,unknown_no_ground_truth,0.5275738381321116,-0.10173095769990262,0.3558190848679204,0.040493979074033126,9.656663141466806,0.8732559,2.7050931,0.39847353,0.29325925770856925,9.839479743081448,0.23738858040354183,0.1721849416347789,0.026403248103238696,0.03070229357632838
712,23.733334,released,unknown_no_ground_truth,0.5266718422317928,-0.10196823552810369,0.35720705885447634,0.06355049028726158,9.656663141466806,0.8732559,2.9583752,1.1819291,0.29440240987451155,9.867813702435658,0.2386685566887747,0.1723661770418345,0.05377099422306551,0.03387248139735828
713,23.766666,released,unknown_no_ground_truth,0.5258073927764881,-0.10207011886268774,0.35965493051990516,0.09135433408401876,9.316791355461001,0.8732559,3.2986124,2.2343554,0.2962246943155191,9.809149631601645,0.2409732584259927,0.1722816248062529,0.08370739887269936,0.03658805447002231
714,23.8,released,unknown_no_ground_truth,0.5250841535458891,-0.10209775997355536,0.3630852346580469,0.11599173359796655,9.316791355461001,0.87327063,3.0082471,1.3361937,0.2987260880724064,9.76204053594777,0.24424896444189712,0.17198755496867787,0.1103516154808475,0.03572958471391486
715,23.833334,released,unknown_no_ground_truth,0.5246580305638581,-0.10209732461722071,0.3673018994201215,0.1307021134932414,7.032243719564094,0.87327063,2.1578543,-1.2942532,0.30181107527453865,9.74544516167135,0.24833015076892556,0.17152860221390467,0.1269502074087453,0.03109159549583633
716,23.866667,released,unknown_no_ground_truth,0.5245443838013346,-0.102113305718292,0.37178208363524756,0.13051627488120793,6.568263924854555,0.87327063,3.1794183,1.8656627,0.3051345219138889,9.752770523000896,0.2527124344444643,0.1710073154598069,0.12814879488513242,0.024746401321309227
717,23.9,released,unknown_no_ground_truth,0.5246940884186022,-0.10212402854210018,0.37600273539982454,0.11625841790635201,4.640340149584948,0.873278,2.4040391,-0.53275084,0.3082928082284565,9.752770523000896,0.25687327286041267,0.17047163193730458,0.11474426491951809,0.018702229871527233
718,23.933332,released,unknown_no_ground_truth,0.5250232965878668,-0.10211355900218358,0.3795177155081633,0.08942217289631893,3.4832427034564075,0.873278,2.228758,-1.0749326,0.3109325283641352,9.767411366415246,0.26036193489730947,0.1699726450092571,0.08824093647141643,0.014486619210381944
719,23.966667,released,unknown_no_ground_truth,0.5253815278134419,-0.10203084972052803,0.38192370286938826,0.05697226262366144,3.4832427034564075,0.873278,2.587595,0.035026595,0.31270228515918747,9.782464283697982,0.2627559905682387,0.16953468248202622,0.055507540886899284,0.012835560492189455
720,24.0,released,unknown_no_ground_truth,0.5255931055627612,-0.10181041103545405,0.3832607654590253,0.02818987456814595,3.4832427034564075,0.873278,2.3941903,-0.56321543,0.3135763757939526,9.782464283697982,0.2640625770064018,0.1691185941308888,0.024863615989798176,0.013284187144106882
721,24.033333,released,unknown_no_ground_truth,0.5254360620214689,-0.10141417963644687,0.38369810365401097,0.01812209703356752,4.640340149584948,0.873278,2.308426,-0.8285031,0.3136490392299986,9.782464283697982,0.26441353956998387,0.16870447505023026,-0.00012060897637898192,0.01812169568138847
722,24.066668,released,unknown_no_ground_truth,0.5248832958358213,-0.10085927379329317,0.38348710117307355,0.027648627219111807,5.020006984590515,0.873278,2.2096155,-1.1341449,0.313120386491254,9.777756608845708,0.2640544679273863,0.16828432607945762,-0.013358529419417304,0.02420736001409432
723,24.1,released,unknown_no_ground_truth,0.5241391981709553,-0.10023093926252258,0.3831363675180257,0.0294302120277918,5.020006984590515,0.873278,1.9850312,-1.8288319,0.3124366204737587,9.718455864789707,0.2635229966274108,0.16784597719806443,-0.011849552136111937,0.026939292755644984
724,24.133333,released,unknown_no_ground_truth,0.52340560398753,-0.09964251763244267,0.38305662149989794,0.02516362944506016,5.020006984590515,0.873278,2.0464432,-1.6388716,0.31198739136234793,9.666628573763765,0.26326450988900607,0.16741544194602928,0.0015786855073806534,0.02511405978564766
725,24.166666,released,unknown_no_ground_truth,0.5228910977042411,-0.09919386228532019,0.38356167823149456,0.028100520210623526,5.020006984590515,0.873278,2.4127169,-0.50590885,0.31207895836724936,9.663372297061079,0.26362824071531427,0.16701325382416715,0.02108779420390397,0.018572672713464133
726,24.2,released,unknown_no_ground_truth,0.522754070030355,-0.09896323595499715,0.38467641273185815,0.04209902234710829,4.849678634645737,0.873278,2.3111553,-0.82006043,0.3127824616107245,9.663372297061079,0.2646703927305651,0.16668068725294113,0.04126958143471124,0.008315607661864599
727,24.233334,released,unknown_no_ground_truth,0.5230304706920021,-0.09909456051561688,0.3863630867027107,0.05644775694001811,4.849678634645737,0.873278,2.4592044,-0.36211282,0.3141627255307686,9.663372297061079,0.26637957260126316,0.16655371930308077,0.056232521512354285,0.004924711963351138
728,24.266666,released,unknown_no_ground_truth,0.5235593717860902,-0.0995462761060506,0.38830583025811727,0.06185455981162309,4.337326960334831,0.873278,2.049969,-1.6279657,0.3159502034917094,9.680354147068217,0.26841917005791205,0.16666037391015978,0.06043673210719496,0.013167687028966353
729,24.3,released,unknown_no_ground_truth,0.5241349561939226,-0.10031334902492307,0.3901444264145106,0.05751275369471079,3.7054674279751225,0.873278,2.257359,-0.98646384,0.31786186994392346,9.737810854338704,0.27040862634043467,0.16707885313505988,0.05367517680777551,0.02065653001359396
730,24.333334,released,unknown_no_ground_truth,0.5245709904031506,-0.10130412246383046,0.3915596884707541,0.04781489240106014,3.7054674279751225,0.873278,2.541056,-0.108928695,0.31958923343992107,9.848159744819714,0.2719975120311251,0.16779341935723924,0.03959213548044214,0.026809079496007956
731,24.366667,released,unknown_no_ground_truth,0.5247808424078931,-0.10243386598829306,0.39243527425575486,0.03929265991027333,3.7054674279751225,0.873278,2.3857713,-0.5892573,0.320986356224276,9.924172471562965,0.2730481963692602,0.1687510691570035,0.024306141701364928,0.030872716084231564
732,24.4,released,unknown_no_ground_truth,0.5247721647615634,-0.1035764051204771,0.39284727778142264,0.03323640469474341,3.335959437232458,0.873278,2.2158368,-1.1149011,0.32203221293476286,10.028725115284914,0.2736178966497544,0.1698175279546395,0.011736989242230305,0.031095042700734984
733,24.433332,released,unknown_no_ground_truth,0.5246359851758737,-0.10458844211339419,0.39293152159159195,0.02674279523221319,2.8430653786221125,0.8732928,2.0888844,-1.5075921,0.32274227113413057,10.101184070963747,0.27383065032969517,0.1708196373864342,0.0034017120413802455,0.026525562237577793
734,24.466667,released,unknown_no_ground_truth,0.5244698959040492,-0.10533343016550949,0.3928567738468284,0.019458459999852067,2.1862463360353894,0.8732928,2.071997,-1.5598284,0.32316033675295003,10.138260419330862,0.27384464078399684,0.17158588509595946,0.00037857645889996907,0.01945477693088794
735,24.5,released,unknown_no_ground_truth,0.5243466013066003,-0.10584697123347137,0.39280806803794577,0.01199065219785003,1.1288042807862737,0.8732928,2.0145566,-1.7375035,0.32345131972144664,10.155453678147037,0.2738559175905632,0.17211534687579766,0.0001696163765600939,0.01198945246517156
736,24.533333,released,unknown_no_ground_truth,0.5242786478321948,-0.10610562714842625,0.3927785453199614,0.005553104268787053,0.5309249192650611,0.8732928,2.0496273,-1.6290225,0.3235942197763248,10.167501064054282,0.2738559483691752,0.1723836959096423,0.00023486000100912338,0.005548135524655737
737,24.566668,released,unknown_no_ground_truth,0.5242577421824312,-0.10620543255994,0.3927823473062053,0.0018146566157510443,0.3472827612540464,0.8732928,1.9725093,-1.867565,0.32366109382615194,10.17479525323782,0.2738715476858774,0.17248443125361584,0.000346653767360712,0.0017812382767792914
738,24.6,released,unknown_no_ground_truth,0.5242550782841288,-0.106223946197578,0.3927876301863835,0.0005651194768257729,0.3284330811091499,0.8732928,2.0000103,-1.7824986,0.3236770186652214,10.184354118846823,0.27387908772946673,0.1725023411913044,0.00015439415486378984,0.0005436197825978478
739,24.633333,released,unknown_no_ground_truth,0.5242521709365731,-0.10624224621940503,0.392788096226218,0.0007289782780443113,0.26127516206540646,0.8732928,2.0008855,-1.7797914,0.3236891169111908,10.195523918622715,0.2738818404718252,0.17252067083834408,0.0001143590088600484,0.0007199523226943551
740,24.666666,released,unknown_no_ground_truth,0.5242466033566207,-0.10627176651526965,0.3927894021027939,0.0011770579060500859,0.23920893460920142,0.8732928,1.9545532,-1.9231069,0.32370904805985024,10.201115869921301,0.27388671154657585,0.17255033188614036,0.0001890643235415222,0.0011617745029732745
741,24.7,released,unknown_no_ground_truth,0.524238816194185,-0.10631951077553867,0.39279117805917535,0.0013507946784664657,0.18014415814435475,0.8732928,1.8855388,-2.1365833,0.3237410437174953,10.207860951608032,0.2738944167509792,0.17259812241138114,0.0002406814769350203,0.0013291797056958475
742,24.733334,released,unknown_no_ground_truth,0.5242329836405166,-0.10636065013308374,0.39279435637273413,0.0009932623686448303,0.15031954879687542,0.8732928,1.8788528,-2.1572645,0.32376988765140624,10.211980000714417,0.2739027854954856,0.17263894186312148,0.00012387869151502703,0.0009855070789976416
743,24.766666,released,unknown_no_ground_truth,0.5242269851446598,-0.10638466112985323,0.39279145980326796,0.0006938922340931417,0.15031954879687542,0.8732928,1.9045919,-2.077648,0.3237830578982271,10.216293508676483,0.27390267520387446,0.17266381525405813,-0.00019578365226180817,0.0006656990266192364
744,24.8,released,unknown_no_ground_truth,0.5242156738657012,-0.10640007926245529,0.39277745697698696,0.0007330422343784956,0.15031954879687542,0.8732928,1.8789926,-2.1568322,0.32378213852646515,10.220545520738547,0.27388973345198964,0.1726826196765879,-0.0006191346895086771,0.00039245783675397717
745,24.833334,released,unknown_no_ground_truth,0.5241996630915071,-0.10639280740211977,0.3927517232081989,0.0011304527820695785,0.15031954879687542,0.8732928,1.7908396,-2.4295084,0.32375758320165865,10.222346224150407,0.27386136978349207,0.17268156479742805,-0.0009970369423352849,0.0005327671424811745
746,24.866667,released,unknown_no_ground_truth,0.524176656646204,-0.10637338852966291,0.3927188110236356,0.001413240552165704,0.17392939389905307,0.8732928,1.7256057,-2.6312904,0.3237196362024626,10.221935058255989,0.2738232923267621,0.1726708065724699,-0.0011870781007937783,0.0007668731582872494
747,24.9,released,unknown_no_ground_truth,0.524149986915404,-0.10635030402919296,0.3926838842047178,0.0014510677705766612,0.17392939389905307,0.8732928,1.7015308,-2.7057593,0.323677747845515,10.221440294933945,0.27378223245601035,0.17265738803117553,-0.0011428046891124324,0.0008942008260726215
748,24.933332,released,unknown_no_ground_truth,0.5241264601252713,-0.10631998984157098,0.39265566979692107,0.0010936837785344216,0.1853090238260877,0.8732928,1.7372105,-2.5953944,0.3236363778597123,10.221603903508719,0.2737471065148349,0.17263553153655853,-0.0006420228239092074,0.0008854100185840326
749,24.966667,released,unknown_no_ground_truth,0.5241082197793026,-0.106298883567522,0.3926533494270381,0.0008149589290734271,0.27575239543890223,0.8732928,1.806213,-2.381955,0.323620808707233,10.221670673545574,0.27373940359848986,0.17261855852099608,0.0003006077017569261,0.0007574912974555721
750,25.0,released,unknown_no_ground_truth,0.5240954024038844,-0.10628658472944078,0.3926851714457015,0.0015819927447825706,0.27575239543890223,0.8732928,2.0751934,-1.5499411,0.3236370959689705,10.223140731504722,0.27376717359875713,0.17260505365422119,0.001422201379677927,0.0006928522787628631
751,25.033333,released,unknown_no_ground_truth,0.5240855202893301,-0.10628379511027886,0.3927552309587769,0.002635555125500803,0.3080711396485314,0.8732928,2.1181092,-1.4171933,0.32368880101946174,10.226099833115088,0.27383421557105786,0.17259566126644124,0.0025510540921818035,0.0006620225361088758
752,25.066668,released,unknown_no_ground_truth,0.5240755560616988,-0.10629893954084373,0.39285929672390507,0.0034517338573652624,0.36836447665114197,0.8732928,2.3274376,-0.7696957,0.32377808022483934,10.231330142380402,0.2739372198676787,0.17259966629530182,0.003373030190311136,0.0007328942333865751
753,25.1,released,unknown_no_ground_truth,0.5240660416745818,-0.10631724279032834,0.39298209197920686,0.0035877264085294068,0.3733811956926488,0.8732928,2.280886,-0.9136901,0.32388374386752505,10.236257229935427,0.27405911452250187,0.1726044069216855,0.003466989446120979,0.0009229111349122774
754,25.133333,released,unknown_no_ground_truth,0.5240443001118203,-0.10633496380626359,0.39309367137997053,0.0027454911351767306,0.5566646030874509,0.8732928,2.2910204,-0.88234204,0.32398032423878914,10.25210682926682,0.27416834895597536,0.1726121864893249,0.0022310106585927744,0.0016000978140662057
755,25.166666,released,unknown_no_ground_truth,0.5239804931106845,-0.10635606747085183,0.39313917172189367,0.0028250240981956805,0.5605002991882236,0.8732928,2.2571197,-0.98720425,0.3240280376656642,10.270412364888053,0.2742078462874854,0.17263900552262193,-0.0005284476974117076,0.002775158407458317
756,25.2,released,unknown_no_ground_truth,0.5238601224517321,-0.10637061495142211,0.39307658355482117,0.005814327923429176,0.6379678952714611,0.8732928,2.2348466,-1.0560997,0.32398819699193504,10.273426000757244,0.27413308374424,0.1726829585887339,-0.004141792755487063,0.00408068155726015
757,25.233334,released,unknown_no_ground_truth,0.5236803869927957,-0.10637334163500009,0.3928945151404184,0.009028295490259542,1.2840369165242802,0.8732928,2.1135209,-1.431386,0.323848760500014,10.2711777272838,0.2739317586678358,0.17274087897930235,-0.007454991415733569,0.005092467226284288
758,25.266666,released,unknown_no_ground_truth,0.5234642435819523,-0.1063606934761726,0.39262333132806293,0.010653563798441406,1.2840369165242802,0.8732928,2.0220742,-1.7142501,0.32363105062784636,10.268585202732206,0.2736360919316156,0.17280146446970898,-0.009199350357817201,0.005373115911795486
759,25.3,released,unknown_no_ground_truth,0.5232500344091089,-0.10634229350228966,0.392330374520945,0.010022472275288422,1.2840369165242802,0.8732928,1.9301728,-1.9985209,0.3233932277989354,10.26741872034784,0.27331847804089243,0.17285887118578658,-0.008785931466714176,0.004822588389146095
760,25.333334,released,unknown_no_ground_truth,0.5230749082253954,-0.10633687309569283,0.3920807882371091,0.007564970551018816,1.2840369165242802,0.8732928,1.8145475,-2.3561745,0.3231974689732783,10.266138294023317,0.2730503298515736,0.1729165154595709,-0.0066581100965066595,0.003591427206637777
761,25.366667,released,unknown_no_ground_truth,0.5229644394518058,-0.10634630613052524,0.39191474887389055,0.004308590328107138,0.6003444686000871,0.8732928,1.7851399,-2.4471385,0.32307578936013504,10.267995331095255,0.2728746210965861,0.17296649048896404,-0.0037360460116384452,0.002146138582286532
762,25.4,released,unknown_no_ground_truth,0.5229175940474976,-0.10636940095021409,0.39184267459415195,0.001702296702829041,0.3566871933719394,0.8732928,1.7784481,-2.4678378,0.32303526145406175,10.275320047066865,0.2728012639337439,0.173006504325259,-0.0011735975116385577,0.001233078645155454
763,25.433332,released,unknown_no_ground_truth,0.5229071592703759,-0.10640208005355307,0.39183420677759623,0.0010283939931973586,0.2972328498441626,0.8732928,1.8889575,-2.1260085,0.3230497987282353,10.286978187621363,0.272796382461278,0.17304134238497304,0.0002926739978247457,0.0009858682144392775
764,25.466667,released,unknown_no_ground_truth,0.522911847072081,-0.10643688860900576,0.39185325588522524,0.000996410570195312,0.255650863937141,0.8732928,2.0064704,-1.7625159,0.3230868469331152,10.29657849730585,0.2728207491935543,0.17307209327517234,0.000625136111898051,0.0007759116354314673
765,25.5,released,unknown_no_ground_truth,0.5229151044357035,-0.10645922080254536,0.39186718292952194,0.0005174845517637669,0.2204223151207177,0.8732928,2.031024,-1.6865666,0.32311192121228827,10.303548772803742,0.2728380874371293,0.1730915701966603,0.0003257060114654205,0.00040212666587710166
766,25.533333,released,unknown_no_ground_truth,0.5229153321459095,-0.10646655061819149,0.3918705232515204,0.00011836302385666383,0.0778082651347263,0.8732928,2.0558786,-1.6096858,0.3231192045537465,10.304481588569136,0.27284246259495126,0.1730982696521501,6.134986709017021e-05,0.00010122252330638484
767,25.566668,released,unknown_no_ground_truth,0.5229151418911868,-0.10646647859924707,0.3918702391606561,0.0001765271226951713,0.051373679189387435,0.8732928,2.0035107,-1.7716709,0.32311893963026833,10.304752223120515,0.27284214893820263,0.17309826951928975,-2.6048446989365554e-05,0.00017459468335684873
768,25.6,released,unknown_no_ground_truth,0.5229176819573484,-0.1064550252818694,0.39187018759210956,0.0005569181216283553,0.051373679189387435,0.8732928,1.9854867,-1.827423,0.32311152856244746,10.30516465492145,0.27284075434703,0.1730866333871711,-6.544422744038339e-05,0.0005530595332265658
769,25.633333,released,unknown_no_ground_truth,0.5229231111515559,-0.10643021680551684,0.3918701389219113,0.0009326410788462981,0.051373679189387435,0.8732928,1.9808993,-1.8416128,0.32309552428447935,10.3058537289031,0.27283778605655623,0.17306143508135902,-0.00011349249641989197,0.0009257099087770249
770,25.666666,released,unknown_no_ground_truth,0.5229308956779672,-0.10639427189585844,0.3918697763382396,0.0012741558187686472,0.0778082651347263,0.8732928,2.034058,-1.6771814,0.3230721141232733,10.30615849240741,0.2728331882965318,0.17302497590819238,-0.00016194713737283526,0.0012638220504480628
771,25.7,released,unknown_no_ground_truth,0.5229410355365834,-0.10634719055289434,0.39186909984109486,0.0016157487030252196,0.2231139735182146,0.8732928,1.9601865,-1.9056821,0.32304130035755513,10.307092067439134,0.2728269610669572,0.1729772558796941,-0.00021168163102351574,0.0016018223242341527
772,25.733334,released,unknown_no_ground_truth,0.5229535307274044,-0.10628897277662454,0.39186810943047706,0.0017865820916341242,0.2231139735182146,0.8732928,1.9499868,-1.9372318,0.3230030859620369,10.308288298302957,0.2728191043678324,0.17291827501144227,-0.0002357045703093802,0.0017709655348659478
