frame_index,time_s,stage,contact_state,tcp_x_m,tcp_y_m,tcp_z_m,speed_m_s,angular_speed_deg_s,gripper_state,aux_action_tail_norm,aux_action_tail_robust_z,reference_distance_m,reference_axis_error_deg,axial_distance_proxy_m,lateral_distance_proxy_m,axial_velocity_m_s,lateral_speed_m_s
0,0.0,approach,unknown_no_ground_truth,0.5217696767986655,-0.06634389226456346,0.37913224400395795,0.12260254390641849,11.470732739515217,0.8733076,1.8567085,-2.5637305,0.2883632623580297,12.646205620953118,0.2543465973276203,0.13587192316894342,0.09968169752245226,0.07137886908159591
1,0.033333335,approach,unknown_no_ground_truth,0.5208906622201477,-0.068813173864178,0.38226776964082815,0.11702677457478611,5.630866924973486,0.8733076,2.8977098,2.5937972,0.29234802632398044,12.860683063417055,0.25766932075166227,0.13810825333376622,0.09582341360893923,0.06717990303437453
2,0.06666667,approach,unknown_no_ground_truth,0.5202265274887292,-0.07107046924583404,0.38514439975135967,0.10600232405364027,3.472757517312448,0.8733076,2.2594717,-0.5682844,0.2960013290886277,13.03571914446187,0.2607348253077022,0.14012186729413828,0.08810663229857615,0.05893822231605275
3,0.1,approach,unknown_no_ground_truth,0.5197772726044099,-0.0731157784095316,0.38776213433555246,0.095196744359818,4.465893811668624,0.8733076,1.9263501,-2.2186987,0.29932161670986396,13.099362766948198,0.26354311099574007,0.14191003796946056,0.08039029445968346,0.050988436859683454
4,0.13333334,approach,unknown_no_ground_truth,0.5195428975671892,-0.07494910135527054,0.3901209733934061,0.09405375322877722,4.465893811668624,0.8733076,2.6222413,1.2290181,0.3023078757170517,13.099362766948198,0.26609417781577543,0.1434710432564803,0.08220806390634103,0.04569401191831015
5,0.16666667,approach,unknown_no_ground_truth,0.5197104714609913,-0.0768431069656326,0.39280382181840223,0.08531115152840676,3.472757517312448,0.8733076,2.1705816,-1.0086806,0.30559124978519187,13.099362766948198,0.2690236499428011,0.14495615791241406,0.07563858459292094,0.03945626814439403
6,0.2,approach,unknown_no_ground_truth,0.5200118479975171,-0.07828379568469378,0.3947042618297072,0.05694718771049281,3.4039737982148166,0.8733076,2.1887913,-0.9184627,0.30797479774313885,13.106771488992095,0.2711367501219702,0.14605936730735075,0.0490878684088167,0.028868033587565296
7,0.23333333,approach,unknown_no_ground_truth,0.520225051354802,-0.07922007093675443,0.3957190411896262,0.0296323421762128,2.1698683525754574,0.8733076,2.047585,-1.6180538,0.3093454454779716,13.11037543882446,0.2722961745033889,0.14679713208637515,0.02381688065269098,0.017630425372736593
8,0.26666668,approach,unknown_no_ground_truth,0.5203383885884711,-0.07966927505401253,0.39607406851820903,0.010179333602295395,0.7118292546531557,0.8733076,2.0872765,-1.4214067,0.3098963245283586,13.105242632738163,0.27272454028872617,0.1471633686774284,0.006660512361730838,0.00769781837055479
9,0.3,approach,unknown_no_ground_truth,0.5203656425750204,-0.0797839942550822,0.3960694056460258,0.0025838574378400747,0.6390883706889382,0.8733076,2.0254552,-1.7276933,0.30995982018974233,13.10342821749781,0.27274021078514965,0.14726801266035178,-0.0023582692183941106,0.0010558814103185576
10,0.33333334,approach,unknown_no_ground_truth,0.5203374344865425,-0.079712887870098,0.3959074265606984,0.004483700013133117,0.4076689886796831,0.8733076,1.8186803,-2.7521374,0.3097869407734072,13.10342821749781,0.2725673223408332,0.14722433041347094,-0.0041258418860255575,0.0017552762002850115
11,0.36666667,approach,unknown_no_ground_truth,0.5203247821644938,-0.07962835324593262,0.39581750192534987,0.0029523471902914177,0.36766920261748115,0.8733076,1.8517865,-2.5881162,0.3096645287099284,13.10338878389476,0.2724651546594146,0.14715590316926921,-0.0019941249411046832,0.002177112686859794
12,0.4,approach,unknown_no_ground_truth,0.5203301043971766,-0.07955007634505912,0.3957970724583125,0.0016611897372537613,0.36766920261748115,0.8733076,1.8430114,-2.6315916,0.3096020625409116,13.103381847173306,0.27243438067809284,0.1470814242320577,-0.0003176031823473881,0.0016305457864531226
13,0.43333334,approach,unknown_no_ground_truth,0.5203372304576155,-0.07951852465618002,0.39581061763108205,0.0003842192949027283,0.36766920261748115,0.8733076,1.8270807,-2.7105181,0.30959452490406325,13.103854549623756,0.2724439811139248,0.14704777116763124,0.00019920543718510557,0.0003285447615948863
14,0.46666667,approach,unknown_no_ground_truth,0.5203353313710335,-0.07953056799142087,0.39581282719166355,0.0011084528221855432,0.36766920261748115,0.8733076,1.8222106,-2.734647,0.30960337851558434,13.104683145003778,0.2724476610405719,0.14705959330076307,0.00019510729200371526,0.0010911465546012014
15,0.5,approach,unknown_no_ground_truth,0.5203272303961788,-0.07959164837074001,0.39581431442582493,0.0024013086964187755,0.8456395408135077,0.8733076,1.8920699,-2.3885362,0.30964041333881626,13.105505694864403,0.272456988266725,0.14712027432430466,0.0004090978934604538,0.00236620421119198
16,0.53333336,approach,unknown_no_ground_truth,0.5203150871090768,-0.07968922103590942,0.39581965708183414,0.0033028872480792663,0.8456395408135077,0.8733076,1.8830103,-2.4334214,0.30970199270208437,13.116065156696443,0.2724749008604822,0.14721668616265046,0.0005893382404383849,0.0032498837843654683
17,0.56666666,approach,unknown_no_ground_truth,0.5203000052672319,-0.07980986565691017,0.3958254928277867,0.003663341342601186,0.8456395408135077,0.8733076,1.9063727,-2.3176749,0.30977753592709745,13.127796447051182,0.2724962848945859,0.1473359986008607,0.0006506411016350881,0.0036050986046534347
18,0.6,approach,unknown_no_ground_truth,0.5202852965056513,-0.07993131651849975,0.3958317719875736,0.003443042862191664,0.8456395408135077,0.8733076,1.9360343,-2.1707194,0.30985394071703254,13.16626122551503,0.2725182695113866,0.14745595057641323,0.0006063547740016651,0.003389229711738989
19,0.6333333,approach,unknown_no_ground_truth,0.520272681784894,-0.08003750735427816,0.3958364389642176,0.0029688218399030564,0.8418199934561476,0.8733076,1.915231,-2.2737873,0.309920103340967,13.177994348832781,0.2725367159711133,0.14756086507796154,0.0005119159085175868,0.002924353812330509
20,0.6666667,approach,unknown_no_ground_truth,0.5202613471100611,-0.08012758876050363,0.3958405073486385,0.0027451299028749547,0.6537617948858081,0.8733076,1.8844615,-2.4262314,0.30997633577355443,13.17794543376591,0.2725523898100235,0.14765000355043806,0.00043080513458455485,0.002711115106312132
21,0.7,approach,unknown_no_ground_truth,0.5202482221793444,-0.08021878998432729,0.39584197314172387,0.0032341830366201083,0.6537617948858081,0.8733076,1.758374,-3.0509183,0.3100311389399753,13.177908330964774,0.272565443737998,0.14774094216677552,0.0003996744273428355,0.003209392507389746
22,0.73333335,approach,unknown_no_ground_truth,0.5202290353530367,-0.08034076589031242,0.39584019714429486,0.004635674025759735,0.6537617948858081,0.8733076,1.7982045,-2.8535821,0.3101014418667447,13.177840988111768,0.2725790273491467,0.14786337645687386,0.0005006926135755917,0.004608555151000617
23,0.76666665,approach,unknown_no_ground_truth,0.5201996172585667,-0.08052394804991281,0.3958370011198604,0.0061364919717310906,0.5592179688055184,0.8733076,1.826272,-2.714525,0.310206657473344,13.174170198818413,0.27259883065453977,0.14804745140177913,0.0006555784119599666,0.006101372850833833
24,0.8,approach,unknown_no_ground_truth,0.5201640778985797,-0.08074461506882766,0.39583320396482957,0.00661735211800212,0.5592179688055184,0.8733076,1.7119299,-3.2810204,0.31033354631001264,13.169726963056961,0.2726227251586358,0.14826921356919548,0.0007028997165790612,0.006579914972251559
25,0.8333333,approach,unknown_no_ground_truth,0.5201286500993156,-0.08095929180527366,0.3958293435642485,0.005849449400397257,0.5592179688055184,0.8733076,1.6956036,-3.3619072,0.3104569618810362,13.165658720116026,0.2726456980571655,0.14848517943324885,0.0007536057798363772,0.005800701390039401
26,0.8666667,approach,unknown_no_ground_truth,0.5201062838020984,-0.081130269077832,0.39583463952343123,0.004365933368072955,0.5601974125348608,0.8733076,1.7476172,-3.1042113,0.3105620814987213,13.163437847306481,0.2726729581251718,0.14865484981017854,0.0012668187299866417,0.004178102976209165
27,0.9,approach,unknown_no_ground_truth,0.5201120592891556,-0.08124628266133507,0.39587494282992386,0.0036089971778728623,0.5601974125348608,0.8733076,1.8270066,-2.7108855,0.31066305639953645,13.163409113872877,0.2727301600041505,0.14876086325244295,0.002559598909025864,0.0025442708296893025
28,0.93333334,approach,unknown_no_ground_truth,0.5201550071702483,-0.08132028575180374,0.39597394105501227,0.0045749404226318015,0.5601974125348608,0.8733076,1.8756467,-2.4699035,0.310786602581532,13.16405340842266,0.27284359071712255,0.1488109113901209,0.0042063720788790525,0.0017990313517716025
29,0.96666664,approach,unknown_no_ground_truth,0.5202255093052397,-0.08137583624830769,0.396126682489428,0.005806215851377547,0.5601974125348608,0.8733076,1.8846148,-2.4254718,0.31094263959134466,13.165751607663225,0.2730105921225838,0.1488305805434792,0.0054948489028584764,0.0018758406242383413
30,1.0,approach,unknown_no_ground_truth,0.5203051804375319,-0.08144060487376416,0.39630979227969776,0.006554084702946103,0.6393959587679751,0.8733076,1.9319103,-2.1911516,0.31112865540492324,13.171166623566751,0.27320990658252226,0.14885357623935327,0.006115414367700811,0.0023574845502591537
31,1.0333333,approach,unknown_no_ground_truth,0.5203880072705652,-0.08154333078136983,0.39649609200129343,0.0069352206525519315,0.8706939659118003,0.8733076,2.013813,-1.7853734,0.31133965831320015,13.173846261548302,0.2734182938038843,0.14891211989610859,0.005997918664892644,0.003481703202301322
32,1.0666667,approach,unknown_no_ground_truth,0.5204763131420926,-0.08169279263809039,0.3966574944202261,0.007379630656833994,0.902596671497566,0.8733076,1.8754871,-2.470694,0.31155813664721627,13.175417608277913,0.2736097829858203,0.14901731163035334,0.005056272979127862,0.005375225780544068
33,1.1,approach,unknown_no_ground_truth,0.5206235115677113,-0.08188701330087994,0.3967577099697127,0.008855742100615512,0.9148368744908847,0.8733076,1.9057192,-2.3209126,0.31175366140729566,13.177753365013686,0.2737553642408332,0.14915879441127,0.0032412795201095888,0.008241254469140738
34,1.1333333,approach,unknown_no_ground_truth,0.5208766082842526,-0.08211381339681391,0.3967626445883412,0.012155699478471841,1.3893549060641313,0.8733076,1.7833508,-2.9271734,0.3118917331721866,13.182302252540131,0.27382586809482445,0.1493179399243984,-0.00011808303923754784,0.01215512592311429
35,1.1666666,approach,unknown_no_ground_truth,0.5212449184362388,-0.08238096589905447,0.3965946797471357,0.017004707789487854,1.5597664548734929,0.8733076,1.7260034,-3.211295,0.3119147703500812,13.187302218442277,0.27374749204522436,0.14950964705159903,-0.0054451607197252665,0.016109323751859663
36,1.2,approach,unknown_no_ground_truth,0.521687452007692,-0.0826744228090325,0.3962028010145399,0.023114708671643624,2.036106721564014,0.8733076,1.6398853,-3.6379576,0.3117740079969809,13.182234244967733,0.2734628712146711,0.14973673607211332,-0.012880574154688707,0.01919324272811977
37,1.2333333,approach,unknown_no_ground_truth,0.522156955591421,-0.08298552928849746,0.3955096415665972,0.032193596376009326,2.143704987289613,0.8733076,1.6198623,-3.7371593,0.3114028293063287,13.164727496959138,0.2728887725265148,0.150011465991632,-0.023508513823083273,0.021994940905837947
38,1.2666667,approach,unknown_no_ground_truth,0.5226033037396167,-0.08335238176340103,0.39438403105610825,0.045421980127272416,2.7132994313599745,0.8733076,1.583448,-3.9175699,0.3107197065605941,13.12598681423606,0.27189563835478664,0.1503977988161555,-0.03723801683227868,0.02600935180048245
39,1.3,approach,unknown_no_ground_truth,0.5230120334386517,-0.0838535089668769,0.39273745465184773,0.059671366005483804,4.143230524987136,0.8733076,1.4975419,-4.3431826,0.3097035937093531,13.069356234202125,0.27040624028072163,0.1509860297303451,-0.050708724365486034,0.03145309514476391
40,1.3333334,approach,unknown_no_ground_truth,0.5233790852118718,-0.08452221314681989,0.3906618213545563,0.07280367707806057,5.5704442730077215,0.8733076,1.449443,-4.5814834,0.3084533383062549,12.982236528815427,0.2685150671662765,0.151799606774731,-0.06182591139903885,0.03844388216302719
41,1.3666667,approach,unknown_no_ground_truth,0.5237215665046057,-0.0854413447792688,0.38820615571959416,0.08408219745154158,6.998409001432328,0.87332237,1.6650119,-3.5134706,0.30706531554532174,12.86709164843071,0.26628449581504776,0.1529106775195043,-0.0698788088449333,0.04676289129954751
42,1.4,approach,unknown_no_ground_truth,0.5240396177079513,-0.08663433573292123,0.38551167735729436,0.09113937230101975,7.2173003758367935,0.87332237,1.6720866,-3.4784198,0.30567453915224724,12.747853427709916,0.2638564840565339,0.1543265359789521,-0.07339620382287398,0.05403130988431638
43,1.4333333,approach,unknown_no_ground_truth,0.5243236480943761,-0.08804830148040338,0.3827510226983183,0.0917164933621449,7.2173003758367935,0.87332237,1.7283341,-3.1997478,0.30439208976914295,12.640192177860136,0.2613914199154969,0.15597778658702124,-0.07153479098410495,0.057399380079481574
44,1.4666667,approach,unknown_no_ground_truth,0.5245479147016517,-0.08953290494576713,0.3801519961937726,0.08444285958434711,7.2173003758367935,0.87332237,1.5608876,-4.029343,0.303305308917401,12.519994288093969,0.2590875089705589,0.15769519051927564,-0.06399128602630899,0.05509729437532187
45,1.5,approach,unknown_no_ground_truth,0.5247204899910549,-0.09091640043418656,0.37792316378503055,0.07112104695503614,6.998409001432328,0.87332237,1.6074529,-3.7986405,0.3024640560015898,12.421053296569356,0.2571253148705575,0.15928301110177923,-0.05251743097825896,0.04795959511322277
46,1.5333333,approach,unknown_no_ground_truth,0.5248656859742408,-0.09207568977609437,0.3761627443404723,0.05409503103040612,5.758232239738369,0.87332237,1.8584238,-2.5552323,0.30185705396582246,12.345460783425416,0.25558635002170926,0.16060292248743727,-0.038506570744420036,0.037993636199837144
47,1.5666667,approach,unknown_no_ground_truth,0.5250333581532993,-0.09295140884567885,0.3749623417451123,0.03455572573677718,5.254463752713733,0.87332237,1.9502175,-2.1004505,0.30150707753618,12.292680542237559,0.2545582240953104,0.16157545713953522,-0.022178979398632972,0.026498887788554058
48,1.6,approach,unknown_no_ground_truth,0.525226991197115,-0.09350793070106023,0.37439489550917127,0.017382828235766562,4.197315156769356,0.87332237,1.8131747,-2.779414,0.30143832586830577,12.26417496281492,0.2541077337743784,0.16215524641015025,-0.006769227409033002,0.01601063014871556
49,1.6333333,approach,unknown_no_ground_truth,0.5254283040002438,-0.09383109872603465,0.37431960812013254,0.010245178643118129,4.133618117139041,0.87332237,1.6698748,-3.489378,0.3015940791835856,12.26417496281492,0.25410694266972544,0.16244583800651774,0.004805053386671701,0.009048488679367325
50,1.6666666,approach,unknown_no_ground_truth,0.525653086846781,-0.09400410553423881,0.37459176467984856,0.015275187187962452,4.133618117139041,0.87332237,1.6890153,-3.3945484,0.30191711330657034,12.26417496281492,0.25442807038169285,0.16254322597149587,0.012865156949161927,0.008235234076862835
51,1.7,approach,unknown_no_ground_truth,0.5260592404904771,-0.09410548495995512,0.3750704101784053,0.0218489230102041,4.133618117139041,0.87332237,1.7078698,-3.301136,0.30235417558075445,12.263262818820312,0.2549646355822647,0.1625148672999511,0.01722926665286137,0.013436063683624955
52,1.7333333,approach,unknown_no_ground_truth,0.5266885413463371,-0.09418866904234607,0.37559942570996785,0.027812532001879414,4.133618117139041,0.87332237,1.8347112,-2.672714,0.3028229944459353,12.277592371580006,0.25557667458368416,0.16242638139769225,0.018514854077266885,0.02075420716031042
53,1.7666667,approach,unknown_no_ground_truth,0.5275901678004343,-0.09427030948019893,0.3761033817502905,0.034365120109325034,6.7093327444251285,0.87332237,1.7930948,-2.8788981,0.30327951562018146,12.306260474979586,0.2561989580887502,0.16229774634618524,0.018164239229278536,0.029172279536400215
54,1.8,approach,unknown_no_ground_truth,0.5287730287131446,-0.0943352785634175,0.3765386415593323,0.040033386510966905,10.048580358953448,0.87332237,1.6943989,-3.367876,0.30368329054095883,12.365067198762615,0.2567876227877758,0.1621223542167686,0.01682679099240651,0.0363253512086853
55,1.8333334,approach,unknown_no_ground_truth,0.5301360273728062,-0.09436733988525042,0.3768985492027155,0.04303238643296376,10.048580358953448,0.87332237,1.575971,-3.954614,0.3040187107486209,12.424270713965399,0.25732075926587267,0.1619055383119689,0.013314866916966256,0.04092066227591388
56,1.8666667,approach,unknown_no_ground_truth,0.5315908848945101,-0.09431663637185214,0.3770766057094472,0.04436796701829155,10.048580358953448,0.873315,1.5197613,-4.233099,0.30417147914027176,12.4970373017594,0.2576752676212413,0.16162841699002817,0.005440101695606323,0.04403318965141712
57,1.9,approach,unknown_no_ground_truth,0.5330849169698497,-0.0941377542060331,0.37691549605839936,0.04793744432074214,10.048580358953448,0.873315,1.3106291,-5.2692213,0.3039914144100672,12.564294144399744,0.2576834323894325,0.16127624966818271,-0.006975339817417761,0.04742724114299502
58,1.9333333,approach,unknown_no_ground_truth,0.5346430859267987,-0.09380750322580303,0.3762777558578859,0.05813115163860144,8.234600575861782,0.873315,1.1331165,-6.148689,0.3033606737386578,12.596166803419406,0.2572102453806613,0.16084336493120382,-0.022411807576824216,0.05363712960225854
59,1.9666667,approach,unknown_no_ground_truth,0.5364001704216246,-0.09333283546995501,0.3750769894316971,0.07454529344661384,8.015757700622999,0.87330014,1.0463498,-6.5785646,0.30222674213372813,12.631869477281777,0.2561893229953654,0.16033725220279701,-0.04075712495957118,0.06241680494924159
60,2.0,approach,unknown_no_ground_truth,0.5383793692225496,-0.09275787624883777,0.37317352899954803,0.09353838733823959,8.015757700622999,0.87330014,1.2208824,-5.713862,0.3005187797965071,12.669583887389301,0.2544930894818181,0.15982742072742345,-0.06008813006354402,0.07168574845326758
61,2.0333333,approach,unknown_no_ground_truth,0.5405974642376621,-0.09216002943401559,0.3706167723365448,0.11043392700173825,8.015757700622999,0.87330014,0.975015,-6.9319854,0.29833424904486916,12.681867993736613,0.25218345122340635,0.1593952040753355,-0.07517478891925784,0.08089748663568158
62,2.0666666,approach,unknown_no_ground_truth,0.5430726922062359,-0.09159965550082948,0.36762068770956957,0.12315720475806272,8.057070212089007,0.87330014,1.2571316,-5.5342693,0.29588688358504256,12.681962835615026,0.249481441348049,0.15908506623994764,-0.08486945654922017,0.08924613397150276
63,2.1,approach,unknown_no_ground_truth,0.5457692674433758,-0.09117053681902393,0.36431715147499133,0.13352934646076112,8.234600575861782,0.87330014,1.0510939,-6.5550604,0.29334712327456347,12.676166691113329,0.24652549248958494,0.15898967352073384,-0.09252747158801254,0.0962743650603187
64,2.1333334,approach,unknown_no_ground_truth,0.5486337652657944,-0.09093264874928128,0.36070152176388287,0.1426563923902903,9.608431390962643,0.87330014,1.4132699,-4.7606993,0.29075978530329216,12.698579921850817,0.2433129251644428,0.15918565638127954,-0.10095798078185297,0.10078855295252276
65,2.1666667,approach,unknown_no_ground_truth,0.5515158781714395,-0.09087891087595457,0.35674482918957795,0.14994052669344757,9.886273726167573,0.87330014,0.9038293,-7.284667,0.2880976100042002,12.751510219089234,0.23979494483028269,0.15968286484145358,-0.11149534928722618,0.10025441951568966
66,2.2,approach,unknown_no_ground_truth,0.5541869193138269,-0.0909668323091622,0.35238997246766357,0.15572559549559006,11.204726745288758,0.87330014,1.0733864,-6.4446144,0.2852757590718186,12.680768927069138,0.23587990849472631,0.16044602669596356,-0.12466633839738378,0.09332076490816577
67,2.2333333,approach,unknown_no_ground_truth,0.5564124386208504,-0.09111944613122544,0.3475935738786775,0.16238759754009505,11.702430466324262,0.87330014,1.0251375,-6.6836586,0.2821882434803716,12.581932208957067,0.23148386300145132,0.16138595331831943,-0.14034736294699943,0.08168445108260873
68,2.2666667,approach,unknown_no_ground_truth,0.5580844842420887,-0.09127043001994378,0.3422946559506471,0.17023404465810762,12.257132774949108,0.87330014,0.8400836,-7.600488,0.27873473070801025,12.453241232006505,0.22652342595976097,0.16241978818579872,-0.1557954321003053,0.0686105917285206
69,2.3,approach,unknown_no_ground_truth,0.5592176827295805,-0.0913692707404119,0.33659965195562014,0.17480878713352918,11.702430466324262,0.87330014,0.893717,-7.334767,0.27496103715042436,12.268535492526938,0.22109751010628248,0.16346089127262023,-0.16488358361787742,0.05806475619876429
70,2.3333333,approach,unknown_no_ground_truth,0.5600684664470896,-0.09138181731274048,0.33081140740850457,0.1741480868243555,11.204726745288758,0.87330014,0.88345504,-7.385609,0.2710923506101377,11.99520527424227,0.21553119683604202,0.16443042829644747,-0.16559483520622015,0.05390646248464144
71,2.3666666,approach,unknown_no_ground_truth,0.5609686893933477,-0.09131881464620478,0.3251227042640021,0.16917427507996527,11.204726745288758,0.87330014,1.4835349,-4.4125786,0.2673155953864457,11.752752374807397,0.21005786425221273,0.16532792021497436,-0.1595546246596442,0.056233949697240944
72,2.4,approach,unknown_no_ground_truth,0.5621303014467083,-0.09119278551512966,0.31972477362262464,0.15959699258642185,9.411779844872488,0.87330014,1.4010267,-4.8213563,0.2637980080262309,11.567466400710252,0.20489419603851278,0.16615582285414768,-0.1470670614256404,0.06198773657956305
73,2.4333334,approach,unknown_no_ground_truth,0.563625896017869,-0.09100856446620362,0.3148246952645033,0.14744916602932356,5.048507006334271,0.87330014,1.1262207,-6.1828527,0.2606860142468631,11.44888987622276,0.200253363851512,0.1669005341215829,-0.13093951549723418,0.0677945414033652
74,2.4666667,approach,unknown_no_ground_truth,0.5653840847321123,-0.09079644138237339,0.3104574417201969,0.1365425916236783,4.802341391422158,0.87330014,1.4414208,-4.621228,0.25800447959813666,11.346095492726768,0.1961649027752731,0.16758771557567392,-0.11637430155262338,0.07142059412697195
75,2.5,approach,unknown_no_ground_truth,0.5672859651167539,-0.09055540651400501,0.306502431122373,0.1282493858761817,4.450208579880548,0.8733076,1.3076254,-5.284103,0.2556464083581007,11.259774297571196,0.1924950839869512,0.16822820437504943,-0.1064800015044788,0.07148366426830645
76,2.5333333,approach,unknown_no_ground_truth,0.5691550239284123,-0.09029351829558592,0.302800500051878,0.12194217548575628,4.365832116654741,0.8733076,0.9239219,-7.1851206,0.25347793027923093,11.214440370917876,0.18906624232679728,0.16883428902645167,-0.1018184786156827,0.06710358838830263
77,2.5666666,approach,unknown_no_ground_truth,0.5708167229937571,-0.09001110787302889,0.29919998025624917,0.11874141574306474,4.365832116654741,0.8733076,1.4164008,-4.7451873,0.25136431697416256,11.13441964383613,0.18570719145444853,0.16940147251422602,-0.10267207805259794,0.05964870661656109
78,2.6,approach,unknown_no_ground_truth,0.5721867574716417,-0.08971077872773658,0.2955112308811959,0.12031326571981343,4.450208579880548,0.8733076,1.1176213,-6.2254577,0.24916842963935149,11.041121050018722,0.18222144321581926,0.16994190760752453,-0.10869545331144605,0.05158081365765465
79,2.6333334,approach,unknown_no_ground_truth,0.5732545463817634,-0.08940666681211522,0.29158246035829427,0.12584048697073597,4.802341391422158,0.8733076,0.8775515,-7.4148574,0.2468057832052447,10.942800286348184,0.17846080684311802,0.17048411962542898,-0.1173806775554818,0.04536082778839009
80,2.6666667,approach,unknown_no_ground_truth,0.574119671849919,-0.08910245096287339,0.2873702492433204,0.1324183493981309,4.682440548331715,0.8733076,0.96602625,-6.9765186,0.24427859665727897,10.817965494743596,0.17439604621187238,0.1710498519453205,-0.12538007093276218,0.04259644433777308
81,2.7,approach,unknown_no_ground_truth,0.5749086320120242,-0.08882485633474263,0.2829304663854144,0.13864381869779743,4.682440548331715,0.8733076,1.0172783,-6.722596,0.2416758022930294,10.65158075481258,0.17010214288761416,0.17167543330081078,-0.13162478493008486,0.0435548442221602
82,2.7333333,approach,unknown_no_ground_truth,0.5757445741586438,-0.08860733543147381,0.27828476663739377,0.14373621080500934,4.682440548331715,0.8733076,1.1509347,-6.06041,0.23907395540100543,10.510213131184786,0.16562106836043966,0.17241234835773367,-0.1357223542429248,0.04732378741542267
83,2.7666667,approach,unknown_no_ground_truth,0.5767070213458494,-0.08845038767572844,0.27352578326148247,0.14714461859269723,5.626693767401954,0.8733076,1.1355451,-6.1366563,0.23655515204575903,10.390021013986388,0.1610539939918072,0.17326266469923376,-0.13817384952526077,0.05059175909336366
84,2.8,approach,unknown_no_ground_truth,0.5777028881585774,-0.08834196475569323,0.26867625610640744,0.14759041848451163,5.626693767401954,0.8733076,1.1896821,-5.86844,0.2341098551450252,10.280219730194856,0.15640948659128132,0.1741938482848245,-0.13891795898227152,0.04984708918917134
85,2.8333333,approach,unknown_no_ground_truth,0.5785765931531508,-0.08825715056666572,0.2638676148123834,0.14367219257629688,5.626693767401954,0.8733076,1.1157129,-6.234913,0.23175426718836573,10.167750666962636,0.15179280496967001,0.17512562553623082,-0.13658368001265514,0.04457126062701357
86,2.8666666,approach,unknown_no_ground_truth,0.5792150656694263,-0.08817507626284504,0.25921971402285854,0.13722159996378538,5.626693767401954,0.8733076,1.1319028,-6.1547017,0.229500487620871,10.04248617148182,0.14730391602860315,0.17598872162969928,-0.13224221871191594,0.036630084449410474
87,2.9,approach,unknown_no_ground_truth,0.5795676833894317,-0.08808736797554509,0.25477491551849774,0.13085521069762338,7.108262838861191,0.8733076,1.1166734,-6.2301545,0.22733997552650234,9.88561126663643,0.14297663497585167,0.17675165154355066,-0.1274603219510661,0.029613383711592122
88,2.9333334,approach,unknown_no_ground_truth,0.5797565344499298,-0.08797810206908462,0.2505150575658459,0.12458754147844048,7.108262838861191,0.8733076,1.2805772,-5.4181104,0.22527221560201743,9.74269685574102,0.13880653766174844,0.17742693207233068,-0.12202200433927712,0.025153249266597018
89,2.9666667,approach,unknown_no_ground_truth,0.5798638816575218,-0.08785277504862718,0.24647768566564826,0.1173728414296758,7.108262838861191,0.8733076,1.0052304,-6.782286,0.22333240361518705,9.619279106176114,0.1348418419273135,0.17803100901299812,-0.1150581813459464,0.023194801370978176
90,3.0,approach,unknown_no_ground_truth,0.5800140201607882,-0.08772856434513773,0.24269842811657236,0.10923094960289435,7.108262838861191,0.8733076,1.5212449,-4.2257485,0.22157542904309402,9.495380155566854,0.13113599906620127,0.17860296891300678,-0.1065396050162524,0.024097985686172517
91,3.0333333,approach,unknown_no_ground_truth,0.5803097319391128,-0.08761824327411463,0.23921307528534788,0.10291919247929429,6.055552019836893,0.8733076,1.2040875,-5.7970705,0.22004671001163056,9.389008063272865,0.127739207914923,0.17917379648880216,-0.09933757649141572,0.026914792910259513
92,3.0666666,approach,unknown_no_ground_truth,0.5807576179169868,-0.08751675203221362,0.23588085740018225,0.09939522508077256,3.984254676972098,0.8733076,1.1702253,-5.964837,0.21867647577426583,9.30781670842074,0.12451349986143381,0.17976592950086456,-0.09475776608822324,0.030006274924205566
93,3.1,approach,unknown_no_ground_truth,0.5813307137643484,-0.08741571697857783,0.23266899449789247,0.0958376367906421,3.984254676972098,0.8733076,1.0032967,-6.7918663,0.21743355478050994,9.236881125966962,0.1214220291319372,0.18037195343503937,-0.09027473380385885,0.032176467522981145
94,3.1333334,approach,unknown_no_ground_truth,0.5819885640318792,-0.08730783843090464,0.22961484617521766,0.09202500061966051,3.984254676972098,0.8733076,1.278971,-5.4260683,0.2163124792782246,9.17176481415364,0.11849516959643927,0.18096956504838996,-0.08607546456147956,0.032551730208607924
95,3.1666667,approach,unknown_no_ground_truth,0.5826468780644225,-0.08717754859971903,0.22668155582640223,0.08824371987713762,3.984254676972098,0.8733076,1.1771492,-5.9305334,0.2152572058514293,9.120967486054203,0.11568364883848603,0.18152949639763355,-0.08273200232212062,0.030698043741049074
96,3.2,approach,unknown_no_ground_truth,0.5832325813927273,-0.08701327374367099,0.22387252297638693,0.08273807877654023,3.2467822542602374,0.8733076,1.1734352,-5.9489336,0.21423340791620538,9.093180949378082,0.1129797076842553,0.18202070958814406,-0.07840032836532018,0.026438195699460067
97,3.2333333,approach,unknown_no_ground_truth,0.5836686846645257,-0.08681016593223344,0.22127362367943362,0.0747441203281854,3.2467822542602374,0.8733076,1.1978531,-5.827958,0.21323966580350817,9.091083041414727,0.1104569649330486,0.18240179267148426,-0.0718281773375271,0.02067356921295926
98,3.2666667,approach,unknown_no_ground_truth,0.583952013599228,-0.08657795296234663,0.21896104932120986,0.0662546639302876,3.2467822542602374,0.87332237,1.1413919,-6.107689,0.21230208220279978,9.092203655935224,0.10819116679068139,0.1826659397263631,-0.06463738350498174,0.014549541097411547
99,3.3,approach,unknown_no_ground_truth,0.5840611575198262,-0.0863311084041935,0.21690028110314535,0.06074287609664066,4.1200180705249325,0.87332237,1.1682705,-5.974522,0.21140621031637677,9.061528052446661,0.1061478098682783,0.18282567713671938,-0.0600895989775437,0.008884654816582307
100,3.3333333,approach,unknown_no_ground_truth,0.5840155223065016,-0.08608046075906423,0.2149427048515555,0.059851218188694516,2.885246912927805,0.87332237,1.0762513,-6.430421,0.2105111084997918,9.021514552576571,0.10418519709120952,0.18292176335492982,-0.05952264829373521,0.0062627995953103595
101,3.3666666,approach,unknown_no_ground_truth,0.5839506407011885,-0.0858503905112627,0.2129408094109566,0.06282707155550088,2.885246912927805,0.87332237,1.041178,-6.604188,0.2096290307486205,8.972099069698979,0.10217963684741765,0.18304002935515482,-0.062175931564495614,0.009021887514660501
102,3.4,approach,unknown_no_ground_truth,0.5840474309332131,-0.08565437798808032,0.21077607188208863,0.06871251785747419,2.885246912927805,0.87332237,1.1835803,-5.898671,0.20879114959923656,8.911206119967344,0.10004012311446688,0.18326406608556162,-0.0666140337307017,0.0168517245538445
103,3.4333334,approach,unknown_no_ground_truth,0.5844536458865413,-0.08547530823852564,0.20840314049449882,0.07789124617671948,3.6928985835009747,0.87332237,1.1551733,-6.0394106,0.20801935762867943,8.84430752871794,0.09773869068379341,0.1836278886543822,-0.07310354090581465,0.026887144474529157
104,3.4666667,approach,unknown_no_ground_truth,0.5851587334368348,-0.08527951983125828,0.20571750587768534,0.08996958241953144,4.1200180705249325,0.87332237,1.1783077,-5.9247937,0.20725898677001983,8.787329418072025,0.0951665580586868,0.18411847768270803,-0.08234010066689523,0.03625787615002319
105,3.5,approach,unknown_no_ground_truth,0.5861104769650811,-0.08502904245306703,0.20265584864266534,0.10179952612040725,6.833542700932775,0.87332237,1.1131387,-6.2476664,0.20645678796479333,8.759605445068773,0.09224935552536917,0.1847010062286984,-0.09242977947686858,0.04266004435296481
106,3.5333333,approach,unknown_no_ground_truth,0.5871619301881323,-0.08469377517751239,0.19925976326741146,0.1105802243219987,7.914315098879834,0.87332237,1.013367,-6.741974,0.20556859926854512,8.754094635899726,0.08900457824498263,0.18530146803699224,-0.10194100261018287,0.04284878058864971
107,3.5666666,approach,unknown_no_ground_truth,0.5880562197576178,-0.08424753171672822,0.19558832901405387,0.1160487670173559,8.06603448961174,0.87332237,1.4087933,-4.7828774,0.20451762221431274,8.7509882508105,0.08545329473383703,0.18580955899879945,-0.1102444286970562,0.03624199590955564
108,3.6,approach,unknown_no_ground_truth,0.5886084854834199,-0.08370548116637129,0.19172415543524554,0.11699868978040999,8.06603448961174,0.87332237,1.3256469,-5.1948175,0.20328567735054912,8.788078894324604,0.08165495620704827,0.186165342485374,-0.11397082218246835,0.02644513379404227
109,3.6333334,approach,unknown_no_ground_truth,0.5888263462671248,-0.08313747933027288,0.18790629551017612,0.1104784399564677,8.06603448961174,0.87332237,1.1379582,-6.124701,0.20199570759107147,8.848851844985688,0.07785521988504948,0.1863889230127913,-0.10915460396778018,0.017051631237271922
110,3.6666667,approach,unknown_no_ground_truth,0.5887991878770782,-0.08261589451707023,0.18444244125849024,0.09632171798283524,7.914315098879834,0.87332237,1.2870317,-5.3861327,0.20080020897863837,8.907399975960193,0.07437796108171363,0.1865171381701744,-0.09587488104490692,0.00926717539435811
111,3.7,approach,unknown_no_ground_truth,0.5886163372486708,-0.08218753924965899,0.18155897880632998,0.07775175139209942,5.162613001841579,0.87332237,1.5563183,-4.0519814,0.1997970755677018,8.951920416470282,0.07146356683790736,0.1865792861499097,-0.07768611560187967,0.0031941019442435145
112,3.7333333,approach,unknown_no_ground_truth,0.5883423019757449,-0.08188111289753078,0.17933172132104946,0.05841587932349776,3.265881232716984,0.87332237,1.1967779,-5.833285,0.19902537377015436,8.951184316662117,0.06919889131812443,0.1866081800047684,-0.058401432271075755,0.0012991019299516291
113,3.7666667,approach,unknown_no_ground_truth,0.5880726701511959,-0.08169474726371667,0.17773434237325136,0.04063585386853657,2.3845533771596203,0.87332237,1.1790423,-5.921154,0.19849199028876643,8.94815352993885,0.06757014148535807,0.186636936827747,-0.04054197614779513,0.002760577775877623
114,3.8,approach,unknown_no_ground_truth,0.5878542132708549,-0.08160599917889252,0.17668123868316282,0.026569125927777788,1.8177972047583995,0.873315,1.26713,-5.484733,0.19816467601147914,8.94146058799308,0.0664960953140194,0.18667487277810946,-0.026331687052885636,0.003544109128541202
115,3.8333333,approach,unknown_no_ground_truth,0.5876522309178684,-0.08157267292414523,0.17601802699831556,0.017443936754181943,1.2626992573772442,0.873315,1.257183,-5.5340147,0.19796034732522008,8.92313708980753,0.06581469724434633,0.18669955741714228,-0.016968985936750645,0.004042826457103806
116,3.8666666,approach,unknown_no_ground_truth,0.5874693762386853,-0.08156440370592029,0.17558462024505284,0.011456303832145139,1.2626992573772442,0.873315,1.1533256,-6.048565,0.1978233284413443,8.908396150464013,0.06536483059183694,0.18671236755317638,-0.011112945774296083,0.002783762509981447
117,3.9,approach,unknown_no_ground_truth,0.5874113646720269,-0.0815797571460993,0.17529328294228705,0.0078162523174077,1.5134681301244655,0.87330014,1.2161982,-5.737069,0.19777317555324175,8.908396150464013,0.0650738333939356,0.18676087699470598,-0.007448861386775404,0.002368177427894214
118,3.9333334,approach,unknown_no_ground_truth,0.5875052395807522,-0.08161039020137144,0.17506680860019908,0.008540823668152155,1.5134681301244655,0.87330014,1.2235042,-5.7008724,0.19779890603260256,8.921239997346568,0.06486823789198617,0.18685962362287636,-0.0070619869650634425,0.004803541301554723
119,3.9666667,approach,unknown_no_ground_truth,0.5876414341737533,-0.08163312142508361,0.17477518770588218,0.01236069845700853,1.2626992573772442,0.87330014,1.2342566,-5.6476007,0.1978221680892749,8.934436444557525,0.06460303468198744,0.18697608964094653,-0.010970150656067344,0.005695845936143136
120,4.0,approach,unknown_no_ground_truth,0.5877642592296803,-0.08162732873978334,0.17428471305753537,0.019044840063016093,1.5134681301244655,0.87330014,1.1831514,-5.9007964,0.19778542665387902,8.977922707647348,0.0641368951658803,0.18709765812307178,-0.01805532136319454,0.006058985352155398
121,4.0333333,approach,unknown_no_ground_truth,0.5878665450757062,-0.08157654825903395,0.17352692969649625,0.027678679254063553,2.4607614818565304,0.87330014,1.1082515,-6.2718797,0.19766249270960176,9.00699365858782,0.06339934766250484,0.18721907953021835,-0.027018665756457172,0.006008409605725676
122,4.0666666,approach,unknown_no_ground_truth,0.5879143149588024,-0.08146629092687041,0.17245264477381556,0.03696632809925993,2.8286533434227192,0.87330014,1.1166767,-6.230138,0.19742437514185382,9.011767339060558,0.06233565238539551,0.18732498589840746,-0.03661960962483633,0.005051099292899411
123,4.1,approach,unknown_no_ground_truth,0.5878757194734952,-0.08129726953715907,0.17107840287742854,0.044665717506507045,3.091975317211968,0.87330014,1.2412268,-5.6130676,0.19706784487628212,9.046363642936058,0.060958042527178444,0.1874029149598189,-0.04448108137040531,0.004057058107850046
124,4.133333,approach,unknown_no_ground_truth,0.5877942063807766,-0.08108791533991483,0.16950151385394474,0.049530548912248736,2.8286533434227192,0.87330014,1.1598028,-6.0164742,0.1966428667612052,9.108023233014876,0.059370249600195074,0.18746623832166592,-0.04931533528067128,0.004612264270794067
125,4.1666665,approach,unknown_no_ground_truth,0.5877511045741671,-0.08087386938244218,0.1678059986091947,0.05192012672490003,2.8286533434227192,0.87330014,1.1386669,-6.1211896,0.19622489471022925,9.165623446891217,0.057670356434823336,0.1875588955307665,-0.05153340102704995,0.006325198630472057
126,4.2,approach,unknown_no_ground_truth,0.5877583485774315,-0.08067752081359231,0.16606477758941735,0.05262789992460087,2.8286533434227192,0.87330014,1.1903489,-5.865137,0.19584984716246895,9.167785553920202,0.05593469258970073,0.18769249531736246,-0.052158190029453086,0.007015629930752053
127,4.233333,approach,unknown_no_ground_truth,0.5877440294528122,-0.08050310084404005,0.16431712801037313,0.05353149638227864,1.9525218972926373,0.87330014,1.1534249,-6.048073,0.19550220753325184,9.14121052276843,0.05419314686124355,0.18784093266285273,-0.05305748225776477,0.007108071566387555
128,4.266667,approach,unknown_no_ground_truth,0.5877297626395064,-0.08034967194419118,0.1625111829761687,0.055315580438464705,1.7699499184690786,0.87330014,1.1694702,-5.9685783,0.19518416387482831,9.102658639920717,0.05239748869142401,0.18801957612532783,-0.05471369288419548,0.008137889789017503
129,4.3,approach,unknown_no_ground_truth,0.5877507392231172,-0.080211706779649,0.16064094802433487,0.056347462160987974,1.7085378863479845,0.87330014,1.0478096,-6.5713325,0.19490392763642822,9.063317266300263,0.0505455611296451,0.1882357225879173,-0.05548864863766004,0.009800324706369766
130,4.3333335,approach,unknown_no_ground_truth,0.5878356428224982,-0.0800828768545635,0.15876567126961064,0.057696892305468844,1.4925682441282688,0.87330014,1.087105,-6.3766475,0.1946716625624165,9.00885230716537,0.04869824874159214,0.18848219219416293,-0.0566088046294433,0.011152336980847954
131,4.366667,approach,unknown_no_ground_truth,0.5879390862511326,-0.07994620783497892,0.15680829098848661,0.058969151073972076,1.7085378863479845,0.87330014,1.2616539,-5.5118637,0.19445143878626484,8.963485517918036,0.04677164418016405,0.1887426166681299,-0.05793520639861537,0.010994209291021273
132,4.4,approach,unknown_no_ground_truth,0.5880043201060806,-0.07979753769356698,0.1548483968578151,0.05818208386636243,1.5723236203489215,0.87330014,1.3102205,-5.271246,0.19422619068970937,8.917424524574473,0.04483590508620786,0.1889803025845178,-0.05749325709743757,0.00892638064169214
133,4.4333334,approach,unknown_no_ground_truth,0.5879756518387569,-0.0796360210852039,0.15294208442799956,0.056467869916773085,1.4925682441282688,0.873315,1.1833588,-5.8997684,0.1939780621029991,8.876317917616111,0.042938763785299816,0.18916593546890306,-0.05624190877508871,0.005046586001665521
134,4.4666667,approach,unknown_no_ground_truth,0.5877893016057092,-0.07944421333164864,0.15110666602359915,0.05508429069682838,1.4925682441282688,0.873315,1.2241331,-5.6977563,0.1936674738267571,8.82243518199468,0.041086447838578954,0.1892590664207276,-0.05503476043894348,0.0023354282264279927
135,4.5,approach,unknown_no_ground_truth,0.587386976543163,-0.07920409674250489,0.14934311741530631,0.05553873729162802,1.5723236203489215,0.873315,1.2284292,-5.676472,0.19325558527794828,8.79138094723936,0.039269783021782134,0.18922369138811476,-0.0548592369965962,0.008661146350210435
136,4.5333333,approach,unknown_no_ground_truth,0.5867463163469302,-0.07890186652020031,0.1475956641227608,0.058156091561949126,1.5723236203489215,0.873315,1.1474102,-6.0778723,0.19271990992723972,8.76654794171184,0.037429168627468895,0.18905031345707915,-0.055956827446644555,0.015841857462692226
137,4.5666666,approach,unknown_no_ground_truth,0.5858692408572206,-0.07853753040987324,0.14583828728780993,0.06120396196209935,1.608133018577851,0.873315,1.010831,-6.7545385,0.1920622028752384,8.744961050853645,0.035539331179132855,0.18874545216409624,-0.05695392976863363,0.022409257992348906
138,4.6,approach,unknown_no_ground_truth,0.5847966281225365,-0.07813068644620319,0.14409530373264506,0.06348699817485749,1.608133018577851,0.873315,1.0677373,-6.4726024,0.19131716116661898,8.726594090090005,0.03363224335585476,0.18833780386238613,-0.05741070644495348,0.02710368467101355
139,4.633333,approach,unknown_no_ground_truth,0.5836098435772695,-0.07771480618320922,0.14235518666584102,0.06179695712440827,1.608133018577851,0.873315,1.075811,-6.4326024,0.19054562865567648,8.707387275360409,0.03171195415620236,0.18788823423349815,-0.05456509849236271,0.02900885961830817
140,4.6666665,approach,unknown_no_ground_truth,0.5824338797179698,-0.07733898590809815,0.14081455252169278,0.0544814218845481,1.608133018577851,0.873315,1.480032,-4.4299335,0.18983208195696946,8.686305799906817,0.029994573360906204,0.1874474457255014,-0.04675906877656113,0.027960951659608126
141,4.7,approach,unknown_no_ground_truth,0.5813781893013734,-0.07703745323085462,0.1395707654932049,0.04510914595223753,1.608133018577851,0.873315,1.4778135,-4.4409246,0.1892366147187242,8.637147311719012,0.028594685679099917,0.18706373325986075,-0.037687891793550886,0.024788260541995837
142,4.733333,approach,unknown_no_ground_truth,0.5804837009925174,-0.07680599360158655,0.1385882512466366,0.03599295085842779,1.5806523401602512,0.873315,1.2963071,-5.3401785,0.18876233017644833,8.613262608582627,0.02748204947772368,0.1867510488595618,-0.02944817410097415,0.020695351014561533
143,4.766667,approach,unknown_no_ground_truth,0.5797650406511748,-0.07663158565469552,0.13784132307237307,0.028476629213711722,1.5806523401602512,0.873315,1.2814033,-5.4140177,0.18839673473170504,8.5918811802837,0.026631451616082144,0.18650494750110175,-0.023084153401892477,0.01667453966660297
144,4.8,approach,unknown_no_ground_truth,0.5791887268583237,-0.0764930929121768,0.13723579009621556,0.02368245305224464,1.5806523401602512,0.873315,1.3458647,-5.0946507,0.18810885567739485,8.570708878469556,0.025943108034780095,0.1863112898612285,-0.019618620768289845,0.013265304433815225
145,4.8333335,approach,unknown_no_ground_truth,0.5787227946315296,-0.07638410900486298,0.13668150458818507,0.021614043118257938,1.5806523401602512,0.873315,1.3159496,-5.242862,0.18788428941744936,8.570708878469556,0.025323544729025548,0.1861698801961717,-0.018680174614336683,0.010872807194823456
146,4.866667,approach,unknown_no_ground_truth,0.5783099269921835,-0.07630408630014776,0.13610961037926567,0.020225319095991335,1.7615095218146473,0.873315,1.3089026,-5.2777753,0.18770701263400652,8.570708878469556,0.024697764168966595,0.1860751005294292,-0.018058487264201287,0.009107939957166581
147,4.9,approach,unknown_no_ground_truth,0.5779684711154912,-0.07627748277393165,0.13556899221156388,0.0178514222258287,2.3133060449808505,0.873315,1.2628518,-5.505929,0.18760332754667075,8.608277470217716,0.024119646649663706,0.18604636828511006,-0.015906473794208415,0.00810292335635553
148,4.9333334,approach,unknown_no_ground_truth,0.5776805540079277,-0.07636809988051868,0.1351015850543308,0.01595861343425497,2.620197664726645,0.873315,1.2228384,-5.704171,0.18762566144533463,8.673984826993378,0.023637333526571155,0.18613077471646905,-0.012968397177951296,0.009300431031887069
149,4.9666667,approach,unknown_no_ground_truth,0.5774138041642162,-0.07658470987596488,0.13471467765179773,0.01597651352485755,2.620197664726645,0.873315,1.2419095,-5.6096854,0.18777147085567733,8.744075917176868,0.023255087607340862,0.18632586016889707,-0.010407302909370338,0.012121758558994977
150,5.0,approach,unknown_no_ground_truth,0.5771248869698802,-0.07692581567174583,0.13438421126735778,0.01762891787002103,2.620197664726645,0.873315,1.230465,-5.6663857,0.1880271938288759,8.809473805137799,0.02294351395017918,0.18662213370010428,-0.008473738394302651,0.01545880017636776
151,5.0333333,approach,unknown_no_ground_truth,0.5768183911982139,-0.07738823718171473,0.13409737409776523,0.02018831835418698,2.620197664726645,0.873315,1.167532,-5.978181,0.18839195158333996,8.87323175074858,0.02269017221721628,0.1870205430056618,-0.007040406932707818,0.018920910871093984
152,5.0666666,approach,unknown_no_ground_truth,0.5765030686629595,-0.07798301447693923,0.13383005996309597,0.02343486801260396,2.620197664726645,0.873315,1.1355902,-6.1364326,0.1888804391286584,8.901692618110065,0.022474153905774175,0.18753861653444712,-0.00581616056655912,0.022701658860800705
153,5.1,approach,unknown_no_ground_truth,0.5762134303454737,-0.07873310834584703,0.13358143076422188,0.026055174478622406,2.620197664726645,0.873315,1.1818262,-5.9073615,0.18952500724859547,8.938426439672243,0.022302428524574796,0.18820820931746415,-0.0044695472133773504,0.025668955273225418
154,5.133333,approach,unknown_no_ground_truth,0.5759778302906466,-0.0795703218768616,0.13335912057359764,0.027442628291434103,2.620197664726645,0.8733076,1.2091107,-5.7721834,0.19026841639449732,8.990958290112896,0.022176184356770507,0.18897165693469573,-0.0027964858088203605,0.027299771329864393
155,5.1666665,approach,unknown_no_ground_truth,0.5758226402262775,-0.08047552666874702,0.13318348974231578,0.028277511600612596,2.7308726377218444,0.8733076,1.2153146,-5.741447,0.19109846714362336,9.071255919997457,0.022115996303262695,0.18981440106629568,-0.0005823604925612206,0.0282715142604616
156,5.2,approach,unknown_no_ground_truth,0.5757621531127216,-0.0814210582448204,0.1330725752862717,0.027588861625216957,3.022859127357518,0.8733076,1.2398531,-5.6198735,0.1919912272046449,9.185257683189317,0.022137360358490205,0.1907106934597636,0.0017760281616498465,0.027531636524994213
157,5.233333,approach,unknown_no_ground_truth,0.5758206166869573,-0.0823085186065593,0.13303183758823725,0.024659406185495367,3.022859127357518,0.8733076,1.2787105,-5.427359,0.19285877034782534,9.255828401468785,0.022234398075317074,0.19157279776185232,0.003220259498912589,0.024448235972783606
158,5.266667,approach,unknown_no_ground_truth,0.5759604819002322,-0.08305225104536632,0.13302279351054125,0.019792963343628515,3.022859127357518,0.8733076,1.2587613,-5.526195,0.1936104328702146,9.360813021879009,0.022352032254977484,0.19231585054348566,0.0030354963031883784,0.01955881285036369
159,5.3,approach,unknown_no_ground_truth,0.5761318029143087,-0.08359060851913307,0.13300664081258112,0.01397048280018643,3.022859127357518,0.8733076,1.2692878,-5.4740424,0.19417522646590057,9.45696851141819,0.02243677992172107,0.19287459521623895,0.0012548121636541739,0.013914015815150218
160,5.3333335,approach,unknown_no_ground_truth,0.576274205213533,-0.0839249913759492,0.13293710695545335,0.008910809211768067,3.022859127357518,0.8733076,1.2410947,-5.6137223,0.194540045746342,9.508660915168566,0.022435686324760947,0.19324199693163435,-0.001907600451728405,0.008704227784536445
161,5.366667,approach,unknown_no_ground_truth,0.5763381205068554,-0.08409705350272831,0.13277459341688325,0.007044892896700635,3.7933705073168986,0.8733076,1.2245951,-5.695468,0.1947330370319905,9.51008720554044,0.022309606671468904,0.1934508649809221,-0.0057672791434309,0.004045862974413495
162,5.4,approach,unknown_no_ground_truth,0.5763149336086094,-0.08411833304853708,0.13251103199305447,0.009014626412135695,3.535549995674793,0.8733076,1.1923811,-5.855068,0.19476351389948432,9.51008720554044,0.02205120139076074,0.19351116470038296,-0.008947193134693845,0.0011005563869524435
163,5.4333334,approach,unknown_no_ground_truth,0.5762396934526087,-0.0840797293350643,0.13218198696312705,0.010187752966575954,2.9093818006446712,0.8733076,1.189474,-5.8694715,0.1947265128513373,9.51008720554044,0.021713127660079594,0.19351215696813243,-0.010135071551782606,0.0010347150082143817
164,5.4666667,approach,unknown_no_ground_truth,0.5761596852236035,-0.0840251489031481,0.13185642974608205,0.009350058922251886,2.661010846177491,0.8733076,1.1651981,-5.9897437,0.19467322657939992,9.497773342316318,0.021375530555387167,0.1934961287476059,-0.009317843447006794,0.0007754968385845632
165,5.5,approach,unknown_no_ground_truth,0.5761085377628123,-0.08398749134140882,0.13157962578623844,0.0078063083525219375,2.661010846177491,0.8733076,1.1961064,-5.8366117,0.19464156138114633,9.48616984869703,0.02109193864986367,0.1934953941076659,-0.007797613213990958,0.0003683452994777834
166,5.5333333,approach,unknown_no_ground_truth,0.5760763513264573,-0.08396755375575035,0.1313459639446647,0.006992577723676376,2.567455303170627,0.8733076,1.1661975,-5.984792,0.19462961551324695,9.480017735010723,0.020855690137162326,0.19350898538242872,-0.006977169908365748,0.0004639431985174215
167,5.5666666,approach,unknown_no_ground_truth,0.5760404909821075,-0.08394927244494652,0.131120033840246,0.007947742091703609,1.7811257244758716,0.8733076,1.1578554,-6.0261226,0.1946179373051443,9.475239436360432,0.020626794403329006,0.19352177364201648,-0.007896149280439668,0.0009041188512852619
168,5.6,approach,unknown_no_ground_truth,0.5759669540285605,-0.08393431843907048,0.1308285979146895,0.01079850300730317,1.7811257244758716,0.8733076,1.1059498,-6.283283,0.19460373625078417,9.460484810468312,0.020329280653688008,0.19353897413923724,-0.01062777545877256,0.0019126045060720992
169,5.633333,approach,unknown_no_ground_truth,0.575839537078316,-0.08391061642060145,0.13042983197383348,0.014782512547600069,1.7811257244758716,0.8733076,1.1029766,-6.2980137,0.19457433362941798,9.433580520609063,0.01991827667005965,0.19355214687992234,-0.014486696827330996,0.0029424976215710976
170,5.6666665,approach,unknown_no_ground_truth,0.5756583167932203,-0.083858945698641,0.12989571411872364,0.019569988616602196,1.7811257244758716,0.8733076,1.1648123,-5.991655,0.19451432366792537,9.39728822691822,0.019363501724835266,0.19354812557331247,-0.019123327422390625,0.004157259042925078
171,5.7,approach,unknown_no_ground_truth,0.5754168013399095,-0.08382227765385554,0.12919871830787302,0.025008818049022292,2.1889749067208126,0.8733076,1.1555713,-6.0374384,0.19446644455981724,9.354399093384522,0.018643389310005788,0.1935707160052161,-0.02408910667826004,0.006719815447801431
172,5.733333,approach,unknown_no_ground_truth,0.5750926809537145,-0.08389261429187128,0.12832770414928646,0.032133301130583984,2.2804927164238156,0.8733076,1.1497566,-6.066247,0.19451530621196197,9.311381242399856,0.01775756270905786,0.19370305448641542,-0.029527471271568132,0.012675862174049887
173,5.766667,approach,unknown_no_ground_truth,0.5746411873120258,-0.08419879915753883,0.1272376165686869,0.04108685712668047,2.9721329819420657,0.8733076,1.1620592,-6.0052953,0.19477854989196597,9.256875714421271,0.016674862800759204,0.19406347530793355,-0.03498597779190599,0.02154323992561275
174,5.8,approach,unknown_no_ground_truth,0.5740834968856321,-0.0847979392557959,0.12594764106457876,0.049905869459217767,3.1588111466480635,0.8733076,1.1745137,-5.9435906,0.19531953457803294,9.196351383633548,0.0154251654582696,0.19470948836244326,-0.03926949248373508,0.030797772103682404
175,5.8333335,approach,unknown_no_ground_truth,0.5734664188426104,-0.08568380799507411,0.12450193332940307,0.0563891988817672,3.1588111466480635,0.8733076,1.1701372,-5.965274,0.19614554782198676,9.13807344793012,0.014056898965416072,0.19564120098247043,-0.04152134107340725,0.0381538986997827
176,5.866667,approach,unknown_no_ground_truth,0.5728598320223339,-0.0867731498737293,0.1229924172630602,0.05735569723153063,3.1588111466480635,0.8733076,1.254929,-5.545182,0.19718937640399548,9.08605922163414,0.012657078517238966,0.19678274449251149,-0.04035521594262886,0.040756993892322395
177,5.9,approach,unknown_no_ground_truth,0.5723694392982066,-0.08788679914312052,0.12157546410914981,0.05129048590112225,3.1588111466480635,0.8733076,1.3318193,-5.164237,0.19828972904948874,9.060424214554509,0.011366553630573189,0.19796367875214627,-0.03541978839497308,0.03709652994592016
178,5.9333334,approach,unknown_no_ground_truth,0.572058631712599,-0.0888335290767236,0.12038378605825654,0.0400837508973399,1.6672166323398565,0.8733076,1.321222,-5.2167406,0.19925998558107522,9.053220977731335,0.01029576139270643,0.19899381686654175,-0.027804442160404685,0.028872479667474138
179,5.9666667,approach,unknown_no_ground_truth,0.5719305996595608,-0.08951357556767241,0.11950135564860467,0.0268473644125393,0.8128274962692398,0.8733076,1.417603,-4.739231,0.1999893283325761,9.053164402836922,0.009512925803119639,0.19976294874069933,-0.018745100037522836,0.019219838721564315
180,6.0,approach,unknown_no_ground_truth,0.5719586884398233,-0.08991597417833912,0.1189618897028818,0.015118938628662239,0.8128274962692398,0.8733076,1.358853,-5.0303016,0.20045150152120333,9.053164402836922,0.009046089169199863,0.20024727896490344,-0.010024518773758853,0.011317743971826343
181,6.0333333,approach,unknown_no_ground_truth,0.5720817903780133,-0.09011935859399287,0.11871009852235428,0.007539348409711406,0.8128274962692398,0.8733076,1.3569804,-5.039579,0.2007107875679572,9.053220977731335,0.008844625146387484,0.20051581696257662,-0.0025379016803732802,0.007099354161032987
182,6.0666666,approach,unknown_no_ground_truth,0.5722822730625756,-0.09020170846583189,0.11870444346038578,0.007218778218689612,0.8128274962692398,0.8733076,1.4154757,-4.7497706,0.20084199699723418,9.060731726097243,0.008876895874439916,0.20064572877953663,0.0032704411917049035,0.006435446634245939
183,6.1,approach,unknown_no_ground_truth,0.5725239843192068,-0.09024053616505864,0.11885632942041348,0.009109824353399623,0.8128274962692398,0.8733076,1.4961187,-4.3502336,0.20092178388070028,9.073591551017916,0.009062654365100859,0.20071729256260296,0.006447288487891859,0.006435943668467739
184,6.133333,approach,unknown_no_ground_truth,0.572762742164852,-0.09027340135272996,0.11906892730030896,0.009205014367234865,0.8128274962692398,0.8733076,1.5878953,-3.8955367,0.20098762259271274,9.089664439861458,0.00930671472438599,0.20077203365137694,0.0070445402739019725,0.005925094246539323
185,6.1666665,approach,unknown_no_ground_truth,0.5729761158786963,-0.0903067672435296,0.11926593628082713,0.007594685675210199,0.8128274962692398,0.8733076,1.6341748,-3.6662495,0.20104980048089757,9.104501838433478,0.009532289965340203,0.20082369810713424,0.00580427555221377,0.004897921581570751
186,6.2,approach,unknown_no_ground_truth,0.5731360122945788,-0.09033859151445894,0.11940474186398908,0.005302513253282525,0.6339150456095883,0.8733076,1.6432652,-3.621212,0.2011043112744314,9.114202782702451,0.009693666083443034,0.20087054749521172,0.003952263412147597,0.0035350050526464965
187,6.233333,approach,unknown_no_ground_truth,0.5732430321815245,-0.09035882165628131,0.11949178728837892,0.003846983490802866,0.6339150456095883,0.8733076,1.6526515,-3.5747087,0.20114063541379884,9.117158860613985,0.009795773958290656,0.20090196123289794,0.002805903602777545,0.002631764987689781
188,6.266667,approach,unknown_no_ground_truth,0.573333896449211,-0.0903697224016024,0.11956483823505895,0.0038875246506730357,0.6339150456095883,0.8733076,1.6086373,-3.7927723,0.2011656524412931,9.12008650915024,0.00988071432967802,0.20092284889097717,0.00283374017949473,0.0026613463706755057
189,6.3,approach,unknown_no_ground_truth,0.5734431455595093,-0.09039110344397952,0.11965333820706812,0.005207193623492973,0.6339150456095883,0.8733076,1.5612949,-4.027325,0.20120364719470524,9.125211373787202,0.00998470378329033,0.20095574969333763,0.00381670294560472,0.0035422653849702074
190,6.3333335,approach,unknown_no_ground_truth,0.5735994328609989,-0.09042789686065773,0.11978074665275121,0.007596336436302716,0.7127072376859032,0.8733076,1.5822371,-3.9235692,0.2012639977581627,9.135811561911817,0.010135160966236387,0.20100864485336492,0.005583723688973302,0.005150374454221619
191,6.366667,approach,unknown_no_ground_truth,0.5738288503888751,-0.0904817122870615,0.11996875070252042,0.009714268912454731,0.9817604343411436,0.8733076,1.5601873,-4.0328126,0.20135262506907267,9.151107649093822,0.010356951697885492,0.20108608398826164,0.0071538683522498125,0.006571848149657978
192,6.4,approach,unknown_no_ground_truth,0.5740918967452548,-0.09054334241257708,0.12018517202365853,0.010904043519605063,0.9817604343411436,0.8733076,1.6263415,-3.705059,0.2014545743035225,9.16710884096351,0.010612085098544763,0.20117487208315732,0.008035796601939753,0.007370491031789855
193,6.4333334,approach,unknown_no_ground_truth,0.5743813633817046,-0.09061055153834613,0.12042324513438862,0.011571698523562643,1.0032635692932874,0.8733076,1.5846342,-3.9116933,0.2015668170917456,9.183550880702583,0.010892670994506515,0.20127228192451802,0.008531248881460828,0.007818055975931307
194,6.4666667,approach,unknown_no_ground_truth,0.5746780462474284,-0.09067990466240172,0.12066777772319603,0.012145873496276851,1.051817028745936,0.8733076,1.567656,-3.9958096,0.2016829235109555,9.20374116800644,0.011180834517733884,0.2013727652276071,0.008952544268277893,0.00820817848929256
195,6.5,approach,unknown_no_ground_truth,0.5749974080017832,-0.09074811211408607,0.12093041311461122,0.01309554460319115,1.2851184403337732,0.8733076,1.5846077,-3.9118245,0.2018025869434567,9.218779675650852,0.011489506747817232,0.20147524744187129,0.009638027812803032,0.008865760448703998
196,6.5333333,approach,unknown_no_ground_truth,0.5753441314248533,-0.09081905066550684,0.12121473289733498,0.014602208579533283,1.4170250651321017,0.8733076,1.5670594,-3.9987657,0.20193053056516028,9.241178672057707,0.011823369133336595,0.20158409440395833,0.010746230262187198,0.009886507500237254
197,6.5666666,approach,unknown_no_ground_truth,0.5757399886342663,-0.09090509694716725,0.12153999699187665,0.016559206966165776,1.4210664803278386,0.8733076,1.5818058,-3.9257061,0.20208250342318498,9.264104220359526,0.012205921460951834,0.20171354359851656,0.01225861205169014,0.011132554330182738
198,6.6,approach,unknown_no_ground_truth,0.5761808956066223,-0.0910046193722695,0.12191049654820901,0.018638843656549928,1.731986625648118,0.8733076,1.6687702,-3.4948506,0.20225578354330173,9.292315872299856,0.012640609209360443,0.2018603898131854,0.013983699841641927,0.012323255722096131
199,6.633333,approach,unknown_no_ground_truth,0.5766694797819372,-0.0911174208231835,0.12233686014608605,0.019942642119225258,1.749439416556992,0.8733076,1.6990784,-3.3446918,0.20245022748107427,9.32130069969548,0.013138167287272982,0.20202347182312838,0.015220931986126025,0.012885348430260747
200,6.6666665,approach,unknown_no_ground_truth,0.5771585968211375,-0.09122636525256567,0.12278372125934778,0.020332814223896857,1.749439416556992,0.8733076,1.7873354,-2.907432,0.20264084013064296,9.357144909002654,0.013655337105230246,0.2021802212319378,0.015854335362439926,0.0127304117953344
201,6.7,approach,unknown_no_ground_truth,0.5776445610370151,-0.09132142329918079,0.12325611707750804,0.02042514155040806,1.7551972761042574,0.8733076,1.9122952,-2.2883322,0.20281662311859375,9.390966634337273,0.014195122037311093,0.20231925544439794,0.01629503647381431,0.012314958127061053
202,6.733333,approach,unknown_no_ground_truth,0.5781117155408133,-0.09140682674853941,0.12373931367475181,0.020181294588944226,1.7551972761042574,0.8733076,2.0217874,-1.7458652,0.2029788838520791,9.423226664028249,0.014741671903208912,0.2024428571210502,0.01635109015339904,0.011829053304519615
203,6.766667,approach,unknown_no_ground_truth,0.5785665623424696,-0.09148758149623473,0.124221723983687,0.019628462960032022,1.7551972761042574,0.8733076,2.0456455,-1.627663,0.20313540610851463,9.45250155486998,0.015285188206999435,0.202559512826102,0.015930153827817557,0.011467639565116212
204,6.8,approach,unknown_no_ground_truth,0.5790065543439278,-0.09155534024537247,0.12468252720245691,0.018926169367858865,1.748591125131405,0.8733076,2.0206387,-1.7515563,0.2032795106612072,9.484128403411907,0.015803702354124715,0.20266426040760635,0.015246422119603508,0.011213674664967952
205,6.8333335,approach,unknown_no_ground_truth,0.5794386049873572,-0.09160739778167798,0.1251257053699411,0.018032354027381948,1.6740062611772502,0.8733076,2.0791368,-1.4617336,0.2034100061279453,9.515617870133248,0.016301615443588484,0.20275573463382013,0.014388385233526674,0.01086923006199011
206,6.866667,approach,unknown_no_ground_truth,0.5798457395295612,-0.09161771055489601,0.12554104737854888,0.016716522720521647,1.5630734163748503,0.8733076,2.0225391,-1.7421408,0.20349798150643258,9.535557843056516,0.01676292718255761,0.2028063922795942,0.013160002098620333,0.010308078221958972
207,6.9,approach,unknown_no_ground_truth,0.580215888366482,-0.09157128575133772,0.12592350815846853,0.015201321219282578,1.1644835813093695,0.8733076,2.053991,-1.5863156,0.2035258336497236,9.54083016820452,0.017178948135919504,0.20279952836177492,0.011745306871840857,0.00965028151392998
208,6.9333334,approach,unknown_no_ground_truth,0.580520474332524,-0.09144310135616843,0.12627675500301852,0.01381963320552265,1.1644835813093695,0.8733076,2.0604303,-1.5544132,0.2034606699196749,9.54083016820452,0.01754594694371755,0.2027026984280455,0.010167855741594746,0.009359325379176803
209,6.9666667,approach,unknown_no_ground_truth,0.5807167857173948,-0.0912032942059503,0.12660357624945223,0.013982018034360935,1.1644835813093695,0.8733076,2.0782893,-1.4659328,0.20326080171109165,9.537092448361674,0.017856804582001826,0.20247490719186886,0.008619354066102623,0.01100924901146098
210,7.0,approach,unknown_no_ground_truth,0.5807998359228669,-0.09082655613182318,0.12691761562274742,0.016318949350253447,1.1644835813093695,0.8570719,2.1438727,-1.1410067,0.2028990251765726,9.529031342220554,0.01812057003665466,0.20208824646463272,0.007403247196719519,0.014543040907609453
211,7.0333333,approach,unknown_no_ground_truth,0.5807877755340117,-0.09031619873339047,0.12722936499346454,0.019572191730870932,2.2705314357507684,0.8570719,2.102251,-1.3472168,0.2023826700124905,9.488936570755415,0.01835035395581011,0.20154902537864355,0.0065258278511013835,0.018452215585337228
212,7.0666666,approach,unknown_no_ground_truth,0.5806937552046205,-0.0896871457646877,0.12754453209394984,0.022349903577533078,2.2705314357507684,0.8570719,2.1006062,-1.355366,0.2017291843164702,9.420396531198698,0.018555624839487545,0.20087397191225295,0.006037713395072405,0.02151892671310512
213,7.1,approach,unknown_no_ground_truth,0.5805546740652432,-0.08899012286794675,0.12786753691096941,0.023364857173699204,2.2705314357507684,0.8570719,2.2173457,-0.7769928,0.20099733864478736,9.366657664342569,0.018752867823872275,0.20012061385741275,0.005920026183097937,0.022602429974204058
214,7.133333,approach,unknown_no_ground_truth,0.5804157384204698,-0.08829710142825317,0.1281901131286074,0.022439895558638234,2.2705314357507684,0.8570719,2.0924847,-1.3956031,0.20026974483101603,9.323217480897355,0.018950292900401584,0.1993711541163096,0.005709055972894424,0.02170151129716432
215,7.1666665,approach,unknown_no_ground_truth,0.5803007074469662,-0.08765267566065588,0.12848780065159357,0.020166296075045737,2.0369782388822797,0.8570719,2.1082983,-1.3172563,0.1995979374533438,9.28565496988714,0.019133471216625002,0.1986787530533437,0.005047256400204556,0.019524464146731382
216,7.2,approach,unknown_no_ground_truth,0.5802234973142315,-0.08708483910614864,0.12873867910884765,0.01735892687920628,1.48904003839544,0.8250954,2.0876398,-1.4196066,0.19901443287927867,9.264108198327165,0.019286776360912635,0.1980776735320391,0.0036440306982130632,0.0169721354775441
217,7.233333,approach,unknown_no_ground_truth,0.5801669314850137,-0.08658427817933269,0.12891192714791147,0.014866449193110077,1.0716693551037049,0.8250954,2.0799248,-1.4578297,0.19850761769780106,9.242788505338526,0.01937640638027024,0.1975596850570555,0.0018186488079551134,0.01475479000611824
218,7.266667,approach,unknown_no_ground_truth,0.5801403494774269,-0.08613644646274582,0.1290142375209539,0.012718414061027852,0.9966284047695132,0.8250954,2.12987,-1.210382,0.19806579974883468,9.203966556882037,0.01940800602385691,0.19711263361926706,0.0002784655284824014,0.01271536523963028
219,7.3,approach,unknown_no_ground_truth,0.5801376350189144,-0.08574972112798203,0.12905883775586016,0.010585870519828202,0.8965333996417463,0.8250954,2.073702,-1.4886595,0.1976939757854783,9.177978450665565,0.01939498501700691,0.1967402923095809,-0.0009173533242292486,0.010546047484299194
220,7.3333335,approach,unknown_no_ground_truth,0.5801200554194423,-0.0854324523814193,0.12905925920578296,0.008117999175336536,0.8545545815515754,0.8250954,1.987931,-1.913603,0.19738726868150241,9.159722356193619,0.019346849190010427,0.19643684293930866,-0.0014162153329905461,0.007993512665991537
221,7.366667,approach,unknown_no_ground_truth,0.5800978172675948,-0.08521009585213644,0.12904806893847737,0.005098240865288328,0.7965620843278414,0.8250954,1.9858845,-1.9237419,0.19717026741143948,9.149027092136837,0.01930057074551198,0.19622334805011366,-0.001060116932975861,0.004986803786887322
222,7.4,approach,unknown_no_ground_truth,0.5800733433729115,-0.08509617117253573,0.1290433534229969,0.0025331677236780713,0.44861875664272516,0.81959975,1.9453925,-2.1243556,0.1970550532085346,9.140760526001594,0.019276174790719032,0.19610997700386393,-0.0005322728426217301,0.0024766155004949243
223,7.4333334,approach,unknown_no_ground_truth,0.5800366797784154,-0.08505274492176546,0.12904331825582946,0.0013343083770713136,0.3835547481455424,0.81959975,2.0070846,-1.8187085,0.19700272653026926,9.129917038480631,0.019265085920922104,0.19605848802033424,-0.00024889573471406764,0.0013108889191551767
224,7.4666667,approach,unknown_no_ground_truth,0.5799962164716643,-0.08505185210084183,0.12904314904800515,0.0011549361583492025,0.17601983996153261,0.81959975,2.0793457,-1.4606988,0.19698966221934186,9.127812591700668,0.01925958175650748,0.19604590159412874,-0.0001532038787541947,0.0011447297066980854
225,7.5,approach,unknown_no_ground_truth,0.5799601929140668,-0.08506142330919167,0.1290416511633352,0.0008802730506044711,0.17406696579944528,0.81959975,2.0298839,-1.7057521,0.1969879932335099,9.126874056591829,0.019254872338096224,0.1960446871746566,-0.00010042076235127962,0.0008745263370015162
226,7.5333333,approach,unknown_no_ground_truth,0.5799395075212412,-0.08506686503348557,0.12904153206433946,0.00045529693267077156,0.17370267776450474,0.81959975,1.9301976,-2.199637,0.19698692632834577,9.124633346869542,0.019252887044976345,0.1960438101158068,-6.931430756581505e-05,0.00044998980395791714
227,7.5666666,approach,unknown_no_ground_truth,0.5799304183667624,-0.08506708690142231,0.12904000469851024,0.0003710929095015441,0.10518515622534583,0.81959975,1.8609483,-2.5427248,0.19698451758349567,9.122244784759314,0.019250251388371588,0.19604164860836845,-0.00017270063439921951,0.0003284576660095305
228,7.6,approach,unknown_no_ground_truth,0.5799163106338177,-0.08506559410128808,0.12903302722649956,0.0004348830250320339,0.07798144235141656,0.81959975,1.8702104,-2.496837,0.1969794089450522,9.120987044185549,0.01924137367959773,0.19603738696295714,-0.0002342438296357152,0.0003664056136832604
229,7.633333,approach,unknown_no_ground_truth,0.5799041859281768,-0.08506501699628115,0.1290278342046901,0.00031107966713464177,0.07798144235141656,0.81959975,1.866197,-2.516721,0.1969756244583167,9.120033436651818,0.01923463514696251,0.1960342455835384,-0.00014885465578318914,0.0002731535296427044
230,7.6666665,approach,unknown_no_ground_truth,0.5798969771792715,-0.08506418841183293,0.12902565618983486,0.00018042548247448515,0.05365541820280652,0.81959975,1.9109269,-2.2951114,0.19697283963903375,9.119445258104859,0.01923145004471182,0.19603175988763216,-7.557278042924614e-05,0.00016383561756939092
231,7.7,approach,unknown_no_ground_truth,0.5798927135494076,-0.08506408420412044,0.12902434196426835,0.00014346576730502142,0.038034074717097556,0.81959975,1.8850482,-2.4233248,0.19697156133176097,9.11903279552023,0.019229596966085016,0.19603065722991803,-7.070696313431183e-05,0.00012483169370292794
232,7.733333,approach,unknown_no_ground_truth,0.579888118794867,-0.08506379885490606,0.12902207086433912,0.000398512080832307,0.03358614221081842,0.81959975,1.8380721,-2.6560628,0.1969700890050094,9.118681762761545,0.01922673625136528,0.19602945843867894,-0.0002804563529699887,0.0002831185487531121
233,7.766667,approach,unknown_no_ground_truth,0.5798715984923958,-0.08506040023205445,0.12900858512128105,0.0007493294071902868,0.03358614221081842,0.81959975,1.9256428,-2.222203,0.19696297548676933,9.118867103851873,0.019210886069838624,0.1960238647946045,-0.0005656730138782433,0.0004914352468535925
234,7.8,approach,unknown_no_ground_truth,0.5798510106330308,-0.08505533815346514,0.128989765861185,0.00010607107399221923,0.03358614221081842,0.81959975,1.8788967,-2.4538016,0.19695349225703743,9.119130098132745,0.019189038072685644,0.19601647616995854,-8.414304758742754e-05,6.458343658061837e-05
235,7.8333335,approach,unknown_no_ground_truth,0.5798667067091214,-0.08505874538638983,0.12900375432207914,0.0023946090858498795,0.03358614221081842,0.81959975,1.9366453,-2.1676927,0.1969603217031989,9.119142145394605,0.019205276538325815,0.19602174797331554,0.0018412394278542498,0.0015310094850619809
236,7.866667,approach,unknown_no_ground_truth,0.5799676285743807,-0.08508027736034648,0.12909589488333634,0.0064190260926696935,0.08859554407542633,0.81959975,1.9589435,-2.0572186,0.19700374784776548,9.120644768407276,0.019311787258617354,0.19605491970094469,0.004908855668129879,0.004136064797345843
237,7.9,approach,unknown_no_ground_truth,0.5801811747661978,-0.08512568774349438,0.1292861665429038,0.011043012840176855,0.6975703104325036,0.81959975,2.1099162,-1.3092406,0.19709615672293543,9.131906547158065,0.019532533291577878,0.19612591653875155,0.00841759211250422,0.007147886094211187
238,7.9333334,approach,unknown_no_ground_truth,0.5805103980625119,-0.08519669198000984,0.12957946458320063,0.015136792774266371,1.4839763262123171,0.8135206,2.1006563,-1.3551179,0.1972403195399979,9.157234121638432,0.019872959566620396,0.19623661516216576,0.011537786926412236,0.009798059416629066
239,7.9666667,approach,unknown_no_ground_truth,0.5809250354131744,-0.08528676242655403,0.12994877251460402,0.017213258329179387,1.4839763262123171,0.8135206,2.090361,-1.4061242,0.1974237900244568,9.188585016922586,0.020301718402023425,0.19637717051008186,0.013114683817086414,0.011149050662945042
240,8.0,approach,unknown_no_ground_truth,0.5813565969582528,-0.08538096582224822,0.1303323659795012,0.016159660866011945,1.4839763262123171,0.8135206,2.0634966,-1.5392215,0.19761676059541758,9.216948746975948,0.020747271042871645,0.19652464174372689,0.012303229586903549,0.010476887946163166
241,8.033334,approach,unknown_no_ground_truth,0.581719991969253,-0.08545988105768705,0.13065489714978296,0.012440935149657332,1.4839763262123171,0.8135206,2.07175,-1.4983313,0.1977800940908171,9.242269615027523,0.021121924179413033,0.1966490018727062,0.00945313059484246,0.008087965711774052
242,8.066667,approach,unknown_no_ground_truth,0.5819699401247435,-0.08551410610099097,0.13087457180333095,0.007659167702404116,0.9801623614162812,0.8135206,2.0356367,-1.6772505,0.19789317364857523,9.258890984595709,0.02137748257808423,0.19673513009965674,0.005818134401905434,0.004981180781191829
243,8.1,approach,unknown_no_ground_truth,0.5820977306795656,-0.08554148772442223,0.13098862197548605,0.0034636302898733754,0.4204073821869735,0.8135206,2.0195656,-1.756873,0.19795073710896247,9.265997650096805,0.021509795887627838,0.1967786141908062,0.002649092817244303,0.002231376711932112
244,8.133333,approach,unknown_no_ground_truth,0.5821396345677721,-0.08554987019649965,0.13102703492430756,0.0011027990325319877,0.4204073821869735,0.8135206,2.0168216,-1.7704676,0.1979690053551152,9.267835178947443,0.021554091138309507,0.19679214475302378,0.0008055559273105599,0.0007531569253006388
245,8.166667,approach,unknown_no_ground_truth,0.5821543868028642,-0.08555055054294741,0.13103458868190382,0.0017160644907479653,0.4204073821869735,0.8135206,2.0489047,-1.6115158,0.19797371096087882,9.269205695574874,0.021563498544127313,0.19679584792916494,0.0012053674125171213,0.0012214609028732167
246,8.2,approach,unknown_no_ground_truth,0.5822306329530722,-0.0855639780163382,0.13109491761560513,0.005421139988943765,0.4204073821869735,0.8135206,2.0762632,-1.4759709,0.1980059416667686,9.270312652119118,0.021634447151094107,0.19682048580320669,0.004029288994444791,0.0036267876942235383
247,8.233334,approach,unknown_no_ground_truth,0.5824279376157055,-0.0856047031788955,0.13126449578788124,0.011006319294824377,0.7809195916361753,0.8135206,2.1185088,-1.2666695,0.1980942736791532,9.283065432572975,0.02183212115725567,0.19688753071295842,0.00822600771647242,0.007312445655740598
248,8.266666,approach,unknown_no_ground_truth,0.5827826620952933,-0.08567850665758299,0.1315645272610036,0.01665924783870658,1.4352165363551372,0.8135206,2.0223713,-1.7429724,0.19825474622846245,9.307114328205229,0.022182842786460107,0.19700981165419967,0.012385068603842322,0.011141840702037031
249,8.3,approach,unknown_no_ground_truth,0.58326779959622,-0.08577764176277264,0.13197032967213967,0.020335688586253533,1.6603283970692961,0.8135206,2.0697274,-1.5083516,0.19847440444978892,9.343644036194892,0.02265779514166763,0.19717685853318745,0.015079743579184726,0.013643370692872026
250,8.333333,approach,unknown_no_ground_truth,0.5838103925464988,-0.08588889245621824,0.1324232794490922,0.02060525734698075,1.6603283970692961,0.8135206,2.0733616,-1.4903463,0.19872264528553543,9.382285575385303,0.023188156503805596,0.19736514167206873,0.015246677082728283,0.01386057243660277
251,8.366667,approach,unknown_no_ground_truth,0.584311320785788,-0.08599003770012399,0.13283805686310868,0.017389907654326384,1.6603283970692961,0.8135206,2.008219,-1.8130883,0.19895256468330982,9.427264960760212,0.023674238021509177,0.1975389922222129,0.012791104623990298,0.011781193943065931
252,8.4,approach,unknown_no_ground_truth,0.5846960461409914,-0.08606641642928842,0.13315001904277185,0.012075797614475275,1.6603283970692961,0.8135206,2.0082343,-1.8130127,0.19912960806321575,9.45594090729106,0.024040899438315028,0.19767305320049758,0.008771581663327567,0.008299653194522189
253,8.433333,approach,unknown_no_ground_truth,0.5849333267874306,-0.08611114893831756,0.13333458561384992,0.006610522412518556,0.7213589100164965,0.8135206,2.006692,-1.820654,0.19923756847261412,9.468783898518248,0.024259005301627293,0.19775517528665393,0.004717772915665977,0.004630510261582269
254,8.466666,approach,unknown_no_ground_truth,0.5850417388570761,-0.08613018939155055,0.13341582208493422,0.002417858280617231,0.43269688015330393,0.8135206,1.9198687,-2.2508104,0.19928589042371753,9.475788145046888,0.02435542083723721,0.19779201095548582,0.0016867026670736643,0.0017323604642325164
255,8.5,approach,unknown_no_ground_truth,0.5850620785656482,-0.08613289083216788,0.13342909253751314,0.0004296729527455698,0.38249813284590106,0.8135206,1.8230909,-2.7302854,0.19929425809433823,9.4768545029381,0.02437144971606546,0.19779846750698044,0.00018590779484014611,0.00038737209261738363
256,8.533334,approach,unknown_no_ground_truth,0.5850689436653354,-0.0861313130396339,0.1334247207389719,0.0004967766783029557,0.38249813284590106,0.8135206,1.7636172,-3.0249417,0.1992952481696808,9.477847239190492,0.024367814856492566,0.19779991289718596,0.00012887136027352685,0.0004797699871886206
257,8.566667,approach,unknown_no_ground_truth,0.5850948687139297,-0.08613208006930856,0.13343366890652192,0.0014213911055577736,0.38249813284590106,0.7771934,1.8363483,-2.664603,0.1993038550532369,9.479503987138656,0.024380040701030954,0.19780707837308992,0.0008472518125136517,0.0011412786868907534
258,8.6,approach,unknown_no_ground_truth,0.5851516470071794,-0.08613983141687444,0.13347018646410116,0.0025478565381094847,0.3405791666300148,0.7771934,1.8589693,-2.5525296,0.1993274655574885,9.485682310999817,0.024424299150332802,0.19782540821792033,0.0017108836574163335,0.0018879751188966868
259,8.633333,approach,unknown_no_ground_truth,0.5852342055721417,-0.0861526556307124,0.13352860549635565,0.0031971186103561923,0.3405791666300148,0.7771934,1.8547094,-2.573635,0.1993629916965671,9.495949047296367,0.024494098794936185,0.19785257537477088,0.0022240272312667756,0.0022967956555317998
260,8.666667,approach,unknown_no_ground_truth,0.5853222333051844,-0.08616874480024528,0.1335946594381534,0.003143895401802684,0.3405791666300148,0.7771934,1.901957,-2.3395517,0.1994029853748858,9.503003367389475,0.02457256771611547,0.19788314605406354,0.002244075506469633,0.0022018636240101522
261,8.7,approach,unknown_no_ground_truth,0.585398588354309,-0.08618302621705456,0.13365503832335468,0.002472043052710852,0.3405791666300148,0.7771934,1.9230237,-2.2351792,0.19943785077976406,9.509103281286468,0.02464370391875708,0.19790943428956606,0.001816640569603121,0.0016765482084712135
262,8.733334,approach,unknown_no_ground_truth,0.5854482806707978,-0.08619344647470406,0.13369791399321296,0.0014562625402621697,0.16443242642103814,0.7771934,1.9265853,-2.2175336,0.19946142291806812,9.511994879142435,0.024693676343476096,0.19792696021801598,0.0011103715303971294,0.0009422184728895757
263,8.766666,approach,unknown_no_ground_truth,0.5854700252168201,-0.08619952831272079,0.13371867780147134,0.0005835281609399285,0.040832589607134026,0.5891755,1.9491389,-2.1057944,0.19947306651850377,9.512327975958284,0.024717729381366405,0.19793569188128995,0.00045816880051583386,0.00036136749278790567
264,8.8,approach,unknown_no_ground_truth,0.585475813147525,-0.08620114763468412,0.13372429492975652,0.00011077345758565737,0.02585447461325274,0.5891755,1.9463861,-2.1194327,0.1994761617936982,9.512341318605454,0.024724220375638668,0.1979380005222911,6.270074916086352e-05,9.132017827483641e-05
265,8.833333,approach,unknown_no_ground_truth,0.585471646232556,-0.08620604153570469,0.13372175812278192,0.000224959423177035,0.013435550556069301,0.5891755,1.8123887,-2.7833085,0.19947956646298798,9.512392884633595,0.024721909702097485,0.19794172025357107,-7.820308825488891e-05,0.00021092894316224688
266,8.866667,approach,unknown_no_ground_truth,0.5854670022506678,-0.08621183598360704,0.1337185462098238,0.0001060146472724529,0.013435550556069301,0.5891755,1.8590816,-2.5519733,0.19948370408910182,9.512491470577551,0.02471900680149427,0.19794625255320197,-5.4409763374780516e-05,9.098726881164748e-05
267,8.9,approach,unknown_no_ground_truth,0.5854665683895097,-0.08620945379600206,0.1337182188831048,0.000471607472941532,0.013435550556069301,0.5891755,1.859214,-2.5513177,0.19948133318127156,9.512460251669602,0.024718282348627996,0.1979439536977853,5.535622420598616e-06,0.00047157498387712896
268,8.933333,approach,unknown_no_ground_truth,0.5854747591694787,-0.086181611331843,0.13372240004148578,0.0014224212219828183,0.013435550556069301,0.5891755,1.852908,-2.5825598,0.1994574893449052,9.51255211031858,0.02471937587169437,0.19791978807660157,3.5281023971369584e-05,0.0014219836082369674
269,8.966666,approach,unknown_no_ground_truth,0.5854911209143632,-0.08611874082798093,0.1337308871169412,0.002404536029639205,0.16078953203896418,0.5891755,1.8612646,-2.541158,0.19940301186780032,9.511258320091256,0.024720634432883304,0.19786472999295723,1.3991201941174918e-05,0.002404495324200343
270,9.0,approach,unknown_no_ground_truth,0.5855130273003304,-0.08602709595468179,0.1337413110344442,0.0028156814374083665,0.3061282081718434,0.5891755,1.878506,-2.4557376,0.1993230894124317,9.50953716327643,0.024720308549314028,0.1977842266666959,-6.822119880648292e-06,0.0028156731727326557
271,9.033334,approach,unknown_no_ground_truth,0.5855341275258708,-0.0859372174275134,0.13375177880827688,0.0027388861084641503,0.31453374288572744,0.55858773,1.9092141,-2.3035972,0.19924458079566837,9.506912523745433,0.024720179618789896,0.19770512309006152,-3.705233916578469e-05,0.0027386354703209845
272,9.066667,approach,unknown_no_ground_truth,0.5855526937908817,-0.08584984172748442,0.13375995152363684,0.003565855081978055,0.3705533486789669,0.55858773,1.8895638,-2.4009526,0.19916774780648164,9.504143122993037,0.024717838481972586,0.19762798442296928,-0.0001263364430805087,0.0035636163610605577
273,9.1,approach,unknown_no_ground_truth,0.5855811193339255,-0.08570502425965736,0.13377156088895942,0.006594964237328018,0.39343896055104216,0.55858773,1.8111738,-2.7893274,0.1990397697888856,9.501118601093614,0.024711757067318055,0.19749976967140603,-0.00033147585598019907,0.006586628655734109
274,9.133333,approach,unknown_no_ground_truth,0.5856319772950365,-0.08541851803892582,0.13379117177478367,0.0127862202578135,0.4310909560669254,0.55858773,1.7743869,-2.971584,0.19878508756197105,9.497846281736681,0.0246957404198522,0.19724510498903589,-0.0007293879312845692,0.012765399395515077
275,9.166667,approach,unknown_no_ground_truth,0.585725628949739,-0.08486681870063933,0.13382769414334333,0.02060452605884059,1.2460010207742738,0.55858773,1.915663,-2.271647,0.19829361711475296,9.48816476405018,0.024663130753923044,0.19675387815712084,-0.0011642144394971743,0.020571609048596742
276,9.2,approach,unknown_no_ground_truth,0.5858624776640764,-0.08406746896111836,0.13388274618253831,0.027432922297977533,2.233078934560857,0.55858773,1.9112061,-2.293728,0.19758244967397717,9.468755039251318,0.02461812657546348,0.1960427817163493,-0.0014681956561208632,0.02739360559185703
277,9.233334,approach,unknown_no_ground_truth,0.5860344393042598,-0.08306870221475132,0.1339548258772496,0.031195069082753712,2.233078934560857,0.55858773,1.8852382,-2.4223835,0.19669511002812579,9.443742446184233,0.02456525088870999,0.1951551043599712,-0.001586772254164365,0.031154686467547554
278,9.266666,approach,unknown_no_ground_truth,0.5862152681744044,-0.08202343033300599,0.13403262492767204,0.02975870983978129,2.233078934560857,0.5557365,1.888244,-2.4074912,0.19576794936593037,9.41527678605225,0.024512341883295888,0.19422727690604605,-0.0014988316445308809,0.029720940682112482
279,9.3,approach,unknown_no_ground_truth,0.5863680747041257,-0.08111838978103536,0.13409925493394073,0.02349339880013318,2.233078934560857,0.5557365,1.9129697,-2.2849905,0.19496506957615595,9.397698533487569,0.024465329020123713,0.1934239541286767,-0.0015034458880368497,0.023445243390586595
280,9.333333,approach,unknown_no_ground_truth,0.5864514275642496,-0.08047812465689874,0.1341292929706332,0.01513128597181826,1.885529595114784,0.5557365,1.973594,-1.9846344,0.19439026392334408,9.382871824890463,0.024412112453431237,0.19285129886456143,-0.0014446044783427356,0.015062168936182337
281,9.366667,approach,unknown_no_ground_truth,0.5864904284607106,-0.08011769225977068,0.13413385414719342,0.007470460789929059,1.7541840404983713,0.5557365,1.9929816,-1.8885807,0.19406487849095652,9.381294754614238,0.024369022413544973,0.1925287713831828,-1.1213432213285279e-05,0.007470452374040377
282,9.4,approach,unknown_no_ground_truth,0.5865696358245882,-0.0799974805707857,0.13418450520733513,0.005751089178105871,1.7541840404983713,0.5557365,1.9043735,-2.3275795,0.19397617440920384,9.38233795902122,0.024411362470742985,0.1924339928930226,0.0035835205191544735,0.0044981560025554165
283,9.433333,approach,unknown_no_ground_truth,0.5867829020755845,-0.08000671420915052,0.1343555426755568,0.012307323055137353,1.7541840404983713,0.5557365,1.8917238,-2.3902514,0.1940481107491753,9.386238854885955,0.02460792794315189,0.1924814774664535,0.009113362656172498,0.008271446178304975
284,9.466666,approach,unknown_no_ground_truth,0.5871928465841716,-0.08012021518461335,0.1347038617813721,0.02077757931746239,1.7541840404983713,0.5557365,1.8979499,-2.3594046,0.19427613433146515,9.4114496524541,0.025018913290090844,0.19265842921751544,0.015598641761405406,0.013725530135218102
285,9.5,approach,unknown_no_ground_truth,0.5878153573715555,-0.08026714533552956,0.13524150648497352,0.02753670079640944,2.5313788189824042,0.5557365,1.9218168,-2.2411585,0.19460059463460566,9.464911372895804,0.025647842614612695,0.19290303160230057,0.020765339173688523,0.01808509274935169
286,9.533334,approach,unknown_no_ground_truth,0.5885602594393866,-0.0804229658359569,0.13589074970837228,0.030400330150703665,2.5313788189824042,0.5557365,2.0145574,-1.7816856,0.19497385102603643,9.525350927694735,0.026403287806413458,0.19317781698977435,0.022987753902166987,0.01989329645396129
287,9.566667,approach,unknown_no_ground_truth,0.5893234240352645,-0.0805725089383179,0.13656057599594268,0.028500206257835795,2.5313788189824042,0.5557365,1.911054,-2.2944818,0.19535118874463236,9.587367741367784,0.027180357484354135,0.19345106645083066,0.021629173338276336,0.018559111439990297
288,9.6,approach,unknown_no_ground_truth,0.5899693660260479,-0.08070182689572959,0.13713440709020658,0.02252705724977282,2.5313788189824042,0.5557365,1.9260542,-2.2201648,0.19567649007466817,9.636370104860191,0.027845228087235847,0.19368513634430376,0.017121874155055405,0.014639321492234125
289,9.633333,approach,unknown_no_ground_truth,0.5904351618653341,-0.08079679169990633,0.13754503925340855,0.015261320358895485,1.3781091918260013,0.5557365,1.9520372,-2.091435,0.19591486991489296,9.663136187256871,0.028321820082751414,0.19385693374488747,0.011580627535323169,0.00993966624112463
290,9.666667,approach,unknown_no_ground_truth,0.5907233549049405,-0.0808591452127595,0.13779914909784366,0.00865532775241805,1.1722644075112234,0.5551751,1.8938202,-2.379865,0.1960665753658381,9.685944346827085,0.028617263980631722,0.19396688938566478,0.006551933936454239,0.005655692724513714
291,9.7,approach,unknown_no_ground_truth,0.5908634921797744,-0.080889988708607,0.1379202828505341,0.004255281560373377,0.5445694743007027,0.5551751,1.8709252,-2.4932957,0.19614115708187643,9.69675567197781,0.028758619693812635,0.1940213784476442,0.003202941243992581,0.0028015332490593323
292,9.733334,approach,unknown_no_ground_truth,0.5909352532799399,-0.08090390261928221,0.13798237465115246,0.0030708496556836203,0.5445694743007027,0.5551751,1.8513802,-2.590129,0.19617765149504215,9.702244747404475,0.0288307911905075,0.19404756227646758,0.0023251233124870958,0.0020059708845198243
293,9.766666,approach,unknown_no_ground_truth,0.5910155178255252,-0.08092204821580501,0.13805359382821136,0.0035274944665156477,0.5445694743007027,0.5551751,1.8299586,-2.6962605,0.1962208632879517,9.704584637682172,0.02891362748508211,0.19407892553062772,0.0026923073437963687,0.002279188096195366
294,9.8,approach,unknown_no_ground_truth,0.591108365775832,-0.0809413923827873,0.13813706748440607,0.004169682013227985,0.2981935023130606,0.5551751,1.766108,-3.012601,0.19626933983993658,9.707990519990233,0.029010278547436867,0.1941135170455799,0.0031770561990043383,0.002700474402730952
295,9.833333,approach,unknown_no_ground_truth,0.5912206702817437,-0.08096463766198417,0.13823626923501195,0.004593485946171542,0.281785665104661,0.5551751,1.6042342,-3.814587,0.19632798645973826,9.721647507890651,0.029125430523780887,0.19415557567100558,0.003492555998898798,0.0029836497335028254
296,9.866667,grasp_lift,unknown_no_ground_truth,0.5913348643294112,-0.08098845798563852,0.13833771980356782,0.004463893857161333,0.18215064731753736,0.39713192,1.7011031,-3.3346608,0.19638787354327508,9.73803182095459,0.02924311544103046,0.1941984476615402,0.00339406658604643,0.002899424145841002
297,9.9,grasp_lift,unknown_no_ground_truth,0.591440735960429,-0.08101083664614475,0.1384312009192411,0.0035898026616409695,0.18215064731753736,0.39713192,1.790728,-2.890624,0.1964437821391896,9.743731733177196,0.029351701697472497,0.19423860880013522,0.002729278098455238,0.002331892838622125
298,9.933333,grasp_lift,unknown_no_ground_truth,0.5915117606793955,-0.0810265782109993,0.13849433366498154,0.0019860886620753394,0.15580048930664045,0.39713192,1.6797507,-3.440449,0.19648200316230469,9.744031592247833,0.029425066109593244,0.1942661654820982,0.0015010571014771967,0.0013005290276380179
299,9.966666,grasp_lift,unknown_no_ground_truth,0.5915392415612694,-0.08103159999579126,0.1385172084366142,0.0007445994116882589,0.13044008603606283,0.39713192,1.515178,-4.2558064,0.19649585794392516,9.746284763840086,0.029451773433786955,0.1942761313973595,0.0005467873137476468,0.0005054225137557031
300,10.0,grasp_lift,unknown_no_ground_truth,0.5915498291183644,-0.08103283261092836,0.1385255703039722,0.0006440041816996193,0.12384748287022983,0.39713192,1.4430443,-4.613185,0.19650055807996164,9.749198119792666,0.02946151805365498,0.19427940776034539,0.00047035106386984863,0.00043989915067330825
301,10.033334,grasp_lift,unknown_no_ground_truth,0.5915722380021391,-0.08103828185015925,0.13854385298986444,0.000989673975531584,0.11783619134944306,0.39713192,1.4206785,-4.723994,0.1965131357097959,9.749720576900097,0.02948313059203517,0.19428885072744045,0.0007282899782703617,0.0006701106516057231
302,10.066667,grasp_lift,unknown_no_ground_truth,0.5916000109291635,-0.08104477318359055,0.13856670802977084,0.0009349545630551482,0.11783619134944306,0.32664183,1.3837525,-4.90694,0.19652847823552763,9.752192620540676,0.0295100705436058,0.19430027919198595,0.0006806906133976332,0.0006409370669652341
303,10.1,grasp_lift,unknown_no_ground_truth,0.5916202218005103,-0.08104849785778367,0.13858230038376543,0.0006641864567723541,0.046183142119889366,0.32664183,1.4720522,-4.4694686,0.19653875014144184,9.754627877188275,0.029528509656316468,0.19430786763442423,0.00047226720427989813,0.0004670196324796883
304,10.133333,grasp_lift,unknown_no_ground_truth,0.5916348264072824,-0.08105140780605181,0.13859325087621896,0.0005111557470644718,0.025305406956476997,0.32664183,1.5457758,-4.104213,0.19654638841859054,9.755404213714758,0.029541555171636452,0.19431361073901288,0.0003594762950815248,0.00036339646535361175
305,10.166667,grasp_lift,unknown_no_ground_truth,0.5916472433367753,-0.08105358305760257,0.13860243023154806,0.000306800193469887,0.021201735042539863,0.32664183,1.5221803,-4.221114,0.19655260959838106,9.755500339607341,0.029552474635512922,0.1943182430520896,0.00020868025922354244,0.00022489755028357966
306,10.2,grasp_lift,unknown_no_ground_truth,0.5916514486238473,-0.08105420146978365,0.13860483754645767,9.646217438181095e-05,0.021201735042539863,0.32664183,1.49622,-4.349732,0.1965546295800479,9.75560131001312,0.02955546742589607,0.19431983108933232,3.9916615922147725e-05,8.781580074104346e-05
307,10.233334,grasp_lift,unknown_no_ground_truth,0.591653282411552,-0.08105274569303891,0.13860447518083738,3.102628569775168e-05,0.021201735042539863,0.32664183,1.4780617,-4.4396954,0.1965539493956567,9.755590476561098,0.0295551356221238,0.19431919354862567,-2.2447312391294423e-05,2.1418416622293783e-05
308,10.266666,grasp_lift,unknown_no_ground_truth,0.5916509222055265,-0.08105261698600655,0.13860361669603144,0.00012489925704254945,0.021201735042539863,0.31367835,1.5357355,-4.1539564,0.19655300293340613,9.75555552950888,0.02955397098712005,0.19431841333500033,-3.955609011896158e-05,0.00011846999681050654
309,10.3,grasp_lift,unknown_no_ground_truth,0.5916451112241214,-0.08105261386395264,0.13860287849649056,0.0001930357191554837,0.022642135614200365,0.31367835,1.4800625,-4.4297824,0.196550919993885,9.75536071159626,0.029552498519694964,0.19431653038711352,-2.2727471951816404e-05,0.00019169311643497838
310,10.333333,grasp_lift,unknown_no_ground_truth,0.5916380768538517,-0.08105339536757927,0.13860364172929895,0.00015315669918805272,0.022642135614200365,0.31367835,1.4834567,-4.412966,0.19654907596958332,9.754296448728383,0.02955245580632452,0.1943146716547988,8.365058025309671e-05,0.00012829479696971309
311,10.366667,grasp_lift,unknown_no_ground_truth,0.5916374599665011,-0.08105496176246049,0.13860921871867363,0.00018964929077671741,0.022642135614200365,0.31367835,1.4023117,-4.81499,0.1965501291062259,9.750492997248882,0.029558075358263523,0.1943148821701243,0.00014844851767640326,0.00011802495961359402
312,10.4,grasp_lift,unknown_no_ground_truth,0.5916316915039403,-0.08105647145791026,0.13861411146923833,0.0003214415724534159,0.05350979978654992,0.31367835,1.4137559,-4.7582912,0.19654928687396767,9.749279565639657,0.02956235242660267,0.19431337959510292,3.2209577480815746e-05,0.00031982374461542396
313,10.433333,grasp_lift,unknown_no_ground_truth,0.5916167494621958,-0.08105824642096571,0.1386136366278626,0.0005219840024230107,0.07659018617469851,0.31367835,1.4913453,-4.373883,0.196545546958224,9.749125012956446,0.02956022245461151,0.1943099206873939,-0.00014601838296894148,0.000501144620464673
314,10.466666,grasp_lift,unknown_no_ground_truth,0.5915976011449708,-0.08106007158900536,0.13860812517953225,0.0006306576271047924,0.07659018617469851,0.3112408,1.548561,-4.090414,0.1965404976238477,9.748822237363113,0.029552618057108695,0.194305969986,-0.00030142088779038596,0.0005539625357631174
315,10.5,grasp_lift,unknown_no_ground_truth,0.5915775900158244,-0.0810579327725991,0.13859833526512627,0.0007255354327602136,0.05966901615118586,0.3112408,1.4374293,-4.6410036,0.19653158518850297,9.738754762572881,0.029540127584669198,0.19429885444589545,-0.00043599701973179696,0.0005799209109659192
316,10.533334,grasp_lift,unknown_no_ground_truth,0.5915560263985506,-0.08105035660848456,0.13858539226644664,0.000760337863961831,0.05966901615118586,0.3112408,1.1491165,-6.069418,0.19651715094582767,9.734194022090168,0.029523551199194153,0.1942867739720174,-0.0004871842811585761,0.0005837509259658964
317,10.566667,grasp_lift,unknown_no_ground_truth,0.5915387073949029,-0.08103701376973513,0.1385734369853465,0.0006360314741953079,0.05966901615118586,0.3112408,0.96967924,-6.9584208,0.1964988486201468,9.733772849390615,0.029507648667745957,0.19427067761024625,-0.0003977084429215379,0.0004963507133025826
318,10.6,grasp_lift,unknown_no_ground_truth,0.5915310532465903,-0.08102222659167461,0.13856582274578055,0.0004677785158935513,0.05966901615118586,0.3112408,0.919595,-7.2065578,0.19648255380245536,9.732947991668317,0.029497037456213564,0.19425580745512214,-0.0001771945522282934,0.0004329189653875053
319,10.633333,grasp_lift,unknown_no_ground_truth,0.5915375272488006,-0.0810067387025935,0.13856605140929024,0.0004924171265550123,0.0320072844757812,0.3112408,0.9080342,-7.2638345,0.19647045733249757,9.732215796941942,0.029495835463119468,0.19424375484111023,-2.0344986453059313e-05,0.0004919966545119184
320,10.666667,grasp_lift,unknown_no_ground_truth,0.5915425294906967,-0.08099151605191603,0.13856750180952546,0.00041204738960856066,0.02773870388310794,0.3112408,0.9048058,-7.279829,0.19645803596576958,9.73137283865198,0.029495681131594793,0.1942312145102092,-2.2759945576761656e-05,0.00041141832258732934
321,10.7,grasp_lift,unknown_no_ground_truth,0.5915438517962861,-0.08098005420143434,0.13856764356737372,0.00018166555889814878,0.0320072844757812,0.3112408,0.95252305,-7.0434194,0.1964478307909117,9.73070652362262,0.029494318192895753,0.19422109930898573,-1.792345964314898e-05,0.0001807792158523683
322,10.733334,grasp_lift,unknown_no_ground_truth,0.5915448417323286,-0.08097963067317579,0.1385677480023178,0.0002250117536264447,0.02773870388310794,0.3112408,0.98193395,-6.897706,0.196447790889406,9.73034559056006,0.029494486255771328,0.19422103342798872,-1.5094451330815187e-05,0.00022450489261722004
323,10.766666,grasp_lift,unknown_no_ground_truth,0.5915388164428368,-0.08099397265101398,0.1385652083163757,0.0005105191344511405,0.02773870388310794,0.3112408,1.0344253,-6.6376433,0.1964590572652668,9.72993011048425,0.029493311958960957,0.19423260728118952,-4.027223157732906e-05,0.000508928220876504
324,10.8,grasp_lift,unknown_no_ground_truth,0.5915307353292172,-0.08101012611031905,0.1385623261559868,0.00035242060755344076,0.0320072844757812,0.3112408,1.0375704,-6.6220613,0.19647127982747822,9.729270121252998,0.029491801409817397,0.19424519928855677,6.589373571113009e-06,0.0003523589998627488
325,10.833333,grasp_lift,unknown_no_ground_truth,0.5915371661781323,-0.08097089835082931,0.13856930453019947,0.0032709258814157343,0.03407461188413969,0.3112408,1.0405556,-6.6072717,0.19643682701208917,9.72885379835906,0.029493751174568632,0.19421005547661552,-1.5794974869545568e-05,0.003270887745014214
326,10.866667,grasp_lift,unknown_no_ground_truth,0.5915627126917332,-0.08079606051920891,0.13858889513224082,0.007700071369212851,0.26184276402323803,0.3112408,0.9788717,-6.9128776,0.19628254837182324,9.726003330459228,0.029490748247343806,0.19405446287872102,-0.00017552800619595227,0.007698070473177831
327,10.9,grasp_lift,unknown_no_ground_truth,0.5916120919680221,-0.08046587313649639,0.13862265731657247,0.012266333615402523,0.7680530581696532,0.3112408,0.83622056,-7.6196275,0.1959918138667957,9.71819680103505,0.029482049505062415,0.1937617089617496,-0.00038611716783258795,0.012260255050245035
328,10.933333,grasp_lift,unknown_no_ground_truth,0.5916812434231786,-0.07999070453664921,0.13866688211512992,0.015775109920808234,1.1633386827561054,0.3112408,0.6892059,-8.347996,0.19557312028945392,9.701759637002782,0.029465006865195226,0.19334078398048146,-0.0006247235838850041,0.015762734961208995
329,10.966666,grasp_lift,unknown_no_ground_truth,0.5917586236989939,-0.07942858534632388,0.13871524957026155,0.01672247069403432,1.1633386827561054,0.31064987,0.77675027,-7.914266,0.19507670024336426,9.681622507969285,0.029440401545678025,0.1928423753604706,-0.0007858432695589906,0.016703995823410804
330,11.0,grasp_lift,unknown_no_ground_truth,0.5918276705011978,-0.0788893016187221,0.13875807321791606,0.014455635174361428,1.1633386827561054,0.31064987,0.7799918,-7.898206,0.1945990353592215,9.666695131093356,0.029412617249452593,0.19236341260561152,-0.0008544830977922908,0.014430358517023152
331,11.033334,grasp_lift,unknown_no_ground_truth,0.5918683105779892,-0.07847365599084768,0.13878481027906622,0.009973468720088743,1.1633386827561054,0.31064987,0.9373549,-7.118568,0.1942267035878887,9.654118060442054,0.02938343524162116,0.1919912136531749,-0.0007568614550095584,0.00994470909823457
332,11.066667,grasp_lift,unknown_no_ground_truth,0.5918861228542414,-0.07822813633611686,0.13879729983228917,0.0052418549289515596,0.6449599596748313,0.19636475,0.98869944,-6.8641872,0.19400468405303262,9.64459570409611,0.02936215966447805,0.19176986471902904,-0.0005215936818014688,0.005215839637803155
333,11.1,grasp_lift,unknown_no_ground_truth,0.591884274539589,-0.07812486259207654,0.13879914252145473,0.001973899409459754,0.27494787378462,0.19636475,1.0867417,-6.3784475,0.1939079826569634,9.64087475423905,0.029348662561764882,0.19167410295584764,-0.0003537700041076631,0.0019419386351940246
334,11.133333,grasp_lift,unknown_no_ground_truth,0.5918697756583022,-0.07809758396001887,0.1387948180950711,0.00043034506191423736,0.18295284424214392,0.19636475,1.0490044,-6.5654125,0.19387743635498497,9.638890962830901,0.029338574945923998,0.1916447451607365,-0.0001565065263366551,0.0004008772624233042
335,11.166667,grasp_lift,unknown_no_ground_truth,0.5918579789511793,-0.07811491015454043,0.13879343640036867,0.0006017418978159409,0.10765651268765013,0.19636475,1.0330824,-6.6442966,0.19388923645302217,9.638622461423141,0.029338229058566225,0.19165673567094646,8.26480327598758e-05,0.0005960391046467109
336,11.2,grasp_lift,unknown_no_ground_truth,0.5918537273135237,-0.07813428031130222,0.1387970829639693,0.00040782804180972,0.0783672611192701,0.19636475,1.051436,-6.5533657,0.19390555263818085,9.635587573100487,0.029344084655533693,0.19167234552654486,0.00019320086902719318,0.00035916171273325906
337,11.233334,grasp_lift,unknown_no_ground_truth,0.591853824175128,-0.07813986281778072,0.13880340124557206,0.0002494494405780936,0.05741951884319792,0.19636475,1.0042912,-6.7869396,0.19391057217079122,9.635144800346358,0.02935110911421939,0.19167634802804656,0.00023472693577201537,8.442919535210568e-05
338,11.266666,grasp_lift,unknown_no_ground_truth,0.5918569209208284,-0.0781419824959434,0.13881147159949653,0.0003170009366607351,0.05741951884319792,0.16116033,1.1995227,-5.819686,0.19391342212428878,9.634799349727997,0.02935973308067346,0.19167791044714624,0.00029230824455714696,0.00012266003427238462
339,11.3,grasp_lift,unknown_no_ground_truth,0.5918644355080849,-0.07814286717262825,0.13882142887872295,0.0005206600904363658,0.0783672611192701,0.16116033,1.3623035,-5.0132065,0.19391669065811565,9.634777571912807,0.029370596352564143,0.1916795528628186,0.00040563845636248344,0.0003264113547244739
340,11.333333,grasp_lift,unknown_no_ground_truth,0.5918815045488354,-0.07814102681749058,0.13883595719047767,0.000718678338137944,0.0783672611192701,0.16116033,1.3945276,-4.8535557,0.19392079943077214,9.634403712940363,0.02938677548999593,0.19168122985355224,0.0005376096407953293,0.0004769427930398299
341,11.366667,grasp_lift,unknown_no_ground_truth,0.5918994314143937,-0.07813910427153695,0.13885393541335955,0.0010246767029209302,0.13738911828050515,0.16116033,1.4743811,-4.45793,0.1939250401119228,9.633183478158259,0.029406437037291518,0.1916825047916024,0.0007922289966116796,0.0006498734972566274
342,11.4,grasp_lift,unknown_no_ground_truth,0.5919299488488305,-0.07813740546230336,0.1388839828640519,0.001953167622157277,0.21318097198384242,0.16116033,1.6837945,-3.4204142,0.19393374674011868,9.627826112061529,0.02943959034351275,0.1916862244530541,0.00152724009558474,0.0012175390961615263
343,11.433333,grasp_lift,unknown_no_ground_truth,0.5919924583963347,-0.07814287461478431,0.13894496838317996,0.0034397299797376386,0.23508880067580873,0.16116033,1.7907048,-2.8907385,0.1939599402404477,9.630742896719303,0.029508253939071163,0.19170216839552265,0.0026945997434057803,0.002137960372959096
344,11.466666,grasp_lift,unknown_no_ground_truth,0.5920944034954698,-0.07815920689785563,0.1390422993169487,0.005034277596344955,0.4820449950119026,0.16116033,1.91661,-2.2669551,0.19400968680662928,9.633888017070941,0.029619228968007148,0.1917353901869635,0.0039349705579713725,0.003140056946133176
345,11.5,grasp_lift,unknown_no_ground_truth,0.5922336160849855,-0.07818634398794998,0.13917430200176173,0.006451241312898374,0.5006473975567536,0.15463798,2.0529294,-1.5915755,0.19408228273654957,9.641862756687972,0.029770586191298087,0.1917854130794531,0.005050601030066465,0.004013719436176163
346,11.533334,grasp_lift,unknown_no_ground_truth,0.5924024799432862,-0.07822135910788289,0.13933590133231544,0.0071844276671037145,0.5006473975567536,0.15463798,2.0870593,-1.4224828,0.19417246836960578,9.654002176917327,0.02995594022033267,0.19184782802591593,0.005641132822555786,0.004449002290641028
347,11.566667,grasp_lift,unknown_no_ground_truth,0.5925753425773209,-0.0782573682106576,0.13950229964808816,0.006900667524674461,0.5006473975567536,0.15463798,2.2004373,-0.86076367,0.19426516930556276,9.66768862880172,0.030146661224102433,0.19191178916981147,0.005408684884146052,0.004285480149307281
348,11.6,grasp_lift,unknown_no_ground_truth,0.5927313670758501,-0.07829036246460382,0.13965008538039464,0.006009744576899488,0.5006473975567536,0.15463798,2.149499,-1.1131322,0.19434958649601497,9.678110919417813,0.030316518248287738,0.1919704938069214,0.004647707908142793,0.00380996602086682
349,11.633333,grasp_lift,unknown_no_ground_truth,0.5928663282294542,-0.07831752826530544,0.13977105376038923,0.005107181826955027,0.3980420980499028,0.15463798,2.1366165,-1.1769571,0.19442168522151076,9.68295369480064,0.030456509000507538,0.19202133408523708,0.0038509483823051,0.0033546240877930593
350,11.666667,grasp_lift,unknown_no_ground_truth,0.5929858558541473,-0.07833574321898686,0.13987167303412534,0.003993621657540136,0.3980420980499028,0.15463798,2.1678689,-1.0221206,0.19448041354922213,9.68295369480064,0.030573247206788366,0.19206224982934328,0.003090257343507667,0.002529688418456028
351,11.7,grasp_lift,unknown_no_ground_truth,0.5930600885702757,-0.07834442915950014,0.13995165941733737,0.001714905398027954,0.3980420980499028,0.15463798,2.1943245,-0.89104897,0.19451404710017425,9.68295369480064,0.030662526769434432,0.1920820761325807,0.0016940915912751217,0.00026637230440933776
352,11.733334,grasp_lift,unknown_no_ground_truth,0.5929856578422079,-0.07834287402883618,0.13998577584289662,0.004381664713974701,0.3980420980499028,0.15463798,2.209257,-0.81706804,0.19448395121649134,9.677636961793977,0.030686184637471296,0.192047820485351,-9.197467491713097e-05,0.004380699296329855
353,11.766666,grasp_lift,unknown_no_ground_truth,0.592769905190315,-0.07833782937762501,0.13998446787202548,0.007589811054393874,1.704125808151922,0.15463798,2.2089145,-0.81876427,0.19439896593269465,9.650774893571164,0.03065639668296399,0.19196651608579485,-0.0008292790269870063,0.00754437062562537
354,11.8,grasp_lift,unknown_no_ground_truth,0.5924797748797452,-0.07834132486611854,0.1399960235269705,0.008772849140431195,2.4027094857344533,0.15463798,2.195941,-0.8830403,0.19429419943476978,9.57594786968237,0.03063089952091255,0.19186449366294392,0.00034421674789146295,0.008766093592429606
355,11.833333,grasp_lift,unknown_no_ground_truth,0.5921937710662306,-0.07837519251740245,0.14007790070839,0.009031770443688136,2.602777132154128,0.15463798,2.3552043,-0.09398723,0.1942177371446849,9.466585660962794,0.03067934235240867,0.19177931946491422,0.004340739809545705,0.00792028126099722
356,11.866667,grasp_lift,unknown_no_ground_truth,0.5919958822209034,-0.07844432306518798,0.14033922322977185,0.013306139683203242,3.2368094651103108,0.15463798,2.6219943,1.2277944,0.19420248517310243,9.41655109570047,0.030920287382852643,0.19172517068859496,0.01214850128352127,0.005428376353312119
357,11.9,grasp_lift,unknown_no_ground_truth,0.5919415466460307,-0.078541661126181,0.14091190327191602,0.023042847481256387,4.118545653284372,0.15463798,2.5267107,0.7557226,0.1942599272292175,9.381840948721619,0.0314892323050585,0.19169076027795118,0.022904846154787308,0.0025181029903419264
358,11.933333,grasp_lift,unknown_no_ground_truth,0.5920273627799599,-0.07864861692688033,0.14186145213185797,0.03449058961249022,4.14685560693251,0.15463798,2.6248724,1.2420541,0.1943730544248094,9.34424121952363,0.03244728677909383,0.19164565705255407,0.034387166071736336,0.0026690038164161774
359,11.966666,grasp_lift,unknown_no_ground_truth,0.5921237273152051,-0.0787429926125197,0.14319517509757168,0.044518137355850675,4.14685560693251,0.15463798,2.6065629,1.1513412,0.1944790036100232,9.263183139171678,0.03378169711304707,0.1915225307511097,0.04402388970334767,0.00661526182564733
360,12.0,grasp_lift,unknown_no_ground_truth,0.5920777687228477,-0.07879375117330245,0.14482535408760683,0.05109783503014932,4.580036209695086,0.15463798,2.4292274,0.27275172,0.194500583967704,9.15155015337664,0.03538221754991506,0.19125526357470102,0.049695849125712385,0.011887443982740218
361,12.033334,grasp_lift,unknown_no_ground_truth,0.5919067259299966,-0.07878849705790561,0.14659451996358078,0.05565686609354159,4.580036209695086,0.13405898,2.161289,-1.0547198,0.19443883293576883,9.027880233180078,0.03709479816674056,0.1908675868302227,0.05351410945550497,0.015294666800511014
362,12.066667,grasp_lift,unknown_no_ground_truth,0.5917124364928075,-0.07874614080579584,0.14851746770774427,0.05844094673895408,4.580036209695086,0.13405898,2.410009,0.17753603,0.19435296531609897,8.916211958765858,0.03894981739367112,0.19041004924152624,0.056297305181392567,0.015683038132275794
363,12.1,grasp_lift,unknown_no_ground_truth,0.5915689089948504,-0.078719958607602,0.15047530180165386,0.059240572771347914,4.580036209695086,0.13405898,2.7445545,1.8350059,0.19432088171976714,8.847674092736243,0.04084794947523829,0.18997907804812642,0.057532911266599845,0.014121245818514629
364,12.133333,grasp_lift,unknown_no_ground_truth,0.5914980397663627,-0.07871232758262639,0.152460866129786,0.05970104155256021,3.4015217465211816,0.13405898,2.7815437,2.018265,0.19435348257549342,8.793262316695694,0.04278534005505567,0.1895855766285924,0.058144700487095094,0.01354282716889367
365,12.166667,grasp_lift,unknown_no_ground_truth,0.5914566002110426,-0.07864457905967592,0.15445306859193478,0.05923728586403063,3.4015217465211816,0.13405898,2.338815,-0.17518657,0.19436155820496603,8.761438255942926,0.04472425916319086,0.1891458589294678,0.0569550086842949,0.016284441111342328
366,12.2,grasp_lift,unknown_no_ground_truth,0.5913761939883397,-0.07839349681228269,0.15639523814585454,0.06040872472299105,3.4015217465211816,0.13405898,2.167005,-1.0264001,0.1942025855909157,8.72689926960425,0.0465823393507795,0.18853310030550535,0.05475887862010917,0.02550841498263389
367,12.233334,transport,unknown_no_ground_truth,0.5911659185792153,-0.07769038057280746,0.15835482949512603,0.06487701906615737,3.4015217465211816,0.120585866,2.608807,1.16246,0.19359737179174052,8.66167726188123,0.04837484568839849,0.18745617266255343,0.051036063041659044,0.04005431152970115
368,12.266666,transport,unknown_no_ground_truth,0.5907996143687415,-0.07646954691349767,0.16022573207164262,0.06918869244931175,4.666649922348884,0.120585866,2.5232182,0.73841894,0.19246874331812203,8.543227991971216,0.04998474555861622,0.18586484973199624,0.04363521767795759,0.053693974904477935
369,12.3,transport,unknown_no_ground_truth,0.590325234716117,-0.0748112033353639,0.1618590366491876,0.07332159825819291,4.666649922348884,0.120585866,2.562132,0.9312127,0.19089431654818623,8.396768221620563,0.0512838485084472,0.18387660800809263,0.036975504302758276,0.06331562881858271
370,12.333333,transport,unknown_no_ground_truth,0.5898888395221393,-0.07286123157393219,0.16339496684190563,0.07465929609839973,4.666649922348884,0.120585866,2.5375829,0.80958736,0.1890712469005667,8.255412425584622,0.05244978066374517,0.18165064523105903,0.034106743927472545,0.06641340612086043
371,12.366667,transport,unknown_no_ground_truth,0.5895480517632152,-0.0709159618690049,0.16485843585816046,0.06953888370460078,4.666649922348884,0.120585866,2.4722555,0.48592985,0.1872962504698556,8.134381783153636,0.053557627580807815,0.1794755302763649,0.03343891606349597,0.06097126568622683
372,12.4,transport,unknown_no_ground_truth,0.5892672081217947,-0.06928673574786354,0.16628086228464153,0.06014527082218934,4.673325862014526,0.120585866,2.7434168,1.8293691,0.18584567643983319,8.02296411866767,0.05467903924654463,0.1776198697174784,0.03388584039147731,0.04969107991619647
373,12.433333,transport,unknown_no_ground_truth,0.5889043602726434,-0.06812205132144553,0.16766150347993758,0.05332619088217184,4.673325862014526,0.1183108,2.4353411,0.30304173,0.18480157554443943,7.91605950682501,0.0558166818907818,0.1761707136456296,0.03493932689614618,0.040285556593474825
374,12.466666,transport,unknown_no_ground_truth,0.5883360231018957,-0.06729434044115574,0.16907404024237205,0.05370411183349518,4.673325862014526,0.1183108,2.3069606,-0.3330057,0.184008236278741,7.815823607211632,0.05700832396618624,0.1749545141371875,0.03691056571567368,0.03900950866613795
375,12.5,transport,unknown_no_ground_truth,0.5875852018783178,-0.0665236455193979,0.17058096965954328,0.0600399985978336,5.700695556354307,0.1183108,2.347157,-0.13385691,0.1832265007335423,7.69371305860702,0.058277386113783844,0.17371153340755396,0.03880722369526215,0.0458126709622321
376,12.533334,transport,unknown_no_ground_truth,0.5866935469839648,-0.06541951725021034,0.1722059852870108,0.06874594148953861,6.2507977368632615,0.1183108,2.7655962,1.9392543,0.18211992472629437,7.528250131486779,0.0595955069196448,0.1720931217024716,0.03852385531390932,0.056937834899441396
377,12.566667,transport,unknown_no_ground_truth,0.5857600776774788,-0.06386156664920434,0.1738346764181544,0.07795481400562669,6.2507977368632615,0.1183108,2.5865011,1.0519475,0.1806008062709785,7.355389340423453,0.06084564265710882,0.17004252113918722,0.03716198023073722,0.06852693085190775
378,12.6,transport,unknown_no_ground_truth,0.5849393233627023,-0.06180261860216796,0.17549983890398174,0.0862764949083519,6.2507977368632615,0.1183108,3.1097994,3.6445718,0.1786892560953455,7.208209243050234,0.06207296922635235,0.16756132231315282,0.0373980636815333,0.07774971644027295
379,12.633333,transport,unknown_no_ground_truth,0.5843115894136677,-0.05944549896221734,0.17722332068264104,0.08986449380613733,5.700695556354307,0.1183108,2.591708,1.0777441,0.17660799278312855,7.036089677274931,0.06333884344885474,0.16485925520105643,0.03997522969591765,0.08048358999070505
380,12.666667,transport,unknown_no_ground_truth,0.5837938801590068,-0.05712453067640236,0.17906285283313786,0.08539039891159148,4.639014132216213,0.1183108,2.507754,0.6618039,0.174648410500217,6.947669765074537,0.06473798578368518,0.162206844759781,0.04247534797969525,0.07407675101058714
381,12.7,transport,unknown_no_ground_truth,0.5832938191360892,-0.055198876428889626,0.1808753253615214,0.07482996353985544,4.480547437074399,0.1183108,2.4662588,0.45621982,0.1730788055641878,6.886327452297372,0.06617052968518314,0.15993040341569897,0.043198055505108975,0.061101975777822594
382,12.733334,transport,unknown_no_ground_truth,0.5826961535707001,-0.05381920482026335,0.1826344676947233,0.0636121745838208,4.480547437074399,0.1183108,2.4883423,0.5656302,0.1719845909414202,6.846861211750111,0.06761785379980309,0.15813451669005124,0.04324620747386943,0.046650555135062846
383,12.766666,transport,unknown_no_ground_truth,0.5820550416742398,-0.053026335013294,0.18430023869955786,0.056210015242670684,4.480547437074399,0.1183108,2.2759144,-0.4868205,0.17140826965098124,6.810164533178432,0.06905360779239748,0.15688337756307147,0.04298509305304542,0.036219436616301705
384,12.8,transport,unknown_no_ground_truth,0.5814360005240096,-0.0525178663094395,0.18591486218230455,0.05104303943323905,4.480547437074399,0.1183108,2.3180177,-0.2782243,0.1711048283836581,6.757132868706503,0.07048352374246206,0.15591322964087068,0.04140825505956433,0.029845406472441653
385,12.833333,transport,unknown_no_ground_truth,0.5809211366705089,-0.052166414981480544,0.18739124715085564,0.04696642279053626,5.797814397412996,0.1183108,2.5559094,0.9003841,0.17096399605176785,6.63433771873548,0.07181415836524749,0.15514965228539845,0.03921199311403467,0.025850811704167087
386,12.866667,transport,unknown_no_ground_truth,0.5805699748392248,-0.051710893850737294,0.18881357206234772,0.046305731072493854,5.797814397412996,0.1183108,2.8400357,2.3080568,0.17078802682388494,6.468232308161409,0.07309765274712046,0.15435440800073524,0.03821040632348841,0.02615694131109445
387,12.9,transport,unknown_no_ground_truth,0.5803984566758905,-0.051052522717346754,0.19022248292967586,0.050607636688390446,5.797814397412996,0.1183108,2.7661874,1.9421837,0.17050293826553747,6.2891169075405084,0.0743615169471112,0.15343277601121014,0.03975562241680444,0.031314906633049366
388,12.933333,transport,unknown_no_ground_truth,0.5802579381028288,-0.05015053943914067,0.19178859579638807,0.0562466195706811,5.797814397412996,0.11788238,2.5214968,0.7298905,0.17006767130049316,6.114060471674524,0.07574802852812518,0.15226703187385943,0.04191317951310665,0.03750956672944948
389,12.966666,transport,unknown_no_ground_truth,0.5800249297444335,-0.04911131954867719,0.19340885451444106,0.06007457814990103,6.188894386495532,0.11788238,2.5090995,0.6684695,0.16951120350634746,5.977845195144129,0.07715572567206463,0.1509338998044755,0.04276633859461079,0.042189989607721766
390,13.0,transport,unknown_no_ground_truth,0.5795233939844757,-0.04803157587537778,0.19510676372654256,0.06361405816303269,6.188894386495532,0.11788238,2.4919596,0.58355165,0.16886805758587473,5.939438500337845,0.07859911604149893,0.14946103114297482,0.04409199392158611,0.04585460138294215
391,13.033334,transport,unknown_no_ground_truth,0.5787453062358949,-0.04704033348218376,0.1968815496317765,0.06478513439419696,5.478859138860626,0.10323479,2.508977,0.66786236,0.16825407153186087,5.885721669220184,0.08009523136702762,0.1479668425672146,0.044639907876587524,0.046950955935358134
392,13.066667,transport,unknown_no_ground_truth,0.5777755284758468,-0.04625521944634614,0.1986342746001814,0.06263406409393868,5.15762541588601,0.10323479,2.3397954,-0.1703294,0.167775582795656,5.844607307727875,0.08157510755517426,0.14660882650708235,0.04300617135335037,0.045535647688924825
393,13.1,transport,unknown_no_ground_truth,0.5767024234819711,-0.045707767108600805,0.20027072449131872,0.05819036460293017,5.15762541588601,0.10323479,2.3742151,0.000199626,0.1674598635225105,5.819012892105341,0.08296230404249742,0.14546498547395542,0.0399735822127333,0.04228748346383125
394,13.133333,transport,unknown_no_ground_truth,0.5756631149973388,-0.04535754785672849,0.2017617851294866,0.050506697574041796,5.15762541588601,0.10323479,2.6076808,1.1568799,0.16730375872682193,5.805173399918584,0.084240013656073,0.14454815039753113,0.035445538453719797,0.03597972072656472
395,13.166667,transport,unknown_no_ground_truth,0.5748058037809598,-0.045194195200774875,0.2030050330317099,0.04063341489993815,4.680532635496187,0.10323479,2.4234593,0.24417448,0.16730538450184138,5.797690381282357,0.08532533215230716,0.14391205431237317,0.02995469944428199,0.027455243354107216
396,13.2,transport,unknown_no_ground_truth,0.5741934435518188,-0.0451236455670719,0.2040253002446013,0.031619597492718754,4.186327390074976,0.10323479,2.3626032,-0.05733046,0.16740209860478147,5.804755340173205,0.08623699671213804,0.14348046213807533,0.02529551679210776,0.018971973429818538
397,13.233334,transport,unknown_no_ground_truth,0.5738411611310203,-0.045043393142993035,0.20487324957058495,0.025104799231488912,2.0693804920920607,0.10323479,2.4753437,0.5012302,0.16751974284767782,5.819246796123126,0.08701169438215228,0.14314967441282928,0.02180992899485234,0.012432937774028532
398,13.266666,transport,unknown_no_ground_truth,0.5737087868453218,-0.04487619021127916,0.20560801904918125,0.022280165890122945,1.9514746278588364,0.099445485,2.500106,0.62391275,0.16759490131523005,5.8199410309973505,0.08769099335068312,0.14282275950293127,0.019749841928411747,0.010312591133859014
399,13.3,transport,unknown_no_ground_truth,0.5737546740494142,-0.044610080453990425,0.20629134731205628,0.022238053188933803,1.6479014697564185,0.099445485,2.6464813,1.3491126,0.16762472413489954,5.8199410309973505,0.08832834802546517,0.14246456077352526,0.018230005346875855,0.01273569451136163
400,13.333333,transport,unknown_no_ground_truth,0.573876615573861,-0.04421355163189907,0.20692356200942136,0.022840169622829015,1.6479014697564185,0.099445485,2.5212147,0.72849315,0.16754923692753396,5.820165868921882,0.08890632760979672,0.14201553332624714,0.01558998509426503,0.016692085344863158
401,13.366667,transport,unknown_no_ground_truth,0.5739374204449295,-0.04366115759920009,0.20746807787509564,0.023583855085996818,1.6479014697564185,0.099445485,2.5757968,0.9989143,0.16728910878339165,5.820165868921882,0.08936767600737684,0.14141804836222976,0.011717107273726886,0.02046723278446001
402,13.4,transport,unknown_no_ground_truth,0.5738792869399172,-0.04298328534534999,0.2079025525538064,0.024114953816518847,2.0693804920920607,0.099445485,2.5420334,0.8316372,0.1668435795443741,5.765723898941063,0.0896874714293471,0.14068737506894471,0.007121197261848582,0.023039521417136194
403,13.433333,transport,unknown_no_ground_truth,0.5736895641922986,-0.042248642319134104,0.20819467658863794,0.02336408108388132,5.302398958646743,0.099445485,2.4448633,0.35021842,0.1662552541417897,5.611633628527212,0.08984241729260538,0.1398897765555884,0.002572903835037754,0.02322198205902823
404,13.466666,transport,unknown_no_ground_truth,0.5733976074651894,-0.04157142233390412,0.20835061834641905,0.02249885905796182,5.302398958646743,0.099445485,2.5814276,1.0268111,0.16563381228224847,5.397819368240104,0.08985900217641651,0.13913992776701406,-0.0008476715872369144,0.022482884863607288
405,13.5,transport,unknown_no_ground_truth,0.5730761016463102,-0.04089831603795377,0.20841839478588658,0.02235181101950484,5.302398958646743,0.099445485,2.4436734,0.34432295,0.16497372715793854,5.190005512732388,0.08978590331169918,0.13840094731931626,-0.0030152566217886353,0.02214749835436088
406,13.533334,transport,unknown_no_ground_truth,0.5727852939796174,-0.04021508868412066,0.2084277585165985,0.02381563136878044,5.302398958646743,0.099445485,2.564187,0.94139487,0.16429286839458634,5.033992604124816,0.08965798237161282,0.1376720480067484,-0.004137039576826587,0.023453554123701793
407,13.566667,transport,unknown_no_ground_truth,0.5725766063583551,-0.0393912538706821,0.20842691110653383,0.02984601556014757,4.7447666079386375,0.099445485,2.5467944,0.85522497,0.1635130798512431,4.958912325182245,0.08951010153708562,0.13683738160773035,-0.004577827565892613,0.02949284895688317
408,13.6,transport,unknown_no_ground_truth,0.5724597419841102,-0.038252301875527826,0.20845127288781423,0.03929760706653829,4.726571591984831,0.099445485,2.5115302,0.680512,0.16250097381505413,4.8751716105488025,0.08935279385882242,0.13573004354402782,-0.00469581142612616,0.03901603870469557
409,13.633333,transport,unknown_no_ground_truth,0.5724314882028592,-0.03677695275025284,0.20851563287132613,0.048202212470429114,4.066032352825204,0.099445485,2.466969,0.45973867,0.16124512828303625,4.798889031519071,0.08919704772561311,0.13432750303659896,-0.004577322015187568,0.047984387150547946
410,13.666667,transport,unknown_no_ground_truth,0.5724757927337893,-0.035043050314737235,0.20861538883573916,0.05333884859821346,4.066032352825204,0.099445485,2.3565414,-0.08736295,0.1598088311060345,4.68051473517446,0.08904763950044577,0.13270034061326186,-0.004615585759984496,0.053138772453598944
411,13.7,transport,unknown_no_ground_truth,0.5725111659048322,-0.03322777019711917,0.20871935841222428,0.051995871269362906,4.726571591984831,0.099445485,2.3741345,-0.000199626,0.1583077822897857,4.538215875953472,0.08888934258573412,0.13099633089589258,-0.004970066249832992,0.05175779236532822
412,13.733334,transport,unknown_no_ground_truth,0.572457227440176,-0.031581367966357375,0.20879489806397888,0.04525878839592529,4.7447666079386375,0.099445485,2.407832,0.16675031,0.15691604841116583,4.410157591324495,0.08871630161493571,0.12942976503394843,-0.005455073615048849,0.044928833714236775
413,13.766666,transport,unknown_no_ground_truth,0.5722883063201764,-0.030220613059108514,0.20882510866226658,0.035781765504460064,5.181846497880588,0.099445485,2.4264193,0.2588393,0.1557149523412855,4.249410772039266,0.08852567189109989,0.12810289535712352,-0.005686498825104879,0.03532702186327414
414,13.8,transport,unknown_no_ground_truth,0.5720312836902177,-0.029234338386681533,0.20881338401306782,0.027346523530466234,6.547806887507025,0.099445485,2.4020102,0.13790731,0.15478743716128263,4.077238539493179,0.08833720208695467,0.1271050330648104,-0.005657377250813479,0.02675493285067861
415,13.833333,transport,unknown_no_ground_truth,0.5717147203366786,-0.02849086947313694,0.20877313609174492,0.02328592789007975,6.620640452141179,0.099201724,2.3746305,0.0022573094,0.15403513565746857,3.913308181049003,0.08814851380326999,0.1263196838631631,-0.005756247925805459,0.02256324550056251
416,13.866667,transport,unknown_no_ground_truth,0.5713553859586407,-0.027840054630179308,0.20871822238283466,0.02169410157628662,6.873919584882673,0.099201724,2.3489256,-0.12509462,0.15334158887244997,3.7527446323301263,0.08795345237926838,0.12560984472761377,-0.005764899916865658,0.02091410940371987
417,13.9,transport,unknown_no_ground_truth,0.5709968272363417,-0.027240318554777033,0.20866151914189288,0.022468208798258126,7.653688633829103,0.099201724,2.3677108,-0.032025207,0.15269128945673846,3.554522320320699,0.08776418737241178,0.12494829847109441,-0.005789790366528132,0.021709415793931024
418,13.933333,transport,unknown_no_ground_truth,0.5706376564424356,-0.02652947655379562,0.20861382017635008,0.029147086007902678,8.434438736828154,0.099201724,2.2925556,-0.40437376,0.15195097739763902,3.280186324181271,0.0875674664800625,0.12418147344254268,-0.006439114359630356,0.02842693140343639
419,13.966666,transport,unknown_no_ground_truth,0.5702592760397451,-0.02544412009687416,0.20858781532978243,0.04022264544620094,8.434438736828154,0.099201724,2.2914913,-0.40964672,0.15089748516076643,3.018002967366278,0.08733491454583084,0.12305553107892446,-0.0074716990378617225,0.0395225874681606
420,14.0,transport,unknown_no_ground_truth,0.5698824428410104,-0.02395663508162934,0.20858776421901942,0.05138866298846793,8.434438736828154,0.09919434,2.3199337,-0.26873204,0.14951787774201125,2.817678270446239,0.08706935271197332,0.12155049807710787,-0.008092438185214686,0.05074748395694916
421,14.033334,transport,unknown_no_ground_truth,0.5695546048558906,-0.022091668465591963,0.20862888539803626,0.06131777915945625,8.434438736828154,0.09919434,2.4467392,0.35951224,0.14785813538577947,2.634186503953586,0.08679541142937212,0.11970206662612601,-0.007877378477955626,0.06080967808961735
422,14.066667,transport,unknown_no_ground_truth,0.5693255059434958,-0.01990932143374991,0.2087274219352569,0.06961175356523279,7.3575769021365485,0.09919434,2.3908727,0.08272785,0.14599680821115887,2.5027310299687917,0.08654419402693059,0.1175804851498534,-0.007128783461135055,0.06924577012923568
423,14.1,transport,unknown_no_ground_truth,0.5691981074114196,-0.01747132496514639,0.20887835061988114,0.07514778771607754,6.862356296061496,0.09919434,2.3698132,-0.021609219,0.14399016845473475,2.431413228049991,0.08632016040016549,0.1152475532066195,-0.006334744209201358,0.0748803112602014
424,14.133333,transport,unknown_no_ground_truth,0.5691407966906108,-0.014914213478291931,0.20906405132975214,0.0759411180912105,6.862356296061496,0.09919434,2.4118917,0.18686411,0.14193880678755366,2.3869947497317936,0.08612187744174671,0.11282573774712597,-0.005526419791544387,0.07573976565339245
425,14.166667,transport,unknown_no_ground_truth,0.5691298508480616,-0.012423644042506402,0.20926245849871355,0.07447069550842587,6.862356296061496,0.09919434,2.417712,0.21570003,0.13998073273944567,2.315884962104559,0.08595173354109778,0.11048486339563551,-0.005032290517391736,0.07430047470680957
426,14.2,transport,unknown_no_ground_truth,0.5691003978550491,-0.009965750841579694,0.209463329573844,0.07535994812351125,6.862356296061496,0.09919434,2.4906576,0.57710105,0.13806124546530113,2.1603078956895048,0.08578639161918344,0.10817394562643179,-0.005264758189275011,0.07517582126180444
427,14.233334,transport,unknown_no_ground_truth,0.5690143322650351,-0.007417089236787457,0.20966443353619685,0.07710485957845711,9.338766764988032,0.09919434,2.4798968,0.5237879,0.1360662533587661,1.939318531183284,0.08560074938638712,0.10576642665600872,-0.005760590897697036,0.07688936833609027
428,14.266666,transport,unknown_no_ground_truth,0.5688883771173487,-0.004845242521776708,0.20986121736893984,0.07554507865766696,9.338766764988032,0.09919434,2.5031085,0.6387878,0.13405539501087935,1.7235318115844014,0.0854023529864853,0.1033309587485506,-0.005779975574199781,0.07532364032463343
429,14.3,transport,unknown_no_ground_truth,0.5687516856348422,-0.002402558398835425,0.2100518842964167,0.06982321276258616,9.338766764988032,0.09919434,2.429626,0.27472672,0.1321595388215366,1.6189918428314871,0.08521541834753092,0.10101720733309019,-0.005206996345682389,0.069628788798495
430,14.333333,transport,unknown_no_ground_truth,0.5686290801125204,-0.0002122740697953877,0.21023041941802895,0.06048424606168971,9.338766764988032,0.09919434,2.3551605,-0.09420457,0.13047916811368382,1.6193998766832483,0.08505521949220239,0.0989465661292611,-0.004338240785515442,0.06032846499404669
431,14.366667,transport,unknown_no_ground_truth,0.5685359818892184,0.0016103656056783168,0.21038219218477444,0.05010495420417146,6.3259592159864075,0.09919434,2.3694017,-0.023648003,0.12909772984855655,1.6405796378347566,0.08492620343384996,0.09723046756219585,-0.0034767201397050067,0.049984186027905754
432,14.4,transport,unknown_no_ground_truth,0.5684760864379138,0.003112927281231628,0.2105087638061005,0.04272337736194333,3.251977095452027,0.09919434,2.4088318,0.17170434,0.12797444648993037,1.6567142077585078,0.08482343764883696,0.09582506655274456,-0.0028383789638785333,0.04262898753276254
433,14.433333,transport,unknown_no_ground_truth,0.5684516101008101,0.004447191662937933,0.2106222811790136,0.042319881547547,3.0304981397662507,0.09919434,2.441459,0.3333518,0.12699510617211554,1.6718442187659979,0.0847369787873421,0.09459070471066612,-0.0026336700979324172,0.04223785217093389
434,14.466666,transport,unknown_no_ground_truth,0.5684438420122875,0.005923553789658529,0.21075202893938313,0.04971513936493151,3.0304981397662507,0.09919434,2.5492291,0.8672875,0.12592870923162092,1.7003617749244218,0.08464785991509935,0.09323507720024606,-0.003004664576814241,0.049624258914923856
435,14.5,transport,unknown_no_ground_truth,0.5684296500602086,0.007748780853827887,0.21091200355038456,0.06276560059121063,3.0304981397662507,0.099179566,2.529458,0.7693338,0.12462007919530678,1.7355674865952926,0.08453666734581844,0.09156263436963229,-0.0037690932860899107,0.06265233078965324
436,14.533334,transport,unknown_no_ground_truth,0.5684102443751844,0.010091619986587879,0.2111201942221152,0.07480836847548224,2.802650835306042,0.099179566,2.4560277,0.40553135,0.12296101074024841,1.7593574489262715,0.08439658365848432,0.08942386051295224,-0.004324409741571003,0.07468327439494421
437,14.566667,transport,unknown_no_ground_truth,0.5683934862028157,0.012715557513711482,0.21136156166414966,0.07808479221074469,3.0304981397662507,0.099179566,2.3396306,-0.17114563,0.12113659021389712,1.7821366011687214,0.08424837389968193,0.08704185765428625,-0.004284783463599347,0.07796714311339899
438,14.6,transport,unknown_no_ground_truth,0.5683857797092495,0.015274762122239743,0.2116030910809572,0.07093027383679759,3.178705648939581,0.09414931,2.2174337,-0.7765569,0.11939322706004216,1.8075894187840982,0.08411093197887416,0.0847354340843073,-0.0037312010273272515,0.07083206819976927
439,14.633333,transport,unknown_no_ground_truth,0.5683797274771689,0.017422926305244533,0.21180991403268873,0.056506641520817705,3.1998431084692514,0.09414931,2.234811,-0.6904626,0.11795570997653808,1.8376926755175338,0.08399962668315396,0.08281070119954266,-0.0028801150162580773,0.056433194783348246
440,14.666667,transport,unknown_no_ground_truth,0.5683707353713152,0.019024205317867457,0.21196698313009799,0.04053174793723897,4.644105653084593,0.09414931,2.2972329,-0.3812006,0.11689840311500076,1.858650583113619,0.08391892534065508,0.0813808983761348,-0.0019392592841962729,0.040485329000472914
441,14.7,transport,unknown_no_ground_truth,0.5683652437291955,0.02011149526231585,0.2120798895377819,0.02797945333379134,4.725278924060735,0.09414931,2.317375,-0.28140888,0.11619155582227875,1.8836466513537542,0.08387034196442537,0.08041295531922743,-0.0010980545652542308,0.027957898437284797
442,14.733334,transport,unknown_no_ground_truth,0.5683642441910616,0.020878507891800728,0.2121690014483088,0.02255998364026648,5.606632621882856,0.09414931,2.2694585,-0.5188055,0.11570321589336771,1.9316173012635114,0.08384572242924128,0.07973160601910566,-0.000609137030616306,0.02255175855508885
443,14.766666,transport,unknown_no_ground_truth,0.568366085974455,0.021604615315040397,0.21226045445356795,0.025912312947473634,6.1329276566224165,0.09414931,2.2084258,-0.82118577,0.11524907541638015,2.0111219848164748,0.08382973265003006,0.07908808575351259,-0.0006077537403711216,0.025905184764422634
444,14.8,transport,unknown_no_ground_truth,0.568366430034752,0.022592771681500118,0.21238237533156185,0.03423945387466687,6.1329276566224165,0.09414931,2.2691934,-0.520119,0.11463325946673547,2.1265941717411536,0.08380520527844558,0.07821426816256413,-0.0008818919842916717,0.03422809472003199
445,14.833333,transport,unknown_no_ground_truth,0.5683638788048491,0.02387032322887131,0.21253779126684036,0.04108630447505045,6.1329276566224165,0.09414931,2.22894,-0.71955013,0.11384249132360919,2.2455804374829764,0.08377094021488983,0.07708788754583555,-0.001099350925453481,0.04107159411271073
446,14.866667,transport,unknown_no_ground_truth,0.5683628885856709,0.025311886494601657,0.21271254352899166,0.044332360373841195,6.1329276566224165,0.09414931,2.0597353,-1.5578564,0.11296159643365093,2.380254540868215,0.08373191512131553,0.07582406385149659,-0.0012066537879440965,0.04431593576753362
447,14.9,transport,unknown_no_ground_truth,0.568361020285054,0.026804438856496186,0.21289255491160386,0.044156046247445735,5.983515275991714,0.09414931,2.1633236,-1.0446393,0.11206115653061108,2.505716035646877,0.08369049680335282,0.07452250363337314,-0.0012039766102291943,0.04413962913900148
448,14.933333,transport,unknown_no_ground_truth,0.5683560617009743,0.02823428112572024,0.2130662664870946,0.04130156214332834,5.983515275991714,0.09414931,2.2251785,-0.73818624,0.11121018039746709,2.628603172093556,0.08365165013495497,0.0732810047265747,-0.0010481599570778474,0.04128825978633141
449,14.966666,transport,unknown_no_ground_truth,0.5683468984162672,0.029537133094294517,0.213229610298198,0.03676775063454488,5.983515275991714,0.09414931,2.3444629,-0.14720468,0.11044654075972136,2.7401490639457835,0.08362061934503724,0.0721528265984166,-0.0008563269158049875,0.03675777728505007
450,15.0,transport,unknown_no_ground_truth,0.5683280425858201,0.030665975702879347,0.21337341519417619,0.032393693589189566,5.903930293484375,0.09414931,2.3150966,-0.2926966,0.10978995535218695,2.8877574779120967,0.08359456184150503,0.07117431788757791,-0.000944655768624153,0.03237991676686502
451,15.033334,transport,unknown_no_ground_truth,0.5682742925314113,0.03167932245938811,0.2134935462222883,0.02879106925257269,5.983515275991714,0.09414931,2.2139757,-0.7936893,0.10918554552339882,3.052907917617295,0.08355764144894597,0.07028231574679068,-0.0013999484254530415,0.028757013285675346
452,15.066667,transport,unknown_no_ground_truth,0.5681594397569439,0.03256643517658792,0.21358305163722296,0.025588052911425192,5.983515275991714,0.09414931,2.1452637,-1.1341155,0.10862189655195713,3.224446507015587,0.08350123262216926,0.06947129307219245,-0.002303509704140282,0.02548415772280549
453,15.1,transport,unknown_no_ground_truth,0.5679523867545513,0.03334916944573672,0.2136275860773243,0.023582808361300535,5.983515275991714,0.09414931,2.1398983,-1.1606976,0.10805999333894555,3.3926526741902987,0.08340407308678943,0.06870751598585444,-0.004121344137075308,0.023219891746294196
454,15.133333,transport,unknown_no_ground_truth,0.5676203407807823,0.03404326898015919,0.2135933371082816,0.024099435602731544,5.903930293484375,0.086792275,2.0142398,-1.783259,0.10745213632612231,3.5749397586820226,0.08322647893874659,0.06796554130223599,-0.007213700973333648,0.022994462695125756
455,15.166667,transport,unknown_no_ground_truth,0.5671503935493876,0.03472966361139915,0.21344785944044953,0.02696628015291091,5.737790967724287,0.086792275,2.126177,-1.2286779,0.10671955519424052,3.735462022224362,0.08292315652100486,0.06717747817125527,-0.011013414155466287,0.024614730831870813
456,15.2,transport,unknown_no_ground_truth,0.5665794273588658,0.035452715348573145,0.21319102548741453,0.03112270046544774,5.3938007555899805,0.086792275,2.2550538,-0.5901724,0.10584986375212382,3.8991517639241358,0.08249225570769286,0.06632662666380518,-0.015108074462655552,0.027209714630859985
457,15.233334,transport,unknown_no_ground_truth,0.5659236177202154,0.03627756243036541,0.21281222551318307,0.036020204177224124,5.3938007555899805,0.086792275,2.157247,-1.074745,0.10480213955752404,4.03838875758429,0.08191594832825269,0.0653702215486362,-0.019406488609388612,0.030345400126256115
458,15.266666,transport,unknown_no_ground_truth,0.5652217864768424,0.03722887249007603,0.21231437811801956,0.040728629004921586,5.3938007555899805,0.086792275,2.1193495,-1.2625045,0.10357958196568061,4.121792380151229,0.0811984951013898,0.06430811918766344,-0.023387418928455545,0.03334441267267216
459,15.3,transport,unknown_no_ground_truth,0.564482153016707,0.03829875509074752,0.21171244916343326,0.044962145135189105,5.737790967724287,0.086792275,2.1341608,-1.1891236,0.10220035931001556,4.186923528298965,0.08035678496939815,0.063148242671338,-0.02713768891103687,0.03584885403643463
460,15.333333,transport,unknown_no_ground_truth,0.5636612442485631,0.039425637442253435,0.21100145917784013,0.049050585522659756,6.736273210329327,0.07718973,2.0613904,-1.5496564,0.10068087313696258,4.271879176522516,0.07938932119264211,0.06191909153235905,-0.03088283794239518,0.03810787662333754
461,15.366667,transport,unknown_no_ground_truth,0.5626695649304501,0.0405524729781664,0.21018652581944292,0.0539626531194057,7.302177656056257,0.07718973,1.9550514,-2.0765014,0.09902158358934061,4.3610891254122155,0.0782979274957044,0.06061937451358426,-0.034550106506352755,0.041451876580982275
462,15.4,transport,unknown_no_ground_truth,0.561408237285246,0.04163822777909532,0.20927796867349963,0.05877395906581785,7.3748324810264485,0.07718973,2.0176814,-1.7662082,0.09721379347091884,4.479576726837666,0.07708598643297337,0.05923067057413674,-0.03714906011302286,0.04554476475940397
463,15.433333,transport,unknown_no_ground_truth,0.5599006626990723,0.042612709316000724,0.20833142474772137,0.06042981613293691,9.046880876229185,0.07718973,1.9854175,-1.926056,0.09535138645355132,4.6680068015272385,0.07582132431323875,0.057818800385351816,-0.036693162813176784,0.04801431537183742
464,15.466666,transport,unknown_no_ground_truth,0.5582705102142198,0.04338924549662808,0.2074562562913072,0.058078091954663444,9.046880876229185,0.07718973,1.9799389,-1.9531993,0.09361781145136377,4.937122305953968,0.07463977556206713,0.056508393402992324,-0.03276646095349664,0.047952307574060736
465,15.5,transport,unknown_no_ground_truth,0.5566477893265716,0.04397598099194837,0.2067340375715334,0.05250418484972852,9.046880876229185,0.07718973,2.0000255,-1.8536822,0.09212028672801334,5.241907295283142,0.07363690074995088,0.05535118855809036,-0.026600350594946816,0.045267104777756376
466,15.533334,transport,unknown_no_ground_truth,0.5551653231990628,0.044415374639030586,0.20620839639584856,0.04490535895004221,9.046880876229185,0.07718973,1.8906549,-2.395547,0.09091577674593683,5.504893396622815,0.07286639506580479,0.05437064402258896,-0.01999450522413175,0.040208345194428285
467,15.566667,transport,unknown_no_ground_truth,0.5539005320260828,0.044776967472458774,0.2058547137610762,0.03779449044284471,8.98679507411027,0.07718973,1.9403622,-2.1492774,0.08997131425456792,5.745057726688253,0.07230392908216607,0.053544180150370387,-0.015506336948980065,0.034467042551675015
468,15.6,transport,unknown_no_ground_truth,0.5528495198562613,0.045177035819706016,0.20557165861410553,0.03421707178473139,8.751992668839835,0.07718973,1.9843642,-1.9312747,0.089138492904596,5.971125359144062,0.07183264283580121,0.052780132062424094,-0.014896295599236728,0.030804356492899216
469,15.633333,transport,unknown_no_ground_truth,0.5519241211768766,0.045738866570345565,0.20524468507603427,0.03493973450755865,8.6062082902824,0.07718973,2.0116708,-1.7959867,0.0882244104352645,6.1976167264765625,0.07131084512899843,0.05194525929897748,-0.0172884800985299,0.030362699210403216
470,15.666667,transport,unknown_no_ground_truth,0.5510608718737379,0.046467952651338046,0.20482333825277213,0.03865112803785151,7.559790702475866,0.07718973,1.9387264,-2.1573818,0.08716574342981159,6.405736509610355,0.07068007544952296,0.0510117022076453,-0.021461830260839258,0.032144976908582715
471,15.7,transport,unknown_no_ground_truth,0.5501879947830695,0.04736601956110881,0.20425584782956316,0.043611082866874006,6.432231033568001,0.07718973,1.9355263,-2.1732366,0.08589928554346223,6.589710488463144,0.06988006267929754,0.04995462037504344,-0.026242889643433243,0.034831555979943474
472,15.733334,transport,unknown_no_ground_truth,0.5492796756127376,0.04838663727140377,0.20355881990593028,0.04795794778393151,5.3505379353134845,0.07718973,1.9205822,-2.2472756,0.08445651182022579,6.75592203273659,0.06893054683677026,0.048800431367189374,-0.030274086650672632,0.03719468286077819
473,15.766666,transport,unknown_no_ground_truth,0.5483119950527721,0.0494780715257737,0.2027585557537288,0.05072127832736663,5.305412122682497,0.07718973,2.03975,-1.656871,0.08288025672422024,6.882412560798156,0.06786179559962849,0.04758060164254857,-0.03306624586591263,0.03846129820348252
474,15.8,transport,unknown_no_ground_truth,0.547280813810817,0.05054785333266017,0.20189518619010688,0.05112772722779504,5.20007713574872,0.07718973,1.9802251,-1.9517812,0.08125607591551492,7.056896444507973,0.06672613060611099,0.04636996190988456,-0.03443990587080191,0.03778805863087066
475,15.833333,prealignment,unknown_no_ground_truth,0.5462052008887268,0.051494617078558944,0.2009942087105311,0.04973132914562826,4.914717072656453,0.07144297,1.9783919,-1.9608636,0.07967304175325104,7.225668010489288,0.0655658047974441,0.04526498451870652,-0.03469608615647824,0.03562845357313525
476,15.866667,prealignment,unknown_no_ground_truth,0.5451223696050558,0.05229031440395064,0.20007943915715398,0.046749123135585054,4.72926243819976,0.07144297,1.969028,-2.007256,0.07817866443057571,7.379127241775443,0.06441306059127085,0.04430418938897128,-0.03352689494693781,0.03257956152502808
477,15.9,prealignment,unknown_no_ground_truth,0.5441053841412427,0.052947337428632134,0.19920713711258858,0.040920830346607234,4.72926243819976,0.07144297,1.9403155,-2.149509,0.07682839974222236,7.501377322662334,0.06333067861326554,0.04349515091747564,-0.029722811932878727,0.028125945442927486
478,15.933333,prealignment,unknown_no_ground_truth,0.5432704265629437,0.05349906424488872,0.19848210924289367,0.03412363917449973,4.393349224323891,0.07144297,1.9490923,-2.1060252,0.07570965996005652,7.604886881028927,0.062431546901295557,0.04282819822008298,-0.02409422532529405,0.024163837784702408
479,15.966666,prealignment,unknown_no_ground_truth,0.542636714587085,0.05413465551180489,0.1979388658230704,0.030778137944408514,4.212727600645711,0.07144297,2.0513048,-1.5996244,0.07472877744054517,7.687752752207467,0.0617243929911637,0.042124689763022756,-0.018320709056575044,0.02473146568623397
480,16.0,prealignment,unknown_no_ground_truth,0.542211056677917,0.05502013194357045,0.19760218089006062,0.034388077356697376,3.1477427075504774,0.07144297,2.2402494,-0.663519,0.07379793218870719,7.7348135049590505,0.061210172955366654,0.04122438019064839,-0.013468864409657173,0.03164063140653917
481,16.033333,prealignment,unknown_no_ground_truth,0.5419270456983488,0.056254808609780174,0.19743190255670118,0.0424457446710756,3.1477427075504774,0.07133217,2.269203,-0.5200718,0.07281069867215155,7.761733002879131,0.060826465846290555,0.04001923154905527,-0.01060640118224905,0.04109921525580906
482,16.066668,prealignment,unknown_no_ground_truth,0.5417108518723758,0.0577947617234373,0.19735960416085463,0.04944199150843394,3.1477427075504774,0.07133217,2.1847136,-0.93866503,0.07173517365343281,7.779560333526934,0.060503058083202985,0.038539785957744065,-0.010246570915684835,0.048368567363422044
483,16.1,prealignment,unknown_no_ground_truth,0.5414660461342551,0.05951508151603978,0.1972808989156869,0.05253317278839254,3.1477427075504774,0.07133217,2.0872183,-1.421695,0.07055545823409905,7.793945204107687,0.060143369476795515,0.036889670567807405,-0.012086202039852036,0.05112394706462895
484,16.133333,prealignment,unknown_no_ground_truth,0.5411332868815022,0.06124109459735055,0.19712654179797426,0.05054082056714988,3.9017854218219585,0.07133217,1.8950619,-2.3737133,0.06931283658384561,7.82468808547569,0.059697323626305525,0.03522071644863336,-0.014314758192354737,0.04847125170134616
485,16.166666,prealignment,unknown_no_ground_truth,0.5407268443634353,0.06277906181348118,0.19689046170631358,0.04433025835349107,4.248332165196546,0.07133217,1.8153676,-2.7685497,0.06811722127135425,7.862867576193523,0.059189066886146745,0.0337136499785752,-0.015259728389119119,0.04162105831400226
486,16.2,prealignment,unknown_no_ground_truth,0.540304306160474,0.0640309797155528,0.19661310177804653,0.03660140109761794,4.248332165196546,0.07133217,1.7971691,-2.8587122,0.06706403105493146,7.902027482479159,0.058679979391626724,0.03246912810555703,-0.014249060897019536,0.0337138966282709
487,16.233334,prealignment,unknown_no_ground_truth,0.5399328184439496,0.06502463117463772,0.19636019611579453,0.029056261425898074,4.248332165196546,0.07133217,1.8689011,-2.5033236,0.06619975812442616,7.933581213498636,0.05823912819248763,0.03147398803951478,-0.011534971707452935,0.02666853493835747
488,16.266666,prealignment,unknown_no_ground_truth,0.5396571082445689,0.06580405698302083,0.19617777240029383,0.022993224362560866,3.9017854218219585,0.07133217,1.944835,-2.1271179,0.06554357987428562,7.957427793180513,0.057910993060487574,0.03069654289142377,-0.008127853697962935,0.021508750797095886
489,16.3,prealignment,unknown_no_ground_truth,0.5394771257543651,0.06646136407079725,0.1960812752911948,0.02030701822221421,3.5500221349331076,0.07133217,2.0185165,-1.7620703,0.06505394661796757,7.976735355052602,0.05769727958169358,0.0300506222804996,-0.00519354451533691,0.019631660256956205
490,16.333334,prealignment,unknown_no_ground_truth,0.5393670655672771,0.06712107489341881,0.19605871753342347,0.021394034702290746,3.5500221349331076,0.07133217,2.0191116,-1.759122,0.06464538701608531,7.9908816321083735,0.057564741512222115,0.029416434132819406,-0.0034632504888207705,0.021111859626629374
491,16.366667,prealignment,unknown_no_ground_truth,0.539288734214695,0.06787515003233935,0.19608090078093887,0.024283594768386686,3.5500221349331076,0.07133217,2.0330038,-1.6902947,0.06423574822209685,8.003059195091334,0.05746640641749247,0.028702673797264957,-0.00265018662700522,0.024138547713507125
492,16.4,prealignment,unknown_no_ground_truth,0.539227377347016,0.06873204027771063,0.19613653195499106,0.026883338624986618,3.5500221349331076,0.07133217,2.023119,-1.7392681,0.06381049297323384,8.033555589001619,0.05738806511085586,0.027899623587412332,-0.0021074056828752977,0.026800610756351848
493,16.433332,prealignment,unknown_no_ground_truth,0.5391758562456558,0.06965854534482889,0.19621773298224487,0.027536412117428095,3.8963585078705965,0.07133217,1.9699025,-2.0029233,0.06338200602929865,8.10175652193707,0.05732591485796403,0.02703734776185543,-0.0015494534124435738,0.02749278426102943
494,16.466667,prealignment,unknown_no_ground_truth,0.5391391306074885,0.07055706771479131,0.19631422772213525,0.025630560235855845,3.8963585078705965,0.07133217,1.9688137,-2.008318,0.06299520027599456,8.182712527153301,0.05728475280121006,0.026207868175739148,-0.0009441018627617055,0.025613166334457066
495,16.5,prealignment,unknown_no_ground_truth,0.5391173289720241,0.07135501252092863,0.1964135801583649,0.0213146111545578,3.8963585078705965,0.07133217,1.9935865,-1.8855833,0.06267504577814839,8.281210887096586,0.057262988012937915,0.025477668007946177,-0.00042194291377597613,0.021310434365528878
496,16.533333,prealignment,unknown_no_ground_truth,0.5391085103199689,0.07196561408162852,0.19649906544138968,0.015392506230776166,3.8963585078705965,0.07624425,2.0066154,-1.8210332,0.06244608905610678,8.37044158168261,0.05725662370462935,0.024923745311443403,-3.428765531616421e-05,0.015392468041908549
497,16.566668,prealignment,unknown_no_ground_truth,0.5391100368843679,0.07237018600506834,0.19656318117706015,0.010061560532763655,2.59906318710887,0.07624425,1.9644271,-2.0300505,0.06230566992795655,8.415760622426674,0.05726068750590767,0.02456033736580709,0.00012089609081347035,0.010060834184583962
498,16.6,prealignment,unknown_no_ground_truth,0.5391123412199822,0.07262793135248173,0.19660530339622573,0.006599950384047598,1.3912230651155955,0.07624425,2.0320861,-1.6948413,0.06221890828952461,8.44079681937503,0.05726469878426125,0.024329957293182877,-0.0001495704134464584,0.006598255357540468
499,16.633333,prealignment,unknown_no_ground_truth,0.5390988527314335,0.07280643044983415,0.19661936708051841,0.0051836964237031834,0.7508914424509965,0.07638459,2.0458584,-1.6266081,0.06214233411085729,8.45061970120173,0.057250716297793755,0.02416661275675493,-0.0007898059352027116,0.0051231743282687285
500,16.666666,prealignment,unknown_no_ground_truth,0.5390626844901684,0.07296989953628547,0.19660900236760906,0.005456234444304525,0.7065338084601553,0.07638459,2.0186741,-1.7612895,0.062046125350982057,8.458255625597893,0.05721204586201514,0.024010486862045374,-0.0013885599763545772,0.005276589381720098
501,16.7,prealignment,unknown_no_ground_truth,0.5390128745031159,0.07315854422879964,0.19658862795018667,0.00656697137568786,0.6906369005868621,0.07638459,2.020432,-1.7525804,0.061926059093440323,8.47757619581586,0.05715812829538768,0.023828243003047127,-0.002132847645299818,0.0062109640130210645
502,16.733334,prealignment,unknown_no_ground_truth,0.5389297246283014,0.07338172041877658,0.1965427558368839,0.008212918969095623,0.6906369005868621,0.07638459,2.0026457,-1.8407005,0.061759125046227034,8.501541163729017,0.05706987130302954,0.02360549334225305,-0.003464346138822096,0.0074464987627313245
503,16.766666,prealignment,unknown_no_ground_truth,0.5387928914908908,0.07364147821097729,0.1964538693065393,0.010342103765879514,0.7065338084601553,0.07638459,1.9832981,-1.9365565,0.06152386728699411,8.520167502022083,0.05692717542487759,0.023334158311215707,-0.005305703557479074,0.008877421926684184
504,16.8,prealignment,unknown_no_ground_truth,0.5385869196420907,0.0739323749760549,0.19630903900783195,0.012568243198850573,0.7508914424509965,0.07638459,1.9899948,-1.9033784,0.06120760661337703,8.542766415985021,0.05671616315217716,0.023014081442315648,-0.0074508991333319605,0.010121503801825436
505,16.833334,prealignment,unknown_no_ground_truth,0.5383101540512898,0.07422653064873455,0.19609779874119893,0.014114541746747705,1.4776248494555584,0.07638459,2.023418,-1.7377868,0.06081410384400846,8.591438797886825,0.056430422698012586,0.02267074371240322,-0.009183776502918201,0.010718140597376547
506,16.866667,prealignment,unknown_no_ground_truth,0.5379913054708045,0.07449534685199068,0.1958467560143351,0.014369944765542122,1.4776248494555584,0.07638459,2.0040824,-1.8335825,0.06038732323578366,8.65788377986863,0.05610392070155501,0.02233783538073117,-0.00994789414448016,0.010369894630850826
507,16.9,prealignment,unknown_no_ground_truth,0.537674024716021,0.07471993933691624,0.19557855298416493,0.013395752035287483,1.4776248494555584,0.07638459,1.9593838,-2.0550368,0.05996758014480054,8.731364124363646,0.055767239916577456,0.02204825663198717,-0.009913972840290218,0.009008846491804414
508,16.933332,prealignment,unknown_no_ground_truth,0.5373919917608099,0.07488162471389723,0.19530905108087582,0.011957077231054014,1.4776248494555584,0.07638459,1.9744378,-1.9804535,0.05958618344296948,8.783764300859113,0.05544299930574941,0.021830874588112142,-0.00955875043881892,0.00718345223118867
509,16.966667,prealignment,unknown_no_ground_truth,0.5371460493265022,0.07496736527748266,0.1950349446062341,0.012154765573513833,1.4638138915344063,0.07638459,1.9546323,-2.078578,0.05924627865425618,8.807623312196508,0.05512996688037004,0.021698117110640583,-0.010236818535070974,0.006553310035936377
510,17.0,prealignment,unknown_no_ground_truth,0.5368756112744764,0.0750363790710335,0.19470408570135317,0.014630174788343133,1.4638138915344063,0.07638459,1.9891019,-1.907802,0.058859793765794775,8.814245495691548,0.054760553927966665,0.021581405321575996,-0.012411850549801266,0.007745190783116263
511,17.033333,prealignment,unknown_no_ground_truth,0.5365335907297715,0.07515691218268467,0.19429993771652565,0.0186012486000506,1.4300716075845814,0.07638459,2.1040807,-1.3381522,0.05836866726169568,8.829095261304488,0.054302522855451264,0.021404142810207045,-0.015464596367969546,0.010336958385166675
512,17.066668,prealignment,unknown_no_ground_truth,0.5361059478350222,0.07542171496004835,0.19381129678678252,0.023086354699284585,1.2262064030411435,0.07638459,2.1331673,-1.1940458,0.05771725762560161,8.870680395395532,0.05372954541477465,0.02108121859242811,-0.01847421141846319,0.013844973303228278
513,17.1,prealignment,unknown_no_ground_truth,0.5356373288987153,0.07586287937693259,0.19326693893895774,0.025923311171666914,1.2262064030411435,0.07638459,2.1890545,-0.9171586,0.056927657639617185,8.872259062175573,0.053070912191962756,0.020597001807215635,-0.01966961367613015,0.016885625837820297
514,17.133333,prealignment,unknown_no_ground_truth,0.5352270761986153,0.07645859939357011,0.19274400547933362,0.025900571931806612,1.4638138915344063,0.07638459,2.2764516,-0.4841592,0.05610244426519521,8.872259062175573,0.05241825792839455,0.01999526164574091,-0.018106715136816217,0.018519894528557092
515,17.166666,prealignment,unknown_no_ground_truth,0.534984991097496,0.07714557586966381,0.19231270459362526,0.025033838079581854,1.545820199792118,0.07638459,2.1712239,-1.0054984,0.05536024386147013,8.872259062175573,0.05186381634507435,0.019362364383665547,-0.01478374416893678,0.020202325542920802
516,17.2,prealignment,unknown_no_ground_truth,0.534963264904432,0.07792494000551142,0.19199191104224678,0.025420884604623543,2.0276076366020725,0.077588595,2.1073186,-1.3221099,0.05473296028062505,8.865530876935916,0.05143265394085769,0.01871841472135008,-0.011398442919358485,0.02272216699823573
517,17.233334,prealignment,unknown_no_ground_truth,0.5351012766077148,0.0787435873264759,0.19176042292506407,0.026940138995585533,2.8025384264631206,0.077588595,2.127458,-1.2223313,0.054214478303308423,8.76929629772029,0.05110391899933424,0.018099699461852536,-0.009237458670395217,0.02530692487075837
518,17.266666,prealignment,unknown_no_ground_truth,0.5353366959580175,0.07962992574245104,0.19156868140829936,0.029193849602449237,3.1182822175385594,0.077588595,2.2549584,-0.5906449,0.05373780029412019,8.65550091776325,0.050816832798669095,0.01747571700282574,-0.008313561608721091,0.02798509510415186
519,17.3,prealignment,unknown_no_ground_truth,0.5356047704288327,0.08058943754077794,0.19140387027697792,0.03209703999914045,3.1182822175385594,0.077588595,2.283069,-0.45137447,0.05327650455856933,8.533650344517012,0.05054969005085241,0.016826014790853286,-0.008489666353873142,0.030953926114571262
520,17.333334,prealignment,unknown_no_ground_truth,0.5358369053120894,0.0816829416914337,0.1912313696987042,0.03544068192329488,3.1182822175385594,0.077588595,2.21308,-0.7981272,0.05276143476708688,8.449481777223498,0.050250830829969624,0.016081759840867505,-0.009630682873407978,0.03410706499510045
521,17.366667,prealignment,unknown_no_ground_truth,0.5359927428197371,0.0828916654169545,0.19104083574282293,0.03762621342953259,3.514768296498481,0.077588595,2.1849015,-0.93773425,0.05218477143632555,8.331340902107819,0.04990765327286996,0.015247180547777728,-0.010663321859270198,0.03608359050829544
522,17.4,prealignment,unknown_no_ground_truth,0.5360832660961613,0.08414848150550241,0.19084102508794898,0.037913538905987976,3.514768296498481,0.077588595,2.2743132,-0.49475354,0.051586413643971596,8.233385392636507,0.049539953598340375,0.014385794038607024,-0.010618886955323412,0.0363960941888814
523,17.433332,prealignment,unknown_no_ground_truth,0.5361932151564333,0.0853827930676577,0.19066333810893787,0.03631901620093451,3.514768296498481,0.077588595,2.2936893,-0.39875707,0.051046047794393444,8.1547391498835,0.04919973832278132,0.013604585418061926,-0.009335620659632497,0.0350986769651391
524,17.466667,prealignment,unknown_no_ground_truth,0.5363572907316947,0.08653340152582659,0.19052526615172663,0.03212735016403253,3.514768296498481,0.077588595,2.153924,-1.0912088,0.050609115273934156,8.0820908560576,0.0489175591357392,0.012975166935797578,-0.007239831694092783,0.031300981863251046
525,17.5,prealignment,unknown_no_ground_truth,0.5365484328997732,0.08748284528276679,0.19043702101876375,0.025824050213975713,3.338118756902442,0.077588595,2.010893,-1.7998399,0.05030720865419556,7.986942091021103,0.0487170864686208,0.012548335689871092,-0.00468743800980744,0.025395068307806367
526,17.533333,prealignment,unknown_no_ground_truth,0.5367924832911717,0.08819408668002202,0.19039658237311896,0.019181466185447846,3.338118756902442,0.077588595,2.0512178,-1.6000556,0.050148180616923166,7.865736380735684,0.04860506805652178,0.012344528278084776,-0.0019523524234257832,0.019081849099031847
527,17.566668,prealignment,unknown_no_ground_truth,0.5370880026796016,0.08864176663319236,0.19040588747453846,0.013502512213688356,3.338118756902442,0.077588595,2.1388047,-1.1661159,0.05013195982155916,7.79431289029652,0.0485869185612359,0.012350090699029363,0.00027672526374477734,0.01349967626312604
528,17.6,prealignment,unknown_no_ground_truth,0.5373737893013033,0.0888800049177757,0.19044114468074247,0.008873354752388082,2.720320866419977,0.077588595,2.139686,-1.1617489,0.05019621920386893,7.745179627347251,0.0486235282271208,0.012466472039404212,0.0012160099954494769,0.00878963845972604
529,17.633333,prealignment,unknown_no_ground_truth,0.5375796652093016,0.08896399824208381,0.190471945693386,0.00528181729845736,2.1447714528065656,0.077588595,2.170443,-1.0093669,0.050271799770678735,7.691575123455779,0.048667984652141436,0.012596869535013096,0.0010279310646985713,0.005180825387958087
530,17.666666,prealignment,unknown_no_ground_truth,0.5377012936792205,0.08900128129755225,0.19048607161223843,0.0041803131573434045,1.8432794832534216,0.077588595,2.1082878,-1.3173083,0.050316390036440214,7.648779427277403,0.04869205591476096,0.012681592845260901,0.0005013007258469499,0.004150146464370107
531,17.7,prealignment,unknown_no_ground_truth,0.5378122562247581,0.0891152472105004,0.19049797764164514,0.006384608364177633,1.8432794832534216,0.077588595,2.1955748,-0.8848546,0.05033583420587245,7.633413535070524,0.04870138959418188,0.012722847825734284,0.00038384084811722227,0.006373059717846965
532,17.733334,prealignment,unknown_no_ground_truth,0.5379532515364973,0.08934157809646104,0.1905297270880444,0.010420196112824832,1.8432794832534216,0.077588595,2.2064369,-0.8310395,0.05035563515967986,7.62066259964255,0.04871765996175773,0.012738901058777983,0.0003256453859110818,0.010415106437879766
533,17.766666,prealignment,unknown_no_ground_truth,0.5381173298483768,0.0897349082525074,0.1905722435917901,0.014930184843232223,1.8432794832534216,0.077588595,2.1808586,-0.9577642,0.05035357149864904,7.576771922408526,0.04872309895393716,0.012709909165466488,-0.00044272922956867895,0.014923619208568903
534,17.8,prealignment,unknown_no_ground_truth,0.5382884933611767,0.09027649725578438,0.19059470170173504,0.018311629694899165,2.5522123835580994,0.07847499,2.194509,-0.8901347,0.05030461038309252,7.502409532714555,0.04868814513202355,0.012649835943511344,-0.002167168091726876,0.018182936081538474
535,17.833334,prealignment,unknown_no_ground_truth,0.5384592760160789,0.09090668552120298,0.19055434324710785,0.019651157131941873,2.876402212910647,0.07847499,2.2483752,-0.62326074,0.05018520583924429,7.422000753740017,0.048578600171171084,0.012596606310305009,-0.004720466915216196,0.01907577439389078
536,17.866667,prealignment,unknown_no_ground_truth,0.5386259805877112,0.09152971201217969,0.19041600069728803,0.018546281513364692,3.2262144953650163,0.07847499,2.226444,-0.7319163,0.04998513493006169,7.357766778154699,0.048373463296717115,0.012590542587896474,-0.007282774356446105,0.017056545829858515
537,17.9,prealignment,unknown_no_ground_truth,0.538768243780122,0.09204654775717411,0.19018836848559093,0.01565864810074305,3.2262144953650163,0.07847499,2.1674144,-1.024372,0.04972414962029401,7.299293386789819,0.04809308931991698,0.012631144648363141,-0.008692389247132707,0.013024424345023301
538,17.933332,prealignment,unknown_no_ground_truth,0.5388919849293803,0.09240954966960357,0.18992118576595224,0.01208222362243092,3.2262144953650163,0.07847499,2.0766332,-1.4741375,0.04945557954949094,7.211614269575478,0.0477939795593043,0.012711800284020743,-0.008588425927323125,0.00849818026128604
539,17.966667,prealignment,unknown_no_ground_truth,0.5389900255235645,0.09261232106581227,0.1896596801573442,0.008709831223302744,2.876402212910647,0.07847499,1.9921211,-1.8928436,0.04921591649280442,7.113812178047602,0.04752050673832653,0.012806555960107371,-0.007659639775172772,0.0041462125431543624
540,18.0,prealignment,unknown_no_ground_truth,0.5390240340846733,0.09267719187490026,0.1894230821697377,0.007676771385056098,2.132484427870402,0.07847499,1.9583347,-2.0602348,0.049001961658683334,7.1120391215447,0.047283342636897464,0.012863815743426418,-0.007666401701411183,0.0003988782408402854
541,18.033333,prealignment,unknown_no_ground_truth,0.5389001890309708,0.09267564926120744,0.18915984562730548,0.011465118196942547,1.8483066673082518,0.07847499,1.9099135,-2.300132,0.048717019183037696,7.110772416237418,0.04700942112260732,0.012785236947269426,-0.009850269705354898,0.005866951678821865
542,18.066668,prealignment,unknown_no_ground_truth,0.5385726779090639,0.09264014890358793,0.1888072904414073,0.017595160001075156,1.7366702787495316,0.07847499,1.812506,-2.7827272,0.04828117335173721,7.107626456842697,0.04662662836595569,0.012531130333834843,-0.014124490610951515,0.01049230291425946
543,18.1,prealignment,unknown_no_ground_truth,0.5381156282713961,0.09259819590193136,0.1882913086598604,0.023031618741825678,1.7366702787495316,0.07847499,1.8052989,-2.8184338,0.04765117200976032,7.095215690760622,0.0460678004660928,0.012181623624132632,-0.019349160934976316,0.012492615137800506
544,18.133333,prealignment,unknown_no_ground_truth,0.5376220764942152,0.09255605103720982,0.18760446373579315,0.02669140782695913,1.4961953860860575,0.07847499,1.8145423,-2.7726386,0.04685433236147577,7.08771645836893,0.04533670406831785,0.01182842868945017,-0.023526307163066962,0.012607304353194593
545,18.166666,prealignment,unknown_no_ground_truth,0.5371386903503941,0.09250648139002757,0.1868069081627597,0.029406388512538763,1.4961953860860575,0.07847499,1.8240656,-2.7254565,0.04596388100125627,7.079749976788956,0.044499404020101496,0.011510056409654195,-0.026728266094101224,0.01226113685403155
546,18.2,prealignment,unknown_no_ground_truth,0.5366713525831304,0.09243337329666837,0.18589432639012862,0.030984794197053578,1.4961953860860575,0.07847499,1.8906564,-2.3955398,0.04498148400708097,7.070489005715002,0.04355477521924157,0.01123901504050163,-0.028619449975530935,0.011873691697692323
547,18.233334,prealignment,unknown_no_ground_truth,0.5362395360270608,0.09233871928818635,0.18495479875517634,0.03066268380906375,1.1977142898628328,0.07847499,1.8105117,-2.7926075,0.04399417835390782,7.028938426492127,0.04259143062356689,0.01102078792434279,-0.028417179818764605,0.011517988953051561
548,18.266666,prealignment,unknown_no_ground_truth,0.5358166274372088,0.09224468997393398,0.18404706275521307,0.029382364087785988,0.9730546952279103,0.07847499,1.8793939,-2.451338,0.04304111557900396,7.016914844270462,0.04166032559211038,0.010814568962493625,-0.027153016382813873,0.011226621072337718
549,18.3,prealignment,unknown_no_ground_truth,0.5353604499667494,0.0922261488188747,0.18320797004643036,0.026779330226319523,1.1977142898628328,0.07847499,1.942477,-2.1388,0.04212321510553195,6.986874536454255,0.04078125726752044,0.010547715700910149,-0.02462380370186364,0.010526196778626028
550,18.333334,prealignment,unknown_no_ground_truth,0.5349144516530382,0.09238742615670054,0.18251307654366883,0.02340918140124715,1.1977142898628328,0.07847499,2.1174042,-1.272142,0.04129879075707631,6.973857710845233,0.040018709140330545,0.010202599508870085,-0.020488514365931892,0.011323009889313795
551,18.366667,prealignment,unknown_no_ground_truth,0.534563098827442,0.09282965535281457,0.18200983379529223,0.023372608907390575,1.1977142898628328,0.07847499,2.16265,-1.0479763,0.04061726078857513,6.960931696725096,0.0394153431117142,0.009807782692992728,-0.01533155224887332,0.017641495196776855
552,18.4,prealignment,unknown_no_ground_truth,0.5343198264231326,0.09359535931614818,0.18172876161666507,0.028591771825745415,2.305321942892152,0.07847499,2.2756383,-0.48818833,0.040109066491039784,6.94628773296708,0.0389966213178774,0.009380870992222427,-0.010134900047414852,0.026735242979340955
553,18.433332,prealignment,unknown_no_ground_truth,0.5341566942808949,0.09465602552364344,0.18164599001143414,0.0346508347148426,2.305321942892152,0.07847499,2.1453674,-1.1336017,0.03976653448381172,6.928404289479767,0.03873969346110537,0.008978497390531269,-0.006904798422989475,0.03395591414132777
554,18.466667,prealignment,unknown_no_ground_truth,0.5340212075257209,0.09588431577954135,0.18163908323625177,0.03688541500149763,2.305321942892152,0.07847499,2.2562227,-0.58438087,0.039503606168426124,6.909016918740225,0.03853628421460127,0.008688480836233001,-0.005221901287214887,0.036513909497331146
555,18.5,prealignment,unknown_no_ground_truth,0.5339177772267734,0.09710312209962987,0.18168640084174353,0.03408206264789617,2.315112160126075,0.07847499,2.1551676,-1.0850476,0.039340461909358644,6.892649914890672,0.038391572788755955,0.00858831077962085,-0.004044997552227098,0.03384117298702272
556,18.533333,prealignment,unknown_no_ground_truth,0.5338196113045498,0.09814575019313376,0.181726969624266,0.027210658901606313,2.4414853866497745,0.07846761,2.2188742,-0.76942,0.03922747414830701,6.879663641861566,0.03826662184298538,0.008629042865929498,-0.003702628087466404,0.026957568568130766
557,18.566668,prealignment,unknown_no_ground_truth,0.5337089956070709,0.09890458813401762,0.18173006520379764,0.018532934429306695,2.315112160126075,0.07846761,2.096451,-1.3759522,0.03912463135922452,6.87968097027547,0.03814471370686,0.008701585787481602,-0.003602631989637366,0.01817940321650364
558,18.6,prealignment,unknown_no_ground_truth,0.5335901883694507,0.09935934250607703,0.18169273104413047,0.010678583326861406,1.3395555190757538,0.07846761,2.0413995,-1.6486993,0.03901560212216425,6.883649953326117,0.038026457026269486,0.008729591913961814,-0.0035914523660782608,0.010056520858175221
559,18.633333,prealignment,unknown_no_ground_truth,0.5334627092445572,0.0995627425536866,0.1816161802783677,0.006044514405308947,1.1842045106891066,0.07846761,2.022647,-1.7416068,0.038887436361975086,6.890486559189459,0.037905287217702074,0.008684578731877219,-0.003811755437755813,0.004691127250323356
560,18.666666,prealignment,unknown_no_ground_truth,0.5333234262653183,0.09959489555235888,0.18150370545182615,0.005400239423775024,1.1842045106891066,0.07846761,2.0026126,-1.8408647,0.038733208865047684,6.9021150294961755,0.037772343890700597,0.008573885116215525,-0.00396863284770747,0.0036623133610043947
561,18.7,prealignment,unknown_no_ground_truth,0.5331888079274023,0.09956346837345673,0.1813824809160164,0.005557855279629099,1.1842045106891066,0.07846761,1.9299715,-2.2007573,0.03857655776804787,6.919267171635206,0.037640694177665524,0.008445646870133272,-0.004053453248995057,0.003802534952832448
562,18.733334,prealignment,unknown_no_ground_truth,0.5330462551013475,0.09956329620244214,0.18125989137659224,0.006591951986309235,1.1842045106891066,0.07846761,1.8267645,-2.712085,0.03841423040025858,6.935167464316194,0.03750212449519583,0.008321283289912903,-0.004767276911186827,0.0045526807313791785
563,18.766666,prealignment,unknown_no_ground_truth,0.5328491983919927,0.09964100021493237,0.18111456974319184,0.009331947162827547,1.1842045106891066,0.07846761,1.8683593,-2.506008,0.038208022830635374,6.948272801428506,0.03732288058657631,0.008176526973386635,-0.00632394121788369,0.006862434358342297
564,18.8,prealignment,unknown_no_ground_truth,0.5325766127230657,0.09979884871760167,0.18092674772882994,0.011943574234476294,0.7798112432763388,0.07846761,1.9655925,-2.0242767,0.03793326473587978,6.959808031526766,0.03708053487375464,0.007997906413468866,-0.007946338947492191,0.00891653872452841
565,18.833334,prealignment,unknown_no_ground_truth,0.5322644463534586,0.09999177060017699,0.18070336936424428,0.01256248037734229,0.7798112432763388,0.07846761,1.9101774,-2.298825,0.037612017969752366,6.985558141233268,0.03679310098019017,0.007805870612462408,-0.008987048329266476,0.008777748889011278
566,18.866667,prealignment,unknown_no_ground_truth,0.5319963014905846,0.10016494106649873,0.18044654303333008,0.01173138893167224,1.3660117245729946,0.07846761,1.86673,-2.5140803,0.037275750311893,6.978767852106519,0.03648140567812685,0.007654319111620955,-0.010083591539352113,0.005995554013906341
567,18.9,prealignment,unknown_no_ground_truth,0.5318308658975373,0.1002741926213976,0.18011694300567554,0.012417142341554138,1.7597738565100427,0.07846761,1.8107793,-2.7912817,0.036906233432980495,6.973568237971022,0.03612087184437512,0.007573155446171393,-0.012209899149624306,0.002259156189027282
568,18.933332,prealignment,unknown_no_ground_truth,0.5317432605259009,0.10029874465687902,0.1796698098611243,0.01594059429024959,1.7597738565100427,0.07846761,1.9060258,-2.3193936,0.03645324248832001,6.970794643386187,0.03566742487359812,0.007528193063311645,-0.01570619074996631,0.0027236223034794197
569,18.966667,prealignment,unknown_no_ground_truth,0.5316458264204886,0.10025351459170717,0.17907063465085166,0.019930570215730203,1.7597738565100427,0.07846761,1.9358841,-2.1714637,0.03585638655895413,6.8692430127008945,0.035073756505847806,0.007450641692743339,-0.01932480640624812,0.004876421483545445
570,19.0,prealignment,unknown_no_ground_truth,0.5314955235743937,0.1001741455476973,0.1783703706668816,0.023484510742879522,1.3824995998490315,0.07846761,1.8818631,-2.4391048,0.035149310843521735,6.786700809412343,0.034379106866050876,0.007317859240732065,-0.022379682402156955,0.007118431035769755
571,19.033333,prealignment,unknown_no_ground_truth,0.5311753726547344,0.10008743472228329,0.17758664489571863,0.027078657082916745,1.8315465229408998,0.07846761,1.8378352,-2.6572363,0.034310816515286904,6.778359819785854,0.03358180053933472,0.0070352542585199445,-0.024692313900291522,0.01111500353862595
572,19.066668,prealignment,unknown_no_ground_truth,0.5306530029460211,0.10002595570312503,0.17678062086307617,0.029684395113218506,2.5514541646912416,0.07846761,1.8019568,-2.8349922,0.03338806220789101,6.769091587823283,0.032732913828725424,0.006581720920795423,-0.025191199375454748,0.015702445263835792
573,19.1,prealignment,unknown_no_ground_truth,0.5299705496025428,0.09999787484733817,0.17601927737649492,0.02993385229265224,2.3944941344393915,0.07846761,1.7727479,-2.9797044,0.03246086304202464,6.763025568416427,0.031902377466839334,0.005995493423929596,-0.02349293260398892,0.018550407832248764
574,19.133333,prealignment,unknown_no_ground_truth,0.5292489347339211,0.099991177859447,0.17536300279768985,0.027346296071285338,1.7384447677094228,0.07846761,1.8572816,-2.5608914,0.031627952458887484,6.82566989181899,0.03116674231924802,0.005381593625241658,-0.0202779568741477,0.018347326067539166
575,19.166666,prealignment,unknown_no_ground_truth,0.5285964540199969,0.0999964789620079,0.17482119492070314,0.023400259766882137,1.7384447677094228,0.07846761,1.9265312,-2.2178018,0.030930929063144905,6.886553877872574,0.030550534388665708,0.004836033630596056,-0.016896344831661886,0.01618906076605853
576,19.2,prealignment,unknown_no_ground_truth,0.5280419031426635,0.10000266565607116,0.17437470342473577,0.019360173473774563,1.7384447677094228,0.07846761,1.8962331,-2.3679104,0.030357979032505856,6.9439072780703315,0.03004029670262799,0.004380349866864887,-0.013915533751451355,0.013460097969437753
577,19.233334,prealignment,unknown_no_ground_truth,0.5275943001812176,0.10000297976212039,0.174007881424386,0.014296563752386337,1.7384447677094228,0.07846761,1.925665,-2.222093,0.029893964819155426,6.98589077123323,0.029622827999306444,0.004017112636261064,-0.010368504006230154,0.009843061505387243
578,19.266666,prealignment,unknown_no_ground_truth,0.5273092744564418,0.09999578175216464,0.17376512349200346,0.009340897657564115,0.889631187281869,0.07846761,1.8782269,-2.4571202,0.029592204576750197,7.0072722131286636,0.02934907369338551,0.0037855574295554057,-0.0068212321022408165,0.00638147017986029
579,19.3,prealignment,unknown_no_ground_truth,0.5271212909647909,0.09998290959336872,0.1736033620886431,0.006643257194911055,0.889631187281869,0.07846761,1.8513232,-2.5904114,0.029393061063832597,7.020171408655629,0.029168086160211906,0.003629709141604426,-0.00482899439149888,0.004562201149073753
580,19.333334,prealignment,unknown_no_ground_truth,0.5269731958094157,0.09997264562712654,0.17347756093070676,0.006757820333403082,0.889631187281869,0.07846761,1.8885863,-2.4057956,0.029238303720266725,7.028753402782373,0.0290271251853139,0.00350776394797006,-0.0048929056495940135,0.004661288444489048
581,19.366667,prealignment,unknown_no_ground_truth,0.5267774661687618,0.09996292269436018,0.17331296834655335,0.009346475830349487,0.889631187281869,0.07846761,1.8791065,-2.4527621,0.029035856120588722,7.04394706967292,0.028841904136506988,0.003350448691753178,-0.006747402181720557,0.006467547776817719
582,19.4,prealignment,unknown_no_ground_truth,0.5264942783841193,0.0999558421076262,0.1730793204934405,0.01222100704475501,1.1800633444202424,0.07846761,1.9115031,-2.2922568,0.028748326969627147,7.0728949044991145,0.028577305265505247,0.0031311223730026826,-0.008807664498003975,0.008472193297992675
583,19.433332,prealignment,unknown_no_ground_truth,0.5261479153235971,0.09995559001892249,0.17279587764492474,0.013834794081798914,1.1800633444202424,0.07846761,1.8501161,-2.596392,0.028400806106154156,7.109482978522651,0.028254735500120285,0.0028767532562953353,-0.009972515224116475,0.009589080633227748
584,19.466667,prealignment,unknown_no_ground_truth,0.5257804113643822,0.09995623363523914,0.17249523959292612,0.013145388551365657,1.1800633444202424,0.07846761,1.8491145,-2.6013541,0.028035210989897797,7.149378726689968,0.027912447417904475,0.002620750730383243,-0.009482923036905873,0.009103593292897878
585,19.5,prealignment,unknown_no_ground_truth,0.5254697124552457,0.09995918049811822,0.17224089414621718,0.0101323527163615,1.1800633444202424,0.07846761,1.907663,-2.3112822,0.02772835353448727,7.1820858434637405,0.027622542627481497,0.0024200678764200886,-0.007310935212970556,0.007015325928316192
586,19.533333,prealignment,unknown_no_ground_truth,0.5252571668448037,0.09996364941791011,0.1720681176183378,0.00650020386195555,0.7761817596513955,0.07846761,1.8402863,-2.645093,0.027520850211070882,7.201409409653168,0.02742505920498101,0.0022941935279062737,-0.0046825559096527565,0.004508472069333234
587,19.566668,prealignment,unknown_no_ground_truth,0.5251331108295292,0.09996760173244956,0.17196804928957662,0.0039229046899841,0.7595529341698103,0.07846761,1.8333772,-2.6793227,0.027400936970116606,7.211486828573898,0.027310359366262988,0.002226121767980054,-0.0028239083819090183,0.002722998835343717
588,19.6,prealignment,unknown_no_ground_truth,0.5250542976516998,0.09996569456300185,0.1719031221390379,0.0035481363853665337,0.7595529341698103,0.07846761,1.8315825,-2.6882145,0.027323971439985467,7.212890113170763,0.02723680719014983,0.002180768061886474,-0.002544261694017372,0.002473055648690046
589,19.633333,prealignment,unknown_no_ground_truth,0.5249508669169829,0.09995776298032638,0.17181758015704857,0.005909733940667672,0.7595529341698103,0.07846761,1.7868048,-2.910061,0.027223303668270443,7.221075817321949,0.02714074451889615,0.0021185489314329087,-0.0042332799196590255,0.004123626604251543
590,19.666666,prealignment,unknown_no_ground_truth,0.5247506835876682,0.09994827388255198,0.1716526579964595,0.010002443369219656,0.7595529341698103,0.07846761,1.8068576,-2.8107116,0.027029475692501366,7.240210175153178,0.02695459285303097,0.0020105920369020477,-0.0071361982348768374,0.007008819309055339
591,19.7,prealignment,unknown_no_ground_truth,0.5244333137380994,0.0999378970189617,0.1713974959660402,0.01429672967846164,1.2247439036621428,0.07846761,1.7546327,-3.069454,0.02673031322452547,7.270874466467035,0.026664972290255207,0.0018678591598841675,-0.010099976982539123,0.010118643409626897
592,19.733334,prealignment,unknown_no_ground_truth,0.5240044653561118,0.09992256290277535,0.17106031067214744,0.016786037940026,1.2247439036621428,0.07846761,1.7573309,-3.0560863,0.026338296416009477,7.312330649497404,0.026281270800838138,0.0017322422436225793,-0.01187152083910565,0.011867521337274799
593,19.766666,prealignment,unknown_no_ground_truth,0.5235580730895257,0.09990685551028297,0.17070088436603786,0.01561911782535639,1.518425494952095,0.07846761,1.7398279,-3.142803,0.02592776826372688,7.361089651480558,0.025873549694115892,0.0016758858444531203,-0.011352850879195839,0.010727050785612417
594,19.8,prealignment,unknown_no_ground_truth,0.5232103365910984,0.09988766159241011,0.17038773293926876,0.010849811030689957,1.6398964290165956,0.07846761,1.670938,-3.4841104,0.02558003688165349,7.357617582292429,0.025524425672217483,0.0016858175969534969,-0.008651886553921432,0.006547003777282779
595,19.833334,prealignment,unknown_no_ground_truth,0.5230658842753552,0.09987067457266821,0.1701720430216338,0.00488874667258397,1.6530574099159268,0.07846761,1.6984931,-3.3475916,0.025352653010302522,7.357617582292429,0.0252967431742557,0.0016827951261366545,-0.0047258269416392655,0.001251560524456289
596,19.866667,prealignment,unknown_no_ground_truth,0.5231740806690471,0.09985129342465444,0.17006588989995414,0.006495698828041145,1.9298375592194572,0.07846761,1.5816115,-3.9266686,0.025260467424873943,7.357617582292429,0.02520937159683676,0.0016058636977395702,-0.0011140485514292285,0.00639945303050765
597,19.9,prealignment,unknown_no_ground_truth,0.5234740500645276,0.09982258646008232,0.1700356178657246,0.01016618124808926,2.1100244070088334,0.07846761,1.5276588,-4.1939716,0.02526685663628019,7.277765583562207,0.02522247440880038,0.0014969398704511067,0.0007410046729962128,0.01013913966979445
598,19.933332,prealignment,unknown_no_ground_truth,0.5238470865919083,0.09978702067452322,0.17001838395263474,0.011218363155826977,2.1100244070088334,0.07846761,1.626946,-3.702064,0.025299997106253948,7.162508435640199,0.0252587711514517,0.0014437220975829714,0.0011315999298667594,0.011161144811117796
599,19.966667,prealignment,unknown_no_ground_truth,0.5242198596534217,0.09977474293462443,0.1700075379065051,0.01022414403081264,2.2535244569724444,0.07846022,1.6850533,-3.4141774,0.025342801987584606,7.057516093089657,0.02529790228328861,0.001507896762747083,0.0006687405818984661,0.010202250104605544
600,20.0,prealignment,unknown_no_ground_truth,0.5245273307035325,0.09979990057483976,0.16997650881643284,0.008266967921989148,2.3335848814500304,0.07846022,1.5552545,-4.057252,0.025357322680913615,6.998911833839958,0.02530336967373643,0.0016532684894510455,-0.000539218992894275,0.008249363702789425
601,20.033333,prealignment,unknown_no_ground_truth,0.5247555177618977,0.09986444965725795,0.16991394634369117,0.006696342660595842,2.2535244569724444,0.07846022,1.3957869,-4.8473167,0.025327737540632014,6.950425773212998,0.025261954901228,0.0018242597116263156,-0.0015813612388737093,0.006506942573920843
602,20.066668,prealignment,unknown_no_ground_truth,0.524916960344543,0.09997248560851904,0.16984355867354436,0.005960114084283979,2.1100244070088334,0.07846022,1.5143719,-4.2598004,0.025277402452939,6.888690517623865,0.02519792959435727,0.002002852696945231,-0.0018602177146488906,0.005662380237301863
603,20.1,prealignment,unknown_no_ground_truth,0.5250437937591628,0.10010597317758721,0.16978562406705236,0.00559296753139013,1.7530161060650908,0.07846022,1.4072444,-4.7905517,0.02523260377538872,6.823523458589585,0.025137951784602472,0.0021835002543537613,-0.0015764826503988645,0.0053661893611925
604,20.133333,prealignment,unknown_no_ground_truth,0.5251555361755718,0.10024159134802299,0.16974513433529667,0.004755110076276609,1.5922028022290757,0.07846022,1.4015627,-4.8187013,0.025203338019272017,6.778647566685936,0.025092832361335752,0.0023575435095843727,-0.001365360412348496,0.004554872422132027
605,20.166666,prealignment,unknown_no_ground_truth,0.5252170615693489,0.10035978196536796,0.16970784271787945,0.0034476477331228366,0.6380543882862807,0.07846022,1.5040871,-4.3107553,0.02517011303004605,6.763233728894404,0.025046929151794763,0.002487152992935434,-0.0014911052336788956,0.003108517343333063
606,20.2,prealignment,unknown_no_ground_truth,0.5252191150228076,0.1004478335594173,0.16966610804732002,0.002522070995138342,0.26764674642946756,0.07846022,1.5648147,-4.0098867,0.025123852773924257,6.757774201713149,0.024993410300061487,0.00255683784753786,-0.001276748475577111,0.002175029984765642
607,20.233334,prealignment,unknown_no_ground_truth,0.525197935845031,0.10051524311490226,0.16964671094444442,0.0016383510770561285,0.22346687010973404,0.07846022,1.6421542,-3.6267166,0.025096646479081282,6.75392856966392,0.024961823469844272,0.0025978902125214434,-0.0006032654878404541,0.0015232416101431826
608,20.266666,prealignment,unknown_no_ground_truth,0.52518804482052,0.10055027219962448,0.169644420397001,0.0005554827052118482,0.22346687010973404,0.07846022,1.5188318,-4.237704,0.025090427364709806,6.7524723689842086,0.024953193217093037,0.002620628476949902,-0.00020839135667464478,0.0005149117188924467
609,20.3,prealignment,unknown_no_ground_truth,0.5251841965444379,0.10054883386850258,0.16963934662177518,0.00031574123165154563,0.22346687010973404,0.07846022,1.5710852,-3.97882,0.025084816147097098,6.750113128887972,0.024947930925599292,0.0026170104442263496,-0.000225504604337062,0.00022099818729487387
610,20.333334,prealignment,unknown_no_ground_truth,0.5251715797741087,0.10055037321689085,0.16963125538771737,0.0007864987644181981,0.26764674642946756,0.07846022,1.5924965,-3.8727403,0.025074424951307142,6.746749292068406,0.024938145843181495,0.0026106835394095113,-0.00011856563509835073,0.000777510447907343
611,20.366667,prealignment,unknown_no_ground_truth,0.525190247718459,0.1006009125558918,0.16963825281579675,0.0036888614266559643,0.38057487379771826,0.07846022,1.5899779,-3.8852186,0.025081824503943296,6.736267328437399,0.024940039049436827,0.00266315088929949,-0.0002920732470054235,0.0036772804956181934
612,20.4,prealignment,unknown_no_ground_truth,0.5252711519863532,0.10077523295738597,0.1696317834967454,0.00852142379628623,0.5087801102156423,0.07846022,1.5767202,-3.950902,0.02508138148595976,6.723986741612318,0.02491867459172681,0.0028522541674741333,-0.0012064349151402838,0.008435589980045479
613,20.433332,prealignment,unknown_no_ground_truth,0.5254727498695813,0.10109161735740649,0.1695921737486839,0.014004239099108515,1.7821361425598816,0.07846022,1.6387004,-3.6438282,0.025067904761827003,6.679994264608986,0.024859611287437862,0.003224837326985835,-0.0027988575795474236,0.013721702117245136
614,20.466667,prealignment,unknown_no_ground_truth,0.5257780020163342,0.10154631179994072,0.16948971664252788,0.01942559317595448,4.190634833702236,0.07845283,1.8217059,-2.737147,0.025017263334127435,6.56981352779452,0.024732064404249493,0.0037667565667470287,-0.005322984906269319,0.018682063642042286
615,20.5,prealignment,unknown_no_ground_truth,0.5261776000937094,0.1021361483808845,0.16929327909127884,0.0229812222604153,5.745877998237294,0.07845283,1.4862739,-4.3990088,0.024908929652474154,6.405280283273758,0.024504759843493654,0.004468950821457649,-0.008179033013836887,0.021476498679746985
616,20.533333,prealignment,unknown_no_ground_truth,0.5265858306885169,0.10275555297958058,0.16900768930965424,0.023231814770122185,5.745877998237294,0.07845283,2.1218262,-1.250234,0.02473872551857687,6.2053276280572005,0.024186803891342267,0.005196446651822476,-0.011327043035056092,0.020283375300853026
617,20.566668,prealignment,unknown_no_ground_truth,0.5269154942666417,0.10330874958246325,0.16860098390100625,0.02126610216844633,5.745877998237294,0.07845283,2.0753691,-1.4804004,0.024452155138235326,6.051536294675551,0.023749593487064607,0.00581933845926724,-0.014472693106284032,0.015581664086037676
618,20.6,prealignment,unknown_no_ground_truth,0.5270834949770568,0.10372740101878614,0.1681032984954699,0.018698550643927597,5.745877998237294,0.07844544,2.1520553,-1.1004672,0.024044423419724653,5.891629015335005,0.023221963143631116,0.006234959931133619,-0.016253985970465124,0.009243578108906091
619,20.633333,prealignment,unknown_no_ground_truth,0.5271052830034944,0.10398661017479557,0.16757221059956184,0.016726489085298942,3.2571335033777684,0.07844544,2.0015006,-1.8463739,0.02356167723694837,5.819073960028481,0.02266601102541546,0.006434638949768348,-0.01633448363108577,0.0036000113369843295
620,20.666666,prealignment,unknown_no_ground_truth,0.5270262078129593,0.10411038230846473,0.1670576160410031,0.014398900629199183,2.5912214512506386,0.07844544,1.8344796,-2.6738615,0.023058339408555017,5.729052077216741,0.022133014253500317,0.00646658304937571,-0.014378776959145629,0.0007609944077951492
621,20.7,prealignment,unknown_no_ground_truth,0.5269322089271458,0.10411746424269017,0.16663710455573605,0.01103264828332002,1.618244676075634,0.07844544,1.7599546,-3.0430875,0.022630911153185315,5.691425972409282,0.0217074061037609,0.006398957717454567,-0.010742640518027976,0.002512966940464562
622,20.733334,prealignment,unknown_no_ground_truth,0.5268540824156742,0.10406810318847032,0.16634378195003413,0.007048672892711687,1.3445060371800408,0.07844544,1.7753222,-2.9669502,0.022324270527825756,5.649009364002804,0.02141683398909853,0.006300180670658857,-0.0066649559290300735,0.002293938101286828
623,20.766666,prealignment,unknown_no_ground_truth,0.5268479749591536,0.10403293253487458,0.16618260581566124,0.003129439896113683,0.9444574350362492,0.07844544,1.6605271,-3.53569,0.02216562440460882,5.625407007184286,0.02126308251658146,0.0062606890307088355,-0.0026927653855473707,0.0015944932241266938
624,20.8,prealignment,unknown_no_ground_truth,0.5268857071827069,0.10400547772496563,0.16614730602924443,0.0015403219824661845,0.495899204358601,0.07844544,1.7238216,-3.222104,0.022140416979377027,5.618713065757382,0.0212373190473226,0.006258941100770568,-0.00013716874666741872,0.0015342022502285173
625,20.833334,prealignment,unknown_no_ground_truth,0.5269410332741908,0.10399871367724452,0.16615597205125893,0.0011879088872939214,0.46061224601138423,0.07844544,1.7546176,-3.069529,0.022164158789024245,5.606341270869493,0.02125392718509859,0.006286534342195852,0.0004393543845528079,0.0011036735247735656
626,20.866667,prealignment,unknown_no_ground_truth,0.5269623532963787,0.10400685699993911,0.16616732885815816,0.00036913006221696266,0.30460973828727517,0.07844544,1.7564552,-3.0604248,0.02218192060759294,5.594568592963289,0.02126662300557275,0.006306215012224071,-0.00011896124610301194,0.00034943558026897793
627,20.9,prealignment,unknown_no_ground_truth,0.5269528088656517,0.10401929906133979,0.16614940352562252,0.0010645004595085758,0.30460973828727517,0.07844544,1.7535149,-3.0749922,0.022163165021184223,5.590673147963365,0.021245996556874393,0.006309795088711304,-0.0009968832676126892,0.000373342977766847
628,20.933332,prealignment,unknown_no_ground_truth,0.526940190191554,0.1040368305408602,0.166106942589659,0.0014725829173089175,0.46061224601138423,0.07844544,1.7543663,-3.070774,0.02212061684009683,5.588835803076376,0.021200165139357085,0.006314640722191895,-0.0012843743629310225,0.000720335299839993
629,20.966667,prealignment,unknown_no_ground_truth,0.5269804278995673,0.1040602498597699,0.16606456320431393,0.0032845565273866206,0.46061224601138423,0.07844544,1.7036242,-3.32217,0.022094210708490075,5.58182723703976,0.02116035775095698,0.006355580751015012,-0.0009618891132514855,0.003140554236978933
630,21.0,prealignment,unknown_no_ground_truth,0.5271365124925216,0.10408564187293565,0.16602307847202002,0.006115456093926221,1.2430346993280874,0.07844544,1.7265521,-3.2085762,0.022103627054203993,5.551212177833119,0.021136050498342492,0.006468206728518728,-0.0011719101308700027,0.00600211878272195
631,21.033333,prealignment,unknown_no_ground_truth,0.5273668386022203,0.1040956198536171,0.16593947306829576,0.008109363182197743,1.8709365716330746,0.07844544,1.7495916,-3.0944297,0.022095987734888394,5.485758574219556,0.021082231605976453,0.006616055055114481,-0.0028259554357566935,0.007601035922550394
632,21.066668,prealignment,unknown_no_ground_truth,0.5276126214763989,0.10407647415429089,0.16576715488501353,0.009764733595195236,1.8709365716330746,0.07844544,1.6607202,-3.5347333,0.0220098248415182,5.392223404564361,0.02094763328835967,0.006754927769467088,-0.006338278831284981,0.007428071327203258
633,21.1,prealignment,unknown_no_ground_truth,0.5277867054135409,0.1040390267894556,0.16544519647331518,0.012975610449859825,1.922824049432002,0.07844544,1.7350079,-3.1666832,0.021761402683646732,5.302291532077927,0.020659695829746746,0.0068363451479699425,-0.011612124711455188,0.005790079984950408
634,21.133333,prealignment,unknown_no_ground_truth,0.5278598632726826,0.10403458110241326,0.16493927268176178,0.017510569871832277,2.65726222802163,0.07953866,1.8975022,-2.3616228,0.021312710537052235,5.25952331685544,0.020173503502430273,0.006874691765716564,-0.01722263481793952,0.0031624210921725147
635,21.166666,prealignment,unknown_no_ground_truth,0.527821017536588,0.10410753971665698,0.16428036055927964,0.021915535244513267,2.838327617943019,0.07953866,2.0312119,-1.6991727,0.020692351096600534,5.21375964671139,0.01951153776771706,0.006890086200036702,-0.02190063326359662,0.0008080517971939841
636,21.2,prealignment,unknown_no_ground_truth,0.5276641033493547,0.10430015597593664,0.1635159345768704,0.025214675880763992,2.752680003778169,0.07953866,2.1678786,-1.0220721,0.01994747005369287,5.165117208117019,0.01871342101336768,0.006907201714111363,-0.024756892611551555,0.00478290162893672
637,21.233334,prealignment,unknown_no_ground_truth,0.5274707140846999,0.10462951476767147,0.16272134424080875,0.026628512278280156,2.752680003778169,0.07953866,2.421451,0.23422508,0.01918412154084665,5.085746484017372,0.017861072169453564,0.007000901388503332,-0.025368744644316207,0.008093482645066645
638,21.266666,prealignment,unknown_no_ground_truth,0.5273039665885149,0.10505859216873781,0.1619518259567168,0.02652475295235573,2.752680003778169,0.07953866,2.6271431,1.253304,0.018480123755159943,5.016638055706912,0.017022197283964518,0.007194426567268427,-0.024653114026688606,0.009787057166002129
639,21.3,axial_advance_candidate,unknown_no_ground_truth,0.5271442587492995,0.10550219459815971,0.16121844519730355,0.024746412582215698,2.752680003778169,0.08038073,2.6134562,1.1854937,0.017831689070128883,4.948937080802199,0.01621755641689311,0.007413501126906433,-0.023015925110323646,0.009091321521386034
640,21.333334,axial_advance_candidate,unknown_no_ground_truth,0.5270256861648449,0.10587496222184431,0.16054544736004955,0.02144083005619032,2.752680003778169,0.08038073,2.6649873,1.4407989,0.01725693099254861,4.866068010974315,0.0154877732768533,0.00761121187501527,-0.020465633248088946,0.006392734098423821
641,21.366667,axial_advance_candidate,unknown_no_ground_truth,0.5269737973981402,0.10612287831529127,0.1599421639080899,0.01775721589432518,2.5437123780716004,0.08038073,2.9631252,2.9178905,0.01675551157557723,4.8081539148242465,0.014853169864974602,0.007754386701829675,-0.017348805807989833,0.0037865093891779915
642,21.4,axial_advance_candidate,unknown_no_ground_truth,0.5270211216886305,0.10625048046119832,0.15942279924537317,0.01441007558758346,2.2590928623579507,0.08038073,3.0308466,3.253409,0.016346805303439328,4.763758068612378,0.0143312039443675,0.00786350031051678,-0.013772494499385153,0.004238947240090931
643,21.433332,axial_advance_candidate,unknown_no_ground_truth,0.5271350601853796,0.10628334470864298,0.1590088329403283,0.011461061687629668,2.0916182585113927,0.08038073,2.8601112,2.407519,0.01603960433631346,4.716733251011801,0.01393501763328138,0.007942555686025907,-0.010124432689131983,0.005371386946672929
644,21.466667,terminal_settle_candidate,unknown_no_ground_truth,0.5272776682418412,0.106265451618527,0.15870323782729467,0.009016803838270143,1.822809548808637,0.08038073,2.7935634,2.0778148,0.01583026832718005,4.679891376636644,0.013656226838330766,0.008006551308183465,-0.006856105689690599,0.005856327025502877
645,21.5,terminal_settle_candidate,unknown_no_ground_truth,0.5274428050701188,0.10623264235999788,0.15849493455807692,0.007079204380440557,1.493578650458565,0.08038073,2.8632743,2.4231904,0.015714636153167313,4.6622792942477576,0.01347794464577792,0.008080519633772293,-0.0042304284222063815,0.005676143939739126
646,21.533333,terminal_settle_candidate,unknown_no_ground_truth,0.5275988656998187,0.10619963846797636,0.1583637854321633,0.005446765430625412,1.4791139045093717,0.08038073,3.012762,3.163811,0.01566408867067069,4.64799252167875,0.01337420259812935,0.008154408546720232,-0.0024641007311326296,0.004857515953971502
647,21.566668,terminal_settle_candidate,unknown_no_ground_truth,0.5277292265088616,0.10617042376951269,0.15828061198117988,0.004302559551292209,1.1295140849956484,0.08038073,3.0674787,3.4348984,0.015645704177720137,4.620231519674808,0.013313658962348759,0.008217940389842212,-0.0013576134953840887,0.004082756947157987
648,21.6,terminal_settle_candidate,unknown_no_ground_truth,0.527847171192629,0.10614520398319108,0.15823084706657325,0.00380083378350478,1.1089389092721649,0.08038073,3.2503848,4.341087,0.0156521978238377,4.590731151209266,0.013283704640729529,0.008278555896677295,-0.0006071932225301594,0.003752019968009859
649,21.633333,terminal_settle_candidate,unknown_no_ground_truth,0.5279648762682971,0.10612178890619434,0.1582011902106096,0.003640644211276909,1.1295140849956484,0.08038073,3.2944808,4.559556,0.015677000064996113,4.568961772575324,0.013273180034413077,0.008342123399467676,-0.00010252475352350233,0.0036392003171052583
650,21.666666,terminal_settle_candidate,unknown_no_ground_truth,0.5280818055141415,0.1061016565589496,0.1581866146282227,0.0034325283533088776,1.2407563701325697,0.08038073,3.3975642,5.070271,0.015715815397322162,4.546969594697816,0.01327686976188782,0.008409017952684915,0.0002069713197889892,0.003426282791751749
651,21.7,terminal_settle_candidate,unknown_no_ground_truth,0.528189954966088,0.10608626878494606,0.15818042817313288,0.0027430895673529474,1.2407563701325697,0.08038073,3.496013,5.558025,0.015759346341382596,4.528003195691564,0.013286966106037352,0.00847428633010849,-0.00028998418337779425,0.0027277187442827193
652,21.733334,terminal_settle_candidate,unknown_no_ground_truth,0.5282554921705037,0.10606926516113468,0.1581393126984482,0.003190545663737154,1.1295140849956484,0.08038073,3.5691435,5.9203424,0.015753006867568118,4.504177523317824,0.013257552051870495,0.008508498043814355,-0.002289633214266429,0.002221972406786353
653,21.766666,terminal_settle_candidate,unknown_no_ground_truth,0.5283007929748847,0.10604372944964699,0.15800394435127946,0.005853216868656637,1.2407563701325697,0.080535844,3.58742,6.010891,0.015656726110862204,4.477638243066894,0.013134326230557158,0.008521886351028895,-0.005073272714600271,0.002919255328815725
654,21.8,terminal_settle_candidate,unknown_no_ground_truth,0.5283615722840909,0.1059998616671756,0.1577702695822606,0.008459093493029297,1.26960002951431,0.080535844,3.7148468,6.642214,0.01548348411544632,4.45275265757146,0.012919339053120954,0.008533988445257134,-0.007327020075057126,0.004227415231973369
655,21.833334,terminal_settle_candidate,unknown_no_ground_truth,0.5284500613355694,0.10593758020824523,0.15747056421722752,0.009718910269931965,1.3662516307642227,0.080535844,3.7523043,6.8277926,0.015268151252229634,4.437792168759247,0.012645835795905114,0.008555657758697821,-0.008265757611768983,0.005112188175182143
656,21.866667,terminal_settle_candidate,unknown_no_ground_truth,0.5285519040565674,0.10587134452958508,0.15716440125309827,0.009263702442275335,1.3662516307642227,0.080535844,3.7980597,7.0544825,0.01505743731694258,4.38043862910858,0.012368293930928158,0.008587882381112395,-0.007657631285472883,0.0052131435847063475
657,21.9,terminal_settle_candidate,unknown_no_ground_truth,0.528659303507915,0.10581003349121569,0.15690369287556388,0.007364071662813835,1.26960002951431,0.080535844,4.119483,8.646939,0.014891515714938469,4.3232120765927755,0.012135334865623047,0.008630810389960672,-0.00565577210454861,0.0047161205833256125
658,21.933332,terminal_settle_candidate,unknown_no_ground_truth,0.5287664338902202,0.1057644391296845,0.15673596102529175,0.004599807520461477,0.869209301669848,0.080535844,4.3641853,9.85929,0.014806478932253196,4.292150113693016,0.011991248234524264,0.008685723006709141,-0.0027393595129437402,0.0036951506984341785
659,21.966667,terminal_settle_candidate,unknown_no_ground_truth,0.528855927217428,0.10573527154752663,0.15668058290275844,0.0019321743201478427,0.23640329188047152,0.080535844,4.4397006,10.233422,0.014805958211221241,4.289992341057072,0.011952702000147463,0.00873780941930531,-0.0003837969871970194,0.001893673011915539
660,22.0,terminal_settle_candidate,unknown_no_ground_truth,0.528879519389535,0.10572427451509606,0.15668907324061143,0.000470061393180016,0.16058802295449076,0.080535844,4.457861,10.323396,0.014823261320350016,4.288192649032336,0.011965670967429327,0.008749388234076932,0.00041231315897050243,0.0002257334097959424
661,22.033333,terminal_settle_candidate,unknown_no_ground_truth,0.5288718980285129,0.10572326599902272,0.1567047242404703,0.0005170846351173384,0.16058802295449076,0.080535844,4.438745,10.228688,0.014830990643563767,4.285644605610117,0.011980189122911045,0.008742617002291701,0.00035995981792622634,0.00037122156369606143
662,22.066668,terminal_settle_candidate,unknown_no_ground_truth,0.5288782653037383,0.10569658483136085,0.15670957151445608,0.0014155736272554184,0.16058802295449076,0.080535844,4.449672,10.282826,0.014831818682911896,4.27819989154906,0.011989655831959819,0.008731036506276118,0.00019608205048841243,0.0014019274316658913
663,22.1,terminal_settle_candidate,unknown_no_ground_truth,0.5288985189847454,0.10563279732998374,0.15670111555600333,0.002417705451144621,0.23640329188047152,0.080535844,4.4618435,10.343127,0.014821098809818096,4.272973738135918,0.011993274258534106,0.00870783224976082,0.00013592015220388381,0.002413881803386257
664,22.133333,terminal_settle_candidate,unknown_no_ground_truth,0.5289282484112203,0.10554465302389121,0.15668965347515273,0.003059448122825949,0.2732902615435125,0.080535844,4.4682636,10.374935,0.014807948253367465,4.263877185564307,0.011998717036600982,0.008677909941338983,0.00018185390324280135,0.0030540386333736155
665,22.166666,terminal_settle_candidate,unknown_no_ground_truth,0.5289651426349933,0.10544162933619598,0.15667630018070286,0.0034150550427252306,0.29901319490935657,0.080535844,4.470304,10.385044,0.014794581669526756,4.249158796997971,0.01200539766632433,0.008645812492167027,0.00020088344510351227,0.003409141649495716
666,22.2,terminal_settle_candidate,unknown_no_ground_truth,0.5290040515077998,0.10533180175909623,0.15666168959711949,0.0034997831941366245,0.3098510358168492,0.080535844,4.5386477,10.723645,0.014780685998731936,4.243476048581931,0.012012096956108546,0.008612677011833084,0.0001997911855800593,0.0034940758274722185
667,22.233334,terminal_settle_candidate,unknown_no_ground_truth,0.5290422410266563,0.10522332674553068,0.1566473067843102,0.0032098537890415026,0.3098510358168492,0.080535844,4.5600367,10.829615,0.01476776344788678,4.236923489076679,0.012018729751630538,0.008581198774647499,0.0001588625613673316,0.003205920153968264
668,22.266666,terminal_settle_candidate,unknown_no_ground_truth,0.529072771494352,0.10513110290360159,0.15663361901083706,0.002589767903609389,0.3098510358168492,0.080535844,4.625237,11.152642,0.014755208317761045,4.231964270085546,0.01202268763125884,0.00855401394794867,0.00010017707735308478,0.0025878296597222857
669,22.3,terminal_settle_candidate,unknown_no_ground_truth,0.5290941786323179,0.1050604680191832,0.15662307784371116,0.0019395370880465538,0.29901319490935657,0.080535844,4.6530304,11.290342,0.014744825696886283,4.229145010271351,0.012025408121125661,0.008532259041538948,3.5844914625365534e-05,0.0019392058317784643
670,22.333334,terminal_settle_candidate,unknown_no_ground_truth,0.5291085830061896,0.10500856244865858,0.15661311756607957,0.0014325416358589417,0.20249180671140854,0.080535844,4.663516,11.342292,0.014734916409024659,4.226544087978351,0.012025064657311993,0.008515608115009175,-2.8715671518566297e-05,0.0014322538003715161
671,22.366667,terminal_settle_candidate,unknown_no_ground_truth,0.529116869904809,0.10496954917393131,0.15660463891674095,0.0011961304064912958,0.20249180671140854,0.080535844,4.649146,11.271097,0.014725328515694367,4.22495081015777,0.012023506278540937,0.00850121148219525,-0.00010577447367150634,0.001191444379756163
672,22.4,terminal_settle_candidate,unknown_no_ground_truth,0.5291213312280452,0.10493247744089793,0.15659293959639664,0.0014701816621901947,0.20249180671140854,0.080535844,4.668352,11.366252,0.014711451396202635,4.224377012445605,0.01201801313377994,0.008484937389228356,-0.00021547906118832107,0.001454304952212473
673,22.433332,terminal_settle_candidate,unknown_no_ground_truth,0.5291240388960448,0.10487634254815248,0.1565751904878604,0.0021682746907915893,0.20249180671140854,0.080535844,4.645737,11.254209,0.014688201190415433,4.2234300165177645,0.012009141227901627,0.008457173356295512,-0.0003119069637009286,0.0021457234632454923
674,22.466667,terminal_settle_candidate,unknown_no_ground_truth,0.5291255130819711,0.10479430815279334,0.15655062853229743,0.002856394318286946,0.271354924982026,0.080535844,4.611924,11.086686,0.014654198163663229,4.222092011049969,0.011997206392047358,0.008415020059781723,-0.0003673996445232759,0.0028326676477741113
675,22.5,terminal_settle_candidate,unknown_no_ground_truth,0.5291259736443639,0.1046932956745125,0.15652275356587944,0.003416451364577027,0.271354924982026,0.080535844,4.6210604,11.13195,0.014613968024002666,4.220046024106084,0.011984660115401818,0.008362773662181064,-0.00031990708114444655,0.003401440780897688
676,22.533333,terminal_settle_candidate,unknown_no_ground_truth,0.5291318559214477,0.10457348430205693,0.15649521027637608,0.003751633858308272,0.30794216973149374,0.080535844,4.62384,11.1457205,0.014574589467500572,4.217824552035309,0.011975879580081644,0.008306441261428515,-0.00016416957570875056,0.003748040148826666
677,22.566668,terminal_settle_candidate,unknown_no_ground_truth,0.5291471878717511,0.10444919951330325,0.15647249452843892,0.0035324772511549293,0.30794216973149374,0.080535844,4.6030016,11.0424795,0.014544832841946319,4.216431469836101,0.011973703219553367,0.008257275192835561,-3.080048828434448e-05,0.003532342970302931
678,22.6,terminal_settle_candidate,unknown_no_ground_truth,0.5291645779940948,0.10434381871756773,0.15645467707493027,0.002875795572355562,0.271354924982026,0.080535844,4.6595836,11.322809,0.014524188620424091,4.215218026201984,0.01197383854305973,0.00822065968316375,8.609538202921198e-05,0.0028745065244617373
679,22.633333,terminal_settle_candidate,unknown_no_ground_truth,0.5291871470934286,0.10426364592412432,0.15644550480821434,0.0021081310781205375,0.26529815946500823,0.080535844,4.6992955,11.519558,0.014518049689137039,4.21034557831245,0.011979442823744298,0.008201628887537728,0.00016038423671212447,0.00210202129845345
680,22.666666,terminal_settle_candidate,unknown_no_ground_truth,0.5292067141660083,0.10421052540904935,0.15644022350774503,0.0014589040864074433,0.2527484631397877,0.080543235,4.7586412,11.81358,0.014517646596287076,4.207150013086147,0.011984530661678643,0.008193478352566154,0.00012865049964221466,0.0014532206240891797
681,22.7,terminal_settle_candidate,unknown_no_ground_truth,0.5292218331742374,0.1041732590766849,0.15643624106193635,0.0010294354924067167,0.14896897379343996,0.080543235,4.787927,11.9586735,0.01451811768158166,4.206082109119099,0.011988007057144512,0.008189226325734772,8.555654631639373e-05,0.0010258740226797196
682,22.733334,terminal_settle_candidate,unknown_no_ground_truth,0.529232234551279,0.10414718977670048,0.15643328253506733,0.0008749586386870234,0.14896897379343996,0.080543235,4.832171,12.177875,0.014518273121355712,4.20566583035197,0.011990247067891409,0.00818622194160415,5.203443776377957e-05,0.0008734100049230353
683,22.766666,terminal_settle_candidate,unknown_no_ground_truth,0.5292379912077554,0.1041176330932212,0.15642938396795703,0.0011956854388507701,0.14896897379343996,0.080543235,4.840451,12.218896,0.014514443509263024,4.204953018190032,0.011991475966510205,0.00817762646054439,5.620406245222657e-05,0.0011943637519799505
684,22.8,terminal_settle_candidate,unknown_no_ground_truth,0.5292460043693555,0.10406926329666073,0.1564237053823375,0.0017248405496886631,0.14896897379343996,0.080543235,4.8345375,12.189599,0.014508010122680243,4.203883934012849,0.01199399394797715,0.008162503714895322,8.466150582035761e-05,0.001722761548004401
685,22.833334,terminal_settle_candidate,unknown_no_ground_truth,0.5292571872654315,0.1040050618869132,0.15641586356429607,0.002048807215996543,0.14896897379343996,0.080543235,4.876048,12.395259,0.014499818626470543,4.202271229987094,0.011997107686729859,0.008143349885246823,9.329821632977943e-05,0.0020466818148283787
686,22.866667,terminal_settle_candidate,unknown_no_ground_truth,0.5292685367853516,0.10393556091413314,0.1564072167377893,0.001998411571169955,0.14896897379343996,0.080543235,4.925534,12.64043,0.014490698116552713,4.20042974102311,0.012000226401989547,0.00812249334909284,9.123574428757206e-05,0.0019963278404987145
687,22.9,terminal_settle_candidate,unknown_no_ground_truth,0.529278191104597,0.10387447642746209,0.15639988599065924,0.0015271252783230194,0.14896897379343996,0.080543235,4.9604745,12.81354,0.01448298017347732,4.199300069304811,0.012003189976487263,0.008104328787363753,6.642716726354853e-05,0.0015256798639106761
688,22.933332,terminal_settle_candidate,unknown_no_ground_truth,0.529284268127149,0.10383574359801832,0.15639482112648834,0.000832973443120663,0.06748367707529569,0.080543235,4.958906,12.80577,0.014477869300986154,4.1989933645508355,0.012004654811953397,0.00809301935882285,1.36597204578702e-05,0.0008328614344423118
689,22.966667,terminal_settle_candidate,unknown_no_ground_truth,0.529285925774328,0.10382009655534094,0.15639169856895893,0.0002661420076208741,0.0183122151113526,0.080543235,4.9183927,12.60505,0.014474505585227317,4.198933368155739,0.012004088030096447,0.008087841646723309,-3.276453788799613e-05,0.0002641174989989408
690,23.0,terminal_settle_candidate,unknown_no_ground_truth,0.5292850644307966,0.10381870244645197,0.156389967975396,0.00021755029889585902,0.0183122151113526,0.080543235,4.8714037,12.372249,0.014472454003841017,4.198777230376011,0.012002483029956802,0.008086552170665376,3.0717877247288426e-05,0.0002153707142744763
691,23.033333,terminal_settle_candidate,unknown_no_ground_truth,0.5292864641872596,0.10383400200486864,0.15639578383453612,0.0005531973681964492,0.0183122151113526,0.080543235,4.830094,12.167583,0.014479745283107833,4.198743661439081,0.012006135857202055,0.008094178478517174,0.00012888594715696914,0.0005379737361664867
692,23.066668,terminal_settle_candidate,unknown_no_ground_truth,0.5292887688543888,0.10385287103004784,0.15640331111748063,0.0001546603269482354,0.0183122151113526,0.080543235,4.812164,12.078752,0.014489387992198757,4.198555171396638,0.012011063123802465,0.008104117905392672,0.00013627144347544266,7.31430818659858e-05
693,23.1,terminal_settle_candidate,unknown_no_ground_truth,0.5292893355920634,0.1038372432215672,0.15640516377178443,0.0015257931705684995,0.03170044996441764,0.080543235,4.8298483,12.166367,0.014489245598079457,4.198022277306899,0.012015233275794148,0.00809767913230167,9.801868848917069e-05,0.001522641499519942
694,23.133333,terminal_settle_candidate,unknown_no_ground_truth,0.5292644668054204,0.10375421657368761,0.15639848852881505,0.004032537006825557,0.11632329071846688,0.080543235,4.772622,11.882846,0.014458852135892103,4.1950211809465365,0.012017597602911387,0.008039636368772541,0.00016980585948521084,0.004028960248190854
695,23.166666,terminal_settle_candidate,unknown_no_ground_truth,0.5292159157000766,0.10357920445626181,0.15638795947173487,0.007585886877846941,1.446102483847568,0.080543235,4.669531,11.372092,0.014401433129043286,4.158811411829565,0.012026553492973976,0.007922328398327157,0.0008415071113934372,0.007539067946700354
696,23.2,terminal_settle_candidate,unknown_no_ground_truth,0.5293285698448131,0.10325321158222521,0.15637274497701723,0.014388348253714139,2.647729299681583,0.080543235,4.514384,10.603433,0.014427263072082907,4.089190760801047,0.012073688519515935,0.007897592372666254,0.0017838367289262215,0.014277341909287334
697,23.233334,post_settle_motion_unresolved,unknown_no_ground_truth,0.5297141234561267,0.10276213483780997,0.15632231420322823,0.02341615837931227,2.6686395292425242,0.080543235,4.316167,9.621388,0.014595850231491856,4.01059150253335,0.012145488617175189,0.008094810079934473,0.0018950033517690025,0.023339353794435278
698,23.266666,post_settle_motion_unresolved,unknown_no_ground_truth,0.5304076953679547,0.10213942211655744,0.15619428333844346,0.032846179059499686,4.999582328842312,0.080543235,3.9612842,7.8631606,0.01493195193060829,3.866469158718561,0.012200020140601028,0.008609453933143843,0.00048136080746829764,0.03284265169838983
699,23.3,post_settle_motion_unresolved,unknown_no_ground_truth,0.5314158654746471,0.10143966328318105,0.1559350410409589,0.040568947845325526,5.931971450141507,0.080543235,3.2659097,4.418003,0.015448510127284841,3.6474088223242,0.012177578845974792,0.009505947538404027,-0.002540475659468539,0.040489325910669234
700,23.333334,post_settle_motion_unresolved,unknown_no_ground_truth,0.5326180967554659,0.10073312140166776,0.15552239654460476,0.0441427075258448,5.931971450141507,0.31118172,2.7169795,1.6983885,0.01609198957038524,3.511862501588181,0.012030633208734352,0.010687188261197869,-0.006640885458962417,0.04364031700197899
701,23.366667,post_settle_motion_unresolved,unknown_no_ground_truth,0.533839017340187,0.10008116369647785,0.1549636998954201,0.04200410169368326,5.931971450141507,0.31118172,2.3049424,-0.3430047,0.016758307008739416,3.4337091269214195,0.011734868226420088,0.011963850613733059,-0.010609788308851538,0.04064205889389269
702,23.4,post_settle_motion_unresolved,unknown_no_ground_truth,0.5348676726013865,0.09956496755578423,0.15433238974486763,0.034769436737393265,5.931971450141507,0.31118172,2.0964396,-1.376009,0.01730801294682505,3.3793444583244217,0.011323324825783146,0.013090058329024613,-0.012705007341715474,0.03236505089572004
703,23.433332,post_settle_motion_unresolved,unknown_no_ground_truth,0.5356111532081791,0.09922369928087149,0.1537401499339482,0.026417188939627866,3.0415598115769273,0.31118172,1.9381264,-2.1603544,0.01768289614130873,3.356746776027124,0.010887880714826185,0.01393337250933984,-0.011657121102747775,0.02370610467934092
704,23.466667,post_settle_motion_unresolved,unknown_no_ground_truth,0.5361763581667591,0.0990201526566301,0.1532873414047933,0.018887434402385266,1.420026233046563,0.31118172,1.8120246,-2.7851121,0.01798993708168225,3.3634199280262775,0.010546165955627627,0.014574505818011356,-0.008222977543693766,0.017003464900434688
705,23.5,post_settle_motion_unresolved,unknown_no_ground_truth,0.5365908387533376,0.09892377981068601,0.15300811293568073,0.012382703213922618,0.7530425355508198,0.31118172,1.6933635,-3.3730054,0.018245399071847117,3.3719035314235537,0.010339679543668129,0.01503281790700634,-0.004196003293455986,0.011650102799778038
706,23.533333,released,unknown_no_ground_truth,0.5368848528668494,0.09887837176996087,0.1528881106766243,0.008568032811484806,0.6819367050667895,0.61909854,1.6814322,-3.4321177,0.018462051914988713,3.3780189978453703,0.010266436688845127,0.015344303132618085,-0.0006347834513343701,0.008544485720544696
707,23.566668,released,unknown_no_ground_truth,0.5371354815638312,0.09881241852170596,0.1528769342952217,0.0075150454207339075,0.6819367050667895,0.61909854,1.6962179,-3.3588638,0.018691798642206048,3.3797453377646276,0.01029735365215987,0.015599610387542559,0.0019901374249158103,0.0072467413853154125
708,23.6,released,unknown_no_ground_truth,0.5373525766320275,0.09870529359017023,0.15293626662971466,0.007498543490296312,0.6819367050667895,0.61909854,1.814303,-2.773824,0.018928863898608598,3.3770842438653825,0.010399122627934953,0.015816451468683455,0.0033862988462198857,0.006690376267442293
709,23.633333,released,unknown_no_ground_truth,0.5375420491921663,0.09855680622481142,0.15301571602318143,0.007386981616699022,0.6637795206605016,0.61909854,1.8636135,-2.5295208,0.01915745949336227,3.374314290831323,0.010523103449553192,0.016008514860217916,0.0037890983481821488,0.006341153768302154
710,23.666666,released,unknown_no_ground_truth,0.5377004817321016,0.09839900058526903,0.1531025838426661,0.006913323684169408,0.6346709441644767,0.61909854,1.8836663,-2.4301713,0.01936388736753813,3.3702944809622424,0.0106517253140093,0.01617098889423885,0.0038715837188286785,0.005727554789803271
711,23.7,released,unknown_no_ground_truth,0.5378450913615027,0.09825934129356359,0.153194833949979,0.0062480390074573,0.5571947876875356,0.61909854,1.9284382,-2.2083538,0.019557519845464645,3.3663831305846066,0.010781200125379557,0.01631754596629834,0.0038520109677860357,0.004919349849600462
712,23.733334,released,unknown_no_ground_truth,0.5379839439226299,0.09815927900901286,0.15329155437539058,0.005295565640958456,0.5571947876875356,0.68327314,2.0120041,-1.7943354,0.019740655876666884,3.3633297458617046,0.010908542020421304,0.016452878332671325,0.003525856334693162,0.0039511204189196574
713,23.766666,released,unknown_no_ground_truth,0.5381052802202853,0.09810581668807306,0.15337749143871962,0.004274279742073759,0.4567568892391516,0.68327314,2.034331,-1.6837189,0.019894734371177378,3.3607635653515233,0.011016253612783217,0.01656630954795145,0.0029702048835714484,0.0030736542198351526
714,23.8,released,unknown_no_ground_truth,0.5382063240601063,0.09808404203866153,0.1534530524157195,0.003915251001098134,0.4567568892391516,0.68327314,2.056792,-1.5724386,0.020020253683216326,3.358865750984,0.011106552645334512,0.016656981895792223,0.0027764418802122123,0.002760536340533053
715,23.833334,released,unknown_no_ground_truth,0.5383115500042632,0.0980790479670103,0.15353513624938991,0.0043142513243268265,0.4567568892391516,0.68327314,2.1862664,-0.9309718,0.02014894236863203,3.3579767540016965,0.01120134003596683,0.01674842858220142,0.003057703043699366,0.0030435532829256344
716,23.866667,released,unknown_no_ground_truth,0.5384323784970251,0.09808203083213952,0.15363092396549388,0.005294012720480448,0.4567568892391516,0.68327314,2.1815891,-0.95414495,0.020295733455385948,3.357263998874381,0.011310413867851182,0.016852042446836885,0.0036367575122815913,0.0038471503065869678
717,23.9,released,unknown_no_ground_truth,0.5385943237431721,0.09808582250023733,0.15374620931152932,0.0062627346343567735,0.47739565250404004,0.68327314,2.2454865,-0.63757235,0.020487121571339598,3.3564703951219856,0.011443786821926856,0.016992995423207216,0.004183262974935319,0.004660703378558561
718,23.933332,released,unknown_no_ground_truth,0.5387732397681584,0.0980910500762265,0.15387185179034696,0.0059281189179623646,0.5996527346546541,0.6949365,2.3943758,0.1000835,0.020697795201592217,3.358980429067991,0.011589293793079552,0.0171489648546127,0.004213951683611759,0.004169556944531265
719,23.966667,released,unknown_no_ground_truth,0.5388986842787011,0.09811333503099609,0.15399675778966976,0.004699491785543982,0.6062202610890977,0.6949365,2.5070353,0.6582425,0.020857853207079603,3.36126335794848,0.01172470765146704,0.017250544075353424,0.003892276098084917,0.002633516625858326
720,24.0,released,unknown_no_ground_truth,0.5389454017551463,0.09816078438174689,0.1541241900317742,0.00431288907532155,0.7025902487962988,0.6949365,2.5593252,0.91730744,0.0209451684912948,3.36126335794848,0.011848795460289522,0.01727154102183563,0.0036341760172969163,0.002322450613324619
721,24.033333,released,unknown_no_ground_truth,0.538889913566846,0.09822509394139513,0.15426152495608028,0.00577977343688002,1.708178822083206,0.6949365,2.6447904,1.3407354,0.02094444737376762,3.361647421414627,0.011966982340398368,0.01718898512004461,0.004154185482958901,0.004018522608476579
722,24.066668,released,unknown_no_ground_truth,0.5387456773225929,0.0982388592342904,0.15444434302920418,0.008431489025655181,3.329792075190349,0.6949365,2.565633,0.9485589,0.02089679488966989,3.3820917173463263,0.012125734697405749,0.01701888935004467,0.006392892219670223,0.005497357206642452
723,24.1,released,unknown_no_ground_truth,0.538593535251713,0.0980631620030773,0.15471083671249541,0.015021287615738071,3.5898581401450285,0.6949365,2.3578987,-0.080638275,0.020918615663722263,3.4036998892739816,0.012393187140208917,0.016852222221246868,0.010408647039456096,0.01083047314029945
724,24.133333,released,unknown_no_ground_truth,0.5385479720042854,0.09747786857614799,0.15506451676057575,0.02864463345819931,4.34506415494326,0.6971673,2.1970487,-0.87755233,0.02116380577463954,3.420309831097046,0.012819633867858164,0.016839348632317404,0.015175659060636537,0.024294328515723822
725,24.166666,released,unknown_no_ground_truth,0.5386997465598838,0.0963133105620768,0.1554680426227481,0.045282621021903675,4.689707931316577,0.6971673,2.0745819,-1.4843007,0.02176377901482873,3.434660970793729,0.01340488224268736,0.017145588618241846,0.018621862818851812,0.04127640962788814
726,24.2,released,unknown_no_ground_truth,0.5390040309385751,0.09459660372582612,0.15584178566589083,0.05997754836254621,4.853162448191453,0.6971673,2.148613,-1.1175216,0.022702618611584013,3.400309557446109,0.014061099487552551,0.01782398308527559,0.019153805322382048,0.056836942645200915
727,24.233334,released,unknown_no_ground_truth,0.5393654989980317,0.09242218147680334,0.15610377452267532,0.06845814206183466,4.857822480809285,0.6971673,2.409086,0.17296353,0.023912110649764,3.3137838299700118,0.014681834331158787,0.01887412981832445,0.01673892113584216,0.06638016069403864
728,24.266666,released,unknown_no_ground_truth,0.5397195355413985,0.09010491949021271,0.15621748901358523,0.06756854389389283,4.857822480809285,0.6971673,2.5857205,1.0480802,0.025254589297145816,3.1962594912310647,0.015177010464877417,0.020185455999717057,0.012231255212601431,0.0664522724958683
729,24.3,released,unknown_no_ground_truth,0.5399948529090268,0.08796268149785352,0.15618920875144154,0.05809932526539773,4.853162448191453,0.6971673,2.8564718,2.3894877,0.026525281189481557,3.085235563517926,0.01549723885140463,0.02152733448812414,0.007276166970846474,0.057641903078462335
730,24.333334,released,unknown_no_ground_truth,0.5401601194735296,0.0862591214532617,0.156082193451537,0.04322237218605393,4.853162448191453,0.6971673,2.8854213,2.5329149,0.02754242853710429,2.941013290213214,0.015662073166231624,0.022655790294251577,0.0035303829453423195,0.043077950898911206
731,24.366667,released,unknown_no_ground_truth,0.540249658447092,0.08510078764927437,0.15597008249138816,0.028617790313445,2.460952508896946,0.6971673,2.7944894,2.0824027,0.028241344897858626,2.8704033706257768,0.015732618968411494,0.023453320916974302,0.0017116729306567214,0.02856655558870834
732,24.4,released,unknown_no_ground_truth,0.5403104296658452,0.0843662399469295,0.15589726972334306,0.01861684958623236,2.460952508896946,0.6971673,2.6389766,1.3119314,0.02870244510070124,2.8318469219461306,0.015776182946510106,0.023977956676852433,0.0014411441479804128,0.01856098575133179
733,24.433332,released,unknown_no_ground_truth,0.5403622825378587,0.08386886079509043,0.15587002302644626,0.014728833334608896,2.460952508896946,0.6971673,2.5150344,0.6978736,0.02903678679989866,2.7993127702557765,0.015828693772850073,0.024343118968367765,0.001908071475988008,0.014604718232174393
734,24.466667,released,unknown_no_ground_truth,0.540425428841443,0.08339153505291028,0.15586688235261525,0.017952027473331526,2.460952508896946,0.6971673,2.5310755,0.77734715,0.029379657220514194,2.741745817706835,0.015903377960233785,0.024703174448820583,0.003050038918096373,0.017691030297903722
735,24.5,released,unknown_no_ground_truth,0.5405508600841449,0.082687025836933,0.15587681078207105,0.025790142816668863,2.6067044148451513,0.6971673,2.504355,0.64496326,0.0299195935611116,2.6539020509096014,0.016032042061347687,0.025261743926445163,0.005308832859581476,0.02523782399837998
736,24.533333,released,unknown_no_ground_truth,0.5407745128127033,0.08170927743128292,0.15593168157001824,0.03467719960656275,2.6067044148451513,0.6971673,2.3874338,0.065689944,0.030728134980118834,2.5760159563541802,0.01625729472802984,0.02607524971083452,0.009039603302628915,0.03347825779046001
737,24.566668,released,unknown_no_ground_truth,0.541082160009232,0.08044700942549758,0.15608831618574376,0.041357387724339056,2.6067044148451513,0.6971673,2.2242153,-0.74295837,0.03183040424471459,2.4990196945488004,0.016634686299844367,0.027137830533919154,0.013471780244357835,0.03910172191130515
738,24.6,released,unknown_no_ground_truth,0.5414278556463981,0.07906646962340472,0.1563685119779213,0.04337924370778291,2.6067044148451513,0.6971673,2.2846115,-0.44373196,0.0330961274803227,2.4475180354956474,0.017155430003286135,0.02830273618567861,0.0177642531501359,0.039575119641980995
739,24.633333,released,unknown_no_ground_truth,0.5417695994680096,0.07773000008412691,0.15680134025142872,0.041363566158437545,2.5760353875085418,0.6971673,2.1161535,-1.2783388,0.034394651038354325,2.408702048659224,0.017818951697437267,0.02941899013315321,0.021664661937623668,0.035236160807782684
740,24.666666,released,unknown_no_ground_truth,0.542037487701144,0.07657913269507322,0.15739099375549648,0.03649962532459477,2.3745823482792745,0.6976252,2.094424,-1.385995,0.03558060527525629,2.3799714701198353,0.018599718669206206,0.030331995271989244,0.024533476588797905,0.027024640151215803
741,24.7,released,unknown_no_ground_truth,0.542170047364315,0.07572306129008163,0.15811773693105807,0.03141283664574962,2.2467355236859397,0.6976252,2.1890063,-0.9173972,0.036531113371956914,2.365497609396673,0.01945453003778721,0.030919953188897363,0.025672972457706632,0.018101513509051866
742,24.733334,released,unknown_no_ground_truth,0.5421805714727762,0.07513678274029317,0.15890260237391346,0.027843651595666923,2.2467355236859397,0.6976252,2.2383225,-0.6730656,0.03724679327877465,2.341295310968702,0.02031128590260519,0.031221391297224472,0.024998179322142447,0.012262135407786647
743,24.766666,released,unknown_no_ground_truth,0.5420988406846284,0.07471778612896776,0.15967654595669212,0.025735238525700387,2.2467355236859397,0.82375103,2.1614718,-1.0538138,0.0377962321205785,2.324477615441667,0.021121049790902173,0.0313441608316905,0.0229308411648245,0.011682423783114687
744,24.8,released,unknown_no_ground_truth,0.5418992409970977,0.07429961761094578,0.1603734810848736,0.02495178158484203,2.2467355236859397,0.82375103,2.2114248,-0.8063272,0.03826058052079411,2.322473579844848,0.021839985223634235,0.03141475874839099,0.019434080276250192,0.01564953443633149
745,24.833334,released,unknown_no_ground_truth,0.5415509062361208,0.073768877929029,0.16092814868575012,0.02563210676012949,2.377849909505144,0.82375103,2.1306913,-1.2063128,0.03867961475987775,2.3371121444738976,0.022416651260293286,0.03152152192148951,0.01410911998304948,0.021399477336294683
746,24.866667,released,unknown_no_ground_truth,0.5410629005765013,0.07310522125845398,0.16126454481579017,0.027779084241293776,3.7863638045170736,0.82375103,2.093554,-1.3903053,0.03904551328287004,2.3848883173496196,0.022780631095018208,0.03171111720572881,0.007963710249299337,0.026613095279393956
747,24.9,released,unknown_no_ground_truth,0.5405040768977324,0.07231277243937731,0.16139018538615363,0.029951779356875447,3.7863638045170736,0.82375103,2.0458515,-1.6266423,0.03940104108922357,2.477509263889351,0.022947557142178297,0.032028919121961416,0.0027279020377883613,0.029827296845593973
748,24.933332,released,unknown_no_ground_truth,0.539932763206912,0.07146148777519364,0.16135375846758082,0.02964504843260503,3.7863638045170736,0.82375103,2.119112,-1.2636809,0.039749733486323685,2.575255224069377,0.022962488444385663,0.032446347046704925,-0.0008620364336813344,0.029632512376754423
749,24.966667,released,unknown_no_ground_truth,0.5394152247644277,0.0706711523016111,0.16123028840300832,0.025782344818446906,3.7863638045170736,0.8646062,2.1638064,-1.0422473,0.0400640273954267,2.6574552695824587,0.022890069128330907,0.03288116522329665,-0.002677382247320383,0.025642950856698023
750,25.0,released,unknown_no_ground_truth,0.5390307418802829,0.07002487007272348,0.1610764887675249,0.020098755889251915,3.0757635556509433,0.8646062,2.0240843,-1.7344853,0.04033270807817701,2.7151982310750036,0.022784008978851984,0.033280869516451,-0.002824632445763719,0.019899282395153785
751,25.033333,released,unknown_no_ground_truth,0.5388048188147739,0.06951271768376027,0.16094611148462584,0.016135921682857626,2.3532777154180557,0.8646062,2.014962,-1.7796811,0.040586861021909754,2.7549472272143842,0.022701763183906196,0.03364406687595391,-0.0017905234443277834,0.016036271210933904
752,25.066668,released,unknown_no_ground_truth,0.5387027662914705,0.06902585355618458,0.1608492317019471,0.015452926193467803,1.8987887993427628,0.8646062,1.9920123,-1.8933829,0.040895078339515833,2.754800600586671,0.022664628593736358,0.03404000650856468,-0.0005415421603521629,0.015443434204519553
753,25.1,released,unknown_no_ground_truth,0.5386989779615307,0.06850270148122625,0.16077298150927266,0.017364867589197416,1.7935375197652454,0.8646062,1.9573251,-2.0652366,0.04128787878111751,2.750412391158004,0.02266567084230236,0.03451023470671648,0.0006957997517518127,0.017350921851470053
754,25.133333,released,unknown_no_ground_truth,0.5387954759552722,0.06787989334884031,0.16071391457071152,0.020824973671487286,1.255127489303154,0.8646062,2.0263903,-1.7230606,0.04181545523067922,2.744540245556131,0.022711014533110748,0.03511042744008923,0.0024866386852725685,0.020675980181530558
755,25.166666,released,unknown_no_ground_truth,0.538962326642337,0.06714129640199215,0.16070494337277866,0.02352172010460671,1.255127489303154,0.8718746,2.0839007,-1.4381317,0.0424901140237038,2.739274172776407,0.022831444214613347,0.03583482865624377,0.004886076161091456,0.023008641342492902
756,25.2,released,unknown_no_ground_truth,0.5390649695264003,0.06633654809712479,0.16078108676910963,0.024333506099750716,1.255127489303154,0.8718746,2.2865987,-0.4338865,0.04322538799701952,2.725944025318097,0.023036749011627635,0.036575160457175744,0.007999107383696219,0.022981161854238392
757,25.233334,released,unknown_no_ground_truth,0.5388862136564749,0.06555220354151137,0.1610222557720354,0.026415094180907994,1.255127489303154,0.8718746,2.3662019,-0.03950114,0.043887366538656415,2.7111355605621443,0.023364731319455167,0.03715091212969137,0.011749743627927085,0.023657994954438263
758,25.266666,released,unknown_no_ground_truth,0.5383699674626963,0.06486409886622199,0.16145184266811738,0.033159925316850046,3.6065492964585117,0.8718746,2.2421474,-0.6541153,0.04440681886237853,2.7336516300292275,0.02382005325141415,0.03747760163852394,0.015909956041146762,0.02909388158681908
759,25.3,released,unknown_no_ground_truth,0.5374599452907658,0.06424923126821325,0.1620969171809037,0.043125714165023143,8.723001132695936,0.8718746,2.0653527,-1.5300257,0.04480967721814049,2.938534602508973,0.02442537880390123,0.03756738003481041,0.020187283989467147,0.03810906437282187
760,25.333334,released,unknown_no_ground_truth,0.5362222388971545,0.06364548448261968,0.16292445632917119,0.050683248330411046,8.723001132695936,0.8718746,2.327241,-0.23252885,0.0451918349320251,3.2505236989467248,0.02516588468443702,0.037536384916145325,0.023337913007885073,0.04499037094488667
761,25.366667,released,unknown_no_ground_truth,0.5348467461262814,0.0630058218732739,0.16384107077751817,0.05233319543695915,8.723001132695936,0.8718746,2.2314215,-0.707256,0.04565110046819904,3.50674499639323,0.02598126949848753,0.03753660359175513,0.025348665801611995,0.045784369458595243
762,25.4,released,unknown_no_ground_truth,0.5336606434837297,0.06214961192946679,0.164760893849651,0.049520020869478404,8.723001132695936,0.8718746,2.19098,-0.90761906,0.046414916988344275,3.7771480883885435,0.026855769844836598,0.03785646767827204,0.026656164432956642,0.04173345617890704
763,25.433332,released,unknown_no_ground_truth,0.5328896657285942,0.06102555087718081,0.16561500428235615,0.04750928022843169,8.07088857930075,0.8718746,2.1186113,-1.2661616,0.04753913870681225,3.8412135025414864,0.027758319898732273,0.03859333343189183,0.027631313583236308,0.038647667684978244
764,25.466667,released,unknown_no_ground_truth,0.5326068859517481,0.05965683044571725,0.16640638862103574,0.04927240098680519,8.016276788233185,0.8718746,2.2218735,-0.7545603,0.04899363864725932,3.814626925321627,0.028697870742663976,0.039709052402891375,0.029369585601405963,0.039562569944408425
765,25.5,released,unknown_no_ground_truth,0.5327026901931219,0.05815969083226391,0.16720943994210116,0.05108699654586841,7.448828060890702,0.8718746,2.4892905,0.57032794,0.0506639031281998,3.736419399615343,0.029716327464637454,0.04103377830760955,0.031371464493589206,0.04032012439967221
766,25.533333,released,unknown_no_ground_truth,0.5330537518310465,0.056702300088116275,0.1680404565109394,0.05060867880003297,6.01021092668025,0.8718746,2.5478075,0.8602439,0.05237473056191602,3.6543206870787324,0.030789269663720698,0.04236901314649645,0.03302832100570234,0.0383453827915329
767,25.566668,released,unknown_no_ground_truth,0.5334167116922138,0.055354848928748965,0.16894337748665383,0.04758487849996482,4.6954665809283025,0.8718746,2.4100718,0.17784786,0.0540252714747247,3.4808940632659784,0.03191823457706921,0.043588487693436734,0.03402494471335935,0.03326595555683398
768,25.6,released,unknown_no_ground_truth,0.5336239500625315,0.05420066253280751,0.16990612292578203,0.04252880315572037,4.6954665809283025,0.8718746,2.3264937,-0.23623079,0.05549948316185175,3.4463036797900473,0.03305764276763229,0.0445800951757651,0.033181264187088604,0.026602684165411623
769,25.633333,released,unknown_no_ground_truth,0.5336131569790866,0.05327846759080879,0.17086391546046306,0.037881549458944355,2.76450201601739,0.8718746,2.261372,-0.55886894,0.05672340733920818,3.4309255966920627,0.03413028496235987,0.045306385737088416,0.03048486139500164,0.022487441275920794
770,25.666666,released,unknown_no_ground_truth,0.5334326273449291,0.05248317473897092,0.1717476619637846,0.0338037863093822,2.6359748991273437,0.8718746,2.2617357,-0.5570676,0.05777066629099714,3.419470540074903,0.035089935721093236,0.04589276952631317,0.02631840764710026,0.021214084655516725
771,25.7,released,unknown_no_ground_truth,0.5331365213315677,0.05179826504597912,0.1724950414565916,0.029567599433420463,2.383494017090957,0.8718746,2.2211318,-0.75823504,0.058640399849421265,3.4702112879736164,0.03588484564515956,0.04637859794693107,0.021680846632260525,0.02010432355399215
772,25.733334,released,unknown_no_ground_truth,0.5328160727491636,0.05120025342105047,0.1731113384677938,0.024913948560817127,1.9106463626477108,0.87321156,2.1864018,-0.93030083,0.05937468312587359,3.5163998460284462,0.036535367033999136,0.04680299084448414,0.017533699518918103,0.017699554064194187
773,25.766666,released,unknown_no_ground_truth,0.53251726300237,0.05073396500266114,0.17360966612363055,0.01958585478969118,1.8991344085985462,0.87321156,2.252885,-0.6009168,0.059949326963636355,3.5687338495412586,0.037053741036176195,0.047126872149729715,0.013609194214541718,0.014085295192993052
774,25.8,released,unknown_no_ground_truth,0.5322476095261539,0.050425900579856645,0.17399569657006658,0.014676176588396667,1.8173045837787691,0.87321156,2.2541668,-0.5945665,0.06034410914890954,3.6226866768455253,0.03744263274684338,0.04732294118036747,0.01005652580925544,0.010689080779074583
775,25.833334,released,unknown_no_ground_truth,0.5320196552479948,0.05022791130863764,0.17428317635110024,0.010646692670136753,1.789374870457875,0.87321156,2.2047727,-0.83928436,0.060607781739768406,3.6766049812648727,0.037724164893039806,0.047436173860653505,0.0071160499192733,0.007919210715642949
776,25.866667,released,unknown_no_ground_truth,0.5318426650072358,0.05010980366681468,0.17448548782154982,0.007133278572866491,1.729883941269373,0.87321156,2.3032608,-0.35133585,0.06077312608686165,3.71923744012647,0.03791706153994161,0.04749388695975372,0.004763154417425822,0.005309992767779734
777,25.9,released,unknown_no_ground_truth,0.5317283249822139,0.050062049371560405,0.1746204583964973,0.004435180008240661,1.7263569900073057,0.87321156,2.2604277,-0.56354773,0.06085814609336202,3.7387563534177413,0.03804170365542262,0.04750308125705111,0.003021201103450389,0.003247024114170972
778,25.933332,released,unknown_no_ground_truth,0.5316716323987702,0.04999150224740442,0.17469566825872823,0.004049990393861606,1.7263569900073057,0.87321156,2.2591674,-0.5697917,0.060944524198935965,3.7395492569331377,0.03811847186075537,0.04755225686374405,0.001751431925879754,0.0036516993851329585
779,25.966667,released,unknown_no_ground_truth,0.5316546305261735,0.04981934958317433,0.17471305251612398,0.006931651339096442,1.729883941269373,0.87321156,2.2566488,-0.58227,0.06109695829513707,3.7383477994434897,0.03815845117169093,0.04771552071491411,0.0007608887931820404,0.006889763314599964
780,26.0,released,unknown_no_ground_truth,0.5316554147796504,0.04952991888553847,0.17468087448848735,0.010746532620489368,1.729883941269373,0.87321156,2.202567,-0.85021186,0.061329144212787026,3.7354739724492654,0.03816921420333152,0.048003906267855175,0.0005929079368593761,0.010730164189873853
781,26.033333,released,unknown_no_ground_truth,0.5316665742791589,0.04910619685870451,0.17464571273179902,0.016400292738191602,3.829553029979422,0.87321156,2.221314,-0.7573326,0.06167751274587575,3.726492107709842,0.03819797776184062,0.048425510564408046,0.003153631756686805,0.016094229047754875
782,26.066668,released,unknown_no_ground_truth,0.5317293931980853,0.048439870597776484,0.174723376564976,0.026365363425210175,5.539705893105702,0.87321156,2.3243175,-0.24701296,0.062298675053892354,3.7100210391863153,0.038379453792065504,0.049072827920277604,0.010252524327508417,0.0242902888714247
783,26.1,released,unknown_no_ground_truth,0.5319073740379746,0.04741493241775205,0.17505939087643907,0.04127962534859428,5.897009690455419,0.87321156,2.5132425,0.68899554,0.06337316531955196,3.6748393877635857,0.03888148428558513,0.050043863383726295,0.02185232779230406,0.03502118271814936
784,26.133333,released,unknown_no_ground_truth,0.5322430121736739,0.045947279676587974,0.17577042980984212,0.058078940147045496,6.921473418685843,0.87321156,2.487737,0.56263113,0.0650357416297824,3.597936028458772,0.039836253323268206,0.05140739840237215,0.03483525470925969,0.04647223168672981
785,26.166666,released,unknown_no_ground_truth,0.5327152152213281,0.04406379057970998,0.1768225183340378,0.0734317778569079,6.921473418685843,0.87321156,2.587267,1.0557415,0.06724295358431154,3.4703926463493433,0.04120379901617635,0.053140020261347495,0.045302952811371165,0.05779159511379614
786,26.2,released,unknown_no_ground_truth,0.5332738780899032,0.04176219673189975,0.17809177871489262,0.08596827502156323,7.093537346929211,0.87321156,2.2256444,-0.7358781,0.06992913802235481,3.3077620009704845,0.04285649264774727,0.055257627369288444,0.05241050184369915,0.0681445787034797
787,26.233334,released,unknown_no_ground_truth,0.5339062307421687,0.0391358513864611,0.179495440996572,0.0930619789712737,7.609879324965893,0.87321156,2.3768642,0.013324149,0.07297236768608431,3.1374591453542924,0.04469788280066704,0.05768072224626626,0.056550323329723394,0.0739093557092303
788,26.266666,released,unknown_no_ground_truth,0.5345966768903823,0.036426716727739894,0.18096804886110243,0.09542645368094532,8.55764811381909,0.8732337,2.3749626,0.0039027473,0.07613034004128699,3.0064755152858207,0.04662645643829207,0.06018141104037056,0.05976106252357992,0.0743963941879872
789,26.3,released,unknown_no_ground_truth,0.5352560036874712,0.033736439225380194,0.18257687847220846,0.09769821473481849,8.55764811381909,0.8732337,2.728158,1.7537711,0.0793307575896942,2.881594604376984,0.04868189259111086,0.06263738846330018,0.06480605330584883,0.073110304453546
790,26.333334,released,unknown_no_ground_truth,0.5357778868047408,0.03102777763611194,0.184414677423653,0.10057691502678094,10.244234322160747,0.8732337,2.6837392,1.5337029,0.08263045365798447,2.7569107787060263,0.05094691508969216,0.06505538958893427,0.07084160815533527,0.07139455434604415
791,26.366667,released,unknown_no_ground_truth,0.5360642105815726,0.02834757331140552,0.18648416927263478,0.10465253181639364,10.244234322160747,0.8732337,2.3133886,-0.30115885,0.08597523162461607,2.7136637160005477,0.05340473349631339,0.0673771095632198,0.0770514771714716,0.07081823410164557
792,26.4,released,unknown_no_ground_truth,0.5360988771000086,0.02561445304702723,0.18880416753592477,0.11115600632650356,10.244234322160747,0.8732337,2.3204932,-0.2659597,0.08944721769841066,2.834829425478787,0.056083601528260335,0.06968094713482435,0.08356916185023165,0.07329292551199937
793,26.433332,released,unknown_no_ground_truth,0.5359987566079397,0.022750327734066364,0.19133998118701911,0.1171070324639546,10.244234322160747,0.8732337,2.1749985,-0.9867974,0.0931239360352699,3.042773487336567,0.05897592558914369,0.07206877037666751,0.08866924982749526,0.07649719725285986
794,26.466667,released,unknown_no_ground_truth,0.5359092241824345,0.019779373011606035,0.19398769091724427,0.12324633230878201,9.162230296307078,0.87324846,2.736266,1.7939408,0.09696107489310136,3.1979036196434225,0.061994955876289295,0.07455250156985044,0.09333289968686002,0.08048992647287766
795,26.5,released,unknown_no_ground_truth,0.5359564893162649,0.016585834982662542,0.19677215491732944,0.13209549219895853,9.158186122350601,0.87324846,2.6033099,1.1352246,0.10108839383145968,3.2822871729413325,0.06519820715616015,0.07725320155855499,0.09923853298159944,0.08718332771204088
796,26.533333,released,unknown_no_ground_truth,0.5361933226752011,0.013082385092965425,0.1996990260556758,0.1396342152173289,6.738160618525656,0.87324846,2.4709127,0.47927722,0.10558740777542686,3.2923184251548885,0.06861075670533198,0.08025749027384307,0.10357965221844642,0.09364277711422818
797,26.566668,released,unknown_no_ground_truth,0.5365904555213746,0.009403747093091904,0.20266066353191878,0.14593961236004377,6.519679756338561,0.87324846,2.3891413,0.07414984,0.11028103637109397,3.321515594248601,0.07210359839621241,0.08344446105884,0.10636036957963121,0.09992918612039278
798,26.6,released,unknown_no_ground_truth,0.5370280907551938,0.005457342609379906,0.2056843213597147,0.15066717789079118,6.273026111232795,0.87324846,2.1052828,-1.3321964,0.11524126129656813,3.4390265902961357,0.07570155302459619,0.08688971846477662,0.10699199908545928,0.10608162246719456
799,26.633333,released,unknown_no_ground_truth,0.537367312885226,0.0013668221351553658,0.20863500759577816,0.15490614828299232,6.500246448234475,0.87324846,2.5893922,1.066271,0.12027212466700139,3.5618000559354144,0.0792362890455367,0.09048201185985469,0.10640939344362782,0.1125742233498931
800,26.666666,released,unknown_no_ground_truth,0.5376239440308825,-0.0030000735586851266,0.21158027867034768,0.16165444256238024,6.500246448234475,0.87324846,2.6850424,1.5401595,0.12552193308959075,3.6191343030047363,0.08279540389291576,0.09434339818321497,0.1078445181994321,0.1204230820668789
801,26.7,released,unknown_no_ground_truth,0.5379007507154641,-0.007620924853152694,0.21455801186530335,0.16950125558620122,6.500246448234475,0.87324846,2.5960083,1.0990498,0.13100610543312896,3.7546453672299056,0.0864260071275966,0.09845377063747598,0.11134301514163811,0.12780222464600394
802,26.733334,released,unknown_no_ground_truth,0.5382678708806057,-0.012510777493449109,0.21764880477724224,0.18039845572863197,6.500246448234475,0.87324846,2.6345723,1.2901107,0.13678890714222822,3.9307167483099024,0.09021837865535492,0.1028194984911137,0.11742732795978592,0.1369467979819173
803,26.766666,released,unknown_no_ground_truth,0.5387073478901301,-0.017794935458162384,0.22091982856380127,0.19261834258911842,8.247155208058887,0.87324846,2.4275792,0.26458594,0.14300807987478834,4.162298924471875,0.09425437570910984,0.10755195753290503,0.12371767590712716,0.14763388015600631
804,26.8,released,unknown_no_ground_truth,0.539194717966019,-0.02345070926773178,0.22430844426849145,0.19951209670533274,9.884487775424834,0.87324846,2.5463746,0.8531448,0.1496081573938564,4.408525155032373,0.09846609734125458,0.11263670997133876,0.1268790922023334,0.1539700382985918
805,26.833334,released,unknown_no_ground_truth,0.5397923579306391,-0.02918217731036643,0.22770727996514872,0.20090941898479142,12.139338903818679,0.87324846,2.1999547,-0.8631545,0.15629173128634566,4.71523322106617,0.1027130793542594,0.11780122494290492,0.12858061723623332,0.15437493160469976
806,26.866667,released,unknown_no_ground_truth,0.5404802542311252,-0.034876030357924276,0.2311795960427216,0.19790161052651448,12.336990318216072,0.87324846,2.6985853,1.6072562,0.1629941154151687,5.00556362481709,0.10703826672115634,0.1229222970713773,0.12948579173516744,0.14966120802567734
807,26.9,released,unknown_no_ground_truth,0.5411845648228968,-0.04030089297457148,0.23467129212683285,0.19060451736753542,12.336990318216072,0.87324846,2.9004884,2.6075633,0.1694829156957644,5.274716640549134,0.1113453332033727,0.127775879909189,0.12873443494398604,0.1405614716078476
808,26.933332,released,unknown_no_ground_truth,0.5418225707202243,-0.04538918077862166,0.2381891565116246,0.17830131305068345,12.336990318216072,0.87324846,2.4445837,0.34883285,0.17569504515335477,5.586987925448094,0.11562043088501678,0.13229007843902138,0.124413055226608,0.12772137614659032
809,26.966667,released,unknown_no_ground_truth,0.5422525693710405,-0.049933139839790835,0.24155437482618947,0.16427403570893512,12.139338903818679,0.87324846,2.564028,0.940607,0.18134509881432376,5.871407807195595,0.11963961449290411,0.13628062044166858,0.11736878207092574,0.11493706018203192
810,27.0,released,unknown_no_ground_truth,0.5424089566182788,-0.05410636180156557,0.24479282819201126,0.15390734728790684,10.637370916923244,0.87324846,2.1219723,-1.2495099,0.18658604225193814,6.118849111660356,0.12344515229894444,0.13991299273881772,0.11063476309265646,0.10699262004751613
811,27.033333,released,unknown_no_ground_truth,0.5422570509293194,-0.05801910717822824,0.2478703495977977,0.14672575028025206,8.187604064029507,0.87324846,2.799372,2.106593,0.19148997620218608,6.350165018698664,0.12701515235504734,0.143302344915001,0.10369718566812894,0.1038043326639716
812,27.066668,released,unknown_no_ground_truth,0.5417600381825027,-0.06181513603780909,0.2507793015436812,0.14402537637970952,7.44033944324215,0.8732633,2.5721705,0.980948,0.1961716795391545,6.538253937258766,0.1303583581103679,0.14659476908806063,0.09883610946916413,0.10476035751330938
813,27.1,released,unknown_no_ground_truth,0.5409748196985473,-0.06559430649817968,0.2536294596988289,0.1445172030528192,6.767864761356066,0.8732633,2.4443667,0.34775794,0.20078385993853645,6.761237328697713,0.1336043397174587,0.1498800814667503,0.09701418992422745,0.10711427977424717
814,27.133333,released,unknown_no_ground_truth,0.5399762764276361,-0.06937209660199915,0.2564828886034151,0.1469849195229991,6.494728450370164,0.8732633,2.5914626,1.0765287,0.205384816298902,6.956393618652397,0.1368258716743644,0.15317181074428837,0.09892959907732805,0.10870832991809622
815,27.166666,released,unknown_no_ground_truth,0.5389362102987836,-0.07317588021398408,0.25949300513758,0.15130526863472765,6.494728450370164,0.8732633,2.5136752,0.69113946,0.21009979232274947,7.080691612346586,0.1401995452684517,0.15648006339652928,0.10589723906407916,0.10806969545266779
816,27.2,released,unknown_no_ground_truth,0.5380498629951784,-0.0769975191199079,0.26279894525661684,0.15455878092694705,6.767864761356066,0.8732633,2.7018845,1.6236019,0.21501511371738743,7.173373011884741,0.14388577972261313,0.15977603550131259,0.11484351001513037,0.10343783142075562
817,27.233334,released,unknown_no_ground_truth,0.5374402456591832,-0.08069630355816212,0.26637624830898854,0.1584814475578464,6.767864761356066,0.8732633,2.9550655,2.8779595,0.22000883420295422,7.273039321921749,0.14785588597353438,0.1629187653719614,0.12450974100454645,0.0980494447460626
818,27.266666,released,unknown_no_ground_truth,0.5371518293088707,-0.08440678440214025,0.27027699382419723,0.16080820819701028,6.940311693577706,0.8732633,2.5695739,0.9680833,0.22522400412389706,7.3706014570357175,0.15218630193926566,0.1660276529246013,0.13065736619000295,0.09374397305333541
819,27.3,released,unknown_no_ground_truth,0.5371185410989217,-0.08800627576977157,0.2742112609489251,0.1570602103575712,6.940311693577706,0.8732633,2.5115762,0.68074,0.2303927874684435,7.488681228161655,0.15656624358956883,0.16902025880269847,0.12814884869042567,0.0908062897429628
820,27.333334,released,unknown_no_ground_truth,0.5371694645388732,-0.09156375628705513,0.27791996240240663,0.148330585867472,7.8679759002035805,0.8732633,2.4377484,0.31496847,0.2354129010693819,7.595521020518668,0.16072963923290712,0.17200353793443354,0.1178275420284514,0.0901034574437685
821,27.366667,released,unknown_no_ground_truth,0.5371708189617853,-0.09503475888135046,0.28116737787297674,0.13791257429380754,8.08459422560762,0.8732633,2.451203,0.38162822,0.24010187626899165,7.690943754223134,0.16442156664152227,0.17496988143974276,0.10318587466077554,0.09150165801140273
822,27.4,released,unknown_no_ground_truth,0.537097222661592,-0.09854318217365485,0.28390432508774005,0.13052920994350264,8.349524802991784,0.8732633,2.5254593,0.7495224,0.24452865454398587,7.760161194012121,0.16760859214178206,0.17804949517856467,0.08972004057108256,0.09480605976623165
823,27.433332,released,unknown_no_ground_truth,0.5370231139669359,-0.10210907698253448,0.28623233330014564,0.13066715664663,8.349524802991784,0.8732633,2.650659,1.3698112,0.24877104194552857,7.850422199495848,0.17040281103277066,0.18124545043336618,0.08417643281700143,0.09994115260652033
824,27.466667,released,unknown_no_ground_truth,0.5371372456055759,-0.10593004494968555,0.2885215380548978,0.1380238471891673,8.349524802991784,0.8732633,2.7566485,1.8949244,0.2532137763351593,7.951285746672416,0.17322040869423055,0.18469408907086288,0.08841919798385638,0.10598409230063827
825,27.5,released,unknown_no_ground_truth,0.5375521865866417,-0.10995850558782286,0.2910049704491746,0.15010131937319618,9.360533363146903,0.8732633,2.7843826,2.0323296,0.2579571458679656,8.089571181448015,0.17629751052821646,0.18831111726581698,0.1000283786239943,0.11191393812849705
826,27.533333,released,unknown_no_ground_truth,0.5383146808233994,-0.1142695860952685,0.29392503408684734,0.1626709957869494,11.474513909312082,0.8732633,2.6415002,1.3244346,0.2632033217896888,8.25393434453301,0.17988886509262494,0.19213532943426587,0.11372593755356233,0.11631106567253588
827,27.566668,released,unknown_no_ground_truth,0.5394122978636595,-0.11866666207523967,0.29719523075090437,0.17146614291454457,15.695193530401832,0.8732633,2.4897902,0.57280374,0.2687423146896446,8.482273595903695,0.18387934134239278,0.1959867840754467,0.12491663854319773,0.11745838233629434
828,27.6,released,unknown_no_ground_truth,0.5408097071228118,-0.12307166379439649,0.3007786075618638,0.17318196199818123,15.695193530401832,0.87327063,3.1495044,3.8412862,0.2744894518443864,8.720960922943972,0.18821675550084382,0.1997971774639655,0.1308408603779803,0.11345775080217901
829,27.633333,released,unknown_no_ground_truth,0.5423752314044044,-0.12715684847738729,0.3044361848980555,0.16288722408506628,15.695193530401832,0.87327063,2.6181488,1.2087425,0.2800342055657863,9.00024671826676,0.19260193171685752,0.20328219839866943,0.12729433034195858,0.10162874215954322
830,27.666666,released,unknown_no_ground_truth,0.5439313066104546,-0.1306594017220177,0.3078919286851714,0.14116402290870733,15.695193530401832,0.87327063,2.3539875,-0.10001617,0.2849932724184312,9.287313311684372,0.19670291416226732,0.20622591710024674,0.11405885002964884,0.0831736742826967
831,27.7,released,unknown_no_ground_truth,0.545291525676086,-0.13336202512394724,0.3108827009941956,0.11289735185885878,13.371266057493047,0.87327063,2.3580358,-0.07995907,0.2890241889483198,9.544653489157822,0.2002058989508404,0.2084528239734831,0.0941762910694867,0.062262655397423275
832,27.733334,released,unknown_no_ground_truth,0.5463537928969224,-0.13532142960145438,0.31328153978899664,0.08197834938930824,8.434503355536568,0.87327063,2.673082,1.4809036,0.29209002321546274,9.709974561578472,0.2029814830737832,0.21003594737848338,0.06987599477151263,0.04286951274842105
833,27.766666,released,unknown_no_ground_truth,0.5470271402536201,-0.13660972970275564,0.3149209936221441,0.053246277203848745,5.081842588915909,0.87327063,2.5956883,1.0974646,0.29414191438339415,9.812512180455839,0.20486422722565756,0.2110689797207589,0.044687211638040944,0.028952014646411752
834,27.8,released,unknown_no_ground_truth,0.5473010535062601,-0.1375696830937141,0.3158599899772353,0.03430608887212914,4.154448368500694,0.87327063,2.4345675,0.29920867,0.2954879226910292,9.89018224799083,0.20596058486942723,0.21188050862810176,0.024210328859050226,0.024305713530753684
835,27.833334,released,unknown_no_ground_truth,0.5472623230346328,-0.13844720297454655,0.31626226784697764,0.02912708520653509,4.022051562213798,0.87327063,2.3701549,-0.019916533,0.2964286314603639,9.902995433626755,0.20647821342464137,0.21268916505180163,0.010790260168883778,0.027054710830399866
836,27.866667,released,unknown_no_ground_truth,0.5470429389290035,-0.13943074044475628,0.31635047464676086,0.03197723753745457,3.437038416563063,0.87327063,2.3647337,-0.046775088,0.2972582676985582,9.910779708755017,0.2066799874984621,0.2136489187493895,0.003776091880536806,0.03175350139176053
837,27.9,released,unknown_no_ground_truth,0.5467239007097946,-0.14050976932175235,0.316282785043143,0.03328789427847979,3.23717691840436,0.87327063,2.1055489,-1.3308781,0.29806832619207796,9.91635003474041,0.2067299490261585,0.2147264661251354,0.0016313417714094005,0.033247896617983254
838,27.933332,released,unknown_no_ground_truth,0.5463968626390064,-0.14155039707313283,0.3162308600707807,0.02997134332973185,3.23717691840436,0.87327063,2.0666537,-1.5235798,0.2988574739616358,9.92725764546019,0.20678874195018043,0.2157642369471631,0.004949812096161196,0.029559783172434777
839,27.966667,released,unknown_no_ground_truth,0.5461781980406097,-0.14242799217246008,0.3164054944520678,0.025749902398878078,3.437038416563063,0.87327063,2.4776833,0.5128215,0.2996542181237854,9.93233700856151,0.20705992878328142,0.21660756296039058,0.014953140666973137,0.020963326495226406
840,28.0,released,unknown_no_ground_truth,0.5461283956434047,-0.1430279363816881,0.3170626351791999,0.030471467428425943,3.6116081942733316,0.87327063,2.8893843,2.5525491,0.300515292866972,9.952830598076133,0.20778562963825653,0.21710498235359602,0.028653153863287158,0.010368563108185022
841,28.033333,released,unknown_no_ground_truth,0.5462422064851031,-0.1433693511680942,0.3182044753487938,0.04182755791070984,3.6116081942733316,0.87327063,2.74512,1.8378078,0.3014579385866431,10.034087530646117,0.20897010977233907,0.2172748995135997,0.04179640886052021,0.001613941491508663
842,28.066668,released,unknown_no_ground_truth,0.5464654959616961,-0.14353908970364088,0.3197831207482962,0.052366624807341056,3.6116081942733316,0.87327063,2.5734298,0.98718715,0.3025243642672634,10.155627097819888,0.21057209365330434,0.21721046095843521,0.05214924480432708,0.004766514455154106
843,28.1,released,unknown_no_ground_truth,0.5466706388337067,-0.14356320753467888,0.32166382198920374,0.05701429216674347,4.155044725266288,0.87327063,2.5639405,0.94017345,0.3036516691028634,10.305817357301526,0.2124467815337894,0.21695783268849556,0.05611309596922509,0.010097027880684508
844,28.133333,released,unknown_no_ground_truth,0.5466572332132992,-0.14349055715218773,0.3235788658620253,0.05448700698535364,4.913612331526904,0.87327063,2.6883621,1.5566068,0.3047098291113554,10.305817357301526,0.2143129093997663,0.21660576359293626,0.05124568992749644,0.018512514526040677
845,28.166666,released,unknown_no_ground_truth,0.5461593929667949,-0.14331132539096847,0.3252512439290529,0.0513950283082582,5.2581702338928835,0.87327063,2.2867537,-0.43311873,0.3055064949097832,10.305817357301526,0.21586310851607216,0.21618819767471087,0.037841209080553696,0.03477774906644307
846,28.2,released,unknown_no_ground_truth,0.5448765878242741,-0.14297680840750487,0.3264607890221951,0.062374977777057125,7.153040594675231,0.873278,2.1180904,-1.2687426,0.30584852372546395,10.305817357301526,0.21683563256965901,0.21569800164387598,0.020622639022242907,0.05886717771769456
847,28.233334,released,unknown_no_ground_truth,0.5426228972083676,-0.14242118394384162,0.3272493790252563,0.08274446364480098,12.1718029879143,0.873278,1.9958344,-1.8744467,0.30570112650874864,10.062508530814418,0.21723802701007572,0.21508328240355543,0.00832215215873421,0.08232489324203626
848,28.266666,released,unknown_no_ground_truth,0.5397088250284353,-0.14168750740726554,0.3278962461213537,0.09572597041779612,12.247343961946479,0.873278,2.380747,0.03256148,0.305304015914978,9.581250508033403,0.2173904342127001,0.21436403907051868,0.006607624213196212,0.09549764769189849
849,28.3,released,unknown_no_ground_truth,0.5366109869784825,-0.14086461431737496,0.328718825699402,0.09623208448414515,12.247343961946479,0.873278,2.528701,0.7655834,0.30496229736986374,8.99619004326499,0.21767852854142916,0.21358385011311937,0.019280280785277618,0.09428088277590799
850,28.333334,released,unknown_no_ground_truth,0.5339525545786032,-0.14004729706249325,0.33020593055695346,0.09150712172934451,12.247343961946479,0.873278,2.7956522,2.0881636,0.305082547684584,8.492722031186153,0.21867581908791206,0.21273515705671975,0.04710588961687484,0.07845118539953287
851,28.366667,released,unknown_no_ground_truth,0.5322643669744229,-0.13933769672174823,0.33271783699909624,0.09917752253553562,12.247343961946479,0.873278,2.8716195,2.4645352,0.30598389310701213,8.257538717521955,0.22081892268173137,0.2118139424745287,0.08268613436686532,0.05476480767565401
852,28.4,released,unknown_no_ground_truth,0.5317496364330154,-0.13876174607791872,0.3363058920780654,0.12202136663869227,7.5715470394420565,0.8732854,3.409295,5.128391,0.3077274386408529,8.200841534729344,0.22418814358384226,0.21079813274526507,0.11667397332501324,0.035726710804778336
853,28.433332,released,unknown_no_ground_truth,0.5323605754410292,-0.1383136554222652,0.3407871826710766,0.14386926593459864,7.5715470394420565,0.8732854,2.7957,2.0884008,0.3102079647299676,8.200841534729344,0.2285970683904597,0.20969587908491744,0.1396538547619754,0.03457118063765469
854,28.466667,released,unknown_no_ground_truth,0.5337160708345188,-0.13795826539941924,0.34565911778111913,0.151188259877937,7.5715470394420565,0.8732854,2.080086,-1.4570311,0.3130867857236649,8.200841534729344,0.2334985277398538,0.20857078639660148,0.14553904634226636,0.04094234867105516
855,28.5,released,unknown_no_ground_truth,0.5353573432577867,-0.13763438079101525,0.3503867637352739,0.14069061729163593,6.8351819634030955,0.8732854,2.6933713,1.5814241,0.31596413889933767,8.215811900753337,0.238299832957114,0.20747656899758954,0.13382919968285173,0.04340040444683629
856,28.533333,released,unknown_no_ground_truth,0.537040271430254,-0.13735284871302358,0.354408582390384,0.11720145113712856,4.9217717974153565,0.8732854,2.0071394,-1.8184369,0.31846388637985124,8.372015325169862,0.2424203376821279,0.20652270288334373,0.10970409055445621,0.04124551689903286
857,28.566668,released,unknown_no_ground_truth,0.5385336462911876,-0.13710052852241444,0.3575054783470465,0.0892705520945949,4.9217717974153565,0.8732854,2.5130162,0.68787456,0.3204006028728957,8.528783777023255,0.24561345740296348,0.20574395705312384,0.08178689577101617,0.03577897638858222
858,28.6,released,unknown_no_ground_truth,0.539750826557388,-0.13686403937261166,0.35968444708099967,0.06312983181894619,4.9217717974153565,0.8732854,2.574498,0.992479,0.32174456874295343,8.662244152565178,0.24787295039499752,0.2051306119965233,0.05601348506018003,0.029118124199567167
859,28.633333,released,unknown_no_ground_truth,0.5406852244912379,-0.13666003125880138,0.36109559134726404,0.04148387013719628,4.386782587631899,0.8732854,2.2811801,-0.46073207,0.3225938455003865,8.744907216727517,0.24934763252390588,0.2046766897070852,0.0353947669728197,0.02163612609732983
860,28.666666,released,unknown_no_ground_truth,0.5413006089438531,-0.13648396015383335,0.36194320236542665,0.02591765815816615,3.307815250903902,0.8732854,2.2650077,-0.54085654,0.32307117684645303,8.810215948735223,0.25023256537163135,0.20434932966977012,0.021506823345021565,0.014463110108465323
861,28.7,released,unknown_no_ground_truth,0.5416860654659286,-0.13635700934934714,0.3624710259246992,0.01602419147903548,2.061316249727864,0.8732854,2.2046976,-0.8396565,0.3233572131280363,8.850771911530085,0.2507813938059854,0.20412883138512683,0.01335967324938546,0.008848380825125459
862,28.733334,released,unknown_no_ground_truth,0.5419036180086892,-0.13628331175378328,0.3628019676541585,0.009649533811565532,1.3799719351487254,0.8732854,2.2162986,-0.7821807,0.3235398727493356,8.87695551336217,0.2511232609522772,0.20399793397814298,0.008295585123404331,0.004929175411861415
863,28.766666,released,unknown_no_ground_truth,0.5420300000486772,-0.13625462433697794,0.3630049279948484,0.005228330830433449,1.3799719351487254,0.8732854,2.1396933,-1.1617135,0.32366377808432156,8.87695551336217,0.2513344243404753,0.20393442177636134,0.004592501609221681,0.0024988741948639985
864,28.8,released,unknown_no_ground_truth,0.5420999379593806,-0.13627344337552955,0.36308980133545776,0.0018534774143986485,1.3799719351487254,0.8732854,2.2077436,-0.82456523,0.32373945668136983,8.87695551336217,0.25142942303509735,0.20393744394933108,0.0015959037238735924,0.000942586775746562
865,28.833334,released,unknown_no_ground_truth,0.5420991122276193,-0.1362974344083457,0.3630979273567013,0.003260548404059813,1.3799719351487254,0.8732854,2.0657294,-1.5281595,0.3237625356567622,8.87695551336217,0.2514407875822767,0.20396006921674803,-0.0016409364353211916,0.0028175350060739924
866,28.866667,released,unknown_no_ground_truth,0.5418997706211222,-0.13625372984471923,0.36300750525966774,0.013135993100732886,1.7459453178230915,0.8732854,2.0308042,-1.7011926,0.3236562079367434,8.859505348879747,0.2513200603443062,0.20394010935695503,-0.006675857401177432,0.011313144686675162
867,28.9,released,unknown_no_ground_truth,0.5413153027567157,-0.1360692166798413,0.3627809984276236,0.028578388149029535,3.2490724377473446,0.8732854,2.0949838,-1.3832215,0.3233296213048166,8.80092707438584,0.250995737241423,0.20382145102945037,-0.013464207018088275,0.025207923329196604
868,28.933332,released,unknown_no_ground_truth,0.5401850560643253,-0.13568558103301792,0.3624019185003847,0.04548072518572842,8.4099114105921,0.8732854,2.1233485,-1.2426919,0.3227208135792806,8.630945829340682,0.250422460296458,0.20356157519615956,-0.020025122274167674,0.04083492183565906
869,28.966667,released,unknown_no_ground_truth,0.5385696236540602,-0.13511075651209417,0.36192275621967784,0.057558973796833654,13.885906180992166,0.8732854,2.187917,-0.9227942,0.3218797966484778,8.344289921987118,0.24966067352231472,0.2031653306714746,-0.022033568110833374,0.053174781060666816
870,29.0,released,unknown_no_ground_truth,0.5366695105438815,-0.13440053595959553,0.36155682418289414,0.06265512822789321,13.885906180992166,0.8732854,2.1898918,-0.9130102,0.3210085551646441,7.99211533570461,0.24895355984372503,0.20265393539240537,-0.016340272813005256,0.06048686285178213
871,29.033333,released,unknown_no_ground_truth,0.5346872959290094,-0.13361718302385686,0.36154376357287776,0.06095024605959676,13.885906180992166,0.8732854,2.3332791,-0.2026133,0.3203290975238347,7.680356088535625,0.24857133869263612,0.20204707446777148,0.0015853628345806744,0.060929624316978355
872,29.066668,released,unknown_no_ground_truth,0.5329933319366364,-0.13287429406092727,0.3623739697885477,0.062036674028889724,13.885906180992166,0.8732854,2.3747542,0.002870362,0.3202749109873984,7.483708494238387,0.24905927506995074,0.20135912224087738,0.03132613966751121,0.053546446176177764
873,29.1,released,unknown_no_ground_truth,0.5318527158811561,-0.13228214822418297,0.3642433475001878,0.07732838179999789,11.950177415573895,0.8732854,2.0601258,-1.5559217,0.3210715268213527,7.334576031736979,0.250659739166272,0.20064052555874928,0.06423848407531423,0.04304759918406421
874,29.133333,released,unknown_no_ground_truth,0.5312412803871563,-0.13187573046497295,0.36711830548293445,0.09843205326384077,11.317450900293025,0.8732854,2.9333336,2.7702916,0.3227254387939194,7.210830899497826,0.25334177505693367,0.19992412024498157,0.0923784376058559,0.03398666466772776
875,29.166666,released,unknown_no_ground_truth,0.5310245688353108,-0.13165943375727002,0.37072306354864615,0.112967824390196,4.933155079392343,0.8732854,2.2921808,-0.40623063,0.3250537932840015,7.163832872348492,0.2568182073110179,0.1992595717195876,0.10975168768612345,0.026763714194815713
876,29.2,released,unknown_no_ground_truth,0.5310555828878856,-0.1316044972379829,0.37464241362702,0.11409326776988482,4.933155079392343,0.8732854,2.092286,-1.396587,0.3277488715429529,7.144086430929107,0.26065864566991276,0.19868667100539467,0.11233681785569259,0.01994274566020402
877,29.233334,released,unknown_no_ground_truth,0.5312584911803977,-0.1316708899761096,0.37832581358351725,0.09975148334219938,4.933155079392343,0.8732854,2.5731537,0.98581934,0.3303931660905402,7.118658153811105,0.2643074672290971,0.19824532016234606,0.09888405146116057,0.013126415946313379
878,29.266666,released,unknown_no_ground_truth,0.5315029687585433,-0.13180632346238066,0.3812742740071702,0.0730047321195061,4.933155079392343,0.8732854,2.0542252,-1.5851556,0.3325847653705702,7.118465920652607,0.26725081475968704,0.19796370416538658,0.07257208486345221,0.00793620881861976
879,29.3,released,unknown_no_ground_truth,0.5316382373806753,-0.13191752636101958,0.38317161099981684,0.0440295463415076,7.312437380637971,0.8732854,2.0787592,-1.4636047,0.33401745304994007,7.114165808364594,0.26914553208938685,0.19780885090988665,0.043781921527812205,0.0046630782077357255
880,29.333334,released,unknown_no_ground_truth,0.5317249116430427,-0.13196852364833894,0.38419663965218254,0.019982392686111232,7.312437380637971,0.8732854,2.283692,-0.44828793,0.33478752768134634,7.112307410455968,0.2701695707450989,0.197714672531902,0.01979452256340528,0.002733659442723455
881,29.366667,released,unknown_no_ground_truth,0.531807265809918,-0.1319298194918695,0.3844930335652905,0.004084804086493459,7.312437380637971,0.8732854,1.9659543,-2.0224843,0.334975056692062,7.110691677195905,0.2704652543572597,0.1976280212705501,0.0020682283188588873,0.0035225070682830158
882,29.4,released,unknown_no_ground_truth,0.5318433198504668,-0.13177726250767047,0.38435011515756556,0.008884805324630514,7.312437380637971,0.8732854,1.9128021,-2.285821,0.33476755900217225,7.109316574747278,0.2703074505203782,0.1974922802375986,-0.007055735112644147,0.005399663663301932
883,29.433332,released,unknown_no_ground_truth,0.531877703710518,-0.13152747240043422,0.3840640953741314,0.011210153396039604,6.8989474360966385,0.8732854,1.7253411,-3.2145762,0.33438980337472807,7.108858669722792,0.2699948792236774,0.1972797652927973,-0.008165491738041836,0.007680643452127485
884,29.466667,released,unknown_no_ground_truth,0.5319469811845026,-0.13121861017918043,0.3838646015915835,0.010631093413669336,6.78299197337916,0.8732854,1.6834615,-3.4220638,0.3340338469284169,7.108572849148026,0.26976305363252173,0.19699366941263438,-0.005099555435628869,0.009328166032458448
885,29.5,released,unknown_no_ground_truth,0.5320372647777358,-0.13089325993537945,0.38379091066891746,0.00993531338221213,5.918742874539257,0.8732854,1.6291708,-3.6910415,0.33375712501216376,7.108463777499424,0.26965492532744567,0.19667241734171778,-0.002262307689581709,0.009674317336144338
886,29.533333,released,unknown_no_ground_truth,0.5321223533494317,-0.13058526449281055,0.3837820333083336,0.01155737650465551,5.846913798489943,0.8732854,1.6062738,-3.8044822,0.3335388442301613,7.108463777499424,0.2696122354307748,0.19636039090512183,-0.0013468416593757728,0.011478630981738768
887,29.566668,released,unknown_no_ground_truth,0.5322414909876503,-0.1301503510072065,0.3837830394109149,0.019881433153540788,3.929563603962304,0.8732928,1.699572,-3.3422465,0.333240558920963,7.1084634130322115,0.2695651063467678,0.19591815523379036,-0.002109595998106859,0.01976919292645712
888,29.6,released,unknown_no_ground_truth,0.5324560929400709,-0.1293025522852217,0.38378567307394373,0.03570320531272806,3.929563603962304,0.8732928,1.7726996,-2.9799438,0.3326599314635609,7.1084445644462,0.2694716245445181,0.1950581286865002,-0.004176765599433208,0.03545805266410163
889,29.633333,released,unknown_no_ground_truth,0.5327905526806715,-0.1278343968699594,0.3837715817304085,0.05733502775165351,5.846913798489943,0.8732928,1.9745766,-1.979766,0.331642684741635,7.111243209868529,0.2692866595732693,0.19357573535572498,-0.007532404404740669,0.056838088384166485
890,29.666666,released,unknown_no_ground_truth,0.5332558178512373,-0.1255653723262358,0.3837246439139109,0.08030315378000492,5.846913798489943,0.8732928,1.8609397,-2.5427675,0.3300576847606104,7.111216171928713,0.2689694719450354,0.19129427181999814,-0.011176745418982979,0.07952154971361135
891,29.7,released,unknown_no_ground_truth,0.5338319454804873,-0.12258427059760876,0.3836561249612329,0.09707147188781216,5.812016517973425,0.8732928,1.9736075,-1.984567,0.32798208495903924,7.1105611072741794,0.2685414988617941,0.18830218119591566,-0.013059307908241892,0.09618900733152431
892,29.733334,released,unknown_no_ground_truth,0.5344651715567167,-0.11920868025746886,0.3836238445364053,0.10184531003425165,3.746498948691193,0.8732928,1.7230531,-3.2259119,0.3256824087109685,7.109638744145421,0.26809886862053717,0.18491086498139112,-0.011384419725898902,0.10120702625547993
893,29.766666,released,unknown_no_ground_truth,0.5350431694692075,-0.11590387648144729,0.38371705387069677,0.09274927726984156,3.746498948691193,0.8732928,1.8210046,-2.7406216,0.3235406192083429,7.131927580740575,0.26778254917564015,0.18157929021425823,-0.005579192452235789,0.0925813212568219
894,29.8,released,unknown_no_ground_truth,0.5354437664836191,-0.11311644136418517,0.38402236791726185,0.07421840363320943,4.28381661384678,0.8732928,1.9423206,-2.139575,0.32191446106549704,7.131831406305312,0.2677269281560633,0.17874902009020227,0.0037039536906490287,0.07412592100553976
895,29.833334,released,unknown_no_ground_truth,0.5356007102269764,-0.11107008881283023,0.38461457474550464,0.0548973271990638,3.983181039644825,0.8732928,2.214581,-0.79069024,0.32099942116535696,7.132079695207831,0.26802947524282866,0.1766375633594058,0.015092554338615238,0.05278192244639273
896,29.866667,released,unknown_no_ground_truth,0.5355307113649632,-0.10978371537284129,0.38553243385014313,0.04242537647737055,3.746498948691193,0.8732928,2.3741899,7.441679e-05,0.32083094711634813,7.133739399240327,0.26873311695828256,0.17525697839874746,0.02580251095168496,0.033677039623975315
897,29.9,released,unknown_no_ground_truth,0.5353140672254705,-0.10916865459031364,0.3866886407921071,0.038356118270364344,3.5531567496515586,0.8732928,2.3902607,0.07969566,0.321283770076385,7.131083722154596,0.26974961628297484,0.17452336642892047,0.03220416264957616,0.020834675826847456
898,29.933332,released,unknown_no_ground_truth,0.5350840657564224,-0.10894134859095758,0.3879050602000699,0.035082690976892775,3.318100124676233,0.8732928,2.3077388,-0.3291502,0.3220401752784961,7.114722345609036,0.27088002823915774,0.17416625618803896,0.03252272065644881,0.013155525351834169
899,29.966667,released,unknown_no_ground_truth,0.5349338846029458,-0.10893167550169194,0.3889841851650384,0.02834438205815989,1.6903637528861253,0.8732928,2.3047843,-0.34378785,0.3228416662623509,7.114722345609036,0.2719177932214163,0.17403291414168254,0.027384932900581752,0.007312280375476014
900,30.0,released,unknown_no_ground_truth,0.5348988590633517,-0.10897731851358332,0.38978530583541104,0.019170722678216425,1.6903637528861253,0.8732928,2.3374069,-0.18216285,0.32347562571800786,7.115045690687894,0.2727057573727728,0.17397715461921745,0.018855735872829266,0.0034609005618741863
901,30.033333,released,unknown_no_ground_truth,0.534948988217294,-0.108942721228793,0.3902620767743924,0.010919847501099459,1.6903637528861253,0.8732928,2.417877,0.21651743,0.32381618988597166,7.1168397210795185,0.27317482301893253,0.17387478512090979,0.009343281773944643,0.005652092987552663
902,30.066668,released,unknown_no_ground_truth,0.5350365067106146,-0.10869880506616125,0.3904436487961861,0.012761104328274117,1.6903637528861253,0.8732928,2.3711767,-0.014853828,0.3237988259684216,7.119835621965598,0.27332860483302707,0.17360055725302,0.0010975933480294844,0.012713814239615812
903,30.1,released,unknown_no_ground_truth,0.535121147399759,-0.10812779593633778,0.39043533478686887,0.022782306801203692,1.74935219851284,0.8732928,2.3052404,-0.34152818,0.323424987008936,7.120488294645998,0.2732480385964119,0.17302956864346689,-0.0040501785719156864,0.022419401346150326
904,30.133333,released,unknown_no_ground_truth,0.5352157551161403,-0.10719247582893085,0.39036890177107864,0.03346560784721028,2.8245501936371786,0.8733076,2.3435845,-0.1515563,0.3227717719426262,7.125647045735994,0.2730585970653909,0.17210641862424306,-0.006204153417009144,0.032885489033333166
905,30.166666,released,unknown_no_ground_truth,0.5353645116130412,-0.1059135871617928,0.39031106634194235,0.04241658989018558,3.9359879530282553,0.8733076,2.2389226,-0.6700925,0.3219069729528263,7.138076222417482,0.27283443470600205,0.17083755580757984,-0.006608571719061504,0.04189861426999961
906,30.2,released,unknown_no_ground_truth,0.5355922662669763,-0.1043910232447823,0.39028697758198483,0.04682184720936597,3.9359879530282553,0.8733076,2.200758,-0.8591749,0.32091769991548114,7.155132503013477,0.2726179918864142,0.16931509270842274,-0.006193265187522773,0.04641043893796126
907,30.233334,released,unknown_no_ground_truth,0.5358651642919229,-0.10283263422045641,0.39028270663399167,0.04419529446732346,3.9359879530282553,0.8733076,2.108523,-1.3161436,0.3199271927212684,7.172470006666804,0.27242157195233785,0.16774950306194295,-0.005440963906508142,0.043859092156832286
908,30.266666,released,unknown_no_ground_truth,0.5361132155416259,-0.10149114482831462,0.3902801369974658,0.03502565094097315,3.9359879530282553,0.8733076,2.1493366,-1.1139367,0.3190798607905482,7.187367530550245,0.27225526651712506,0.16640020257140561,-0.004342674205074703,0.03475539389199138
909,30.3,released,unknown_no_ground_truth,0.536275139298096,-0.1005339103516177,0.390275660621517,0.022536191876428795,2.5775790667094927,0.8733076,2.2016656,-0.85467803,0.3184746489432329,7.197861045140695,0.27213206477460156,0.16543953983563764,-0.0028183355450130333,0.022359269421135638
910,30.333334,released,unknown_no_ground_truth,0.5363633118154245,-0.10000970413552893,0.390276082381372,0.010406393829173383,1.9678452660210972,0.87330014,2.1570992,-1.0754774,0.3181461765385141,7.202433640945446,0.27206735007737687,0.16491314886311967,-0.0008591764354441526,0.010370865363152456
911,30.366667,released,unknown_no_ground_truth,0.536438099962784,-0.09985983977210733,0.39029616371865694,0.005018731147554368,1.9678452660210972,0.87330014,2.0981762,-1.367405,0.3180702464428693,7.202849780195556,0.27207480968112635,0.16475430073053177,0.0008882702176548517,0.004939497783364194
912,30.4,released,unknown_no_ground_truth,0.5365935901969553,-0.09977583131394811,0.3903410216283016,0.005298545045382516,1.9678452660210972,0.87330014,2.1778128,-0.97285426,0.31805936311573474,7.202537709697487,0.2721265671845409,0.16464777525962612,0.002359969035923538,0.004743956760704058
913,30.433332,released,unknown_no_ground_truth,0.5367693351536474,-0.09991737827960791,0.39040453647434675,0.00969973046127163,1.9678452660210972,0.87330014,2.139217,-1.1640735,0.3182071240123139,7.207284762543664,0.27223213853953737,0.16475872213141926,0.003974672660945937,0.008847979897109266
914,30.466667,released,unknown_no_ground_truth,0.5369653348328612,-0.10028448066908684,0.3904867082567929,0.015906587105770406,2.354645017877999,0.87330014,2.1372373,-1.1738812,0.31851365374202323,7.217430285338172,0.2723915237461164,0.16508726604848226,0.005588311603776744,0.01489262524783846
915,30.5,released,unknown_no_ground_truth,0.5371815892345965,-0.10087713848238487,0.39058753697563997,0.019166880903427483,2.354645017877999,0.87330014,2.1165154,-1.2765456,0.3189793250962672,7.227376548051412,0.27260472280427794,0.1656335562127219,0.006396069341118019,0.018068193616125085
