frame_index,time_s,stage,contact_state,tcp_x_m,tcp_y_m,tcp_z_m,speed_m_s,angular_speed_deg_s,gripper_state,aux_action_tail_norm,aux_action_tail_robust_z,reference_distance_m,reference_axis_error_deg,axial_distance_proxy_m,lateral_distance_proxy_m,axial_velocity_m_s,lateral_speed_m_s
0,0.0,approach,unknown_no_ground_truth,0.5537974938838468,-0.089342739403513,0.3610597020445094,0.17534065463963724,9.064415290100262,0.8714905,1.6607848,-4.207346,0.30014498382034144,7.2525868349656335,0.22094687297726037,0.2031489370734767,-0.11832925994878647,0.12939293415572992
1,0.033333335,approach,unknown_no_ground_truth,0.5546215685778113,-0.0850705830015484,0.35715714292762923,0.1592812193045039,8.384065308819022,0.8714905,1.8084774,-3.2386963,0.2945199600181386,7.273531313737833,0.21700256410658914,0.1991278333640269,-0.10835577861253935,0.11674558691616495
2,0.06666667,approach,unknown_no_ground_truth,0.555292788981486,-0.08163426625489917,0.3539111807478515,0.12719891152302762,4.269089553184412,0.8714905,1.3112886,-6.499536,0.2899250843101308,7.2494247618349394,0.2137231539438194,0.19590550778511287,-0.0884090043790343,0.09145168690270782
3,0.1,approach,unknown_no_ground_truth,0.5558111550948708,-0.07903378916356532,0.35132181550517616,0.09520587142542805,4.269089553184412,0.8714905,1.1082393,-7.831246,0.2863564522001771,7.2274544805132965,0.21110864248895125,0.1934765070574318,-0.06846184799273689,0.0661599072195127
4,0.13333334,approach,unknown_no_ground_truth,0.5561766669179652,-0.07726915172754673,0.34938904719960273,0.06069780516768876,4.269089553184412,0.8714905,1.3187501,-6.450599,0.2838109908874366,7.207452956433467,0.20915902974198416,0.1918363334353021,-0.0484059343395973,0.036620883016187614
5,0.16666667,approach,unknown_no_ground_truth,0.5563351218557189,-0.0766189629710799,0.34811738084802824,0.026665022873090534,2.1457477600614028,0.8714905,1.2914118,-6.6298995,0.28247043327239346,7.199246178168127,0.20788158045344876,0.19124537688861917,-0.025737764024739682,0.006970720753929042
6,0.2,approach,unknown_no_ground_truth,0.5563419074074478,-0.07682294100386275,0.34767624371702927,0.011662099450212373,1.0874731554814765,0.8714905,1.4961107,-5.2873707,0.28228916623608125,7.207562546367994,0.20744317880700155,0.19145365219997315,-0.00617360770167247,0.009893994720662332
7,0.23333333,approach,unknown_no_ground_truth,0.5563138318228578,-0.07727315045272704,0.34769779748276136,0.013636451357216034,0.7921878966834617,0.8714905,1.519992,-5.1307435,0.2826053986751521,7.217544179923287,0.20747000660667064,0.19189061394182286,0.005278429090734187,0.012573424034518603
8,0.26666668,approach,unknown_no_ground_truth,0.5563597218033787,-0.07766542643242409,0.34801735467945505,0.010027064775220078,0.7921878966834617,0.8714905,1.3879584,-5.996693,0.2831083333340001,7.217544179923287,0.20779507286407603,0.19227983798768047,0.006110995966665187,0.007949701648606764
9,0.3,approach,unknown_no_ground_truth,0.5563420812096265,-0.07780772548065153,0.34809815595663585,0.004997121028000055,1.0874731554814765,0.8714831,1.4280306,-5.733877,0.2832607425066199,7.217544179923287,0.207877407940296,0.19241525800576573,-0.00346689605741489,0.0035988679186046016
10,0.33333334,approach,unknown_no_ground_truth,0.5561595899517955,-0.0777995228727159,0.3477872490942976,0.016442655849144817,1.7420841500352338,0.8714831,1.3890471,-5.9895525,0.28300573141812213,7.217544179923287,0.20756394646024837,0.19237840872965295,-0.014243642345705684,0.008214595796570648
11,0.36666667,approach,unknown_no_ground_truth,0.5557947344233274,-0.07767601697894902,0.34715758777434136,0.03629508093040337,1.7420841500352338,0.8714831,1.1043872,-7.85651,0.28241807426686,7.190841283402013,0.20692783178391558,0.1922000028767148,-0.0316982567734152,0.01767918033369104
12,0.4,approach,unknown_no_ground_truth,0.5549743907349505,-0.07754489539255749,0.3456931429483509,0.06041734630056204,6.725730930896416,0.87146837,1.1841899,-7.33312,0.2811640607175732,7.090280550604794,0.20545072934202066,0.1919458956373566,-0.0523870543147928,0.030097379856409194
13,0.43333334,approach,unknown_no_ground_truth,0.5537570922502211,-0.07737481566410558,0.34369628007924946,0.09739264443362672,7.563023470026125,0.87146837,1.0969486,-7.9052963,0.2794547904170181,6.9819955000261675,0.20343536149626268,0.19159601660761225,-0.08523991030273055,0.047111409248262695
14,0.46666667,approach,unknown_no_ground_truth,0.551779139348022,-0.07709269371206798,0.3400590598865896,0.153778132901216,10.612381287200801,0.87146837,1.3721412,-6.100431,0.2764134881375323,6.844336790428119,0.199768068655172,0.19104223399588946,-0.1386705630482747,0.06646945992302422
15,0.5,approach,unknown_no_ground_truth,0.5492335165714581,-0.0767096581878181,0.334520454207636,0.20510910388484765,18.21803111655722,0.87146837,1.2735767,-6.7468715,0.27192417800939905,6.627890780155848,0.19419065729304444,0.1903490141980849,-0.19081782457035423,0.07522168784787234
16,0.53333336,approach,unknown_no_ground_truth,0.5466261421759997,-0.07633379095429603,0.32741593873591657,0.2393878536065824,18.21803111655722,0.87146837,1.2122078,-7.149363,0.26641187378775505,6.470681590022529,0.18704685002717572,0.18970704359620905,-0.22867595868355006,0.07080854732675876
17,0.56666666,approach,unknown_no_ground_truth,0.5443345777165298,-0.07598323358003364,0.31934916108791384,0.24280729182961047,18.21803111655722,0.87146837,0.9470228,-8.888593,0.26040084191637625,6.227072801626701,0.17894560139234816,0.18917470817497886,-0.236256422367368,0.05602038785836322
18,0.6,approach,unknown_no_ground_truth,0.5427042188151601,-0.07567457018505966,0.31172492149951897,0.2172602753238312,18.21803111655722,0.87146837,1.3257811,-6.404486,0.2549112093209088,6.149789048514203,0.17129641846641194,0.18877834001290528,-0.2143525502854407,0.035426140347412295
19,0.6333333,approach,unknown_no_ground_truth,0.541791075475412,-0.07554535470546156,0.30509695106172807,0.18567275293242733,18.21803111655722,0.87146837,1.2004255,-7.226638,0.25039109648505115,6.156383719809914,0.16465543557457948,0.18863798327678255,-0.1846180875694553,0.019761905872236717
20,0.6666667,approach,unknown_no_ground_truth,0.5412703031393538,-0.0758878102938769,0.2994319185261245,0.15523205878760976,26.660171911664673,0.87146837,2.4389033,0.8959862,0.24697805803793996,6.190814853524531,0.15898854349641497,0.18899948198098482,-0.15324300786395165,0.024770397983253718
21,0.7,approach,unknown_no_ground_truth,0.5410098675725263,-0.0769387016483992,0.2948721793045368,0.14812610690642697,26.660171911664673,0.87146837,1.0253773,-8.374701,0.24491137361204918,6.052089354663312,0.1544392386021993,0.19007920060993969,-0.14096653710215196,0.04549482349324865
22,0.73333335,approach,unknown_no_ground_truth,0.5403865083582964,-0.07870704911068022,0.2900091808952393,0.16553569521279257,29.113646344028314,0.8714757,1.1512533,-7.549136,0.24326815480080297,5.687591654908224,0.14959076960163192,0.19183846535608784,-0.15208918108230848,0.06535248570096887
23,0.76666665,approach,unknown_no_ground_truth,0.5394976586829097,-0.08094585431758904,0.28470149771266784,0.1831410164160821,29.113646344028314,0.8714757,1.6482595,-4.289494,0.2418205362539159,5.138740464077539,0.14429996603795564,0.19404816813249304,-0.16667503159478364,0.07589509692195885
24,0.8,approach,unknown_no_ground_truth,0.5386670892934194,-0.08337806444515886,0.27886042256272364,0.18803617297397873,29.113646344028314,0.8714757,1.4270595,-5.7402463,0.24036737824914628,4.794052142668665,0.13847909593308474,0.19646886907579958,-0.17275835839170461,0.07424386811382731
25,0.8333333,approach,unknown_no_ground_truth,0.5382029220594859,-0.08561808494597503,0.2731412773425637,0.1727558412614561,29.113646344028314,0.8714757,1.1430223,-7.60312,0.23901197588582357,4.7509736688866875,0.1327827472216294,0.19873466395453607,-0.1593986489618352,0.06660819318293397
26,0.8666667,approach,unknown_no_ground_truth,0.5386381250598202,-0.0876830249146305,0.26817823690590153,0.15851171307228448,25.031676051023705,0.8714757,1.1750368,-7.393151,0.23813183748535563,4.5227898671173445,0.1278525168997482,0.20089924327023093,-0.1420737246244878,0.07029238900788226
27,0.9,approach,unknown_no_ground_truth,0.5400755953175861,-0.08973483257661358,0.2635905503818658,0.15325033800733628,22.210904640762994,0.8714757,1.592649,-4.6542187,0.23764014304125272,4.3501455763582015,0.12331116988686995,0.20314328186233124,-0.1273999489753045,0.08517581288401442
28,0.93333334,approach,unknown_no_ground_truth,0.5422912077211002,-0.09182147121661402,0.2595812045884296,0.15185696960440045,22.210904640762994,0.8714757,1.0962551,-7.9098454,0.2376534956718926,4.240328066792957,0.11935918423243969,0.2055056426097269,-0.11203677105712984,0.10251000511425253
29,0.96666664,approach,unknown_no_ground_truth,0.5452389392662166,-0.09399495192288745,0.25599564615208237,0.15569649803657143,22.210904640762994,0.8714757,1.151647,-7.5465546,0.23813210159747206,3.498904598596663,0.11584205577911225,0.20805652098431768,-0.09854254561191805,0.12054362780825514
30,1.0,approach,unknown_no_ground_truth,0.5488568323813032,-0.09623986513519818,0.2528648185655498,0.15655137798666882,22.866060475135217,0.8714757,0.98416626,-8.644985,0.23907624322120977,2.786042821380184,0.11278967823059961,0.21079833623016297,-0.08250089294249331,0.13304862499558615
31,1.0333333,approach,unknown_no_ground_truth,0.5528858122890191,-0.09828631121674748,0.2503356471930529,0.15423920454143256,25.031676051023705,0.8714757,1.2000723,-7.2289543,0.2402844352254221,2.0459506247415136,0.11034199968036888,0.2134508208420327,-0.06609156703613102,0.1393615333737487
32,1.0666667,approach,unknown_no_ground_truth,0.5572746007499902,-0.09998063074192964,0.24829530918872994,0.1454683058910095,30.477661853736915,0.8714757,1.2554213,-6.865945,0.24155584629641652,1.0672567459775706,0.1083835799775528,0.21587548835202997,-0.04641008121994996,0.13786635695468985
33,1.1,approach,unknown_no_ground_truth,0.5615504148409154,-0.10118648250340824,0.24708563082888824,0.13741842126342393,30.477661853736915,0.8714757,1.0660024,-8.108259,0.2428296790092653,0.6004273466021495,0.10724798047634455,0.21786262573348472,-0.03058799742600435,0.13397088085102146
34,1.1333333,approach,unknown_no_ground_truth,0.5658965179152917,-0.10217469076108272,0.24610976677771385,0.13253393994576584,30.477661853736915,0.8714757,1.2258778,-7.0597076,0.24410320159077015,1.3495631930651715,0.10634438196423456,0.21972083526945996,-0.03161266436599631,0.12870852609377023
35,1.1666666,approach,unknown_no_ground_truth,0.5698970495128445,-0.10301920190124364,0.24484009149544111,0.11809304726757824,30.477661853736915,0.8714757,1.108701,-7.828218,0.24513267776462466,2.3141238667694504,0.10514047139449693,0.22143963281896556,-0.042788628234280396,0.11006861999121736
36,1.2,approach,unknown_no_ground_truth,0.5730543771199557,-0.10356515484703843,0.24314092324100312,0.10700238111462743,16.82774836842386,0.8714757,1.2631346,-6.8153567,0.24560338145499153,2.841144318562461,0.10349181077751043,0.22273407032629303,-0.06937295573110404,0.08146718712052267
37,1.2333333,approach,unknown_no_ground_truth,0.5751945948594037,-0.1038266846927452,0.2401315193318054,0.11458573945357597,16.82774836842386,0.8714757,1.2680302,-6.783249,0.24511509242117363,2.953573515428322,0.10051560045585418,0.22355764938297137,-0.10214326911134086,0.05192922357758678
38,1.2666667,approach,unknown_no_ground_truth,0.5763850893074907,-0.10398653381220802,0.23627916206992147,0.1388316060048613,16.7970676230942,0.8714757,1.8045306,-3.2645817,0.2440402436635784,3.025261739626148,0.09668226556457019,0.2240718189614228,-0.13665231414558354,0.024502242031001698
39,1.3,approach,unknown_no_ground_truth,0.576692823444158,-0.10389254039747513,0.23099839288785273,0.17348217606632974,16.7970676230942,0.8714757,1.4854559,-5.3572507,0.2420632160312977,3.1072171758817837,0.09140545428838688,0.2241420163239109,-0.17329412337045624,0.008075408223373277
40,1.3333334,approach,unknown_no_ground_truth,0.5766684386416205,-0.10353377132601138,0.22472601705328138,0.19384932220396012,16.7970676230942,0.8714757,1.7172277,-3.8371625,0.23952561994237492,3.108561615226086,0.08512931813892166,0.2238872970982974,-0.19319825765852475,0.015874286020008222
41,1.3666667,approach,unknown_no_ground_truth,0.5764136519124796,-0.10267729652374265,0.21813538092789314,0.19836575787977104,13.922939623666128,0.8714757,1.055919,-8.174391,0.23651381630808183,3.0698654019257523,0.07852555312796186,0.22309756343483605,-0.19561633019223296,0.03291238765782927
42,1.4,approach,unknown_no_ground_truth,0.5763504801856898,-0.10118017025141568,0.21171665575014098,0.18483347338075107,13.922939623666128,0.8714757,1.5350212,-5.0321736,0.2331593819510783,3.081783860227875,0.07208824106725038,0.22173538935325326,-0.17811594214050874,0.049377363613216
43,1.4333333,approach,unknown_no_ground_truth,0.5764799788564603,-0.09924432755354387,0.2063012166112448,0.15627825551114477,13.922939623666128,0.8714757,1.2839409,-6.6788974,0.22986008735132407,3.173331242109094,0.06665116755460472,0.21998473042637834,-0.14322161160560348,0.06253369583432855
44,1.4666667,approach,unknown_no_ground_truth,0.5766451413145159,-0.09691320206476008,0.20221653385696453,0.1277720783720273,13.917817694757488,0.8714757,1.734818,-3.7217958,0.22664298582037817,3.1830732743570835,0.06254013704593614,0.21784346278888347,-0.10599065215783914,0.07135604856396856
45,1.5,approach,unknown_no_ground_truth,0.5766808610380791,-0.09440803013171617,0.19929201923917833,0.0954674932184262,11.329075345726327,0.8714757,1.4750375,-5.4255805,0.22357100005181438,3.123174611367979,0.059585107139862155,0.21548458662117698,-0.06384437652293729,0.07097843227211817
46,1.5333333,approach,unknown_no_ground_truth,0.5765832761666525,-0.09212814702369149,0.19802055919752054,0.07432070953178935,7.797659100386216,0.8714757,1.3063409,-6.5319858,0.22110309067891484,3.1021932139149406,0.058283849066245355,0.2132828395483133,-0.0313210264324085,0.0673985249729471
47,1.5666667,approach,unknown_no_ground_truth,0.5762968002664879,-0.08990302546074871,0.19726554739941993,0.06689690063476421,7.5225959891411005,0.87146837,1.5673283,-4.820286,0.2187665328585924,3.081474051304051,0.057497045351641476,0.21107554494730285,-0.01858174701472027,0.06426440688607069
48,1.6,approach,unknown_no_ground_truth,0.5759481079241093,-0.08787354176545104,0.19684380205017252,0.06131598059412617,6.6524980313934154,0.87146837,1.4213142,-5.777927,0.21667867645989883,3.060748930369629,0.05704505710617801,0.20903471073524224,-0.016328734580374496,0.059101792724273086
49,1.6333333,approach,unknown_no_ground_truth,0.5754110478205678,-0.08604712285402781,0.19623745150238675,0.06190304109210102,6.6524980313934154,0.87146837,1.5026366,-5.2445703,0.2146841170052937,3.0430900746999705,0.056408464015225104,0.2071409068286264,-0.027958470704617832,0.055229615355435656
50,1.6666666,approach,unknown_no_ground_truth,0.5743837834614627,-0.08450566632453935,0.1950434340969744,0.06936600187781977,7.5225959891411005,0.87146837,1.4956946,-5.290099,0.2126809039615295,3.007104897282467,0.055181160718250265,0.20539767869106987,-0.044348412235873276,0.0533372341678001
51,1.7,approach,unknown_no_ground_truth,0.5728900502655196,-0.08346298361493582,0.19334750743375245,0.08186538604352377,6.6524980313934154,0.8714757,1.6363024,-4.3679156,0.21090638763485653,2.9716803340196813,0.05345190534489246,0.2040205826875931,-0.06044125229456252,0.05521590760931324
52,1.7333333,approach,unknown_no_ground_truth,0.5710458893051453,-0.08279044092496511,0.19108072274086965,0.09288653947520815,6.6524980313934154,0.8714757,1.2508792,-6.895735,0.2092736539873966,2.9504489853056395,0.05115173605981831,0.20292600166391517,-0.0753770334197389,0.05427902033492284
53,1.7666667,approach,unknown_no_ground_truth,0.5693192338839459,-0.08248987972461214,0.18838277842756318,0.096429516179539,6.6524980313934154,0.8714757,1.3078355,-6.522184,0.20795717325028637,3.0063959573105037,0.04842677425642576,0.20224003916476777,-0.08640977143032733,0.04280190406954534
54,1.8,approach,unknown_no_ground_truth,0.5681161454086132,-0.08259833611286849,0.18536172254204536,0.09621153770912931,5.080428519538874,0.8714757,1.4619663,-5.511308,0.20712999408385202,3.006587284968989,0.045391089758658236,0.20209523354027428,-0.09292921141420751,0.024916292948364765
55,1.8333334,approach,unknown_no_ground_truth,0.5676234912867164,-0.08281757823266295,0.18220558508137255,0.09184673517583983,5.080428519538874,0.8714757,1.3646684,-6.149442,0.2065996560161328,3.006658881404525,0.0422314939077048,0.20223728337848065,-0.09143373363972486,0.008700293969786301
56,1.8666667,approach,unknown_no_ground_truth,0.5678746334375346,-0.08307977529631771,0.17926233031090444,0.08760255781152404,5.080428519538874,0.8714757,1.223421,-7.0758204,0.20637382147191755,3.0793890761295697,0.03929549540660901,0.2025981693640692,-0.08462870145682984,0.022631637697086298
57,1.9,approach,unknown_no_ground_truth,0.5688507627212203,-0.08350379793651035,0.1765372133277055,0.08885362602105569,5.080428519538874,0.8714757,1.4120423,-5.838738,0.2065571139085774,3.15844856811218,0.03658958549908975,0.2032905397190086,-0.08009328916763042,0.03847118255785697
58,1.9333333,approach,unknown_no_ground_truth,0.5700982235659465,-0.08415281893325768,0.17387782444532116,0.09009232638308318,6.501814272446242,0.8714757,1.2538136,-6.8764887,0.20707456743315855,3.2069409896943406,0.033955947548144,0.2042715597035902,-0.07744348293599819,0.04603405504469213
59,1.9666667,approach,unknown_no_ground_truth,0.5713537368330214,-0.08510936241394013,0.17131885287747656,0.08893909449190765,6.582636085794441,0.8714757,1.2164288,-7.1216793,0.20794433244902208,3.270882166609066,0.031426688391423444,0.2055558528829033,-0.07307898918048776,0.05069145755843514
60,2.0,approach,unknown_no_ground_truth,0.5725657810523137,-0.08632606092883965,0.16894381257935287,0.08402288352230043,6.79511488800834,0.8714757,1.0949842,-7.9181805,0.20911421963327195,3.4171155231198562,0.029084004353575613,0.2070818136476342,-0.0650060149548421,0.053235918091950954
61,2.0333333,approach,unknown_no_ground_truth,0.5737243448078577,-0.08764059104295693,0.16691997435098888,0.07777169993690614,6.79511488800834,0.87146837,1.3889712,-5.9900503,0.21043746784808742,3.5327170302448225,0.027092957918536928,0.2086861267682622,-0.057192547688148104,0.05270151610736706
62,2.0666666,approach,unknown_no_ground_truth,0.5747685218383123,-0.08897153251483833,0.16506678938272423,0.06926826381881165,6.79511488800834,0.87146837,1.1716347,-7.415464,0.21178902515656237,3.658117733221649,0.02527117123482002,0.21027591179492577,-0.0505977661206503,0.04730706539273457
63,2.1,approach,unknown_no_ground_truth,0.5755767902467599,-0.09011567068010083,0.16348963271899858,0.055777032966662636,6.582636085794441,0.87146837,1.2235665,-7.074866,0.2129450784351747,3.813139298798499,0.023719776512948935,0.21161989186259988,-0.04213269845670661,0.03655014538029092
64,2.1333334,approach,unknown_no_ground_truth,0.5761075748498508,-0.09094558619979617,0.16221422802258945,0.04338031845070712,4.710843575212479,0.87146837,1.0952145,-7.91667,0.21376592513345516,3.9041015955088714,0.022462319375345156,0.21258248976912927,-0.03468795281808587,0.026049912824710357
65,2.1666667,approach,unknown_no_ground_truth,0.5765184729016002,-0.09152444672211642,0.16114603967638058,0.034080230437463756,3.921314960541287,0.87146837,1.0874516,-7.967583,0.21433974802479444,3.9885094346523595,0.02140723876298077,0.21326804193755122,-0.02862539881308652,0.018494557292954475
66,2.2,approach,unknown_no_ground_truth,0.5767393806225949,-0.09196405514737149,0.16028405002915413,0.027844077969101606,2.273672123851264,0.87146837,1.0402895,-8.276898,0.21475068580294723,4.015707153755272,0.02055396115309481,0.21376480471245315,-0.023575108245609953,0.014815766910868397
67,2.2333333,approach,unknown_no_ground_truth,0.5767499716562109,-0.09245929571010247,0.15955915442611018,0.02525518165476526,2.273672123851264,0.87146837,1.0900528,-7.950523,0.21517184308257328,4.0424089644626,0.01983556627887954,0.21425562388405986,-0.01933757492541837,0.016244457406113095
68,2.2666667,approach,unknown_no_ground_truth,0.5766558689865615,-0.09302872528684025,0.15898240780549883,0.023686473005377764,2.273672123851264,0.87146837,1.083208,-7.995415,0.21564937463625242,4.0424089644626,0.019264790638885792,0.21478715190310305,-0.01543504330609307,0.01796687066724534
69,2.3,approach,unknown_no_ground_truth,0.5764752392617936,-0.09361539522443585,0.15851920120033636,0.02390794722197392,2.273672123851264,0.87146837,1.1028765,-7.866418,0.2161301871139831,4.041367349583558,0.018806564307717245,0.2153104059744095,-0.015618279765787226,0.018101361206447755
70,2.3333333,approach,unknown_no_ground_truth,0.5763611405860465,-0.09418929656938992,0.15793045501158198,0.026252407773262522,2.9009048614881974,0.87146837,1.0085576,-8.485014,0.21660963670997213,4.0362208772217,0.01822357291461709,0.21584169223264477,-0.020976268615524395,0.015785596880163278
71,2.3666666,approach,unknown_no_ground_truth,0.5762713026252109,-0.09463378166480063,0.1571105297364965,0.03319276016163839,2.9932863670480367,0.87146837,0.9308223,-8.994844,0.21695825904809285,4.00260723836309,0.017408147644740746,0.2162587398575102,-0.031169340887449153,0.011411902373839307
72,2.4,approach,unknown_no_ground_truth,0.5761910367201037,-0.0949106257927447,0.155845390442018,0.042229818610146706,2.9932863670480367,0.87146837,1.0266252,-8.366517,0.2171251402436708,3.959004550583226,0.01614560818731141,0.21652400758829385,-0.04173657641242481,0.006435508465981448
73,2.4333334,approach,unknown_no_ground_truth,0.5761166557180318,-0.09501169643454448,0.1543249721370826,0.04632831961888312,2.9932863670480367,0.8714757,1.114329,-7.7913065,0.21711873786824507,3.904255104972967,0.014625703704108818,0.21662556433777463,-0.046267961866853,0.002364086165271048
74,2.4666667,approach,unknown_no_ground_truth,0.5760883261516048,-0.09501740917156765,0.15276039439021566,0.04530928820247273,2.9932863670480367,0.8714757,0.9454895,-8.898649,0.21704156450261117,3.8502165663869596,0.013061080141714016,0.21664821464132322,-0.04530387754232981,0.0007001978608358027
75,2.5,approach,unknown_no_ground_truth,0.57611541947664,-0.09499736953813492,0.1513043898418951,0.04138465071756338,2.9932863670480367,0.8714757,0.9932222,-8.585591,0.2169697119238944,3.8186460832671365,0.011605447889604536,0.21665910890525558,-0.04133766551796873,0.001971477755202274
76,2.5333333,approach,unknown_no_ground_truth,0.5761815852039271,-0.09499198045703264,0.15000311401091176,0.03735258528025916,3.239062373030664,0.8714757,1.0311588,-8.336782,0.21693702321322933,3.818506974415598,0.010305238226813382,0.21669211823623355,-0.037134060017844535,0.004034502907441353
77,2.5666666,approach,unknown_no_ground_truth,0.5763415223908872,-0.09503461710418074,0.14882478555998602,0.03389325134799575,3.239062373030664,0.8714757,1.021734,-8.398596,0.21698672921162937,3.8180840512396643,0.009129846091938228,0.21679457226669327,-0.03311864767873148,0.00720469727819772
78,2.6,approach,unknown_no_ground_truth,0.5766129522702699,-0.09509645422460439,0.1477875858107522,0.031420258938674527,2.4464517524116216,0.8714757,0.96189815,-8.791033,0.2170944118291049,3.834750309738483,0.008097330346814672,0.21694334949170385,-0.029954282612653715,0.00948544279064651
79,2.6333334,approach,unknown_no_ground_truth,0.5769318523827944,-0.0951443026557724,0.14681799659647898,0.03082269167690173,2.464787669679342,0.8714757,0.9282145,-9.011948,0.21720786196951966,3.8487852998314995,0.0071328891475702805,0.21709071190121973,-0.029041921665641037,0.010324974972178711
80,2.6666667,approach,unknown_no_ground_truth,0.577266701042618,-0.09517622308765314,0.1458411367496314,0.029859123436269706,2.464787669679342,0.8714757,0.8988168,-9.204755,0.21731497555122833,3.846894995843845,0.006161197167350523,0.21722761852097905,-0.028204846566970393,0.00980070826604124
81,2.7,approach,unknown_no_ground_truth,0.5775542759398244,-0.09520185908996773,0.14492807854529338,0.02772425557108924,2.464787669679342,0.8714757,0.98703283,-8.626184,0.21740850478305113,3.8395499696550384,0.005252567716772212,0.21734504476611072,-0.02677347657332471,0.007198284458723878
82,2.7333333,approach,unknown_no_ground_truth,0.5777134877032957,-0.09524386555888145,0.14404894458701833,0.027273077897562496,2.241540366185717,0.8714757,1.0678029,-8.09645,0.21748691759370362,3.828505331472476,0.004376300317858478,0.21744288289097513,-0.02705369381220477,0.0034523077965304926
83,2.7666667,approach,unknown_no_ground_truth,0.5777482892794236,-0.09525054048523764,0.14312091137394214,0.029220670039691015,2.1629138339367096,0.8714757,1.0168259,-8.430785,0.2175008883642218,3.8221212720762066,0.00344898973464951,0.21747354071021135,-0.029186753226565068,0.0014074777653979818
84,2.8,approach,unknown_no_ground_truth,0.5777331504651398,-0.09513782010171917,0.14210388957112627,0.03244980293376205,2.1629138339367096,0.8714757,1.0187535,-8.418143,0.21739071287629314,3.8306488587351044,0.0024305185013534904,0.21737712534827003,-0.0319569114573949,0.005634316333346462
85,2.8333333,approach,unknown_no_ground_truth,0.5777467468875219,-0.09484916880824526,0.140995154018233,0.033961741510659844,2.241540366185717,0.8714757,0.9455617,-8.898176,0.21712488011272035,3.832707843806225,0.0013185308671361477,0.21712087656491164,-0.03206527240275758,0.011190093483694815
86,2.8666666,approach,unknown_no_ground_truth,0.5778321804905897,-0.09437609159882417,0.13997405968735926,0.03178329823461503,2.241540366185717,0.8714757,1.071247,-8.073862,0.21670595031746412,3.835549021112265,0.0002928355772460647,0.21670575246245755,-0.02762300861944706,0.01572092368407264
87,2.9,approach,unknown_no_ground_truth,0.5780197943432219,-0.09382133129028453,0.13916247971522938,0.026876843792654287,2.241540366185717,0.8714757,1.0912476,-7.942687,0.2162379301501875,3.8353032925118433,-0.0005230063874530123,0.21623729766151828,-0.019902938630102125,0.018062053209453456
88,2.9333334,approach,unknown_no_ground_truth,0.5783137805276486,-0.09326391534414905,0.13865434108066343,0.02197631883237215,2.241540366185717,0.8714609,1.1002051,-7.883939,0.2157941130772075,3.8425407527460687,-0.0010340326904644636,0.2157916356469214,-0.01081030660221105,0.019133631662292105
89,2.9666667,approach,unknown_no_ground_truth,0.5786657761971465,-0.09271823919551156,0.13844667661845136,0.018477880287199863,1.7761627700974112,0.8714609,1.1910317,-7.2882476,0.21537324407997524,3.875603139055387,-0.001243692852786926,0.21536965313994566,-0.0026193836308957205,0.01829127905047334
90,3.0,approach,unknown_no_ground_truth,0.5789646810350981,-0.09223207552184044,0.1384837297360259,0.016979538117094142,1.12302816807541,0.8714609,1.3044999,-6.54406,0.214990340685188,3.8885445391414093,-0.0012086581104241087,0.21498694316982445,0.002330369940543162,0.01681886115675095
91,3.0333333,approach,unknown_no_ground_truth,0.5791770701773691,-0.09172122409668886,0.13860758455758324,0.01772479443937755,1.0746324696961667,0.8714609,1.4728042,-5.4402275,0.21455815978786305,3.8859875216357453,-0.0010883349950341049,0.214555399509061,0.0029638974423775747,0.0174752296084846
92,3.0666666,approach,unknown_no_ground_truth,0.5793290999775578,-0.09112715578559225,0.1386902544300001,0.01879950938503428,0.980320791501678,0.8714609,1.4522008,-5.575356,0.21403047750296852,3.869382064737569,-0.0010110651234756666,0.2140280893889043,0.0004278742224488893,0.01879463957536179
93,3.1,approach,unknown_no_ground_truth,0.5794166637317675,-0.09049171306179464,0.13864829335038223,0.018844047344986823,0.980320791501678,0.8714609,1.3475934,-6.261429,0.2134477307146115,3.8608592033778297,-0.0010598100722607842,0.21344509961540006,-0.003666902383835362,0.01848382934479562
94,3.1333334,approach,unknown_no_ground_truth,0.5794444221609891,-0.08989762838373308,0.13845963568655234,0.017463258966019843,0.980320791501678,0.8714609,1.3668215,-6.13532,0.2128908657050962,3.8486012721765626,-0.001255526967457888,0.21288716342865602,-0.007961929934897955,0.015542621575076975
95,3.1666667,approach,unknown_no_ground_truth,0.5793954463769941,-0.08944903565345019,0.13813081506742708,0.015999382756918475,0.980320791501678,0.8714609,1.2807137,-6.700063,0.21245475593163735,3.832550375589603,-0.0015906058161265532,0.2124488015760722,-0.011362637040831756,0.011263690695358179
96,3.2,approach,unknown_no_ground_truth,0.5792988711504421,-0.08914953435534512,0.13771340636757365,0.015266733170969039,0.980320791501678,0.8714609,1.2952961,-6.604424,0.21215044551278708,3.807116777375212,-0.0020130354292580655,0.212140894736575,-0.013062646370737176,0.007901924544478594
97,3.2333333,approach,unknown_no_ground_truth,0.5791800333691888,-0.08895224373361195,0.13726902982142566,0.014270612495538657,0.980320791501678,0.8714831,1.2473391,-6.918952,0.21193916049848813,3.7801605658317494,-0.0024614481323757564,0.21192486646426262,-0.013094191565451038,0.005673845983554271
98,3.2666667,approach,unknown_no_ground_truth,0.5790459817734361,-0.0888470167195084,0.1368475881209609,0.01235711100763123,0.980320791501678,0.8714831,1.3221743,-6.4281416,0.21181192819818842,3.760429610404617,-0.0028859807566162833,0.21179226624715777,-0.011465373753370025,0.004609055993417157
99,3.3,approach,unknown_no_ground_truth,0.5789217010127843,-0.08876108409820538,0.13651049187747188,0.010310253925036428,0.9038706264707621,0.8714757,1.3326306,-6.3595634,0.2117042217317936,3.751090377626116,-0.0032258057022487682,0.2116796439826838,-0.009477301705852618,0.004059813835014128
100,3.3333333,approach,unknown_no_ground_truth,0.5788200472754148,-0.08867774226668265,0.1362208909824724,0.009439477335217192,0.9038706264707621,0.8714757,1.3044238,-6.544559,0.2116045158983834,3.7465902708286047,-0.0035178003079597325,0.21157527319982952,-0.009166962047430498,0.0022517857764556403
101,3.3666666,approach,unknown_no_ground_truth,0.5788087001299427,-0.0886457655779867,0.13590225810443485,0.009866653315310142,0.9038706264707621,0.8714757,1.3141326,-6.4808836,0.21158127794607767,3.7465902708286047,-0.0038369359614461927,0.2115464844891617,-0.009772170174091767,0.0013621812409191061
102,3.4,approach,unknown_no_ground_truth,0.5789015575936249,-0.08866156272176404,0.13556838255052323,0.012301671967176566,0.9038706264707621,0.8714757,1.3722872,-6.099474,0.21163468351430267,3.7465902708286047,-0.004169280122001667,0.2115936113625913,-0.011159739882070027,0.0051760350609857215
103,3.4333334,approach,unknown_no_ground_truth,0.5791341997972285,-0.08871601517702529,0.13515279179836637,0.016167779332501395,1.553329281344395,0.8714757,1.3098369,-6.5090575,0.21176889871151627,3.763483791662467,-0.004580920027027131,0.2117193463838258,-0.0139194393360184,0.00822473690250107
104,3.4666667,approach,unknown_no_ground_truth,0.5794205760033337,-0.08878331583397417,0.1346316014448939,0.01992460332733314,1.553329281344395,0.8714757,1.3905652,-5.9795966,0.21193613023111482,3.838790984626674,-0.005097241918427798,0.2118748248899927,-0.01757983129465313,0.009377598274777459
105,3.5,approach,unknown_no_ground_truth,0.5797222075935435,-0.08886189860956566,0.13397069158915198,0.022682801397784946,1.553329281344395,0.8714757,1.3386037,-6.3203883,0.21212611206225748,3.897678684986431,-0.005752907736822399,0.21204808763867938,-0.020641897763141695,0.009403272621133585
106,3.5333333,approach,unknown_no_ground_truth,0.5800031263883094,-0.08894247343784226,0.13324523618566642,0.022462850085560575,1.553329281344395,0.8714757,1.3436159,-6.2875156,0.2123173018257805,3.949387946317884,-0.006473367211086921,0.2122185952538797,-0.02097559175188242,0.008037672836383106
107,3.5666666,approach,unknown_no_ground_truth,0.580212222817142,-0.08901088848545852,0.1325634747415148,0.019532043023084155,1.4980612325949538,0.8714757,1.3475004,-6.2620387,0.2124764276290901,3.9699855451741777,-0.0071512792755962645,0.2123560488960519,-0.018704633006126025,0.005624714104890245
108,3.6,approach,unknown_no_ground_truth,0.5803359608749522,-0.08906132651382612,0.13199198009859855,0.01513638006973105,1.338375442253561,0.8714757,1.4440122,-5.629061,0.21258990912232553,3.99646807244952,-0.007720341634901673,0.21244967824329372,-0.014649005808432022,0.0038100696108963957
109,3.6333334,approach,unknown_no_ground_truth,0.5804323362361121,-0.08909843738766438,0.13158257977091192,0.009041633914380247,0.778552041556293,0.8641113,1.4285581,-5.7304177,0.21267536023413328,4.029763062939238,-0.008127881073612161,0.21251999058905394,-0.008560132763150931,0.002911231855916167
110,3.6666667,approach,unknown_no_ground_truth,0.5805112066275395,-0.08911848042854062,0.13141807701069746,0.0036873209000831846,0.5759161481404929,0.8641113,1.4074111,-5.8691115,0.2127265812754554,4.041861796700439,-0.008291020416909035,0.21256494857240535,-0.0028022292669189577,0.0023966323363864366
111,3.7,approach,unknown_no_ground_truth,0.5805857106113586,-0.08913079364979493,0.13139321920699173,0.001543178755629935,0.2536669590861552,0.8641113,1.3515707,-6.2353435,0.21276154702178723,4.046539259695567,-0.008314696191790037,0.21259901626851999,0.00031992794137678215,0.0015096512127488154
112,3.7333333,approach,unknown_no_ground_truth,0.5806112387773904,-0.08913211951355708,0.1314378640898272,0.0016222916499657226,0.2536669590861552,0.8641113,1.4314028,-5.7117605,0.2127678462750149,4.05039200024498,-0.008269691906468328,0.21260707562139242,0.001329397651979184,0.0009298021727554413
113,3.7666667,approach,unknown_no_ground_truth,0.5806488870504367,-0.08913351827223212,0.13148095925631514,0.002238978585811644,0.2536669590861552,0.79560083,1.4266295,-5.7430663,0.2127778705404495,4.053188607573229,-0.008226069760544118,0.21261879965803343,0.001502587674677694,0.0016598961978478617
114,3.8,approach,unknown_no_ground_truth,0.5807231481724617,-0.08913840498002897,0.13153643818446187,0.0036081305160663266,0.2536669590861552,0.79560083,1.4369345,-5.675481,0.21280132284858777,4.0566661601056175,-0.008169519483986238,0.21264444962779921,0.0021892821186297374,0.0028680393348099573
115,3.8333333,approach,unknown_no_ground_truth,0.5808416837681599,-0.0891475490602489,0.13162411277508293,0.005063174098311504,0.47892566120061875,0.79560083,1.4658943,-5.485546,0.21284016581720303,4.072745659709407,-0.008080117749213453,0.21268673649819664,0.003115913491098799,0.0039908413982268215
116,3.8666666,approach,unknown_no_ground_truth,0.5809913602918175,-0.0891598476845834,0.1317402490111296,0.005794359659273196,0.47892566120061875,0.79560083,1.4919497,-5.3146605,0.21288977705545414,4.0878588755113245,-0.00796179210281029,0.21274084478828365,0.0036425201073019145,0.004506290173625511
117,3.9,approach,unknown_no_ground_truth,0.5811446227353914,-0.089172278272463,0.13186251949787067,0.005307993633846834,0.47892566120061875,0.79560083,1.5841502,-4.7099586,0.21294040786481322,4.097035421469075,-0.007837282379785033,0.21279613320390137,0.003383457392102631,0.004089867050746831
118,3.9333334,approach,unknown_no_ground_truth,0.5812665506544512,-0.08917977833211907,0.1319618233338007,0.003846421667589008,0.48497729900273745,0.78620505,1.5718004,-4.7909555,0.21297842315545565,4.1075155574935485,-0.007736227524420809,0.21283787142676167,0.0024799530412737214,0.0029402028089870647
119,3.9666667,approach,unknown_no_ground_truth,0.5813427326954218,-0.08918210876925137,0.13202503431015603,0.002920296379394124,0.48497729900273745,0.78620505,1.6370386,-4.363087,0.21299992414886587,4.112429865011048,-0.00767195232419308,0.2128617129381372,0.001889400873623451,0.002226722991809572
120,4.0,approach,unknown_no_ground_truth,0.5814166777315339,-0.08918461729673816,0.13208568285853406,0.003287106093573995,0.48497729900273745,0.78620505,1.5925509,-4.6548624,0.21302110738043567,4.113912005742817,-0.007610267578295692,0.21288512399172904,0.0020938824405234103,0.0025339145201997274
121,4.0333333,approach,unknown_no_ground_truth,0.5815134994597922,-0.08918838194372761,0.13216222684503132,0.004156323830104966,0.6136848844544989,0.78620505,1.5522755,-4.91901,0.21304951108734563,4.116654842176402,-0.00753236028574184,0.21291631624439397,0.002584811746086236,0.0032548081384304412
122,4.0666666,approach,unknown_no_ground_truth,0.5816359098591908,-0.08919333908777577,0.1322549133792225,0.005055022232386341,0.6136848844544989,0.78620505,1.5635822,-4.844855,0.21308591520494582,4.126284970795773,-0.007437946948605176,0.21295606167451328,0.003099461891653425,0.003993317637267083
123,4.1,approach,unknown_no_ground_truth,0.5817823447758084,-0.089200918642211,0.1323650440633552,0.005455491815967411,0.6136848844544989,0.78620505,1.5596933,-4.8703604,0.21313121117389403,4.140401860868492,-0.007325729676886033,0.21300527425665358,0.003329923293187472,0.004321342594099072
124,4.133333,approach,unknown_no_ground_truth,0.5819267546490186,-0.08920843465078132,0.13247276307478834,0.0047743849038168005,0.6136848844544989,0.78620505,1.6245948,-4.4447002,0.21317610953474622,4.153632048111999,-0.007215952259989266,0.2130539455381,0.002889969236498628,0.00380037222149164
125,4.1666665,approach,unknown_no_ground_truth,0.5820380366307795,-0.08921535802437679,0.1325540493663759,0.003117604082956567,0.6136848844544989,0.78620505,1.6430025,-4.323972,0.2132119691779847,4.164248258246742,-0.007133065232609313,0.21309261643975663,0.0018443078235930248,0.0025135599992641947
126,4.2,approach,unknown_no_ground_truth,0.5820958551564015,-0.0892168539310374,0.13259331031021865,0.0012278749412671375,0.21825051089806854,0.78620505,1.6198698,-4.4756894,0.21322877838810203,4.165063094548739,-0.007092998514523711,0.21311077238130244,0.0006668317346741734,0.0010310248828341675
127,4.233333,approach,unknown_no_ground_truth,0.5821073607457383,-0.08921448654028702,0.13259757156493074,0.0001835034040346341,0.21319979641720857,0.78620505,1.6266265,-4.4313755,0.21322976211047137,4.165632644701718,-0.007088609823200618,0.21311190267195926,2.7440799464205186e-05,0.0001814400777586458
128,4.266667,approach,unknown_no_ground_truth,0.5821069109847996,-0.08921199141808046,0.13259504033622618,9.258745336588491e-05,0.21319979641720857,0.78511924,1.5814236,-4.727841,0.2132273750619168,4.165567041604835,-0.007091178173899449,0.2131094288573393,-6.503842309713419e-05,6.589719297373809e-05
129,4.3,approach,unknown_no_ground_truth,0.5821072068343638,-0.08921004678693273,0.13259330181012777,0.00016556779674131958,0.17199783601759067,0.5835913,1.5834522,-4.714536,0.2132256969310466,4.165353988927666,-0.007092936798625401,0.21310769127204499,4.9001037936471815e-05,0.00015815054093781458
130,4.3333335,approach,unknown_no_ground_truth,0.5821172185544912,-0.08920961864385141,0.1325981959556639,0.0003166334716166951,0.12886839512899095,0.5835913,1.593181,-4.6507297,0.21322804963250144,4.166167759039557,-0.007087911440944721,0.21311021247581222,0.00014057993988251274,0.00028371470855538945
131,4.366667,approach,unknown_no_ground_truth,0.5821262354850993,-0.08920947314668173,0.13260242135913763,0.00026974745150051854,0.09626112119010222,0.5835913,1.582513,-4.7206964,0.21323040678492702,4.169240623660811,-0.0070835648109752085,0.2131127154517866,0.00011396366897400065,0.0002444912467656235
132,4.4,approach,unknown_no_ground_truth,0.5821335951423559,-0.08920879859469158,0.13260558029589536,0.00019108921165586262,0.05854805101122192,0.5835913,1.5184063,-5.141144,0.2132318158280001,4.169235582050484,-0.007080313869775685,0.21311423330414045,7.592851899880996e-05,0.00017535662751634574
133,4.4333334,grasp_lift,unknown_no_ground_truth,0.5821379329047324,-0.08920833824139879,0.13260733779582898,8.375586489342241e-05,0.039252356578851656,0.44545487,1.4666982,-5.480274,0.21323259179474446,4.16866655131715,-0.007078502914214194,0.21311506985663303,2.8649378574451955e-05,7.870360862973795e-05
134,4.4666667,grasp_lift,unknown_no_ground_truth,0.5821386284628481,-0.08920725528604412,0.13260744088856707,3.776961632720291e-05,0.0330358119727021,0.44545487,1.524842,-5.098934,0.21323176366714827,4.168513056349998,-0.007078403912904105,0.2131142445606308,-1.4881568864055139e-05,3.4714302897343295e-05
135,4.5,grasp_lift,unknown_no_ground_truth,0.5821371190163217,-0.08920615458283038,0.1326063841686409,5.6604480862418733e-05,0.0330358119727021,0.44545487,1.4929904,-5.307835,0.21323031436064677,4.1687381091220574,-0.007079495017922054,0.21311275821177733,1.7238246957454364e-05,5.3915768524038904e-05
136,4.5333333,grasp_lift,unknown_no_ground_truth,0.5821409572762217,-0.08920451848196698,0.13260859275890224,0.00017060048490451959,0.0330358119727021,0.44545487,1.4724069,-5.4428334,0.21322979823388563,4.168749365133675,-0.007077254697463186,0.21311231621098486,7.807376300520707e-05,0.00015168722088516217
137,4.5666666,grasp_lift,unknown_no_ground_truth,0.5821468389676323,-0.08920319355267056,0.1326114937736239,0.0002081855745421906,0.0330358119727021,0.42010418,1.5397669,-5.0010486,0.2132301575923011,4.169250272296092,-0.00707429010502125,0.21311277419795266,8.651730553999753e-05,0.00018935677777560727
138,4.6,grasp_lift,unknown_no_ground_truth,0.5821536311009095,-0.08920374941248407,0.13261419722687104,0.00022971639461281831,0.08180111128210014,0.42010418,1.4863509,-5.3513803,0.2132325918072979,4.170684386247222,-0.007071486882227756,0.21311530278732263,8.848889530494231e-05,0.0002119890029261495
139,4.633333,grasp_lift,unknown_no_ground_truth,0.5821610190854751,-0.08920421766773422,0.1326171864603284,0.00024471235843092644,0.08180111128210014,0.42010418,1.5188065,-5.138519,0.21323510751785804,4.171991749443411,-0.007068390850585165,0.2131179225896683,9.57039051996235e-05,0.00022522189258233246
140,4.6666665,grasp_lift,unknown_no_ground_truth,0.5821687280116605,-0.08920417557968977,0.1326203659317246,0.00024128461923961412,0.09240137589257648,0.42010418,1.4827497,-5.374999,0.2132372242804544,4.173042191753156,-0.007065106627560165,0.21312014941617793,0.00010196753337976833,0.0002186798793168942
141,4.7,grasp_lift,unknown_no_ground_truth,0.5821756756205119,-0.08920494078393645,0.13262377512320708,0.00022457836035042554,0.09718106046907891,0.415458,1.5187962,-5.138586,0.2132398705753165,4.17369002439619,-0.007061593021077233,0.21312291361320676,9.304127117015768e-05,0.00020439853667951436
142,4.733333,grasp_lift,unknown_no_ground_truth,0.5821795607686895,-0.08921262666413589,0.13262631468441954,0.00028600357835424867,0.10555199098295832,0.415458,1.5091307,-5.2019777,0.21324823343461938,4.174172873609064,-0.007058903881669852,0.21313137014286576,7.000909782029502e-05,0.000277302674083434
143,4.766667,grasp_lift,unknown_no_ground_truth,0.5821817587257871,-0.0892224582046316,0.13262813034553125,0.00028056102327367625,0.10893099658006658,0.415458,1.4861182,-5.3529067,0.21325816954541418,4.174987356333342,-0.0070569346891575496,0.21314137690897464,5.6780823752062576e-05,0.0002747552107502413
144,4.8,grasp_lift,unknown_no_ground_truth,0.5821832530032656,-0.08923063701869573,0.1326298324259673,0.00024473987937361906,0.25197055024027637,0.415458,1.5278001,-5.0795336,0.21326632563878584,4.1755731317378615,-0.007055109507850066,0.21314959789148297,5.4625563427462854e-05,0.00023856583237346845
145,4.8333335,grasp_lift,unknown_no_ground_truth,0.5821845584401084,-0.08923816712455096,0.13263153659777677,0.0002071132585174197,0.621783156229967,0.415458,1.5052409,-5.2274895,0.2132738069999293,4.175674916599929,-0.00705329298817052,0.21315714346525225,4.5825258234069146e-06,0.0002070625565156128
146,4.866667,grasp_lift,unknown_no_ground_truth,0.5821824349137961,-0.08924441955414061,0.13262997581223854,0.0005101070604236019,0.9056028333582733,0.415458,1.5078564,-5.2103357,0.21327920267912598,4.1758083274756315,-0.00705480400640043,0.21316249209435267,-0.0003262444525693074,0.0003921399880932333
147,4.9,grasp_lift,unknown_no_ground_truth,0.5821589171049908,-0.0892443053674271,0.13261005806801923,0.0002781267869791484,1.341300044593103,0.415458,1.481493,-5.383241,0.2132730175671557,4.176007191335777,-0.007075042598982562,0.21315563280012773,-0.00017135774044754073,0.00021906856101243255
148,4.9333334,grasp_lift,unknown_no_ground_truth,0.5821676753259114,-0.08924438993228087,0.13261875302753068,0.001507455408660587,1.5801390935620012,0.415458,1.579737,-4.738903,0.21327529759444622,4.176168378201637,-0.007066227845595279,0.21315820647592654,0.0010214654711358817,0.001108616299887932
149,4.9666667,grasp_lift,unknown_no_ground_truth,0.5822337059183457,-0.08924777859551392,0.13267709689698595,0.003456845420866384,1.5801390935620012,0.415458,1.5335883,-5.0415716,0.2132954830809263,4.176179977260521,-0.007006944961520266,0.21318035984825606,0.0023201150835228377,0.002562585854751935
150,5.0,grasp_lift,unknown_no_ground_truth,0.5823400205216214,-0.0892606238074635,0.13277088334920184,0.0046379497830787,1.5801390935620012,0.415458,1.4444214,-5.6263776,0.2133351011733798,4.1785065122171225,-0.006911553644368655,0.2132231127689426,0.003102668940428832,0.003447321226178086
151,5.0333333,grasp_lift,unknown_no_ground_truth,0.5824651863246594,-0.0892733901816733,0.13288047651172516,0.004895073386399938,1.5801390935620012,0.415458,1.3009179,-6.567553,0.21337965181286486,4.200683565406388,-0.006800100549603072,0.2132712696082028,0.0032660935992298284,0.0036461453700189876
152,5.0666666,grasp_lift,unknown_no_ground_truth,0.5825852461214919,-0.08928323157041734,0.13298500887834386,0.004249977604623109,1.5801390935620012,0.41444606,1.6003948,-4.603417,0.2134202376765272,4.213634220847889,-0.006693814264895615,0.21331523785349332,0.002831684577333004,0.0031692068557120706
153,5.1,grasp_lift,unknown_no_ground_truth,0.5826781769238094,-0.08929478721712528,0.1330660942920476,0.0026569668390295995,1.5801390935620012,0.41444606,1.6631396,-4.191902,0.21345547034952095,4.21392502750371,-0.00661132174581214,0.21335306008330085,0.001760041939290549,0.001990408288678809
154,5.133333,grasp_lift,unknown_no_ground_truth,0.5827184920132722,-0.08930131436410729,0.133100308156902,9.671125356728458e-05,1.7328630400917997,0.20969753,1.6195264,-4.477942,0.21347226212969522,4.214243467267123,-0.0065764782400499185,0.2133709367105264,-4.4644619004843614e-05,8.57900026836925e-05
155,5.1666665,grasp_lift,unknown_no_ground_truth,0.5826789286350738,-0.0893004133282753,0.13306303636558647,0.0006386702211607629,1.236743276237397,0.20969753,1.5777676,-4.751819,0.21346119809448527,4.214924685878763,-0.006614298051096597,0.21335869833035712,-0.0004241702845912844,0.0004774716966138272
156,5.2,grasp_lift,unknown_no_ground_truth,0.5826864478506235,-0.0893042731319432,0.13307242803055191,0.0025659578579358354,1.5925247050925335,0.20969753,1.6402823,-4.341813,0.2134667029691297,4.2151083631888495,-0.006604756233852541,0.213364501432647,0.0015876001427683232,0.002015853545122924
157,5.233333,grasp_lift,unknown_no_ground_truth,0.5828135288415461,-0.08931986385975638,0.13316680173740175,0.005237533728387108,1.5925247050925335,0.20969753,1.7445788,-3.6577785,0.21351556404101832,4.215170522972475,-0.006508458135786396,0.21341634440794102,0.00330229595555604,0.00406529223770085
158,5.266667,grasp_lift,unknown_no_ground_truth,0.5829580820424644,-0.08934258133904388,0.13328840027930455,0.0048269667685109175,1.7328630400917997,0.09725167,1.8547729,-2.9350648,0.21357535971866667,4.215170522972475,-0.006384610406935419,0.21347990778738293,0.0034056726119244193,0.003420672776618166
159,5.3,grasp_lift,unknown_no_ground_truth,0.5830380583694963,-0.08937735534145227,0.13339009034375834,0.0018477912336514587,1.7328630400917997,0.09725167,2.0391154,-1.7260444,0.21362807026368083,4.215170522972475,-0.006281402590400728,0.21353570283697632,0.0011524256734947234,0.001444384820686445
160,5.3333335,grasp_lift,unknown_no_ground_truth,0.5829569622417452,-0.08943980819812683,0.13336403405326602,0.007677816613648658,1.7328630400917997,0.09725167,2.0178149,-1.8657453,0.21366409268360514,4.21500641683555,-0.00630778209708703,0.213570963352521,-0.00016378774790722696,0.007676069406047266
161,5.366667,grasp_lift,unknown_no_ground_truth,0.5825289923313933,-0.08932410465190463,0.13338682917965494,0.017349293637918043,5.845265418616827,0.09725167,2.0596824,-1.591155,0.21342348396320546,4.149693659714741,-0.006292321763875422,0.2133307061672381,0.002911826995725606,0.01710319424206096
162,5.4,grasp_lift,unknown_no_ground_truth,0.5819138560357249,-0.08898833045349994,0.1335781922911451,0.029386842075648303,8.248007344395889,0.09674938,2.0774658,-1.4745216,0.21291010636440816,4.009368207032848,-0.006113660470158874,0.21282231214738553,0.012856505286363694,0.026425305277343457
163,5.4333334,grasp_lift,unknown_no_ground_truth,0.5811457335621969,-0.08825953911493725,0.13427646434506052,0.05212913882378666,10.702708244288171,0.09674938,2.2880414,-0.09345028,0.2119558904490077,3.7957658765971503,-0.005435222174352131,0.2118861908099421,0.033687834636173815,0.03978161525171433
164,5.4666667,grasp_lift,unknown_no_ground_truth,0.580322409501812,-0.08691908125562542,0.13587232108387437,0.0850244094912991,11.877072268341697,0.09674938,2.4404416,0.90607506,0.21037190397169384,3.4723310650597714,-0.0038678068267726895,0.21033634505483437,0.06275811561315656,0.057363482582822575
165,5.5,grasp_lift,unknown_no_ground_truth,0.5796099381466194,-0.08483624717478444,0.13852521757668562,0.12533612519673792,11.97008965294408,0.09674938,1.8556935,-2.9290273,0.20809738519679744,3.309444364112817,-0.0012513515241883376,0.20809362278817486,0.09608780932960384,0.08047532030113368
166,5.5333333,grasp_lift,unknown_no_ground_truth,0.5789306030387753,-0.08184345212241607,0.14236224854115706,0.15636214600989473,13.85990410430481,0.09674938,1.8789527,-2.7764802,0.2049882305733881,3.1019203755900464,0.0025380414267141536,0.20497251771719255,0.12111132310806283,0.09889978826991513
167,5.5666666,grasp_lift,unknown_no_ground_truth,0.5783425745068174,-0.07849092737515706,0.14669793262694464,0.1703275566429174,13.85990410430481,0.09674938,2.3116856,0.061621547,0.20164284746276126,2.976631735852489,0.006822729496308405,0.2015273884490905,0.13121467347592783,0.10860104058687413
168,5.6,grasp_lift,unknown_no_ground_truth,0.5776512069651341,-0.07485080264805705,0.15121694589704976,0.17996453261154616,13.85990410430481,0.09649085,2.3650775,0.41179544,0.1980965130104115,2.9276341844724167,0.011285678538872272,0.19777477575970445,0.13387708862139244,0.12026702848392025
169,5.633333,transport,unknown_no_ground_truth,0.5765429978786365,-0.07082019702779735,0.15574582859343303,0.1873240630045401,15.568274839944594,0.09649085,2.1312397,-1.1218427,0.19416460779547196,2.9522441307077836,0.01574786079351064,0.1935249332794037,0.1317756470209161,0.1331370851143581
170,5.6666665,transport,unknown_no_ground_truth,0.5751346613567763,-0.06648753749096567,0.16014327917153326,0.19366551771149593,15.568274839944594,0.09649085,2.2793105,-0.15071228,0.18996229355183403,3.04619386764559,0.020070713854074964,0.18889901909978518,0.12809885000018142,0.14524812349594315
171,5.7,transport,unknown_no_ground_truth,0.5734079864229027,-0.06180831149078564,0.16444365232791436,0.19897675935195805,20.89723213248495,0.09649085,2.3930788,0.59544355,0.18544618508805288,3.406991158439309,0.024287776525511,0.18384882777749553,0.12507033205489318,0.15475517051745244
172,5.733333,transport,unknown_no_ground_truth,0.5713548384270224,-0.05704020363404176,0.168653499209131,0.20540022328855448,21.911661302728564,0.09621754,2.3732927,0.4656752,0.18086397789294695,4.0767834855562946,0.028408728569434064,0.17861893136039256,0.12706909865865837,0.1613774950018254
173,5.766667,transport,unknown_no_ground_truth,0.5691295017717926,-0.05209655930394014,0.17309737238438327,0.21375259603782523,21.911661302728564,0.09621754,1.9205844,-2.5034363,0.17624044441954687,4.681613069842566,0.0327590943543804,0.17316909651055,0.13240807921960013,0.16780426952341168
174,5.8,transport,unknown_no_ground_truth,0.5667919335780418,-0.04699391188080171,0.17767134709951515,0.2128848746852885,21.911661302728564,0.09621754,2.477773,1.1509147,0.1716238213598,5.250396209318176,0.03723599824112447,0.16753571706692136,0.12923776316695065,0.16916728537567233
175,5.8333335,transport,unknown_no_ground_truth,0.5644723181324776,-0.041989938467122664,0.18190581069949194,0.21629996231925033,20.89723213248495,0.09621754,2.3252695,0.15071228,0.16721122916006376,5.974743031794397,0.04137493756324931,0.16201144928324224,0.1226681096770969,0.1781522061821207
176,5.866667,transport,unknown_no_ground_truth,0.5621696055554867,-0.03620636296898101,0.18604982127524416,0.2233394666899945,19.3669743382419,0.09616584,2.2242172,-0.5120446,0.16223490654327655,6.586326237332216,0.04541386494051092,0.15574898321424352,0.11487606912875992,0.19153069237825965
177,5.9,transport,unknown_no_ground_truth,0.5600021427612754,-0.03016734080889602,0.1897756588855547,0.22682707798141785,16.74920378384423,0.09616584,2.485174,1.1994544,0.157133708847581,7.10331199493279,0.04903333535512384,0.14928742237760126,0.1017635991510467,0.20271826063138293
178,5.9333334,transport,unknown_no_ground_truth,0.5580465835093333,-0.02345353206909615,0.1930522907425804,0.23024065014453796,14.38950756437061,0.09616584,2.425187,0.8060276,0.15151853119754188,7.541936817932096,0.052198098845294374,0.1422435368415639,0.08474881793864023,0.21407567549112796
179,5.9666667,transport,unknown_no_ground_truth,0.5565030735446265,-0.01642394835387953,0.19564750896681848,0.2175474806530105,13.10646461829371,0.09616584,2.0904865,-1.3891243,0.14567409927663028,7.81655374851837,0.05468325152206525,0.13502105466567826,0.06290735333231097,0.20825362238193063
180,6.0,transport,unknown_no_ground_truth,0.5554289003797142,-0.009884502688306889,0.19745349605438273,0.19535374829487426,13.10646461829371,0.09616584,2.3914905,0.58502626,0.14025187105962295,7.965041228273869,0.05639191866787941,0.1284154930087502,0.04353290433626035,0.19044152176693793
181,6.0333333,transport,unknown_no_ground_truth,0.5548196037327864,-0.0038831815725651497,0.19873109711442768,0.17108436205120472,13.10646461829371,0.09616584,2.1941109,-0.7094984,0.13533628619787855,8.011538362739817,0.05758544256125389,0.12247378154878137,0.02690123330737075,0.16895615580679532
182,6.0666666,transport,unknown_no_ground_truth,0.5545682213665244,0.001320778453773787,0.19940001513472835,0.1530330317813678,13.10646461829371,0.09616584,2.3393002,0.24273336,0.1310467951192668,8.041474162048344,0.058185332625393466,0.11742116324710555,0.01592115326372912,0.15220258110475648
183,6.1,transport,unknown_no_ground_truth,0.5545243322477478,0.0062447078382908555,0.19992416610349173,0.16142981233236575,17.47995685599831,0.09616584,2.4095175,0.7032578,0.12706142814394072,8.06663091821863,0.05864685183407965,0.11271713841261814,0.019999062156300918,0.16018620983883486
184,6.133333,transport,unknown_no_ground_truth,0.5546273303415769,0.011982162337943044,0.20086683766346897,0.17146699070889856,18.389584700374062,0.09616584,2.1403494,-1.062096,0.12270820193021896,8.065543257771322,0.05951860224907554,0.10730721693932674,0.03004776708231169,0.16881368604509722
185,6.1666665,transport,unknown_no_ground_truth,0.5548551465257524,0.01746881871582572,0.2020643668947431,0.18002886785388517,18.389584700374062,0.09616584,2.363681,0.40263695,0.11884897187142798,7.9600633100212335,0.06065003452320881,0.10220886178423602,0.04056672107016212,0.17539878677564255
186,6.2,transport,unknown_no_ground_truth,0.5550281866008052,0.023634863487131084,0.20371285347994145,0.193968459599576,18.389584700374062,0.096047655,2.2520733,-0.32934877,0.11481847156249701,7.77555025993049,0.062223047913203336,0.09649649589668599,0.049706433789341635,0.18749142316217599
187,6.233333,transport,unknown_no_ground_truth,0.5551530476234067,0.029923057270023954,0.20553130000021147,0.19288422735567945,17.47995685599831,0.096047655,2.2616427,-0.26658732,0.11099595285042714,7.5584143685272815,0.06396379382626756,0.09071237307294401,0.05099013971559488,0.18602239331430384
188,6.266667,transport,unknown_no_ground_truth,0.555203488791602,0.03599204071076821,0.2072658534650229,0.18556308166865515,15.9794927117798,0.096047655,2.4007452,0.6457237,0.1075196947496565,7.437510983298668,0.0656223970104748,0.08517150796868013,0.045108188023037975,0.17999696845126656
189,6.3,transport,unknown_no_ground_truth,0.5551121658520477,0.041883860846239934,0.20869011358975623,0.17704918217907523,14.956927036623362,0.096047655,2.047027,-1.6741552,0.10418623571356146,7.280204686352499,0.06697104298185752,0.07981009406136533,0.033795377357921624,0.17379380132650027
190,6.3333335,transport,unknown_no_ground_truth,0.5548594946342267,0.04754289285926887,0.2096693145868514,0.1750977939344075,13.011222191737065,0.09598857,2.1295602,-1.1328573,0.10090647105386845,7.2119798724126545,0.06787542016226261,0.07466621216012974,0.02187226478035084,0.17372634076061827
191,6.366667,transport,unknown_no_ground_truth,0.5545118891970804,0.053429616175484806,0.2103020182874477,0.18661179858033203,13.011222191737065,0.09598857,2.3463695,0.28909805,0.09743903919743543,7.148171314482407,0.06842919266932102,0.06936722533260431,0.01441547297837709,0.1860541789592378
192,6.4,transport,unknown_no_ground_truth,0.5540903860960322,0.0599085908190937,0.21079664817894633,0.19428168967398907,14.956927036623362,0.09598857,2.4831882,1.1864306,0.09374754903817312,7.110611381440682,0.06883645083874483,0.06364075727542641,0.008185805070968258,0.19410916397202968
193,6.4333334,transport,unknown_no_ground_truth,0.5536486453263736,0.06633284540419845,0.2110220244112444,0.19220038180939025,15.675912819852622,0.09598857,2.6243932,2.1125317,0.0901929639341179,7.042490344849995,0.06897491252164249,0.05811395861454336,0.0025775137313764503,0.192183098087839
194,6.4666667,transport,unknown_no_ground_truth,0.5533177071681408,0.07269401075947765,0.21113997798965686,0.1829163740449653,15.9794927117798,0.09598857,2.2121131,-0.59142953,0.08696161717276006,6.926356419163865,0.06900828493455441,0.05291672204221488,-0.005899240650665518,0.1828212210152399
195,6.5,transport,unknown_no_ground_truth,0.5530015565798354,0.07850788202019544,0.21079073593396463,0.1669738160472076,16.572574378081644,0.09598117,2.2524793,-0.32668585,0.08394705337159715,6.792194129119511,0.06858163016165719,0.048411442595149484,-0.023248623895311477,0.16534738199421567
196,6.5333333,transport,unknown_no_ground_truth,0.5524753051055986,0.08370501293550667,0.2097399012802687,0.15076710971493773,16.572574378081644,0.09598117,2.0314617,-1.7762418,0.08079860112216683,6.551899995108468,0.06745837805443294,0.0444722517258146,-0.04240843591082565,0.14467980486368323
197,6.5666666,prealignment,unknown_no_ground_truth,0.55169169380697,0.08810364995934736,0.20810173135068954,0.13494070404171873,16.572574378081644,0.09598117,1.7478905,-3.636059,0.07754429703953143,6.295257610235853,0.06575440361743862,0.04110324084874646,-0.05903542735810549,0.1213417155141651
198,6.6,prealignment,unknown_no_ground_truth,0.5506025054561752,0.09163587293058727,0.2059290224289269,0.12176273839033135,15.675912819852622,0.09598117,2.4855127,1.2016765,0.07411918021198678,6.051549286226313,0.0635226864003694,0.03819059030412199,-0.07157367782600717,0.09850570086432155
199,6.633333,prealignment,unknown_no_ground_truth,0.5492806540166859,0.09429657813303521,0.20344035014665451,0.10924583379206537,12.059472152622513,0.09595163,1.8886199,-2.7130775,0.07065178048500534,5.919000352587059,0.06098282934286409,0.03567588276469828,-0.0763933515036719,0.07809422543927305
200,6.6666665,prealignment,unknown_no_ground_truth,0.5478596253701018,0.09616669867440972,0.20092991939369265,0.09805666070002741,12.059472152622513,0.09595163,1.7321539,-3.7392683,0.06737051354618,5.803869893738526,0.058429800833281836,0.03353721023071298,-0.07613085249135254,0.061799692609107865
201,6.7,prealignment,unknown_no_ground_truth,0.5464450692303231,0.09741298190620898,0.1984422278146184,0.08735893751139594,12.059472152622513,0.09595163,2.25443,-0.3138918,0.06428560190047951,5.650725908269737,0.05590744369435453,0.031733205814564534,-0.07343748743728117,0.04731299400819135
202,6.733333,prealignment,unknown_no_ground_truth,0.5452258142601543,0.09806080386044966,0.19609323714779403,0.07812755411096241,11.959451788202024,0.09595163,2.210469,-0.6022127,0.061561509926961924,5.472256214214484,0.053533972695220276,0.030396270691564156,-0.0691015681852532,0.03645391591722571
203,6.766667,prealignment,unknown_no_ground_truth,0.5441774041966054,0.09849320049197174,0.19387934604458185,0.07003778830582272,11.93115383838875,0.09592947,1.9095603,-2.5757387,0.059084742865294936,5.164903409472182,0.05130063313432044,0.02931299847296219,-0.062452274649379344,0.03170181669699276
204,6.8,prealignment,unknown_no_ground_truth,0.5432652572758969,0.09903093827088119,0.191968138473299,0.05874643204263562,11.93115383838875,0.09592947,1.9828789,-2.0948746,0.056900941637576544,4.84131695229189,0.0493704702317376,0.028289111480214492,-0.04959156071360974,0.03149317995579937
205,6.8333335,prealignment,unknown_no_ground_truth,0.5424198545006047,0.099749316894559,0.19061260792962909,0.0497274407760805,11.575376073795322,0.09592947,2.6147246,2.0491197,0.055177187264793474,4.6776216764277505,0.047994532029493914,0.027222176432533284,-0.03443065912919931,0.035879633193045296
206,6.866667,prealignment,unknown_no_ground_truth,0.541436678557926,0.1006378188036964,0.18971768982689038,0.04828207517674164,10.01862137840227,0.09592947,2.4070997,0.6874005,0.0537512368431418,4.55182383995291,0.047075094999562014,0.025944766195703822,-0.020211072991965444,0.04384827604234831
207,6.9,prealignment,unknown_no_ground_truth,0.5402029477246137,0.10169220150678397,0.18931985467010837,0.05478515956420716,8.690969226711529,0.09592209,2.4589112,1.0272087,0.05262579485355997,4.406999936456499,0.046647128362681534,0.02436225973682431,-0.00641855942377268,0.054407865271476494
208,6.9333334,prealignment,unknown_no_ground_truth,0.538698541237096,0.10302787589273293,0.18935737904646455,0.06544389605519164,8.690969226711529,0.09592209,2.2847135,-0.115276136,0.051749472019334594,4.253739389822137,0.046647191418852464,0.02240641397039766,0.00366698232875602,0.06534108027484178
209,6.9666667,prealignment,unknown_no_ground_truth,0.5370111898441154,0.10464885563175164,0.189645386443328,0.07295112477659417,8.59680549545725,0.09592209,2.2923105,-0.065451,0.05104486524842476,4.149781521142063,0.04689159363366772,0.02016821049882251,0.0072367589199529075,0.07259129373764249
210,7.0,prealignment,unknown_no_ground_truth,0.5351588674424583,0.10631355398883904,0.1899298537112546,0.07372438749158684,8.59680549545725,0.095907316,2.5419903,1.5720875,0.05037492280863222,4.071329739128655,0.04712964158408901,0.017788471888584543,0.004807143813052873,0.07356749743854465
211,7.0333333,prealignment,unknown_no_ground_truth,0.5332532607215739,0.10778976240804816,0.19005703427015092,0.06655891442249413,8.020773076802573,0.095907316,2.2746165,-0.18149804,0.0496803222420791,3.9865156828715507,0.047212069602616855,0.015464633908194554,0.0004016902574433494,0.0665577022893517
212,7.0666666,prealignment,unknown_no_ground_truth,0.5315638242151192,0.10891222047030302,0.19003869534605158,0.056872439224328594,7.034120963949257,0.095907316,2.0127428,-1.899011,0.0490487782157247,3.9460860515188876,0.04715642091074906,0.013492761442477933,-0.007587889151788386,0.05636398035576552
213,7.1,prealignment,unknown_no_ground_truth,0.5299806036001458,0.10965354120037688,0.18961947294449746,0.052880236551725225,5.549020730707026,0.095907316,2.2280827,-0.48669264,0.048164629069326545,3.9375315727942652,0.046706210776093875,0.011762710925841371,-0.02057452673151741,0.04871353269411378
214,7.133333,prealignment,unknown_no_ground_truth,0.5284937244073824,0.1100400233229169,0.1887231680475877,0.05355328480978683,4.2585082411638195,0.09588515,2.311403,0.059768584,0.046917163924230544,3.977065262229795,0.045784787016200444,0.01024565998724746,-0.0318171922088881,0.0430769148600595
215,7.1666665,prealignment,unknown_no_ground_truth,0.5271393519305665,0.11026073695785366,0.18754461314477458,0.05375466455153349,2.426803513507701,0.09588515,2.4443307,0.9315818,0.04546787736602346,3.98812489677959,0.04458506651685675,0.008916261316224828,-0.038565528694925466,0.03744681505186753
216,7.2,prealignment,unknown_no_ground_truth,0.525995130713516,0.1104760064641162,0.1861914824658044,0.04894990506753229,2.426803513507701,0.09588515,2.3530445,0.33287644,0.04391118597133732,3.987827486898486,0.043213754058338334,0.007795108311936375,-0.03913288994808365,0.029405953996284446
217,7.233333,prealignment,unknown_no_ground_truth,0.5251903242054776,0.11071989726589683,0.18496784250715742,0.044800987341888865,2.209913387114278,0.09588515,2.0973,-1.3444375,0.04255249037658036,3.987261738654068,0.04197620950911779,0.006979417776262842,-0.03798003185935182,0.023762273602723843
218,7.266667,prealignment,unknown_no_ground_truth,0.5244124683961564,0.11084403368450281,0.18368537436548646,0.04653409507365081,1.9902630270339,0.09588515,2.0328538,-1.7671114,0.04115738557472255,3.985084789574833,0.040681723365846925,0.006239212396695949,-0.04020087725194152,0.023437394746385613
219,7.3,prealignment,unknown_no_ground_truth,0.5235917709232853,0.11079524775892716,0.18231021357639027,0.04546986411956547,1.7522427964151428,0.095870376,2.1726289,-0.85038924,0.03968616686258023,3.836505152442677,0.03929614769060075,0.005550190710512044,-0.03942926587606637,0.02264600484690875
220,7.3333335,prealignment,unknown_no_ground_truth,0.5228932437135939,0.11059547632579368,0.18107403637447506,0.04337696613395429,1.3750913099384152,0.095870376,2.0320647,-1.7722871,0.0383906357015334,3.83529875197028,0.03805310798049594,0.005079555353824514,-0.03687550854138618,0.022842024008401105
221,7.366667,prealignment,unknown_no_ground_truth,0.5221176359141653,0.11033218081254365,0.17986583752647717,0.041849263811707095,1.3206733871933591,0.095870376,2.3384979,0.23747157,0.037130802374463895,3.8327679834029382,0.0368377826426893,0.004655561721368659,-0.033635416530645654,0.024900193501092047
222,7.4,prealignment,unknown_no_ground_truth,0.5212957590131932,0.11007516295684758,0.17884667719514213,0.03486001592154886,1.3206733871933591,0.095870376,2.3287144,0.17330591,0.03606861501139669,3.8174717670463583,0.03581074887436784,0.004305258865307987,-0.0254375808271801,0.02383590131946596
223,7.4333334,prealignment,unknown_no_ground_truth,0.5205777608501186,0.10987935016855777,0.17818515298921783,0.026126005840421244,1.303585776934754,0.095870376,2.2161777,-0.56477195,0.03537930793956621,3.8146593454290083,0.03514194543033526,0.004091344724414073,-0.015557550734504029,0.020988825510663004
224,7.4666667,prealignment,unknown_no_ground_truth,0.5199292203212997,0.10972904551014276,0.17782373747210445,0.020202984998885003,0.9660438366458621,0.09584822,2.2089765,-0.61200136,0.035000320804149075,3.8019468754885697,0.03477357974858102,0.00397751277338322,-0.006211094806374422,0.01922453911466803
225,7.5,prealignment,unknown_no_ground_truth,0.5193196601619703,0.1096128017417343,0.17778492993998685,0.01971541977073541,0.9660438366458621,0.09584822,2.2928505,-0.061909266,0.03495069656890246,3.749913695599803,0.03472787281180805,0.003940309710971145,-0.0022450577444706847,0.019587176735310706
226,7.5333333,prealignment,unknown_no_ground_truth,0.5186474418664874,0.10947161398605848,0.1776884023243747,0.022522086366477657,0.9660438366458621,0.09584822,2.1571512,-0.9519003,0.03485710506370093,3.735485058091197,0.034623909365503976,0.004025254485278091,-0.007838439199637394,0.021114053263470444
227,7.5666666,axial_advance_candidate,unknown_no_ground_truth,0.5179453104943965,0.10928476652184815,0.17727702117476496,0.0253791236211182,2.0371361243032498,0.095840834,2.1292856,-1.1346587,0.034471354505660565,3.727211817499075,0.03420531066362938,0.004274459481563364,-0.015969566704601954,0.01972492978550921
228,7.6,axial_advance_candidate,unknown_no_ground_truth,0.517378053600968,0.10909180757945744,0.17663623231856984,0.03042346337220172,3.8563545229769325,0.095840834,2.2108045,-0.6000126,0.033872138941734055,3.604272493989907,0.0335592725328262,0.00459314963349042,-0.02502654382110759,0.017299110610949946
229,7.633333,axial_advance_candidate,unknown_no_ground_truth,0.5168553939930844,0.10886821321447045,0.17561802190163922,0.03744837181538358,6.544875640402273,0.095840834,2.3928554,0.59397835,0.03291543573840272,3.3012608756630533,0.03253687589395601,0.0049777120155974595,-0.03397157717659467,0.015757934374717
230,7.6666665,axial_advance_candidate,unknown_no_ground_truth,0.516415369437033,0.10863480632510021,0.17437853871444353,0.038871388337515786,6.544875640402273,0.095840834,2.1944718,-0.707131,0.03175176678561974,3.0468812217314833,0.03129450273691582,0.005369245054712353,-0.03687718845329395,0.012290557475810503
231,7.7,axial_advance_candidate,unknown_no_ground_truth,0.5161415936632056,0.10844209667014687,0.1731635586275354,0.03401736697128172,6.544875640402273,0.095840834,2.1000762,-1.3262299,0.030607393448856827,2.8496087976733864,0.030078398852017095,0.005665902949407159,-0.03298775365262153,0.008305983663167413
232,7.733333,axial_advance_candidate,unknown_no_ground_truth,0.5159707957751143,0.10829517554846135,0.17218080719261222,0.024258628421533375,6.544875640402273,0.095840834,2.0905478,-1.3887224,0.029683119353545614,2.615329725003611,0.029095321117557235,0.005877913203090215,-0.02377190992572992,0.004835013068959591
233,7.766667,axial_advance_candidate,unknown_no_ground_truth,0.5159084747696181,0.10821863366985701,0.17157886369991499,0.013055832636516693,5.516134879156,0.095840834,2.3081012,0.038113166,0.029113784318618934,2.4845275952043155,0.028493589230337058,0.0059772744728581635,-0.013002004059351126,0.0011843379050555112
234,7.8,axial_advance_candidate,unknown_no_ground_truth,0.5159541235497054,0.10822728009241872,0.17131323236658225,0.005666245766115988,3.55344752200442,0.095840834,2.3281147,0.16937326,0.028848936102176377,2.385794590166753,0.028228521876036097,0.005950770279687062,-0.005126985992310024,0.0024125413398912283
235,7.8333335,axial_advance_candidate,unknown_no_ground_truth,0.5160609433785863,0.10825707453293641,0.17123539577047386,0.005053651535684147,3.5469251695158146,0.09583345,2.2738345,-0.18662691,0.02875894335657399,2.293869449879293,0.028151790468416767,0.005878223916200386,0.0005562213641173747,0.005022948500454902
236,7.866667,axial_advance_candidate,unknown_no_ground_truth,0.5162558147552857,0.10837315996184835,0.1713480130392206,0.00900032531574726,3.0385709346326877,0.09583345,2.2568748,-0.2978578,0.02883284053899845,2.242512590478626,0.028265603267304592,0.0056910777083652875,0.0033472832381327587,0.008354732234667758
237,7.9,axial_advance_candidate,unknown_no_ground_truth,0.5164315008464888,0.10867280869052312,0.17145872883567675,0.012643828540034886,2.981615052163714,0.09583345,2.2685943,-0.22099505,0.02887405380044929,2.1937180124120794,0.028374942485665584,0.005345429992658239,0.002490363365974268,0.012396148210440775
238,7.9333334,axial_advance_candidate,unknown_no_ground_truth,0.516516252073627,0.10915609790790176,0.17152034018446577,0.017321414043198008,2.4738650265891873,0.09583345,2.257628,-0.29291815,0.02884560182726399,2.13500473525082,0.02843162734392551,0.004869426183155756,0.0009919155030937504,0.017292989564867595
239,7.9666667,axial_advance_candidate,unknown_no_ground_truth,0.5164938682012066,0.1098231216405499,0.17153848393605048,0.021486862054239567,2.4738650265891873,0.09583345,2.240993,-0.4020193,0.02876191557488287,2.066716866872543,0.02844107012701188,0.00428407721301593,-0.00010959846384446127,0.021486582536891324
240,8.0,axial_advance_candidate,unknown_no_ground_truth,0.5164069567694246,0.11058432666373927,0.1715325019612387,0.02262146780503012,2.4738650265891873,0.09583345,2.2297518,-0.4757453,0.028662363755315626,2.04939642332292,0.028424320786172744,0.0036863374624115813,-0.0006394694349965589,0.02261242765595325
241,8.033334,axial_advance_candidate,unknown_no_ground_truth,0.5162896051063258,0.11131718079574117,0.17151743547192388,0.020108197703682093,2.258251092183399,0.09583345,2.1156628,-1.2240043,0.028578551561179492,2.047066884605671,0.028398427233256286,0.0032035823717273685,-0.0007969345953870064,0.020092399312701337
242,8.066667,axial_advance_candidate,unknown_no_ground_truth,0.5161734325856062,0.11190395850864679,0.17149917297841427,0.014010107952789515,1.8211012208163857,0.09583345,2.147641,-1.014274,0.028520577409930775,2.0428358064482524,0.02837119192076596,0.0029152709635500316,-0.000718798003002672,0.013991656595260455
243,8.1,axial_advance_candidate,unknown_no_ground_truth,0.5160897682999529,0.11222892770238857,0.17148372235202247,0.006810534823009175,1.5205664817856412,0.095818676,2.1337538,-1.1053537,0.028489921349899118,2.034754352303812,0.028350507580953532,0.0028150201465946623,-0.0004957419737175662,0.006792468216408173
244,8.133333,axial_advance_candidate,unknown_no_ground_truth,0.516078504518578,0.11234719335639326,0.1714729974844983,0.002140261001740767,1.6438520163551813,0.095818676,2.157416,-0.95016307,0.02847324265795392,2.018232780067259,0.02833814226791912,0.002770422397740564,-0.0004427124548797948,0.0020939729792589725
245,8.166667,axial_advance_candidate,unknown_no_ground_truth,0.5161032176644468,0.11236819639491719,0.17145577044294785,0.0009702079703762821,1.5205664817856412,0.095818676,2.1155946,-1.2244514,0.028453119002505876,2.016035413441578,0.028320993290023144,0.0027388537816439257,-0.0003591086437156521,0.0009013015520847446
246,8.2,axial_advance_candidate,unknown_no_ground_truth,0.5161367060134471,0.1123339439428325,0.17144808664820205,0.0041199083507303755,1.1732577734445544,0.095818676,2.0600696,-1.5886157,0.028444954467692966,2.016035413441578,0.02831420143673867,0.002724230472796243,-0.0032613993714630802,0.0025173237690527817
247,8.233334,axial_advance_candidate,unknown_no_ground_truth,0.515971914099065,0.11226276532483781,0.1712387769382181,0.013056820419006222,1.1732577734445544,0.095811285,2.0070393,-1.9364175,0.028252995430087025,2.016035413441578,0.028103561021909893,0.0029020008029470214,-0.010098126908506769,0.008276979666150529
248,8.266666,axial_advance_candidate,unknown_no_ground_truth,0.5156092508230132,0.11215291903476335,0.1707797342513359,0.025872827913800366,1.1732577734445544,0.095811285,2.0119903,-1.903946,0.027834054634147412,2.016033721081825,0.027641000844200344,0.003272563170913416,-0.020183137459237215,0.01618777892604983
249,8.3,axial_advance_candidate,unknown_no_ground_truth,0.5149219370939603,0.11196258859286953,0.16990363091518948,0.04665344169864857,1.1628699147790373,0.095811285,1.7436682,-3.6637511,0.027050842240607657,2.019070002984674,0.026758007760681123,0.00396951969456914,-0.03621690196080443,0.02940883599686805
250,8.333333,axial_advance_candidate,unknown_no_ground_truth,0.5137136326802232,0.11157114594711226,0.16838358548905374,0.06262055284564316,1.3620709745592043,0.095811285,1.8568527,-2.9214246,0.025761366586834953,2.0143134546432764,0.02522656158685196,0.005221934404611134,-0.048868454875598426,0.03915619691396991
251,8.366667,axial_advance_candidate,unknown_no_ground_truth,0.5124178906530015,0.11112865020266284,0.16666905740237492,0.0631240146456254,1.3620709745592043,0.095803894,1.780253,-3.4238074,0.02440247278921193,2.0143134546432764,0.023500108278519755,0.006574617032654902,-0.050325007044789406,0.038105575588396876
252,8.4,axial_advance_candidate,unknown_no_ground_truth,0.5112991757160004,0.1106947884313291,0.16505013073772662,0.052890163986114194,1.5034604595805527,0.095803894,1.7715893,-3.4806292,0.02320786369451003,2.0143134546432764,0.021871561533697594,0.007761425986288629,-0.04331565526284537,0.030350015743461932
253,8.433333,axial_advance_candidate,unknown_no_ground_truth,0.5105256343618503,0.11035169129864537,0.1637970669500704,0.034695882573507704,1.5034604595805527,0.095803894,1.5625253,-4.8517866,0.022333594588139254,1.9753722827173494,0.02061241123222343,0.008597554909453754,-0.02944912192672438,0.0183453941167683
254,8.466666,axial_advance_candidate,unknown_no_ground_truth,0.5101836139674302,0.11016208899282748,0.16309511719460815,0.015971156680696413,1.5034604595805527,0.095803894,2.0012832,-1.9741694,0.02184025391191515,1.6988314386797285,0.019908272749652775,0.008980944664252073,-0.014395689638399505,0.006916788673526959
255,8.5,axial_advance_candidate,unknown_no_ground_truth,0.5101557148436807,0.1100716083049377,0.1628387571745782,0.004020582026839696,0.939484510967506,0.09578913,1.3647954,-6.1486087,0.021632343976865188,1.6517896767265612,0.019652712321150956,0.009040420585099847,-0.0019187510511864574,0.0035331960373176665
256,8.533334,axial_advance_candidate,unknown_no_ground_truth,0.5103936714448094,0.1100607373207623,0.16296301715044179,0.008367568502153144,0.8808305799469243,0.09578913,1.4705213,-5.4551997,0.02166100909966241,1.6420262584149259,0.019780354296878577,0.008828187758855997,0.004705002239857333,0.006919476610348711
257,8.566667,axial_advance_candidate,unknown_no_ground_truth,0.5106173986901007,0.11000806089098145,0.16314533758030192,0.005287307035145604,0.8808305799469243,0.09578913,1.426061,-5.7467947,0.021758853342642822,1.6374704714016848,0.01996637718537639,0.008648206801292389,0.00221274337458895,0.0048020185799424915
258,8.6,axial_advance_candidate,unknown_no_ground_truth,0.5105916608959549,0.10980580307875587,0.16310462640742085,0.006068392328450884,0.7916500724642994,0.09578913,1.3779033,-6.0626397,0.0217677914699852,1.6315178654556066,0.01992786393946481,0.008758823225236289,-0.0003459955586365507,0.006058520654863307
259,8.633333,axial_advance_candidate,unknown_no_ground_truth,0.5106199581564246,0.10960449274799086,0.16311715317763215,0.0062743764584728325,0.7916500724642994,0.09576697,1.2825705,-6.6878853,0.02180851151879588,1.6294798149374154,0.01994330931070727,0.0088247146357777,0.0003612347834456282,0.006263969138961899
260,8.666667,axial_advance_candidate,unknown_no_ground_truth,0.5106876871090972,0.10939906557533136,0.1631222768799771,0.005984375619314022,0.8808305799469243,0.09576697,1.2362936,-6.991395,0.021831579055849332,1.6208528395048551,0.019951946022919956,0.008862149511844624,0.00020885339084535651,0.005980730040235261
261,8.7,axial_advance_candidate,unknown_no_ground_truth,0.5107792919817699,0.109238801610784,0.1631242906071884,0.005245906462865993,1.0498447184942379,0.09576697,1.3285048,-6.386623,0.021836074105046552,1.6117306622000391,0.019957232970334193,0.008861319568150694,0.0001389798164988509,0.005244065143354451
262,8.733334,axial_advance_candidate,unknown_no_ground_truth,0.5109258068449338,0.10914294082996621,0.1631250517766526,0.005733785557765982,1.1514142765028608,0.09576697,1.2703128,-6.768278,0.021808452290886,1.5767905627577499,0.019961211280064495,0.008783998836320318,7.680278481306997e-05,0.005733271156564174
263,8.766666,axial_advance_candidate,unknown_no_ground_truth,0.5111298021281225,0.10908630287807528,0.16312268032706242,0.006450542870242787,2.3425298763053313,0.095752195,1.1963898,-7.253106,0.021751883191283072,1.4790638242194596,0.019962353249932976,0.008639958049210276,-0.00022175882695669554,0.006446729895342818
264,8.8,axial_advance_candidate,unknown_no_ground_truth,0.5113475682782629,0.10906181304105304,0.16310345294066353,0.0074032345161629395,2.346287245132509,0.095752195,1.1963506,-7.253363,0.021670109525193326,1.4043824884191103,0.019946426866357957,0.008469575083728111,-0.0002585610572559602,0.0073987179619834816
265,8.833333,axial_advance_candidate,unknown_no_ground_truth,0.5116206471262769,0.10904094790166029,0.1630981291768819,0.008485163680912247,2.7280931272206503,0.095752195,1.1808186,-7.355231,0.021585449403981452,1.2813339882897168,0.019945115462095032,0.00825372613887455,0.0002649926213538427,0.00848102479671533
266,8.866667,axial_advance_candidate,unknown_no_ground_truth,0.5119123735928177,0.10903189603304471,0.1631129910370976,0.009076491056388367,2.7668665078671366,0.095752195,1.2200894,-7.0976706,0.021514567807838187,1.1950478350300204,0.019964093587077018,0.008019451053812696,0.0011049393014939991,0.009008984351008274
267,8.9,axial_advance_candidate,unknown_no_ground_truth,0.5122221160422609,0.10905014960197974,0.1631636605446277,0.010040521057946275,2.7668665078671366,0.09574481,1.2692904,-6.7749834,0.021469616439959177,1.1209147834449158,0.020018777008088413,0.0077584146047627615,0.0021378174462542117,0.00981029049934576
268,8.933333,axial_advance_candidate,unknown_no_ground_truth,0.512566348330104,0.1090805505644594,0.1632471701692758,0.010752499674549018,3.2989673796492904,0.09574481,1.5047034,-5.2310147,0.021448188705720527,0.9929241322307346,0.020106615545131202,0.0074665125779366315,0.0030318235678476755,0.01031621515404851
269,8.966666,axial_advance_candidate,unknown_no_ground_truth,0.5129080372736079,0.1091265800672932,0.1633573594933977,0.011259956061099691,3.2989673796492904,0.09574481,1.6172415,-4.4929276,0.02145491456419886,0.907842370210588,0.020220897647659063,0.007171377641706549,0.0037474341724259164,0.010618067037894897
270,9.0,axial_advance_candidate,unknown_no_ground_truth,0.5132669393242485,0.10919981347180271,0.16348892350389005,0.012002968300550493,3.310276669285494,0.09574481,1.6411937,-4.3358355,0.021478054026222354,0.8091518451054981,0.020356444842396446,0.006849960447462272,0.0042742950015539,0.011216133481004555
271,9.033334,axial_advance_candidate,unknown_no_ground_truth,0.5136279978573643,0.10933830278169154,0.16363514374060217,0.012964268346068038,3.7637819117189384,0.09573003,1.7622577,-3.5418308,0.021507694230484285,0.7233944278443858,0.02050585447046377,0.00648774564453385,0.004583859000495793,0.012126849978969617
272,9.066667,axial_advance_candidate,unknown_no_ground_truth,0.5139819558406724,0.10958107729157295,0.16378954556116454,0.013854523189374655,3.7637819117189384,0.09573003,1.869115,-2.8410015,0.021533139371024596,0.6486262813714243,0.02066203497501611,0.006062705820273697,0.004669283660876916,0.013043987231640023
273,9.1,axial_advance_candidate,unknown_no_ground_truth,0.5143215041902325,0.10986462489484236,0.1639435822512949,0.014791369050568324,3.7637819117189384,0.09573003,1.9003861,-2.6359084,0.021562690594853644,0.5547744991329243,0.020817139702459842,0.005621060424658326,0.004895912219950566,0.013957601582100314
274,9.133333,axial_advance_candidate,unknown_no_ground_truth,0.5146854971029712,0.1101910968985503,0.16411401007981802,0.016746134288970198,4.401356106707944,0.095722646,1.958829,-2.252607,0.021606847188435176,0.460832673962046,0.02098842836648269,0.005132418545813836,0.005412064763989253,0.015847478304595004
275,9.166667,axial_advance_candidate,unknown_no_ground_truth,0.5150805090942026,0.11060008423140846,0.16430328044212172,0.017646853381951634,4.876085807881016,0.095722646,1.9306567,-2.437377,0.021664411420028666,0.39404530481385835,0.021177944179665138,0.0045652384931409795,0.005561813948189168,0.016747467267913266
276,9.2,axial_advance_candidate,unknown_no_ground_truth,0.5154537259904542,0.11100140879374817,0.164484508104704,0.015743113683785684,4.876085807881016,0.095722646,1.9637852,-2.220102,0.021734190766747086,0.37068722902442236,0.021359215863091374,0.004019819150063862,0.004914775288845016,0.014956290058726408
277,9.233334,axial_advance_candidate,unknown_no_ground_truth,0.5157505018924786,0.11133845156714856,0.1646310775682624,0.01219354697936677,4.401356106707944,0.095722646,2.042802,-1.7018652,0.021800718701372828,0.3614449937323276,0.021505594536993588,0.003575016014903781,0.0037510852056154434,0.01160223890972072
278,9.266666,axial_advance_candidate,unknown_no_ground_truth,0.5159577791538612,0.11158788931866317,0.16473508234963255,0.008453227801714753,2.2795461337443017,0.095722646,1.9694364,-2.183038,0.021853229225218148,0.38727556509185695,0.021609289210684095,0.003256109239405289,0.0025228202448352266,0.0080679884903198
279,9.3,axial_advance_candidate,unknown_no_ground_truth,0.5160808852406513,0.11176255440484383,0.16480009271764107,0.005165186180233623,0.24003101680373393,0.095722646,1.9725523,-2.1626024,0.021887429495855978,0.38845615088333907,0.0216737812534723,0.003050700921542299,0.0014163915438966939,0.004967190681950346
280,9.333333,axial_advance_candidate,unknown_no_ground_truth,0.5161332794467005,0.11186832359718275,0.1648306441711397,0.0014976168690820576,0.0,0.095722646,1.9725523,-2.1626024,0.02190253316245199,0.38845615088333907,0.021703716230102255,0.002944428762171892,0.0002321601792052074,0.001479512736596259
281,9.366667,axial_advance_candidate,unknown_no_ground_truth,0.51609969138702,0.11185921681899288,0.1648165293502747,0.001195749943966984,0.0,0.095722646,1.9725523,-2.1626024,0.021892558051982286,0.38845615088333907,0.02168925729601166,0.002976611497461438,-0.0003861681603847525,0.0011316766677819693
282,9.4,axial_advance_candidate,unknown_no_ground_truth,0.5160793251943228,0.11181555478220367,0.1648049720593604,0.0007774395990597493,0.0,0.095722646,1.9725523,-2.1626024,0.021887222703603517,0.38845615088333907,0.021677971637700792,0.0030192819265807786,-0.00017813720284310172,0.0007567558834587409
283,9.433333,axial_advance_candidate,unknown_no_ground_truth,0.5160787800245459,0.11181338220138345,0.16480436225328282,3.482137422079994e-05,0.0,0.095722646,1.9725523,-2.1626024,0.021886880915594528,0.38845615088333907,0.021677381781964353,0.0030210387770394235,-8.847859233080999e-06,3.367853158343715e-05
284,9.466666,axial_advance_candidate,unknown_no_ground_truth,0.5160787800245459,0.11181338220138345,0.16480436225328282,8.693699797930272e-10,0.0,0.14042622,1.9725523,-2.1626024,0.021886880915594528,0.38845615088333907,0.021677381781964353,0.0030210387770394235,2.6788694779532735e-10,8.270675576796807e-10
285,9.5,axial_advance_candidate,unknown_no_ground_truth,0.5160787800245459,0.11181338220138345,0.16480436225328282,0.0,0.0,0.14042622,1.9725523,-2.1626024,0.021886880915594528,0.38845615088333907,0.021677381781964353,0.0030210387770394235,0.0,0.0
286,9.533334,axial_advance_candidate,unknown_no_ground_truth,0.5160787800245459,0.11181338220138345,0.16480436225328282,8.693699797930272e-10,0.0,0.14042622,1.9725523,-2.1626024,0.021886880915594528,0.38845615088333907,0.021677381781964353,0.0030210387770394235,-2.6788694779532735e-10,8.270675576796807e-10
287,9.566667,axial_advance_candidate,unknown_no_ground_truth,0.5160787800245459,0.11181338220138345,0.16480436225328282,8.693699797930272e-10,0.0,0.14042622,1.9725523,-2.1626024,0.021886880915594528,0.38845615088333907,0.021677381781964353,0.0030210387770394235,2.6788694779532735e-10,8.270675576796807e-10
288,9.6,axial_advance_candidate,unknown_no_ground_truth,0.5160787800245459,0.11181338220138345,0.16480436225328282,8.693699797930272e-10,0.0,0.14042622,1.9725523,-2.1626024,0.021886880915594528,0.38845615088333907,0.021677381781964353,0.0030210387770394235,-2.6788694779532735e-10,8.270675576796807e-10
289,9.633333,axial_advance_candidate,unknown_no_ground_truth,0.5160787800245459,0.11181338220138345,0.16480436225328282,8.693699797930272e-10,0.0,0.14042622,1.9725523,-2.1626024,0.021886880915594528,0.38845615088333907,0.021677381781964353,0.0030210387770394235,2.6788694779532735e-10,8.270675576796807e-10
290,9.666667,axial_advance_candidate,unknown_no_ground_truth,0.5160787800245459,0.11181338220138345,0.16480436225328282,8.693699797930272e-10,0.0,0.14042622,1.9725523,-2.1626024,0.021886880915594528,0.38845615088333907,0.021677381781964353,0.0030210387770394235,-2.6788694779532735e-10,8.270675576796807e-10
291,9.7,axial_advance_candidate,unknown_no_ground_truth,0.5160787800245459,0.11181338220138345,0.16480436225328282,8.693699797930272e-10,0.0,0.14042622,1.9725523,-2.1626024,0.021886880915594528,0.38845615088333907,0.021677381781964353,0.0030210387770394235,2.6788694779532735e-10,8.270675576796807e-10
292,9.733334,axial_advance_candidate,unknown_no_ground_truth,0.5160787800245459,0.11181338220138345,0.16480436225328282,8.693699797930272e-10,0.0,0.14042622,1.9725523,-2.1626024,0.021886880915594528,0.38845615088333907,0.021677381781964353,0.0030210387770394235,-2.6788694779532735e-10,8.270675576796807e-10
293,9.766666,axial_advance_candidate,unknown_no_ground_truth,0.5160787800245459,0.11181338220138345,0.16480436225328282,8.693699797930272e-10,0.0,0.14042622,1.9725523,-2.1626024,0.021886880915594528,0.38845615088333907,0.021677381781964353,0.0030210387770394235,2.6788694779532735e-10,8.270675576796807e-10
294,9.8,axial_advance_candidate,unknown_no_ground_truth,0.5160787800245459,0.11181338220138345,0.16480436225328282,8.693699797930272e-10,0.0,0.14042622,1.9725523,-2.1626024,0.021886880915594528,0.38845615088333907,0.021677381781964353,0.0030210387770394235,-2.6788694779532735e-10,8.270675576796807e-10
295,9.833333,axial_advance_candidate,unknown_no_ground_truth,0.5160787800245459,0.11181338220138345,0.16480436225328282,8.693699797930272e-10,0.0,0.2627701,1.9725523,-2.1626024,0.021886880915594528,0.38845615088333907,0.021677381781964353,0.0030210387770394235,2.6788694779532735e-10,8.270675576796807e-10
296,9.866667,axial_advance_candidate,unknown_no_ground_truth,0.5160787800245459,0.11181338220138345,0.16480436225328282,0.00015645889131631172,0.0,0.2627701,1.9725523,-2.1626024,0.021886880915594528,0.38845615088333907,0.021677381781964353,0.0030210387770394235,0.00013869646973280818,7.240631157285711e-05
297,9.9,axial_advance_candidate,unknown_no_ground_truth,0.5160803340106735,0.11180865536765569,0.16481352922532588,0.0005610301752584321,0.0,0.2627701,1.9725523,-2.1626024,0.02189627197182459,0.38845615088333907,0.021686627957785958,0.0030227295751832283,0.0005083706813066311,0.0002373059374274878
298,9.933333,axial_advance_candidate,unknown_no_ground_truth,0.5160655180969099,0.1118050911335304,0.16483833768577233,0.004083921680892002,0.0,0.2627701,1.9725523,-2.1626024,0.021922614304713223,0.38845615088333907,0.02171127355111721,0.0030367118305455144,-0.0003510241560329394,0.004068807975014441
299,9.966666,axial_advance_candidate,unknown_no_ground_truth,0.5158439291473181,0.11167539513494469,0.16479169515507025,0.005488509415202572,0.0,0.06296318,1.9725523,-2.1626024,0.02191184047844971,0.38845615088333907,0.021663228467258894,0.003291395680918806,-0.0014440338648312823,0.0052951394502871885
300,10.0,axial_advance_candidate,unknown_no_ground_truth,0.5158369507624386,0.11153616875568359,0.1647418072018582,0.007968506237265744,0.0,0.06296318,1.9725523,-2.1626024,0.021878056502728054,0.38845615088333907,0.021615004695634307,0.0033824441376419136,-0.0014768939556561661,0.007830445446913564
301,10.033334,axial_advance_candidate,unknown_no_ground_truth,0.5163560476091528,0.1117706350256566,0.16468738354334472,0.026676268873660765,1.195755925044036,0.06296318,1.3677477,-6.129246,0.021750288350606786,0.38845615088333907,0.021564767549360098,0.002834756405161993,-0.0026355694704491292,0.026545754737552267
302,10.066667,axial_advance_candidate,unknown_no_ground_truth,0.5172899841658076,0.11254508217496656,0.16455881633425495,0.0478135903422952,1.8236963111998292,0.06214327,1.2946308,-6.6087875,0.021500633552276844,0.4082592754046065,0.021439302401971547,0.0016228233625720928,-0.005713310797923035,0.04747101748590566
303,10.1,axial_advance_candidate,unknown_no_ground_truth,0.5185160552414955,0.11408354491775483,0.16430586710808348,0.06981113913025981,8.35453525509076,0.06214327,1.5613753,-4.859329,0.021188064941174107,0.9971991932335132,0.021183876790044732,0.0004212601282051181,-0.008355201390075059,0.06930934826122506
304,10.133333,axial_advance_candidate,unknown_no_ground_truth,0.5198999548663127,0.116359695575002,0.16401386343712754,0.08386123830717176,8.35453525509076,0.06214327,1.6257641,-4.4370313,0.021104111432192946,1.60644786018678,0.020882290845639306,0.0030517942887006355,-0.009457955951288222,0.08332619251853374
305,10.166667,axial_advance_candidate,unknown_no_ground_truth,0.5211963468252782,0.11895232978913686,0.1636996796285085,0.08267649562915554,8.35453525509076,0.06214327,1.533677,-5.04099,0.021396794547978572,1.8702853559937207,0.02055334619409829,0.00594834238708154,-0.009837556431710108,0.08208913090641594
306,10.2,axial_advance_candidate,unknown_no_ground_truth,0.5221624463543041,0.12134678153681391,0.16338959080634669,0.06526387291633272,8.35453525509076,0.06214327,1.7364043,-3.7113917,0.021947832391250286,2.131324492733741,0.02022645433465694,0.00852043964373041,-0.009893295343689561,0.06450965675991276
307,10.233334,axial_advance_candidate,unknown_no_ground_truth,0.5225615042927297,0.12303564578299933,0.16307264096730417,0.04078340672511454,5.05662333950685,0.06214327,1.7126713,-3.867046,0.022365159213453164,2.283666060128581,0.01989379361742853,0.010219458016463937,-0.008055586266543914,0.03997991738371138
308,10.266666,axial_advance_candidate,unknown_no_ground_truth,0.5228038384144693,0.12393861484622265,0.16287625701375236,0.020349027189943362,2.099175348162321,0.06214327,1.7960402,-3.3202667,0.022623976591550313,2.2974184624551715,0.019689412109958684,0.011143220700463068,-0.004444927387805648,0.019857631482485254
309,10.3,axial_advance_candidate,unknown_no_ground_truth,0.5230348709517442,0.12427407548362326,0.1627853457871241,0.006680665502946881,1.0713663805462024,0.06214327,1.2568052,-6.8568687,0.022743792601343273,2.329219713432956,0.019597468606731956,0.011542067670095876,-0.002177396348384043,0.00631587180872984
310,10.333333,axial_advance_candidate,unknown_no_ground_truth,0.5231418078617198,0.12418887855867991,0.16272957913009126,0.0042929493817939635,0.31691378482237015,0.062150653,1.1906718,-7.290608,0.0226800880944546,2.3391887425851734,0.01954425140150874,0.011506895025455172,-0.001530523169291051,0.004010849439072532
311,10.366667,axial_advance_candidate,unknown_no_ground_truth,0.5231763948388611,0.12404942358541787,0.162678523771852,0.0027149721010484365,0.12180217935392243,0.062150653,1.1744195,-7.397199,0.022580753602876816,2.339197569412139,0.019495433934328947,0.011393791686091578,-0.0006613745553008376,0.0026331838536403003
312,10.4,axial_advance_candidate,unknown_no_ground_truth,0.5231987053925431,0.12402359450902836,0.16268261764309117,0.00035905142589658817,0.12180217935392243,0.062150653,1.2120686,-7.150276,0.022577696487624928,2.3392246917728095,0.01950015829232579,0.011379639944284212,-0.00021452580789567126,0.0002879177038410155
313,10.433333,axial_advance_candidate,unknown_no_ground_truth,0.5231765442302532,0.1240304146302558,0.1626639776804577,0.0010436426249215707,0.12180217935392243,0.062150653,1.264063,-6.8092675,0.022559674064650186,2.3392424815804898,0.01948113153028639,0.011376484879035866,-0.000827438065185247,0.0006360315847783671
314,10.466666,axial_advance_candidate,unknown_no_ground_truth,0.5231561880344813,0.1240169540803489,0.16262794635770444,0.0019047830047351814,0.12180217935392243,0.062150653,1.3259989,-6.4030576,0.022517923899564155,2.3385218615420493,0.01944499631435916,0.011355571983881799,-0.001436949906010923,0.0012503492563052873
315,10.5,axial_advance_candidate,unknown_no_ground_truth,0.5231094973237467,0.12398035800593887,0.16256845465117875,0.0035785721993028116,0.2407609246549639,0.062150653,1.6390401,-4.34996,0.022439684885917677,2.331019887892283,0.01938533427051185,0.011302578157208252,-0.0023149689146887893,0.0027289371391894636
316,10.533334,axial_advance_candidate,unknown_no_ground_truth,0.5230182656385525,0.12389783199394891,0.16247398136370012,0.005222243656331269,0.5542770198537958,0.062150653,2.2240624,-0.51305944,0.022300890487252128,2.307081451372105,0.019290662982995373,0.011189282291590672,-0.003069452917669497,0.004224960069906271
317,10.566667,axial_advance_candidate,unknown_no_ground_truth,0.5229038529226027,0.12378750520069817,0.16236418698488075,0.005934058203604633,0.5542770198537958,0.062150653,3.6129186,8.595829,0.02213164184051518,2.2945194249099075,0.019180704726123283,0.011041292350359815,-0.003192165685351803,0.005002311965584504
318,10.6,axial_advance_candidate,unknown_no_ground_truth,0.5227846387035959,0.12365969983016824,0.16226134572192047,0.005759220319515133,0.7758258817755442,0.062150653,4.8148155,16.478535,0.021960089043651175,2.251194798180483,0.019077852325959925,0.01087570969794403,-0.002722068997350545,0.0050753284684224124
319,10.633333,axial_advance_candidate,unknown_no_ground_truth,0.522672875428756,0.12354023172225637,0.1621827442768243,0.005052981833338429,0.7946135928839198,0.062150653,5.7411323,22.553833,0.021815461443754756,2.2230303956404733,0.01899923295697238,0.010721170880582257,-0.002295723720958818,0.004501364016059487
320,10.666667,axial_advance_candidate,unknown_no_ground_truth,0.5225538810594724,0.12346728069878968,0.16210901882834985,0.004952202098612411,0.9969499997793639,0.06214327,6.62897,28.376766,0.021694601966419567,2.21618446395628,0.018924804326173397,0.010606956948032951,-0.0023979782725544545,0.004332898086714932
321,10.7,axial_advance_candidate,unknown_no_ground_truth,0.5224217533264665,0.12339570825230342,0.16202448167691108,0.0055039100552196915,0.9981417490093243,0.06214327,7.2589464,32.5085,0.02156275537706451,2.1916138664464846,0.01883936822375801,0.010489548340170867,-0.0024271737397295423,0.00493982322893398
322,10.733334,axial_advance_candidate,unknown_no_ground_truth,0.5223079740159845,0.12324779811814893,0.16194779475201337,0.00734625571258135,0.9981417490093243,0.062135883,7.6097155,34.809036,0.02140858182472748,2.1596419617607454,0.018762993139515943,0.010309096186986015,-0.002336731494148524,0.006964708100049026
323,10.766666,axial_advance_candidate,unknown_no_ground_truth,0.5222008058524101,0.1229881529077353,0.16186657908118102,0.010551474427189234,1.2301648216691043,0.062135883,8.220718,38.816334,0.021204502024188814,2.1218862082193892,0.01868358637700406,0.010027686980897238,-0.0026120101526917296,0.010223062924088049
324,10.8,axial_advance_candidate,unknown_no_ground_truth,0.5220876964046479,0.12260423618020584,0.16176855806934093,0.012810990876306787,1.5670954694684214,0.062135883,8.887303,43.188168,0.02093468393690097,2.0961680454040423,0.01858885883952752,0.009628879404274364,-0.0025547974988906473,0.012553664682971179
325,10.833333,axial_advance_candidate,unknown_no_ground_truth,0.5219778989799336,0.12218300632848117,0.16168916032748043,0.012779249516989886,1.5839424089692051,0.062135883,9.764707,48.942665,0.020671961230121334,2.0751626710978357,0.01851326617625711,0.009197225483084236,-0.0018819656599882739,0.012639913902875728
326,10.866667,axial_advance_candidate,unknown_no_ground_truth,0.5218783327304705,0.12178917204493915,0.16163569301952713,0.010686538226002264,1.6079146221131326,0.062135883,9.865886,49.60625,0.02045129677403199,2.04937912351495,0.01846339530022493,0.008795372290424286,-0.001282427956007043,0.010609310900970866
327,10.9,axial_advance_candidate,unknown_no_ground_truth,0.521773956979274,0.12150650462935776,0.1615979390832847,0.008285168075014546,1.8318619384568366,0.062135883,10.021591,50.627457,0.02029123699258316,2.0054668623173155,0.01842777067065884,0.008494207838214286,-0.0011728255317902969,0.008201737029631043
328,10.933333,axial_advance_candidate,unknown_no_ground_truth,0.521560314219625,0.12134460684105645,0.1615562644595156,0.010924533581096088,1.859952040259609,0.062135883,11.089199,57.629417,0.02015630128027964,1.9463559494332388,0.018385206789953038,0.008262000519975013,-0.0014658737052110234,0.010825740078390347
329,10.966666,axial_advance_candidate,unknown_no_ground_truth,0.5211211042979007,0.12119729438610718,0.1615052717157652,0.017148934126044464,2.2309709358033465,0.062135883,11.179765,58.2234,0.019986340442146505,1.87527447707007,0.018330046228083516,0.007966379952381263,-0.001643582158023359,0.01706999060776659
330,11.0,axial_advance_candidate,unknown_no_ground_truth,0.5204822438532917,0.12097726221256247,0.16145685467131698,0.02159352654368033,3.962703936996886,0.0621285,11.768501,62.08466,0.019777966068569793,1.7492336611862465,0.018275634754504017,0.007561026129399553,-0.0016366284465105865,0.02153141509331654
331,11.033334,axial_advance_candidate,unknown_no_ground_truth,0.519776679326436,0.12069180466046511,0.16140824327380765,0.021879351715580374,3.962703936996886,0.0621285,11.982296,63.486843,0.01956234977572,1.5051405341429365,0.01822093620126978,0.007119200284924482,-0.0015348195869107593,0.021825452121999787
332,11.066667,axial_advance_candidate,unknown_no_ground_truth,0.5191517546373048,0.12038649212017094,0.16136535175740924,0.018977785615993777,3.962703936996886,0.0621285,11.632773,61.19448,0.0193770444891549,1.23151202451622,0.01817331336135045,0.006723134284308882,-0.0011427136681696813,0.01894335113857098
333,11.1,axial_advance_candidate,unknown_no_ground_truth,0.5186485995418233,0.1201230220144849,0.16134038333733947,0.016309580541040702,4.3564046280797974,0.0621285,11.584675,60.879025,0.01924826118244532,1.1052821721861747,0.018144755890682245,0.006423658787263149,-0.0006725659117519105,0.016295707180697706
334,11.133333,axial_advance_candidate,unknown_no_ground_truth,0.5181729611469158,0.11991447270974759,0.1613280071107363,0.01496238892783123,5.959798149294883,0.06211372,11.690724,61.574554,0.01916453513525505,1.080346454369295,0.018128475342904612,0.006215930235461524,-0.0003847103073831502,0.014957442308331988
335,11.166667,axial_advance_candidate,unknown_no_ground_truth,0.517705967848597,0.11979721453271444,0.16132357587922236,0.016756916324786184,5.959798149294883,0.06211372,12.061749,64.00794,0.0191297301731141,1.048487114062542,0.018119108741638024,0.0061355093435548295,-0.00022987937698402993,0.016755339453079523
336,11.2,axial_advance_candidate,unknown_no_ground_truth,0.5170790992729617,0.11968771685228956,0.16132484595471247,0.02238550436701887,5.959798149294883,0.06211372,11.554907,60.68379,0.019123240853300954,0.882435004433572,0.018113149985708198,0.006132873578396807,-0.0005350819252110406,0.022379108407153615
337,11.233334,axial_advance_candidate,unknown_no_ground_truth,0.516242620950964,0.11950494983664153,0.1613043129470325,0.02757124031266663,5.959798149294883,0.06208418,10.464298,53.53097,0.019115694416605124,0.6494615647034456,0.01808343595018115,0.006196702128126249,-0.001059049709699852,0.02755089301803479
338,11.266666,axial_advance_candidate,unknown_no_ground_truth,0.5153010522647764,0.11922471562643083,0.1612728198929781,0.02810104223847846,5.959798149294883,0.06208418,10.046168,50.788647,0.019124369828913048,0.5461679444955346,0.018042547076257683,0.006340979132126598,-0.0013742773624946557,0.028067417704870624
339,11.3,axial_advance_candidate,unknown_no_ground_truth,0.5144636508574073,0.11892242814853171,0.16122977640836417,0.022641245748910275,5.959798149294883,0.06208418,9.154405,44.939964,0.01914635261220283,0.5430228663092223,0.017991817247692297,0.006548078380444759,-0.0014301067926553615,0.022596035130618572
340,11.333333,axial_advance_candidate,unknown_no_ground_truth,0.5139034212886796,0.11866075467695233,0.1611895582731396,0.014438792133879675,3.9712037453532627,0.06208418,9.101466,44.592766,0.019158658509080117,0.5934560282002711,0.01794720655674086,0.006704623231563867,-0.0012349685740497124,0.014385880956913802
341,11.366667,axial_advance_candidate,unknown_no_ground_truth,0.5136168195181802,0.11847121216035739,0.16115338207019764,0.00781316320259292,2.656814345781047,0.062062018,9.329941,46.09123,0.01914473310944229,0.6460731985917177,0.017909486267606897,0.006765434757809422,-0.0009248635838463507,0.007758230892518404
342,11.4,axial_advance_candidate,unknown_no_ground_truth,0.5134796702349943,0.11836376579988656,0.16112997169615934,0.0032697283688422466,2.656814345781047,0.062062018,9.776382,49.01924,0.019130646564439784,0.6559919569036015,0.017885548666424465,0.006788872282969661,-0.00045121165919046954,0.0032384458687188776
343,11.433333,axial_advance_candidate,unknown_no_ground_truth,0.5134780990488996,0.11830581769482557,0.1611231204905788,0.0019889005491970247,2.656814345781047,0.062062018,9.897447,49.813248,0.019111237865195717,0.6570422387731475,0.01787940601066992,0.006750278027289755,-0.00010260662297248889,0.0019862520674673715
344,11.466666,axial_advance_candidate,unknown_no_ground_truth,0.5134877394675825,0.11823169943335882,0.16112135758119453,0.0025250488796901564,2.656814345781047,0.062062018,9.908304,49.884457,0.019090381615887487,0.6658499411038489,0.017878708093102644,0.006692866886607023,-2.9997848463202167e-05,0.002524870684592004
345,11.5,axial_advance_candidate,unknown_no_ground_truth,0.5135184802377567,0.11814246086928429,0.16111851055360105,0.003925346749784645,3.028688499184678,0.062047247,9.979135,50.349,0.019060264393116824,0.7206723031729034,0.017877406121269663,0.006609994637721511,-0.00017867129474140217,0.00392127832147634
346,11.533334,axial_advance_candidate,unknown_no_ground_truth,0.5135240814884221,0.1179730158890604,0.1611056903694654,0.006523967508371101,4.694740997748056,0.062047247,9.920322,49.96328,0.019010053529353418,0.8684266343161733,0.01786679651365915,0.006493051480496639,-0.00047605633436291657,0.006506575321687652
347,11.566667,axial_advance_candidate,unknown_no_ground_truth,0.5135290033248359,0.1177092662131134,0.16108117369627856,0.009352939232513229,5.158631980964052,0.062047247,9.990034,50.420486,0.01893127398888515,0.970265109091588,0.017845669380947334,0.006318640612359465,-0.0007821220930736003,0.009320180111919046
348,11.6,axial_advance_candidate,unknown_no_ground_truth,0.5135283710539902,0.11735239455342333,0.16104567252431015,0.011093577889155277,6.742896128751417,0.062047247,9.9234495,49.983788,0.018829670267252838,1.0600320208151273,0.017814654790173665,0.006098734055556773,-0.0009855747506863268,0.011049710982354445
349,11.633333,axial_advance_candidate,unknown_no_ground_truth,0.5135221851135919,0.1169735276978026,0.16100629462876376,0.010753661649743503,6.742896128751417,0.062047247,9.791145,49.116062,0.018728473618026157,1.2419407571491738,0.017779964582843893,0.005884605636227346,-0.0009953234675946245,0.010707500645436338
350,11.666667,axial_advance_candidate,unknown_no_ground_truth,0.51351152010689,0.1166396295572151,0.16097057017057734,0.009542710826263033,5.158631980964052,0.062017698,9.445471,46.848938,0.018645612235940384,1.413987933740137,0.017748300024728565,0.0057146042632250345,-0.0008354286995130812,0.009506071154883472
351,11.7,axial_advance_candidate,unknown_no_ground_truth,0.5135098213924494,0.1163406441424441,0.16094279688749186,0.007909865428227796,4.694740997748056,0.062017698,9.404973,46.583332,0.018578330130104622,1.5588389700996788,0.017724269188369918,0.005568180327661274,-0.0006036244819841826,0.007886799641009187
352,11.733334,axial_advance_candidate,unknown_no_ground_truth,0.5135121598993398,0.11611439485114844,0.16092370492094615,0.005028063559365009,2.0225228409478566,0.062017698,9.390176,46.486282,0.01853142549130486,1.599100438163682,0.01770805863726865,0.005462452749346102,-0.00023062788610249158,0.005022771539216792
353,11.766666,axial_advance_candidate,unknown_no_ground_truth,0.5135272766781105,0.11600647902820643,0.16092297468765035,0.002808775342768839,1.251608688592895,0.062017698,9.347201,46.204433,0.01851452654440551,1.6144557427888615,0.017708893540395353,0.005402109100938268,6.010872689822725e-05,0.0028081320957349712
354,11.8,axial_advance_candidate,unknown_no_ground_truth,0.5135434983162595,0.11592978951524446,0.16092496004219198,0.0025683444644795973,0.7545075542104097,0.062017698,9.052883,44.27413,0.018503936074777506,1.6438480569756442,0.017712065931339588,0.005355219015440156,9.446034500166768e-05,0.0025666068127870997
355,11.833333,axial_advance_candidate,unknown_no_ground_truth,0.5135708596662552,0.11584093585014203,0.160926591977279,0.0035520159624100305,0.5121476199483073,0.062017698,8.942561,43.55058,0.018489296459540894,1.6579240265441537,0.017715190909523348,0.005293967756601171,5.37881933323291e-05,0.0035516086816362105
356,11.866667,axial_advance_candidate,unknown_no_ground_truth,0.5136012445373178,0.11570013609421453,0.16092486421499116,0.004708642312594787,0.5121476199483073,0.06198815,8.863552,43.032394,0.018466080543410215,1.6681193288677478,0.017715651713808747,0.005210740349579739,1.2072992223416232e-05,0.004708626834950584
357,11.9,axial_advance_candidate,unknown_no_ground_truth,0.5136375093665231,0.11553421027572182,0.16092262285602876,0.0052362436464354276,0.5121476199483073,0.06198815,8.761613,42.36382,0.018439817932087713,1.6740067491863528,0.017715995795687486,0.005115699203014852,2.9239872174518916e-05,0.005236162006155901
358,11.933333,axial_advance_candidate,unknown_no_ground_truth,0.5136772024948572,0.11535943417332328,0.16092148447242344,0.005745309503898446,0.5121476199483073,0.06198815,8.642899,41.585224,0.01841462545711235,1.6781995795727713,0.01771760105539983,0.005018470241759436,6.113214982614648e-05,0.00574498426071329
359,11.966666,axial_advance_candidate,unknown_no_ground_truth,0.5137221826753818,0.11516067148455242,0.16092083680796715,0.005939717789252587,0.5387832066201043,0.06198815,8.502712,40.665806,0.018388721836984822,1.6843358849789225,0.01772007126115385,0.004913671264709509,7.334893888717198e-05,0.005939264882889781
360,12.0,axial_advance_candidate,unknown_no_ground_truth,0.5137641989226419,0.11497313014218224,0.1609203205048306,0.005580852838073577,0.5387832066201043,0.061980765,8.380449,39.863937,0.018366514340239698,1.687287026139179,0.017722490961106098,0.004821012667867925,7.640359686064765e-05,0.005580329819161289
361,12.033334,axial_advance_candidate,unknown_no_ground_truth,0.5138032643332756,0.11479755244359263,0.16092024952239528,0.005296443639126006,0.5424176583980053,0.061980765,8.270371,39.141987,0.0183479883674031,1.6910158378045388,0.0177251649026092,0.004739958470880345,0.00023331588612155222,0.005291302195085975
362,12.066667,axial_advance_candidate,unknown_no_ground_truth,0.5138476539695325,0.11463018674918184,0.16093041674033276,0.0061855276484826735,0.5554379586051139,0.061980765,8.182667,38.56677,0.018340204304307356,1.6954395159699363,0.017738045064123402,0.004660992515211913,0.003920643146453764,0.004784277333966828
363,12.1,axial_advance_candidate,unknown_no_ground_truth,0.5139707058628902,0.11452067800345875,0.1611758949826237,0.007561808533918503,0.5650245650761928,0.061980765,8.234873,38.909164,0.018546611458974696,1.699039468966326,0.01798654758686226,0.004523372913624404,0.004621891710010765,0.0059849031173926665
364,12.133333,axial_advance_candidate,unknown_no_ground_truth,0.5139526621677057,0.11424030897663034,0.1612322544095321,0.013204455354017298,0.5927141497402717,0.061973378,8.144714,38.317856,0.018598806592469024,1.712594635691854,0.018046176305462604,0.004500125266726392,-0.00523928367100447,0.01212054238930676
365,12.166667,axial_advance_candidate,unknown_no_ground_truth,0.5138560250658027,0.1137245816223774,0.160818094546679,0.0303147847244671,0.6056740139635464,0.061973378,8.409573,40.054943,0.018216979111651127,1.725091522665623,0.017637248918936088,0.00455914230155425,-0.023660974035381886,0.01895110763485259
366,12.2,axial_advance_candidate,unknown_no_ground_truth,0.513720704848782,0.11301444253746362,0.15964236795621084,0.05200486175646499,1.1047901432746616,0.061973378,7.5872846,34.661922,0.017135128510350497,1.7513450903756325,0.016468801288223534,0.004731935459749362,-0.04650281008029047,0.023280771055647406
367,12.233334,axial_advance_candidate,unknown_no_ground_truth,0.5135695514287645,0.11223089559270572,0.1577024918759957,0.06945835846331332,1.7740935754916511,0.061973378,3.2622714,6.29609,0.015384995595772782,1.9176773882737819,0.01453704268102148,0.005037110240217866,-0.06533263965770057,0.023581979471095714
368,12.266666,axial_advance_candidate,unknown_no_ground_truth,0.513432617450595,0.11151384883236604,0.15527119804709844,0.07665463244054385,1.7740935754916511,0.061958607,3.136182,5.4691267,0.013264211729295797,2.0104819247823724,0.012113310224025895,0.005404352710186287,-0.07393955217267616,0.0202206651497664
369,12.3,axial_advance_candidate,unknown_no_ground_truth,0.5133410412510352,0.11095457241507069,0.1527594159478716,0.07008923219667273,1.7740935754916511,0.061958607,3.0556955,4.9412513,0.011185076740358124,2.1027255874260495,0.00960774154558081,0.005726887818092899,-0.06870357197264293,0.013867936692925102
370,12.333333,axial_advance_candidate,unknown_no_ground_truth,0.5133313045452419,0.11064779407921094,0.1506806528518883,0.04898134568379574,1.7740935754916511,0.061958607,3.1806538,5.760797,0.009558814243864353,2.158369869305682,0.007533064149275465,0.005884205491959366,-0.048605284602453336,0.006057931471220845
371,12.366667,axial_advance_candidate,unknown_no_ground_truth,0.5134325623503622,0.11061512612699159,0.1495130035369136,0.02575346342024733,0.7580560026318276,0.061958607,3.2312021,6.092321,0.008621255999928606,2.183284577412085,0.006367418320188181,0.005812231839150683,-0.025687289034798784,0.0018450095340467104
372,12.4,axial_advance_candidate,unknown_no_ground_truth,0.5134234170905353,0.11062741947221373,0.14896633279068272,0.009394480768021192,0.3888938723790091,0.06194383,3.1935992,5.8457003,0.00822446229328942,2.194192009447797,0.005820562159332019,0.005810579675307073,-0.009392862765069157,0.00017435015714769187
373,12.433333,axial_advance_candidate,unknown_no_ground_truth,0.5134264844779134,0.11063434952663612,0.14888704337434686,0.00048235297579350515,0.3888938723790091,0.06194383,3.0331426,4.7933364,0.008163716090047422,2.194192009447797,0.005741241426450519,0.005803826951426753,-0.000206779830131219,0.0004357826236872622
374,12.466666,axial_advance_candidate,unknown_no_ground_truth,0.5134442682528028,0.11060756836457439,0.14895200490574861,0.0024840754272022056,0.3888938723790091,0.06194383,3.0412092,4.846242,0.008210265938361268,2.194192009447797,0.005806772722413566,0.005804296454252572,0.00215689615191465,0.0012322458025433062
375,12.5,axial_advance_candidate,unknown_no_ground_truth,0.5134748186797439,0.11056473827508118,0.14902932212728054,0.0029213844125125683,0.3888938723790091,0.06194383,2.9969714,4.5561056,0.008265273247633875,2.194192009447797,0.005885034714144633,0.005803542734516979,0.0023770665947543262,0.0016982465338620527
376,12.533334,axial_advance_candidate,unknown_no_ground_truth,0.5135276563241362,0.11052671808854875,0.1491083434261558,0.002754173073911328,0.5430469499519067,0.061951216,2.8516796,3.6032014,0.008307742602707346,2.1872351299977417,0.005965245954651882,0.00578225110604408,0.0015777443990540878,0.0022574746803257014
377,12.566667,axial_advance_candidate,unknown_no_ground_truth,0.5135940445536549,0.1104697715208183,0.1491316929429375,0.0031751602038019196,0.6246489508954088,0.061951216,2.770835,3.0729775,0.008311286993217556,2.1847990187270305,0.0059902191703553416,0.00576148989192333,-3.646168872612805e-05,0.003174950844511248
378,12.6,axial_advance_candidate,unknown_no_ground_truth,0.5136863541547856,0.11038678219211684,0.1491019710800438,0.005064721101727622,0.6273880859211359,0.061951216,2.6744795,2.441025,0.008274411018339499,2.1807952155593373,0.005962813662940254,0.00573678750883028,-0.00314577874115701,0.00396931681148906
379,12.633333,axial_advance_candidate,unknown_no_ground_truth,0.5137858882391207,0.11029329290869946,0.1489170881363055,0.00948397518857493,0.6420840859078059,0.061951216,2.5399609,1.5587775,0.008128777651401518,2.176273320487195,0.005780505235631114,0.0057151365098977325,-0.008479207245299398,0.004248391444860877
380,12.666667,axial_advance_candidate,unknown_no_ground_truth,0.5138910039669689,0.11020662056976314,0.14853151067484593,0.015072632064123792,0.6432820566479022,0.06194383,2.5982523,1.941085,0.007841123590551335,2.1768771373028986,0.0053975279616434125,0.0056876982220910935,-0.01444355272109916,0.004309062790594
381,12.7,axial_advance_candidate,unknown_no_ground_truth,0.5140015864730728,0.11013193231860657,0.1479490323769793,0.01947025913264354,0.6432820566479022,0.06194383,2.6353073,2.1841123,0.007426103158451893,2.1811406614266127,0.004817608289901904,0.005651341299641849,-0.019036017598662094,0.004089134954451392
382,12.733334,axial_advance_candidate,unknown_no_ground_truth,0.5140904492491589,0.11005748402304075,0.14725760596220405,0.02045218246203448,0.6432820566479022,0.06194383,2.6411147,2.2222004,0.006984752980342122,2.1995442089824553,0.004128458190811543,0.005634057788407856,-0.020156943481213874,0.003462570859274978
383,12.766666,axial_advance_candidate,unknown_no_ground_truth,0.5141623074335624,0.11000334914461615,0.14660117886332047,0.01860428586571366,0.6420840859078059,0.061936446,2.6161475,2.0584517,0.006605149924383534,2.2136292011170497,0.0034738123682098473,0.005617885113995844,-0.01846715897638215,0.00225466004404682
384,12.8,axial_advance_candidate,unknown_no_ground_truth,0.514190042242366,0.10997802879381523,0.14602388479982942,0.018185818399447322,0.5242871165292103,0.061936446,2.6635575,2.3693929,0.006318319745134017,2.226563580673164,0.00289731765312908,0.005614865520973499,-0.018094385659755404,0.0018213177794428445
385,12.833333,axial_advance_candidate,unknown_no_ground_truth,0.5141153036494345,0.10990098748009072,0.1453940375786259,0.018891981520539232,0.5242871165292103,0.061936446,2.6771452,2.4585087,0.0061544582338817445,2.2367819760457475,0.0022675226821243506,0.005721511779123277,-0.018771406994324343,0.002131019761951305
386,12.866667,axial_advance_candidate,unknown_no_ground_truth,0.51411549361786,0.1098638055809769,0.1447718286360164,0.01852680875762542,0.5242871165292103,0.061936446,2.9010222,3.9268177,0.005977931024479585,2.242842830644052,0.00164589193138143,0.005746886033640222,-0.018507446580446174,0.0008467962054457006
387,12.9,axial_advance_candidate,unknown_no_ground_truth,0.5141457146394297,0.10988578480102651,0.1441593859468691,0.017615750372836456,0.5242871165292103,0.06194383,2.9316885,4.1279445,0.005802255480347145,2.2420421290611037,0.0010336938326555242,0.0057094347986073385,-0.017477851571765207,0.0021998558210555744
388,12.933333,axial_advance_candidate,unknown_no_ground_truth,0.5142282880224235,0.10994861199591413,0.14360595747847188,0.015970837174894264,0.6838579700037156,0.06194383,3.107555,5.281374,0.005626771275753463,2.238942640039564,0.0004807046160897727,0.005606199966261839,-0.015358187906491863,0.004381062005481281
389,12.966666,axial_advance_candidate,unknown_no_ground_truth,0.5143825315575634,0.11004821031853289,0.1431341196574406,0.013405118640831873,0.824821144954046,0.06194383,5.9368,23.837132,0.005426704105995155,2.2192477514111544,9.813282137008406e-06,0.005426695233152343,-0.011786929208079989,0.006384787045664799
390,13.0,axial_advance_candidate,unknown_no_ground_truth,0.514590231902288,0.11016403399295027,0.1428177715932115,0.010092173631898009,3.1305695199423105,0.06194383,5.5109477,21.044155,0.005208017897821758,2.2131122825200134,-0.0003050854676663826,0.00519907427158437,-0.006465329409653837,0.007749289273284526
391,13.033334,terminal_settle_candidate,unknown_no_ground_truth,0.5148343451054604,0.11029316165482718,0.14269989515053216,0.007773816271918175,3.140497802913703,0.06192906,5.825489,23.107092,0.004956108523866884,2.19048583396934,-0.0004212144607518214,0.004938176796996999,-0.0020282751453974996,0.007504553242139237
392,13.066667,terminal_settle_candidate,unknown_no_ground_truth,0.5150281466290804,0.11040426563055067,0.14267953661056365,0.005150913276474396,3.140497802913703,0.06192906,6.6884646,28.766964,0.004746364203101063,2.161240642787725,-0.00044030644244350534,0.004725897098458867,-0.001247498807632331,0.004997564837670054
393,13.1,terminal_settle_candidate,unknown_no_ground_truth,0.5151253262755089,0.11045439738911245,0.14261474602486643,0.004313055362235918,3.1305695199423105,0.06192906,7.3786683,33.2937,0.0046515039114836225,2.1502842490676315,-0.0005043822711522692,0.004624076898484141,-0.0019032698481062696,0.0038704018451578832
394,13.133333,terminal_settle_candidate,unknown_no_ground_truth,0.5152533264871091,0.11052866719523477,0.14255110325179485,0.003946922387509303,3.1305695199423105,0.06192906,7.8833537,36.60371,0.0045199802769081004,2.1431037622464277,-0.0005671909986943655,0.004484252008377575,-0.001618577217235844,0.0035997783438521877
395,13.166667,terminal_settle_candidate,unknown_no_ground_truth,0.5153151593437193,0.11060063456425534,0.14250605602247512,0.002335244537835113,1.213381391435571,0.061921675,7.8571725,36.432,0.004431898915468378,2.140556653575045,-0.0006122868248205176,0.0043894000548003135,-0.0009513547239536368,0.0021326723237993757
396,13.2,terminal_settle_candidate,unknown_no_ground_truth,0.5153319648028202,0.11064733415604967,0.14248808111642314,0.0014180978387022748,0.9315584763710495,0.061921675,7.732239,35.612614,0.004388556796177379,2.1401821811503483,-0.0006306153367670349,0.004343012209320723,-0.0004786882497658498,0.0013348629291684486
397,13.233334,terminal_settle_candidate,unknown_no_ground_truth,0.5153340638576384,0.11068789499456337,0.14247497635698247,0.0005245788268944413,0.561753557667241,0.061921675,7.795324,36.02636,0.004358836329269352,2.1403844559261005,-0.0006441992241479257,0.004310969903045663,-0.00025573284681060194,0.0004580214587637717
398,13.266666,terminal_settle_candidate,unknown_no_ground_truth,0.5153403647574757,0.1106768376476768,0.14247128489715552,0.0008649442179667621,0.561753557667241,0.061921675,7.8306236,36.257877,0.00436352771416255,2.1414061826008894,-0.0006476644509385342,0.004315194650448011,2.813353252575238e-05,0.0008644865554430306
399,13.3,terminal_settle_candidate,unknown_no_ground_truth,0.5153540081311876,0.11063379792823604,0.14247589802483537,0.0015345121388512075,0.14057236221624458,0.061892126,7.975514,37.208145,0.004386270211104315,2.1419685571219227,-0.0006423234206727834,0.004338984557252573,0.00019415128911116255,0.0015221802722470755
400,13.333333,terminal_settle_candidate,unknown_no_ground_truth,0.5153608038492516,0.11057725163289228,0.14248269693707366,0.0017815706999170652,0.08430608790426478,0.061892126,7.6692705,35.19963,0.004423639456327205,2.1422761054156947,-0.0006347210931838343,0.004377866509321906,0.00025320873900565804,0.0017634850419819686
401,13.366667,terminal_settle_candidate,unknown_no_ground_truth,0.5153679941670734,0.11051683902684961,0.14249111802270165,0.001766273051376885,0.08144884222016806,0.061892126,8.076245,37.868797,0.004463912994639852,2.1426738079367764,-0.0006254428217432681,0.004419880145484077,0.00025343355935035505,0.00174799654548149
402,13.4,terminal_settle_candidate,unknown_no_ground_truth,0.5153754812829362,0.1104614165903007,0.14249793660216892,0.0014466970002920956,0.059298735694299796,0.061840422,8.098021,38.011612,0.0045008519171008815,2.1429335153081293,-0.0006178254756315582,0.004458246254002947,0.00015614132553144516,0.0014382461879370414
403,13.433333,terminal_settle_candidate,unknown_no_ground_truth,0.5153782327262365,0.11042136791089173,0.14250018735681402,0.00080083646061087,0.032669748188222936,0.061840422,8.187256,38.596867,0.004529798951924031,2.142947089866405,-0.000615033563548162,0.004487851630854266,5.957101652090077e-06,0.0008008143040578459
404,13.466666,terminal_settle_candidate,unknown_no_ground_truth,0.5153738542634444,0.11040805218992819,0.14249768492529302,0.00026137473287660937,0.032669748188222936,0.061840422,8.193919,38.640568,0.004543165677375306,2.1431018234354307,-0.0006174281719893031,0.004501015088234538,-0.00016499394803922134,0.0002027159295584578
405,13.5,terminal_settle_candidate,unknown_no_ground_truth,0.5153649505223021,0.11041831391249411,0.14248932962400063,0.00032905577302777073,0.032669748188222936,0.061840422,8.209623,38.743565,0.00454186523319252,2.143230048048093,-0.0006260333428027336,0.00449851331555017,-0.0002737780286341491,0.00018254668663140075
406,13.533334,terminal_settle_candidate,unknown_no_ground_truth,0.5153626595876045,0.11040295945301695,0.1424795192872519,0.0005569368910483463,0.032669748188222936,0.06178871,8.20096,38.68675,0.004556538343753169,2.143230048048093,-0.0006356802854173514,0.00451197875137113,-3.191487666305425e-05,0.0005560217093407231
407,13.566667,terminal_settle_candidate,unknown_no_ground_truth,0.515368733555915,0.11038147297240405,0.14248668567405887,0.0012188425214839473,0.04326571550469244,0.06178871,8.206872,38.72552,0.004568469969153341,2.143230048048093,-0.000628161474812216,0.004525078012655437,0.0010222268539035997,0.0006637991799751601
408,13.6,terminal_settle_candidate,unknown_no_ground_truth,0.5153955234331244,0.11037147100113345,0.14254683358601591,0.0029014065057353226,0.19057405422163345,0.06178871,8.249465,39.004868,0.004551903946714811,2.1434916206077617,-0.0005675303894509846,0.004516385589956586,0.002667741361697183,0.001140752268730295
409,13.633333,terminal_settle_candidate,unknown_no_ground_truth,0.5154470676088438,0.11038401932152167,0.14266352060137732,0.004359156041077137,0.2458572070137781,0.06178871,8.18879,38.60693,0.004497398443802693,2.1433677011640797,-0.00045031382370293765,0.004474797226970282,0.0039643163084957305,0.0018128534404783208
410,13.666667,terminal_settle_candidate,unknown_no_ground_truth,0.5155149634831202,0.11040268297506631,0.14280992041715387,0.003710006336135053,0.3827303518926899,0.06178871,8.346082,39.638535,0.004429046727512828,2.1427364704873884,-0.00030324204897263455,0.004418653547657585,0.0035799713301676137,0.0009736284144067335
411,13.7,terminal_settle_candidate,unknown_no_ground_truth,0.515511938203285,0.11036056596512445,0.1429010423111974,0.004019689731203076,0.5442890476840019,0.06178871,8.23897,38.936035,0.0044590583485132115,2.1427364704873884,-0.00021164769319033486,0.00445403262329909,0.0004251431325008252,0.003997143836794823
412,13.733334,terminal_settle_candidate,unknown_no_ground_truth,0.5153792844220209,0.11017320460784263,0.14283723961100833,0.01212931674250973,0.6050866318830638,0.11354646,7.887909,36.633583,0.004691724127735302,2.1427364704873884,-0.0002749036463668418,0.004683663446063113,-0.004833947399963316,0.011124445027708787
413,13.766666,post_settle_motion_unresolved,unknown_no_ground_truth,0.5151473108626188,0.10971635680866182,0.14257563091887981,0.02125050214634422,1.4253748469606156,0.11354646,7.1735907,31.948689,0.00521748842833844,2.141367205615106,-0.0005339049299814887,0.005190099327140762,-0.009792467293256784,0.018859783290968015
414,13.8,post_settle_motion_unresolved,unknown_no_ground_truth,0.5148735377558793,0.1090264229175292,0.1421768084470671,0.02661133012290432,1.4253748469606156,0.11354646,5.8931127,23.550606,0.005986730409190665,2.1489756020437647,-0.0009277380497609881,0.005914409784868977,-0.012429862323051918,0.023530010912453256
415,13.833333,post_settle_motion_unresolved,unknown_no_ground_truth,0.5146052964210711,0.10825063647051134,0.14173583351044733,0.026111819242141433,1.4253748469606156,0.11354646,5.2535386,19.355925,0.006850066594881212,2.160584088721907,-0.0013625604397143334,0.006713184147811899,-0.011818085519830608,0.023284328609179127
416,13.866667,post_settle_motion_unresolved,unknown_no_ground_truth,0.5144091329385663,0.10755185071890158,0.1413766273095472,0.01932435942003126,1.4253748469606156,0.11354646,5.3813863,20.19442,0.007610138540652438,2.169927358376948,-0.001715607342208713,0.0074142363096466775,-0.007630946478830912,0.0177538593785061
417,13.9,post_settle_motion_unresolved,unknown_no_ground_truth,0.5143539541074083,0.10709899192629778,0.14121597243953976,0.00978497084635136,1.2966912951276237,0.11354646,5.367734,20.104881,0.008056220309515461,2.1713990970027313,-0.0018712953508773825,0.00783587515120258,-0.002571379564117393,0.009441062525011977
418,13.933333,post_settle_motion_unresolved,unknown_no_ground_truth,0.5143634181295916,0.10692614954284123,0.14119793204831677,0.006907108902079823,1.2966912951276237,0.11354646,5.245008,19.299976,0.008203141598066042,2.171876704059742,-0.0018870284942543061,0.007983148222336464,-0.003728989538527171,0.005814016718822302
419,13.966666,post_settle_motion_unresolved,unknown_no_ground_truth,0.5142449633263921,0.10672919034686504,0.1409641804801018,0.013971457189643191,1.2966912951276237,0.23404369,5.1274285,18.528824,0.008482941137839798,2.1721154296460377,-0.0021198881889386073,0.008213791110958041,-0.009752195492940968,0.010004813794843675
420,14.0,post_settle_motion_unresolved,unknown_no_ground_truth,0.5140414341672256,0.10634537596914889,0.1405447825636706,0.02352810808361181,1.2966912951276237,0.23404369,4.270202,12.906659,0.009014548203775643,2.175501107151322,-0.0025371795324156524,0.008650132908717979,-0.015179119021285246,0.017976824406211896
421,14.033334,post_settle_motion_unresolved,unknown_no_ground_truth,0.5138257813047975,0.10561409045588513,0.1399437765895295,0.03224658230319878,2.163720238960633,0.23404369,1.8390265,-3.038339,0.009908544717015091,2.211599820381066,-0.0031318430324174685,0.009400575388208205,-0.01861767842161943,0.026329149633555184
422,14.066667,post_settle_motion_unresolved,unknown_no_ground_truth,0.5136535582554469,0.10464542004613972,0.13928732982030903,0.03556231311838148,2.163720238960633,0.23404369,1.556217,-4.8931603,0.011016429428249371,2.296866374295651,-0.0037783554115112775,0.010348224375800045,-0.01890772459767869,0.03011936361990645
423,14.1,post_settle_motion_unresolved,unknown_no_ground_truth,0.5134722552232868,0.10365044331309803,0.13866319430123053,0.03278204069892771,2.2939751880626695,0.23404369,1.2379706,-6.9803963,0.01215229970588527,2.323164158244507,-0.004392355888496353,0.011330736864407831,-0.016675301040422603,0.028224041659504297
424,14.133333,released,unknown_no_ground_truth,0.5132944568300029,0.10280957462159845,0.13815728166297986,0.024443265133696174,3.5383812294439516,0.6070806,0.79436034,-9.889837,0.013120445900869014,2.3564849689898515,-0.004890044399934515,0.012175120796291907,-0.011958698324345114,0.02131813183145916
425,14.166667,released,unknown_no_ground_truth,0.5131004515279968,0.10228590478051106,0.13785375355101306,0.013108493566930135,3.5383812294439516,0.6070806,0.94728684,-8.886861,0.013751554178406867,2.382634331022621,-0.0051895960294791625,0.012734729497420563,-0.004950165516492305,0.012137893761010566
426,14.2,released,unknown_no_ground_truth,0.5128686555568545,0.10212283674311619,0.1378244126689308,0.009327376539331064,3.5383812294439516,0.6070806,1.1693281,-7.4305916,0.01398732139379935,2.425494566023078,-0.005220062803172569,0.012976752448296573,-0.000729452740394762,0.009298809160639555
427,14.233334,released,unknown_no_ground_truth,0.5125142350392327,0.1020830316999141,0.13781061221606766,0.01274009082832356,4.08017701780882,0.6070806,1.2891549,-6.6447015,0.01416398660675516,2.4661342949732457,-0.005238225828823083,0.013159768491983068,0.007852042137504067,0.010032713919214214
428,14.266666,released,unknown_no_ground_truth,0.512212711454874,0.10220291973753243,0.1383579706673998,0.03183407966085649,6.340231005247237,0.6070806,1.5662116,-4.82761,0.013992177274872338,2.545280490090325,-0.00469660982690997,0.013180397604974843,0.030592148172981358,0.008805060931993056
429,14.3,released,unknown_no_ground_truth,0.5122393930122137,0.10256012119703853,0.13986024401135105,0.06433359383982684,6.653840618364782,0.82290155,1.6585879,-4.2217546,0.01323471341985047,2.600917885245244,-0.003198723884971698,0.012842344210200946,0.06226787476576344,0.01617167488242967
430,14.333333,released,unknown_no_ground_truth,0.5125617034864544,0.10318846585213501,0.14251745252306744,0.1049933133267565,7.277008018361791,0.82290155,1.8375186,-3.0482283,0.01213555597302729,2.6802063554650806,-0.0005454551752220335,0.012123291526079123,0.10145046257529772,0.027044398432736212
431,14.366667,released,unknown_no_ground_truth,0.5131646859561132,0.1040743131254019,0.14663116143525173,0.13997222731920247,7.924178218477617,0.82290155,2.06937,-1.5276179,0.011600647064119568,2.778409766064798,0.00356467550225903,0.01103938860942309,0.13565082155651767,0.03451201286132546
432,14.4,released,unknown_no_ground_truth,0.5138963704016299,0.10503129973772932,0.15156723548593265,0.16226469969572382,7.938211272783186,0.82290155,2.2547283,-0.31193563,0.012994102082600623,2.8177553090089953,0.008497900771165762,0.009830176570970949,0.1580448371754362,0.036764958989958095
433,14.433333,released,unknown_no_ground_truth,0.5146944014763626,0.1059638854940469,0.1571720887408642,0.17932662448454942,13.847847184660095,0.8628334,1.8582503,-2.9122584,0.01652329990729552,2.9909402935839484,0.014101007081364676,0.008612841524011424,0.17566358053912798,0.03606029286065067
434,14.466666,released,unknown_no_ground_truth,0.5155043301551031,0.10680360800915263,0.16328036496389975,0.19212658771118302,14.274680538856412,0.8628334,1.9523724,-2.294953,0.021548308335319084,3.193298205824118,0.020208780550497796,0.0074789558613354516,0.18901799758723128,0.03442124770626902
435,14.5,released,unknown_no_ground_truth,0.5163455675582314,0.10756061540667639,0.169772889401872,0.20329625039011925,15.68296318752517,0.8628334,2.3081625,0.03851503,0.027463612362032784,3.3847093670246973,0.026702205918957812,0.006422009267633773,0.20037423401985413,0.03434431195465702
436,14.533334,released,unknown_no_ground_truth,0.5173464117782125,0.10821393897739331,0.1766335929931946,0.22291949657928792,22.417214723304685,0.8628334,1.3142072,-6.4803944,0.034006838732514234,3.6412075738358785,0.03356724202249878,0.005450260872859443,0.21909672983853162,0.04110626386847436
437,14.566667,released,unknown_no_ground_truth,0.5190706465076069,0.10844269989740582,0.18435551166935898,0.25734419536594005,22.44914713090375,0.87007225,2.2566524,-0.29931673,0.04160786341756662,3.863172484852602,0.04130861559199102,0.004981222344765877,0.25009329858096196,0.06065786753123552
438,14.6,released,unknown_no_ground_truth,0.5216072085190661,0.10769889835932162,0.19324440424750278,0.2990852155731644,23.93680141904782,0.87007225,1.7354841,-3.7174268,0.05062600270956803,3.815910978434804,0.05024014672480694,0.006238574149520035,0.2855963942602402,0.08880690153358403
439,14.633333,released,unknown_no_ground_truth,0.524753898978834,0.10582750107221525,0.20328758223779134,0.3290322038507392,25.197104132191477,0.87007225,0.72228986,-10.362516,0.0610655410994009,3.7540637631910116,0.06034832340841256,0.009331675709981842,0.3069284222791907,0.11856278829414064
440,14.666667,released,unknown_no_ground_truth,0.5281138561594941,0.10257373812129686,0.21355601153222326,0.33716973754755875,26.119131496811004,0.87007225,2.4439292,0.9289486,0.07203411625777988,3.64767910450567,0.07070202903217648,0.013789017215618442,0.30359667291442016,0.14667137455271984
441,14.7,released,unknown_no_ground_truth,0.5313534246351311,0.09811539987975612,0.22334321879262625,0.33254352653712027,26.119131496811004,0.87007225,1.7806821,-3.4209936,0.08282201479639345,3.4571829902986932,0.08058809570280967,0.01910614995044276,0.28304725524378244,0.17455500090431508
442,14.733334,released,unknown_no_ground_truth,0.5346422293958317,0.0925347437010223,0.23221311322324506,0.32022394041783875,25.197104132191477,0.87007225,2.21392,-0.5795784,0.09309391767393053,3.2660895182460297,0.08957180221204784,0.02536473450218501,0.2526789119426807,0.19671486846751204
443,14.766666,released,unknown_no_ground_truth,0.5381765439510156,0.08656869380510031,0.23995245711817975,0.2958452789697658,25.197104132191477,0.87007225,2.2396514,-0.41081813,0.10259249574211858,2.955241833803739,0.09743337256362615,0.03212410455521272,0.2146549628126329,0.20358702323234099
444,14.8,released,unknown_no_ground_truth,0.5418819801274788,0.08075539368238993,0.2462782642047791,0.28579001771812695,24.607400168453218,0.87007225,1.9185268,-2.5169318,0.11092440400740491,2.471209669278797,0.10388207897072191,0.038893920773286496,0.19271543866732113,0.21103718612270522
445,14.833333,released,unknown_no_ground_truth,0.5462458777251336,0.07476335470177653,0.25254304492832746,0.30837142753029234,21.826233713476103,0.87007225,1.9725989,-2.1622965,0.11956360465626552,1.6745521413026716,0.11028105767146672,0.04619030068382743,0.2060987633299288,0.2293822945890644
446,14.866667,released,unknown_no_ground_truth,0.5512083719006553,0.06832396260179843,0.25973611542829583,0.3396571850016537,21.45201856986623,0.87007225,1.3391701,-6.3166738,0.12950104196065224,1.0247881759561268,0.1176220103455799,0.054181016520169704,0.23582983639861083,0.24444077316898682
447,14.9,released,unknown_no_ground_truth,0.5561420799168117,0.061459772448201805,0.2679644560698712,0.3629648411271588,21.134890003297848,0.87136495,2.825831,3.4336717,0.14064452815156583,0.6837200298157755,0.12600300204324938,0.06248301189175729,0.26094770229669256,0.2522890654795414
448,14.933333,released,unknown_no_ground_truth,0.5606515092574407,0.05403117711255456,0.27682616318651776,0.3745034509232555,19.160616368116887,0.87136495,3.0202608,4.708851,0.15254381299910555,0.4415138294927921,0.13501852536672215,0.07099022955380468,0.2668182572657039,0.2627943156598329
449,14.966666,released,unknown_no_ground_truth,0.5644099073112996,0.045664769202169456,0.28544316884247234,0.392255165368787,18.98287428974377,0.87136495,1.9327799,-2.4234517,0.16448063847362535,0.37935263403171515,0.1437908758840887,0.07986278510782126,0.2561926823349029,0.29703438231380214
450,15.0,released,unknown_no_ground_truth,0.5677025388513414,0.035227104859677366,0.2935752117670811,0.3960830513202348,16.433882593450175,0.8713797,2.0764337,-1.4812908,0.17687318155644846,0.38508939178840457,0.15209800789345684,0.09027911357973294,0.22325267158522458,0.32716972380281095
451,15.033334,released,unknown_no_ground_truth,0.5704455992435942,0.024462722795882894,0.2999798373077931,0.38776339109216373,12.011927584078629,0.8713797,2.5921738,1.9012189,0.18799438910898314,0.5066954691888186,0.1586745869883667,0.10081798341829204,0.18243954117830175,0.34216408532449033
452,15.066667,released,unknown_no_ground_truth,0.5727431456309067,0.012792637369704339,0.3053885082095219,0.3979856599201952,12.011927584078629,0.8713797,2.0951326,-1.3586528,0.19884123703332707,0.5600301354387612,0.16426066074359857,0.11205477623475127,0.16730555274416126,0.3611113921258702
453,15.1,released,unknown_no_ground_truth,0.5744962388726098,0.0005685428366338525,0.31077922644321765,0.4035351832951466,12.011927584078629,0.8713797,2.4494019,0.9648413,0.2100782844718551,0.6362656496931475,0.16982827930684882,0.12365775816467242,0.17898860810703643,0.3616679724898975
454,15.133333,released,unknown_no_ground_truth,0.575715608142898,-0.011302094287615598,0.3169791609662868,0.3904771322838444,12.011927584078629,0.8713797,2.3783386,0.49876896,0.22185899980705942,0.8381081079758532,0.17619320046001574,0.13482348425643617,0.20255371005699235,0.33383287042884613
455,15.166667,released,unknown_no_ground_truth,0.5763242510061316,-0.02179402830613926,0.323978708861167,0.3503063434420262,11.727532988521917,0.8713797,2.536309,1.5348265,0.23347946305981915,1.1377038040033203,0.1833318692023359,0.14457553529376632,0.21441375934303275,0.27702215445720374
456,15.2,released,unknown_no_ground_truth,0.5765149728313571,-0.029938678107661557,0.33103042890916323,0.29821030963806344,11.727532988521917,0.8713797,2.099435,-1.3304347,0.24374687096723616,1.1829926757871407,0.19048743700214868,0.1520758805684547,0.20394800620248973,0.21756516159637984
457,15.233334,released,unknown_no_ground_truth,0.576410423857775,-0.03646786516658555,0.33739176858986736,0.25178183241748164,11.727532988521917,0.8713797,1.8572297,-2.9189517,0.2524933142408372,1.5751337645575905,0.19692836950110942,0.15802560242554584,0.1720054116096695,0.18387014306975719
458,15.266666,released,unknown_no_ground_truth,0.5761449280933164,-0.042328704936571385,0.34234867354623943,0.1989009346036506,11.727532988521917,0.8713797,2.6503522,2.2827852,0.25974957748809646,1.8080407512205952,0.2019544940211574,0.16335306960661292,0.1151400895541958,0.1621861324640842
459,15.3,released,unknown_no_ground_truth,0.5757314294853957,-0.0473475850406414,0.34494147314483037,0.17553104681273896,4.31048537778425,0.87139446,2.3694558,0.44051087,0.26468019444580293,1.9236719128196764,0.2046043001272886,0.167906776817645,0.05855940220854591,0.16547490688365324
460,15.333333,released,unknown_no_ground_truth,0.5753555071242638,-0.0533764452356138,0.3461251921748578,0.19530588312996827,4.31048537778425,0.87139446,2.2321413,-0.4600741,0.2692075073638377,2.0170348073670135,0.20585849041116674,0.17347900145748565,0.020825124442858833,0.1941924359420734
461,15.366667,released,unknown_no_ground_truth,0.5746947402015942,-0.060267257959605566,0.3461817113946378,0.2105648775889895,4.31048537778425,0.87139446,2.081243,-1.4497483,0.27344792324376543,2.0237999164214773,0.2059926083501353,0.17983551382148075,-0.002257702506714305,0.21055277355916568
462,15.4,released,unknown_no_ground_truth,0.5739110789491049,-0.0673362128833881,0.3458188669923929,0.20029284441596623,4.31048537778425,0.87139446,2.0251048,-1.8179342,0.27758124937105433,2.046864863436515,0.20570798907158683,0.18637481920720764,-0.008087100775847799,0.2001295138785875
463,15.433333,released,unknown_no_ground_truth,0.5731677543589219,-0.07351478334246625,0.34549677592673667,0.1562163489371792,6.367876778179917,0.87139446,2.0684133,-1.533893,0.2812769117157661,2.0663839697023763,0.20545346963659758,0.19210823219904588,0.0008301021103804135,0.15621414342417547
464,15.466666,released,unknown_no_ground_truth,0.5727549663642119,-0.07768614715745259,0.34575986012985915,0.09934994441402578,7.568778825132503,0.87139446,2.2358859,-0.43551493,0.28418170261059084,2.08747030168381,0.20576331305008125,0.1960119871367783,0.025289667191342312,0.09607728237424888
465,15.5,released,unknown_no_ground_truth,0.5727559154673891,-0.07992586057616993,0.34710807063003635,0.06736180013165145,7.649073497522103,0.87139446,1.9554746,-2.2746072,0.2866546997433929,2.1393879206747366,0.2071394763119615,0.19815184641628011,0.05388728249455265,0.04041995673338652
466,15.533334,released,unknown_no_ground_truth,0.5730886638726782,-0.08041072626021187,0.34931415622707307,0.08146737193645878,7.918404247653638,0.87139446,2.4409237,0.9092368,0.28861820801200283,2.3850308961628865,0.20935584674362484,0.19867209021480495,0.08079582575495482,0.010438737031283585
467,15.566667,released,unknown_no_ground_truth,0.5735253904073782,-0.07997245904316849,0.35248420875041486,0.10544708011949047,8.262136767817486,0.87139446,2.3992858,0.6361524,0.2906816230062751,2.844038768583825,0.2125258323131708,0.19831433773975157,0.10303638449715016,0.02241852304416318
468,15.6,released,unknown_no_ground_truth,0.5738862027199114,-0.07917835911921542,0.3561890019196984,0.11107211861568919,7.918404247653638,0.87139446,2.3248444,0.14792424,0.2929053957061285,3.257978678137533,0.2162249475932172,0.19758629221703153,0.10868172035283634,0.02291940651338093
469,15.633333,released,unknown_no_ground_truth,0.5740197614402835,-0.07858760498344498,0.3597415456192408,0.0931847626089421,7.918404247653638,0.87139446,1.9688601,-2.1868174,0.29513919527747684,3.515301499473918,0.21977127783635547,0.19699677669244242,0.09200109568267499,0.014805349562647067
470,15.666667,released,unknown_no_ground_truth,0.5738589854868882,-0.07827490310659832,0.3623351787849176,0.06063146917366574,7.918404247653638,0.87139446,2.380862,0.51531893,0.29681526687177656,3.6715560281459525,0.22235832063877384,0.19661149480858994,0.05965129160267973,0.01085810592549412
471,15.7,released,unknown_no_ground_truth,0.5735050886939811,-0.0781906999338808,0.3637310789423127,0.0289977213136044,4.1580707417079,0.87139446,2.1507852,-0.99365216,0.297727395476403,3.677196923292575,0.22374806111129109,0.19641386704125652,0.0258508319928012,0.013137820468457946
472,15.733334,released,unknown_no_ground_truth,0.5730253575324686,-0.07811773082480086,0.36407225840911384,0.017032625780553045,4.1580707417079,0.87140924,1.9575728,-2.2608461,0.29784452578939513,3.685218541175375,0.2240816775397906,0.19621101736055233,-0.0036170634091331737,0.016644133899805964
473,15.766666,released,unknown_no_ground_truth,0.5724090476885819,-0.07799568507837634,0.3635074290055406,0.03518525059463974,4.1580707417079,0.87140924,1.6970948,-3.9692051,0.29723389035575515,3.6924573775755776,0.22350694980762456,0.1959403709389902,-0.02909594259888512,0.019784539006253807
474,15.8,released,unknown_no_ground_truth,0.5717029081057812,-0.07784817998306143,0.3621537214794125,0.046930724163816426,3.5690408175006914,0.87140924,1.4779661,-5.406373,0.2960075060173174,3.5715045589742243,0.22214192723356593,0.19563590617151363,-0.04189724594476417,0.021145062137155463
475,15.833333,released,unknown_no_ground_truth,0.5709905997559935,-0.07767423461366177,0.3607373202923023,0.04420280915801594,3.5690408175006914,0.87140924,1.3596385,-6.1824307,0.2947194133755164,3.3764926435193816,0.22071380458589468,0.19530731959050585,-0.03959144788051487,0.01965720204363918
476,15.866667,released,unknown_no_ground_truth,0.5703884715577431,-0.07752670762360181,0.35953593557020525,0.035343516016724495,3.5690408175006914,0.87140924,1.3253027,-6.407624,0.29362959333730454,3.2250292946159456,0.21950250605668795,0.1950307358296751,-0.031714050409476675,0.015600741362179971
477,15.9,released,unknown_no_ground_truth,0.5699533203605913,-0.07739299326283788,0.3586404580478352,0.023281039981352756,2.6844359612180333,0.87140924,1.33873,-6.3195605,0.2928055887633045,3.1494130253558574,0.21859952779240016,0.19480595283503285,-0.021028251199757552,0.009990969627280464
478,15.933333,released,unknown_no_ground_truth,0.5697389198755627,-0.07729408864718504,0.35814566750857946,0.01401325927022048,2.6555507857648406,0.87140924,1.1773014,-7.3782983,0.2923389984728821,3.1387401086201137,0.2181006355027998,0.19466433371679218,-0.012762050511618018,0.005788048212768322
479,15.966666,released,unknown_no_ground_truth,0.5696098327004917,-0.07718543786062079,0.3577968315003295,0.016523926755910644,2.6555507857648406,0.87140924,1.1821243,-7.3466673,0.2919886243055476,3.127613750248684,0.2177487210697204,0.19453239112381088,-0.015120459459909679,0.006664222471971324
480,16.0,released,unknown_no_ground_truth,0.5693672934246818,-0.07701814208362573,0.35714602882535,0.028110182177761053,2.6555507857648406,0.87140924,1.1875905,-7.310817,0.29135810717889293,3.073060309381671,0.21709259709157233,0.19432022773479732,-0.025884544998062465,0.010962329693554861
481,16.033333,released,unknown_no_ground_truth,0.5689369010077477,-0.07682846160389474,0.35608464062897904,0.04138792591424357,2.1683096843161564,0.87140924,1.0731066,-8.061666,0.2903791670854005,3.005048537967215,0.2160230982472818,0.19404659672577662,-0.03862504490160766,0.014868299090067634
482,16.066668,released,unknown_no_ground_truth,0.5683976004572737,-0.07665508592869767,0.3545883803052857,0.05177204422448093,2.6555507857648406,0.87140924,1.0488651,-8.2206545,0.2890751143490953,2.800596772276863,0.21451751261810312,0.1937696016306079,-0.049551594280270075,0.014999468906101822
483,16.1,released,unknown_no_ground_truth,0.5679357224288718,-0.07649363374394423,0.3527985823379652,0.05718360062088467,2.8830234894289006,0.871424,1.0553455,-8.178152,0.28758122347438264,2.800596772276863,0.21271965311932656,0.19352857481988595,-0.0560237019211089,0.011459014051111986
484,16.133333,released,unknown_no_ground_truth,0.5676402525660231,-0.07631679928498923,0.35086753159881134,0.05827389507826552,2.8830234894289006,0.871424,1.0380024,-8.291899,0.286007442807154,2.800596772276863,0.21078265638353508,0.19331562044746423,-0.057768689277444,0.007656721671761592
485,16.166666,released,unknown_no_ground_truth,0.5675046077903656,-0.07610256601677215,0.34895756732139843,0.052191691772936144,2.8830234894289006,0.871424,1.0658623,-8.109178,0.28445642519736997,2.800596772276863,0.208868466176798,0.19310469096585597,-0.0518633407947796,0.00584521785100611
486,16.2,released,unknown_no_ground_truth,0.5675348806105585,-0.0758879785246992,0.34741617123784574,0.04174050755357666,2.66056794185552,0.871424,1.0860325,-7.9768906,0.2832044463973726,2.84194646138656,0.20732505361608117,0.19292765639568457,-0.04123668493602434,0.006465739425406285
487,16.233334,released,unknown_no_ground_truth,0.5676021703602174,-0.07565872324457379,0.34621218820936006,0.0314488376755285,1.5380913346863356,0.8714314,1.2238277,-7.073153,0.28219485863458,2.91109986683657,0.20611931929534583,0.19274014748623042,-0.030757239554370173,0.0065590857698941615
488,16.266666,released,unknown_no_ground_truth,0.5676460660260967,-0.07544772698175276,0.3453693767040403,0.01950695719335075,0.6470080817222067,0.8714314,1.236857,-6.9876995,0.2814546031562543,2.9244474735772963,0.20527460239689002,0.19255916298281767,-0.01878438015320614,0.005260079961659697
489,16.3,released,unknown_no_ground_truth,0.5676461979929877,-0.07529770720196355,0.3449636357323711,0.008203999177967134,0.4555958605879434,0.8714314,1.1232232,-7.732973,0.28106218455982457,2.9266397530364467,0.2048670464729163,0.1924199700109239,-0.007577418300694825,0.003144572213891833
490,16.333334,released,unknown_no_ground_truth,0.5676214678612579,-0.07523249388808248,0.34486716310269194,0.0014883035751654659,0.24700544361167123,0.8714314,1.260858,-6.8302875,0.2809446451239142,2.9403919976199493,0.20476943073839293,0.19235221303347821,-0.00039109747258849603,0.0014359980148959811
491,16.366667,released,unknown_no_ground_truth,0.5676321144083982,-0.07520265106508894,0.3449389587256802,0.002488420162369889,0.24700544361167123,0.8714314,1.2959826,-6.599921,0.2809779906979377,2.942121309568638,0.2048409846814792,0.1923247312525677,0.0022198929681819246,0.0011244154544942135
492,16.4,released,unknown_no_ground_truth,0.567657066858277,-0.0751673325337188,0.34501551036411915,0.0018653643261480298,0.23123813139880994,0.8714314,1.2788978,-6.711973,0.2810136052025862,2.9458007446992704,0.20491742133537208,0.1922953372867283,0.0013019566137574066,0.0013358491850351374
493,16.433332,released,unknown_no_ground_truth,0.5676666970523265,-0.0751211866057917,0.3450263196253528,0.0012851852419898029,0.23123813139880994,0.8714314,1.2721373,-6.756312,0.2809920177876998,2.9482180533825324,0.2049277804591462,0.19225274733145156,0.00013968530391426218,0.0012775715722020307
494,16.466667,released,unknown_no_ground_truth,0.5676723849445188,-0.07508364909142236,0.34502564490247606,0.0010835462528121184,0.1560975382289737,0.8714314,1.2918599,-6.6269603,0.2809672808294974,2.950183904926063,0.20492671175339452,0.19221772994878186,-7.480256393980424e-05,0.0010809611734059713
495,16.5,released,unknown_no_ground_truth,0.5676741084800718,-0.07504945327783906,0.3450221541562649,0.000986799878486294,0.10370858438541465,0.8714314,1.2262813,-7.057061,0.28094207236021174,2.9514733915475606,0.20492281512312388,0.1921850354842032,-0.0001593202170235001,0.0009738537203441538
496,16.533333,released,unknown_no_ground_truth,0.5676718676589865,-0.07501859916504186,0.34501584738671975,0.0009141658358449486,0.0665394033389381,0.8714314,1.205025,-7.196472,0.2809163910645664,2.9518807014160093,0.20491609056833465,0.19215466321411637,-0.00024382873311925326,0.0008810486503772384
497,16.566668,released,unknown_no_ground_truth,0.5676656624812625,-0.07499108675303078,0.34500672459384063,0.0008892298879226338,0.0665394033389381,0.87143874,1.216241,-7.122911,0.28089023599623536,2.9521699222906292,0.2049065380890269,0.1921266127489655,-0.000286562354597847,0.0008417908353636535
