task_key,family,seed,subset_id,protocol,sample_size,repeat,model,fit_success,fit_error,fit_seconds,e_alpha_projected,m_relation_projected_correct,alpha_active_du,alpha_active_dv,alpha_active_yaw
drawer_middle_open,prismatic_sliding,20260818,4,qualified,8,1,TP-GMM additive,True,,0.7045697579160333,0.003422818444500352,True,0.9370383780622077,0.001982306947873004,0.00166978329830814
drawer_middle_open,prismatic_sliding,20260818,4,qualified,8,1,TP-GMM SE(2),True,,0.553674906026572,0.0012627814599534028,True,0.9767255780425421,0.0027407729460941716,0.001626236349699366
drawer_middle_open,prismatic_sliding,20260818,0,random,8,0,TP-GMM additive,True,,0.9343160230200738,0.003172847991173187,True,0.9930296347358814,0.0031860339379474827,0.002299710807720005
drawer_middle_open,prismatic_sliding,20260818,0,random,8,0,TP-GMM SE(2),True,,0.7602458661422133,0.0017557133631550834,True,0.9717269906811543,0.0032832202093013804,0.002409862446560519
drawer_middle_open,prismatic_sliding,20260818,7,random,15,1,TP-GMM additive,True,,1.1026558191515505,0.00813749120246125,True,0.9637427234916035,0.0031345962993874904,0.0019269779667929505
drawer_middle_open,prismatic_sliding,20260818,7,random,15,1,TP-GMM SE(2),True,,1.3232806180603802,0.004396099664329052,True,0.9093528238138249,0.002609145769221741,0.0014592230313740704
drawer_middle_open,prismatic_sliding,20260818,2,random,8,2,TP-GMM additive,True,,1.0137345660477877,0.0018866049148555553,True,0.9916100933270167,0.007613865028129241,0.0017014633100489833
drawer_middle_open,prismatic_sliding,20260818,2,random,8,2,TP-GMM SE(2),True,,1.424687050981447,0.004766456197142972,True,0.9947940783989334,0.010974113889100879,0.0032058781741495937
drawer_middle_open,prismatic_sliding,20260818,3,qualified,8,0,TP-GMM additive,True,,0.9488604718353599,0.004144484059385089,True,0.9680760822491224,0.012118059948000314,0.00921855780050776
drawer_middle_open,prismatic_sliding,20260818,3,qualified,8,0,TP-GMM SE(2),True,,2.0954908449202776,0.0008574593567105389,True,0.9500020696860678,0.0034633776849042463,0.00288132487756263
drawer_middle_open,prismatic_sliding,20270818,0,random,8,0,TP-GMM additive,True,,0.6514518570620567,0.003172847991173187,True,0.9930296347358814,0.0031860339379474827,0.002299710807720005
drawer_middle_open,prismatic_sliding,20270818,0,random,8,0,TP-GMM SE(2),True,,0.7891824671532959,0.0017557133631550834,True,0.9717269906811543,0.0032832202093013804,0.002409862446560519
drawer_middle_open,prismatic_sliding,20260818,8,random,15,2,TP-GMM additive,True,,2.291814874857664,0.0017306665708407408,True,0.9384954058259953,0.002245201235501635,0.003171523688706048
drawer_middle_open,prismatic_sliding,20260818,8,random,15,2,TP-GMM SE(2),True,,1.9380778400227427,0.002033491365425135,True,0.9157037228862269,0.0022779200345513255,0.0024313916840909165
drawer_middle_open,prismatic_sliding,20260818,5,qualified,8,2,TP-GMM additive,True,,1.8784518991596997,0.0012444669779441211,True,0.9812154992917127,0.00815139725492659,0.002635683351587783
drawer_middle_open,prismatic_sliding,20260818,5,qualified,8,2,TP-GMM SE(2),True,,2.698958551045507,0.0006817732990838954,True,0.9786767474059821,0.007495708589843958,0.0026647685716008635
drawer_middle_open,prismatic_sliding,20260818,1,random,8,1,TP-GMM additive,True,,2.356438286136836,0.0022176140435721608,True,0.980993532126162,0.004266720731225253,0.005829915822477722
drawer_middle_open,prismatic_sliding,20260818,1,random,8,1,TP-GMM SE(2),True,,2.249775477917865,0.004369292125539109,True,0.9932651479173382,0.0046743490869152445,0.0063246779947538755
drawer_middle_open,prismatic_sliding,20260818,16,qualified,30,1,TP-GMM additive,True,,1.7004598819185048,0.00313291410574697,True,0.9049225240078534,0.001982263395488454,0.0015398710950365452
drawer_middle_open,prismatic_sliding,20260818,16,qualified,30,1,TP-GMM SE(2),True,,1.8192920710425824,0.0005012796258137066,True,0.9872663627510936,0.0024501547475916235,0.004849258679989601
drawer_middle_open,prismatic_sliding,20260818,12,random,30,0,TP-GMM additive,True,,2.1751549139153212,0.003946518932789016,True,0.9162507886165822,0.0033231607040808226,0.0013816980138145337
drawer_middle_open,prismatic_sliding,20260818,12,random,30,0,TP-GMM SE(2),True,,2.6636820598505437,0.0014649473817181062,True,0.978610607702754,0.007447434099542402,0.02690655915873644
drawer_middle_open,prismatic_sliding,20260818,6,random,15,0,TP-GMM additive,True,,3.055059883976355,0.004325703610816511,True,0.906340791117094,0.002393163372612336,0.0012720722193628213
drawer_middle_open,prismatic_sliding,20260818,6,random,15,0,TP-GMM SE(2),True,,2.066473565995693,0.0033686275330004783,True,0.9207802181675218,0.002451864623208941,0.0013067630546009696
drawer_middle_open,prismatic_sliding,20260818,9,qualified,15,0,TP-GMM additive,True,,2.5364783629775047,0.0031113078010573795,True,0.9154823060073675,0.0017697942868191137,0.0014804279452304988
drawer_middle_open,prismatic_sliding,20260818,9,qualified,15,0,TP-GMM SE(2),True,,2.8823834429495037,0.003231307007835142,True,0.8942932745824306,0.002114173660274091,0.0013070450974022442
drawer_middle_open,prismatic_sliding,20270818,4,qualified,8,1,TP-GMM additive,True,,0.7061387288849801,0.003422818444500352,True,0.9370383780622077,0.001982306947873004,0.00166978329830814
drawer_middle_open,prismatic_sliding,20270818,4,qualified,8,1,TP-GMM SE(2),True,,0.5703011380974203,0.0012627814599534028,True,0.9767255780425421,0.0027407729460941716,0.001626236349699366
drawer_middle_open,prismatic_sliding,20260818,14,random,30,2,TP-GMM additive,True,,2.8527321140281856,0.0005860869432281495,True,0.9894654995456359,0.003696478564375301,0.007847883046389793
drawer_middle_open,prismatic_sliding,20260818,14,random,30,2,TP-GMM SE(2),True,,2.7357315060216933,0.0006420146511837146,True,0.989159599474182,0.004839288495881005,0.013473042961012933
drawer_middle_open,prismatic_sliding,20270818,1,random,8,1,TP-GMM additive,True,,1.379248406039551,0.0022176140435721608,True,0.980993532126162,0.004266720731225253,0.005829915822477722
drawer_middle_open,prismatic_sliding,20270818,1,random,8,1,TP-GMM SE(2),True,,1.966683000093326,0.004369292125539109,True,0.9932651479173382,0.0046743490869152445,0.0063246779947538755
drawer_middle_open,prismatic_sliding,20260818,17,qualified,30,2,TP-GMM additive,True,,2.25907859695144,0.0024000496176802264,True,0.9838928357974036,0.04584605983711129,0.07373123540207001
drawer_middle_open,prismatic_sliding,20260818,17,qualified,30,2,TP-GMM SE(2),True,,1.8648838689550757,0.000491909920407833,True,0.9841713530485408,0.0024240461693353556,0.005966573631420392
drawer_middle_open,prismatic_sliding,20260818,11,qualified,15,2,TP-GMM additive,True,,3.1225683430675417,0.0013463765263789173,True,0.9827886534571895,0.002984954545502392,0.0025914237644769586
drawer_middle_open,prismatic_sliding,20260818,11,qualified,15,2,TP-GMM SE(2),True,,2.864927676040679,0.001305791047616495,True,0.9727758092097083,0.0032815479154907584,0.002855376427106222
drawer_middle_open,prismatic_sliding,20260818,10,qualified,15,1,TP-GMM additive,True,,3.546585536794737,0.0031592184317798815,True,0.9387094289154546,0.0021724606491476057,0.0020270743814706873
drawer_middle_open,prismatic_sliding,20260818,10,qualified,15,1,TP-GMM SE(2),True,,2.786907358793542,0.004445637954964002,True,0.9055545319430758,0.0025655545066811526,0.0018793386977429783
drawer_middle_open,prismatic_sliding,20270818,3,qualified,8,0,TP-GMM additive,True,,1.7598517190199345,0.004144484059385089,True,0.9680760822491224,0.012118059948000314,0.00921855780050776
drawer_middle_open,prismatic_sliding,20270818,3,qualified,8,0,TP-GMM SE(2),True,,0.9592197381425649,0.0008574593567105389,True,0.9500020696860678,0.0034633776849042463,0.00288132487756263
drawer_middle_open,prismatic_sliding,20270818,7,random,15,1,TP-GMM additive,True,,1.1393354188185185,0.00813749120246125,True,0.9637427234916035,0.0031345962993874904,0.0019269779667929505
drawer_middle_open,prismatic_sliding,20270818,7,random,15,1,TP-GMM SE(2),True,,1.351141057908535,0.004396099664329052,True,0.9093528238138249,0.002609145769221741,0.0014592230313740704
drawer_middle_open,prismatic_sliding,20270818,9,qualified,15,0,TP-GMM additive,True,,1.3828052920289338,0.0031113078010573795,True,0.9154823060073675,0.0017697942868191137,0.0014804279452304988
drawer_middle_open,prismatic_sliding,20270818,9,qualified,15,0,TP-GMM SE(2),True,,1.5288886760827154,0.003231307007835142,True,0.8942932745824306,0.002114173660274091,0.0013070450974022442
drawer_middle_open,prismatic_sliding,20270818,11,qualified,15,2,TP-GMM additive,True,,1.3604144509881735,0.0013463765263789173,True,0.9827886534571895,0.002984954545502392,0.0025914237644769586
drawer_middle_open,prismatic_sliding,20270818,11,qualified,15,2,TP-GMM SE(2),True,,1.2350432840175927,0.001305791047616495,True,0.9727758092097083,0.0032815479154907584,0.002855376427106222
drawer_middle_open,prismatic_sliding,20270818,8,random,15,2,TP-GMM additive,True,,1.626226379070431,0.0017306665708407408,True,0.9384954058259953,0.002245201235501635,0.003171523688706048
drawer_middle_open,prismatic_sliding,20270818,8,random,15,2,TP-GMM SE(2),True,,1.7491025000344962,0.002033491365425135,True,0.9157037228862269,0.0022779200345513255,0.0024313916840909165
drawer_middle_open,prismatic_sliding,20270818,2,random,8,2,TP-GMM additive,True,,2.6546255492139608,0.0018866049148555553,True,0.9916100933270167,0.007613865028129241,0.0017014633100489833
drawer_middle_open,prismatic_sliding,20270818,2,random,8,2,TP-GMM SE(2),True,,2.85807925905101,0.004766456197142972,True,0.9947940783989334,0.010974113889100879,0.0032058781741495937
drawer_middle_open,prismatic_sliding,20280818,0,random,8,0,TP-GMM additive,True,,0.6517733291257173,0.003172847991173187,True,0.9930296347358814,0.0031860339379474827,0.002299710807720005
drawer_middle_open,prismatic_sliding,20280818,0,random,8,0,TP-GMM SE(2),True,,0.7749463079962879,0.0017557133631550834,True,0.9717269906811543,0.0032832202093013804,0.002409862446560519
drawer_middle_open,prismatic_sliding,20270818,5,qualified,8,2,TP-GMM additive,True,,1.9154412290081382,0.0012444669779441211,True,0.9812154992917127,0.00815139725492659,0.002635683351587783
drawer_middle_open,prismatic_sliding,20270818,5,qualified,8,2,TP-GMM SE(2),True,,2.7841240451671183,0.0006817732990838954,True,0.9786767474059821,0.007495708589843958,0.0026647685716008635
drawer_middle_open,prismatic_sliding,20260818,15,qualified,30,0,TP-GMM additive,True,,4.6298924358561635,0.003820152773594289,True,0.9230141596328761,0.0024325404190380056,0.0015941941726986982
drawer_middle_open,prismatic_sliding,20260818,15,qualified,30,0,TP-GMM SE(2),True,,4.683006693143398,0.004511200386834199,True,0.9056606865848194,0.0025401898083065623,0.0016134314798313177
drawer_middle_open,prismatic_sliding,20280818,3,qualified,8,0,TP-GMM additive,True,,0.9797277208417654,0.004144484059385089,True,0.9680760822491224,0.012118059948000314,0.00921855780050776
drawer_middle_open,prismatic_sliding,20280818,3,qualified,8,0,TP-GMM SE(2),True,,0.9698780970647931,0.0008574593567105389,True,0.9500020696860678,0.0034633776849042463,0.00288132487756263
drawer_middle_open,prismatic_sliding,20270818,17,qualified,30,2,TP-GMM additive,True,,1.9902394940145314,0.0024000496176802264,True,0.9838928357974036,0.04584605983711129,0.07373123540207001
drawer_middle_open,prismatic_sliding,20270818,17,qualified,30,2,TP-GMM SE(2),True,,1.707685141125694,0.000491909920407833,True,0.9841713530485408,0.0024240461693353556,0.005966573631420392
drawer_middle_open,prismatic_sliding,20280818,5,qualified,8,2,TP-GMM additive,True,,0.7384010672103614,0.0012444669779441211,True,0.9812154992917127,0.00815139725492659,0.002635683351587783
drawer_middle_open,prismatic_sliding,20280818,5,qualified,8,2,TP-GMM SE(2),True,,1.066438619978726,0.0006817732990838954,True,0.9786767474059821,0.007495708589843958,0.0026647685716008635
drawer_middle_open,prismatic_sliding,20270818,12,random,30,0,TP-GMM additive,True,,2.2549499662127346,0.003946518932789016,True,0.9162507886165822,0.0033231607040808226,0.0013816980138145337
drawer_middle_open,prismatic_sliding,20270818,12,random,30,0,TP-GMM SE(2),True,,2.6747790130320936,0.0014649473817181062,True,0.978610607702754,0.007447434099542402,0.02690655915873644
drawer_middle_open,prismatic_sliding,20260818,13,random,30,1,TP-GMM additive,True,,5.05844495119527,0.0011974900385537054,True,0.9794072473313931,0.003450871197620381,0.005294552762795208
drawer_middle_open,prismatic_sliding,20260818,13,random,30,1,TP-GMM SE(2),True,,5.618508180137724,0.0012549365976218542,True,0.9530553449471624,0.004362210386105727,0.006921753083092198
drawer_middle_open,prismatic_sliding,20280818,1,random,8,1,TP-GMM additive,True,,1.5724440589547157,0.0022176140435721608,True,0.980993532126162,0.004266720731225253,0.005829915822477722
drawer_middle_open,prismatic_sliding,20280818,1,random,8,1,TP-GMM SE(2),True,,1.389775404939428,0.004369292125539109,True,0.9932651479173382,0.0046743490869152445,0.0063246779947538755
drawer_middle_open,prismatic_sliding,20280818,4,qualified,8,1,TP-GMM additive,True,,1.7458220580592752,0.003422818444500352,True,0.9370383780622077,0.001982306947873004,0.00166978329830814
drawer_middle_open,prismatic_sliding,20280818,4,qualified,8,1,TP-GMM SE(2),True,,1.5256292819976807,0.0012627814599534028,True,0.9767255780425421,0.0027407729460941716,0.001626236349699366
drawer_middle_open,prismatic_sliding,20270818,10,qualified,15,1,TP-GMM additive,True,,3.610561341047287,0.0031592184317798815,True,0.9387094289154546,0.0021724606491476057,0.0020270743814706873
drawer_middle_open,prismatic_sliding,20270818,10,qualified,15,1,TP-GMM SE(2),True,,2.833180468995124,0.004445637954964002,True,0.9055545319430758,0.0025655545066811526,0.0018793386977429783
drawer_middle_open,prismatic_sliding,20270818,6,random,15,0,TP-GMM additive,True,,3.168721094960347,0.004325703610816511,True,0.906340791117094,0.002393163372612336,0.0012720722193628213
drawer_middle_open,prismatic_sliding,20270818,6,random,15,0,TP-GMM SE(2),True,,4.240620601922274,0.0033686275330004783,True,0.9207802181675218,0.002451864623208941,0.0013067630546009696
drawer_middle_open,prismatic_sliding,20270818,14,random,30,2,TP-GMM additive,True,,3.6621726509183645,0.0005860869432281495,True,0.9894654995456359,0.003696478564375301,0.007847883046389793
drawer_middle_open,prismatic_sliding,20270818,14,random,30,2,TP-GMM SE(2),True,,2.804837550036609,0.0006420146511837146,True,0.989159599474182,0.004839288495881005,0.013473042961012933
drawer_middle_open,prismatic_sliding,20270818,13,random,30,1,TP-GMM additive,True,,3.443919591838494,0.0011974900385537054,True,0.9794072473313931,0.003450871197620381,0.005294552762795208
drawer_middle_open,prismatic_sliding,20270818,13,random,30,1,TP-GMM SE(2),True,,3.3218910058494657,0.0012549365976218542,True,0.9530553449471624,0.004362210386105727,0.006921753083092198
drawer_middle_open,prismatic_sliding,20280818,9,qualified,15,0,TP-GMM additive,True,,1.077183946967125,0.0031113078010573795,True,0.9154823060073675,0.0017697942868191137,0.0014804279452304988
drawer_middle_open,prismatic_sliding,20280818,9,qualified,15,0,TP-GMM SE(2),True,,1.262451214948669,0.003231307007835142,True,0.8942932745824306,0.002114173660274091,0.0013070450974022442
drawer_middle_open,prismatic_sliding,20280818,11,qualified,15,2,TP-GMM additive,True,,1.3376592160202563,0.0013463765263789173,True,0.9827886534571895,0.002984954545502392,0.0025914237644769586
drawer_middle_open,prismatic_sliding,20280818,11,qualified,15,2,TP-GMM SE(2),True,,1.2435628480743617,0.001305791047616495,True,0.9727758092097083,0.0032815479154907584,0.002855376427106222
drawer_middle_open,prismatic_sliding,20280818,10,qualified,15,1,TP-GMM additive,True,,1.5764430130366236,0.0031592184317798815,True,0.9387094289154546,0.0021724606491476057,0.0020270743814706873
drawer_middle_open,prismatic_sliding,20280818,10,qualified,15,1,TP-GMM SE(2),True,,1.2558169870171696,0.004445637954964002,True,0.9055545319430758,0.0025655545066811526,0.0018793386977429783
drawer_middle_open,prismatic_sliding,20280818,2,random,8,2,TP-GMM additive,True,,2.463843483943492,0.0018866049148555553,True,0.9916100933270167,0.007613865028129241,0.0017014633100489833
drawer_middle_open,prismatic_sliding,20280818,2,random,8,2,TP-GMM SE(2),True,,2.86852426500991,0.004766456197142972,True,0.9947940783989334,0.010974113889100879,0.0032058781741495937
drawer_middle_open,prismatic_sliding,20280818,8,random,15,2,TP-GMM additive,True,,1.6367463648784906,0.0017306665708407408,True,0.9384954058259953,0.002245201235501635,0.003171523688706048
drawer_middle_open,prismatic_sliding,20280818,8,random,15,2,TP-GMM SE(2),True,,1.7469433629885316,0.002033491365425135,True,0.9157037228862269,0.0022779200345513255,0.0024313916840909165
drawer_middle_open,prismatic_sliding,20270818,16,qualified,30,1,TP-GMM additive,True,,3.507427346194163,0.00313291410574697,True,0.9049225240078534,0.001982263395488454,0.0015398710950365452
drawer_middle_open,prismatic_sliding,20270818,16,qualified,30,1,TP-GMM SE(2),True,,3.7185793188400567,0.0005012796258137066,True,0.9872663627510936,0.0024501547475916235,0.004849258679989601
stove_knob_turn,revolute_knob,20260818,3,qualified,8,0,TP-GMM additive,True,,0.515146722085774,0.005848380457400008,True,0.003996026331942048,0.00270493671020376,0.9964229094886958
stove_knob_turn,revolute_knob,20260818,3,qualified,8,0,TP-GMM SE(2),True,,0.504201398929581,0.005472673804569412,True,0.0056054635146290015,0.002448140938862446,0.996639440159539
stove_knob_turn,revolute_knob,20260818,1,random,8,1,TP-GMM additive,True,,0.8954446781426668,0.002401864557071048,True,0.006194722534516004,0.004336431893554872,0.9909282803535492
stove_knob_turn,revolute_knob,20260818,1,random,8,1,TP-GMM SE(2),True,,1.0635061340872198,0.0025544409139914136,True,0.006302610036940238,0.0045145239866201566,0.9910731130727854
stove_knob_turn,revolute_knob,20260818,0,random,8,0,TP-GMM additive,True,,1.2861923838499933,0.002459726662158839,True,0.0030898728248829007,0.0032469430333416658,0.9923116470209818
stove_knob_turn,revolute_knob,20260818,0,random,8,0,TP-GMM SE(2),True,,0.8077481877990067,0.002643291330620827,True,0.002298387010887377,0.0031810468635262894,0.9927014945900516
drawer_middle_open,prismatic_sliding,20280818,7,random,15,1,TP-GMM additive,True,,2.6319382211659104,0.00813749120246125,True,0.9637427234916035,0.0031345962993874904,0.0019269779667929505
drawer_middle_open,prismatic_sliding,20280818,7,random,15,1,TP-GMM SE(2),True,,3.0871288899797946,0.004396099664329052,True,0.9093528238138249,0.002609145769221741,0.0014592230313740704
stove_knob_turn,revolute_knob,20260818,5,qualified,8,2,TP-GMM additive,True,,0.6728474120609462,0.004588289242614587,True,0.0019274867577398723,0.007600003291261741,0.9951885360710869
stove_knob_turn,revolute_knob,20260818,5,qualified,8,2,TP-GMM SE(2),True,,0.8650034149177372,0.004295281601366758,True,0.0022894811609277432,0.004205428706791353,0.9948381463284126
drawer_middle_open,prismatic_sliding,20270818,15,qualified,30,0,TP-GMM additive,True,,4.716106755891815,0.003820152773594289,True,0.9230141596328761,0.0024325404190380056,0.0015941941726986982
drawer_middle_open,prismatic_sliding,20270818,15,qualified,30,0,TP-GMM SE(2),True,,4.662480253027752,0.004511200386834199,True,0.9056606865848194,0.0025401898083065623,0.0016134314798313177
stove_knob_turn,revolute_knob,20260818,2,random,8,2,TP-GMM additive,True,,1.110585105838254,0.002640687757704545,True,0.0030535511016222677,0.0074484479330776026,0.9947200801738844
stove_knob_turn,revolute_knob,20260818,2,random,8,2,TP-GMM SE(2),True,,1.6695591020397842,0.00310933213932805,True,0.0031969103586181563,0.0048361716594536265,0.9947612617398336
stove_knob_turn,revolute_knob,20260818,8,random,15,2,TP-GMM additive,True,,0.8708640169352293,0.004726107998337574,True,0.0053246350580847986,0.0022220228457104545,0.9951111312451262
stove_knob_turn,revolute_knob,20260818,8,random,15,2,TP-GMM SE(2),True,,0.908705391921103,0.004338485489646686,True,0.004209682994335616,0.002315115178401599,0.9951051778418443
stove_knob_turn,revolute_knob,20260818,7,random,15,1,TP-GMM additive,True,,0.8931016789283603,0.004769190796035125,True,0.0021588229978973684,0.002612202945685868,0.9967831241681459
stove_knob_turn,revolute_knob,20260818,7,random,15,1,TP-GMM SE(2),True,,1.1757606039755046,0.004692160752660421,True,0.002084998631590732,0.0026671573465217135,0.9967646406603556
drawer_middle_open,prismatic_sliding,20280818,13,random,30,1,TP-GMM additive,True,,2.523574255872518,0.0011974900385537054,True,0.9794072473313931,0.003450871197620381,0.005294552762795208
drawer_middle_open,prismatic_sliding,20280818,13,random,30,1,TP-GMM SE(2),True,,2.9427855368703604,0.0012549365976218542,True,0.9530553449471624,0.004362210386105727,0.006921753083092198
drawer_middle_open,prismatic_sliding,20280818,6,random,15,0,TP-GMM additive,True,,3.200582826975733,0.004325703610816511,True,0.906340791117094,0.002393163372612336,0.0012720722193628213
drawer_middle_open,prismatic_sliding,20280818,6,random,15,0,TP-GMM SE(2),True,,4.2019134510774165,0.0033686275330004783,True,0.9207802181675218,0.002451864623208941,0.0013067630546009696
stove_knob_turn,revolute_knob,20260818,9,qualified,15,0,TP-GMM additive,True,,1.0447813509963453,0.004620798832152276,True,0.003424449483761473,0.0017877246638921332,0.9965503902039703
stove_knob_turn,revolute_knob,20260818,9,qualified,15,0,TP-GMM SE(2),True,,1.2071831950452179,0.004461868587640745,True,0.0027239879472062047,0.0022156194592388534,0.9965174882920953
stove_knob_turn,revolute_knob,20260818,4,qualified,8,1,TP-GMM additive,True,,1.6880017491057515,0.0026609040751492024,True,0.0032410745875441765,0.0020123582683299972,0.9965195282496152
stove_knob_turn,revolute_knob,20260818,4,qualified,8,1,TP-GMM SE(2),True,,1.8316231789067388,0.0027530051654363957,True,0.0027265116371893183,0.002845039568160376,0.9966126454610754
drawer_middle_open,prismatic_sliding,20280818,17,qualified,30,2,TP-GMM additive,True,,3.2034000370185822,0.0024000496176802264,True,0.9838928357974036,0.04584605983711129,0.07373123540207001
drawer_middle_open,prismatic_sliding,20280818,17,qualified,30,2,TP-GMM SE(2),True,,1.9802731350064278,0.000491909920407833,True,0.9841713530485408,0.0024240461693353556,0.005966573631420392
stove_knob_turn,revolute_knob,20260818,11,qualified,15,2,TP-GMM additive,True,,1.394678101874888,0.003874365357971945,True,0.0021571664346570828,0.002843094878106308,0.9947755814578584
stove_knob_turn,revolute_knob,20260818,11,qualified,15,2,TP-GMM SE(2),True,,1.1933833342045546,0.004020606977308153,True,0.0020681346121536963,0.003128868414043751,0.9947699895326311
stove_knob_turn,revolute_knob,20260818,6,random,15,0,TP-GMM additive,True,,2.0403478830121458,0.003917664075592139,True,0.003048263890748029,0.002480278882162176,0.9971166789485777
stove_knob_turn,revolute_knob,20260818,6,random,15,0,TP-GMM SE(2),True,,2.5651876491028816,0.003966422783555526,True,0.003032271905218041,0.002571806763174873,0.9970889300431576
stove_knob_turn,revolute_knob,20270818,0,random,8,0,TP-GMM additive,True,,0.7998749418184161,0.002459726662158839,True,0.0030898728248829007,0.0032469430333416658,0.9923116470209818
stove_knob_turn,revolute_knob,20270818,0,random,8,0,TP-GMM SE(2),True,,0.8117408610414714,0.002643291330620827,True,0.002298387010887377,0.0031810468635262894,0.9927014945900516
stove_knob_turn,revolute_knob,20270818,3,qualified,8,0,TP-GMM additive,True,,0.52010482782498,0.005848380457400008,True,0.003996026331942048,0.00270493671020376,0.9964229094886958
stove_knob_turn,revolute_knob,20270818,3,qualified,8,0,TP-GMM SE(2),True,,0.5034613369498402,0.005472673804569412,True,0.0056054635146290015,0.002448140938862446,0.996639440159539
stove_knob_turn,revolute_knob,20270818,2,random,8,2,TP-GMM additive,True,,0.8628734638914466,0.002640687757704545,True,0.0030535511016222677,0.0074484479330776026,0.9947200801738844
stove_knob_turn,revolute_knob,20270818,2,random,8,2,TP-GMM SE(2),True,,0.9159213230013847,0.00310933213932805,True,0.0031969103586181563,0.0048361716594536265,0.9947612617398336
drawer_middle_open,prismatic_sliding,20280818,16,qualified,30,1,TP-GMM additive,True,,3.5707680620253086,0.00313291410574697,True,0.9049225240078534,0.001982263395488454,0.0015398710950365452
drawer_middle_open,prismatic_sliding,20280818,16,qualified,30,1,TP-GMM SE(2),True,,3.821009695995599,0.0005012796258137066,True,0.9872663627510936,0.0024501547475916235,0.004849258679989601
stove_knob_turn,revolute_knob,20260818,13,random,30,1,TP-GMM additive,True,,1.5555229559540749,0.004316384603750786,True,0.0018920962748803932,0.002011276465592064,0.9966277241917265
stove_knob_turn,revolute_knob,20260818,13,random,30,1,TP-GMM SE(2),True,,2.0240340719465166,0.0028512820349712626,True,0.009902484708716333,0.022660449634488957,0.9665879901926937
stove_knob_turn,revolute_knob,20260818,10,qualified,15,1,TP-GMM additive,True,,1.9809361731167883,0.004217532392375515,True,0.0033737806424250848,0.0021476153857254406,0.9960550492681154
stove_knob_turn,revolute_knob,20260818,10,qualified,15,1,TP-GMM SE(2),True,,2.528375893132761,0.0041244870924995606,True,0.0025684603791547855,0.002675108193272772,0.9960301768220629
stove_knob_turn,revolute_knob,20270818,5,qualified,8,2,TP-GMM additive,True,,0.6799988399725407,0.004588289242614587,True,0.0019274867577398723,0.007600003291261741,0.9951885360710869
stove_knob_turn,revolute_knob,20270818,5,qualified,8,2,TP-GMM SE(2),True,,0.8839467149227858,0.004295281601366758,True,0.0022894811609277432,0.004205428706791353,0.9948381463284126
stove_knob_turn,revolute_knob,20260818,15,qualified,30,0,TP-GMM additive,True,,2.081137905130163,0.0008691997662635459,True,0.002149290081392823,0.0026706662862387154,0.9902519524515533
stove_knob_turn,revolute_knob,20260818,15,qualified,30,0,TP-GMM SE(2),True,,1.9356570921372622,0.0015764953556824423,True,0.002110863853418536,0.003004208123651147,0.9962409863872238
stove_knob_turn,revolute_knob,20270818,6,random,15,0,TP-GMM additive,True,,0.8253943519666791,0.003917664075592139,True,0.003048263890748029,0.002480278882162176,0.9971166789485777
stove_knob_turn,revolute_knob,20270818,6,random,15,0,TP-GMM SE(2),True,,1.0301050608977675,0.003966422783555526,True,0.003032271905218041,0.002571806763174873,0.9970889300431576
drawer_middle_open,prismatic_sliding,20280818,12,random,30,0,TP-GMM additive,True,,4.504701683064923,0.003946518932789016,True,0.9162507886165822,0.0033231607040808226,0.0013816980138145337
drawer_middle_open,prismatic_sliding,20280818,12,random,30,0,TP-GMM SE(2),True,,5.3942453330382705,0.0014649473817181062,True,0.978610607702754,0.007447434099542402,0.02690655915873644
drawer_middle_open,prismatic_sliding,20280818,14,random,30,2,TP-GMM additive,True,,4.121714988956228,0.0005860869432281495,True,0.9894654995456359,0.003696478564375301,0.007847883046389793
drawer_middle_open,prismatic_sliding,20280818,14,random,30,2,TP-GMM SE(2),True,,4.65694852382876,0.0006420146511837146,True,0.989159599474182,0.004839288495881005,0.013473042961012933
stove_knob_turn,revolute_knob,20260818,14,random,30,2,TP-GMM additive,True,,2.5993711908813566,0.0009547638300972639,True,0.015828786306414076,0.005348328451722157,0.9864523958293231
stove_knob_turn,revolute_knob,20260818,14,random,30,2,TP-GMM SE(2),True,,1.8139121739659458,0.0010968702738948443,True,0.0023321797036173464,0.004071384602722826,0.9806814927056906
drawer_middle_open,prismatic_sliding,20280818,15,qualified,30,0,TP-GMM additive,True,,4.6618323910515755,0.003820152773594289,True,0.9230141596328761,0.0024325404190380056,0.0015941941726986982
drawer_middle_open,prismatic_sliding,20280818,15,qualified,30,0,TP-GMM SE(2),True,,4.687753773992881,0.004511200386834199,True,0.9056606865848194,0.0025401898083065623,0.0016134314798313177
stove_knob_turn,revolute_knob,20270818,7,random,15,1,TP-GMM additive,True,,0.9147881481330842,0.004769190796035125,True,0.0021588229978973684,0.002612202945685868,0.9967831241681459
stove_knob_turn,revolute_knob,20270818,7,random,15,1,TP-GMM SE(2),True,,1.1920803359244019,0.004692160752660421,True,0.002084998631590732,0.0026671573465217135,0.9967646406603556
stove_knob_turn,revolute_knob,20270818,9,qualified,15,0,TP-GMM additive,True,,1.0622510209213942,0.004620798832152276,True,0.003424449483761473,0.0017877246638921332,0.9965503902039703
stove_knob_turn,revolute_knob,20270818,9,qualified,15,0,TP-GMM SE(2),True,,0.845272823004052,0.004461868587640745,True,0.0027239879472062047,0.0022156194592388534,0.9965174882920953
stove_knob_turn,revolute_knob,20270818,4,qualified,8,1,TP-GMM additive,True,,1.7063032621517777,0.0026609040751492024,True,0.0032410745875441765,0.0020123582683299972,0.9965195282496152
stove_knob_turn,revolute_knob,20270818,4,qualified,8,1,TP-GMM SE(2),True,,1.8461727679241449,0.0027530051654363957,True,0.0027265116371893183,0.002845039568160376,0.9966126454610754
stove_knob_turn,revolute_knob,20270818,1,random,8,1,TP-GMM additive,True,,2.356859843013808,0.002401864557071048,True,0.006194722534516004,0.004336431893554872,0.9909282803535492
stove_knob_turn,revolute_knob,20270818,1,random,8,1,TP-GMM SE(2),True,,2.7191574678290635,0.0025544409139914136,True,0.006302610036940238,0.0045145239866201566,0.9910731130727854
stove_knob_turn,revolute_knob,20260818,12,random,30,0,TP-GMM additive,True,,4.114898648811504,0.0015407415276436176,True,0.002210121970000726,0.0041120133839023815,0.9970535355083785
stove_knob_turn,revolute_knob,20260818,12,random,30,0,TP-GMM SE(2),True,,3.223572239978239,0.0009022594644784757,True,0.00985823713470254,0.004527449216758727,0.9969871368480684
stove_knob_turn,revolute_knob,20270818,11,qualified,15,2,TP-GMM additive,True,,1.4047108450904489,0.003874365357971945,True,0.0021571664346570828,0.002843094878106308,0.9947755814578584
stove_knob_turn,revolute_knob,20270818,11,qualified,15,2,TP-GMM SE(2),True,,1.3411601590923965,0.004020606977308153,True,0.0020681346121536963,0.003128868414043751,0.9947699895326311
stove_knob_turn,revolute_knob,20260818,16,qualified,30,1,TP-GMM additive,True,,3.256242038914934,0.0009049800724375155,True,0.008720007905342752,0.002639985484827522,0.9971477670328645
stove_knob_turn,revolute_knob,20260818,16,qualified,30,1,TP-GMM SE(2),True,,3.151056431932375,0.000841642316211229,True,0.00262692913716775,0.005281888865069661,0.9943918343921839
stove_knob_turn,revolute_knob,20280818,0,random,8,0,TP-GMM additive,True,,0.8059506770223379,0.002459726662158839,True,0.0030898728248829007,0.0032469430333416658,0.9923116470209818
stove_knob_turn,revolute_knob,20280818,0,random,8,0,TP-GMM SE(2),True,,0.8052883029449731,0.002643291330620827,True,0.002298387010887377,0.0031810468635262894,0.9927014945900516
stove_knob_turn,revolute_knob,20280818,1,random,8,1,TP-GMM additive,True,,0.8965612049214542,0.002401864557071048,True,0.006194722534516004,0.004336431893554872,0.9909282803535492
stove_knob_turn,revolute_knob,20280818,1,random,8,1,TP-GMM SE(2),True,,1.0481598200276494,0.0025544409139914136,True,0.006302610036940238,0.0045145239866201566,0.9910731130727854
stove_knob_turn,revolute_knob,20270818,8,random,15,2,TP-GMM additive,True,,2.0163822541944683,0.004726107998337574,True,0.0053246350580847986,0.0022220228457104545,0.9951111312451262
stove_knob_turn,revolute_knob,20270818,8,random,15,2,TP-GMM SE(2),True,,2.098569342168048,0.004338485489646686,True,0.004209682994335616,0.002315115178401599,0.9951051778418443
stove_knob_turn,revolute_knob,20270818,12,random,30,0,TP-GMM additive,True,,2.009727351134643,0.0015407415276436176,True,0.002210121970000726,0.0041120133839023815,0.9970535355083785
stove_knob_turn,revolute_knob,20270818,12,random,30,0,TP-GMM SE(2),True,,1.553067535860464,0.0009022594644784757,True,0.00985823713470254,0.004527449216758727,0.9969871368480684
stove_knob_turn,revolute_knob,20270818,16,qualified,30,1,TP-GMM additive,True,,1.797077836934477,0.0009049800724375155,True,0.008720007905342752,0.002639985484827522,0.9971477670328645
stove_knob_turn,revolute_knob,20270818,16,qualified,30,1,TP-GMM SE(2),True,,1.490936587098986,0.000841642316211229,True,0.00262692913716775,0.005281888865069661,0.9943918343921839
stove_knob_turn,revolute_knob,20270818,13,random,30,1,TP-GMM additive,True,,1.5569284739904106,0.004316384603750786,True,0.0018920962748803932,0.002011276465592064,0.9966277241917265
stove_knob_turn,revolute_knob,20270818,13,random,30,1,TP-GMM SE(2),True,,1.9935783499386162,0.0028512820349712626,True,0.009902484708716333,0.022660449634488957,0.9665879901926937
stove_knob_turn,revolute_knob,20270818,10,qualified,15,1,TP-GMM additive,True,,1.9970222709234804,0.004217532392375515,True,0.0033737806424250848,0.0021476153857254406,0.9960550492681154
stove_knob_turn,revolute_knob,20270818,10,qualified,15,1,TP-GMM SE(2),True,,2.586000245064497,0.0041244870924995606,True,0.0025684603791547855,0.002675108193272772,0.9960301768220629
stove_knob_turn,revolute_knob,20280818,3,qualified,8,0,TP-GMM additive,True,,1.351544177159667,0.005848380457400008,True,0.003996026331942048,0.00270493671020376,0.9964229094886958
stove_knob_turn,revolute_knob,20280818,3,qualified,8,0,TP-GMM SE(2),True,,1.3523224859964103,0.005472673804569412,True,0.0056054635146290015,0.002448140938862446,0.996639440159539
stove_knob_turn,revolute_knob,20260818,17,qualified,30,2,TP-GMM additive,True,,4.678181348834187,0.0015843637956716617,True,0.008845116046914066,0.0028423076222046577,0.9875410236940626
stove_knob_turn,revolute_knob,20260818,17,qualified,30,2,TP-GMM SE(2),True,,3.645701223053038,0.00563285758750416,True,0.002573344934202085,0.003121735136781279,0.9909871604882436
stove_knob_turn,revolute_knob,20280818,7,random,15,1,TP-GMM additive,True,,0.9038802429568022,0.004769190796035125,True,0.0021588229978973684,0.002612202945685868,0.9967831241681459
stove_knob_turn,revolute_knob,20280818,7,random,15,1,TP-GMM SE(2),True,,1.1997811431065202,0.004692160752660421,True,0.002084998631590732,0.0026671573465217135,0.9967646406603556
stove_knob_turn,revolute_knob,20280818,8,random,15,2,TP-GMM additive,True,,0.8713080189190805,0.004726107998337574,True,0.0053246350580847986,0.0022220228457104545,0.9951111312451262
stove_knob_turn,revolute_knob,20280818,8,random,15,2,TP-GMM SE(2),True,,0.9252407890744507,0.004338485489646686,True,0.004209682994335616,0.002315115178401599,0.9951051778418443
stove_knob_turn,revolute_knob,20280818,10,qualified,15,1,TP-GMM additive,True,,0.8578787851147354,0.004217532392375515,True,0.0033737806424250848,0.0021476153857254406,0.9960550492681154
stove_knob_turn,revolute_knob,20280818,10,qualified,15,1,TP-GMM SE(2),True,,1.0436947799753398,0.0041244870924995606,True,0.0025684603791547855,0.002675108193272772,0.9960301768220629
stove_knob_turn,revolute_knob,20280818,6,random,15,0,TP-GMM additive,True,,1.8084882909897715,0.003917664075592139,True,0.003048263890748029,0.002480278882162176,0.9971166789485777
stove_knob_turn,revolute_knob,20280818,6,random,15,0,TP-GMM SE(2),True,,1.4163446128368378,0.003966422783555526,True,0.003032271905218041,0.002571806763174873,0.9970889300431576
stove_knob_turn,revolute_knob,20280818,4,qualified,8,1,TP-GMM additive,True,,1.6888065529055893,0.0026609040751492024,True,0.0032410745875441765,0.0020123582683299972,0.9965195282496152
stove_knob_turn,revolute_knob,20280818,4,qualified,8,1,TP-GMM SE(2),True,,1.8389307539910078,0.0027530051654363957,True,0.0027265116371893183,0.002845039568160376,0.9966126454610754
stove_knob_turn,revolute_knob,20280818,5,qualified,8,2,TP-GMM additive,True,,1.6891730050556362,0.004588289242614587,True,0.0019274867577398723,0.007600003291261741,0.9951885360710869
stove_knob_turn,revolute_knob,20280818,5,qualified,8,2,TP-GMM SE(2),True,,1.7688629219774157,0.004295281601366758,True,0.0022894811609277432,0.004205428706791353,0.9948381463284126
stove_knob_turn,revolute_knob,20280818,2,random,8,2,TP-GMM additive,True,,2.228180286940187,0.002640687757704545,True,0.0030535511016222677,0.0074484479330776026,0.9947200801738844
stove_knob_turn,revolute_knob,20280818,2,random,8,2,TP-GMM SE(2),True,,2.525776361115277,0.00310933213932805,True,0.0031969103586181563,0.0048361716594536265,0.9947612617398336
stove_knob_turn,revolute_knob,20280818,11,qualified,15,2,TP-GMM additive,True,,1.410286215133965,0.003874365357971945,True,0.0021571664346570828,0.002843094878106308,0.9947755814578584
stove_knob_turn,revolute_knob,20280818,11,qualified,15,2,TP-GMM SE(2),True,,1.5605111909098923,0.004020606977308153,True,0.0020681346121536963,0.003128868414043751,0.9947699895326311
microwave_door_revolute,revolute_door,20260818,0,random,8,0,TP-GMM additive,True,,0.8041490688920021,0.0024597266622919177,True,0.0030898728248985965,0.0032469430333230266,0.9923116470210773
microwave_door_revolute,revolute_door,20260818,0,random,8,0,TP-GMM SE(2),True,,0.7977577629499137,0.00264329133061613,True,0.0022983870108851156,0.003181046863529025,0.9927014945900835
stove_knob_turn,revolute_knob,20280818,12,random,30,0,TP-GMM additive,True,,1.990489199059084,0.0015407415276436176,True,0.002210121970000726,0.0041120133839023815,0.9970535355083785
stove_knob_turn,revolute_knob,20280818,12,random,30,0,TP-GMM SE(2),True,,1.5719360129442066,0.0009022594644784757,True,0.00985823713470254,0.004527449216758727,0.9969871368480684
microwave_door_revolute,revolute_door,20260818,3,qualified,8,0,TP-GMM additive,True,,0.9037523288279772,0.005848380457322598,True,0.003996026331956231,0.0027049367102005076,0.9964229094886958
microwave_door_revolute,revolute_door,20260818,3,qualified,8,0,TP-GMM SE(2),True,,0.5051145248580724,0.005472673804561979,True,0.0056054635146300606,0.002448140938861599,0.9966394401593799
stove_knob_turn,revolute_knob,20270818,14,random,30,2,TP-GMM additive,True,,3.8093098970130086,0.0009547638300972639,True,0.015828786306414076,0.005348328451722157,0.9864523958293231
stove_knob_turn,revolute_knob,20270818,14,random,30,2,TP-GMM SE(2),True,,3.5538884589914232,0.0010968702738948443,True,0.0023321797036173464,0.004071384602722826,0.9806814927056906
stove_knob_turn,revolute_knob,20280818,9,qualified,15,0,TP-GMM additive,True,,2.5036343799438328,0.004620798832152276,True,0.003424449483761473,0.0017877246638921332,0.9965503902039703
stove_knob_turn,revolute_knob,20280818,9,qualified,15,0,TP-GMM SE(2),True,,1.9862925210036337,0.004461868587640745,True,0.0027239879472062047,0.0022156194592388534,0.9965174882920953
microwave_door_revolute,revolute_door,20260818,1,random,8,1,TP-GMM additive,True,,0.9166603230405599,0.0024018645569920563,True,0.006194722534524356,0.004336431893532257,0.9909282803536128
microwave_door_revolute,revolute_door,20260818,1,random,8,1,TP-GMM SE(2),True,,1.055080444086343,0.0025544409140192677,True,0.006302610036939883,0.0045145239866165145,0.9910731130727537
stove_knob_turn,revolute_knob,20270818,15,qualified,30,0,TP-GMM additive,True,,4.255329892970622,0.0008691997662635459,True,0.002149290081392823,0.0026706662862387154,0.9902519524515533
stove_knob_turn,revolute_knob,20270818,15,qualified,30,0,TP-GMM SE(2),True,,4.024705433985218,0.0015764953556824423,True,0.002110863853418536,0.003004208123651147,0.9962409863872238
stove_knob_turn,revolute_knob,20280818,17,qualified,30,2,TP-GMM additive,True,,2.1395148208830506,0.0015843637956716617,True,0.008845116046914066,0.0028423076222046577,0.9875410236940626
stove_knob_turn,revolute_knob,20280818,17,qualified,30,2,TP-GMM SE(2),True,,1.6613171759527177,0.00563285758750416,True,0.002573344934202085,0.003121735136781279,0.9909871604882436
stove_knob_turn,revolute_knob,20270818,17,qualified,30,2,TP-GMM additive,True,,4.4435855858027935,0.0015843637956716617,True,0.008845116046914066,0.0028423076222046577,0.9875410236940626
stove_knob_turn,revolute_knob,20270818,17,qualified,30,2,TP-GMM SE(2),True,,3.591035933000967,0.00563285758750416,True,0.002573344934202085,0.003121735136781279,0.9909871604882436
microwave_door_revolute,revolute_door,20260818,6,random,15,0,TP-GMM additive,True,,0.8128704549744725,0.00391766407551683,True,0.0030482638907614002,0.0024802788821715552,0.9971166789485141
microwave_door_revolute,revolute_door,20260818,6,random,15,0,TP-GMM SE(2),True,,1.0203330421354622,0.003966422783557592,True,0.0030322719052178295,0.0025718067631746878,0.9970889300431258
microwave_door_revolute,revolute_door,20260818,7,random,15,1,TP-GMM additive,True,,0.8959886401426047,0.0047691907959685675,True,0.002158822997907735,0.002612202945688515,0.9967831241681777
microwave_door_revolute,revolute_door,20260818,7,random,15,1,TP-GMM SE(2),True,,1.191676673013717,0.004692160752659635,True,0.002084998631590329,0.002667157346521673,0.9967646406603238
microwave_door_revolute,revolute_door,20260818,9,qualified,15,0,TP-GMM additive,True,,1.059866514056921,0.004620798832092782,True,0.0034244494837646715,0.0017877246638920755,0.9965503902040022
microwave_door_revolute,revolute_door,20260818,9,qualified,15,0,TP-GMM SE(2),True,,0.8827615680638701,0.004461868587642806,True,0.002723987947206336,0.002215619459238898,0.9965174882920953
stove_knob_turn,revolute_knob,20280818,16,qualified,30,1,TP-GMM additive,True,,2.2747802580706775,0.0009049800724375155,True,0.008720007905342752,0.002639985484827522,0.9971477670328645
stove_knob_turn,revolute_knob,20280818,16,qualified,30,1,TP-GMM SE(2),True,,2.5662680570967495,0.000841642316211229,True,0.00262692913716775,0.005281888865069661,0.9943918343921839
microwave_door_revolute,revolute_door,20260818,4,qualified,8,1,TP-GMM additive,True,,1.7114869058132172,0.002660904075305257,True,0.0032410745874794336,0.002012358268320715,0.996519528249806
microwave_door_revolute,revolute_door,20260818,4,qualified,8,1,TP-GMM SE(2),True,,1.8496033810079098,0.0027530051654204584,True,0.0027265116371924143,0.0028450395681611576,0.9966126454611708
microwave_door_revolute,revolute_door,20260818,8,random,15,2,TP-GMM additive,True,,1.0101000741124153,0.0047261079983439355,True,0.005324635058093887,0.0022220228457176332,0.995111131245158
microwave_door_revolute,revolute_door,20260818,8,random,15,2,TP-GMM SE(2),True,,1.489268712932244,0.004338485489647038,True,0.0042096829943354215,0.0023151151784009086,0.9951051778420034
microwave_door_revolute,revolute_door,20260818,11,qualified,15,2,TP-GMM additive,True,,1.4103180170059204,0.0038743653579631993,True,0.0021571664346585226,0.0028430948781020603,0.9947755814578902
microwave_door_revolute,revolute_door,20260818,11,qualified,15,2,TP-GMM SE(2),True,,1.3579295040108263,0.00402060697730994,True,0.002068134612153434,0.0031288684140440867,0.9947699895327264
microwave_door_revolute,revolute_door,20260818,5,qualified,8,2,TP-GMM additive,True,,1.67360691097565,0.0045882892426549705,True,0.0019274867577368613,0.007600003291286509,0.9951885360710233
microwave_door_revolute,revolute_door,20260818,5,qualified,8,2,TP-GMM SE(2),True,,2.2284324429929256,0.004295281601366249,True,0.0022894811609276058,0.004205428706791285,0.9948381463283807
microwave_door_revolute,revolute_door,20260818,2,random,8,2,TP-GMM additive,True,,2.2044168771244586,0.0026406877576738903,True,0.0030535511016460863,0.00744844793310259,0.9947200801739162
microwave_door_revolute,revolute_door,20260818,2,random,8,2,TP-GMM SE(2),True,,2.565616896143183,0.0031093321393257027,True,0.003196910358617267,0.004836171659451806,0.99476126173977
stove_knob_turn,revolute_knob,20280818,13,random,30,1,TP-GMM additive,True,,3.2819878559093922,0.004316384603750786,True,0.0018920962748803932,0.002011276465592064,0.9966277241917265
stove_knob_turn,revolute_knob,20280818,13,random,30,1,TP-GMM SE(2),True,,4.23499501706101,0.0028512820349712626,True,0.009902484708716333,0.022660449634488957,0.9665879901926937
microwave_door_revolute,revolute_door,20270818,0,random,8,0,TP-GMM additive,True,,1.0295133909676224,0.0024597266622919177,True,0.0030898728248985965,0.0032469430333230266,0.9923116470210773
microwave_door_revolute,revolute_door,20270818,0,random,8,0,TP-GMM SE(2),True,,0.7984499589074403,0.00264329133061613,True,0.0022983870108851156,0.003181046863529025,0.9927014945900835
microwave_door_revolute,revolute_door,20270818,3,qualified,8,0,TP-GMM additive,True,,0.5233653830364347,0.005848380457322598,True,0.003996026331956231,0.0027049367102005076,0.9964229094886958
microwave_door_revolute,revolute_door,20270818,3,qualified,8,0,TP-GMM SE(2),True,,0.5075144150760025,0.005472673804561979,True,0.0056054635146300606,0.002448140938861599,0.9966394401593799
stove_knob_turn,revolute_knob,20280818,14,random,30,2,TP-GMM additive,True,,3.889605995034799,0.0009547638300972639,True,0.015828786306414076,0.005348328451722157,0.9864523958293231
stove_knob_turn,revolute_knob,20280818,14,random,30,2,TP-GMM SE(2),True,,3.8006782699376345,0.0010968702738948443,True,0.0023321797036173464,0.004071384602722826,0.9806814927056906
microwave_door_revolute,revolute_door,20270818,4,qualified,8,1,TP-GMM additive,True,,0.7981645299587399,0.002660904075305257,True,0.0032410745874794336,0.002012358268320715,0.996519528249806
microwave_door_revolute,revolute_door,20270818,4,qualified,8,1,TP-GMM SE(2),True,,0.6899215900339186,0.0027530051654204584,True,0.0027265116371924143,0.0028450395681611576,0.9966126454611708
microwave_door_revolute,revolute_door,20260818,13,random,30,1,TP-GMM additive,True,,1.5535180990118533,0.0043163846037247225,True,0.0018920962748814668,0.0020112764655919727,0.9966277241916311
microwave_door_revolute,revolute_door,20260818,13,random,30,1,TP-GMM SE(2),True,,2.01210273290053,0.0028512820349339838,True,0.009902484708720129,0.02266044963458062,0.966587990192662
microwave_door_revolute,revolute_door,20260818,10,qualified,15,1,TP-GMM additive,True,,1.9768605921417475,0.004217532392295137,True,0.003373780642432115,0.002147615385718234,0.9960550492680836
microwave_door_revolute,revolute_door,20260818,10,qualified,15,1,TP-GMM SE(2),True,,2.506138189928606,0.004124487092500012,True,0.0025684603791551156,0.0026751081932736287,0.9960301768219675
microwave_door_revolute,revolute_door,20260818,16,qualified,30,1,TP-GMM additive,True,,1.7756375058088452,0.0009049800724339998,True,0.00872000790536259,0.002639985484823867,0.9971477670328327
microwave_door_revolute,revolute_door,20260818,16,qualified,30,1,TP-GMM SE(2),True,,1.533325987169519,0.0008416423162096058,True,0.0026269291371663755,0.005281888864984128,0.9943918343921839
microwave_door_revolute,revolute_door,20260818,15,qualified,30,0,TP-GMM additive,True,,2.076027306029573,0.000869199766286091,True,0.002149290081373011,0.0026706662863577022,0.9902519524527619
microwave_door_revolute,revolute_door,20260818,15,qualified,30,0,TP-GMM SE(2),True,,2.032205354887992,0.0015764953556875138,True,0.0021108638534244315,0.003004208123641835,0.9962409863872874
microwave_door_revolute,revolute_door,20270818,2,random,8,2,TP-GMM additive,True,,1.7130733139347285,0.0026406877576738903,True,0.0030535511016460863,0.00744844793310259,0.9947200801739162
microwave_door_revolute,revolute_door,20270818,2,random,8,2,TP-GMM SE(2),True,,1.6499858919996768,0.0031093321393257027,True,0.003196910358617267,0.004836171659451806,0.99476126173977
stove_knob_turn,revolute_knob,20280818,15,qualified,30,0,TP-GMM additive,True,,4.469395519932732,0.0008691997662635459,True,0.002149290081392823,0.0026706662862387154,0.9902519524515533
stove_knob_turn,revolute_knob,20280818,15,qualified,30,0,TP-GMM SE(2),True,,4.2005599229596555,0.0015764953556824423,True,0.002110863853418536,0.003004208123651147,0.9962409863872238
microwave_door_revolute,revolute_door,20270818,8,random,15,2,TP-GMM additive,True,,0.8827381590381265,0.0047261079983439355,True,0.005324635058093887,0.0022220228457176332,0.995111131245158
microwave_door_revolute,revolute_door,20270818,8,random,15,2,TP-GMM SE(2),True,,0.9257661169394851,0.004338485489647038,True,0.0042096829943354215,0.0023151151784009086,0.9951051778420034
microwave_door_revolute,revolute_door,20270818,7,random,15,1,TP-GMM additive,True,,0.8970058930572122,0.0047691907959685675,True,0.002158822997907735,0.002612202945688515,0.9967831241681777
microwave_door_revolute,revolute_door,20270818,7,random,15,1,TP-GMM SE(2),True,,1.1848477120511234,0.004692160752659635,True,0.002084998631590329,0.002667157346521673,0.9967646406603238
microwave_door_revolute,revolute_door,20270818,5,qualified,8,2,TP-GMM additive,True,,1.6718559430446476,0.0045882892426549705,True,0.0019274867577368613,0.007600003291286509,0.9951885360710233
microwave_door_revolute,revolute_door,20270818,5,qualified,8,2,TP-GMM SE(2),True,,2.2086062701418996,0.004295281601366249,True,0.0022894811609276058,0.004205428706791285,0.9948381463283807
microwave_door_revolute,revolute_door,20270818,11,qualified,15,2,TP-GMM additive,True,,1.4105744301341474,0.0038743653579631993,True,0.0021571664346585226,0.0028430948781020603,0.9947755814578902
microwave_door_revolute,revolute_door,20270818,11,qualified,15,2,TP-GMM SE(2),True,,1.2015593780670315,0.00402060697730994,True,0.002068134612153434,0.0031288684140440867,0.9947699895327264
microwave_door_revolute,revolute_door,20270818,1,random,8,1,TP-GMM additive,True,,2.394634915050119,0.0024018645569920563,True,0.006194722534524356,0.004336431893532257,0.9909282803536128
microwave_door_revolute,revolute_door,20270818,1,random,8,1,TP-GMM SE(2),True,,2.7751179670449346,0.0025544409140192677,True,0.006302610036939883,0.0045145239866165145,0.9910731130727537
microwave_door_revolute,revolute_door,20280818,0,random,8,0,TP-GMM additive,True,,0.7998345501255244,0.0024597266622919177,True,0.0030898728248985965,0.0032469430333230266,0.9923116470210773
microwave_door_revolute,revolute_door,20280818,0,random,8,0,TP-GMM SE(2),True,,0.8015076459851116,0.00264329133061613,True,0.0022983870108851156,0.003181046863529025,0.9927014945900835
microwave_door_revolute,revolute_door,20260818,17,qualified,30,2,TP-GMM additive,True,,2.717923424905166,0.0015843637956397636,True,0.008845116046946034,0.0028423076221936717,0.987541023694476
microwave_door_revolute,revolute_door,20260818,17,qualified,30,2,TP-GMM SE(2),True,,3.1602459121495485,0.0056328575875192475,True,0.00257334493420239,0.0031217351367613146,0.9909871604882119
microwave_door_revolute,revolute_door,20270818,6,random,15,0,TP-GMM additive,True,,1.9859278660733253,0.00391766407551683,True,0.0030482638907614002,0.0024802788821715552,0.9971166789485141
microwave_door_revolute,revolute_door,20270818,6,random,15,0,TP-GMM SE(2),True,,2.414895392023027,0.003966422783557592,True,0.0030322719052178295,0.0025718067631746878,0.9970889300431258
microwave_door_revolute,revolute_door,20270818,10,qualified,15,1,TP-GMM additive,True,,1.243515657959506,0.004217532392295137,True,0.003373780642432115,0.002147615385718234,0.9960550492680836
microwave_door_revolute,revolute_door,20270818,10,qualified,15,1,TP-GMM SE(2),True,,2.412179881008342,0.004124487092500012,True,0.0025684603791551156,0.0026751081932736287,0.9960301768219675
microwave_door_revolute,revolute_door,20260818,12,random,30,0,TP-GMM additive,True,,4.098718503955752,0.0015407415276218125,True,0.002210121970004637,0.004112013383859251,0.9970535355083466
microwave_door_revolute,revolute_door,20260818,12,random,30,0,TP-GMM SE(2),True,,3.1945489929057658,0.0009022594644687241,True,0.009858237134703572,0.004527449216758286,0.9969871368481001
microwave_door_revolute,revolute_door,20270818,13,random,30,1,TP-GMM additive,True,,1.5622191859874874,0.0043163846037247225,True,0.0018920962748814668,0.0020112764655919727,0.9966277241916311
microwave_door_revolute,revolute_door,20270818,13,random,30,1,TP-GMM SE(2),True,,2.0360282100737095,0.0028512820349339838,True,0.009902484708720129,0.02266044963458062,0.966587990192662
microwave_door_revolute,revolute_door,20280818,4,qualified,8,1,TP-GMM additive,True,,0.6350105050951242,0.002660904075305257,True,0.0032410745874794336,0.002012358268320715,0.996519528249806
microwave_door_revolute,revolute_door,20280818,4,qualified,8,1,TP-GMM SE(2),True,,0.6760237619746476,0.0027530051654204584,True,0.0027265116371924143,0.0028450395681611576,0.9966126454611708
microwave_door_revolute,revolute_door,20260818,14,random,30,2,TP-GMM additive,True,,3.8099686668720096,0.0009547638301000577,True,0.015828786306788394,0.005348328451707787,0.9864523958296412
microwave_door_revolute,revolute_door,20260818,14,random,30,2,TP-GMM SE(2),True,,3.773631599964574,0.0010968702738914078,True,0.0023321797036182316,0.004071384602722252,0.980681492705786
microwave_door_revolute,revolute_door,20280818,2,random,8,2,TP-GMM additive,True,,0.8544357519131154,0.0026406877576738903,True,0.0030535511016460863,0.00744844793310259,0.9947200801739162
microwave_door_revolute,revolute_door,20280818,2,random,8,2,TP-GMM SE(2),True,,0.9043335299938917,0.0031093321393257027,True,0.003196910358617267,0.004836171659451806,0.99476126173977
microwave_door_revolute,revolute_door,20270818,9,qualified,15,0,TP-GMM additive,True,,2.5039773071184754,0.004620798832092782,True,0.0034244494837646715,0.0017877246638920755,0.9965503902040022
microwave_door_revolute,revolute_door,20270818,9,qualified,15,0,TP-GMM SE(2),True,,1.9393280409276485,0.004461868587642806,True,0.002723987947206336,0.002215619459238898,0.9965174882920953
microwave_door_revolute,revolute_door,20270818,14,random,30,2,TP-GMM additive,True,,1.8559346969705075,0.0009547638301000577,True,0.015828786306788394,0.005348328451707787,0.9864523958296412
microwave_door_revolute,revolute_door,20270818,14,random,30,2,TP-GMM SE(2),True,,1.7971682958304882,0.0010968702738914078,True,0.0023321797036182316,0.004071384602722252,0.980681492705786
microwave_door_revolute,revolute_door,20270818,17,qualified,30,2,TP-GMM additive,True,,2.1461186960805207,0.0015843637956397636,True,0.008845116046946034,0.0028423076221936717,0.987541023694476
microwave_door_revolute,revolute_door,20270818,17,qualified,30,2,TP-GMM SE(2),True,,1.746906662127003,0.0056328575875192475,True,0.00257334493420239,0.0031217351367613146,0.9909871604882119
microwave_door_revolute,revolute_door,20280818,5,qualified,8,2,TP-GMM additive,True,,1.2802133010700345,0.0045882892426549705,True,0.0019274867577368613,0.007600003291286509,0.9951885360710233
microwave_door_revolute,revolute_door,20280818,5,qualified,8,2,TP-GMM SE(2),True,,0.8707434588577598,0.004295281601366249,True,0.0022894811609276058,0.004205428706791285,0.9948381463283807
microwave_door_revolute,revolute_door,20280818,3,qualified,8,0,TP-GMM additive,True,,1.371263779932633,0.005848380457322598,True,0.003996026331956231,0.0027049367102005076,0.9964229094886958
microwave_door_revolute,revolute_door,20280818,3,qualified,8,0,TP-GMM SE(2),True,,1.3823633899446577,0.005472673804561979,True,0.0056054635146300606,0.002448140938861599,0.9966394401593799
microwave_door_revolute,revolute_door,20280818,7,random,15,1,TP-GMM additive,True,,0.8927493700757623,0.0047691907959685675,True,0.002158822997907735,0.002612202945688515,0.9967831241681777
microwave_door_revolute,revolute_door,20280818,7,random,15,1,TP-GMM SE(2),True,,1.1843781410716474,0.004692160752659635,True,0.002084998631590329,0.002667157346521673,0.9967646406603238
microwave_door_revolute,revolute_door,20270818,15,qualified,30,0,TP-GMM additive,True,,2.1145366239361465,0.000869199766286091,True,0.002149290081373011,0.0026706662863577022,0.9902519524527619
microwave_door_revolute,revolute_door,20270818,15,qualified,30,0,TP-GMM SE(2),True,,2.5260256459005177,0.0015764953556875138,True,0.0021108638534244315,0.003004208123641835,0.9962409863872874
microwave_door_revolute,revolute_door,20280818,9,qualified,15,0,TP-GMM additive,True,,1.0539477518759668,0.004620798832092782,True,0.0034244494837646715,0.0017877246638920755,0.9965503902040022
microwave_door_revolute,revolute_door,20280818,9,qualified,15,0,TP-GMM SE(2),True,,0.8347057069186121,0.004461868587642806,True,0.002723987947206336,0.002215619459238898,0.9965174882920953
plate_front_push,planar_one_axis_push,20260818,0,random,8,0,TP-GMM additive,True,,0.6495607770048082,0.003172847991173187,True,0.9930296347358814,0.0031860339379474827,0.002299710807720005
plate_front_push,planar_one_axis_push,20260818,0,random,8,0,TP-GMM SE(2),True,,0.7906612320803106,0.0017557133631550834,True,0.9717269906811543,0.0032832202093013804,0.002409862446560519
microwave_door_revolute,revolute_door,20280818,10,qualified,15,1,TP-GMM additive,True,,1.8190133350435644,0.004217532392295137,True,0.003373780642432115,0.002147615385718234,0.9960550492680836
microwave_door_revolute,revolute_door,20280818,10,qualified,15,1,TP-GMM SE(2),True,,1.0514276169706136,0.004124487092500012,True,0.0025684603791551156,0.0026751081932736287,0.9960301768219675
microwave_door_revolute,revolute_door,20270818,12,random,30,0,TP-GMM additive,True,,4.1809110580943525,0.0015407415276218125,True,0.002210121970004637,0.004112013383859251,0.9970535355083466
microwave_door_revolute,revolute_door,20270818,12,random,30,0,TP-GMM SE(2),True,,3.2775896119419485,0.0009022594644687241,True,0.009858237134703572,0.004527449216758286,0.9969871368481001
microwave_door_revolute,revolute_door,20280818,1,random,8,1,TP-GMM additive,True,,2.345926047069952,0.0024018645569920563,True,0.006194722534524356,0.004336431893532257,0.9909282803536128
microwave_door_revolute,revolute_door,20280818,1,random,8,1,TP-GMM SE(2),True,,2.7668424071744084,0.0025544409140192677,True,0.006302610036939883,0.0045145239866165145,0.9910731130727537
plate_front_push,planar_one_axis_push,20260818,1,random,8,1,TP-GMM additive,True,,0.9601199061144143,0.0022176140435721608,True,0.980993532126162,0.004266720731225253,0.005829915822477722
plate_front_push,planar_one_axis_push,20260818,1,random,8,1,TP-GMM SE(2),True,,0.9157057930715382,0.004369292125539109,True,0.9932651479173382,0.0046743490869152445,0.0063246779947538755
microwave_door_revolute,revolute_door,20280818,8,random,15,2,TP-GMM additive,True,,1.9895133639220148,0.0047261079983439355,True,0.005324635058093887,0.0022220228457176332,0.995111131245158
microwave_door_revolute,revolute_door,20280818,8,random,15,2,TP-GMM SE(2),True,,2.1157228820957243,0.004338485489647038,True,0.0042096829943354215,0.0023151151784009086,0.9951051778420034
microwave_door_revolute,revolute_door,20280818,12,random,30,0,TP-GMM additive,True,,2.0068010380491614,0.0015407415276218125,True,0.002210121970004637,0.004112013383859251,0.9970535355083466
microwave_door_revolute,revolute_door,20280818,12,random,30,0,TP-GMM SE(2),True,,1.575947032077238,0.0009022594644687241,True,0.009858237134703572,0.004527449216758286,0.9969871368481001
microwave_door_revolute,revolute_door,20280818,6,random,15,0,TP-GMM additive,True,,2.010809323983267,0.00391766407551683,True,0.0030482638907614002,0.0024802788821715552,0.9971166789485141
microwave_door_revolute,revolute_door,20280818,6,random,15,0,TP-GMM SE(2),True,,2.4703668309375644,0.003966422783557592,True,0.0030322719052178295,0.0025718067631746878,0.9970889300431258
microwave_door_revolute,revolute_door,20280818,14,random,30,2,TP-GMM additive,True,,1.8357549931388348,0.0009547638301000577,True,0.015828786306788394,0.005348328451707787,0.9864523958296412
microwave_door_revolute,revolute_door,20280818,14,random,30,2,TP-GMM SE(2),True,,1.8151589350309223,0.0010968702738914078,True,0.0023321797036182316,0.004071384602722252,0.980681492705786
microwave_door_revolute,revolute_door,20270818,16,qualified,30,1,TP-GMM additive,True,,3.9072938640601933,0.0009049800724339998,True,0.00872000790536259,0.002639985484823867,0.9971477670328327
microwave_door_revolute,revolute_door,20270818,16,qualified,30,1,TP-GMM SE(2),True,,3.2707854020409286,0.0008416423162096058,True,0.0026269291371663755,0.005281888864984128,0.9943918343921839
plate_front_push,planar_one_axis_push,20260818,2,random,8,2,TP-GMM additive,True,,1.045689799124375,0.0018866049148555553,True,0.9916100933270167,0.007613865028129241,0.0017014633100489833
plate_front_push,planar_one_axis_push,20260818,2,random,8,2,TP-GMM SE(2),True,,1.2566231191158295,0.004766456197142972,True,0.9947940783989334,0.010974113889100879,0.0032058781741495937
plate_front_push,planar_one_axis_push,20260818,4,qualified,8,1,TP-GMM additive,True,,0.7097422950901091,0.003422818444500352,True,0.9370383780622077,0.001982306947873004,0.00166978329830814
plate_front_push,planar_one_axis_push,20260818,4,qualified,8,1,TP-GMM SE(2),True,,0.5835533801000565,0.0012627814599534028,True,0.9767255780425421,0.0027407729460941716,0.001626236349699366
microwave_door_revolute,revolute_door,20280818,16,qualified,30,1,TP-GMM additive,True,,1.956924174213782,0.0009049800724339998,True,0.00872000790536259,0.002639985484823867,0.9971477670328327
microwave_door_revolute,revolute_door,20280818,16,qualified,30,1,TP-GMM SE(2),True,,1.6418545690830797,0.0008416423162096058,True,0.0026269291371663755,0.005281888864984128,0.9943918343921839
plate_front_push,planar_one_axis_push,20260818,3,qualified,8,0,TP-GMM additive,True,,0.9883154730778188,0.004144484059385089,True,0.9680760822491224,0.012118059948000314,0.00921855780050776
plate_front_push,planar_one_axis_push,20260818,3,qualified,8,0,TP-GMM SE(2),True,,0.9610010769683868,0.0008574593567105389,True,0.9500020696860678,0.0034633776849042463,0.00288132487756263
microwave_door_revolute,revolute_door,20280818,15,qualified,30,0,TP-GMM additive,True,,3.042600648943335,0.000869199766286091,True,0.002149290081373011,0.0026706662863577022,0.9902519524527619
microwave_door_revolute,revolute_door,20280818,15,qualified,30,0,TP-GMM SE(2),True,,2.0337041409220546,0.0015764953556875138,True,0.0021108638534244315,0.003004208123641835,0.9962409863872874
microwave_door_revolute,revolute_door,20280818,11,qualified,15,2,TP-GMM additive,True,,3.2352210651151836,0.0038743653579631993,True,0.0021571664346585226,0.0028430948781020603,0.9947755814578902
microwave_door_revolute,revolute_door,20280818,11,qualified,15,2,TP-GMM SE(2),True,,2.6670027659274638,0.00402060697730994,True,0.002068134612153434,0.0031288684140440867,0.9947699895327264
plate_front_push,planar_one_axis_push,20260818,9,qualified,15,0,TP-GMM additive,True,,1.0811755149625242,0.0031113078010573795,True,0.9154823060073675,0.0017697942868191137,0.0014804279452304988
plate_front_push,planar_one_axis_push,20260818,9,qualified,15,0,TP-GMM SE(2),True,,1.2664454460609704,0.003231307007835142,True,0.8942932745824306,0.002114173660274091,0.0013070450974022442
plate_front_push,planar_one_axis_push,20260818,7,random,15,1,TP-GMM additive,True,,1.4632687589619309,0.00813749120246125,True,0.9637427234916035,0.0031345962993874904,0.0019269779667929505
plate_front_push,planar_one_axis_push,20260818,7,random,15,1,TP-GMM SE(2),True,,1.6874071808997542,0.004396099664329052,True,0.9093528238138249,0.002609145769221741,0.0014592230313740704
plate_front_push,planar_one_axis_push,20260818,11,qualified,15,2,TP-GMM additive,True,,1.3228676489088684,0.0013463765263789173,True,0.9827886534571895,0.002984954545502392,0.0025914237644769586
plate_front_push,planar_one_axis_push,20260818,11,qualified,15,2,TP-GMM SE(2),True,,1.239356050034985,0.001305791047616495,True,0.9727758092097083,0.0032815479154907584,0.002855376427106222
plate_front_push,planar_one_axis_push,20260818,5,qualified,8,2,TP-GMM additive,True,,1.9121019560843706,0.0012444669779441211,True,0.9812154992917127,0.00815139725492659,0.002635683351587783
plate_front_push,planar_one_axis_push,20260818,5,qualified,8,2,TP-GMM SE(2),True,,2.697090692818165,0.0006817732990838954,True,0.9786767474059821,0.007495708589843958,0.0026647685716008635
plate_front_push,planar_one_axis_push,20270818,1,random,8,1,TP-GMM additive,True,,0.9555901337880641,0.0022176140435721608,True,0.980993532126162,0.004266720731225253,0.005829915822477722
plate_front_push,planar_one_axis_push,20270818,1,random,8,1,TP-GMM SE(2),True,,0.9026035179849714,0.004369292125539109,True,0.9932651479173382,0.0046743490869152445,0.0063246779947538755
microwave_door_revolute,revolute_door,20280818,13,random,30,1,TP-GMM additive,True,,3.372966794995591,0.0043163846037247225,True,0.0018920962748814668,0.0020112764655919727,0.9966277241916311
microwave_door_revolute,revolute_door,20280818,13,random,30,1,TP-GMM SE(2),True,,4.418614292982966,0.0028512820349339838,True,0.009902484708720129,0.02266044963458062,0.966587990192662
plate_front_push,planar_one_axis_push,20260818,16,qualified,30,1,TP-GMM additive,True,,1.7311704109888524,0.00313291410574697,True,0.9049225240078534,0.001982263395488454,0.0015398710950365452
plate_front_push,planar_one_axis_push,20260818,16,qualified,30,1,TP-GMM SE(2),True,,1.8197583709843457,0.0005012796258137066,True,0.9872663627510936,0.0024501547475916235,0.004849258679989601
plate_front_push,planar_one_axis_push,20270818,3,qualified,8,0,TP-GMM additive,True,,0.985760300885886,0.004144484059385089,True,0.9680760822491224,0.012118059948000314,0.00921855780050776
plate_front_push,planar_one_axis_push,20270818,3,qualified,8,0,TP-GMM SE(2),True,,0.9574948418885469,0.0008574593567105389,True,0.9500020696860678,0.0034633776849042463,0.00288132487756263
plate_front_push,planar_one_axis_push,20270818,2,random,8,2,TP-GMM additive,True,,1.6007080229464918,0.0018866049148555553,True,0.9916100933270167,0.007613865028129241,0.0017014633100489833
plate_front_push,planar_one_axis_push,20270818,2,random,8,2,TP-GMM SE(2),True,,1.105610238853842,0.004766456197142972,True,0.9947940783989334,0.010974113889100879,0.0032058781741495937
microwave_door_revolute,revolute_door,20280818,17,qualified,30,2,TP-GMM additive,True,,4.538107166998088,0.0015843637956397636,True,0.008845116046946034,0.0028423076221936717,0.987541023694476
microwave_door_revolute,revolute_door,20280818,17,qualified,30,2,TP-GMM SE(2),True,,3.5900509380735457,0.0056328575875192475,True,0.00257334493420239,0.0031217351367613146,0.9909871604882119
plate_front_push,planar_one_axis_push,20260818,17,qualified,30,2,TP-GMM additive,True,,1.9889077569823712,0.0024000496176802264,True,0.9838928357974036,0.04584605983711129,0.07373123540207001
plate_front_push,planar_one_axis_push,20260818,17,qualified,30,2,TP-GMM SE(2),True,,1.6948395259678364,0.000491909920407833,True,0.9841713530485408,0.0024240461693353556,0.005966573631420392
plate_front_push,planar_one_axis_push,20270818,5,qualified,8,2,TP-GMM additive,True,,0.7339264850597829,0.0012444669779441211,True,0.9812154992917127,0.00815139725492659,0.002635683351587783
plate_front_push,planar_one_axis_push,20270818,5,qualified,8,2,TP-GMM SE(2),True,,1.0538201921153814,0.0006817732990838954,True,0.9786767474059821,0.007495708589843958,0.0026647685716008635
plate_front_push,planar_one_axis_push,20270818,0,random,8,0,TP-GMM additive,True,,1.7022044281475246,0.003172847991173187,True,0.9930296347358814,0.0031860339379474827,0.002299710807720005
plate_front_push,planar_one_axis_push,20270818,0,random,8,0,TP-GMM SE(2),True,,2.0125262138899416,0.0017557133631550834,True,0.9717269906811543,0.0032832202093013804,0.002409862446560519
plate_front_push,planar_one_axis_push,20260818,14,random,30,2,TP-GMM additive,True,,3.0411643921397626,0.0005860869432281495,True,0.9894654995456359,0.003696478564375301,0.007847883046389793
plate_front_push,planar_one_axis_push,20260818,14,random,30,2,TP-GMM SE(2),True,,2.8819753660354763,0.0006420146511837146,True,0.989159599474182,0.004839288495881005,0.013473042961012933
plate_front_push,planar_one_axis_push,20260818,10,qualified,15,1,TP-GMM additive,True,,3.5717606840189546,0.0031592184317798815,True,0.9387094289154546,0.0021724606491476057,0.0020270743814706873
plate_front_push,planar_one_axis_push,20260818,10,qualified,15,1,TP-GMM SE(2),True,,2.792693577008322,0.004445637954964002,True,0.9055545319430758,0.0025655545066811526,0.0018793386977429783
plate_front_push,planar_one_axis_push,20260818,15,qualified,30,0,TP-GMM additive,True,,2.368906586896628,0.003820152773594289,True,0.9230141596328761,0.0024325404190380056,0.0015941941726986982
plate_front_push,planar_one_axis_push,20260818,15,qualified,30,0,TP-GMM SE(2),True,,3.368401773972437,0.004511200386834199,True,0.9056606865848194,0.0025401898083065623,0.0016134314798313177
plate_front_push,planar_one_axis_push,20260818,6,random,15,0,TP-GMM additive,True,,3.233018244151026,0.004325703610816511,True,0.906340791117094,0.002393163372612336,0.0012720722193628213
plate_front_push,planar_one_axis_push,20260818,6,random,15,0,TP-GMM SE(2),True,,4.25801089592278,0.0033686275330004783,True,0.9207802181675218,0.002451864623208941,0.0013067630546009696
plate_front_push,planar_one_axis_push,20270818,4,qualified,8,1,TP-GMM additive,True,,1.7422795018646866,0.003422818444500352,True,0.9370383780622077,0.001982306947873004,0.00166978329830814
plate_front_push,planar_one_axis_push,20270818,4,qualified,8,1,TP-GMM SE(2),True,,1.55079001118429,0.0012627814599534028,True,0.9767255780425421,0.0027407729460941716,0.001626236349699366
plate_front_push,planar_one_axis_push,20260818,8,random,15,2,TP-GMM additive,True,,3.7323833969421685,0.0017306665708407408,True,0.9384954058259953,0.002245201235501635,0.003171523688706048
plate_front_push,planar_one_axis_push,20260818,8,random,15,2,TP-GMM SE(2),True,,3.954480357002467,0.002033491365425135,True,0.9157037228862269,0.0022779200345513255,0.0024313916840909165
plate_front_push,planar_one_axis_push,20270818,7,random,15,1,TP-GMM additive,True,,1.1405267850495875,0.00813749120246125,True,0.9637427234916035,0.0031345962993874904,0.0019269779667929505
plate_front_push,planar_one_axis_push,20270818,7,random,15,1,TP-GMM SE(2),True,,1.7858721220400184,0.004396099664329052,True,0.9093528238138249,0.002609145769221741,0.0014592230313740704
plate_front_push,planar_one_axis_push,20270818,8,random,15,2,TP-GMM additive,True,,1.627405985025689,0.0017306665708407408,True,0.9384954058259953,0.002245201235501635,0.003171523688706048
plate_front_push,planar_one_axis_push,20270818,8,random,15,2,TP-GMM SE(2),True,,1.7455631140619516,0.002033491365425135,True,0.9157037228862269,0.0022779200345513255,0.0024313916840909165
plate_front_push,planar_one_axis_push,20270818,11,qualified,15,2,TP-GMM additive,True,,1.3194350390695035,0.0013463765263789173,True,0.9827886534571895,0.002984954545502392,0.0025914237644769586
plate_front_push,planar_one_axis_push,20270818,11,qualified,15,2,TP-GMM SE(2),True,,1.2372562191449106,0.001305791047616495,True,0.9727758092097083,0.0032815479154907584,0.002855376427106222
plate_front_push,planar_one_axis_push,20270818,9,qualified,15,0,TP-GMM additive,True,,1.0807717118877918,0.0031113078010573795,True,0.9154823060073675,0.0017697942868191137,0.0014804279452304988
plate_front_push,planar_one_axis_push,20270818,9,qualified,15,0,TP-GMM SE(2),True,,1.9684222429059446,0.003231307007835142,True,0.8942932745824306,0.002114173660274091,0.0013070450974022442
plate_front_push,planar_one_axis_push,20260818,13,random,30,1,TP-GMM additive,True,,4.651135525899008,0.0011974900385537054,True,0.9794072473313931,0.003450871197620381,0.005294552762795208
plate_front_push,planar_one_axis_push,20260818,13,random,30,1,TP-GMM SE(2),True,,4.381480925017968,0.0012549365976218542,True,0.9530553449471624,0.004362210386105727,0.006921753083092198
plate_front_push,planar_one_axis_push,20280818,4,qualified,8,1,TP-GMM additive,True,,0.7092784908600152,0.003422818444500352,True,0.9370383780622077,0.001982306947873004,0.00166978329830814
plate_front_push,planar_one_axis_push,20280818,4,qualified,8,1,TP-GMM SE(2),True,,0.5748446059878916,0.0012627814599534028,True,0.9767255780425421,0.0027407729460941716,0.001626236349699366
plate_front_push,planar_one_axis_push,20280818,3,qualified,8,0,TP-GMM additive,True,,0.983497217996046,0.004144484059385089,True,0.9680760822491224,0.012118059948000314,0.00921855780050776
plate_front_push,planar_one_axis_push,20280818,3,qualified,8,0,TP-GMM SE(2),True,,0.9600560809485614,0.0008574593567105389,True,0.9500020696860678,0.0034633776849042463,0.00288132487756263
plate_front_push,planar_one_axis_push,20280818,2,random,8,2,TP-GMM additive,True,,1.038704311940819,0.0018866049148555553,True,0.9916100933270167,0.007613865028129241,0.0017014633100489833
plate_front_push,planar_one_axis_push,20280818,2,random,8,2,TP-GMM SE(2),True,,1.6653414140455425,0.004766456197142972,True,0.9947940783989334,0.010974113889100879,0.0032058781741495937
plate_front_push,planar_one_axis_push,20280818,5,qualified,8,2,TP-GMM additive,True,,0.8461188180372119,0.0012444669779441211,True,0.9812154992917127,0.00815139725492659,0.002635683351587783
plate_front_push,planar_one_axis_push,20280818,5,qualified,8,2,TP-GMM SE(2),True,,1.0662009259685874,0.0006817732990838954,True,0.9786767474059821,0.007495708589843958,0.0026647685716008635
plate_front_push,planar_one_axis_push,20260818,12,random,30,0,TP-GMM additive,True,,4.532058757031336,0.003946518932789016,True,0.9162507886165822,0.0033231607040808226,0.0013816980138145337
plate_front_push,planar_one_axis_push,20260818,12,random,30,0,TP-GMM SE(2),True,,5.61372395302169,0.0014649473817181062,True,0.978610607702754,0.007447434099542402,0.02690655915873644
plate_front_push,planar_one_axis_push,20270818,14,random,30,2,TP-GMM additive,True,,2.0342327740509063,0.0005860869432281495,True,0.9894654995456359,0.003696478564375301,0.007847883046389793
plate_front_push,planar_one_axis_push,20270818,14,random,30,2,TP-GMM SE(2),True,,2.3295989849139005,0.0006420146511837146,True,0.989159599474182,0.004839288495881005,0.013473042961012933
plate_front_push,planar_one_axis_push,20270818,12,random,30,0,TP-GMM additive,True,,2.252815746003762,0.003946518932789016,True,0.9162507886165822,0.0033231607040808226,0.0013816980138145337
plate_front_push,planar_one_axis_push,20270818,12,random,30,0,TP-GMM SE(2),True,,2.6666991910897195,0.0014649473817181062,True,0.978610607702754,0.007447434099542402,0.02690655915873644
plate_front_push,planar_one_axis_push,20270818,16,qualified,30,1,TP-GMM additive,True,,2.5085484308656305,0.00313291410574697,True,0.9049225240078534,0.001982263395488454,0.0015398710950365452
plate_front_push,planar_one_axis_push,20270818,16,qualified,30,1,TP-GMM SE(2),True,,1.8185892722103745,0.0005012796258137066,True,0.9872663627510936,0.0024501547475916235,0.004849258679989601
plate_front_push,planar_one_axis_push,20280818,0,random,8,0,TP-GMM additive,True,,1.7312528199981898,0.003172847991173187,True,0.9930296347358814,0.0031860339379474827,0.002299710807720005
plate_front_push,planar_one_axis_push,20280818,0,random,8,0,TP-GMM SE(2),True,,2.0693250300828367,0.0017557133631550834,True,0.9717269906811543,0.0032832202093013804,0.002409862446560519
plate_front_push,planar_one_axis_push,20270818,6,random,15,0,TP-GMM additive,True,,3.156479898141697,0.004325703610816511,True,0.906340791117094,0.002393163372612336,0.0012720722193628213
plate_front_push,planar_one_axis_push,20270818,6,random,15,0,TP-GMM SE(2),True,,4.129383688094094,0.0033686275330004783,True,0.9207802181675218,0.002451864623208941,0.0013067630546009696
plate_front_push,planar_one_axis_push,20270818,10,qualified,15,1,TP-GMM additive,True,,3.606698531191796,0.0031592184317798815,True,0.9387094289154546,0.0021724606491476057,0.0020270743814706873
plate_front_push,planar_one_axis_push,20270818,10,qualified,15,1,TP-GMM SE(2),True,,2.800158561905846,0.004445637954964002,True,0.9055545319430758,0.0025655545066811526,0.0018793386977429783
plate_front_push,planar_one_axis_push,20280818,1,random,8,1,TP-GMM additive,True,,2.382552075199783,0.0022176140435721608,True,0.980993532126162,0.004266720731225253,0.005829915822477722
plate_front_push,planar_one_axis_push,20280818,1,random,8,1,TP-GMM SE(2),True,,2.262983329128474,0.004369292125539109,True,0.9932651479173382,0.0046743490869152445,0.0063246779947538755
plate_front_push,planar_one_axis_push,20280818,7,random,15,1,TP-GMM additive,True,,1.1438750580418855,0.00813749120246125,True,0.9637427234916035,0.0031345962993874904,0.0019269779667929505
plate_front_push,planar_one_axis_push,20280818,7,random,15,1,TP-GMM SE(2),True,,1.3476082121487707,0.004396099664329052,True,0.9093528238138249,0.002609145769221741,0.0014592230313740704
plate_front_push,planar_one_axis_push,20280818,10,qualified,15,1,TP-GMM additive,True,,1.5790256389882416,0.0031592184317798815,True,0.9387094289154546,0.0021724606491476057,0.0020270743814706873
plate_front_push,planar_one_axis_push,20280818,10,qualified,15,1,TP-GMM SE(2),True,,1.2417950360104442,0.004445637954964002,True,0.9055545319430758,0.0025655545066811526,0.0018793386977429783
plate_front_push,planar_one_axis_push,20280818,8,random,15,2,TP-GMM additive,True,,1.628160452004522,0.0017306665708407408,True,0.9384954058259953,0.002245201235501635,0.003171523688706048
plate_front_push,planar_one_axis_push,20280818,8,random,15,2,TP-GMM SE(2),True,,1.745158497011289,0.002033491365425135,True,0.9157037228862269,0.0022779200345513255,0.0024313916840909165
bowl_on_stove,support_placement,20260818,1,random,8,1,TP-GMM additive,True,,0.7074467740021646,0.005991358697349475,True,0.9697975270701875,0.980439769828062,0.005820798601642734
bowl_on_stove,support_placement,20260818,1,random,8,1,TP-GMM SE(2),True,,0.8132846909575164,0.006163728815932654,True,0.9680701842655626,0.98193806043834,0.006341143477307087
plate_front_push,planar_one_axis_push,20280818,6,random,15,0,TP-GMM additive,True,,2.6924280498642474,0.004325703610816511,True,0.906340791117094,0.002393163372612336,0.0012720722193628213
plate_front_push,planar_one_axis_push,20280818,6,random,15,0,TP-GMM SE(2),True,,1.8488179030828178,0.0033686275330004783,True,0.9207802181675218,0.002451864623208941,0.0013067630546009696
plate_front_push,planar_one_axis_push,20280818,9,qualified,15,0,TP-GMM additive,True,,1.432968767825514,0.0031113078010573795,True,0.9154823060073675,0.0017697942868191137,0.0014804279452304988
plate_front_push,planar_one_axis_push,20280818,9,qualified,15,0,TP-GMM SE(2),True,,2.851492241024971,0.003231307007835142,True,0.8942932745824306,0.002114173660274091,0.0013070450974022442
plate_front_push,planar_one_axis_push,20270818,17,qualified,30,2,TP-GMM additive,True,,4.106932807015255,0.0024000496176802264,True,0.9838928357974036,0.04584605983711129,0.07373123540207001
plate_front_push,planar_one_axis_push,20270818,17,qualified,30,2,TP-GMM SE(2),True,,3.51085222302936,0.000491909920407833,True,0.9841713530485408,0.0024240461693353556,0.005966573631420392
bowl_on_stove,support_placement,20260818,3,qualified,8,0,TP-GMM additive,True,,0.610058463877067,0.005424121413090415,True,0.8780513872728296,0.9845617943364006,0.0025266419122742852
bowl_on_stove,support_placement,20260818,3,qualified,8,0,TP-GMM SE(2),True,,0.6941602460574359,0.005662715999024576,True,0.8825675172279002,0.9822523653512695,0.0022360882722510917
bowl_on_stove,support_placement,20260818,4,qualified,8,1,TP-GMM additive,True,,0.6772492539603263,0.003244603182957121,True,0.9006388583591984,0.9740126727396033,0.0016966077613190514
bowl_on_stove,support_placement,20260818,4,qualified,8,1,TP-GMM SE(2),True,,0.6175905559211969,0.004948759179554187,True,0.9262291755997298,0.9626950882406573,0.001629259810925134
bowl_on_stove,support_placement,20260818,2,random,8,2,TP-GMM additive,True,,1.1536602629348636,0.004124316427680779,True,0.9172374781909326,0.9253670330326875,0.0016484490060328645
bowl_on_stove,support_placement,20260818,2,random,8,2,TP-GMM SE(2),True,,0.9151113349944353,0.004008697767254668,True,0.9209119786962594,0.928717585977571,0.0019420009880826781
plate_front_push,planar_one_axis_push,20270818,15,qualified,30,0,TP-GMM additive,True,,4.684959973907098,0.003820152773594289,True,0.9230141596328761,0.0024325404190380056,0.0015941941726986982
plate_front_push,planar_one_axis_push,20270818,15,qualified,30,0,TP-GMM SE(2),True,,4.654851589119062,0.004511200386834199,True,0.9056606865848194,0.0025401898083065623,0.0016134314798313177
bowl_on_stove,support_placement,20260818,5,qualified,8,2,TP-GMM additive,True,,0.6983281490392983,0.0021069650235589223,True,0.9734449057759165,0.9440999877897982,0.0025163025076793298
bowl_on_stove,support_placement,20260818,5,qualified,8,2,TP-GMM SE(2),True,,1.125717548886314,0.0018182459930214992,True,0.968128831830492,0.9574980996355023,0.0022955556567774266
plate_front_push,planar_one_axis_push,20280818,13,random,30,1,TP-GMM additive,True,,2.4795368418563157,0.0011974900385537054,True,0.9794072473313931,0.003450871197620381,0.005294552762795208
plate_front_push,planar_one_axis_push,20280818,13,random,30,1,TP-GMM SE(2),True,,2.674828498857096,0.0012549365976218542,True,0.9530553449471624,0.004362210386105727,0.006921753083092198
plate_front_push,planar_one_axis_push,20280818,12,random,30,0,TP-GMM additive,True,,2.7090366950724274,0.003946518932789016,True,0.9162507886165822,0.0033231607040808226,0.0013816980138145337
plate_front_push,planar_one_axis_push,20280818,12,random,30,0,TP-GMM SE(2),True,,2.6386207689065486,0.0014649473817181062,True,0.978610607702754,0.007447434099542402,0.02690655915873644
bowl_on_stove,support_placement,20260818,0,random,8,0,TP-GMM additive,True,,2.0001087631098926,0.0021959956200372343,True,0.9877819523614745,0.9370075086004639,0.002164948051503925
bowl_on_stove,support_placement,20260818,0,random,8,0,TP-GMM SE(2),True,,2.2217276520095766,0.003101750304666387,True,0.9871645583500732,0.959030571041318,0.0023639754275615993
plate_front_push,planar_one_axis_push,20280818,14,random,30,2,TP-GMM additive,True,,2.320451063802466,0.0005860869432281495,True,0.9894654995456359,0.003696478564375301,0.007847883046389793
plate_front_push,planar_one_axis_push,20280818,14,random,30,2,TP-GMM SE(2),True,,2.986255362164229,0.0006420146511837146,True,0.989159599474182,0.004839288495881005,0.013473042961012933
plate_front_push,planar_one_axis_push,20280818,11,qualified,15,2,TP-GMM additive,True,,3.0908372111152858,0.0013463765263789173,True,0.9827886534571895,0.002984954545502392,0.0025914237644769586
plate_front_push,planar_one_axis_push,20280818,11,qualified,15,2,TP-GMM SE(2),True,,2.814273511990905,0.001305791047616495,True,0.9727758092097083,0.0032815479154907584,0.002855376427106222
plate_front_push,planar_one_axis_push,20270818,13,random,30,1,TP-GMM additive,True,,5.1615578210912645,0.0011974900385537054,True,0.9794072473313931,0.003450871197620381,0.005294552762795208
plate_front_push,planar_one_axis_push,20270818,13,random,30,1,TP-GMM SE(2),True,,5.537031022831798,0.0012549365976218542,True,0.9530553449471624,0.004362210386105727,0.006921753083092198
bowl_on_stove,support_placement,20260818,8,random,15,2,TP-GMM additive,True,,1.244724227115512,0.001895240102489592,True,0.9491023900060763,0.9643046513054323,0.0031834961051194935
bowl_on_stove,support_placement,20260818,8,random,15,2,TP-GMM SE(2),True,,1.0522105970885605,0.0016451290326099073,True,0.9511644532413099,0.9658169515994012,0.002562685082722931
bowl_on_stove,support_placement,20260818,6,random,15,0,TP-GMM additive,True,,1.712565926136449,0.009296697099714717,True,0.9027348229557336,0.9223267615887306,0.0012712796303833822
bowl_on_stove,support_placement,20260818,6,random,15,0,TP-GMM SE(2),True,,1.2018832410685718,0.009856131485426222,True,0.90660997322696,0.9167795248213664,0.0013252429982269552
bowl_on_stove,support_placement,20260818,9,qualified,15,0,TP-GMM additive,True,,1.4249359099194407,0.010651031981544714,True,0.9082028236829381,0.9132904519075502,0.0014747110014534403
bowl_on_stove,support_placement,20260818,9,qualified,15,0,TP-GMM SE(2),True,,1.5055508399382234,0.01000886579002884,True,0.9079251228835683,0.9180431834840408,0.0013290644722522638
bowl_on_stove,support_placement,20260818,10,qualified,15,1,TP-GMM additive,True,,1.355845534009859,0.0066095822333817385,True,0.9387923615210986,0.9278694293595249,0.001996269433739721
bowl_on_stove,support_placement,20260818,10,qualified,15,1,TP-GMM SE(2),True,,1.3229727179277688,0.0015525316062241223,True,0.9651923808792068,0.9567204470495478,0.001855779934159004
bowl_on_stove,support_placement,20270818,1,random,8,1,TP-GMM additive,True,,0.6954096879344434,0.005991358697349475,True,0.9697975270701875,0.980439769828062,0.005820798601642734
bowl_on_stove,support_placement,20270818,1,random,8,1,TP-GMM SE(2),True,,0.8048595930449665,0.006163728815932654,True,0.9680701842655626,0.98193806043834,0.006341143477307087
plate_front_push,planar_one_axis_push,20280818,16,qualified,30,1,TP-GMM additive,True,,3.56940840696916,0.00313291410574697,True,0.9049225240078534,0.001982263395488454,0.0015398710950365452
plate_front_push,planar_one_axis_push,20280818,16,qualified,30,1,TP-GMM SE(2),True,,3.788790480932221,0.0005012796258137066,True,0.9872663627510936,0.0024501547475916235,0.004849258679989601
bowl_on_stove,support_placement,20270818,3,qualified,8,0,TP-GMM additive,True,,0.6051652999594808,0.005424121413090415,True,0.8780513872728296,0.9845617943364006,0.0025266419122742852
bowl_on_stove,support_placement,20270818,3,qualified,8,0,TP-GMM SE(2),True,,0.696817415067926,0.005662715999024576,True,0.8825675172279002,0.9822523653512695,0.0022360882722510917
bowl_on_stove,support_placement,20270818,2,random,8,2,TP-GMM additive,True,,0.8590939280111343,0.004124316427680779,True,0.9172374781909326,0.9253670330326875,0.0016484490060328645
bowl_on_stove,support_placement,20270818,2,random,8,2,TP-GMM SE(2),True,,0.9948622540105134,0.004008697767254668,True,0.9209119786962594,0.928717585977571,0.0019420009880826781
plate_front_push,planar_one_axis_push,20280818,17,qualified,30,2,TP-GMM additive,True,,4.033915019128472,0.0024000496176802264,True,0.9838928357974036,0.04584605983711129,0.07373123540207001
plate_front_push,planar_one_axis_push,20280818,17,qualified,30,2,TP-GMM SE(2),True,,3.4965561309363693,0.000491909920407833,True,0.9841713530485408,0.0024240461693353556,0.005966573631420392
bowl_on_stove,support_placement,20270818,4,qualified,8,1,TP-GMM additive,True,,1.1553922870662063,0.003244603182957121,True,0.9006388583591984,0.9740126727396033,0.0016966077613190514
bowl_on_stove,support_placement,20270818,4,qualified,8,1,TP-GMM SE(2),True,,0.6154308910481632,0.004948759179554187,True,0.9262291755997298,0.9626950882406573,0.001629259810925134
bowl_on_stove,support_placement,20260818,13,random,30,1,TP-GMM additive,True,,2.021035209996626,0.012203800179312174,True,0.8973148079225585,0.9034571916493629,0.0012156642989140484
bowl_on_stove,support_placement,20260818,13,random,30,1,TP-GMM SE(2),True,,2.1392208877950907,0.01230478140013394,True,0.8958149621145217,0.9056205415788713,0.0012440480476949027
bowl_on_stove,support_placement,20260818,11,qualified,15,2,TP-GMM additive,True,,2.1389196708332747,0.002312974493497581,True,0.9817946448364978,0.9757493393976537,0.002512791868366738
bowl_on_stove,support_placement,20260818,11,qualified,15,2,TP-GMM SE(2),True,,2.3274411680176854,0.002289921572735146,True,0.9822320569116,0.9740044556029448,0.0028269012181496057
plate_front_push,planar_one_axis_push,20280818,15,qualified,30,0,TP-GMM additive,True,,4.716532476944849,0.003820152773594289,True,0.9230141596328761,0.0024325404190380056,0.0015941941726986982
plate_front_push,planar_one_axis_push,20280818,15,qualified,30,0,TP-GMM SE(2),True,,4.523689419031143,0.004511200386834199,True,0.9056606865848194,0.0025401898083065623,0.0016134314798313177
bowl_on_stove,support_placement,20260818,7,random,15,1,TP-GMM additive,True,,3.3080155889037997,0.009225399920152673,True,0.9183016450312748,0.9171285623989569,0.0014890430509525417
bowl_on_stove,support_placement,20260818,7,random,15,1,TP-GMM SE(2),True,,2.7961045810952783,0.00914516205580857,True,0.9234421620542971,0.9124529620041163,0.0014514529248503927
bowl_on_stove,support_placement,20270818,5,qualified,8,2,TP-GMM additive,True,,1.40130425686948,0.0021069650235589223,True,0.9734449057759165,0.9440999877897982,0.0025163025076793298
bowl_on_stove,support_placement,20270818,5,qualified,8,2,TP-GMM SE(2),True,,0.7782398101408035,0.0018182459930214992,True,0.968128831830492,0.9574980996355023,0.0022955556567774266
bowl_on_stove,support_placement,20270818,0,random,8,0,TP-GMM additive,True,,1.952380640199408,0.0021959956200372343,True,0.9877819523614745,0.9370075086004639,0.002164948051503925
bowl_on_stove,support_placement,20270818,0,random,8,0,TP-GMM SE(2),True,,2.1893023380544037,0.003101750304666387,True,0.9871645583500732,0.959030571041318,0.0023639754275615993
bowl_on_stove,support_placement,20260818,14,random,30,2,TP-GMM additive,True,,2.66566664702259,0.005123204845714789,True,0.9353261058811513,0.9612525330939328,0.018290233912483786
bowl_on_stove,support_placement,20260818,14,random,30,2,TP-GMM SE(2),True,,2.3672812790609896,0.007204937378286236,True,0.8970297740012317,0.9182750249188062,0.06572227895025172
bowl_on_stove,support_placement,20260818,12,random,30,0,TP-GMM additive,True,,3.2323600070085377,0.0032437302521818165,True,0.8923922076711777,0.9723495081497349,0.0014607587722975566
bowl_on_stove,support_placement,20260818,12,random,30,0,TP-GMM SE(2),True,,2.125305384164676,0.0029535346120339663,True,0.9029643770328,0.9819708864918126,0.0014100372209981933
bowl_on_stove,support_placement,20270818,8,random,15,2,TP-GMM additive,True,,1.278608619933948,0.001895240102489592,True,0.9491023900060763,0.9643046513054323,0.0031834961051194935
bowl_on_stove,support_placement,20270818,8,random,15,2,TP-GMM SE(2),True,,1.2070758189074695,0.0016451290326099073,True,0.9511644532413099,0.9658169515994012,0.002562685082722931
bowl_on_stove,support_placement,20270818,7,random,15,1,TP-GMM additive,True,,1.3882729180622846,0.009225399920152673,True,0.9183016450312748,0.9171285623989569,0.0014890430509525417
bowl_on_stove,support_placement,20270818,7,random,15,1,TP-GMM SE(2),True,,1.204341409029439,0.00914516205580857,True,0.9234421620542971,0.9124529620041163,0.0014514529248503927
bowl_on_stove,support_placement,20260818,17,qualified,30,2,TP-GMM additive,True,,3.0236407050397247,0.0030854625821698962,True,0.9676854990828959,0.9004007840651175,0.0013807209530503984
bowl_on_stove,support_placement,20260818,17,qualified,30,2,TP-GMM SE(2),True,,2.5686941309832036,0.011131576368326505,True,0.892600337003488,0.9190339068877035,0.001331488792895667
bowl_on_stove,support_placement,20270818,11,qualified,15,2,TP-GMM additive,True,,0.9449712100904435,0.002312974493497581,True,0.9817946448364978,0.9757493393976537,0.002512791868366738
bowl_on_stove,support_placement,20270818,11,qualified,15,2,TP-GMM SE(2),True,,1.0447633019648492,0.002289921572735146,True,0.9822320569116,0.9740044556029448,0.0028269012181496057
bowl_on_stove,support_placement,20280818,3,qualified,8,0,TP-GMM additive,True,,0.601695760153234,0.005424121413090415,True,0.8780513872728296,0.9845617943364006,0.0025266419122742852
bowl_on_stove,support_placement,20280818,3,qualified,8,0,TP-GMM SE(2),True,,0.6812444739043713,0.005662715999024576,True,0.8825675172279002,0.9822523653512695,0.0022360882722510917
bowl_on_stove,support_placement,20280818,4,qualified,8,1,TP-GMM additive,True,,0.669070539996028,0.003244603182957121,True,0.9006388583591984,0.9740126727396033,0.0016966077613190514
bowl_on_stove,support_placement,20280818,4,qualified,8,1,TP-GMM SE(2),True,,0.6087813179474324,0.004948759179554187,True,0.9262291755997298,0.9626950882406573,0.001629259810925134
bowl_on_stove,support_placement,20260818,16,qualified,30,1,TP-GMM additive,True,,4.370543108088896,0.003130361141250689,True,0.9910951543723456,0.9011469064383083,0.0016837720747837305
bowl_on_stove,support_placement,20260818,16,qualified,30,1,TP-GMM SE(2),True,,2.6849824499804527,0.003536240590040936,True,0.9833951773992322,0.8946527373011881,0.0016256594410284722
bowl_on_stove,support_placement,20280818,2,random,8,2,TP-GMM additive,True,,0.8623098081443459,0.004124316427680779,True,0.9172374781909326,0.9253670330326875,0.0016484490060328645
bowl_on_stove,support_placement,20280818,2,random,8,2,TP-GMM SE(2),True,,0.9010124879423529,0.004008697767254668,True,0.9209119786962594,0.928717585977571,0.0019420009880826781
bowl_on_stove,support_placement,20280818,1,random,8,1,TP-GMM additive,True,,1.1139934030361474,0.005991358697349475,True,0.9697975270701875,0.980439769828062,0.005820798601642734
bowl_on_stove,support_placement,20280818,1,random,8,1,TP-GMM SE(2),True,,0.8628233601339161,0.006163728815932654,True,0.9680701842655626,0.98193806043834,0.006341143477307087
bowl_on_stove,support_placement,20280818,0,random,8,0,TP-GMM additive,True,,1.2798296900000423,0.0021959956200372343,True,0.9877819523614745,0.9370075086004639,0.002164948051503925
bowl_on_stove,support_placement,20280818,0,random,8,0,TP-GMM SE(2),True,,1.4767464690376073,0.003101750304666387,True,0.9871645583500732,0.959030571041318,0.0023639754275615993
bowl_on_stove,support_placement,20270818,6,random,15,0,TP-GMM additive,True,,3.0605076141655445,0.009296697099714717,True,0.9027348229557336,0.9223267615887306,0.0012712796303833822
bowl_on_stove,support_placement,20270818,6,random,15,0,TP-GMM SE(2),True,,2.746680796146393,0.009856131485426222,True,0.90660997322696,0.9167795248213664,0.0013252429982269552
bowl_on_stove,support_placement,20280818,5,qualified,8,2,TP-GMM additive,True,,0.6795015700627118,0.0021069650235589223,True,0.9734449057759165,0.9440999877897982,0.0025163025076793298
bowl_on_stove,support_placement,20280818,5,qualified,8,2,TP-GMM SE(2),True,,0.7697689840570092,0.0018182459930214992,True,0.968128831830492,0.9574980996355023,0.0022955556567774266
bowl_on_stove,support_placement,20260818,15,qualified,30,0,TP-GMM additive,True,,4.260501088108867,0.0038698164332731664,True,0.9852932582949531,0.8858581251089577,0.0015934705496300097
bowl_on_stove,support_placement,20260818,15,qualified,30,0,TP-GMM SE(2),True,,4.213369419099763,0.0012884792681142803,True,0.9756425491926068,0.964794256561631,0.00681067126822684
bowl_on_stove,support_placement,20270818,10,qualified,15,1,TP-GMM additive,True,,2.484417855972424,0.0066095822333817385,True,0.9387923615210986,0.9278694293595249,0.001996269433739721
bowl_on_stove,support_placement,20270818,10,qualified,15,1,TP-GMM SE(2),True,,2.686029650969431,0.0015525316062241223,True,0.9651923808792068,0.9567204470495478,0.001855779934159004
bowl_on_stove,support_placement,20270818,15,qualified,30,0,TP-GMM additive,True,,2.144943048013374,0.0038698164332731664,True,0.9852932582949531,0.8858581251089577,0.0015934705496300097
bowl_on_stove,support_placement,20270818,15,qualified,30,0,TP-GMM SE(2),True,,2.134168935008347,0.0012884792681142803,True,0.9756425491926068,0.964794256561631,0.00681067126822684
bowl_on_stove,support_placement,20280818,8,random,15,2,TP-GMM additive,True,,1.2300900500267744,0.001895240102489592,True,0.9491023900060763,0.9643046513054323,0.0031834961051194935
bowl_on_stove,support_placement,20280818,8,random,15,2,TP-GMM SE(2),True,,1.0457860101014376,0.0016451290326099073,True,0.9511644532413099,0.9658169515994012,0.002562685082722931
bowl_on_stove,support_placement,20270818,17,qualified,30,2,TP-GMM additive,True,,2.4705206260550767,0.0030854625821698962,True,0.9676854990828959,0.9004007840651175,0.0013807209530503984
bowl_on_stove,support_placement,20270818,17,qualified,30,2,TP-GMM SE(2),True,,2.569583578966558,0.011131576368326505,True,0.892600337003488,0.9190339068877035,0.001331488792895667
bowl_on_stove,support_placement,20270818,9,qualified,15,0,TP-GMM additive,True,,3.2569301419425756,0.010651031981544714,True,0.9082028236829381,0.9132904519075502,0.0014747110014534403
bowl_on_stove,support_placement,20270818,9,qualified,15,0,TP-GMM SE(2),True,,3.3926727429497987,0.01000886579002884,True,0.9079251228835683,0.9180431834840408,0.0013290644722522638
bowl_on_stove,support_placement,20280818,7,random,15,1,TP-GMM additive,True,,1.8203580549452454,0.009225399920152673,True,0.9183016450312748,0.9171285623989569,0.0014890430509525417
bowl_on_stove,support_placement,20280818,7,random,15,1,TP-GMM SE(2),True,,1.2070918770041317,0.00914516205580857,True,0.9234421620542971,0.9124529620041163,0.0014514529248503927
bowl_on_stove,support_placement,20280818,6,random,15,0,TP-GMM additive,True,,1.3600472209509462,0.009296697099714717,True,0.9027348229557336,0.9223267615887306,0.0012712796303833822
bowl_on_stove,support_placement,20280818,6,random,15,0,TP-GMM SE(2),True,,1.7300874900538474,0.009856131485426222,True,0.90660997322696,0.9167795248213664,0.0013252429982269552
bowl_on_stove,support_placement,20280818,10,qualified,15,1,TP-GMM additive,True,,1.2042438799981028,0.0066095822333817385,True,0.9387923615210986,0.9278694293595249,0.001996269433739721
bowl_on_stove,support_placement,20280818,10,qualified,15,1,TP-GMM SE(2),True,,1.6826540208421648,0.0015525316062241223,True,0.9651923808792068,0.9567204470495478,0.001855779934159004
bowl_on_stove,support_placement,20280818,9,qualified,15,0,TP-GMM additive,True,,1.567318435991183,0.010651031981544714,True,0.9082028236829381,0.9132904519075502,0.0014747110014534403
bowl_on_stove,support_placement,20280818,9,qualified,15,0,TP-GMM SE(2),True,,1.5122548779472709,0.01000886579002884,True,0.9079251228835683,0.9180431834840408,0.0013290644722522638
bowl_on_plate,stacking_support,20260818,1,random,8,1,TP-GMM additive,True,,0.6937696319073439,0.0059913586974944,True,0.9697975270700487,0.9804397698283048,0.005820798601640793
bowl_on_plate,stacking_support,20260818,1,random,8,1,TP-GMM SE(2),True,,0.8212102800607681,0.006163728815905719,True,0.9680701842653544,0.9819380604382706,0.006341143477306822
bowl_on_plate,stacking_support,20260818,4,qualified,8,1,TP-GMM additive,True,,0.838715358870104,0.0032446031829425465,True,0.9006388583586433,0.9740126727393952,0.0016966077613200454
bowl_on_plate,stacking_support,20260818,4,qualified,8,1,TP-GMM SE(2),True,,0.6003626738674939,0.004948759179530029,True,0.9262291755993135,0.9626950882407094,0.001629259810926423
bowl_on_plate,stacking_support,20260818,2,random,8,2,TP-GMM additive,True,,0.8515468339901417,0.004124316427777601,True,0.9172374781905163,0.9253670330325314,0.001648449006031653
bowl_on_plate,stacking_support,20260818,2,random,8,2,TP-GMM SE(2),True,,0.9348254119977355,0.004008697767430244,True,0.9209119786956349,0.928717585977519,0.0019420009880777938
bowl_on_stove,support_placement,20270818,13,random,30,1,TP-GMM additive,True,,4.17618674505502,0.012203800179312174,True,0.8973148079225585,0.9034571916493629,0.0012156642989140484
bowl_on_stove,support_placement,20270818,13,random,30,1,TP-GMM SE(2),True,,4.349726643878967,0.01230478140013394,True,0.8958149621145217,0.9056205415788713,0.0012440480476949027
bowl_on_stove,support_placement,20280818,11,qualified,15,2,TP-GMM additive,True,,2.1305309301242232,0.002312974493497581,True,0.9817946448364978,0.9757493393976537,0.002512791868366738
bowl_on_stove,support_placement,20280818,11,qualified,15,2,TP-GMM SE(2),True,,2.333347258158028,0.002289921572735146,True,0.9822320569116,0.9740044556029448,0.0028269012181496057
bowl_on_stove,support_placement,20280818,15,qualified,30,0,TP-GMM additive,True,,2.0228974369820207,0.0038698164332731664,True,0.9852932582949531,0.8858581251089577,0.0015934705496300097
bowl_on_stove,support_placement,20280818,15,qualified,30,0,TP-GMM SE(2),True,,2.0483332448638976,0.0012884792681142803,True,0.9756425491926068,0.964794256561631,0.00681067126822684
bowl_on_stove,support_placement,20270818,14,random,30,2,TP-GMM additive,True,,5.438028784934431,0.005123204845714789,True,0.9353261058811513,0.9612525330939328,0.018290233912483786
bowl_on_stove,support_placement,20270818,14,random,30,2,TP-GMM SE(2),True,,3.258463529869914,0.007204937378286236,True,0.8970297740012317,0.9182750249188062,0.06572227895025172
bowl_on_stove,support_placement,20280818,12,random,30,0,TP-GMM additive,True,,2.6444995519705117,0.0032437302521818165,True,0.8923922076711777,0.9723495081497349,0.0014607587722975566
bowl_on_stove,support_placement,20280818,12,random,30,0,TP-GMM SE(2),True,,2.1158240630757064,0.0029535346120339663,True,0.9029643770328,0.9819708864918126,0.0014100372209981933
bowl_on_stove,support_placement,20270818,12,random,30,0,TP-GMM additive,True,,5.2319418450351804,0.0032437302521818165,True,0.8923922076711777,0.9723495081497349,0.0014607587722975566
bowl_on_stove,support_placement,20270818,12,random,30,0,TP-GMM SE(2),True,,4.281632367987186,0.0029535346120339663,True,0.9029643770328,0.9819708864918126,0.0014100372209981933
bowl_on_stove,support_placement,20270818,16,qualified,30,1,TP-GMM additive,True,,4.6610804800875485,0.003130361141250689,True,0.9910951543723456,0.9011469064383083,0.0016837720747837305
bowl_on_stove,support_placement,20270818,16,qualified,30,1,TP-GMM SE(2),True,,4.303585826186463,0.003536240590040936,True,0.9833951773992322,0.8946527373011881,0.0016256594410284722
bowl_on_plate,stacking_support,20260818,5,qualified,8,2,TP-GMM additive,True,,1.1163373191375285,0.0021069650234940896,True,0.9734449057754307,0.9440999877885838,0.002516302507681799
bowl_on_plate,stacking_support,20260818,5,qualified,8,2,TP-GMM SE(2),True,,0.7892909010406584,0.0018182459930519168,True,0.968128831830492,0.9574980996363176,0.0022955556567767353
bowl_on_plate,stacking_support,20260818,3,qualified,8,0,TP-GMM additive,True,,1.5087867570109665,0.005424121413074962,True,0.8780513872729684,0.9845617943363658,0.0025266419122678403
bowl_on_plate,stacking_support,20260818,3,qualified,8,0,TP-GMM SE(2),True,,1.8027206589467824,0.00566271599904084,True,0.882567517227692,0.9822523653512174,0.0022360882722498956
bowl_on_plate,stacking_support,20260818,0,random,8,0,TP-GMM additive,True,,1.9852454650681466,0.002195995620062742,True,0.9877819523614051,0.9370075086006721,0.002164948051506772
bowl_on_plate,stacking_support,20260818,0,random,8,0,TP-GMM SE(2),True,,2.26598800602369,0.003101750304637238,True,0.9871645583499344,0.9590305710414221,0.0023639754275646316
bowl_on_stove,support_placement,20280818,16,qualified,30,1,TP-GMM additive,True,,2.248375206021592,0.003130361141250689,True,0.9910951543723456,0.9011469064383083,0.0016837720747837305
bowl_on_stove,support_placement,20280818,16,qualified,30,1,TP-GMM SE(2),True,,2.502404561964795,0.003536240590040936,True,0.9833951773992322,0.8946527373011881,0.0016256594410284722
bowl_on_stove,support_placement,20280818,17,qualified,30,2,TP-GMM additive,True,,2.465976682957262,0.0030854625821698962,True,0.9676854990828959,0.9004007840651175,0.0013807209530503984
bowl_on_stove,support_placement,20280818,17,qualified,30,2,TP-GMM SE(2),True,,2.6223261079285294,0.011131576368326505,True,0.892600337003488,0.9190339068877035,0.001331488792895667
bowl_on_plate,stacking_support,20260818,11,qualified,15,2,TP-GMM additive,True,,0.9727412310894579,0.002312974493529445,True,0.9817946448364284,0.9757493393976885,0.002512791868363958
bowl_on_plate,stacking_support,20260818,11,qualified,15,2,TP-GMM SE(2),True,,1.082372031873092,0.0022899215727350767,True,0.9822320569116,0.9740044556029621,0.002826901218150328
bowl_on_plate,stacking_support,20260818,10,qualified,15,1,TP-GMM additive,True,,1.2374678091146052,0.006609582233380125,True,0.9387923615210986,0.9278694293594555,0.0019962694337395345
bowl_on_plate,stacking_support,20260818,10,qualified,15,1,TP-GMM SE(2),True,,1.2526743179187179,0.001552531606231004,True,0.9651923808791374,0.9567204470494264,0.0018557799341585768
bowl_on_plate,stacking_support,20260818,7,random,15,1,TP-GMM additive,True,,2.0638906098902225,0.009225399920148787,True,0.9183016450312748,0.9171285623989396,0.0014890430509524213
bowl_on_plate,stacking_support,20260818,7,random,15,1,TP-GMM SE(2),True,,1.2630081190727651,0.009145162055758323,True,0.9234421620545052,0.9124529620043418,0.0014514529248499113
bowl_on_stove,support_placement,20280818,14,random,30,2,TP-GMM additive,True,,4.556197128025815,0.005123204845714789,True,0.9353261058811513,0.9612525330939328,0.018290233912483786
bowl_on_stove,support_placement,20280818,14,random,30,2,TP-GMM SE(2),True,,2.7164989821612835,0.007204937378286236,True,0.8970297740012317,0.9182750249188062,0.06572227895025172
bowl_on_plate,stacking_support,20270818,0,random,8,0,TP-GMM additive,True,,0.7585324510000646,0.002195995620062742,True,0.9877819523614051,0.9370075086006721,0.002164948051506772
bowl_on_plate,stacking_support,20270818,0,random,8,0,TP-GMM SE(2),True,,0.8653849319089204,0.003101750304637238,True,0.9871645583499344,0.9590305710414221,0.0023639754275646316
bowl_on_plate,stacking_support,20270818,1,random,8,1,TP-GMM additive,True,,0.7130707409232855,0.0059913586974944,True,0.9697975270700487,0.9804397698283048,0.005820798601640793
bowl_on_plate,stacking_support,20270818,1,random,8,1,TP-GMM SE(2),True,,0.8268242310732603,0.006163728815905719,True,0.9680701842653544,0.9819380604382706,0.006341143477306822
bowl_on_plate,stacking_support,20270818,3,qualified,8,0,TP-GMM additive,True,,0.6170752658508718,0.005424121413074962,True,0.8780513872729684,0.9845617943363658,0.0025266419122678403
bowl_on_plate,stacking_support,20270818,3,qualified,8,0,TP-GMM SE(2),True,,0.7010107431560755,0.00566271599904084,True,0.882567517227692,0.9822523653512174,0.0022360882722498956
bowl_on_plate,stacking_support,20270818,4,qualified,8,1,TP-GMM additive,True,,0.6865204849746078,0.0032446031829425465,True,0.9006388583586433,0.9740126727393952,0.0016966077613200454
bowl_on_plate,stacking_support,20270818,4,qualified,8,1,TP-GMM SE(2),True,,0.6100484100170434,0.004948759179530029,True,0.9262291755993135,0.9626950882407094,0.001629259810926423
bowl_on_plate,stacking_support,20270818,2,random,8,2,TP-GMM additive,True,,0.8858177110087126,0.004124316427777601,True,0.9172374781905163,0.9253670330325314,0.001648449006031653
bowl_on_plate,stacking_support,20270818,2,random,8,2,TP-GMM SE(2),True,,0.929568671155721,0.004008697767430244,True,0.9209119786956349,0.928717585977519,0.0019420009880777938
bowl_on_plate,stacking_support,20260818,6,random,15,0,TP-GMM additive,True,,2.453299649991095,0.009296697099749776,True,0.9027348229556642,0.9223267615887479,0.0012712796303835491
bowl_on_plate,stacking_support,20260818,6,random,15,0,TP-GMM SE(2),True,,2.793107650941238,0.009856131485479576,True,0.9066099732266825,0.9167795248213664,0.0013252429982268659
bowl_on_stove,support_placement,20280818,13,random,30,1,TP-GMM additive,True,,4.215863467892632,0.012203800179312174,True,0.8973148079225585,0.9034571916493629,0.0012156642989140484
bowl_on_stove,support_placement,20280818,13,random,30,1,TP-GMM SE(2),True,,4.564262421801686,0.01230478140013394,True,0.8958149621145217,0.9056205415788713,0.0012440480476949027
bowl_on_plate,stacking_support,20260818,8,random,15,2,TP-GMM additive,True,,2.7981752320192754,0.0018952401024943596,True,0.9491023900062151,0.9643046513053629,0.0031834961051213067
bowl_on_plate,stacking_support,20260818,8,random,15,2,TP-GMM SE(2),True,,2.3967546161729842,0.0016451290326031124,True,0.9511644532414487,0.9658169515995053,0.00256268508272089
bowl_on_plate,stacking_support,20270818,5,qualified,8,2,TP-GMM additive,True,,0.9772842670790851,0.0021069650234940896,True,0.9734449057754307,0.9440999877885838,0.002516302507681799
bowl_on_plate,stacking_support,20270818,5,qualified,8,2,TP-GMM SE(2),True,,0.9780589509755373,0.0018182459930519168,True,0.968128831830492,0.9574980996363176,0.0022955556567767353
bowl_on_plate,stacking_support,20260818,12,random,30,0,TP-GMM additive,True,,2.627661335049197,0.0032437302521904437,True,0.8923922076714552,0.9723495081497869,0.0014607587722952988
bowl_on_plate,stacking_support,20260818,12,random,30,0,TP-GMM SE(2),True,,2.1431439260486513,0.002953534612036525,True,0.9029643770327306,0.9819708864918126,0.0014100372209977837
bowl_on_plate,stacking_support,20270818,6,random,15,0,TP-GMM additive,True,,1.3782238489948213,0.009296697099749776,True,0.9027348229556642,0.9223267615887479,0.0012712796303835491
bowl_on_plate,stacking_support,20270818,6,random,15,0,TP-GMM SE(2),True,,1.2280601330567151,0.009856131485479576,True,0.9066099732266825,0.9167795248213664,0.0013252429982268659
bowl_on_plate,stacking_support,20270818,8,random,15,2,TP-GMM additive,True,,1.2590200279373676,0.0018952401024943596,True,0.9491023900062151,0.9643046513053629,0.0031834961051213067
bowl_on_plate,stacking_support,20270818,8,random,15,2,TP-GMM SE(2),True,,1.0743876928463578,0.0016451290326031124,True,0.9511644532414487,0.9658169515995053,0.00256268508272089
bowl_on_plate,stacking_support,20270818,7,random,15,1,TP-GMM additive,True,,1.4089800058864057,0.009225399920148787,True,0.9183016450312748,0.9171285623989396,0.0014890430509524213
bowl_on_plate,stacking_support,20270818,7,random,15,1,TP-GMM SE(2),True,,1.2399063259363174,0.009145162055758323,True,0.9234421620545052,0.9124529620043418,0.0014514529248499113
bowl_on_plate,stacking_support,20260818,9,qualified,15,0,TP-GMM additive,True,,3.286156500922516,0.010651031981526874,True,0.9082028236829381,0.9132904519078797,0.0014747110014528622
bowl_on_plate,stacking_support,20260818,9,qualified,15,0,TP-GMM SE(2),True,,3.4451243560761213,0.010008865790081674,True,0.9079251228835683,0.9180431834840408,0.0013290644722515309
bowl_on_plate,stacking_support,20270818,9,qualified,15,0,TP-GMM additive,True,,1.462705009849742,0.010651031981526874,True,0.9082028236829381,0.9132904519078797,0.0014747110014528622
bowl_on_plate,stacking_support,20270818,9,qualified,15,0,TP-GMM SE(2),True,,1.575972244841978,0.010008865790081674,True,0.9079251228835683,0.9180431834840408,0.0013290644722515309
bowl_on_plate,stacking_support,20270818,11,qualified,15,2,TP-GMM additive,True,,1.7043218577746302,0.002312974493529445,True,0.9817946448364284,0.9757493393976885,0.002512791868363958
bowl_on_plate,stacking_support,20270818,11,qualified,15,2,TP-GMM SE(2),True,,1.1009596351068467,0.0022899215727350767,True,0.9822320569116,0.9740044556029621,0.002826901218150328
bowl_on_plate,stacking_support,20270818,10,qualified,15,1,TP-GMM additive,True,,1.35020728292875,0.006609582233380125,True,0.9387923615210986,0.9278694293594555,0.0019962694337395345
bowl_on_plate,stacking_support,20270818,10,qualified,15,1,TP-GMM SE(2),True,,1.8407277080696076,0.001552531606231004,True,0.9651923808791374,0.9567204470494264,0.0018557799341585768
bowl_on_plate,stacking_support,20280818,0,random,8,0,TP-GMM additive,True,,0.7554236219730228,0.002195995620062742,True,0.9877819523614051,0.9370075086006721,0.002164948051506772
bowl_on_plate,stacking_support,20280818,0,random,8,0,TP-GMM SE(2),True,,0.8636158898007125,0.003101750304637238,True,0.9871645583499344,0.9590305710414221,0.0023639754275646316
bowl_on_plate,stacking_support,20260818,15,qualified,30,0,TP-GMM additive,True,,3.4539778830949217,0.0038698164332677367,True,0.9852932582948837,0.885858125108975,0.0015934705496299386
bowl_on_plate,stacking_support,20260818,15,qualified,30,0,TP-GMM SE(2),True,,4.289203807944432,0.001288479268118996,True,0.9756425491926762,0.9647942565615963,0.006810671268229791
bowl_on_plate,stacking_support,20280818,4,qualified,8,1,TP-GMM additive,True,,0.6818794580176473,0.0032446031829425465,True,0.9006388583586433,0.9740126727393952,0.0016966077613200454
bowl_on_plate,stacking_support,20280818,4,qualified,8,1,TP-GMM SE(2),True,,0.6086934399791062,0.004948759179530029,True,0.9262291755993135,0.9626950882407094,0.001629259810926423
bowl_on_plate,stacking_support,20280818,2,random,8,2,TP-GMM additive,True,,0.8873194030020386,0.004124316427777601,True,0.9172374781905163,0.9253670330325314,0.001648449006031653
bowl_on_plate,stacking_support,20280818,2,random,8,2,TP-GMM SE(2),True,,0.9298387679737061,0.004008697767430244,True,0.9209119786956349,0.928717585977519,0.0019420009880777938
bowl_on_plate,stacking_support,20270818,15,qualified,30,0,TP-GMM additive,True,,2.064682825934142,0.0038698164332677367,True,0.9852932582948837,0.885858125108975,0.0015934705496299386
bowl_on_plate,stacking_support,20270818,15,qualified,30,0,TP-GMM SE(2),True,,2.0739162990357727,0.001288479268118996,True,0.9756425491926762,0.9647942565615963,0.006810671268229791
bowl_on_plate,stacking_support,20280818,3,qualified,8,0,TP-GMM additive,True,,1.4546690061688423,0.005424121413074962,True,0.8780513872729684,0.9845617943363658,0.0025266419122678403
bowl_on_plate,stacking_support,20280818,3,qualified,8,0,TP-GMM SE(2),True,,0.7002731470856816,0.00566271599904084,True,0.882567517227692,0.9822523653512174,0.0022360882722498956
bowl_on_plate,stacking_support,20280818,5,qualified,8,2,TP-GMM additive,True,,0.6954439401160926,0.0021069650234940896,True,0.9734449057754307,0.9440999877885838,0.002516302507681799
bowl_on_plate,stacking_support,20280818,5,qualified,8,2,TP-GMM SE(2),True,,0.7905356178525835,0.0018182459930519168,True,0.968128831830492,0.9574980996363176,0.0022955556567767353
bowl_on_plate,stacking_support,20260818,13,random,30,1,TP-GMM additive,True,,4.284227660158649,0.012203800179298572,True,0.8973148079224197,0.903457191649415,0.0012156642989141222
bowl_on_plate,stacking_support,20260818,13,random,30,1,TP-GMM SE(2),True,,4.552593803033233,0.01230478140011547,True,0.8958149621145911,0.9056205415788713,0.0012440480476949764
bowl_on_plate,stacking_support,20270818,14,random,30,2,TP-GMM additive,True,,2.9301737390924245,0.005123204845776276,True,0.935326105880735,0.9612525330934124,0.01829023391236327
bowl_on_plate,stacking_support,20270818,14,random,30,2,TP-GMM SE(2),True,,2.3866662501823157,0.007204937378303777,True,0.8970297740011623,0.918275024918598,0.06572227895020302
bowl_on_plate,stacking_support,20280818,1,random,8,1,TP-GMM additive,True,,1.8667758218944073,0.0059913586974944,True,0.9697975270700487,0.9804397698283048,0.005820798601640793
bowl_on_plate,stacking_support,20280818,1,random,8,1,TP-GMM SE(2),True,,2.087569368071854,0.006163728815905719,True,0.9680701842653544,0.9819380604382706,0.006341143477306822
bowl_on_plate,stacking_support,20260818,14,random,30,2,TP-GMM additive,True,,5.50313893891871,0.005123204845776276,True,0.935326105880735,0.9612525330934124,0.01829023391236327
bowl_on_plate,stacking_support,20260818,14,random,30,2,TP-GMM SE(2),True,,4.817648274824023,0.007204937378303777,True,0.8970297740011623,0.918275024918598,0.06572227895020302
bowl_on_plate,stacking_support,20280818,8,random,15,2,TP-GMM additive,True,,1.2799065199214965,0.0018952401024943596,True,0.9491023900062151,0.9643046513053629,0.0031834961051213067
bowl_on_plate,stacking_support,20280818,8,random,15,2,TP-GMM SE(2),True,,1.1005913149565458,0.0016451290326031124,True,0.9511644532414487,0.9658169515995053,0.00256268508272089
bowl_on_plate,stacking_support,20270818,17,qualified,30,2,TP-GMM additive,True,,2.52269690297544,0.0030854625821713057,True,0.9676854990831735,0.9004007840650654,0.0013807209530516766
bowl_on_plate,stacking_support,20270818,17,qualified,30,2,TP-GMM SE(2),True,,2.633062131004408,0.011131576368310834,True,0.892600337003488,0.9190339068878248,0.0013314887928958766
bowl_on_plate,stacking_support,20260818,16,qualified,30,1,TP-GMM additive,True,,4.940921326866373,0.003130361141272798,True,0.991095154372415,0.9011469064382042,0.0016837720747764247
bowl_on_plate,stacking_support,20260818,16,qualified,30,1,TP-GMM SE(2),True,,5.462804895127192,0.0035362405900388402,True,0.9833951773993016,0.8946527373012227,0.0016256594410254826
bowl_on_plate,stacking_support,20280818,11,qualified,15,2,TP-GMM additive,True,,0.9695496980566531,0.002312974493529445,True,0.9817946448364284,0.9757493393976885,0.002512791868363958
bowl_on_plate,stacking_support,20280818,11,qualified,15,2,TP-GMM SE(2),True,,1.0661106270272285,0.0022899215727350767,True,0.9822320569116,0.9740044556029621,0.002826901218150328
bowl_on_plate,stacking_support,20270818,16,qualified,30,1,TP-GMM additive,True,,3.0605544468853623,0.003130361141272798,True,0.991095154372415,0.9011469064382042,0.0016837720747764247
bowl_on_plate,stacking_support,20270818,16,qualified,30,1,TP-GMM SE(2),True,,2.7687829858623445,0.0035362405900388402,True,0.9833951773993016,0.8946527373012227,0.0016256594410254826
bowl_on_plate,stacking_support,20260818,17,qualified,30,2,TP-GMM additive,True,,5.157106733182445,0.0030854625821713057,True,0.9676854990831735,0.9004007840650654,0.0013807209530516766
bowl_on_plate,stacking_support,20260818,17,qualified,30,2,TP-GMM SE(2),True,,5.45616435399279,0.011131576368310834,True,0.892600337003488,0.9190339068878248,0.0013314887928958766
bowl_on_plate,stacking_support,20280818,7,random,15,1,TP-GMM additive,True,,2.305809208890423,0.009225399920148787,True,0.9183016450312748,0.9171285623989396,0.0014890430509524213
bowl_on_plate,stacking_support,20280818,7,random,15,1,TP-GMM SE(2),True,,1.2896672091446817,0.009145162055758323,True,0.9234421620545052,0.9124529620043418,0.0014514529248499113
bowl_on_plate,stacking_support,20280818,9,qualified,15,0,TP-GMM additive,True,,1.4460981800220907,0.010651031981526874,True,0.9082028236829381,0.9132904519078797,0.0014747110014528622
bowl_on_plate,stacking_support,20280818,9,qualified,15,0,TP-GMM SE(2),True,,1.533214566996321,0.010008865790081674,True,0.9079251228835683,0.9180431834840408,0.0013290644722515309
bowl_on_plate,stacking_support,20280818,10,qualified,15,1,TP-GMM additive,True,,1.2362584290094674,0.006609582233380125,True,0.9387923615210986,0.9278694293594555,0.0019962694337395345
bowl_on_plate,stacking_support,20280818,10,qualified,15,1,TP-GMM SE(2),True,,1.8066530071664602,0.001552531606231004,True,0.9651923808791374,0.9567204470494264,0.0018557799341585768
cream_cheese_in_bowl,container_in,20260818,1,random,8,1,TP-GMM additive,True,,0.7096483428031206,0.0059913586973915104,True,0.9697975270703263,0.98043976982801,0.005820798601640125
cream_cheese_in_bowl,container_in,20260818,1,random,8,1,TP-GMM SE(2),True,,0.819385580951348,0.00616372881592733,True,0.9680701842654238,0.9819380604383573,0.0063411434773063095
cream_cheese_in_bowl,container_in,20260818,4,qualified,8,1,TP-GMM additive,True,,0.6858440369833261,0.0032446031829591036,True,0.9006388583591984,0.9740126727396381,0.0016966077613190357
cream_cheese_in_bowl,container_in,20260818,4,qualified,8,1,TP-GMM SE(2),True,,0.630258637946099,0.0049487591795462455,True,0.9262291755995217,0.9626950882406052,0.001629259810924373
cream_cheese_in_bowl,container_in,20260818,2,random,8,2,TP-GMM additive,True,,0.880293239839375,0.0041243164277331,True,0.9172374781908632,0.9253670330326875,0.0016484490060322044
cream_cheese_in_bowl,container_in,20260818,2,random,8,2,TP-GMM SE(2),True,,1.1917431140318513,0.004008697767307516,True,0.9209119786963982,0.9287175859776231,0.0019420009880818472
cream_cheese_in_bowl,container_in,20260818,5,qualified,8,2,TP-GMM additive,True,,0.7010864748153836,0.0021069650235503988,True,0.9734449057759165,0.9440999877896767,0.0025163025076797648
cream_cheese_in_bowl,container_in,20260818,5,qualified,8,2,TP-GMM SE(2),True,,0.7942730369977653,0.0018182459930220348,True,0.9681288318303533,0.9574980996354502,0.002295555656777085
bowl_on_plate,stacking_support,20270818,13,random,30,1,TP-GMM additive,True,,4.324605731992051,0.012203800179298572,True,0.8973148079224197,0.903457191649415,0.0012156642989141222
bowl_on_plate,stacking_support,20270818,13,random,30,1,TP-GMM SE(2),True,,4.584898405941203,0.01230478140011547,True,0.8958149621145911,0.9056205415788713,0.0012440480476949764
bowl_on_plate,stacking_support,20270818,12,random,30,0,TP-GMM additive,True,,5.437750068027526,0.0032437302521904437,True,0.8923922076714552,0.9723495081497869,0.0014607587722952988
bowl_on_plate,stacking_support,20270818,12,random,30,0,TP-GMM SE(2),True,,4.4407199448905885,0.002953534612036525,True,0.9029643770327306,0.9819708864918126,0.0014100372209977837
bowl_on_plate,stacking_support,20280818,6,random,15,0,TP-GMM additive,True,,3.1157897270750254,0.009296697099749776,True,0.9027348229556642,0.9223267615887479,0.0012712796303835491
bowl_on_plate,stacking_support,20280818,6,random,15,0,TP-GMM SE(2),True,,2.8423060060013086,0.009856131485479576,True,0.9066099732266825,0.9167795248213664,0.0013252429982268659
bowl_on_plate,stacking_support,20280818,13,random,30,1,TP-GMM additive,True,,2.0497061288915575,0.012203800179298572,True,0.8973148079224197,0.903457191649415,0.0012156642989141222
bowl_on_plate,stacking_support,20280818,13,random,30,1,TP-GMM SE(2),True,,2.1632238689344376,0.01230478140011547,True,0.8958149621145911,0.9056205415788713,0.0012440480476949764
cream_cheese_in_bowl,container_in,20260818,6,random,15,0,TP-GMM additive,True,,1.4204063250217587,0.009296697099722657,True,0.9027348229557336,0.9223267615887479,0.0012712796303834305
cream_cheese_in_bowl,container_in,20260818,6,random,15,0,TP-GMM SE(2),True,,1.2349117421545088,0.009856131485435848,True,0.9066099732268906,0.9167795248213491,0.001325242998226858
cream_cheese_in_bowl,container_in,20260818,3,qualified,8,0,TP-GMM additive,True,,1.604035829892382,0.005424121413088791,True,0.8780513872727602,0.9845617943364006,0.0025266419122743316
cream_cheese_in_bowl,container_in,20260818,3,qualified,8,0,TP-GMM SE(2),True,,1.8256909949705005,0.005662715999034132,True,0.8825675172278308,0.9822523653512522,0.0022360882722496783
cream_cheese_in_bowl,container_in,20260818,7,random,15,1,TP-GMM additive,True,,1.4169196719303727,0.009225399920148467,True,0.9183016450312748,0.9171285623989048,0.001489043050952528
cream_cheese_in_bowl,container_in,20260818,7,random,15,1,TP-GMM SE(2),True,,1.2344775500241667,0.009145162055806616,True,0.9234421620545746,0.9124529620040296,0.0014514529248504354
cream_cheese_in_bowl,container_in,20260818,0,random,8,0,TP-GMM additive,True,,2.014301064889878,0.002195995620048614,True,0.9877819523615439,0.9370075086007414,0.002164948051507029
cream_cheese_in_bowl,container_in,20260818,0,random,8,0,TP-GMM SE(2),True,,2.254438694100827,0.0031017503046612033,True,0.987164558349865,0.9590305710411098,0.0023639754275625716
cream_cheese_in_bowl,container_in,20260818,8,random,15,2,TP-GMM additive,True,,1.4284742318559438,0.0018952401024881075,True,0.9491023900062845,0.9643046513054323,0.003183496105120258
cream_cheese_in_bowl,container_in,20260818,8,random,15,2,TP-GMM SE(2),True,,1.0756520929280668,0.00164512903261244,True,0.9511644532412405,0.9658169515993492,0.0025626850827226563
cream_cheese_in_bowl,container_in,20260818,10,qualified,15,1,TP-GMM additive,True,,1.2369684160221368,0.00660958223337587,True,0.938792361521168,0.9278694293595422,0.0019962694337395965
cream_cheese_in_bowl,container_in,20260818,10,qualified,15,1,TP-GMM SE(2),True,,1.294502668082714,0.001552531606221268,True,0.9651923808791374,0.9567204470495305,0.0018557799341584913
bowl_on_plate,stacking_support,20280818,15,qualified,30,0,TP-GMM additive,True,,3.245065697003156,0.0038698164332677367,True,0.9852932582948837,0.885858125108975,0.0015934705496299386
bowl_on_plate,stacking_support,20280818,15,qualified,30,0,TP-GMM SE(2),True,,2.098531448049471,0.001288479268118996,True,0.9756425491926762,0.9647942565615963,0.006810671268229791
bowl_on_plate,stacking_support,20280818,17,qualified,30,2,TP-GMM additive,True,,2.5276899051386863,0.0030854625821713057,True,0.9676854990831735,0.9004007840650654,0.0013807209530516766
bowl_on_plate,stacking_support,20280818,17,qualified,30,2,TP-GMM SE(2),True,,3.060228617861867,0.011131576368310834,True,0.892600337003488,0.9190339068878248,0.0013314887928958766
cream_cheese_in_bowl,container_in,20270818,1,random,8,1,TP-GMM additive,True,,0.7135216081514955,0.0059913586973915104,True,0.9697975270703263,0.98043976982801,0.005820798601640125
cream_cheese_in_bowl,container_in,20270818,1,random,8,1,TP-GMM SE(2),True,,0.8270977828651667,0.00616372881592733,True,0.9680701842654238,0.9819380604383573,0.0063411434773063095
cream_cheese_in_bowl,container_in,20270818,2,random,8,2,TP-GMM additive,True,,0.8974779420532286,0.0041243164277331,True,0.9172374781908632,0.9253670330326875,0.0016484490060322044
cream_cheese_in_bowl,container_in,20270818,2,random,8,2,TP-GMM SE(2),True,,0.9385959571227431,0.004008697767307516,True,0.9209119786963982,0.9287175859776231,0.0019420009880818472
cream_cheese_in_bowl,container_in,20270818,3,qualified,8,0,TP-GMM additive,True,,1.1726620609406382,0.005424121413088791,True,0.8780513872727602,0.9845617943364006,0.0025266419122743316
cream_cheese_in_bowl,container_in,20270818,3,qualified,8,0,TP-GMM SE(2),True,,0.6953884069807827,0.005662715999034132,True,0.8825675172278308,0.9822523653512522,0.0022360882722496783
cream_cheese_in_bowl,container_in,20260818,11,qualified,15,2,TP-GMM additive,True,,2.191504942951724,0.00231297449350913,True,0.9817946448364284,0.9757493393977058,0.0025127918683662638
cream_cheese_in_bowl,container_in,20260818,11,qualified,15,2,TP-GMM SE(2),True,,2.3767129071056843,0.002289921572735061,True,0.9822320569116694,0.9740044556029448,0.00282690121814973
cream_cheese_in_bowl,container_in,20260818,9,qualified,15,0,TP-GMM additive,True,,2.5437213459517807,0.010651031981540313,True,0.9082028236830769,0.9132904519076022,0.0014747110014535737
cream_cheese_in_bowl,container_in,20260818,9,qualified,15,0,TP-GMM SE(2),True,,2.8127264289651066,0.010008865790015935,True,0.9079251228838459,0.9180431834841102,0.0013290644722523258
cream_cheese_in_bowl,container_in,20270818,5,qualified,8,2,TP-GMM additive,True,,0.6952280169352889,0.0021069650235503988,True,0.9734449057759165,0.9440999877896767,0.0025163025076797648
cream_cheese_in_bowl,container_in,20270818,5,qualified,8,2,TP-GMM SE(2),True,,0.7923053801059723,0.0018182459930220348,True,0.9681288318303533,0.9574980996354502,0.002295555656777085
bowl_on_plate,stacking_support,20280818,12,random,30,0,TP-GMM additive,True,,5.383304016897455,0.0032437302521904437,True,0.8923922076714552,0.9723495081497869,0.0014607587722952988
bowl_on_plate,stacking_support,20280818,12,random,30,0,TP-GMM SE(2),True,,4.343135858885944,0.002953534612036525,True,0.9029643770327306,0.9819708864918126,0.0014100372209977837
bowl_on_plate,stacking_support,20280818,16,qualified,30,1,TP-GMM additive,True,,2.8615107571240515,0.003130361141272798,True,0.991095154372415,0.9011469064382042,0.0016837720747764247
bowl_on_plate,stacking_support,20280818,16,qualified,30,1,TP-GMM SE(2),True,,5.276276488089934,0.0035362405900388402,True,0.9833951773993016,0.8946527373012227,0.0016256594410254826
cream_cheese_in_bowl,container_in,20260818,15,qualified,30,0,TP-GMM additive,True,,2.075375588145107,0.0038698164332763474,True,0.9852932582948837,0.8858581251089229,0.0015934705496300017
cream_cheese_in_bowl,container_in,20260818,15,qualified,30,0,TP-GMM SE(2),True,,2.3170211610849947,0.0012884792681148232,True,0.9756425491926762,0.9647942565616137,0.006810671268225877
cream_cheese_in_bowl,container_in,20270818,4,qualified,8,1,TP-GMM additive,True,,0.9863026558887213,0.0032446031829591036,True,0.9006388583591984,0.9740126727396381,0.0016966077613190357
cream_cheese_in_bowl,container_in,20270818,4,qualified,8,1,TP-GMM SE(2),True,,1.6711235290858895,0.0049487591795462455,True,0.9262291755995217,0.9626950882406052,0.001629259810924373
cream_cheese_in_bowl,container_in,20260818,14,random,30,2,TP-GMM additive,True,,2.7211424340493977,0.005123204845720896,True,0.9353261058808737,0.9612525330935685,0.018290233912573985
cream_cheese_in_bowl,container_in,20260818,14,random,30,2,TP-GMM SE(2),True,,2.3787904458586127,0.007204937378281562,True,0.8970297740014399,0.9182750249188929,0.06572227895022786
cream_cheese_in_bowl,container_in,20270818,0,random,8,0,TP-GMM additive,True,,2.005318089853972,0.002195995620048614,True,0.9877819523615439,0.9370075086007414,0.002164948051507029
cream_cheese_in_bowl,container_in,20270818,0,random,8,0,TP-GMM SE(2),True,,2.2280131890438497,0.0031017503046612033,True,0.987164558349865,0.9590305710411098,0.0023639754275625716
cream_cheese_in_bowl,container_in,20270818,6,random,15,0,TP-GMM additive,True,,1.3724673648830503,0.009296697099722657,True,0.9027348229557336,0.9223267615887479,0.0012712796303834305
cream_cheese_in_bowl,container_in,20270818,6,random,15,0,TP-GMM SE(2),True,,1.229413578985259,0.009856131485435848,True,0.9066099732268906,0.9167795248213491,0.001325242998226858
cream_cheese_in_bowl,container_in,20260818,17,qualified,30,2,TP-GMM additive,True,,2.521584008121863,0.0030854625821714666,True,0.9676854990830347,0.9004007840650654,0.0013807209530517202
cream_cheese_in_bowl,container_in,20260818,17,qualified,30,2,TP-GMM SE(2),True,,2.6265067860949785,0.01113157636832726,True,0.892600337003488,0.9190339068877381,0.0013314887928958454
bowl_on_plate,stacking_support,20280818,14,random,30,2,TP-GMM additive,True,,5.755862642079592,0.005123204845776276,True,0.935326105880735,0.9612525330934124,0.01829023391236327
bowl_on_plate,stacking_support,20280818,14,random,30,2,TP-GMM SE(2),True,,5.079502595122904,0.007204937378303777,True,0.8970297740011623,0.918275024918598,0.06572227895020302
cream_cheese_in_bowl,container_in,20270818,10,qualified,15,1,TP-GMM additive,True,,1.244038017001003,0.00660958223337587,True,0.938792361521168,0.9278694293595422,0.0019962694337395965
cream_cheese_in_bowl,container_in,20270818,10,qualified,15,1,TP-GMM SE(2),True,,1.2496139009017497,0.001552531606221268,True,0.9651923808791374,0.9567204470495305,0.0018557799341584913
cream_cheese_in_bowl,container_in,20270818,7,random,15,1,TP-GMM additive,True,,1.4081573009025306,0.009225399920148467,True,0.9183016450312748,0.9171285623989048,0.001489043050952528
cream_cheese_in_bowl,container_in,20270818,7,random,15,1,TP-GMM SE(2),True,,2.191641697892919,0.009145162055806616,True,0.9234421620545746,0.9124529620040296,0.0014514529248504354
cream_cheese_in_bowl,container_in,20280818,0,random,8,0,TP-GMM additive,True,,0.7540890660602599,0.002195995620048614,True,0.9877819523615439,0.9370075086007414,0.002164948051507029
cream_cheese_in_bowl,container_in,20280818,0,random,8,0,TP-GMM SE(2),True,,0.8589514258783311,0.0031017503046612033,True,0.987164558349865,0.9590305710411098,0.0023639754275625716
cream_cheese_in_bowl,container_in,20280818,3,qualified,8,0,TP-GMM additive,True,,0.6140129689592868,0.005424121413088791,True,0.8780513872727602,0.9845617943364006,0.0025266419122743316
cream_cheese_in_bowl,container_in,20280818,3,qualified,8,0,TP-GMM SE(2),True,,0.7005477629136294,0.005662715999034132,True,0.8825675172278308,0.9822523653512522,0.0022360882722496783
cream_cheese_in_bowl,container_in,20260818,13,random,30,1,TP-GMM additive,True,,4.176742705050856,0.01220380017930739,True,0.8973148079224891,0.9034571916493802,0.001215664298914056
cream_cheese_in_bowl,container_in,20260818,13,random,30,1,TP-GMM SE(2),True,,4.511171336984262,0.012304781400127958,True,0.8958149621145911,0.905620541578854,0.0012440480476949066
cream_cheese_in_bowl,container_in,20280818,2,random,8,2,TP-GMM additive,True,,0.8771323258988559,0.0041243164277331,True,0.9172374781908632,0.9253670330326875,0.0016484490060322044
cream_cheese_in_bowl,container_in,20280818,2,random,8,2,TP-GMM SE(2),True,,0.9220738518051803,0.004008697767307516,True,0.9209119786963982,0.9287175859776231,0.0019420009880818472
cream_cheese_in_bowl,container_in,20270818,9,qualified,15,0,TP-GMM additive,True,,1.4472439400851727,0.010651031981540313,True,0.9082028236830769,0.9132904519076022,0.0014747110014535737
cream_cheese_in_bowl,container_in,20270818,9,qualified,15,0,TP-GMM SE(2),True,,2.999388044932857,0.010008865790015935,True,0.9079251228838459,0.9180431834841102,0.0013290644722523258
cream_cheese_in_bowl,container_in,20280818,4,qualified,8,1,TP-GMM additive,True,,0.6888039889745414,0.0032446031829591036,True,0.9006388583591984,0.9740126727396381,0.0016966077613190357
cream_cheese_in_bowl,container_in,20280818,4,qualified,8,1,TP-GMM SE(2),True,,0.6278731380589306,0.0049487591795462455,True,0.9262291755995217,0.9626950882406052,0.001629259810924373
cream_cheese_in_bowl,container_in,20270818,11,qualified,15,2,TP-GMM additive,True,,2.1655560538638383,0.00231297449350913,True,0.9817946448364284,0.9757493393977058,0.0025127918683662638
cream_cheese_in_bowl,container_in,20270818,11,qualified,15,2,TP-GMM SE(2),True,,2.3628933259751648,0.002289921572735061,True,0.9822320569116694,0.9740044556029448,0.00282690121814973
cream_cheese_in_bowl,container_in,20270818,8,random,15,2,TP-GMM additive,True,,2.8272690209560096,0.0018952401024881075,True,0.9491023900062845,0.9643046513054323,0.003183496105120258
cream_cheese_in_bowl,container_in,20270818,8,random,15,2,TP-GMM SE(2),True,,2.3958906680345535,0.00164512903261244,True,0.9511644532412405,0.9658169515993492,0.0025626850827226563
cream_cheese_in_bowl,container_in,20270818,15,qualified,30,0,TP-GMM additive,True,,2.059398215962574,0.0038698164332763474,True,0.9852932582948837,0.8858581251089229,0.0015934705496300017
cream_cheese_in_bowl,container_in,20270818,15,qualified,30,0,TP-GMM SE(2),True,,2.097762132063508,0.0012884792681148232,True,0.9756425491926762,0.9647942565616137,0.006810671268225877
cream_cheese_in_bowl,container_in,20260818,12,random,30,0,TP-GMM additive,True,,5.4302250479813665,0.00324373025218225,True,0.8923922076713164,0.9723495081496828,0.00146075877229651
cream_cheese_in_bowl,container_in,20260818,12,random,30,0,TP-GMM SE(2),True,,4.433743600035086,0.002953534612036376,True,0.9029643770327306,0.98197088649183,0.0014100372209976955
cream_cheese_in_bowl,container_in,20270818,13,random,30,1,TP-GMM additive,True,,2.8840392839629203,0.01220380017930739,True,0.8973148079224891,0.9034571916493802,0.001215664298914056
cream_cheese_in_bowl,container_in,20270818,13,random,30,1,TP-GMM SE(2),True,,2.1738942209631205,0.012304781400127958,True,0.8958149621145911,0.905620541578854,0.0012440480476949066
cream_cheese_in_bowl,container_in,20280818,5,qualified,8,2,TP-GMM additive,True,,0.697447031037882,0.0021069650235503988,True,0.9734449057759165,0.9440999877896767,0.0025163025076797648
cream_cheese_in_bowl,container_in,20280818,5,qualified,8,2,TP-GMM SE(2),True,,0.7938569388352334,0.0018182459930220348,True,0.9681288318303533,0.9574980996354502,0.002295555656777085
cream_cheese_in_bowl,container_in,20280818,1,random,8,1,TP-GMM additive,True,,1.8566464220639318,0.0059913586973915104,True,0.9697975270703263,0.98043976982801,0.005820798601640125
cream_cheese_in_bowl,container_in,20280818,1,random,8,1,TP-GMM SE(2),True,,2.0828864460345358,0.00616372881592733,True,0.9680701842654238,0.9819380604383573,0.0063411434773063095
cream_cheese_in_bowl,container_in,20260818,16,qualified,30,1,TP-GMM additive,True,,4.883643536129966,0.0031303611412533496,True,0.9910951543723456,0.9011469064383604,0.0016837720747798126
cream_cheese_in_bowl,container_in,20260818,16,qualified,30,1,TP-GMM SE(2),True,,5.314427961828187,0.0035362405900414722,True,0.9833951773993016,0.8946527373011881,0.0016256594410293806
cream_cheese_in_bowl,container_in,20270818,17,qualified,30,2,TP-GMM additive,True,,2.5185811000410467,0.0030854625821714666,True,0.9676854990830347,0.9004007840650654,0.0013807209530517202
cream_cheese_in_bowl,container_in,20270818,17,qualified,30,2,TP-GMM SE(2),True,,2.622848090948537,0.01113157636832726,True,0.892600337003488,0.9190339068877381,0.0013314887928958454
cream_cheese_in_bowl,container_in,20280818,7,random,15,1,TP-GMM additive,True,,1.4152350628282875,0.009225399920148467,True,0.9183016450312748,0.9171285623989048,0.001489043050952528
cream_cheese_in_bowl,container_in,20280818,7,random,15,1,TP-GMM SE(2),True,,1.8189571790862828,0.009145162055806616,True,0.9234421620545746,0.9124529620040296,0.0014514529248504354
cream_cheese_in_bowl,container_in,20280818,9,qualified,15,0,TP-GMM additive,True,,1.4483581439126283,0.010651031981540313,True,0.9082028236830769,0.9132904519076022,0.0014747110014535737
cream_cheese_in_bowl,container_in,20280818,9,qualified,15,0,TP-GMM SE(2),True,,1.5390205648727715,0.010008865790015935,True,0.9079251228838459,0.9180431834841102,0.0013290644722523258
cream_cheese_in_bowl,container_in,20280818,8,random,15,2,TP-GMM additive,True,,2.080836722860113,0.0018952401024881075,True,0.9491023900062845,0.9643046513054323,0.003183496105120258
cream_cheese_in_bowl,container_in,20280818,8,random,15,2,TP-GMM SE(2),True,,1.5976164559833705,0.00164512903261244,True,0.9511644532412405,0.9658169515993492,0.0025626850827226563
wine_bottle_on_rack,rack_slot_placement,20260818,0,random,8,0,TP-GMM additive,True,,0.609700599918142,0.008593487378331327,True,0.989913959028102,0.980756631208309,0.9912277217487365
wine_bottle_on_rack,rack_slot_placement,20260818,0,random,8,0,TP-GMM SE(2),True,,0.6456828450318426,0.009219608317247836,True,0.9845133050565696,0.9840010624708282,0.9919810246096561
cream_cheese_in_bowl,container_in,20270818,14,random,30,2,TP-GMM additive,True,,3.4533107741735876,0.005123204845720896,True,0.9353261058808737,0.9612525330935685,0.018290233912573985
cream_cheese_in_bowl,container_in,20270818,14,random,30,2,TP-GMM SE(2),True,,4.681100361049175,0.007204937378281562,True,0.8970297740014399,0.9182750249188929,0.06572227895022786
wine_bottle_on_rack,rack_slot_placement,20260818,2,random,8,2,TP-GMM additive,True,,0.5250157248228788,0.01137677149016817,True,0.991443934876407,0.9739558717882719,0.9952957913214825
wine_bottle_on_rack,rack_slot_placement,20260818,2,random,8,2,TP-GMM SE(2),True,,0.8521474569570273,0.011520181353171137,True,0.993080487065659,0.973192315879085,0.9948694672169518
wine_bottle_on_rack,rack_slot_placement,20260818,1,random,8,1,TP-GMM additive,True,,0.8243868998251855,0.011488323965831515,True,0.9845280274024121,0.989269737406815,0.9862186202120851
wine_bottle_on_rack,rack_slot_placement,20260818,1,random,8,1,TP-GMM SE(2),True,,0.7441300100181252,0.011952285722928597,True,0.9856547001976107,0.9893941800867974,0.9854173950077229
cream_cheese_in_bowl,container_in,20280818,11,qualified,15,2,TP-GMM additive,True,,2.152520290808752,0.00231297449350913,True,0.9817946448364284,0.9757493393977058,0.0025127918683662638
cream_cheese_in_bowl,container_in,20280818,11,qualified,15,2,TP-GMM SE(2),True,,2.3916337362024933,0.002289921572735061,True,0.9822320569116694,0.9740044556029448,0.00282690121814973
wine_bottle_on_rack,rack_slot_placement,20260818,3,qualified,8,0,TP-GMM additive,True,,0.6290712731424719,0.010860456975058604,True,0.9911737518025071,0.9791408664530701,0.98827463022872
wine_bottle_on_rack,rack_slot_placement,20260818,3,qualified,8,0,TP-GMM SE(2),True,,0.5676495749503374,0.011282601075498116,True,0.9920664142591684,0.9805135275029597,0.9889611344155936
wine_bottle_on_rack,rack_slot_placement,20260818,4,qualified,8,1,TP-GMM additive,True,,0.5722428569570184,0.014571710329278108,True,0.9930466030659557,0.9960573728103782,0.9960125487972952
wine_bottle_on_rack,rack_slot_placement,20260818,4,qualified,8,1,TP-GMM SE(2),True,,0.6081420129630715,0.014815295545613222,True,0.992628380225638,0.99630783786077,0.9959954497818475
cream_cheese_in_bowl,container_in,20280818,12,random,30,0,TP-GMM additive,True,,2.6542242818977684,0.00324373025218225,True,0.8923922076713164,0.9723495081496828,0.00146075877229651
cream_cheese_in_bowl,container_in,20280818,12,random,30,0,TP-GMM SE(2),True,,2.138445927063003,0.002953534612036376,True,0.9029643770327306,0.98197088649183,0.0014100372209976955
cream_cheese_in_bowl,container_in,20280818,15,qualified,30,0,TP-GMM additive,True,,2.0593987109605223,0.0038698164332763474,True,0.9852932582948837,0.8858581251089229,0.0015934705496300017
cream_cheese_in_bowl,container_in,20280818,15,qualified,30,0,TP-GMM SE(2),True,,2.065951009048149,0.0012884792681148232,True,0.9756425491926762,0.9647942565616137,0.006810671268225877
wine_bottle_on_rack,rack_slot_placement,20260818,5,qualified,8,2,TP-GMM additive,True,,0.5806676091160625,0.01015461073427874,True,0.9881761519658916,0.9769378038484712,0.9940530112066543
wine_bottle_on_rack,rack_slot_placement,20260818,5,qualified,8,2,TP-GMM SE(2),True,,0.790274963947013,0.010685590715205003,True,0.9873251338601841,0.9793886380775569,0.9953784754698742
cream_cheese_in_bowl,container_in,20280818,6,random,15,0,TP-GMM additive,True,,3.078206129837781,0.009296697099722657,True,0.9027348229557336,0.9223267615887479,0.0012712796303834305
cream_cheese_in_bowl,container_in,20280818,6,random,15,0,TP-GMM SE(2),True,,2.8156963100191206,0.009856131485435848,True,0.9066099732268906,0.9167795248213491,0.001325242998226858
cream_cheese_in_bowl,container_in,20270818,12,random,30,0,TP-GMM additive,True,,5.479578507132828,0.00324373025218225,True,0.8923922076713164,0.9723495081496828,0.00146075877229651
cream_cheese_in_bowl,container_in,20270818,12,random,30,0,TP-GMM SE(2),True,,4.418632926885039,0.002953534612036376,True,0.9029643770327306,0.98197088649183,0.0014100372209976955
cream_cheese_in_bowl,container_in,20280818,10,qualified,15,1,TP-GMM additive,True,,2.7362317610532045,0.00660958223337587,True,0.938792361521168,0.9278694293595422,0.0019962694337395965
cream_cheese_in_bowl,container_in,20280818,10,qualified,15,1,TP-GMM SE(2),True,,2.845762765966356,0.001552531606221268,True,0.9651923808791374,0.9567204470495305,0.0018557799341584913
wine_bottle_on_rack,rack_slot_placement,20260818,9,qualified,15,0,TP-GMM additive,True,,0.884434242034331,0.011138715156897376,True,0.9844386642037656,0.9921122899908357,0.9946548357476145
wine_bottle_on_rack,rack_slot_placement,20260818,9,qualified,15,0,TP-GMM SE(2),True,,0.8154255200643092,0.0110960553959337,True,0.9842068118521424,0.9920796823738828,0.9942611124203397
cream_cheese_in_bowl,container_in,20270818,16,qualified,30,1,TP-GMM additive,True,,4.886871287832037,0.0031303611412533496,True,0.9910951543723456,0.9011469064383604,0.0016837720747798126
cream_cheese_in_bowl,container_in,20270818,16,qualified,30,1,TP-GMM SE(2),True,,5.412781328195706,0.0035362405900414722,True,0.9833951773993016,0.8946527373011881,0.0016256594410293806
cream_cheese_in_bowl,container_in,20280818,14,random,30,2,TP-GMM additive,True,,2.7577831419184804,0.005123204845720896,True,0.9353261058808737,0.9612525330935685,0.018290233912573985
cream_cheese_in_bowl,container_in,20280818,14,random,30,2,TP-GMM SE(2),True,,3.2961459008511156,0.007204937378281562,True,0.8970297740014399,0.9182750249188929,0.06572227895022786
wine_bottle_on_rack,rack_slot_placement,20260818,7,random,15,1,TP-GMM additive,True,,1.1546468280721456,0.011546769471581404,True,0.9914295596716305,0.9887711511511115,0.9958083522109291
wine_bottle_on_rack,rack_slot_placement,20260818,7,random,15,1,TP-GMM SE(2),True,,1.250347533961758,0.011517058917828404,True,0.9921386710137065,0.9887680869038972,0.9958256811730591
wine_bottle_on_rack,rack_slot_placement,20260818,10,qualified,15,1,TP-GMM additive,True,,1.224680625135079,0.003442215184929774,True,0.9911361243594013,0.9626534362194766,0.9920014985279342
wine_bottle_on_rack,rack_slot_placement,20260818,10,qualified,15,1,TP-GMM SE(2),True,,1.0944383300375193,0.0035334508368223866,True,0.9896014872882997,0.9722263469018891,0.9901060983642803
wine_bottle_on_rack,rack_slot_placement,20260818,11,qualified,15,2,TP-GMM additive,True,,1.1047009809408337,0.009094354911409462,True,0.9618036515320061,0.8306604963006244,0.9709098452294087
wine_bottle_on_rack,rack_slot_placement,20260818,11,qualified,15,2,TP-GMM SE(2),True,,1.2317892531864345,0.003287118533536192,True,0.9928180886466936,0.9880056792831029,0.9651689058737424
wine_bottle_on_rack,rack_slot_placement,20260818,6,random,15,0,TP-GMM additive,True,,1.279194146161899,0.013880190797026624,True,0.9894284565966499,0.9906540668562486,0.9959379775121321
wine_bottle_on_rack,rack_slot_placement,20260818,6,random,15,0,TP-GMM SE(2),True,,2.206716317916289,0.013547462733237819,True,0.9883375645033249,0.991293063647474,0.9958498952929974
wine_bottle_on_rack,rack_slot_placement,20270818,2,random,8,2,TP-GMM additive,True,,0.5285065399948508,0.01137677149016817,True,0.991443934876407,0.9739558717882719,0.9952957913214825
wine_bottle_on_rack,rack_slot_placement,20270818,2,random,8,2,TP-GMM SE(2),True,,0.5001341560855508,0.011520181353171137,True,0.993080487065659,0.973192315879085,0.9948694672169518
wine_bottle_on_rack,rack_slot_placement,20270818,3,qualified,8,0,TP-GMM additive,True,,0.514684131834656,0.010860456975058604,True,0.9911737518025071,0.9791408664530701,0.98827463022872
wine_bottle_on_rack,rack_slot_placement,20270818,3,qualified,8,0,TP-GMM SE(2),True,,0.516494139097631,0.011282601075498116,True,0.9920664142591684,0.9805135275029597,0.9889611344155936
wine_bottle_on_rack,rack_slot_placement,20270818,1,random,8,1,TP-GMM additive,True,,0.7960391489323229,0.011488323965831515,True,0.9845280274024121,0.989269737406815,0.9862186202120851
wine_bottle_on_rack,rack_slot_placement,20270818,1,random,8,1,TP-GMM SE(2),True,,0.731930207228288,0.011952285722928597,True,0.9856547001976107,0.9893941800867974,0.9854173950077229
wine_bottle_on_rack,rack_slot_placement,20270818,4,qualified,8,1,TP-GMM additive,True,,0.5771213320549577,0.014571710329278108,True,0.9930466030659557,0.9960573728103782,0.9960125487972952
wine_bottle_on_rack,rack_slot_placement,20270818,4,qualified,8,1,TP-GMM SE(2),True,,0.608670525951311,0.014815295545613222,True,0.992628380225638,0.99630783786077,0.9959954497818475
wine_bottle_on_rack,rack_slot_placement,20260818,13,random,30,1,TP-GMM additive,True,,1.830347673036158,0.003360151839075767,True,0.9916239316206527,0.991222630660075,0.9889717609690502
wine_bottle_on_rack,rack_slot_placement,20260818,13,random,30,1,TP-GMM SE(2),True,,1.709870673948899,0.0034061559607549397,True,0.9911109559537085,0.9912394548767284,0.9889235170500412
wine_bottle_on_rack,rack_slot_placement,20260818,12,random,30,0,TP-GMM additive,True,,1.61412426806055,0.0032007626528579723,True,0.9927663363955286,0.9868640845584934,0.9840962639108717
wine_bottle_on_rack,rack_slot_placement,20260818,12,random,30,0,TP-GMM SE(2),True,,2.573861466953531,0.0031272427120554386,True,0.9756309267142799,0.9813963432904352,0.9966768931983601
cream_cheese_in_bowl,container_in,20280818,13,random,30,1,TP-GMM additive,True,,4.226730133872479,0.01220380017930739,True,0.8973148079224891,0.9034571916493802,0.001215664298914056
cream_cheese_in_bowl,container_in,20280818,13,random,30,1,TP-GMM SE(2),True,,4.555660645943135,0.012304781400127958,True,0.8958149621145911,0.905620541578854,0.0012440480476949066
wine_bottle_on_rack,rack_slot_placement,20260818,8,random,15,2,TP-GMM additive,True,,2.2238339679315686,0.010782093963347844,True,0.9740853523627219,0.9906245022815077,0.9912577390338214
wine_bottle_on_rack,rack_slot_placement,20260818,8,random,15,2,TP-GMM SE(2),True,,2.994990092003718,0.011145937623476819,True,0.9722944329714628,0.9918958736936195,0.9910480884097459
wine_bottle_on_rack,rack_slot_placement,20270818,9,qualified,15,0,TP-GMM additive,True,,0.6839064580854028,0.011138715156897376,True,0.9844386642037656,0.9921122899908357,0.9946548357476145
wine_bottle_on_rack,rack_slot_placement,20270818,9,qualified,15,0,TP-GMM SE(2),True,,0.8103482888545841,0.0110960553959337,True,0.9842068118521424,0.9920796823738828,0.9942611124203397
wine_bottle_on_rack,rack_slot_placement,20270818,0,random,8,0,TP-GMM additive,True,,1.66655117389746,0.008593487378331327,True,0.989913959028102,0.980756631208309,0.9912277217487365
wine_bottle_on_rack,rack_slot_placement,20270818,0,random,8,0,TP-GMM SE(2),True,,1.8144809890072793,0.009219608317247836,True,0.9845133050565696,0.9840010624708282,0.9919810246096561
wine_bottle_on_rack,rack_slot_placement,20270818,6,random,15,0,TP-GMM additive,True,,1.0734288089442998,0.013880190797026624,True,0.9894284565966499,0.9906540668562486,0.9959379775121321
wine_bottle_on_rack,rack_slot_placement,20270818,6,random,15,0,TP-GMM SE(2),True,,0.9757353099994361,0.013547462733237819,True,0.9883375645033249,0.991293063647474,0.9958498952929974
wine_bottle_on_rack,rack_slot_placement,20270818,7,random,15,1,TP-GMM additive,True,,1.0376764538232237,0.011546769471581404,True,0.9914295596716305,0.9887711511511115,0.9958083522109291
wine_bottle_on_rack,rack_slot_placement,20270818,7,random,15,1,TP-GMM SE(2),True,,1.0633366899564862,0.011517058917828404,True,0.9921386710137065,0.9887680869038972,0.9958256811730591
wine_bottle_on_rack,rack_slot_placement,20270818,5,qualified,8,2,TP-GMM additive,True,,1.1378469120245427,0.01015461073427874,True,0.9881761519658916,0.9769378038484712,0.9940530112066543
wine_bottle_on_rack,rack_slot_placement,20270818,5,qualified,8,2,TP-GMM SE(2),True,,1.2247995440848172,0.010685590715205003,True,0.9873251338601841,0.9793886380775569,0.9953784754698742
wine_bottle_on_rack,rack_slot_placement,20260818,17,qualified,30,2,TP-GMM additive,True,,1.5754627708811313,0.004294307990198994,True,0.9598120085643064,0.9537269619354773,0.9659338820612211
wine_bottle_on_rack,rack_slot_placement,20260818,17,qualified,30,2,TP-GMM SE(2),True,,2.5781836120877415,0.00369499451849635,True,0.980196137407574,0.9551024197192699,0.9988739808330649
wine_bottle_on_rack,rack_slot_placement,20270818,8,random,15,2,TP-GMM additive,True,,0.8743839629460126,0.010782093963347844,True,0.9740853523627219,0.9906245022815077,0.9912577390338214
wine_bottle_on_rack,rack_slot_placement,20270818,8,random,15,2,TP-GMM SE(2),True,,1.2061121962033212,0.011145937623476819,True,0.9722944329714628,0.9918958736936195,0.9910480884097459
wine_bottle_on_rack,rack_slot_placement,20270818,10,qualified,15,1,TP-GMM additive,True,,1.2231379130389541,0.003442215184929774,True,0.9911361243594013,0.9626534362194766,0.9920014985279342
wine_bottle_on_rack,rack_slot_placement,20270818,10,qualified,15,1,TP-GMM SE(2),True,,1.0860013109631836,0.0035334508368223866,True,0.9896014872882997,0.9722263469018891,0.9901060983642803
wine_bottle_on_rack,rack_slot_placement,20280818,0,random,8,0,TP-GMM additive,True,,0.6033123559318483,0.008593487378331327,True,0.989913959028102,0.980756631208309,0.9912277217487365
wine_bottle_on_rack,rack_slot_placement,20280818,0,random,8,0,TP-GMM SE(2),True,,0.6444768831133842,0.009219608317247836,True,0.9845133050565696,0.9840010624708282,0.9919810246096561
wine_bottle_on_rack,rack_slot_placement,20280818,2,random,8,2,TP-GMM additive,True,,0.5274978620000184,0.01137677149016817,True,0.991443934876407,0.9739558717882719,0.9952957913214825
wine_bottle_on_rack,rack_slot_placement,20280818,2,random,8,2,TP-GMM SE(2),True,,0.5030121428426355,0.011520181353171137,True,0.993080487065659,0.973192315879085,0.9948694672169518
wine_bottle_on_rack,rack_slot_placement,20260818,14,random,30,2,TP-GMM additive,True,,3.479267415124923,0.003144715724973215,True,0.991313454035761,0.9855253040503618,0.9706360268986512
wine_bottle_on_rack,rack_slot_placement,20260818,14,random,30,2,TP-GMM SE(2),True,,2.893871609820053,0.0031272644879467935,True,0.9916750988466644,0.9846671620861429,0.9701192803729697
wine_bottle_on_rack,rack_slot_placement,20280818,1,random,8,1,TP-GMM additive,True,,0.9327998289372772,0.011488323965831515,True,0.9845280274024121,0.989269737406815,0.9862186202120851
wine_bottle_on_rack,rack_slot_placement,20280818,1,random,8,1,TP-GMM SE(2),True,,0.7412557348143309,0.011952285722928597,True,0.9856547001976107,0.9893941800867974,0.9854173950077229
cream_cheese_in_bowl,container_in,20280818,16,qualified,30,1,TP-GMM additive,True,,4.966398810967803,0.0031303611412533496,True,0.9910951543723456,0.9011469064383604,0.0016837720747798126
cream_cheese_in_bowl,container_in,20280818,16,qualified,30,1,TP-GMM SE(2),True,,5.443841050146148,0.0035362405900414722,True,0.9833951773993016,0.8946527373011881,0.0016256594410293806
wine_bottle_on_rack,rack_slot_placement,20280818,3,qualified,8,0,TP-GMM additive,True,,0.5161600809078664,0.010860456975058604,True,0.9911737518025071,0.9791408664530701,0.98827463022872
wine_bottle_on_rack,rack_slot_placement,20280818,3,qualified,8,0,TP-GMM SE(2),True,,0.5171039050910622,0.011282601075498116,True,0.9920664142591684,0.9805135275029597,0.9889611344155936
wine_bottle_on_rack,rack_slot_placement,20270818,11,qualified,15,2,TP-GMM additive,True,,1.3102398428600281,0.009094354911409462,True,0.9618036515320061,0.8306604963006244,0.9709098452294087
wine_bottle_on_rack,rack_slot_placement,20270818,11,qualified,15,2,TP-GMM SE(2),True,,1.8092121509835124,0.003287118533536192,True,0.9928180886466936,0.9880056792831029,0.9651689058737424
wine_bottle_on_rack,rack_slot_placement,20260818,15,qualified,30,0,TP-GMM additive,True,,3.565698507009074,0.0029276475984790894,True,0.9911778438752988,0.9918215689923638,0.9817050531473915
wine_bottle_on_rack,rack_slot_placement,20260818,15,qualified,30,0,TP-GMM SE(2),True,,3.3791113609913737,0.0029042887852049233,True,0.9900447413790925,0.9928997098963046,0.9815293573055368
cream_cheese_in_bowl,container_in,20280818,17,qualified,30,2,TP-GMM additive,True,,5.156583833042532,0.0030854625821714666,True,0.9676854990830347,0.9004007840650654,0.0013807209530517202
cream_cheese_in_bowl,container_in,20280818,17,qualified,30,2,TP-GMM SE(2),True,,5.449640806065872,0.01113157636832726,True,0.892600337003488,0.9190339068877381,0.0013314887928958454
wine_bottle_on_rack,rack_slot_placement,20270818,14,random,30,2,TP-GMM additive,True,,1.533703993074596,0.003144715724973215,True,0.991313454035761,0.9855253040503618,0.9706360268986512
wine_bottle_on_rack,rack_slot_placement,20270818,14,random,30,2,TP-GMM SE(2),True,,1.2734693780075759,0.0031272644879467935,True,0.9916750988466644,0.9846671620861429,0.9701192803729697
wine_bottle_on_rack,rack_slot_placement,20280818,5,qualified,8,2,TP-GMM additive,True,,0.8800435909070075,0.01015461073427874,True,0.9881761519658916,0.9769378038484712,0.9940530112066543
wine_bottle_on_rack,rack_slot_placement,20280818,5,qualified,8,2,TP-GMM SE(2),True,,0.6937843959312886,0.010685590715205003,True,0.9873251338601841,0.9793886380775569,0.9953784754698742
wine_bottle_on_rack,rack_slot_placement,20280818,4,qualified,8,1,TP-GMM additive,True,,0.5754421139135957,0.014571710329278108,True,0.9930466030659557,0.9960573728103782,0.9960125487972952
wine_bottle_on_rack,rack_slot_placement,20280818,4,qualified,8,1,TP-GMM SE(2),True,,1.1716908670496196,0.014815295545613222,True,0.992628380225638,0.99630783786077,0.9959954497818475
wine_bottle_on_rack,rack_slot_placement,20280818,9,qualified,15,0,TP-GMM additive,True,,0.6878158049657941,0.011138715156897376,True,0.9844386642037656,0.9921122899908357,0.9946548357476145
wine_bottle_on_rack,rack_slot_placement,20280818,9,qualified,15,0,TP-GMM SE(2),True,,0.8100345928687602,0.0110960553959337,True,0.9842068118521424,0.9920796823738828,0.9942611124203397
wine_bottle_on_rack,rack_slot_placement,20280818,7,random,15,1,TP-GMM additive,True,,1.049361617071554,0.011546769471581404,True,0.9914295596716305,0.9887711511511115,0.9958083522109291
wine_bottle_on_rack,rack_slot_placement,20280818,7,random,15,1,TP-GMM SE(2),True,,1.0761570071335882,0.011517058917828404,True,0.9921386710137065,0.9887680869038972,0.9958256811730591
wine_bottle_on_rack,rack_slot_placement,20270818,17,qualified,30,2,TP-GMM additive,True,,1.56991285411641,0.004294307990198994,True,0.9598120085643064,0.9537269619354773,0.9659338820612211
wine_bottle_on_rack,rack_slot_placement,20270818,17,qualified,30,2,TP-GMM SE(2),True,,2.755358220078051,0.00369499451849635,True,0.980196137407574,0.9551024197192699,0.9988739808330649
wine_bottle_on_rack,rack_slot_placement,20280818,10,qualified,15,1,TP-GMM additive,True,,1.2259117111098021,0.003442215184929774,True,0.9911361243594013,0.9626534362194766,0.9920014985279342
wine_bottle_on_rack,rack_slot_placement,20280818,10,qualified,15,1,TP-GMM SE(2),True,,1.0958144650794566,0.0035334508368223866,True,0.9896014872882997,0.9722263469018891,0.9901060983642803
wine_bottle_on_rack,rack_slot_placement,20280818,14,random,30,2,TP-GMM additive,True,,1.5233911329414696,0.003144715724973215,True,0.991313454035761,0.9855253040503618,0.9706360268986512
wine_bottle_on_rack,rack_slot_placement,20280818,14,random,30,2,TP-GMM SE(2),True,,1.2693400669377297,0.0031272644879467935,True,0.9916750988466644,0.9846671620861429,0.9701192803729697
wine_bottle_on_rack,rack_slot_placement,20270818,16,qualified,30,1,TP-GMM additive,True,,2.7445201461669058,0.008230959389014336,True,0.9736615341029292,0.9083983350454419,0.9603107791175018
wine_bottle_on_rack,rack_slot_placement,20270818,16,qualified,30,1,TP-GMM SE(2),True,,3.3808270588051528,0.0028342268247109324,True,0.9909197704308786,0.9921826824341655,0.9903581062721717
wine_bottle_on_cabinet,upright_support_placement,20260818,1,random,8,1,TP-GMM additive,True,,0.7158767548389733,0.0059913586974006,True,0.9697975270701181,0.9804397698281324,0.005820798601643542
wine_bottle_on_cabinet,upright_support_placement,20260818,1,random,8,1,TP-GMM SE(2),True,,0.8173209191299975,0.006163728815922562,True,0.9680701842653544,0.9819380604383945,0.006341143477306962
wine_bottle_on_rack,rack_slot_placement,20280818,13,random,30,1,TP-GMM additive,True,,1.8306083679199219,0.003360151839075767,True,0.9916239316206527,0.991222630660075,0.9889717609690502
wine_bottle_on_rack,rack_slot_placement,20280818,13,random,30,1,TP-GMM SE(2),True,,1.711782782804221,0.0034061559607549397,True,0.9911109559537085,0.9912394548767284,0.9889235170500412
wine_bottle_on_cabinet,upright_support_placement,20260818,0,random,8,0,TP-GMM additive,True,,0.7539027261082083,0.002195995620044374,True,0.9877819523614745,0.9370075086005447,0.002164948051504441
wine_bottle_on_cabinet,upright_support_placement,20260818,0,random,8,0,TP-GMM SE(2),True,,1.3846938840579242,0.0031017503046543013,True,0.9871645583499344,0.9590305710412422,0.002363975427562921
wine_bottle_on_rack,rack_slot_placement,20280818,6,random,15,0,TP-GMM additive,True,,2.671008563833311,0.013880190797026624,True,0.9894284565966499,0.9906540668562486,0.9959379775121321
wine_bottle_on_rack,rack_slot_placement,20280818,6,random,15,0,TP-GMM SE(2),True,,2.3666527229361236,0.013547462733237819,True,0.9883375645033249,0.991293063647474,0.9958498952929974
wine_bottle_on_rack,rack_slot_placement,20270818,15,qualified,30,0,TP-GMM additive,True,,3.6662572319619358,0.0029276475984790894,True,0.9911778438752988,0.9918215689923638,0.9817050531473915
wine_bottle_on_rack,rack_slot_placement,20270818,15,qualified,30,0,TP-GMM SE(2),True,,3.4699900520499796,0.0029042887852049233,True,0.9900447413790925,0.9928997098963046,0.9815293573055368
wine_bottle_on_rack,rack_slot_placement,20280818,8,random,15,2,TP-GMM additive,True,,2.2047674499917775,0.010782093963347844,True,0.9740853523627219,0.9906245022815077,0.9912577390338214
wine_bottle_on_rack,rack_slot_placement,20280818,8,random,15,2,TP-GMM SE(2),True,,3.0007938018534333,0.011145937623476819,True,0.9722944329714628,0.9918958736936195,0.9910480884097459
wine_bottle_on_cabinet,upright_support_placement,20260818,4,qualified,8,1,TP-GMM additive,True,,0.6787040149793029,0.0032446031829509447,True,0.9006388583589903,0.9740126727395001,0.0016966077613194861
wine_bottle_on_cabinet,upright_support_placement,20260818,4,qualified,8,1,TP-GMM SE(2),True,,0.6231861151754856,0.0049487591795502155,True,0.9262291755995217,0.9626950882406365,0.0016292598109259027
wine_bottle_on_rack,rack_slot_placement,20260818,16,qualified,30,1,TP-GMM additive,True,,6.237426433013752,0.008230959389014336,True,0.9736615341029292,0.9083983350454419,0.9603107791175018
wine_bottle_on_rack,rack_slot_placement,20260818,16,qualified,30,1,TP-GMM SE(2),True,,5.733289808034897,0.0028342268247109324,True,0.9909197704308786,0.9921826824341655,0.9903581062721717
wine_bottle_on_cabinet,upright_support_placement,20260818,2,random,8,2,TP-GMM additive,True,,0.8822095389477909,0.004124316427702929,True,0.9172374781907938,0.9253670330326648,0.001648449006032515
wine_bottle_on_cabinet,upright_support_placement,20260818,2,random,8,2,TP-GMM SE(2),True,,0.93437435105443,0.004008697767315926,True,0.9209119786959125,0.9287175859775109,0.0019420009880811483
wine_bottle_on_cabinet,upright_support_placement,20260818,5,qualified,8,2,TP-GMM additive,True,,0.6934214460197836,0.0021069650235307,True,0.9734449057757083,0.9440999877892627,0.0025163025076802305
wine_bottle_on_cabinet,upright_support_placement,20260818,5,qualified,8,2,TP-GMM SE(2),True,,0.7902491560671479,0.001818245993035934,True,0.968128831830492,0.9574980996359457,0.0022955556567771313
wine_bottle_on_rack,rack_slot_placement,20270818,12,random,30,0,TP-GMM additive,True,,3.7183694208506495,0.0032007626528579723,True,0.9927663363955286,0.9868640845584934,0.9840962639108717
wine_bottle_on_rack,rack_slot_placement,20270818,12,random,30,0,TP-GMM SE(2),True,,4.808296249015257,0.0031272427120554386,True,0.9756309267142799,0.9813963432904352,0.9966768931983601
wine_bottle_on_rack,rack_slot_placement,20270818,13,random,30,1,TP-GMM additive,True,,4.194260527845472,0.003360151839075767,True,0.9916239316206527,0.991222630660075,0.9889717609690502
wine_bottle_on_rack,rack_slot_placement,20270818,13,random,30,1,TP-GMM SE(2),True,,4.033349449979141,0.0034061559607549397,True,0.9911109559537085,0.9912394548767284,0.9889235170500412
wine_bottle_on_rack,rack_slot_placement,20280818,11,qualified,15,2,TP-GMM additive,True,,2.719331051921472,0.009094354911409462,True,0.9618036515320061,0.8306604963006244,0.9709098452294087
wine_bottle_on_rack,rack_slot_placement,20280818,11,qualified,15,2,TP-GMM SE(2),True,,3.0338781329337507,0.003287118533536192,True,0.9928180886466936,0.9880056792831029,0.9651689058737424
wine_bottle_on_cabinet,upright_support_placement,20260818,3,qualified,8,0,TP-GMM additive,True,,1.4535204500425607,0.005424121413083866,True,0.8780513872729684,0.9845617943363919,0.0025266419122708995
wine_bottle_on_cabinet,upright_support_placement,20260818,3,qualified,8,0,TP-GMM SE(2),True,,0.6971973120234907,0.005662715999027159,True,0.8825675172278308,0.982252365351239,0.0022360882722506103
wine_bottle_on_rack,rack_slot_placement,20280818,17,qualified,30,2,TP-GMM additive,True,,1.5825842760968953,0.004294307990198994,True,0.9598120085643064,0.9537269619354773,0.9659338820612211
wine_bottle_on_rack,rack_slot_placement,20280818,17,qualified,30,2,TP-GMM SE(2),True,,2.5120265590958297,0.00369499451849635,True,0.980196137407574,0.9551024197192699,0.9988739808330649
wine_bottle_on_rack,rack_slot_placement,20280818,16,qualified,30,1,TP-GMM additive,True,,2.737957424018532,0.008230959389014336,True,0.9736615341029292,0.9083983350454419,0.9603107791175018
wine_bottle_on_rack,rack_slot_placement,20280818,16,qualified,30,1,TP-GMM SE(2),True,,2.585666493047029,0.0028342268247109324,True,0.9909197704308786,0.9921826824341655,0.9903581062721717
wine_bottle_on_rack,rack_slot_placement,20280818,15,qualified,30,0,TP-GMM additive,True,,3.515411257976666,0.0029276475984790894,True,0.9911778438752988,0.9918215689923638,0.9817050531473915
wine_bottle_on_rack,rack_slot_placement,20280818,15,qualified,30,0,TP-GMM SE(2),True,,2.4953761661890894,0.0029042887852049233,True,0.9900447413790925,0.9928997098963046,0.9815293573055368
wine_bottle_on_cabinet,upright_support_placement,20260818,10,qualified,15,1,TP-GMM additive,True,,1.2328000969719142,0.00660958223338418,True,0.9387923615210986,0.9278694293594891,0.001996269433739395
wine_bottle_on_cabinet,upright_support_placement,20260818,10,qualified,15,1,TP-GMM SE(2),True,,1.2482160709332675,0.0015525316062287094,True,0.9651923808792068,0.9567204470494665,0.0018557799341589495
wine_bottle_on_cabinet,upright_support_placement,20260818,6,random,15,0,TP-GMM additive,True,,1.7811117439996451,0.009296697099727974,True,0.9027348229556642,0.9223267615887539,0.001271279630383481
wine_bottle_on_cabinet,upright_support_placement,20260818,6,random,15,0,TP-GMM SE(2),True,,1.7311864208895713,0.009856131485448378,True,0.9066099732267519,0.9167795248213615,0.0013252429982267514
wine_bottle_on_cabinet,upright_support_placement,20270818,0,random,8,0,TP-GMM additive,True,,0.9577765928115696,0.002195995620044374,True,0.9877819523614745,0.9370075086005447,0.002164948051504441
wine_bottle_on_cabinet,upright_support_placement,20270818,0,random,8,0,TP-GMM SE(2),True,,1.0768147688359022,0.0031017503046543013,True,0.9871645583499344,0.9590305710412422,0.002363975427562921
wine_bottle_on_cabinet,upright_support_placement,20270818,1,random,8,1,TP-GMM additive,True,,0.7102849970106035,0.0059913586974006,True,0.9697975270701181,0.9804397698281324,0.005820798601643542
wine_bottle_on_cabinet,upright_support_placement,20270818,1,random,8,1,TP-GMM SE(2),True,,0.823181243147701,0.006163728815922562,True,0.9680701842653544,0.9819380604383945,0.006341143477306962
wine_bottle_on_rack,rack_slot_placement,20280818,12,random,30,0,TP-GMM additive,True,,3.677876414032653,0.0032007626528579723,True,0.9927663363955286,0.9868640845584934,0.9840962639108717
wine_bottle_on_rack,rack_slot_placement,20280818,12,random,30,0,TP-GMM SE(2),True,,4.84569560107775,0.0031272427120554386,True,0.9756309267142799,0.9813963432904352,0.9966768931983601
wine_bottle_on_cabinet,upright_support_placement,20270818,3,qualified,8,0,TP-GMM additive,True,,0.6187738322187215,0.005424121413083866,True,0.8780513872729684,0.9845617943363919,0.0025266419122708995
wine_bottle_on_cabinet,upright_support_placement,20270818,3,qualified,8,0,TP-GMM SE(2),True,,0.701777959940955,0.005662715999027159,True,0.8825675172278308,0.982252365351239,0.0022360882722506103
wine_bottle_on_cabinet,upright_support_placement,20270818,4,qualified,8,1,TP-GMM additive,True,,0.6849750599358231,0.0032446031829509447,True,0.9006388583589903,0.9740126727395001,0.0016966077613194861
wine_bottle_on_cabinet,upright_support_placement,20270818,4,qualified,8,1,TP-GMM SE(2),True,,0.6253378409892321,0.0049487591795502155,True,0.9262291755995217,0.9626950882406365,0.0016292598109259027
wine_bottle_on_cabinet,upright_support_placement,20260818,13,random,30,1,TP-GMM additive,True,,2.001773407915607,0.012203800179308359,True,0.8973148079225585,0.9034571916493956,0.00121566429891406
wine_bottle_on_cabinet,upright_support_placement,20260818,13,random,30,1,TP-GMM SE(2),True,,2.1558565727900714,0.012304781400126943,True,0.8958149621145911,0.9056205415788771,0.0012440480476949376
wine_bottle_on_cabinet,upright_support_placement,20270818,5,qualified,8,2,TP-GMM additive,True,,0.7107700170017779,0.0021069650235307,True,0.9734449057757083,0.9440999877892627,0.0025163025076802305
wine_bottle_on_cabinet,upright_support_placement,20270818,5,qualified,8,2,TP-GMM SE(2),True,,0.8388082589954138,0.001818245993035934,True,0.968128831830492,0.9574980996359457,0.0022955556567771313
wine_bottle_on_cabinet,upright_support_placement,20260818,11,qualified,15,2,TP-GMM additive,True,,2.1508855959400535,0.002312974493507547,True,0.9817946448364284,0.9757493393976634,0.0025127918683656115
wine_bottle_on_cabinet,upright_support_placement,20260818,11,qualified,15,2,TP-GMM SE(2),True,,2.354568941053003,0.0022899215727347215,True,0.9822320569116,0.9740044556029746,0.002826901218150021
wine_bottle_on_cabinet,upright_support_placement,20260818,8,random,15,2,TP-GMM additive,True,,2.7855280470103025,0.001895240102492351,True,0.9491023900061457,0.9643046513053933,0.003183496105120623
wine_bottle_on_cabinet,upright_support_placement,20260818,8,random,15,2,TP-GMM SE(2),True,,2.383580890018493,0.0016451290326054413,True,0.9511644532413099,0.9658169515994723,0.0025626850827220058
wine_bottle_on_cabinet,upright_support_placement,20260818,12,random,30,0,TP-GMM additive,True,,2.963992065982893,0.003243730252185274,True,0.8923922076713164,0.9723495081497447,0.0014607587722967684
wine_bottle_on_cabinet,upright_support_placement,20260818,12,random,30,0,TP-GMM SE(2),True,,2.1460723388008773,0.0029535346120353897,True,0.9029643770328,0.9819708864918025,0.0014100372209978895
wine_bottle_on_cabinet,upright_support_placement,20260818,7,random,15,1,TP-GMM additive,True,,3.2485811898950487,0.009225399920152052,True,0.9183016450313441,0.9171285623989264,0.0014890430509524135
wine_bottle_on_cabinet,upright_support_placement,20260818,7,random,15,1,TP-GMM SE(2),True,,2.810537178069353,0.009145162055785222,True,0.9234421620543665,0.9124529620042432,0.001451452924850018
wine_bottle_on_cabinet,upright_support_placement,20270818,6,random,15,0,TP-GMM additive,True,,1.3834324548952281,0.009296697099727974,True,0.9027348229556642,0.9223267615887539,0.001271279630383481
wine_bottle_on_cabinet,upright_support_placement,20270818,6,random,15,0,TP-GMM SE(2),True,,1.2318697210866958,0.009856131485448378,True,0.9066099732267519,0.9167795248213615,0.0013252429982267514
wine_bottle_on_cabinet,upright_support_placement,20270818,2,random,8,2,TP-GMM additive,True,,1.7473638581577688,0.004124316427702929,True,0.9172374781907938,0.9253670330326648,0.001648449006032515
wine_bottle_on_cabinet,upright_support_placement,20270818,2,random,8,2,TP-GMM SE(2),True,,2.3044257170986384,0.004008697767315926,True,0.9209119786959125,0.9287175859775109,0.0019420009880811483
wine_bottle_on_cabinet,upright_support_placement,20260818,17,qualified,30,2,TP-GMM additive,True,,2.524187271948904,0.003085462582169401,True,0.9676854990830347,0.9004007840651158,0.0013807209530506915
wine_bottle_on_cabinet,upright_support_placement,20260818,17,qualified,30,2,TP-GMM SE(2),True,,2.6535437998827547,0.011131576368320573,True,0.892600337003488,0.9190339068877779,0.0013314887928957912
wine_bottle_on_cabinet,upright_support_placement,20270818,8,random,15,2,TP-GMM additive,True,,1.5509114600718021,0.001895240102492351,True,0.9491023900061457,0.9643046513053933,0.003183496105120623
wine_bottle_on_cabinet,upright_support_placement,20270818,8,random,15,2,TP-GMM SE(2),True,,1.0753235861193389,0.0016451290326054413,True,0.9511644532413099,0.9658169515994723,0.0025626850827220058
wine_bottle_on_cabinet,upright_support_placement,20270818,11,qualified,15,2,TP-GMM additive,True,,0.9756574779748917,0.002312974493507547,True,0.9817946448364284,0.9757493393976634,0.0025127918683656115
wine_bottle_on_cabinet,upright_support_placement,20270818,11,qualified,15,2,TP-GMM SE(2),True,,1.0823777599725872,0.0022899215727347215,True,0.9822320569116,0.9740044556029746,0.002826901218150021
wine_bottle_on_cabinet,upright_support_placement,20260818,9,qualified,15,0,TP-GMM additive,True,,3.2773071250412613,0.010651031981538385,True,0.9082028236830075,0.9132904519077074,0.0014747110014532447
wine_bottle_on_cabinet,upright_support_placement,20260818,9,qualified,15,0,TP-GMM SE(2),True,,3.4307610190007836,0.010008865790061787,True,0.9079251228834989,0.9180431834840136,0.0013290644722519303
wine_bottle_on_cabinet,upright_support_placement,20270818,9,qualified,15,0,TP-GMM additive,True,,1.4482300318777561,0.010651031981538385,True,0.9082028236830075,0.9132904519077074,0.0014747110014532447
wine_bottle_on_cabinet,upright_support_placement,20270818,9,qualified,15,0,TP-GMM SE(2),True,,1.5383248790167272,0.010008865790061787,True,0.9079251228834989,0.9180431834840136,0.0013290644722519303
wine_bottle_on_cabinet,upright_support_placement,20270818,10,qualified,15,1,TP-GMM additive,True,,1.238803530111909,0.00660958223338418,True,0.9387923615210986,0.9278694293594891,0.001996269433739395
wine_bottle_on_cabinet,upright_support_placement,20270818,10,qualified,15,1,TP-GMM SE(2),True,,1.2488825859036297,0.0015525316062287094,True,0.9651923808792068,0.9567204470494665,0.0018557799341589495
wine_bottle_on_cabinet,upright_support_placement,20280818,0,random,8,0,TP-GMM additive,True,,0.7621841540094465,0.002195995620044374,True,0.9877819523614745,0.9370075086005447,0.002164948051504441
wine_bottle_on_cabinet,upright_support_placement,20280818,0,random,8,0,TP-GMM SE(2),True,,0.859111312078312,0.0031017503046543013,True,0.9871645583499344,0.9590305710412422,0.002363975427562921
wine_bottle_on_cabinet,upright_support_placement,20280818,1,random,8,1,TP-GMM additive,True,,0.7083805128931999,0.0059913586974006,True,0.9697975270701181,0.9804397698281324,0.005820798601643542
wine_bottle_on_cabinet,upright_support_placement,20280818,1,random,8,1,TP-GMM SE(2),True,,0.8642964188475162,0.006163728815922562,True,0.9680701842653544,0.9819380604383945,0.006341143477306962
wine_bottle_on_cabinet,upright_support_placement,20280818,4,qualified,8,1,TP-GMM additive,True,,0.6883879110682756,0.0032446031829509447,True,0.9006388583589903,0.9740126727395001,0.0016966077613194861
wine_bottle_on_cabinet,upright_support_placement,20280818,4,qualified,8,1,TP-GMM SE(2),True,,0.6250371281057596,0.0049487591795502155,True,0.9262291755995217,0.9626950882406365,0.0016292598109259027
wine_bottle_on_cabinet,upright_support_placement,20280818,2,random,8,2,TP-GMM additive,True,,0.8849729269277304,0.004124316427702929,True,0.9172374781907938,0.9253670330326648,0.001648449006032515
wine_bottle_on_cabinet,upright_support_placement,20280818,2,random,8,2,TP-GMM SE(2),True,,0.9386431188322604,0.004008697767315926,True,0.9209119786959125,0.9287175859775109,0.0019420009880811483
wine_bottle_on_cabinet,upright_support_placement,20280818,5,qualified,8,2,TP-GMM additive,True,,0.6988851660862565,0.0021069650235307,True,0.9734449057757083,0.9440999877892627,0.0025163025076802305
wine_bottle_on_cabinet,upright_support_placement,20280818,5,qualified,8,2,TP-GMM SE(2),True,,0.794315910898149,0.001818245993035934,True,0.968128831830492,0.9574980996359457,0.0022955556567771313
wine_bottle_on_cabinet,upright_support_placement,20260818,15,qualified,30,0,TP-GMM additive,True,,4.301279356935993,0.0038698164332690355,True,0.9852932582949531,0.8858581251089905,0.0015934705496300485
wine_bottle_on_cabinet,upright_support_placement,20260818,15,qualified,30,0,TP-GMM SE(2),True,,4.333481077104807,0.0012884792681162513,True,0.9756425491926762,0.9647942565616432,0.006810671268228673
wine_bottle_on_cabinet,upright_support_placement,20270818,7,random,15,1,TP-GMM additive,True,,3.368675534846261,0.009225399920152052,True,0.9183016450313441,0.9171285623989264,0.0014890430509524135
wine_bottle_on_cabinet,upright_support_placement,20270818,7,random,15,1,TP-GMM SE(2),True,,2.8530475180596113,0.009145162055785222,True,0.9234421620543665,0.9124529620042432,0.001451452924850018
wine_bottle_on_cabinet,upright_support_placement,20280818,3,qualified,8,0,TP-GMM additive,True,,1.5765171949751675,0.005424121413083866,True,0.8780513872729684,0.9845617943363919,0.0025266419122708995
wine_bottle_on_cabinet,upright_support_placement,20280818,3,qualified,8,0,TP-GMM SE(2),True,,1.7994595339987427,0.005662715999027159,True,0.8825675172278308,0.982252365351239,0.0022360882722506103
wine_bottle_on_cabinet,upright_support_placement,20280818,6,random,15,0,TP-GMM additive,True,,1.3830420919694006,0.009296697099727974,True,0.9027348229556642,0.9223267615887539,0.001271279630383481
wine_bottle_on_cabinet,upright_support_placement,20280818,6,random,15,0,TP-GMM SE(2),True,,1.2262371571268886,0.009856131485448378,True,0.9066099732267519,0.9167795248213615,0.0013252429982267514
wine_bottle_on_cabinet,upright_support_placement,20280818,8,random,15,2,TP-GMM additive,True,,1.2699589650146663,0.001895240102492351,True,0.9491023900061457,0.9643046513053933,0.003183496105120623
wine_bottle_on_cabinet,upright_support_placement,20280818,8,random,15,2,TP-GMM SE(2),True,,1.0637518030125648,0.0016451290326054413,True,0.9511644532413099,0.9658169515994723,0.0025626850827220058
wine_bottle_on_cabinet,upright_support_placement,20270818,16,qualified,30,1,TP-GMM additive,True,,2.30090281390585,0.003130361141259983,True,0.9910951543723456,0.9011469064382572,0.0016837720747789218
wine_bottle_on_cabinet,upright_support_placement,20270818,16,qualified,30,1,TP-GMM SE(2),True,,2.5180061389692128,0.0035362405900394196,True,0.9833951773993016,0.8946527373012406,0.001625659441030359
wine_bottle_on_cabinet,upright_support_placement,20260818,16,qualified,30,1,TP-GMM additive,True,,4.785302074160427,0.003130361141259983,True,0.9910951543723456,0.9011469064382572,0.0016837720747789218
wine_bottle_on_cabinet,upright_support_placement,20260818,16,qualified,30,1,TP-GMM SE(2),True,,5.356408188818023,0.0035362405900394196,True,0.9833951773993016,0.8946527373012406,0.001625659441030359
wine_bottle_on_cabinet,upright_support_placement,20280818,10,qualified,15,1,TP-GMM additive,True,,1.2352677080780268,0.00660958223338418,True,0.9387923615210986,0.9278694293594891,0.001996269433739395
wine_bottle_on_cabinet,upright_support_placement,20280818,10,qualified,15,1,TP-GMM SE(2),True,,1.2465411350131035,0.0015525316062287094,True,0.9651923808792068,0.9567204470494665,0.0018557799341589495
wine_bottle_on_cabinet,upright_support_placement,20260818,14,random,30,2,TP-GMM additive,True,,5.628518906189129,0.005123204845743112,True,0.9353261058810819,0.9612525330938371,0.018290233912389858
wine_bottle_on_cabinet,upright_support_placement,20260818,14,random,30,2,TP-GMM SE(2),True,,4.928895774995908,0.007204937378296963,True,0.8970297740012317,0.9182750249187065,0.06572227895025172
wine_bottle_on_cabinet,upright_support_placement,20270818,14,random,30,2,TP-GMM additive,True,,3.066502731991932,0.005123204845743112,True,0.9353261058810819,0.9612525330938371,0.018290233912389858
wine_bottle_on_cabinet,upright_support_placement,20270818,14,random,30,2,TP-GMM SE(2),True,,2.6210468590725213,0.007204937378296963,True,0.8970297740012317,0.9182750249187065,0.06572227895025172
wine_bottle_on_cabinet,upright_support_placement,20280818,9,qualified,15,0,TP-GMM additive,True,,1.459923646878451,0.010651031981538385,True,0.9082028236830075,0.9132904519077074,0.0014747110014532447
wine_bottle_on_cabinet,upright_support_placement,20280818,9,qualified,15,0,TP-GMM SE(2),True,,1.5522965861018747,0.010008865790061787,True,0.9079251228834989,0.9180431834840136,0.0013290644722519303
wine_bottle_on_cabinet,upright_support_placement,20280818,7,random,15,1,TP-GMM additive,True,,2.733253404032439,0.009225399920152052,True,0.9183016450313441,0.9171285623989264,0.0014890430509524135
wine_bottle_on_cabinet,upright_support_placement,20280818,7,random,15,1,TP-GMM SE(2),True,,1.4007860329002142,0.009145162055785222,True,0.9234421620543665,0.9124529620042432,0.001451452924850018
moka_pot_on_stove,compound_support_subtask,20260818,0,random,8,0,TP-GMM additive,True,,0.7589292391203344,0.0021959956200409063,True,0.9877819523613357,0.937007508600568,0.0021649480515080668
moka_pot_on_stove,compound_support_subtask,20260818,0,random,8,0,TP-GMM SE(2),True,,0.8677808810025454,0.00310175030464638,True,0.9871645583500038,0.9590305710413873,0.002363975427563389
moka_pot_on_stove,compound_support_subtask,20260818,3,qualified,8,0,TP-GMM additive,True,,0.6247114930301905,0.005424121413078574,True,0.8780513872729684,0.9845617943363832,0.002526641912268974
moka_pot_on_stove,compound_support_subtask,20260818,3,qualified,8,0,TP-GMM SE(2),True,,0.7125060549005866,0.005662715999021365,True,0.882567517228039,0.9822523653512868,0.002236088272251573
moka_pot_on_stove,compound_support_subtask,20260818,2,random,8,2,TP-GMM additive,True,,0.884245220804587,0.004124316427672827,True,0.9172374781907244,0.9253670330326528,0.0016484490060327014
moka_pot_on_stove,compound_support_subtask,20260818,2,random,8,2,TP-GMM SE(2),True,,0.9345398510340601,0.0040086977673228765,True,0.9209119786957043,0.9287175859773802,0.0019420009880802475
moka_pot_on_stove,compound_support_subtask,20260818,4,qualified,8,1,TP-GMM additive,True,,0.6854020471218973,0.0032446031829406505,True,0.9006388583585739,0.9740126727393779,0.0016966077613203869
moka_pot_on_stove,compound_support_subtask,20260818,4,qualified,8,1,TP-GMM SE(2),True,,0.6331680819857866,0.004948759179553912,True,0.9262291755997298,0.9626950882408308,0.0016292598109253903
wine_bottle_on_cabinet,upright_support_placement,20270818,13,random,30,1,TP-GMM additive,True,,4.2977562269661576,0.012203800179308359,True,0.8973148079225585,0.9034571916493956,0.00121566429891406
wine_bottle_on_cabinet,upright_support_placement,20270818,13,random,30,1,TP-GMM SE(2),True,,4.615143123082817,0.012304781400126943,True,0.8958149621145911,0.9056205415788771,0.0012440480476949376
wine_bottle_on_cabinet,upright_support_placement,20280818,11,qualified,15,2,TP-GMM additive,True,,2.167498348047957,0.002312974493507547,True,0.9817946448364284,0.9757493393976634,0.0025127918683656115
wine_bottle_on_cabinet,upright_support_placement,20280818,11,qualified,15,2,TP-GMM SE(2),True,,2.3851311521138996,0.0022899215727347215,True,0.9822320569116,0.9740044556029746,0.002826901218150021
wine_bottle_on_cabinet,upright_support_placement,20270818,15,qualified,30,0,TP-GMM additive,True,,4.258439841913059,0.0038698164332690355,True,0.9852932582949531,0.8858581251089905,0.0015934705496300485
wine_bottle_on_cabinet,upright_support_placement,20270818,15,qualified,30,0,TP-GMM SE(2),True,,4.341278491076082,0.0012884792681162513,True,0.9756425491926762,0.9647942565616432,0.006810671268228673
moka_pot_on_stove,compound_support_subtask,20260818,5,qualified,8,2,TP-GMM additive,True,,0.7058439508546144,0.0021069650235115284,True,0.9734449057755695,0.9440999877887747,0.0025163025076808208
moka_pot_on_stove,compound_support_subtask,20260818,5,qualified,8,2,TP-GMM SE(2),True,,0.7948713360819966,0.0018182459930496816,True,0.968128831830492,0.9574980996364216,0.002295555656777481
wine_bottle_on_cabinet,upright_support_placement,20270818,12,random,30,0,TP-GMM additive,True,,5.374777399934828,0.003243730252185274,True,0.8923922076713164,0.9723495081497447,0.0014607587722967684
wine_bottle_on_cabinet,upright_support_placement,20270818,12,random,30,0,TP-GMM SE(2),True,,4.414045742014423,0.0029535346120353897,True,0.9029643770328,0.9819708864918025,0.0014100372209978895
wine_bottle_on_cabinet,upright_support_placement,20280818,15,qualified,30,0,TP-GMM additive,True,,2.066511315992102,0.0038698164332690355,True,0.9852932582949531,0.8858581251089905,0.0015934705496300485
wine_bottle_on_cabinet,upright_support_placement,20280818,15,qualified,30,0,TP-GMM SE(2),True,,2.079548600129783,0.0012884792681162513,True,0.9756425491926762,0.9647942565616432,0.006810671268228673
moka_pot_on_stove,compound_support_subtask,20260818,1,random,8,1,TP-GMM additive,True,,1.8671319149434566,0.005991358697411891,True,0.96979752706991,0.9804397698281487,0.005820798601646601
moka_pot_on_stove,compound_support_subtask,20260818,1,random,8,1,TP-GMM SE(2),True,,2.0918359889183193,0.006163728815918064,True,0.9680701842654932,0.9819380604383573,0.006341143477305285
wine_bottle_on_cabinet,upright_support_placement,20280818,14,random,30,2,TP-GMM additive,True,,2.7239520689472556,0.005123204845743112,True,0.9353261058810819,0.9612525330938371,0.018290233912389858
wine_bottle_on_cabinet,upright_support_placement,20280818,14,random,30,2,TP-GMM SE(2),True,,2.399180331034586,0.007204937378296963,True,0.8970297740012317,0.9182750249187065,0.06572227895025172
wine_bottle_on_cabinet,upright_support_placement,20280818,16,qualified,30,1,TP-GMM additive,True,,2.3211415731348097,0.003130361141259983,True,0.9910951543723456,0.9011469064382572,0.0016837720747789218
wine_bottle_on_cabinet,upright_support_placement,20280818,16,qualified,30,1,TP-GMM SE(2),True,,2.5410897328983992,0.0035362405900394196,True,0.9833951773993016,0.8946527373012406,0.001625659441030359
moka_pot_on_stove,compound_support_subtask,20260818,6,random,15,0,TP-GMM additive,True,,1.4639446339569986,0.009296697099733253,True,0.9027348229556642,0.9223267615887654,0.0012712796303833297
moka_pot_on_stove,compound_support_subtask,20260818,6,random,15,0,TP-GMM SE(2),True,,1.3011889948975295,0.00985613148546206,True,0.9066099732266825,0.9167795248213317,0.0013252429982267416
moka_pot_on_stove,compound_support_subtask,20260818,7,random,15,1,TP-GMM additive,True,,1.4278463639784604,0.009225399920158037,True,0.9183016450313441,0.9171285623989569,0.0014890430509523086
moka_pot_on_stove,compound_support_subtask,20260818,7,random,15,1,TP-GMM SE(2),True,,1.4057063609361649,0.0091451620557627,True,0.923442162054644,0.9124529620044112,0.0014514529248496862
wine_bottle_on_cabinet,upright_support_placement,20270818,17,qualified,30,2,TP-GMM additive,True,,4.5250942159909755,0.003085462582169401,True,0.9676854990830347,0.9004007840651158,0.0013807209530506915
wine_bottle_on_cabinet,upright_support_placement,20270818,17,qualified,30,2,TP-GMM SE(2),True,,5.370956860017031,0.011131576368320573,True,0.892600337003488,0.9190339068877779,0.0013314887928957912
moka_pot_on_stove,compound_support_subtask,20260818,8,random,15,2,TP-GMM additive,True,,1.2608198749367148,0.0018952401024975936,True,0.9491023900061457,0.9643046513053802,0.003183496105120658
moka_pot_on_stove,compound_support_subtask,20260818,8,random,15,2,TP-GMM SE(2),True,,1.0699303259607404,0.0016451290325978554,True,0.9511644532415181,0.9658169515995574,0.002562685082721315
moka_pot_on_stove,compound_support_subtask,20270818,3,qualified,8,0,TP-GMM additive,True,,0.6141576720401645,0.005424121413078574,True,0.8780513872729684,0.9845617943363832,0.002526641912268974
moka_pot_on_stove,compound_support_subtask,20270818,3,qualified,8,0,TP-GMM SE(2),True,,0.6971710158977658,0.005662715999021365,True,0.882567517228039,0.9822523653512868,0.002236088272251573
moka_pot_on_stove,compound_support_subtask,20270818,1,random,8,1,TP-GMM additive,True,,0.8589811930432916,0.005991358697411891,True,0.96979752706991,0.9804397698281487,0.005820798601646601
moka_pot_on_stove,compound_support_subtask,20270818,1,random,8,1,TP-GMM SE(2),True,,0.8288044249638915,0.006163728815918064,True,0.9680701842654932,0.9819380604383573,0.006341143477305285
moka_pot_on_stove,compound_support_subtask,20270818,0,random,8,0,TP-GMM additive,True,,0.7662726240232587,0.0021959956200409063,True,0.9877819523613357,0.937007508600568,0.0021649480515080668
moka_pot_on_stove,compound_support_subtask,20270818,0,random,8,0,TP-GMM SE(2),True,,1.4254867390263826,0.00310175030464638,True,0.9871645583500038,0.9590305710413873,0.002363975427563389
moka_pot_on_stove,compound_support_subtask,20270818,4,qualified,8,1,TP-GMM additive,True,,0.686095885001123,0.0032446031829406505,True,0.9006388583585739,0.9740126727393779,0.0016966077613203869
moka_pot_on_stove,compound_support_subtask,20270818,4,qualified,8,1,TP-GMM SE(2),True,,0.6246191770769656,0.004948759179553912,True,0.9262291755997298,0.9626950882408308,0.0016292598109253903
moka_pot_on_stove,compound_support_subtask,20260818,11,qualified,15,2,TP-GMM additive,True,,2.178602534113452,0.002312974493505671,True,0.9817946448364284,0.9757493393976537,0.002512791868365002
moka_pot_on_stove,compound_support_subtask,20260818,11,qualified,15,2,TP-GMM SE(2),True,,2.3817302589304745,0.0022899215727348638,True,0.9822320569117388,0.9740044556029968,0.002826901218150386
moka_pot_on_stove,compound_support_subtask,20260818,12,random,30,0,TP-GMM additive,True,,2.633394573116675,0.003243730252188989,True,0.8923922076713858,0.9723495081497869,0.0014607587722969334
moka_pot_on_stove,compound_support_subtask,20260818,12,random,30,0,TP-GMM SE(2),True,,2.14296623878181,0.0029535346120339047,True,0.9029643770328694,0.9819708864918126,0.0014100372209975983
moka_pot_on_stove,compound_support_subtask,20270818,5,qualified,8,2,TP-GMM additive,True,,0.7067565661855042,0.0021069650235115284,True,0.9734449057755695,0.9440999877887747,0.0025163025076808208
moka_pot_on_stove,compound_support_subtask,20270818,5,qualified,8,2,TP-GMM SE(2),True,,0.7952073439955711,0.0018182459930496816,True,0.968128831830492,0.9574980996364216,0.002295555656777481
wine_bottle_on_cabinet,upright_support_placement,20280818,13,random,30,1,TP-GMM additive,True,,4.317095048958436,0.012203800179308359,True,0.8973148079225585,0.9034571916493956,0.00121566429891406
wine_bottle_on_cabinet,upright_support_placement,20280818,13,random,30,1,TP-GMM SE(2),True,,4.69148141797632,0.012304781400126943,True,0.8958149621145911,0.9056205415788771,0.0012440480476949376
moka_pot_on_stove,compound_support_subtask,20260818,10,qualified,15,1,TP-GMM additive,True,,2.730237948941067,0.006609582233393736,True,0.938792361521168,0.9278694293594208,0.0019962694337393324
moka_pot_on_stove,compound_support_subtask,20260818,10,qualified,15,1,TP-GMM SE(2),True,,2.8707939591258764,0.001552531606235718,True,0.9651923808791374,0.9567204470493917,0.0018557799341587787
moka_pot_on_stove,compound_support_subtask,20270818,2,random,8,2,TP-GMM additive,True,,1.3716961438767612,0.004124316427672827,True,0.9172374781907244,0.9253670330326528,0.0016484490060327014
moka_pot_on_stove,compound_support_subtask,20270818,2,random,8,2,TP-GMM SE(2),True,,2.339805349940434,0.0040086977673228765,True,0.9209119786957043,0.9287175859773802,0.0019420009880802475
wine_bottle_on_cabinet,upright_support_placement,20280818,12,random,30,0,TP-GMM additive,True,,5.414797881850973,0.003243730252185274,True,0.8923922076713164,0.9723495081497447,0.0014607587722967684
wine_bottle_on_cabinet,upright_support_placement,20280818,12,random,30,0,TP-GMM SE(2),True,,4.468276432016864,0.0029535346120353897,True,0.9029643770328,0.9819708864918025,0.0014100372209978895
moka_pot_on_stove,compound_support_subtask,20260818,14,random,30,2,TP-GMM additive,True,,2.7126275200862437,0.005123204845765586,True,0.9353261058811513,0.9612525330941236,0.018290233912195548
moka_pot_on_stove,compound_support_subtask,20260818,14,random,30,2,TP-GMM SE(2),True,,2.390836866106838,0.007204937378312684,True,0.8970297740012317,0.9182750249185113,0.06572227895025669
moka_pot_on_stove,compound_support_subtask,20260818,16,qualified,30,1,TP-GMM additive,True,,2.3055145379621536,0.003130361141266999,True,0.9910951543724844,0.9011469064382042,0.001683772074777075
moka_pot_on_stove,compound_support_subtask,20260818,16,qualified,30,1,TP-GMM SE(2),True,,2.5314840578939766,0.0035362405900382227,True,0.9833951773991628,0.8946527373012575,0.0016256594410228036
moka_pot_on_stove,compound_support_subtask,20260818,9,qualified,15,0,TP-GMM additive,True,,3.3096764469519258,0.010651031981536581,True,0.9082028236830075,0.9132904519078278,0.001474711001452934
moka_pot_on_stove,compound_support_subtask,20260818,9,qualified,15,0,TP-GMM SE(2),True,,3.4282456340733916,0.010008865790105608,True,0.9079251228834295,0.9180431834839367,0.0013290644722513008
moka_pot_on_stove,compound_support_subtask,20260818,17,qualified,30,2,TP-GMM additive,True,,2.519493658095598,0.003085462582168008,True,0.9676854990828265,0.9004007840651695,0.0013807209530496297
moka_pot_on_stove,compound_support_subtask,20260818,17,qualified,30,2,TP-GMM SE(2),True,,2.6284437030553818,0.011131576368314588,True,0.8926003370035573,0.9190339068878248,0.0013314887928959076
moka_pot_on_stove,compound_support_subtask,20270818,7,random,15,1,TP-GMM additive,True,,1.4122475050389767,0.009225399920158037,True,0.9183016450313441,0.9171285623989569,0.0014890430509523086
moka_pot_on_stove,compound_support_subtask,20270818,7,random,15,1,TP-GMM SE(2),True,,1.2358456091023982,0.0091451620557627,True,0.923442162054644,0.9124529620044112,0.0014514529248496862
wine_bottle_on_cabinet,upright_support_placement,20280818,17,qualified,30,2,TP-GMM additive,True,,5.142149296123534,0.003085462582169401,True,0.9676854990830347,0.9004007840651158,0.0013807209530506915
wine_bottle_on_cabinet,upright_support_placement,20280818,17,qualified,30,2,TP-GMM SE(2),True,,5.363306785933673,0.011131576368320573,True,0.892600337003488,0.9190339068877779,0.0013314887928957912
moka_pot_on_stove,compound_support_subtask,20270818,10,qualified,15,1,TP-GMM additive,True,,1.2438602650072426,0.006609582233393736,True,0.938792361521168,0.9278694293594208,0.0019962694337393324
moka_pot_on_stove,compound_support_subtask,20270818,10,qualified,15,1,TP-GMM SE(2),True,,1.2552505368366838,0.001552531606235718,True,0.9651923808791374,0.9567204470493917,0.0018557799341587787
moka_pot_on_stove,compound_support_subtask,20270818,9,qualified,15,0,TP-GMM additive,True,,1.4474999718368053,0.010651031981536581,True,0.9082028236830075,0.9132904519078278,0.001474711001452934
moka_pot_on_stove,compound_support_subtask,20270818,9,qualified,15,0,TP-GMM SE(2),True,,1.5384587440639734,0.010008865790105608,True,0.9079251228834295,0.9180431834839367,0.0013290644722513008
moka_pot_on_stove,compound_support_subtask,20280818,0,random,8,0,TP-GMM additive,True,,0.7572028608992696,0.0021959956200409063,True,0.9877819523613357,0.937007508600568,0.0021649480515080668
moka_pot_on_stove,compound_support_subtask,20280818,0,random,8,0,TP-GMM SE(2),True,,0.8559520589187741,0.00310175030464638,True,0.9871645583500038,0.9590305710413873,0.002363975427563389
moka_pot_on_stove,compound_support_subtask,20270818,6,random,15,0,TP-GMM additive,True,,2.810190782882273,0.009296697099733253,True,0.9027348229556642,0.9223267615887654,0.0012712796303833297
moka_pot_on_stove,compound_support_subtask,20270818,6,random,15,0,TP-GMM SE(2),True,,1.7059978391043842,0.00985613148546206,True,0.9066099732266825,0.9167795248213317,0.0013252429982267416
moka_pot_on_stove,compound_support_subtask,20280818,1,random,8,1,TP-GMM additive,True,,0.7080300750676543,0.005991358697411891,True,0.96979752706991,0.9804397698281487,0.005820798601646601
moka_pot_on_stove,compound_support_subtask,20280818,1,random,8,1,TP-GMM SE(2),True,,0.812079147901386,0.006163728815918064,True,0.9680701842654932,0.9819380604383573,0.006341143477305285
moka_pot_on_stove,compound_support_subtask,20280818,3,qualified,8,0,TP-GMM additive,True,,0.6183956761378795,0.005424121413078574,True,0.8780513872729684,0.9845617943363832,0.002526641912268974
moka_pot_on_stove,compound_support_subtask,20280818,3,qualified,8,0,TP-GMM SE(2),True,,0.7695558520499617,0.005662715999021365,True,0.882567517228039,0.9822523653512868,0.002236088272251573
moka_pot_on_stove,compound_support_subtask,20280818,4,qualified,8,1,TP-GMM additive,True,,0.6807612818665802,0.0032446031829406505,True,0.9006388583585739,0.9740126727393779,0.0016966077613203869
moka_pot_on_stove,compound_support_subtask,20280818,4,qualified,8,1,TP-GMM SE(2),True,,0.6212110840715468,0.004948759179553912,True,0.9262291755997298,0.9626950882408308,0.0016292598109253903
moka_pot_on_stove,compound_support_subtask,20260818,13,random,30,1,TP-GMM additive,True,,4.218148205894977,0.012203800179307566,True,0.8973148079226279,0.9034571916493802,0.001215664298914029
moka_pot_on_stove,compound_support_subtask,20260818,13,random,30,1,TP-GMM SE(2),True,,4.51580498018302,0.012304781400125678,True,0.8958149621145911,0.9056205415788713,0.0012440480476949647
moka_pot_on_stove,compound_support_subtask,20260818,15,qualified,30,0,TP-GMM additive,True,,4.343755395850167,0.003869816433261796,True,0.9852932582948143,0.8858581251089923,0.0015934705496301253
moka_pot_on_stove,compound_support_subtask,20260818,15,qualified,30,0,TP-GMM SE(2),True,,4.321582511998713,0.0012884792681176712,True,0.9756425491926068,0.964794256561631,0.006810671268231313
moka_pot_on_stove,compound_support_subtask,20270818,11,qualified,15,2,TP-GMM additive,True,,2.212865207111463,0.002312974493505671,True,0.9817946448364284,0.9757493393976537,0.002512791868365002
moka_pot_on_stove,compound_support_subtask,20270818,11,qualified,15,2,TP-GMM SE(2),True,,2.3879625478293747,0.0022899215727348638,True,0.9822320569117388,0.9740044556029968,0.002826901218150386
moka_pot_on_stove,compound_support_subtask,20280818,5,qualified,8,2,TP-GMM additive,True,,0.6936223930679262,0.0021069650235115284,True,0.9734449057755695,0.9440999877887747,0.0025163025076808208
moka_pot_on_stove,compound_support_subtask,20280818,5,qualified,8,2,TP-GMM SE(2),True,,0.7849125140346587,0.0018182459930496816,True,0.968128831830492,0.9574980996364216,0.002295555656777481
moka_pot_on_stove,compound_support_subtask,20270818,8,random,15,2,TP-GMM additive,True,,2.8043087450787425,0.0018952401024975936,True,0.9491023900061457,0.9643046513053802,0.003183496105120658
moka_pot_on_stove,compound_support_subtask,20270818,8,random,15,2,TP-GMM SE(2),True,,2.3815412980038673,0.0016451290325978554,True,0.9511644532415181,0.9658169515995574,0.002562685082721315
moka_pot_on_stove,compound_support_subtask,20270818,15,qualified,30,0,TP-GMM additive,True,,2.053130225976929,0.003869816433261796,True,0.9852932582948143,0.8858581251089923,0.0015934705496301253
moka_pot_on_stove,compound_support_subtask,20270818,15,qualified,30,0,TP-GMM SE(2),True,,2.059795649955049,0.0012884792681176712,True,0.9756425491926068,0.964794256561631,0.006810671268231313
moka_pot_on_stove,compound_support_subtask,20280818,6,random,15,0,TP-GMM additive,True,,1.3728154010605067,0.009296697099733253,True,0.9027348229556642,0.9223267615887654,0.0012712796303833297
moka_pot_on_stove,compound_support_subtask,20280818,6,random,15,0,TP-GMM SE(2),True,,1.2152460108045489,0.00985613148546206,True,0.9066099732266825,0.9167795248213317,0.0013252429982267416
moka_pot_on_stove,compound_support_subtask,20280818,2,random,8,2,TP-GMM additive,True,,2.1290109509136528,0.004124316427672827,True,0.9172374781907244,0.9253670330326528,0.0016484490060327014
moka_pot_on_stove,compound_support_subtask,20280818,2,random,8,2,TP-GMM SE(2),True,,1.5974605670198798,0.0040086977673228765,True,0.9209119786957043,0.9287175859773802,0.0019420009880802475
moka_pot_on_stove,compound_support_subtask,20280818,7,random,15,1,TP-GMM additive,True,,1.4075539270415902,0.009225399920158037,True,0.9183016450313441,0.9171285623989569,0.0014890430509523086
moka_pot_on_stove,compound_support_subtask,20280818,7,random,15,1,TP-GMM SE(2),True,,1.22221262101084,0.0091451620557627,True,0.923442162054644,0.9124529620044112,0.0014514529248496862
moka_pot_on_stove,compound_support_subtask,20270818,16,qualified,30,1,TP-GMM additive,True,,2.67457562382333,0.003130361141266999,True,0.9910951543724844,0.9011469064382042,0.001683772074777075
moka_pot_on_stove,compound_support_subtask,20270818,16,qualified,30,1,TP-GMM SE(2),True,,2.5513566751033068,0.0035362405900382227,True,0.9833951773991628,0.8946527373012575,0.0016256594410228036
moka_pot_on_stove,compound_support_subtask,20270818,13,random,30,1,TP-GMM additive,True,,3.5760236599016935,0.012203800179307566,True,0.8973148079226279,0.9034571916493802,0.001215664298914029
moka_pot_on_stove,compound_support_subtask,20270818,13,random,30,1,TP-GMM SE(2),True,,2.7979071671143174,0.012304781400125678,True,0.8958149621145911,0.9056205415788713,0.0012440480476949647
moka_pot_on_stove,compound_support_subtask,20280818,9,qualified,15,0,TP-GMM additive,True,,1.4335582519415766,0.010651031981536581,True,0.9082028236830075,0.9132904519078278,0.001474711001452934
moka_pot_on_stove,compound_support_subtask,20280818,9,qualified,15,0,TP-GMM SE(2),True,,1.502162007149309,0.010008865790105608,True,0.9079251228834295,0.9180431834839367,0.0013290644722513008
moka_pot_on_stove,compound_support_subtask,20280818,8,random,15,2,TP-GMM additive,True,,1.8510872730985284,0.0018952401024975936,True,0.9491023900061457,0.9643046513053802,0.003183496105120658
moka_pot_on_stove,compound_support_subtask,20280818,8,random,15,2,TP-GMM SE(2),True,,1.4758730279281735,0.0016451290325978554,True,0.9511644532415181,0.9658169515995574,0.002562685082721315
moka_pot_on_stove,compound_support_subtask,20280818,13,random,30,1,TP-GMM additive,True,,1.9741512301843613,0.012203800179307566,True,0.8973148079226279,0.9034571916493802,0.001215664298914029
moka_pot_on_stove,compound_support_subtask,20280818,13,random,30,1,TP-GMM SE(2),True,,2.0402301871217787,0.012304781400125678,True,0.8958149621145911,0.9056205415788713,0.0012440480476949647
moka_pot_on_stove,compound_support_subtask,20280818,11,qualified,15,2,TP-GMM additive,True,,2.189599375007674,0.002312974493505671,True,0.9817946448364284,0.9757493393976537,0.002512791868365002
moka_pot_on_stove,compound_support_subtask,20280818,11,qualified,15,2,TP-GMM SE(2),True,,2.0485717449337244,0.0022899215727348638,True,0.9822320569117388,0.9740044556029968,0.002826901218150386
moka_pot_on_stove,compound_support_subtask,20280818,15,qualified,30,0,TP-GMM additive,True,,2.0262802499346435,0.003869816433261796,True,0.9852932582948143,0.8858581251089923,0.0015934705496301253
moka_pot_on_stove,compound_support_subtask,20280818,15,qualified,30,0,TP-GMM SE(2),True,,1.947163914097473,0.0012884792681176712,True,0.9756425491926068,0.964794256561631,0.006810671268231313
moka_pot_on_stove,compound_support_subtask,20270818,14,random,30,2,TP-GMM additive,True,,5.606051216833293,0.005123204845765586,True,0.9353261058811513,0.9612525330941236,0.018290233912195548
moka_pot_on_stove,compound_support_subtask,20270818,14,random,30,2,TP-GMM SE(2),True,,2.8410498450975865,0.007204937378312684,True,0.8970297740012317,0.9182750249185113,0.06572227895025669
moka_pot_on_stove,compound_support_subtask,20280818,10,qualified,15,1,TP-GMM additive,True,,2.7342945630662143,0.006609582233393736,True,0.938792361521168,0.9278694293594208,0.0019962694337393324
moka_pot_on_stove,compound_support_subtask,20280818,10,qualified,15,1,TP-GMM SE(2),True,,2.656979368068278,0.001552531606235718,True,0.9651923808791374,0.9567204470493917,0.0018557799341587787
moka_pot_on_stove,compound_support_subtask,20270818,12,random,30,0,TP-GMM additive,True,,5.37412149598822,0.003243730252188989,True,0.8923922076713858,0.9723495081497869,0.0014607587722969334
moka_pot_on_stove,compound_support_subtask,20270818,12,random,30,0,TP-GMM SE(2),True,,4.222476553870365,0.0029535346120339047,True,0.9029643770328694,0.9819708864918126,0.0014100372209975983
moka_pot_on_stove,compound_support_subtask,20270818,17,qualified,30,2,TP-GMM additive,True,,5.1745599107816815,0.003085462582168008,True,0.9676854990828265,0.9004007840651695,0.0013807209530496297
moka_pot_on_stove,compound_support_subtask,20270818,17,qualified,30,2,TP-GMM SE(2),True,,3.541804682929069,0.011131576368314588,True,0.8926003370035573,0.9190339068878248,0.0013314887928959076
moka_pot_on_stove,compound_support_subtask,20280818,16,qualified,30,1,TP-GMM additive,True,,2.2099530370905995,0.003130361141266999,True,0.9910951543724844,0.9011469064382042,0.001683772074777075
moka_pot_on_stove,compound_support_subtask,20280818,16,qualified,30,1,TP-GMM SE(2),True,,2.3452006180305034,0.0035362405900382227,True,0.9833951773991628,0.8946527373012575,0.0016256594410228036
moka_pot_on_stove,compound_support_subtask,20280818,12,random,30,0,TP-GMM additive,True,,3.8692424020264298,0.003243730252188989,True,0.8923922076713858,0.9723495081497869,0.0014607587722969334
moka_pot_on_stove,compound_support_subtask,20280818,12,random,30,0,TP-GMM SE(2),True,,1.990147358039394,0.0029535346120339047,True,0.9029643770328694,0.9819708864918126,0.0014100372209975983
moka_pot_on_stove,compound_support_subtask,20280818,17,qualified,30,2,TP-GMM additive,True,,2.560558047145605,0.003085462582168008,True,0.9676854990828265,0.9004007840651695,0.0013807209530496297
moka_pot_on_stove,compound_support_subtask,20280818,17,qualified,30,2,TP-GMM SE(2),True,,2.4093452119268477,0.011131576368314588,True,0.8926003370035573,0.9190339068878248,0.0013314887928959076
moka_pot_on_stove,compound_support_subtask,20280818,14,random,30,2,TP-GMM additive,True,,4.715520042926073,0.005123204845765586,True,0.9353261058811513,0.9612525330941236,0.018290233912195548
moka_pot_on_stove,compound_support_subtask,20280818,14,random,30,2,TP-GMM SE(2),True,,2.1256827330216765,0.007204937378312684,True,0.8970297740012317,0.9182750249185113,0.06572227895025669
